V,Cr,Ti,W,Zr,phases,slice_V,slice_Zr,temperature_k
0.92,0.0,0.0,0.075,0.005,"{""BCC_B2#1"": 0.9941747908441335, ""FCC_L12#1"": 0.0007365879725329016, ""HCP_A3#2"": 0.002132448365728771, ""HCP_A3#3"": 0.0029561728176049546}",0.92,0.005,773.0
0.9199999999999999,0.0,0.005,0.07,0.005,"{""BCC_B2#1"": 0.9942225559264576, ""FCC_L12#1"": 0.0007287953382255776, ""HCP_A3#1"": 0.0029336457261967945, ""HCP_A3#2"": 0.0021150030091203016}",0.92,0.005,773.0
0.92,0.0,0.01,0.065,0.005,"{""BCC_B2#1"": 0.9942718554841664, ""FCC_L12#1"": 0.0007209568787394252, ""HCP_A3#1"": 0.002910251568793581, ""HCP_A3#2"": 0.0020969360683003183}",0.92,0.005,773.0
0.92,0.0,0.015,0.06,0.005,"{""BCC_B2#1"": 0.9943226839752624, ""FCC_L12#1"": 0.000713074161071709, ""HCP_A3#1"": 0.0020782468189543806, ""HCP_A3#2"": 0.002885995044711613}",0.92,0.005,773.0
0.92,0.0,0.02,0.055,0.005,"{""BCC_B2#1"": 0.9943750338948358, ""FCC_L12#1"": 0.0007051487485739004, ""HCP_A3#1"": 0.002058934480742674, ""HCP_A3#2"": 0.0028608828758475294}",0.92,0.005,773.0
0.9199999999999999,0.0,0.025,0.05,0.005,"{""BCC_B2#1"": 0.9944288962458815, ""FCC_L12#1"": 0.0006971822127437176, ""HCP_A3#1"": 0.0028349241403114503, ""HCP_A3#2"": 0.002038997401063472}",0.92,0.005,773.0
0.92,0.0,0.03,0.045,0.005,"{""BCC_B2#1"": 0.9944842614981103, ""FCC_L12#1"": 0.0006891761472151877, ""HCP_A3#1"": 0.002018431711661751, ""HCP_A3#2"": 0.002808130643012893}",0.92,0.005,773.0
0.9199999999999999,0.0,0.035,0.04,0.005,"{""BCC_B2#1"": 0.9945411212853678, ""FCC_L12#1"": 0.00068113218561416, ""HCP_A3#1"": 0.002780517351829756, ""HCP_A3#2"": 0.001997229177188183}",0.92,0.005,773.0
0.9199999999999999,0.0,0.04,0.035,0.005,"{""BCC_B2#1"": 0.9945994712347198, ""FCC_L12#1"": 0.0006730520256888046, ""HCP_A3#1"": 0.00275210294240535, ""HCP_A3#2"": 0.001975373797185929}",0.92,0.005,773.0
0.92,0.0,0.045,0.03,0.005,"{""BCC_B2#1"": 0.9946593155445884, ""FCC_L12#1"": 0.0006649374632657219, ""HCP_A3#1"": 0.0027229105155192074, ""HCP_A3#2"": 0.0019528364766266432}",0.92,0.005,773.0
0.9199999999999999,0.0,0.05,0.025,0.005,"{""BCC_B2#1"": 0.9947206742760404, ""FCC_L12#1"": 0.0006567904412397417, ""HCP_A3#1"": 0.0026929685869471866, ""HCP_A3#2"": 0.0019295666957725758}",0.92,0.005,773.0
0.92,0.0,0.055,0.02,0.005,"{""BCC_B2#1"": 0.9947835948705216, ""FCC_L12#1"": 0.0006486131213598891, ""HCP_A3#1"": 0.0026623124883637765, ""HCP_A3#2"": 0.0019054795197547107}",0.92,0.005,773.0
0.92,0.0,0.06,0.015,0.005,"{""BCC_B2#1"": 0.9948481702340126, ""FCC_L12#1"": 0.0006404079900330089, ""HCP_A3#1"": 0.002630986385601892, ""HCP_A3#2"": 0.001880435390352452}",0.92,0.005,773.0
0.92,0.0,0.065,0.01,0.005,"{""BCC_B2#1"": 0.9949145669636703, ""FCC_L12#1"": 0.0006321780140515419, ""HCP_A3#1"": 0.0025990462008039224, ""HCP_A3#2"": 0.0018542088214743091}",0.92,0.005,773.0
0.9199999999999999,0.0,0.07,0.005,0.005,"{""BCC_B2#1"": 0.9949830690450626, ""FCC_L12#1"": 0.0006239268677391756, ""HCP_A3#2"": 0.0025665638160480403, ""HCP_A3#3"": 0.0018264402711500463}",0.92,0.005,773.0
0.92,0.0,0.075,0.0,0.005,"{""BCC_B2#1"": 0.9950541446202409, ""FCC_L12#1"": 0.0006156592580370918, ""HCP_A3#2"": 0.0025336330086807614, ""HCP_A3#3"": 0.001796563113041079}",0.92,0.005,773.0
0.9199999999999999,0.005,0.0,0.07,0.005,"{""BCC_B2#1"": 0.9942235127617229, ""FCC_L12#1"": 0.0007290328270406471, ""HCP_A3#1"": 0.0029323275869429814, ""HCP_A3#2"": 0.0021151268242931426}",0.92,0.005,773.0
0.92,0.005,0.005,0.065,0.005,"{""BCC_B2#1"": 0.9942726121335458, ""FCC_L12#1"": 0.0007211993308913686, ""HCP_A3#1"": 0.002909048754407834, ""HCP_A3#2"": 0.002097139781155146}",0.92,0.005,773.0
0.92,0.005,0.01,0.06,0.005,"{""BCC_B2#1"": 0.9943232414103533, ""FCC_L12#1"": 0.0007133212446490588, ""HCP_A3#1"": 0.0028849065756520543, ""HCP_A3#2"": 0.002078530769345546}",0.92,0.005,773.0
0.92,0.005,0.015,0.055,0.005,"{""BCC_B2#1"": 0.9943753921558685, ""FCC_L12#1"": 0.0007054001381011186, ""HCP_A3#1"": 0.0020593000840776203, ""HCP_A3#2"": 0.002859907621952725}",0.92,0.005,773.0
0.9199999999999999,0.005,0.02,0.05,0.005,"{""BCC_B2#1"": 0.9944290540210095, ""FCC_L12#1"": 0.0006974375831440149, ""HCP_A3#1"": 0.00283406068454527, ""HCP_A3#2"": 0.0020394477113013535}",0.92,0.005,773.0
0.92,0.005,0.025,0.045,0.005,"{""BCC_B2#1"": 0.9944842154292448, ""FCC_L12#1"": 0.0006894351661002184, ""HCP_A3#1"": 0.00280737710844783, ""HCP_A3#2"": 0.0020189722962072037}",0.92,0.005,773.0
0.92,0.005,0.03,0.04,0.005,"{""BCC_B2#1"": 0.9945408648542563, ""FCC_L12#1"": 0.0006813945028733029, ""HCP_A3#1"": 0.0027798711720548133, ""HCP_A3#2"": 0.0019978694708158717}",0.92,0.005,773.0
0.9199999999999999,0.005,0.035,0.035,0.005,"{""BCC_B2#1"": 0.9945989929998824, ""FCC_L12#1"": 0.000673317258880347, ""HCP_A3#1"": 0.0027515605464076866, ""HCP_A3#2"": 0.001976129194829454}",0.92,0.005,773.0
0.92,0.005,0.04,0.03,0.005,"{""BCC_B2#1"": 0.9946585963696356, ""FCC_L12#1"": 0.0006652051766003785, ""HCP_A3#1"": 0.0027224668851778613, ""HCP_A3#2"": 0.0019537315685859923}",0.92,0.005,773.0
0.92,0.005,0.045,0.025,0.005,"{""BCC_B2#1"": 0.9947196829918802, ""FCC_L12#1"": 0.0006570601149468884, ""HCP_A3#1"": 0.002692616621888058, ""HCP_A3#2"": 0.001930640271285007}",0.92,0.005,773.0
0.92,0.005,0.05,0.02,0.005,"{""BCC_B2#1"": 0.9947822814995394, ""FCC_L12#1"": 0.000648884106660925, ""HCP_A3#1"": 0.0026620420920852412, ""HCP_A3#2"": 0.0019067923017145108}",0.92,0.005,773.0
0.92,0.005,0.055,0.015,0.005,"{""BCC_B2#1"": 0.9948464554441118, ""FCC_L12#1"": 0.0006406794429392766, ""HCP_A3#1"": 0.0026307831431968704, ""HCP_A3#2"": 0.0018820819697522339}",0.92,0.005,773.0
0.92,0.005,0.06,0.01,0.005,"{""BCC_B2#1"": 0.9949123257409043, ""FCC_L12#1"": 0.0006324487985083146, ""HCP_A3#1"": 0.0025988894733916202, ""HCP_A3#2"": 0.0018563359871955915}",0.92,0.005,773.0
0.9199999999999999,0.005,0.065,0.005,0.005,"{""BCC_B2#1"": 0.9949801056441148, ""FCC_L12#1"": 0.0006241954156307898, ""HCP_A3#1"": 0.0025664240263047113, ""HCP_A3#2"": 0.0018292749139498853}",0.92,0.005,773.0
0.9199999999999999,0.005,0.07,0.0,0.005,"{""BCC_B2#1"": 0.9950501547172926, ""FCC_L12#1"": 0.0006159233713130606, ""HCP_A3#2"": 0.0025334678591159817, ""HCP_A3#3"": 0.0018004540522781989}",0.92,0.005,773.0
0.92,0.01,0.0,0.065,0.005,"{""BCC_B2#1"": 0.9942731728176369, ""FCC_L12#1"": 0.0007214486319174186, ""HCP_A3#1"": 0.0029079455754999002, ""HCP_A3#2"": 0.002097432974945722}",0.92,0.005,773.0
0.92,0.01,0.005,0.06,0.005,"{""BCC_B2#1"": 0.9943235919941145, ""FCC_L12#1"": 0.0007135754943741926, ""HCP_A3#1"": 0.002078908017786898, ""HCP_A3#2"": 0.0028839244937243305}",0.92,0.005,773.0
0.92,0.01,0.01,0.055,0.005,"{""BCC_B2#1"": 0.9943755336577217, ""FCC_L12#1"": 0.0007056590039287879, ""HCP_A3#1"": 0.0020597619104926, ""HCP_A3#2"": 0.0028590454278566617}",0.92,0.005,773.0
0.9199999999999999,0.01,0.015,0.05,0.005,"{""BCC_B2#1"": 0.9944289864383886, ""FCC_L12#1"": 0.0006977007357721797, ""HCP_A3#1"": 0.002039995900425711, ""HCP_A3#2"": 0.002833316925413299}",0.92,0.005,773.0
0.92,0.01,0.02,0.045,0.005,"{""BCC_B2#1"": 0.994483937203909, ""FCC_L12#1"": 0.0006897022729727674, ""HCP_A3#1"": 0.0028067499400870988, ""HCP_A3#2"": 0.0020196105830311865}",0.92,0.005,773.0
0.9199999999999999,0.01,0.025,0.04,0.005,"{""BCC_B2#1"": 0.9945403720022967, ""FCC_L12#1"": 0.0006816652195619687, ""HCP_A3#1"": 0.0027793581678083102, ""HCP_A3#2"": 0.0019986046103332425}",0.92,0.005,773.0
0.9199999999999999,0.01,0.03,0.035,0.005,"{""BCC_B2#1"": 0.9945982777243999, ""FCC_L12#1"": 0.0006735912171893745, ""HCP_A3#1"": 0.002751158439273913, ""HCP_A3#2"": 0.001976972619136987}",0.92,0.005,773.0
0.9199999999999999,0.01,0.035,0.03,0.005,"{""BCC_B2#1"": 0.9946576448702313, ""FCC_L12#1"": 0.0006654819676188491, ""HCP_A3#1"": 0.002722171209262014, ""HCP_A3#2"": 0.0019547019528878763}",0.92,0.005,773.0
0.9199999999999999,0.01,0.04,0.025,0.005,"{""BCC_B2#1"": 0.9947184720232862, ""FCC_L12#1"": 0.0006573392644261569, ""HCP_A3#1"": 0.0026924212032391668, ""HCP_A3#2"": 0.0019317675090483254}",0.92,0.005,773.0
0.92,0.01,0.045,0.02,0.005,"{""BCC_B2#1"": 0.9947807729832348, ""FCC_L12#1"": 0.0006491650388888013, ""HCP_A3#1"": 0.0026619383131330433, ""HCP_A3#2"": 0.0019081236647435001}",0.92,0.005,773.0
0.9199999999999999,0.01,0.05,0.015,0.005,"{""BCC_B2#1"": 0.9948445880478124, ""FCC_L12#1"": 0.0006409614274506923, ""HCP_A3#1"": 0.0026307588795673152, ""HCP_A3#2"": 0.0018836916451694633}",0.92,0.005,773.0
0.92,0.01,0.055,0.01,0.005,"{""BCC_B2#1"": 0.9949100017742855, ""FCC_L12#1"": 0.0006327308716575681, ""HCP_A3#1"": 0.002598927552485527, ""HCP_A3#2"": 0.001858339801571805}",0.92,0.005,773.0
0.92,0.01,0.06,0.005,0.005,"{""BCC_B2#1"": 0.9949771707978438, ""FCC_L12#1"": 0.0006244762660547973, ""HCP_A3#1"": 0.0025665000093078928, ""HCP_A3#2"": 0.0018318529267937187}",0.92,0.005,773.0
0.92,0.01,0.065,0.0,0.005,"{""BCC_B2#1"": 0.9950463670891455, ""FCC_L12#1"": 0.0006162011753176186, ""HCP_A3#1"": 0.0025335468995401384, ""HCP_A3#2"": 0.0018038848359967306}",0.92,0.005,773.0
0.92,0.015,0.0,0.06,0.005,"{""BCC_B2#1"": 0.9943237445208333, ""FCC_L12#1"": 0.0007138367304928232, ""HCP_A3#1"": 0.002079376276715793, ""HCP_A3#2"": 0.002883042471958425}",0.92,0.005,773.0
0.92,0.015,0.005,0.055,0.005,"{""BCC_B2#1"": 0.9943754667195059, ""FCC_L12#1"": 0.0007059251664726272, ""HCP_A3#1"": 0.0020603181889653406, ""HCP_A3#2"": 0.0028582899250560005}",0.92,0.005,773.0
0.9199999999999999,0.015,0.01,0.05,0.005,"{""BCC_B2#1"": 0.9944287011559546, ""FCC_L12#1"": 0.0006979714891881311, ""HCP_A3#1"": 0.0020406409362991335, ""HCP_A3#2"": 0.00283268641855811}",0.92,0.005,773.0
0.92,0.015,0.015,0.045,0.005,"{""BCC_B2#1"": 0.9944834335395106, ""FCC_L12#1"": 0.000689977281766741, ""HCP_A3#1"": 0.002806242567141839, ""HCP_A3#2"": 0.0020203466115808737}",0.92,0.005,773.0
0.9199999999999999,0.015,0.02,0.04,0.005,"{""BCC_B2#1"": 0.9945396480853228, ""FCC_L12#1"": 0.0006819441410872813, ""HCP_A3#1"": 0.00277897156689356, ""HCP_A3#2"": 0.0019994362066961093}",0.92,0.005,773.0
0.9199999999999999,0.015,0.025,0.035,0.005,"{""BCC_B2#1"": 0.9945973287650567, ""FCC_L12#1"": 0.0006738736919044163, ""HCP_A3#1"": 0.00275088953635435, ""HCP_A3#2"": 0.001977908006684158}",0.92,0.005,773.0
0.92,0.015,0.03,0.03,0.005,"{""BCC_B2#1"": 0.9946564614348665, ""FCC_L12#1"": 0.0006657676053880811, ""HCP_A3#1"": 0.0027220159270725255, ""HCP_A3#2"": 0.0019557550326733033}",0.92,0.005,773.0
0.9199999999999999,0.015,0.035,0.025,0.005,"{""BCC_B2#1"": 0.9947170373151387, ""FCC_L12#1"": 0.0006576276247548174, ""HCP_A3#1"": 0.002692374051684047, ""HCP_A3#2"": 0.001932961008422348}",0.92,0.005,773.0
0.92,0.015,0.04,0.02,0.005,"{""BCC_B2#1"": 0.9947790585715545, ""FCC_L12#1"": 0.0006494556019799226, ""HCP_A3#1"": 0.002661991801187971, ""HCP_A3#2"": 0.0019094940252775473}",0.92,0.005,773.0
0.92,0.015,0.045,0.015,0.005,"{""BCC_B2#1"": 0.9948425471760328, ""FCC_L12#1"": 0.0006412535515107526, ""HCP_A3#1"": 0.0026309026618456612, ""HCP_A3#2"": 0.001885296610610992}",0.92,0.005,773.0
0.92,0.015,0.05,0.01,0.005,"{""BCC_B2#1"": 0.994907558900518, ""FCC_L12#1"": 0.0006330237297757988, ""HCP_A3#1"": 0.002599147190330325, ""HCP_A3#2"": 0.0018602701793758501}",0.92,0.005,773.0
0.9199999999999999,0.015,0.055,0.005,0.005,"{""BCC_B2#1"": 0.9949742053257652, ""FCC_L12#1"": 0.0006247687533176186, ""HCP_A3#1"": 0.0025667751738427357, ""HCP_A3#2"": 0.0018342507470743747}",0.92,0.005,773.0
0.92,0.015,0.06,0.0,0.005,"{""BCC_B2#1"": 0.9950426882677095, ""FCC_L12#1"": 0.0006164917736044083, ""HCP_A3#1"": 0.0025338487941019812, ""HCP_A3#2"": 0.0018069711645842014}",0.92,0.005,773.0
0.92,0.02,0.0,0.055,0.005,"{""BCC_B2#1"": 0.9943752001462156, ""FCC_L12#1"": 0.00070619844015119, ""HCP_A3#1"": 0.0020609667807692856, ""HCP_A3#2"": 0.0028576346328640398}",0.92,0.005,773.0
0.9199999999999999,0.02,0.005,0.05,0.005,"{""BCC_B2#1"": 0.9944282063994825, ""FCC_L12#1"": 0.0006982496575509124, ""HCP_A3#1"": 0.0020413812980560504, ""HCP_A3#2"": 0.002832162644910575}",0.92,0.005,773.0
0.92,0.02,0.01,0.045,0.005,"{""BCC_B2#1"": 0.9944827118550638, ""FCC_L12#1"": 0.0006902600041061134, ""HCP_A3#1"": 0.002805848393181347, ""HCP_A3#2"": 0.002021179747648882}",0.92,0.005,773.0
0.9199999999999999,0.02,0.015,0.04,0.005,"{""BCC_B2#1"": 0.9945386993735079, ""FCC_L12#1"": 0.0006822310733667419, ""HCP_A3#1"": 0.0027787046371466288, ""HCP_A3#2"": 0.0020003649159785857}",0.92,0.005,773.0
0.9199999999999999,0.02,0.02,0.035,0.005,"{""BCC_B2#1"": 0.9945961507261907, ""FCC_L12#1"": 0.0006741644787110377, ""HCP_A3#1"": 0.0027507468824289802, ""HCP_A3#2"": 0.001978937912669457}",0.92,0.005,773.0
0.92,0.02,0.025,0.03,0.005,"{""BCC_B2#1"": 0.9946550482165296, ""FCC_L12#1"": 0.0006660618688144226, ""HCP_A3#1"": 0.00272199373047605, ""HCP_A3#2"": 0.0019568961841802215}",0.92,0.005,773.0
0.9199999999999999,0.02,0.03,0.025,0.005,"{""BCC_B2#1"": 0.9947153773713087, ""FCC_L12#1"": 0.0006579249485207877, ""HCP_A3#1"": 0.0026924673136264525, ""HCP_A3#2"": 0.0019342303665442736}",0.92,0.005,773.0
0.9199999999999999,0.02,0.035,0.02,0.005,"{""BCC_B2#1"": 0.9947771312895091, ""FCC_L12#1"": 0.000649755508282677, ""HCP_A3#1"": 0.0026621938727330874, ""HCP_A3#2"": 0.0019109193294754789}",0.92,0.005,773.0
0.92,0.02,0.04,0.015,0.005,"{""BCC_B2#1"": 0.9948403175781697, ""FCC_L12#1"": 0.0006415554669128787, ""HCP_A3#1"": 0.00263120456240907, ""HCP_A3#2"": 0.0018869223925084778}",0.92,0.005,773.0
0.92,0.02,0.045,0.01,0.005,"{""BCC_B2#1"": 0.9949049693369317, ""FCC_L12#1"": 0.0006333269346725279, ""HCP_A3#1"": 0.0025995366155796727, ""HCP_A3#2"": 0.001862167112815995}",0.92,0.005,773.0
0.9199999999999999,0.02,0.05,0.005,0.005,"{""BCC_B2#1"": 0.9949711624903483, ""FCC_L12#1"": 0.000625072307146215, ""HCP_A3#1"": 0.002567235050570788, ""HCP_A3#2"": 0.001836530151934863}",0.92,0.005,773.0
0.92,0.02,0.055,0.0,0.005,"{""BCC_B2#1"": 0.9950390430239856, ""FCC_L12#1"": 0.0006167944049355013, ""HCP_A3#1"": 0.002534355186572, ""HCP_A3#2"": 0.0018098073845070031}",0.92,0.005,773.0
0.9199999999999999,0.025,0.0,0.05,0.005,"{""BCC_B2#1"": 0.9938516963983344, ""C15_LAVES#1"": 0.0006838015154946864, ""FCC_L12#1"": 0.0006956153938120069, ""HCP_A3#1"": 0.0019986703988727436, ""HCP_A3#2"": 0.0027702162934860656}",0.92,0.005,773.0
0.92,0.025,0.005,0.045,0.005,"{""BCC_B2#1"": 0.9939480262107073, ""C15_LAVES#1"": 0.0006297039387688705, ""FCC_L12#1"": 0.0006879858883724918, ""HCP_A3#1"": 0.001983363079596037, ""HCP_A3#2"": 0.0027509208825550946}",0.92,0.005,773.0
0.9199999999999999,0.025,0.01,0.04,0.005,"{""BCC_B2#1"": 0.994059185813906, ""C15_LAVES#1"": 0.0005607072969465537, ""FCC_L12#1"": 0.0006803497228302545, ""HCP_A3#1"": 0.002731672846943961, ""HCP_A3#2"": 0.001968084319373217}",0.92,0.005,773.0
0.9199999999999999,0.025,0.015,0.035,0.005,"{""BCC_B2#1"": 0.9941865429291493, ""C15_LAVES#1"": 0.0004754689853232966, ""FCC_L12#1"": 0.0006727062505471626, ""HCP_A3#1"": 0.0027124607843622014, ""HCP_A3#2"": 0.0019528210506179432}",0.92,0.005,773.0
0.92,0.025,0.02,0.03,0.005,"{""BCC_B2#1"": 0.9943316024380193, ""C15_LAVES#1"": 0.0003725124176300205, ""FCC_L12#1"": 0.0006650548316120687, ""HCP_A3#1"": 0.0026932730566256104, ""HCP_A3#2"": 0.0019375572561131534}",0.92,0.005,773.0
0.9199999999999999,0.025,0.025,0.025,0.005,"{""BCC_B2#1"": 0.9944960207534818, ""C15_LAVES#1"": 0.00025021369810757885, ""FCC_L12#1"": 0.0006573948343726814, ""HCP_A3#1"": 0.0026740977723067397, ""HCP_A3#2"": 0.001922272941731238}",0.92,0.005,773.0
0.92,0.025,0.03,0.02,0.005,"{""BCC_B2#1"": 0.9946816214797116, ""C15_LAVES#1"": 0.00010678738403059172, ""FCC_L12#1"": 0.0006497256373110911, ""HCP_A3#1"": 0.0026549227670707976, ""HCP_A3#2"": 0.0019069427318762545}",0.92,0.005,773.0
0.9199999999999999,0.025,0.035,0.015,0.005,"{""BCC_B2#1"": 0.994837888654714, ""FCC_L12#1"": 0.0006418668602182548, ""HCP_A3#1"": 0.0026316554388186534, ""HCP_A3#2"": 0.0018885890462492525}",0.92,0.005,773.0
0.92,0.025,0.04,0.01,0.005,"{""BCC_B2#1"": 0.994902212252615, ""FCC_L12#1"": 0.0006336401010785639, ""HCP_A3#1"": 0.0026000852338946725, ""HCP_A3#2"": 0.0018640624124117197}",0.92,0.005,773.0
0.9199999999999999,0.025,0.045,0.005,0.005,"{""BCC_B2#1"": 0.9949680059403718, ""FCC_L12#1"": 0.0006253864356058897, ""HCP_A3#1"": 0.0025678668910920667, ""HCP_A3#2"": 0.0018387407329303576}",0.92,0.005,773.0
0.9199999999999999,0.025,0.05,0.0,0.005,"{""BCC_B2#1"": 0.9950353715286359, ""FCC_L12#1"": 0.0006171084211368974, ""HCP_A3#1"": 0.002535050180652269, ""HCP_A3#2"": 0.0018124698695750837}",0.92,0.005,773.0
0.92,0.03,0.0,0.045,0.005,"{""BCC_B2#1"": 0.993405903124701, ""C15_LAVES#1"": 0.001273432376786326, ""FCC_L12#1"": 0.0006853272173572704, ""HCP_A3#1"": 0.0019432592423837402, ""HCP_A3#2"": 0.002692078038771486}",0.92,0.005,773.0
0.92,0.03,0.005,0.04,0.005,"{""BCC_B2#1"": 0.9934890359180395, ""C15_LAVES#1"": 0.0012324458942516363, ""FCC_L12#1"": 0.0006777351185539654, ""HCP_A3#1"": 0.002672888967860681, ""HCP_A3#2"": 0.0019278941012940971}",0.92,0.005,773.0
0.9199999999999999,0.03,0.01,0.035,0.005,"{""BCC_B2#1"": 0.9935864442922926, ""C15_LAVES#1"": 0.0011771281283085827, ""FCC_L12#1"": 0.000670136898323574, ""HCP_A3#1"": 0.002653744834924076, ""HCP_A3#2"": 0.001912545846150958}",0.92,0.005,773.0
0.92,0.03,0.015,0.03,0.005,"{""BCC_B2#1"": 0.9936994636489235, ""C15_LAVES#1"": 0.001106173102811627, ""FCC_L12#1"": 0.0006625318983574413, ""HCP_A3#1"": 0.0026346343803258033, ""HCP_A3#2"": 0.0018971969695817249}",0.92,0.005,773.0
0.9199999999999999,0.03,0.02,0.025,0.005,"{""BCC_B2#1"": 0.9938295656246587, ""C15_LAVES#1"": 0.0010181434443100785, ""FCC_L12#1"": 0.0006549194656363344, ""HCP_A3#1"": 0.0026155461581402585, ""HCP_A3#2"": 0.001881825307254312}",0.92,0.005,773.0
0.92,0.03,0.025,0.02,0.005,"{""BCC_B2#1"": 0.9939783723933672, ""C15_LAVES#1"": 0.0009114577281462169, ""FCC_L12#1"": 0.0006472989542177515, ""HCP_A3#1"": 0.002596468522302508, ""HCP_A3#2"": 0.0018664024019665725}",0.92,0.005,773.0
0.92,0.03,0.03,0.015,0.005,"{""BCC_B2#1"": 0.9941476720855904, ""C15_LAVES#1"": 0.0007843773011785848, ""FCC_L12#1"": 0.0006396697275213078, ""HCP_A3#1"": 0.0025773896092125413, ""HCP_A3#2"": 0.0018508912764971842}",0.92,0.005,773.0
0.92,0.03,0.035,0.01,0.005,"{""BCC_B2#1"": 0.9943394352892154, ""C15_LAVES#1"": 0.000634992831184433, ""FCC_L12#1"": 0.0006320311612740246, ""HCP_A3#1"": 0.002558297318170024, ""HCP_A3#2"": 0.0018352434001560217}",0.92,0.005,773.0
0.9199999999999999,0.03,0.04,0.005,0.005,"{""BCC_B2#1"": 0.9945558325292458, ""C15_LAVES#1"": 0.0004612109781541357, ""FCC_L12#1"": 0.0006243826473363557, ""HCP_A3#1"": 0.0025391792896773385, ""HCP_A3#2"": 0.0018193945555860385}",0.92,0.005,773.0
0.92,0.03,0.045,0.0,0.005,"{""BCC_B2#1"": 0.9947992525309974, ""C15_LAVES#1"": 0.00026074178311270586, ""FCC_L12#1"": 0.000616723598706313, ""HCP_A3#1"": 0.0025200228819584067, ""HCP_A3#2"": 0.0018032592052251053}",0.92,0.005,773.0
0.9199999999999999,0.035,0.0,0.04,0.005,"{""BCC_B2#1"": 0.993051430486681, ""C15_LAVES#1"": 0.0017529045869833474, ""FCC_L12#1"": 0.0006754832476993784, ""HCP_A3#1"": 0.0018955351971391967, ""HCP_A3#2"": 0.0026246464814973446}",0.92,0.005,773.0
0.9199999999999999,0.035,0.005,0.035,0.005,"{""BCC_B2#1"": 0.9931243528747781, ""C15_LAVES#1"": 0.0017220893364361684, ""FCC_L12#1"": 0.000667920334181394, ""HCP_A3#1"": 0.001880091205535315, ""HCP_A3#2"": 0.0026055462490687546}",0.92,0.005,773.0
0.9199999999999999,0.035,0.01,0.03,0.005,"{""BCC_B2#1"": 0.9932111777657741, ""C15_LAVES#1"": 0.0016773386479240577, ""FCC_L12#1"": 0.0006603516918547682, ""HCP_A3#1"": 0.0018646448100158042, ""HCP_A3#2"": 0.00258648708443097}",0.92,0.005,773.0
0.9199999999999999,0.035,0.015,0.025,0.005,"{""BCC_B2#1"": 0.9933132153055562, ""C15_LAVES#1"": 0.0016173785014986, ""FCC_L12#1"": 0.000652776658464337, ""HCP_A3#1"": 0.0018491718003042586, ""HCP_A3#2"": 0.002567457734176504}",0.92,0.005,773.0
0.9199999999999999,0.035,0.02,0.02,0.005,"{""BCC_B2#1"": 0.9934319107231812, ""C15_LAVES#1"": 0.0015408070297883683, ""FCC_L12#1"": 0.0006451945766200489, ""HCP_A3#1"": 0.001833640863386483, ""HCP_A3#2"": 0.0025484468070241495}",0.92,0.005,773.0
0.9199999999999999,0.035,0.025,0.015,0.005,"{""BCC_B2#1"": 0.9935688583553502, ""C15_LAVES#1"": 0.0014460829941099007, ""FCC_L12#1"": 0.0006376047959802997, ""HCP_A3#1"": 0.0025294427622310363, ""HCP_A3#2"": 0.0018180110923285485}",0.92,0.005,773.0
0.92,0.035,0.03,0.01,0.005,"{""BCC_B2#1"": 0.9937258165364143, ""C15_LAVES#1"": 0.0013315142842365802, ""FCC_L12#1"": 0.0006300066761286172, ""HCP_A3#1"": 0.0025104338949536544, ""HCP_A3#2"": 0.0018022286082666704}",0.92,0.005,773.0
0.9199999999999999,0.035,0.035,0.005,0.005,"{""BCC_B2#1"": 0.9939047232067364, ""C15_LAVES#1"": 0.0011952469049421432, ""FCC_L12#1"": 0.0006223995903746485, ""HCP_A3#1"": 0.0024914083188048055, ""HCP_A3#2"": 0.0017862219791421783}",0.92,0.005,773.0
0.9199999999999999,0.035,0.04,0.0,0.005,"{""BCC_B2#1"": 0.9941077119886137, ""C15_LAVES#1"": 0.0010352551290738756, ""FCC_L12#1"": 0.0006147829307866076, ""HCP_A3#1"": 0.0017698960056415074, ""HCP_A3#2"": 0.0024723539458843774}",0.92,0.005,773.0
0.9199999999999999,0.04,0.0,0.035,0.005,"{""BCC_B2#1"": 0.9927618855781277, ""C15_LAVES#1"": 0.0021538024180690466, ""FCC_L12#1"": 0.0006659905093091696, ""HCP_A3#1"": 0.0018533128418013875, ""HCP_A3#2"": 0.002565008652692941}",0.92,0.005,773.0
0.92,0.04,0.005,0.03,0.005,"{""BCC_B2#1"": 0.9928267817336626, ""C15_LAVES#1"": 0.0021310225606549155, ""FCC_L12#1"": 0.0006584505074094908, ""HCP_A3#1"": 0.001837763715327531, ""HCP_A3#2"": 0.002545981482945409}",0.92,0.005,773.0
0.9199999999999999,0.04,0.01,0.025,0.005,"{""BCC_B2#1"": 0.992905345191376, ""C15_LAVES#1"": 0.002094575166663718, ""FCC_L12#1"": 0.0006509050582821256, ""HCP_A3#1"": 0.0018221839497840984, ""HCP_A3#2"": 0.00252699063389414}",0.92,0.005,773.0
0.92,0.04,0.015,0.02,0.005,"{""BCC_B2#1"": 0.9929988657978099, ""C15_LAVES#1"": 0.0020432161636103623, ""FCC_L12#1"": 0.0006433535010411586, ""HCP_A3#1"": 0.001806539785350302, ""HCP_A3#2"": 0.002508024752188056}",0.92,0.005,773.0
0.92,0.04,0.02,0.015,0.005,"{""BCC_B2#1"": 0.9931087668445652, ""C15_LAVES#1"": 0.001975578604444187, ""FCC_L12#1"": 0.0006357951802486142, ""HCP_A3#1"": 0.0017907869760122117, ""HCP_A3#2"": 0.0024890723947295543}",0.92,0.005,773.0
0.92,0.04,0.025,0.01,0.005,"{""BCC_B2#1"": 0.9932366185267143, ""C15_LAVES#1"": 0.0018901628725379494, ""FCC_L12#1"": 0.0006282294486593574, ""HCP_A3#1"": 0.0024701220196693217, ""HCP_A3#2"": 0.0017748671324191582}",0.92,0.005,773.0
0.9199999999999999,0.04,0.03,0.005,0.005,"{""BCC_B2#1"": 0.9933841519026998, ""C15_LAVES#1"": 0.0017853276719142972, ""FCC_L12#1"": 0.0006206556709078164, ""HCP_A3#1"": 0.0017587027806301866, ""HCP_A3#2"": 0.0024511619738480294}",0.92,0.005,773.0
0.9199999999999999,0.04,0.035,0.0,0.005,"{""BCC_B2#1"": 0.99355327306238, ""C15_LAVES#1"": 0.001659282546334672, ""FCC_L12#1"": 0.0006130732284485979, ""HCP_A3#1"": 0.0024321804769016305, ""HCP_A3#2"": 0.001742190685935399}",0.92,0.005,773.0
0.92,0.045,0.0,0.03,0.005,"{""BCC_B2#1"": 0.9925201099067057, ""C15_LAVES#1"": 0.0024967215149658993, ""FCC_L12#1"": 0.0006567802417777922, ""HCP_A3#1"": 0.0018151529026482853, ""HCP_A3#2"": 0.002511235433902628}",0.92,0.005,773.0
0.92,0.045,0.005,0.025,0.005,"{""BCC_B2#1"": 0.9925786344001664, ""C15_LAVES#1"": 0.0024803721482653898, ""FCC_L12#1"": 0.0006492582874542272, ""HCP_A3#1"": 0.0017994669832012025, ""HCP_A3#2"": 0.002492268180913135}",0.92,0.005,773.0
0.92,0.045,0.01,0.02,0.005,"{""BCC_B2#1"": 0.9926506976265588, ""C15_LAVES#1"": 0.00245052793014134, ""FCC_L12#1"": 0.0006417310820169814, ""HCP_A3#1"": 0.0017837114023114351, ""HCP_A3#2"": 0.002473331958971379}",0.92,0.005,773.0
0.92,0.045,0.015,0.015,0.005,"{""BCC_B2#1"": 0.9927375723184351, ""C15_LAVES#1"": 0.0024059751769711585, ""FCC_L12#1"": 0.0006341979697483789, ""HCP_A3#1"": 0.0024544152269613245, ""HCP_A3#2"": 0.0017678393078845171}",0.92,0.005,773.0
0.92,0.045,0.02,0.01,0.005,"{""BCC_B2#1"": 0.9928406622581839, ""C15_LAVES#1"": 0.0023453842280332263, ""FCC_L12#1"": 0.0006266583019852544, ""HCP_A3#1"": 0.002435506402914691, ""HCP_A3#2"": 0.0017517888088828398}",0.92,0.005,773.0
0.9199999999999999,0.045,0.025,0.005,0.005,"{""BCC_B2#1"": 0.9929615147931625, ""C15_LAVES#1"": 0.002267302141618845, ""FCC_L12#1"": 0.0006191114406262547, ""HCP_A3#1"": 0.002416593857049783, ""HCP_A3#2"": 0.0017354777675425415}",0.92,0.005,773.0
0.92,0.045,0.03,0.0,0.005,"{""BCC_B2#1"": 0.9931018333478772, ""C15_LAVES#1"": 0.00217014720346818, ""FCC_L12#1"": 0.0006115567628830821, ""HCP_A3#1"": 0.0017187967851722032, ""HCP_A3#2"": 0.0023976659005996415}",0.92,0.005,773.0
0.9199999999999999,0.05,0.0,0.025,0.005,"{""BCC_B2#1"": 0.9903390561711815, ""C15_LAVES#1"": 0.005777134029801176, ""FCC_L12#1"": 0.0006491815182904852, ""HCP_A3#2"": 0.0024696841864228682, ""ZRO2_MONO#1"": 0.0007649440943041739}",0.92,0.005,773.0
0.92,0.05,0.005,0.02,0.005,"{""BCC_B2#1"": 0.9916478874094901, ""C15_LAVES#1"": 0.0038722536148938264, ""FCC_L12#1"": 0.0006407927103665896, ""HCP_A3#1"": 0.0011146798630425894, ""HCP_A3#2"": 0.0024458644017129913, ""ZRO2_MONO#1"": 0.00027852200049424485}",0.92,0.005,773.0
0.9199999999999999,0.05,0.01,0.015,0.005,"{""BCC_B2#1"": 0.9924348657337391, ""C15_LAVES#1"": 0.002759955825286285, ""FCC_L12#1"": 0.0006327797842182107, ""HCP_A3#1"": 0.0017482172899195316, ""HCP_A3#2"": 0.002424181366837103}",0.92,0.005,773.0
0.92,0.05,0.015,0.01,0.005,"{""BCC_B2#1"": 0.9925165507385026, ""C15_LAVES#1"": 0.0027208372636342805, ""FCC_L12#1"": 0.000625261156017953, ""HCP_A3#1"": 0.0024053022525901166, ""HCP_A3#2"": 0.0017320485892551266}",0.92,0.005,773.0
0.9199999999999999,0.05,0.02,0.005,0.005,"{""BCC_B2#1"": 0.9926143707614777, ""C15_LAVES#1"": 0.0026658596919748156, ""FCC_L12#1"": 0.0006177361212845192, ""HCP_A3#1"": 0.0023864249426643275, ""HCP_A3#2"": 0.0017156084825987402}",0.92,0.005,773.0
0.9199999999999999,0.05,0.025,0.0,0.005,"{""BCC_B2#1"": 0.9927298492675044, ""C15_LAVES#1"": 0.002593625646995373, ""FCC_L12#1"": 0.0006102040563875753, ""HCP_A3#1"": 0.0016987833835761966, ""HCP_A3#2"": 0.002367537645536384}",0.92,0.005,773.0
0.92,0.055,0.0,0.02,0.005,"{""BCC_B2#1"": 0.990201605666282, ""C15_LAVES#1"": 0.005979475664535588, ""FCC_L12#1"": 0.0006403151710650491, ""HCP_A3#2"": 0.0024229188375403245, ""ZRO2_MONO#1"": 0.0007556846605774829}",0.92,0.005,773.0
0.92,0.055,0.005,0.015,0.005,"{""BCC_B2#1"": 0.9902686853203936, ""C15_LAVES#1"": 0.005948706828865627, ""FCC_L12#1"": 0.000632802196975595, ""HCP_A3#2"": 0.0024040217532499113, ""ZRO2_MONO#1"": 0.0007457839005155661}",0.92,0.005,773.0
0.92,0.055,0.01,0.01,0.005,"{""BCC_B2#1"": 0.9903494554220764, ""C15_LAVES#1"": 0.005904357324125527, ""FCC_L12#1"": 0.000625284302894112, ""HCP_A3#2"": 0.0023851703783811093, ""ZRO2_MONO#1"": 0.0007357325725226854}",0.92,0.005,773.0
0.9199999999999999,0.055,0.015,0.005,0.005,"{""BCC_B2#1"": 0.992326829786831, ""C15_LAVES#1"": 0.0029985099675751735, ""FCC_L12#1"": 0.000616505204981948, ""HCP_A3#1"": 0.00235973590796345, ""HCP_A3#2"": 0.001698419132648174}",0.92,0.005,773.0
0.92,0.055,0.02,0.0,0.005,"{""BCC_B2#1"": 0.9924205977313074, ""C15_LAVES#1"": 0.002948052113072027, ""FCC_L12#1"": 0.0006089915945854402, ""HCP_A3#1"": 0.0016814781800575005, ""HCP_A3#2"": 0.002340880380977809}",0.92,0.005,773.0
0.92,0.06,0.0,0.015,0.005,"{""BCC_B2#1"": 0.9900838276856136, ""C15_LAVES#1"": 0.006158934536444566, ""FCC_L12#1"": 0.0006316175075673792, ""HCP_A3#2"": 0.00237925245271472, ""ZRO2_MONO#1"": 0.0007463678176598239}",0.92,0.005,773.0
0.92,0.06,0.005,0.01,0.005,"{""BCC_B2#1"": 0.9901480064804138, ""C15_LAVES#1"": 0.0061310979915772355, ""FCC_L12#1"": 0.0006241140367175122, ""HCP_A3#2"": 0.0023603731910638603, ""ZRO2_MONO#1"": 0.0007364083002275823}",0.92,0.005,773.0
0.92,0.06,0.01,0.005,0.005,"{""BCC_B2#1"": 0.9902260183696115, ""C15_LAVES#1"": 0.006089579506394109, ""FCC_L12#1"": 0.0006166056255625883, ""HCP_A3#2"": 0.002341529146729561, ""ZRO2_MONO#1"": 0.0007262673517023225}",0.92,0.005,773.0
0.92,0.06,0.015,0.0,0.005,"{""BCC_B2#1"": 0.9903192351833883, ""C15_LAVES#1"": 0.006033099931470606, ""FCC_L12#1"": 0.0006090915757000955, ""HCP_A3#2"": 0.0023227115233868403, ""ZRO2_MONO#1"": 0.0007158617860542251}",0.92,0.005,773.0
0.92,0.065,0.0,0.01,0.005,"{""BCC_B2#1"": 0.9899818862636046, ""C15_LAVES#1"": 0.006319961573967852, ""FCC_L12#1"": 0.0006230615082241333, ""HCP_A3#2"": 0.002338090416808663, ""ZRO2_MONO#1"": 0.0007370002373945987}",0.92,0.005,773.0
0.9199999999999999,0.065,0.005,0.005,0.005,"{""BCC_B2#1"": 0.9900439476337576, ""C15_LAVES#1"": 0.006294293610570032, ""FCC_L12#1"": 0.000615565286458244, ""HCP_A3#2"": 0.0023192278390074023, ""ZRO2_MONO#1"": 0.0007269656302066809}",0.92,0.005,773.0
0.92,0.065,0.01,0.0,0.005,"{""BCC_B2#1"": 0.9901200482794171, ""C15_LAVES#1"": 0.006254784745721378, ""FCC_L12#1"": 0.0006080640637964126, ""HCP_A3#2"": 0.002300391006606511, ""ZRO2_MONO#1"": 0.0007167119044584941}",0.92,0.005,773.0
0.9199999999999999,0.07,0.0,0.005,0.005,"{""BCC_B2#1"": 0.9898929237143597, ""C15_LAVES#1"": 0.006465886578935647, ""FCC_L12#1"": 0.0006146253849825568, ""HCP_A3#2"": 0.0022989810513106093, ""ZRO2_MONO#1"": 0.0007275832704115522}",0.92,0.005,773.0
0.9199999999999999,0.07,0.005,0.0,0.005,"{""BCC_B2#1"": 0.989953542213701, ""C15_LAVES#1"": 0.006441734931005233, ""FCC_L12#1"": 0.0006071345314224753, ""HCP_A3#2"": 0.0022801328834846763, ""ZRO2_MONO#1"": 0.0007174554403867249}",0.92,0.005,773.0
0.92,0.075,0.0,0.0,0.005,"{""BCC_B2#1"": 0.989814772263177, ""C15_LAVES#1"": 0.0065992476840641134, ""FCC_L12#1"": 0.0006062913654331769, ""HCP_A3#2"": 0.0022615739703191876, ""ZRO2_MONO#1"": 0.0007181147170067093}",0.92,0.005,773.0
0.92,0.0,0.0,0.075,0.005,"{""BCC_B2#1"": 0.9943239851446417, ""FCC_L12#1"": 0.0007334705930418257, ""HCP_A3#2"": 0.002866045717709803, ""HCP_A3#3"": 0.0020764985446069294}",0.92,0.005,823.0
0.9199999999999999,0.0,0.005,0.07,0.005,"{""BCC_B2#1"": 0.9943743663712556, ""FCC_L12#1"": 0.00072562567602249, ""HCP_A3#2"": 0.00284219157402463, ""HCP_A3#3"": 0.0020578163786969575}",0.92,0.005,823.0
0.92,0.0,0.01,0.065,0.005,"{""BCC_B2#1"": 0.9944260774407508, ""FCC_L12#1"": 0.0007177396466514486, ""HCP_A3#1"": 0.002038572811963156, ""HCP_A3#2"": 0.0028176101006347222}",0.92,0.005,823.0
0.92,0.0,0.015,0.06,0.005,"{""BCC_B2#1"": 0.9944791123814397, ""FCC_L12#1"": 0.0007098142791709313, ""HCP_A3#1"": 0.0020187571105592427, ""HCP_A3#2"": 0.002792316228829888}",0.92,0.005,823.0
0.92,0.0,0.02,0.055,0.005,"{""BCC_B2#1"": 0.9945334711116027, ""FCC_L12#1"": 0.0007018513833880706, ""HCP_A3#1"": 0.0019983502813193397, ""HCP_A3#2"": 0.002766327223689759}",0.92,0.005,823.0
0.9199999999999999,0.0,0.025,0.05,0.005,"{""BCC_B2#1"": 0.994589163389159, ""FCC_L12#1"": 0.0006938528391656301, ""HCP_A3#1"": 0.0027396632939426335, ""HCP_A3#2"": 0.001977320477732541}",0.92,0.005,823.0
0.92,0.0,0.03,0.045,0.005,"{""BCC_B2#1"": 0.9946462148817891, ""FCC_L12#1"": 0.0006858206430467078, ""HCP_A3#1"": 0.001955616077338441, ""HCP_A3#2"": 0.0027123483978257136}",0.92,0.005,823.0
0.9199999999999999,0.0,0.035,0.04,0.005,"{""BCC_B2#1"": 0.9947046764101481, ""FCC_L12#1"": 0.0006777569729051966, ""HCP_A3#1"": 0.0026844113379567262, ""HCP_A3#2"": 0.0019331552789902005}",0.92,0.005,823.0
0.9199999999999999,0.0,0.04,0.035,0.005,"{""BCC_B2#1"": 0.9947646379310945, ""FCC_L12#1"": 0.0006696642787881548, ""HCP_A3#1"": 0.0026558872727964274, ""HCP_A3#2"": 0.0019098105173205701}",0.92,0.005,823.0
0.92,0.0,0.045,0.03,0.005,"{""BCC_B2#1"": 0.9948262495580207, ""FCC_L12#1"": 0.0006615454110185577, ""HCP_A3#1"": 0.0026268198145990972, ""HCP_A3#2"": 0.0018853852163619716}",0.92,0.005,823.0
0.9199999999999999,0.0,0.05,0.025,0.005,"{""BCC_B2#1"": 0.9948897529041381, ""FCC_L12#1"": 0.0006534037999085917, ""HCP_A3#1"": 0.001859579367440629, ""HCP_A3#2"": 0.0025972639285128715}",0.92,0.005,823.0
0.92,0.0,0.055,0.02,0.005,"{""BCC_B2#1"": 0.994955527264, ""FCC_L12#1"": 0.0006452437042092787, ""HCP_A3#1"": 0.0018319391531913083, ""HCP_A3#2"": 0.0025672898785992}",0.92,0.005,823.0
0.92,0.0,0.06,0.015,0.005,"{""BCC_B2#1"": 0.9950241564271108, ""FCC_L12#1"": 0.0006370705454520406, ""HCP_A3#1"": 0.0018017845813205469, ""HCP_A3#2"": 0.002536988446116422}",0.92,0.005,823.0
0.92,0.0,0.065,0.01,0.005,"{""BCC_B2#1"": 0.9950965226633823, ""FCC_L12#1"": 0.0006288913378885089, ""HCP_A3#1"": 0.002506477497462506, ""HCP_A3#2"": 0.0017681085012666363}",0.92,0.005,823.0
0.9199999999999999,0.0,0.07,0.005,0.005,"{""BCC_B2#1"": 0.995173933328919, ""FCC_L12#1"": 0.0006207152004592543, ""HCP_A3#1"": 0.0024759095749308895, ""HCP_A3#2"": 0.001729441895690893}",0.92,0.005,823.0
0.92,0.0,0.075,0.0,0.005,"{""BCC_B2#1"": 0.9952582803053031, ""FCC_L12#1"": 0.0006125538866852486, ""HCP_A3#1"": 0.0024454793571546973, ""HCP_A3#2"": 0.0016836864508569694}",0.92,0.005,823.0
0.9199999999999999,0.005,0.0,0.07,0.005,"{""BCC_B2#1"": 0.9943754009319032, ""FCC_L12#1"": 0.0007258609763808847, ""HCP_A3#1"": 0.002840745176355233, ""HCP_A3#2"": 0.002057992915360468}",0.92,0.005,823.0
0.92,0.005,0.005,0.065,0.005,"{""BCC_B2#1"": 0.9944269072543873, ""FCC_L12#1"": 0.0007179797991633563, ""HCP_A3#1"": 0.002816266107340717, ""HCP_A3#2"": 0.002038846839108877}",0.92,0.005,823.0
0.92,0.005,0.01,0.06,0.005,"{""BCC_B2#1"": 0.9944797310237811, ""FCC_L12#1"": 0.0007100588459784102, ""HCP_A3#1"": 0.0020191387595740232, ""HCP_A3#2"": 0.0027910713706664867}",0.92,0.005,823.0
0.92,0.005,0.015,0.055,0.005,"{""BCC_B2#1"": 0.9945338669944039, ""FCC_L12#1"": 0.000702099901925438, ""HCP_A3#1"": 0.0019988555691823613, ""HCP_A3#2"": 0.0027651775344882594}",0.92,0.005,823.0
0.9199999999999999,0.005,0.02,0.05,0.005,"{""BCC_B2#1"": 0.9945893173427668, ""FCC_L12#1"": 0.0006941048014427411, ""HCP_A3#1"": 0.001977974115655857, ""HCP_A3#2"": 0.0027386037401348506}",0.92,0.005,823.0
0.92,0.005,0.025,0.045,0.005,"{""BCC_B2#1"": 0.9946460965005217, ""FCC_L12#1"": 0.0006860754670345731, ""HCP_A3#1"": 0.0019564556612802924, ""HCP_A3#2"": 0.002711372371163347}",0.92,0.005,823.0
0.92,0.005,0.03,0.04,0.005,"{""BCC_B2#1"": 0.9947042385513898, ""FCC_L12#1"": 0.000678013962435259, ""HCP_A3#1"": 0.0019342375332748478, ""HCP_A3#2"": 0.002683509952899941}",0.92,0.005,823.0
0.9199999999999999,0.005,0.035,0.035,0.005,"{""BCC_B2#1"": 0.9947638084706065, ""FCC_L12#1"": 0.0006699225670340355, ""HCP_A3#1"": 0.0019112205731560649, ""HCP_A3#2"": 0.002655048389203044}",0.92,0.005,823.0
0.92,0.005,0.04,0.03,0.005,"{""BCC_B2#1"": 0.9948249191030879, ""FCC_L12#1"": 0.0006618038809721012, ""HCP_A3#1"": 0.0018872503343417355, ""HCP_A3#2"": 0.0026260266815979873}",0.92,0.005,823.0
0.92,0.005,0.045,0.025,0.005,"{""BCC_B2#1"": 0.9948877566409888, ""FCC_L12#1"": 0.0006536609735060413, ""HCP_A3#1"": 0.0018620890646361841, ""HCP_A3#2"": 0.0025964933208690523}",0.92,0.005,823.0
0.92,0.005,0.05,0.02,0.005,"{""BCC_B2#1"": 0.9949526185013046, ""FCC_L12#1"": 0.0006454975905548839, ""HCP_A3#1"": 0.0018353743243379908, ""HCP_A3#2"": 0.0025665095838027807}",0.92,0.005,823.0
0.92,0.005,0.055,0.015,0.005,"{""BCC_B2#1"": 0.9950199688473828, ""FCC_L12#1"": 0.0006373184394621519, ""HCP_A3#1"": 0.0018065587288604132, ""HCP_A3#2"": 0.0025361539842945926}",0.92,0.005,823.0
0.92,0.005,0.06,0.01,0.005,"{""BCC_B2#1"": 0.995090518213373, ""FCC_L12#1"": 0.0006291295667225633, ""HCP_A3#1"": 0.0017748241537802634, ""HCP_A3#2"": 0.002505528066124017}",0.92,0.005,823.0
0.9199999999999999,0.005,0.065,0.005,0.005,"{""BCC_B2#1"": 0.9951653339046173, ""FCC_L12#1"": 0.0006209388314737869, ""HCP_A3#1"": 0.001738963778259007, ""HCP_A3#2"": 0.0024747634856496347}",0.92,0.005,823.0
0.9199999999999999,0.005,0.07,0.0,0.005,"{""BCC_B2#1"": 0.9952459852751316, ""FCC_L12#1"": 0.0006127564437311971, ""HCP_A3#2"": 0.0016972285176313504, ""HCP_A3#3"": 0.0024440297635057655}",0.92,0.005,823.0
0.92,0.01,0.0,0.065,0.005,"{""BCC_B2#1"": 0.9944275506535487, ""FCC_L12#1"": 0.0007182275318802599, ""HCP_A3#1"": 0.002039194171184507, ""HCP_A3#2"": 0.002815027643386519}",0.92,0.005,823.0
0.92,0.01,0.005,0.06,0.005,"{""BCC_B2#1"": 0.9944801608054838, ""FCC_L12#1"": 0.0007103113249320768, ""HCP_A3#1"": 0.0020195897925995585, ""HCP_A3#2"": 0.0027899380769847004}",0.92,0.005,823.0
0.92,0.01,0.01,0.055,0.005,"{""BCC_B2#1"": 0.9945340751526645, ""FCC_L12#1"": 0.0007023566765565543, ""HCP_A3#1"": 0.0019994224840637026, ""HCP_A3#2"": 0.002764145686715549}",0.92,0.005,823.0
0.9199999999999999,0.01,0.015,0.05,0.005,"{""BCC_B2#1"": 0.9945892897653754, ""FCC_L12#1"": 0.0006943653881103577, ""HCP_A3#1"": 0.001978676088007305, ""HCP_A3#2"": 0.0027376687585068827}",0.92,0.005,823.0
0.92,0.01,0.02,0.045,0.005,"{""BCC_B2#1"": 0.9946458100270233, ""FCC_L12#1"": 0.000686339325393873, ""HCP_A3#1"": 0.0019573222450180797, ""HCP_A3#2"": 0.002710528402564733}",0.92,0.005,823.0
0.9199999999999999,0.01,0.025,0.04,0.005,"{""BCC_B2#1"": 0.9947036565282887, ""FCC_L12#1"": 0.0006782804624800678, ""HCP_A3#1"": 0.0019353137152649485, ""HCP_A3#2"": 0.0026827492939661694}",0.92,0.005,823.0
0.9199999999999999,0.01,0.03,0.035,0.005,"{""BCC_B2#1"": 0.9947628740625482, ""FCC_L12#1"": 0.0006701909426409249, ""HCP_A3#1"": 0.001912574311369502, ""HCP_A3#2"": 0.0026543606834411185}",0.92,0.005,823.0
0.9199999999999999,0.01,0.035,0.03,0.005,"{""BCC_B2#1"": 0.9948235452727394, ""FCC_L12#1"": 0.0006620731642654893, ""HCP_A3#1"": 0.001888983762501619, ""HCP_A3#2"": 0.002625397800493498}",0.92,0.005,823.0
0.9199999999999999,0.01,0.04,0.025,0.005,"{""BCC_B2#1"": 0.9948858112377472, ""FCC_L12#1"": 0.0006539299025715297, ""HCP_A3#1"": 0.0018643550466266228, ""HCP_A3#2"": 0.0025959038130545656}",0.92,0.005,823.0
0.92,0.01,0.045,0.02,0.005,"{""BCC_B2#1"": 0.9949499023004518, ""FCC_L12#1"": 0.0006457644813208246, ""HCP_A3#1"": 0.001838400664138442, ""HCP_A3#2"": 0.002565932554089163}",0.92,0.005,823.0
0.9199999999999999,0.01,0.05,0.015,0.005,"{""BCC_B2#1"": 0.9950161837310774, ""FCC_L12#1"": 0.0006375810119073299, ""HCP_A3#1"": 0.0018106829948950143, ""HCP_A3#2"": 0.002535552262120474}",0.92,0.005,823.0
0.92,0.01,0.055,0.01,0.005,"{""BCC_B2#1"": 0.9950852222306675, ""FCC_L12#1"": 0.0006293847180939657, ""HCP_A3#1"": 0.0017805424757628176, ""HCP_A3#2"": 0.0025048505754756874}",0.92,0.005,823.0
0.92,0.01,0.06,0.005,0.005,"{""BCC_B2#1"": 0.9951578802772105, ""FCC_L12#1"": 0.0006211823589403556, ""HCP_A3#1"": 0.001746996465229545, ""HCP_A3#2"": 0.0024739408986197316}",0.92,0.005,823.0
0.92,0.01,0.065,0.0,0.005,"{""BCC_B2#1"": 0.9952354446419457, ""FCC_L12#1"": 0.0006129827419907433, ""HCP_A3#1"": 0.0017086027171479363, ""HCP_A3#2"": 0.0024429698989156144}",0.92,0.005,823.0
0.92,0.015,0.0,0.06,0.005,"{""BCC_B2#1"": 0.9944804060989124, ""FCC_L12#1"": 0.0007105715038534169, ""HCP_A3#1"": 0.002020112314293722, ""HCP_A3#2"": 0.0027889100829404136}",0.92,0.005,823.0
0.92,0.015,0.005,0.055,0.005,"{""BCC_B2#1"": 0.9945340979476718, ""FCC_L12#1"": 0.0007026214828915261, ""HCP_A3#1"": 0.0020000554095348684, ""HCP_A3#2"": 0.0027632251599018862}",0.92,0.005,823.0
0.9199999999999999,0.015,0.01,0.05,0.005,"{""BCC_B2#1"": 0.9945890801560585, ""FCC_L12#1"": 0.0006946343547690964, ""HCP_A3#1"": 0.0019794340548165154, ""HCP_A3#2"": 0.002736851434355658}",0.92,0.005,823.0
0.92,0.015,0.015,0.045,0.005,"{""BCC_B2#1"": 0.9946453508433389, ""FCC_L12#1"": 0.0006866119428593358, ""HCP_A3#1"": 0.0019582282252719463, ""HCP_A3#2"": 0.002709808988529754}",0.92,0.005,823.0
0.9199999999999999,0.015,0.02,0.04,0.005,"{""BCC_B2#1"": 0.9947029197590159, ""FCC_L12#1"": 0.0006785561517273546, ""HCP_A3#1"": 0.001936403093070533, ""HCP_A3#2"": 0.0026821209961860816}",0.92,0.005,823.0
0.9199999999999999,0.015,0.025,0.035,0.005,"{""BCC_B2#1"": 0.9947618154528578, ""FCC_L12#1"": 0.0006704690170543024, ""HCP_A3#1"": 0.0019139009810723799, ""HCP_A3#2"": 0.0026538145490155093}",0.92,0.005,823.0
0.92,0.015,0.03,0.03,0.005,"{""BCC_B2#1"": 0.994822096196111, ""FCC_L12#1"": 0.000662352775733385, ""HCP_A3#1"": 0.0018906292293320907, ""HCP_A3#2"": 0.0026249217988234944}",0.92,0.005,823.0
0.9199999999999999,0.015,0.035,0.025,0.005,"{""BCC_B2#1"": 0.9948838665293911, ""FCC_L12#1"": 0.0006542099652470464, ""HCP_A3#1"": 0.0018664419506174796, ""HCP_A3#2"": 0.002595481554744362}",0.92,0.005,823.0
0.92,0.015,0.04,0.02,0.005,"{""BCC_B2#1"": 0.9949473021884883, ""FCC_L12#1"": 0.0006460435646557516, ""HCP_A3#1"": 0.0018411127270080876, ""HCP_A3#2"": 0.0025655415198480125}",0.92,0.005,823.0
0.92,0.015,0.045,0.015,0.005,"{""BCC_B2#1"": 0.9950126873348983, ""FCC_L12#1"": 0.0006378571930567592, ""HCP_A3#1"": 0.0018142940751881764, ""HCP_A3#2"": 0.0025351613968567694}",0.92,0.005,823.0
0.92,0.015,0.05,0.01,0.005,"{""BCC_B2#1"": 0.9950804694472684, ""FCC_L12#1"": 0.0006296553840480246, ""HCP_A3#1"": 0.0017854580511876374, ""HCP_A3#2"": 0.002504417117496213}",0.92,0.005,823.0
0.9199999999999999,0.015,0.055,0.005,0.005,"{""BCC_B2#1"": 0.9951513386258332, ""FCC_L12#1"": 0.0006214439536701615, ""HCP_A3#1"": 0.001753811013724886, ""HCP_A3#2"": 0.002473406406771922}",0.92,0.005,823.0
0.92,0.015,0.06,0.0,0.005,"{""BCC_B2#1"": 0.9952263386098632, ""FCC_L12#1"": 0.0006132304686042735, ""HCP_A3#1"": 0.0017181752320925131, ""HCP_A3#2"": 0.0024422556894398433}",0.92,0.005,823.0
0.92,0.02,0.0,0.055,0.005,"{""BCC_B2#1"": 0.9945339389754833, ""FCC_L12#1"": 0.0007028941006428447, ""HCP_A3#1"": 0.002000757369861961, ""HCP_A3#2"": 0.0027624095540120463}",0.92,0.005,823.0
0.9199999999999999,0.02,0.005,0.05,0.005,"{""BCC_B2#1"": 0.9945886897088454, ""FCC_L12#1"": 0.0006949114662821257, ""HCP_A3#1"": 0.00198025374967072, ""HCP_A3#2"": 0.0027361450752015452}",0.92,0.005,823.0
0.92,0.02,0.01,0.045,0.005,"{""BCC_B2#1"": 0.9946447167086467, ""FCC_L12#1"": 0.0006868930604462927, ""HCP_A3#1"": 0.0019591832460144364, ""HCP_A3#2"": 0.0027092069848925655}",0.92,0.005,823.0
0.9199999999999999,0.02,0.015,0.04,0.005,"{""BCC_B2#1"": 0.9947020210429063, ""FCC_L12#1"": 0.0006788407347512145, ""HCP_A3#1"": 0.0019375209827408545, ""HCP_A3#2"": 0.002681617239601636}",0.92,0.005,823.0
0.9199999999999999,0.02,0.02,0.035,0.005,"{""BCC_B2#1"": 0.9947606182342182, ""FCC_L12#1"": 0.0006707564407515387, ""HCP_A3#1"": 0.0019152241491131095, ""HCP_A3#2"": 0.0026534011759172357}",0.92,0.005,823.0
0.92,0.02,0.025,0.03,0.005,"{""BCC_B2#1"": 0.9948205469643489, ""FCC_L12#1"": 0.0006626422871031948, ""HCP_A3#1"": 0.0018922223094097934, ""HCP_A3#2"": 0.002624588439138308}",0.92,0.005,823.0
0.9199999999999999,0.02,0.03,0.025,0.005,"{""BCC_B2#1"": 0.9948818823148224, ""FCC_L12#1"": 0.0006545006204440039, ""HCP_A3#1"": 0.0018684027848435093, ""HCP_A3#2"": 0.002595214279890034}",0.92,0.005,823.0
0.9199999999999999,0.02,0.035,0.02,0.005,"{""BCC_B2#1"": 0.994944755806599, ""FCC_L12#1"": 0.000646334140469932, ""HCP_A3#1"": 0.0018435886763219994, ""HCP_A3#2"": 0.002565321376608792}",0.92,0.005,823.0
0.92,0.02,0.04,0.015,0.005,"{""BCC_B2#1"": 0.995009385532777, ""FCC_L12#1"": 0.0006381460631745535, ""HCP_A3#1"": 0.001817506015101715, ""HCP_A3#2"": 0.002534962388946943}",0.92,0.005,823.0
0.92,0.02,0.045,0.01,0.005,"{""BCC_B2#1"": 0.9950761210204916, ""FCC_L12#1"": 0.0006299403497034733, ""HCP_A3#1"": 0.0017897351414892359, ""HCP_A3#2"": 0.0025042034883155347}",0.92,0.005,823.0
0.9199999999999999,0.02,0.05,0.005,0.005,"{""BCC_B2#1"": 0.9951455089895416, ""FCC_L12#1"": 0.0006217220199894947, ""HCP_A3#1"": 0.001759639873637445, ""HCP_A3#2"": 0.0024731291168317003}",0.92,0.005,823.0
0.92,0.02,0.055,0.0,0.005,"{""BCC_B2#1"": 0.9952183874193448, ""FCC_L12#1"": 0.0006134975662649762, ""HCP_A3#1"": 0.0017262668842392985, ""HCP_A3#2"": 0.0024418481301510726}",0.92,0.005,823.0
0.9199999999999999,0.025,0.0,0.05,0.005,"{""BCC_B2#1"": 0.9945881210675, ""FCC_L12#1"": 0.0006951964937129524, ""HCP_A3#1"": 0.001981139299361368, ""HCP_A3#2"": 0.0027355431394257865}",0.92,0.005,823.0
0.92,0.025,0.005,0.045,0.005,"{""BCC_B2#1"": 0.9946439073957143, ""FCC_L12#1"": 0.0006871824312789771, ""HCP_A3#1"": 0.001960194659839979, ""HCP_A3#2"": 0.002708715513166593}",0.92,0.005,823.0
0.9199999999999999,0.025,0.01,0.04,0.005,"{""BCC_B2#1"": 0.9947009560279287, ""FCC_L12#1"": 0.0006791339363183001, ""HCP_A3#1"": 0.0019386794103077778, ""HCP_A3#2"": 0.0026812306254451715}",0.92,0.005,823.0
0.9199999999999999,0.025,0.015,0.035,0.005,"{""BCC_B2#1"": 0.9947592720758426, ""FCC_L12#1"": 0.0006710528955037936, ""HCP_A3#1"": 0.0019165626420466753, ""HCP_A3#2"": 0.0026531123866069583}",0.92,0.005,823.0
0.92,0.025,0.02,0.03,0.005,"{""BCC_B2#1"": 0.994818878534507, ""FCC_L12#1"": 0.000662941316598589, ""HCP_A3#1"": 0.0018937917460845489, ""HCP_A3#2"": 0.002624388402809994}",0.92,0.005,823.0
0.9199999999999999,0.025,0.025,0.025,0.005,"{""BCC_B2#1"": 0.9948798268328415, ""FCC_L12#1"": 0.0006548013941708415, ""HCP_A3#1"": 0.0018702807472080372, ""HCP_A3#2"": 0.0025950910257797628}",0.92,0.005,823.0
0.92,0.025,0.03,0.02,0.005,"{""BCC_B2#1"": 0.9949422128657941, ""FCC_L12#1"": 0.0006466356031098461, ""HCP_A3#1"": 0.0018458927011134102, ""HCP_A3#2"": 0.002565258829982625}",0.92,0.005,823.0
0.9199999999999999,0.025,0.035,0.015,0.005,"{""BCC_B2#1"": 0.9950062012302416, ""FCC_L12#1"": 0.0006384468319333564, ""HCP_A3#1"": 0.0018204132427553702, ""HCP_A3#2"": 0.002534938695069664}",0.92,0.005,823.0
0.92,0.025,0.04,0.01,0.005,"{""BCC_B2#1"": 0.9950720615875417, ""FCC_L12#1"": 0.0006302385715612668, ""HCP_A3#1"": 0.0017935111220232095, ""HCP_A3#2"": 0.002504188718874035}",0.92,0.005,823.0
0.9199999999999999,0.025,0.045,0.005,0.005,"{""BCC_B2#1"": 0.9951402225778725, ""FCC_L12#1"": 0.0006220151783955635, ""HCP_A3#1"": 0.0017646800253900302, ""HCP_A3#2"": 0.002473082218341796}",0.92,0.005,823.0
0.9199999999999999,0.025,0.05,0.0,0.005,"{""BCC_B2#1"": 0.995211350275501, ""FCC_L12#1"": 0.0006137822306265062, ""HCP_A3#1"": 0.0017331544438719923, ""HCP_A3#2"": 0.0024417130500002816}",0.92,0.005,823.0
0.92,0.03,0.0,0.045,0.005,"{""BCC_B2#1"": 0.9946429243897575, ""FCC_L12#1"": 0.0006874798170439627, ""HCP_A3#1"": 0.0019612679129942146, ""HCP_A3#2"": 0.0027083278802041487}",0.92,0.005,823.0
0.92,0.03,0.005,0.04,0.005,"{""BCC_B2#1"": 0.9946997227648745, ""FCC_L12#1"": 0.0006794354965466021, ""HCP_A3#1"": 0.0019398876683021423, ""HCP_A3#2"": 0.0026809540702766644}",0.92,0.005,823.0
0.9199999999999999,0.03,0.01,0.035,0.005,"{""BCC_B2#1"": 0.9947577700714073, ""FCC_L12#1"": 0.0006713580877669438, ""HCP_A3#1"": 0.001917931345099492, ""HCP_A3#2"": 0.002652940495726203}",0.92,0.005,823.0
0.92,0.03,0.015,0.03,0.005,"{""BCC_B2#1"": 0.9948170767887973, ""FCC_L12#1"": 0.0006632495199749357, ""HCP_A3#1"": 0.001895360587039918, ""HCP_A3#2"": 0.0026243131041876933}",0.92,0.005,823.0
0.9199999999999999,0.03,0.02,0.025,0.005,"{""BCC_B2#1"": 0.9948776754295996, ""FCC_L12#1"": 0.00065511186755051, ""HCP_A3#1"": 0.001872110814006851, ""HCP_A3#2"": 0.0025951018888432267}",0.92,0.005,823.0
0.92,0.03,0.025,0.02,0.005,"{""BCC_B2#1"": 0.9949396333099908, ""FCC_L12#1"": 0.00064694742576048, ""HCP_A3#1"": 0.0018480771833989673, ""HCP_A3#2"": 0.002565342080849623}",0.92,0.005,823.0
0.92,0.03,0.03,0.015,0.005,"{""BCC_B2#1"": 0.9950030719384774, ""FCC_L12#1"": 0.0006387588190201102, ""HCP_A3#1"": 0.0018230934060149495, ""HCP_A3#2"": 0.002535075836487511}",0.92,0.005,823.0
0.92,0.03,0.035,0.01,0.005,"{""BCC_B2#1"": 0.9950681962842052, ""FCC_L12#1"": 0.000630549155272453, ""HCP_A3#1"": 0.001796899942847516, ""HCP_A3#2"": 0.002504354617675143}",0.92,0.005,823.0
0.9199999999999999,0.03,0.04,0.005,0.005,"{""BCC_B2#1"": 0.9951353385667642, ""FCC_L12#1"": 0.0006223222438598924, ""HCP_A3#1"": 0.0017690966799421813, ""HCP_A3#2"": 0.0024732425094337374}",0.92,0.005,823.0
0.92,0.03,0.045,0.0,0.005,"{""BCC_B2#1"": 0.9952050228457839, ""FCC_L12#1"": 0.0006140828966998142, ""HCP_A3#1"": 0.0017390735236097773, ""HCP_A3#2"": 0.0024418207339063393}",0.92,0.005,823.0
0.9199999999999999,0.035,0.0,0.04,0.005,"{""BCC_B2#1"": 0.994698321337202, ""FCC_L12#1"": 0.0006797451667980504, ""HCP_A3#1"": 0.0019411527805986623, ""HCP_A3#2"": 0.0026807807154014753}",0.92,0.005,823.0
0.9199999999999999,0.035,0.005,0.035,0.005,"{""BCC_B2#1"": 0.9947561081920208, ""FCC_L12#1"": 0.0006716717430648566, ""HCP_A3#1"": 0.0019193418746174266, ""HCP_A3#2"": 0.0026528781902971582}",0.92,0.005,823.0
0.9199999999999999,0.035,0.01,0.03,0.005,"{""BCC_B2#1"": 0.9948151317360998, ""FCC_L12#1"": 0.0006635665828529025, ""HCP_A3#1"": 0.0018969471494844812, ""HCP_A3#2"": 0.002624354531562829}",0.92,0.005,823.0
0.9199999999999999,0.035,0.015,0.025,0.005,"{""BCC_B2#1"": 0.9948754094104688, ""FCC_L12#1"": 0.0006554316664509594, ""HCP_A3#1"": 0.0018739211089129238, ""HCP_A3#2"": 0.0025952378141675093}",0.92,0.005,823.0
0.9199999999999999,0.035,0.02,0.02,0.005,"{""BCC_B2#1"": 0.9949369856995379, ""FCC_L12#1"": 0.0006472691466761203, ""HCP_A3#1"": 0.0018501846036866924, ""HCP_A3#2"": 0.0025655605500992974}",0.92,0.005,823.0
0.9199999999999999,0.035,0.025,0.015,0.005,"{""BCC_B2#1"": 0.9949999475701091, ""FCC_L12#1"": 0.0006390814364428531, ""HCP_A3#1"": 0.0018256099455074772, ""HCP_A3#2"": 0.0025353610479408534}",0.92,0.005,823.0
0.92,0.035,0.03,0.01,0.005,"{""BCC_B2#1"": 0.9950644478902964, ""FCC_L12#1"": 0.0006308713341627124, ""HCP_A3#1"": 0.0017999954327286283, ""HCP_A3#2"": 0.002504685342812591}",0.92,0.005,823.0
0.9199999999999999,0.035,0.035,0.005,0.005,"{""BCC_B2#1"": 0.9951307407174043, ""FCC_L12#1"": 0.0006226422023472158, ""HCP_A3#1"": 0.0017730271640807366, ""HCP_A3#2"": 0.0024735899161678603}",0.92,0.005,823.0
0.9199999999999999,0.035,0.04,0.0,0.005,"{""BCC_B2#1"": 0.9951992339040232, ""FCC_L12#1"": 0.0006143982183573458, ""HCP_A3#1"": 0.001744222414412748, ""HCP_A3#2"": 0.0024421454632068233}",0.92,0.005,823.0
0.9199999999999999,0.04,0.0,0.035,0.005,"{""BCC_B2#1"": 0.9944510622879458, ""C15_LAVES#1"": 0.0003453722557691671, ""FCC_L12#1"": 0.0006707732395694598, ""HCP_A3#1"": 0.0019038047309082077, ""HCP_A3#2"": 0.0026289874858074816}",0.92,0.005,823.0
0.92,0.04,0.005,0.03,0.005,"{""BCC_B2#1"": 0.9946134017213973, ""C15_LAVES#1"": 0.00022614522373557417, ""FCC_L12#1"": 0.0006631326952068503, ""HCP_A3#1"": 0.0018878402738720557, ""HCP_A3#2"": 0.002609480085788315}",0.92,0.005,823.0
0.9199999999999999,0.04,0.01,0.025,0.005,"{""BCC_B2#1"": 0.9947965686300727, ""C15_LAVES#1"": 8.614194302406491e-05, ""FCC_L12#1"": 0.0006554857169698828, ""HCP_A3#1"": 0.0018717954229314953, ""HCP_A3#2"": 0.002590008287002059}",0.92,0.005,823.0
0.92,0.04,0.015,0.02,0.005,"{""BCC_B2#1"": 0.9949342458122321, ""FCC_L12#1"": 0.0006476003572051436, ""HCP_A3#1"": 0.0018522491900950686, ""HCP_A3#2"": 0.0025659046404675734}",0.92,0.005,823.0
0.92,0.04,0.02,0.015,0.005,"{""BCC_B2#1"": 0.9949967884845102, ""FCC_L12#1"": 0.0006394141727660069, ""HCP_A3#1"": 0.0025357829682875277, ""HCP_A3#2"": 0.0018280143744359898}",0.92,0.005,823.0
0.92,0.04,0.025,0.01,0.005,"{""BCC_B2#1"": 0.9950607542002644, ""FCC_L12#1"": 0.0006312044493051081, ""HCP_A3#1"": 0.0025051670128453988, ""HCP_A3#2"": 0.0018028743375852665}",0.92,0.005,823.0
0.9199999999999999,0.04,0.03,0.005,0.005,"{""BCC_B2#1"": 0.9951263340539325, ""FCC_L12#1"": 0.0006229741873665388, ""HCP_A3#1"": 0.0017765847280741423, ""HCP_A3#2"": 0.002474107030626606}",0.92,0.005,823.0
0.9199999999999999,0.04,0.035,0.0,0.005,"{""BCC_B2#1"": 0.9951938415790736, ""FCC_L12#1"": 0.0006147270442808604, ""HCP_A3#1"": 0.00174876635358595, ""HCP_A3#2"": 0.002442665023059728}",0.92,0.005,823.0
0.92,0.045,0.0,0.03,0.005,"{""BCC_B2#1"": 0.9941359779714569, ""C15_LAVES#1"": 0.0007667418590447577, ""FCC_L12#1"": 0.0006615255889412064, ""HCP_A3#1"": 0.0018631626930426448, ""HCP_A3#2"": 0.002572591887514441}",0.92,0.005,823.0
0.92,0.045,0.005,0.025,0.005,"{""BCC_B2#1"": 0.9942903590682882, ""C15_LAVES#1"": 0.0006555764772389996, ""FCC_L12#1"": 0.0006539047379529444, ""HCP_A3#1"": 0.0018470252345577788, ""HCP_A3#2"": 0.002553134481961957}",0.92,0.005,823.0
0.92,0.045,0.01,0.02,0.005,"{""BCC_B2#1"": 0.9944653893310197, ""C15_LAVES#1"": 0.0005238686317061882, ""FCC_L12#1"": 0.000646277677967106, ""HCP_A3#1"": 0.0018307559403634495, ""HCP_A3#2"": 0.0025337084189435335}",0.92,0.005,823.0
0.92,0.045,0.015,0.015,0.005,"{""BCC_B2#1"": 0.994662951161083, ""C15_LAVES#1"": 0.00036981196099841485, ""FCC_L12#1"": 0.0006386438186350325, ""HCP_A3#1"": 0.0025143022491422636, ""HCP_A3#2"": 0.0018142908101411981}",0.92,0.005,823.0
0.92,0.045,0.02,0.01,0.005,"{""BCC_B2#1"": 0.9948851042004769, ""C15_LAVES#1"": 0.0001914432908257948, ""FCC_L12#1"": 0.0006310025896915459, ""HCP_A3#1"": 0.002494904306563902, ""HCP_A3#2"": 0.0017975456124418418}",0.92,0.005,823.0
0.9199999999999999,0.045,0.025,0.005,0.005,"{""BCC_B2#1"": 0.9951220417503656, ""FCC_L12#1"": 0.0006233174577345065, ""HCP_A3#1"": 0.0024747786832314466, ""HCP_A3#2"": 0.0017798621086685745}",0.92,0.005,823.0
0.92,0.045,0.03,0.0,0.005,"{""BCC_B2#1"": 0.9951887295421163, ""FCC_L12#1"": 0.0006150683928308966, ""HCP_A3#1"": 0.0017528418530060228, ""HCP_A3#2"": 0.002443360212046741}",0.92,0.005,823.0
0.9199999999999999,0.05,0.0,0.025,0.005,"{""BCC_B2#1"": 0.9938697478197523, ""C15_LAVES#1"": 0.0011312051865065818, ""FCC_L12#1"": 0.0006524874720327253, ""HCP_A3#1"": 0.0018257217642205837, ""HCP_A3#2"": 0.00252083775748797}",0.92,0.005,823.0
0.92,0.05,0.005,0.02,0.005,"{""BCC_B2#1"": 0.9940179426876827, ""C15_LAVES#1"": 0.0010263876775007212, ""FCC_L12#1"": 0.00064488270051658, ""HCP_A3#1"": 0.0018093636793120177, ""HCP_A3#2"": 0.002501423254987826}",0.92,0.005,823.0
0.9199999999999999,0.05,0.01,0.015,0.005,"{""BCC_B2#1"": 0.9941867075126128, ""C15_LAVES#1"": 0.0009011789446791644, ""FCC_L12#1"": 0.0006372718875625052, ""HCP_A3#1"": 0.0017928062976644197, ""HCP_A3#2"": 0.00248203535748083}",0.92,0.005,823.0
0.92,0.05,0.015,0.01,0.005,"{""BCC_B2#1"": 0.9943779217365539, ""C15_LAVES#1"": 0.0007537977174233981, ""FCC_L12#1"": 0.0006296544552646005, ""HCP_A3#1"": 0.002462662470368491, ""HCP_A3#2"": 0.0017759636203897762}",0.92,0.005,823.0
0.9199999999999999,0.05,0.02,0.005,0.005,"{""BCC_B2#1"": 0.9945936391496684, ""C15_LAVES#1"": 0.0005823160502422682, ""FCC_L12#1"": 0.0006220298512714273, ""HCP_A3#1"": 0.002443292809379302, ""HCP_A3#2"": 0.0017587221394385914}",0.92,0.005,823.0
0.9199999999999999,0.05,0.025,0.0,0.005,"{""BCC_B2#1"": 0.9948361006708264, ""C15_LAVES#1"": 0.00038465570767161816, ""FCC_L12#1"": 0.0006143975580840341, ""HCP_A3#1"": 0.0017409316747873257, ""HCP_A3#2"": 0.0024239143886307063}",0.92,0.005,823.0
0.92,0.055,0.0,0.02,0.005,"{""BCC_B2#1"": 0.9936421174704037, ""C15_LAVES#1"": 0.0014507175314797851, ""FCC_L12#1"": 0.000643625418221289, ""HCP_A3#1"": 0.001790753297682974, ""HCP_A3#2"": 0.002472786282212463}",0.92,0.005,823.0
0.92,0.055,0.005,0.015,0.005,"{""BCC_B2#1"": 0.9937855601259669, ""C15_LAVES#1"": 0.0013508819322122054, ""FCC_L12#1"": 0.0006360337536921003, ""HCP_A3#1"": 0.0024534077436977955, ""HCP_A3#2"": 0.0017741164444309357}",0.92,0.005,823.0
0.92,0.055,0.01,0.01,0.005,"{""BCC_B2#1"": 0.9939495727112293, ""C15_LAVES#1"": 0.0012307467358662132, ""FCC_L12#1"": 0.0006284361733249071, ""HCP_A3#1"": 0.002434050730521567, ""HCP_A3#2"": 0.0017571936490582548}",0.92,0.005,823.0
0.9199999999999999,0.055,0.015,0.005,0.005,"{""BCC_B2#1"": 0.9941360315547986, ""C15_LAVES#1"": 0.0010885620915336805, ""FCC_L12#1"": 0.0006208321175560652, ""HCP_A3#1"": 0.002414703449484057, ""HCP_A3#2"": 0.00173987078662785}",0.92,0.005,823.0
0.92,0.055,0.02,0.0,0.005,"{""BCC_B2#1"": 0.9943469828230107, ""C15_LAVES#1"": 0.0009224451701023995, ""FCC_L12#1"": 0.0006132210596214214, ""HCP_A3#1"": 0.0017219970037399617, ""HCP_A3#2"": 0.0023953539435255956}",0.92,0.005,823.0
0.92,0.06,0.0,0.015,0.005,"{""BCC_B2#1"": 0.9934455287656144, ""C15_LAVES#1"": 0.0017341171925806457, ""FCC_L12#1"": 0.0006349125252417985, ""HCP_A3#1"": 0.0017577049114490132, ""HCP_A3#2"": 0.002427736605114149}",0.92,0.005,823.0
0.92,0.06,0.005,0.01,0.005,"{""BCC_B2#1"": 0.99358539862891, ""C15_LAVES#1"": 0.0016381629796580548, ""FCC_L12#1"": 0.0006273315025974674, ""HCP_A3#1"": 0.001740719324625126, ""HCP_A3#2"": 0.0024083875642094753}",0.92,0.005,823.0
0.92,0.06,0.01,0.005,0.005,"{""BCC_B2#1"": 0.9937459010033429, ""C15_LAVES#1"": 0.0015219613587061833, ""FCC_L12#1"": 0.0006197446602164154, ""HCP_A3#1"": 0.0017233382625333202, ""HCP_A3#2"": 0.00238905471520115}",0.92,0.005,823.0
0.92,0.06,0.015,0.0,0.005,"{""BCC_B2#1"": 0.9939289071927723, ""C15_LAVES#1"": 0.0013838031688203876, ""FCC_L12#1"": 0.0006121514631244283, ""HCP_A3#1"": 0.001705412156901666, ""HCP_A3#2"": 0.0023697260183811798}",0.92,0.005,823.0
0.92,0.065,0.0,0.01,0.005,"{""BCC_B2#1"": 0.9932742912654983, ""C15_LAVES#1"": 0.001988084309793084, ""FCC_L12#1"": 0.0006263269084674058, ""HCP_A3#1"": 0.001726143880661978, ""HCP_A3#2"": 0.0023851536355794546}",0.92,0.005,823.0
0.9199999999999999,0.065,0.005,0.005,0.005,"{""BCC_B2#1"": 0.9934115704511928, ""C15_LAVES#1"": 0.001895120828056519, ""FCC_L12#1"": 0.0006187544682804725, ""HCP_A3#1"": 0.0017087260778235842, ""HCP_A3#2"": 0.0023658281746467996}",0.92,0.005,823.0
0.92,0.065,0.01,0.0,0.005,"{""BCC_B2#1"": 0.9935695929494912, ""C15_LAVES#1"": 0.0017819413029181855, ""FCC_L12#1"": 0.0006111762855052807, ""HCP_A3#1"": 0.0016907760870034354, ""HCP_A3#2"": 0.0023465133750818316}",0.92,0.005,823.0
0.9199999999999999,0.07,0.0,0.005,0.005,"{""BCC_B2#1"": 0.9931240389800053, ""C15_LAVES#1"": 0.002217769306812339, ""FCC_L12#1"": 0.0006178505756543304, ""HCP_A3#1"": 0.0016957201643736193, ""HCP_A3#2"": 0.0023446209731547325}",0.92,0.005,823.0
0.9199999999999999,0.07,0.005,0.0,0.005,"{""BCC_B2#1"": 0.9932595524206097, ""C15_LAVES#1"": 0.002127077754839318, ""FCC_L12#1"": 0.0006102849866441887, ""HCP_A3#1"": 0.0016777711370922538, ""HCP_A3#2"": 0.0023253137008144684}",0.92,0.005,823.0
0.92,0.075,0.0,0.0,0.005,"{""BCC_B2#1"": 0.9929913639187172, ""C15_LAVES#1"": 0.002427216978001538, ""FCC_L12#1"": 0.0006094685950846912, ""HCP_A3#1"": 0.0016661413065415503, ""HCP_A3#2"": 0.0023058092016551004}",0.92,0.005,823.0
0.92,0.0,0.0,0.075,0.005,"{""BCC_B2#1"": 0.9944687400164374, ""FCC_L12#1"": 0.000729941455167978, ""HCP_A3#2"": 0.002779317860782116, ""HCP_A3#3"": 0.002022000667612321}",0.92,0.005,873.0
0.9199999999999999,0.0,0.005,0.07,0.005,"{""BCC_B2#1"": 0.994520719595112, ""FCC_L12#1"": 0.0007220729013614248, ""HCP_A3#2"": 0.0027549164969059062, ""HCP_A3#3"": 0.002002291006620415}",0.92,0.005,873.0
0.92,0.0,0.01,0.065,0.005,"{""BCC_B2#1"": 0.9945739499942557, ""FCC_L12#1"": 0.0007141688002352328, ""HCP_A3#1"": 0.002729935089787092, ""HCP_A3#2"": 0.001981946115722006}",0.92,0.005,873.0
0.92,0.0,0.015,0.06,0.005,"{""BCC_B2#1"": 0.9946284815934561, ""FCC_L12#1"": 0.0007062314027468623, ""HCP_A3#1"": 0.001960887698332264, ""HCP_A3#2"": 0.0027043993054647704}",0.92,0.005,873.0
0.92,0.0,0.02,0.055,0.005,"{""BCC_B2#1"": 0.9946843990018819, ""FCC_L12#1"": 0.0006982631810003023, ""HCP_A3#1"": 0.0019389984723773251, ""HCP_A3#2"": 0.00267833934474037}",0.92,0.005,873.0
0.9199999999999999,0.0,0.025,0.05,0.005,"{""BCC_B2#1"": 0.9947418370193326, ""FCC_L12#1"": 0.0006902669365420926, ""HCP_A3#1"": 0.0019161045419802283, ""HCP_A3#2"": 0.00265179150214501}",0.92,0.005,873.0
0.92,0.0,0.03,0.045,0.005,"{""BCC_B2#1"": 0.9948010036692816, ""FCC_L12#1"": 0.0006822459465027929, ""HCP_A3#1"": 0.0026248002335392657, ""HCP_A3#2"": 0.0018919501506760017}",0.92,0.005,873.0
0.9199999999999999,0.0,0.035,0.04,0.005,"{""BCC_B2#1"": 0.9948622130581118, ""FCC_L12#1"": 0.0006742041589525621, ""HCP_A3#1"": 0.002597420869306038, ""HCP_A3#2"": 0.0018661619136295837}",0.92,0.005,873.0
0.9199999999999999,0.0,0.04,0.035,0.005,"{""BCC_B2#1"": 0.9949259314946219, ""FCC_L12#1"": 0.0006661464486745409, ""HCP_A3#1"": 0.0025697230931052716, ""HCP_A3#2"": 0.0018381989635982364}",0.92,0.005,873.0
0.92,0.0,0.045,0.03,0.005,"{""BCC_B2#1"": 0.994992840698293, ""FCC_L12#1"": 0.0006580789402429976, ""HCP_A3#1"": 0.0025417952254375106, ""HCP_A3#2"": 0.0018072851360265542}",0.92,0.005,873.0
0.9199999999999999,0.0,0.05,0.025,0.005,"{""BCC_B2#1"": 0.9950639214387654, ""FCC_L12#1"": 0.0006500093926946172, ""HCP_A3#1"": 0.0025137491506237054, ""HCP_A3#2"": 0.0017723200179163266}",0.92,0.005,873.0
0.92,0.0,0.055,0.02,0.005,"{""BCC_B2#1"": 0.995140558568363, ""FCC_L12#1"": 0.0006419476136048818, ""HCP_A3#1"": 0.0024857253341424934, ""HCP_A3#2"": 0.001731768483889784}",0.92,0.005,873.0
0.92,0.0,0.06,0.015,0.005,"{""BCC_B2#1"": 0.9952246628194501, ""FCC_L12#1"": 0.00063390582550053, ""HCP_A3#1"": 0.0024578967477477134, ""HCP_A3#2"": 0.0016835346073017091}",0.92,0.005,873.0
0.92,0.0,0.065,0.01,0.005,"{""BCC_B2#1"": 0.9953187951079442, ""FCC_L12#1"": 0.000625898848010505, ""HCP_A3#1"": 0.0024304697320915104, ""HCP_A3#2"": 0.0016248363119539058}",0.92,0.005,873.0
0.9199999999999999,0.0,0.07,0.005,0.005,"{""BCC_B2#1"": 0.9954262669615679, ""FCC_L12#1"": 0.000617943909424278, ""HCP_A3#1"": 0.002403679248543814, ""HCP_A3#2"": 0.0015521098804639215}",0.92,0.005,873.0
0.92,0.0,0.075,0.0,0.005,"{""BCC_B2#1"": 0.9955511824289609, ""FCC_L12#1"": 0.0006100599147965055, ""HCP_A3#1"": 0.0023777763415529737, ""HCP_A3#2"": 0.0014609813146896254}",0.92,0.005,873.0
0.9199999999999999,0.005,0.0,0.07,0.005,"{""BCC_B2#1"": 0.9945217347199079, ""FCC_L12#1"": 0.0007223011096868007, ""HCP_A3#1"": 0.002753268356296655, ""HCP_A3#2"": 0.002002695814108953}",0.92,0.005,873.0
0.92,0.005,0.005,0.065,0.005,"{""BCC_B2#1"": 0.9945746863561898, ""FCC_L12#1"": 0.0007144011737256444, ""HCP_A3#1"": 0.002728364906446166, ""HCP_A3#2"": 0.0019825475636387094}",0.92,0.005,873.0
0.92,0.005,0.01,0.06,0.005,"{""BCC_B2#1"": 0.9946288953890062, ""FCC_L12#1"": 0.000706467174850214, ""HCP_A3#1"": 0.001961739020871262, ""HCP_A3#2"": 0.00270289841527208}",0.92,0.005,873.0
0.92,0.005,0.015,0.055,0.005,"{""BCC_B2#1"": 0.9946844247931425, ""FCC_L12#1"": 0.0006985014402696692, ""HCP_A3#1"": 0.001940177129382459, ""HCP_A3#2"": 0.0026768966372055234}",0.92,0.005,873.0
0.9199999999999999,0.005,0.02,0.05,0.005,"{""BCC_B2#1"": 0.9947413783142252, ""FCC_L12#1"": 0.0006905065599346308, ""HCP_A3#1"": 0.001917722698577331, ""HCP_A3#2"": 0.002650392427262809}",0.92,0.005,873.0
0.92,0.005,0.025,0.045,0.005,"{""BCC_B2#1"": 0.9947999194583481, ""FCC_L12#1"": 0.0006824855095906452, ""HCP_A3#1"": 0.0018941695473296066, ""HCP_A3#2"": 0.0026234254847318527}",0.92,0.005,873.0
0.92,0.005,0.03,0.04,0.005,"{""BCC_B2#1"": 0.994860298813362, ""FCC_L12#1"": 0.0006744418167086729, ""HCP_A3#1"": 0.0018692147062015227, ""HCP_A3#2"": 0.002596044663727424}",0.92,0.005,873.0
0.9199999999999999,0.005,0.035,0.035,0.005,"{""BCC_B2#1"": 0.9949228928457996, ""FCC_L12#1"": 0.0006663797811305039, ""HCP_A3#1"": 0.0018424163861720398, ""HCP_A3#2"": 0.0025683109868978853}",0.92,0.005,873.0
0.92,0.005,0.04,0.03,0.005,"{""BCC_B2#1"": 0.9949882579572783, ""FCC_L12#1"": 0.0006583047608138004, ""HCP_A3#1"": 0.0018131358212511671, ""HCP_A3#2"": 0.0025403014606570967}",0.92,0.005,873.0
0.92,0.005,0.045,0.025,0.005,"{""BCC_B2#1"": 0.9950572037260399, ""FCC_L12#1"": 0.0006502235258879442, ""HCP_A3#1"": 0.0017804590810021129, ""HCP_A3#2"": 0.0025121136670697426}",0.92,0.005,873.0
0.92,0.005,0.05,0.02,0.005,"{""BCC_B2#1"": 0.995130888111953, ""FCC_L12#1"": 0.0006421446663750855, ""HCP_A3#1"": 0.0017430963883212274, ""HCP_A3#2"": 0.002483870833350857}",0.92,0.005,873.0
0.92,0.005,0.055,0.015,0.005,"{""BCC_B2#1"": 0.9952109337361823, ""FCC_L12#1"": 0.000634079004543854, ""HCP_A3#1"": 0.001699260674802011, ""HCP_A3#2"": 0.0024557265844716847}",0.92,0.005,873.0
0.92,0.005,0.06,0.01,0.005,"{""BCC_B2#1"": 0.9952995568301689, ""FCC_L12#1"": 0.0006260399095093126, ""HCP_A3#1"": 0.0016465354045230517, ""HCP_A3#2"": 0.0024278678557987897}",0.92,0.005,873.0
0.9199999999999999,0.005,0.065,0.005,0.005,"{""BCC_B2#1"": 0.9953996889252186, ""FCC_L12#1"": 0.0006180433502676846, ""HCP_A3#1"": 0.0015817540609042308, ""HCP_A3#2"": 0.0024005136636095895}",0.92,0.005,873.0
0.9199999999999999,0.005,0.07,0.0,0.005,"{""BCC_B2#1"": 0.9955150592647649, ""FCC_L12#1"": 0.0006101074912617132, ""HCP_A3#2"": 0.0023739071407399793, ""HCP_A3#3"": 0.0015009261032333482}",0.92,0.005,873.0
0.92,0.01,0.0,0.065,0.005,"{""BCC_B2#1"": 0.9945752993687227, ""FCC_L12#1"": 0.0007146418413031503, ""HCP_A3#1"": 0.0019831507089873818, ""HCP_A3#2"": 0.002726908080986586}",0.92,0.005,873.0
0.92,0.01,0.005,0.06,0.005,"{""BCC_B2#1"": 0.9946292087446668, ""FCC_L12#1"": 0.0007067117342033936, ""HCP_A3#1"": 0.0019625607341525616, ""HCP_A3#2"": 0.0027015187869772216}",0.92,0.005,873.0
0.92,0.01,0.01,0.055,0.005,"{""BCC_B2#1"": 0.9946843862664948, ""FCC_L12#1"": 0.0006987490665683958, ""HCP_A3#1"": 0.001941280185386063, ""HCP_A3#2"": 0.002675584481550954}",0.92,0.005,873.0
0.9199999999999999,0.01,0.015,0.05,0.005,"{""BCC_B2#1"": 0.9947409100778113, ""FCC_L12#1"": 0.0006907562571852035, ""HCP_A3#1"": 0.0019191984723884647, ""HCP_A3#2"": 0.002649135192615073}",0.92,0.005,873.0
0.92,0.01,0.02,0.045,0.005,"{""BCC_B2#1"": 0.9947989068643278, ""FCC_L12#1"": 0.0006827360345703081, ""HCP_A3#1"": 0.0018961504254753324, ""HCP_A3#2"": 0.002622206675626477}",0.92,0.005,873.0
0.9199999999999999,0.01,0.025,0.04,0.005,"{""BCC_B2#1"": 0.9948585744081022, ""FCC_L12#1"": 0.0006746915768292601, ""HCP_A3#1"": 0.0018718916499075096, ""HCP_A3#2"": 0.0025948423651607957}",0.92,0.005,873.0
0.9199999999999999,0.01,0.03,0.035,0.005,"{""BCC_B2#1"": 0.994920213923735, ""FCC_L12#1"": 0.0006666266997611861, ""HCP_A3#1"": 0.0018460634234307755, ""HCP_A3#2"": 0.0025670959530725516}",0.92,0.005,873.0
0.9199999999999999,0.01,0.035,0.03,0.005,"{""BCC_B2#1"": 0.9949842757222438, ""FCC_L12#1"": 0.0006585461051446706, ""HCP_A3#1"": 0.0018181434503163282, ""HCP_A3#2"": 0.0025390347222951828}",0.92,0.005,873.0
0.9199999999999999,0.01,0.04,0.025,0.005,"{""BCC_B2#1"": 0.9950514222783787, ""FCC_L12#1"": 0.0006504556978384997, ""HCP_A3#1"": 0.0017873783251292127, ""HCP_A3#2"": 0.002510743698653571}",0.92,0.005,873.0
0.92,0.01,0.045,0.02,0.005,"{""BCC_B2#1"": 0.9951226125148165, ""FCC_L12#1"": 0.0006423629693602644, ""HCP_A3#1"": 0.0017526940108857966, ""HCP_A3#2"": 0.002482330504937366}",0.92,0.005,873.0
0.9199999999999999,0.01,0.05,0.015,0.005,"{""BCC_B2#1"": 0.9951992090445985, ""FCC_L12#1"": 0.0006342774212441039, ""HCP_A3#1"": 0.0017125830951790783, ""HCP_A3#2"": 0.002453930438978147}",0.92,0.005,873.0
0.92,0.01,0.055,0.01,0.005,"{""BCC_B2#1"": 0.9952831048176232, ""FCC_L12#1"": 0.0006262109583169451, ""HCP_A3#1"": 0.0016649735326817786, ""HCP_A3#2"": 0.002425710691377957}",0.92,0.005,873.0
0.92,0.01,0.06,0.005,0.005,"{""BCC_B2#1"": 0.9953768559705538, ""FCC_L12#1"": 0.0006181781215353143, ""HCP_A3#1"": 0.0016070940904698396, ""HCP_A3#2"": 0.002397871817440933}",0.92,0.005,873.0
0.92,0.01,0.065,0.0,0.005,"{""BCC_B2#1"": 0.9954837947078142, ""FCC_L12#1"": 0.0006101959731167882, ""HCP_A3#1"": 0.001535365416050123, ""HCP_A3#2"": 0.0023706439030188207}",0.92,0.005,873.0
0.92,0.015,0.0,0.06,0.005,"{""BCC_B2#1"": 0.9946294114033231, ""FCC_L12#1"": 0.0007069647514041938, ""HCP_A3#1"": 0.0019633710931216035, ""HCP_A3#2"": 0.002700252752151317}",0.92,0.005,873.0
0.92,0.015,0.005,0.055,0.005,"{""BCC_B2#1"": 0.9946842656153277, ""FCC_L12#1"": 0.0006990056729064725, ""HCP_A3#1"": 0.0019423344766800361, ""HCP_A3#2"": 0.0026743942350855505}",0.92,0.005,873.0
0.9199999999999999,0.015,0.01,0.05,0.005,"{""BCC_B2#1"": 0.9947404038967531, ""FCC_L12#1"": 0.0006910155593118219, ""HCP_A3#1"": 0.0019205707454519763, ""HCP_A3#2"": 0.0026480097984831878}",0.92,0.005,873.0
0.92,0.015,0.015,0.045,0.005,"{""BCC_B2#1"": 0.9947979226066479, ""FCC_L12#1"": 0.0006829969381551122, ""HCP_A3#1"": 0.001897948508775374, ""HCP_A3#2"": 0.0026211319464214686}",0.92,0.005,873.0
0.9199999999999999,0.015,0.02,0.04,0.005,"{""BCC_B2#1"": 0.9948569758602969, ""FCC_L12#1"": 0.0006749526998544333, ""HCP_A3#1"": 0.001874271832406746, ""HCP_A3#2"": 0.0025937996074420953}",0.92,0.005,873.0
0.9199999999999999,0.015,0.025,0.035,0.005,"{""BCC_B2#1"": 0.9949178022675654, ""FCC_L12#1"": 0.0006668862565901252, ""HCP_A3#1"": 0.0018492511576796457, ""HCP_A3#2"": 0.0025660603181647808}",0.92,0.005,873.0
0.92,0.015,0.03,0.03,0.005,"{""BCC_B2#1"": 0.9949807631079112, ""FCC_L12#1"": 0.0006588017550346266, ""HCP_A3#1"": 0.0018224620443289057, ""HCP_A3#2"": 0.0025379730927252452}",0.92,0.005,873.0
0.9199999999999999,0.015,0.035,0.025,0.005,"{""BCC_B2#1"": 0.9950463958804887, ""FCC_L12#1"": 0.0006507043544060028, ""HCP_A3#1"": 0.0017932876745256987, ""HCP_A3#2"": 0.0025096120905796254}",0.92,0.005,873.0
0.92,0.015,0.04,0.02,0.005,"{""BCC_B2#1"": 0.9951154874869166, ""FCC_L12#1"": 0.0006426005754530808, ""HCP_A3#1"": 0.0017608408475842652, ""HCP_A3#2"": 0.0024810710900459707}",0.92,0.005,873.0
0.92,0.015,0.045,0.015,0.005,"{""BCC_B2#1"": 0.9951891704369842, ""FCC_L12#1"": 0.0006344987100954935, ""HCP_A3#1"": 0.001723862325019139, ""HCP_A3#2"": 0.0024524685279012966}",0.92,0.005,873.0
0.92,0.015,0.05,0.01,0.005,"{""BCC_B2#1"": 0.995269042154631, ""FCC_L12#1"": 0.0006264092493404192, ""HCP_A3#1"": 0.0016805961951631852, ""HCP_A3#2"": 0.002423952400865515}",0.92,0.005,873.0
0.9199999999999999,0.015,0.055,0.005,0.005,"{""BCC_B2#1"": 0.9953573002005948, ""FCC_L12#1"": 0.0006183452348790543, ""HCP_A3#1"": 0.0016286509534976293, ""HCP_A3#2"": 0.002395703611028634}",0.92,0.005,873.0
0.92,0.015,0.06,0.0,0.005,"{""BCC_B2#1"": 0.9954568744389468, ""FCC_L12#1"": 0.0006103223752562785, ""HCP_A3#1"": 0.001564867670469487, ""HCP_A3#2"": 0.0023679355153278267}",0.92,0.005,873.0
0.92,0.02,0.0,0.055,0.005,"{""BCC_B2#1"": 0.9946840492678074, ""FCC_L12#1"": 0.0006992709056775047, ""HCP_A3#1"": 0.0019433619351772713, ""HCP_A3#2"": 0.0026733178913380187}",0.92,0.005,873.0
0.9199999999999999,0.02,0.005,0.05,0.005,"{""BCC_B2#1"": 0.9947398372370653, ""FCC_L12#1"": 0.0006912840454758956, ""HCP_A3#1"": 0.0019218715892961994, ""HCP_A3#2"": 0.0026470071281623157}",0.92,0.005,873.0
0.92,0.02,0.01,0.045,0.005,"{""BCC_B2#1"": 0.9947969315442656, ""FCC_L12#1"": 0.0006832677043887682, ""HCP_A3#1"": 0.0018996101131071046, ""HCP_A3#2"": 0.0026201906382386747}",0.92,0.005,873.0
0.9199999999999999,0.02,0.015,0.04,0.005,"{""BCC_B2#1"": 0.9948554503622187, ""FCC_L12#1"": 0.0006752245379816267, ""HCP_A3#1"": 0.0018764214743233385, ""HCP_A3#2"": 0.0025929036254763757}",0.92,0.005,873.0
0.9199999999999999,0.02,0.02,0.035,0.005,"{""BCC_B2#1"": 0.9949155805231676, ""FCC_L12#1"": 0.0006671576248626329, ""HCP_A3#1"": 0.001852073357598309, ""HCP_A3#2"": 0.002565188494371572}",0.92,0.005,873.0
0.92,0.02,0.025,0.03,0.005,"{""BCC_B2#1"": 0.9949776091520219, ""FCC_L12#1"": 0.0006590706469353048, ""HCP_A3#1"": 0.0018262229107975465, ""HCP_A3#2"": 0.002537097290245206}",0.92,0.005,873.0
0.9199999999999999,0.02,0.03,0.025,0.005,"{""BCC_B2#1"": 0.9950419686034117, ""FCC_L12#1"": 0.0006509681291841003, ""HCP_A3#1"": 0.0017983683862300118, ""HCP_A3#2"": 0.002508694881174326}",0.92,0.005,873.0
0.9199999999999999,0.02,0.035,0.02,0.005,"{""BCC_B2#1"": 0.995109298992485, ""FCC_L12#1"": 0.0006428557491957014, ""HCP_A3#1"": 0.0017677822933718696, ""HCP_A3#2"": 0.0024800629649476334}",0.92,0.005,873.0
0.92,0.02,0.04,0.015,0.005,"{""BCC_B2#1"": 0.995180532576886, ""FCC_L12#1"": 0.0006347407172988818, ""HCP_A3#1"": 0.0017334218768121474, ""HCP_A3#2"": 0.0024513048290026335}",0.92,0.005,873.0
0.92,0.02,0.045,0.01,0.005,"{""BCC_B2#1"": 0.9952570025185756, ""FCC_L12#1"": 0.0006266322061662399, ""HCP_A3#1"": 0.0016938148149908557, ""HCP_A3#2"": 0.0024225504602673363}",0.92,0.005,873.0
0.9199999999999999,0.02,0.05,0.005,0.005,"{""BCC_B2#1"": 0.9953405736430035, ""FCC_L12#1"": 0.000618541767804801, ""HCP_A3#1"": 0.0016469235636350549, ""HCP_A3#2"": 0.0023939610255568375}",0.92,0.005,873.0
0.92,0.02,0.055,0.0,0.005,"{""BCC_B2#1"": 0.9954337833146905, ""FCC_L12#1"": 0.0006104836153582753, ""HCP_A3#1"": 0.0015900021296792616, ""HCP_A3#2"": 0.0023657309402717874}",0.92,0.005,873.0
0.9199999999999999,0.025,0.0,0.05,0.005,"{""BCC_B2#1"": 0.9947391925918351, ""FCC_L12#1"": 0.0006915613344424033, ""HCP_A3#1"": 0.0019231272830547495, ""HCP_A3#2"": 0.002646118790667473}",0.92,0.005,873.0
0.92,0.025,0.005,0.045,0.005,"{""BCC_B2#1"": 0.9947959055276946, ""FCC_L12#1"": 0.0006835478737098911, ""HCP_A3#1"": 0.0026193730942268185, ""HCP_A3#2"": 0.0019011735043683701}",0.92,0.005,873.0
0.9199999999999999,0.025,0.01,0.04,0.005,"{""BCC_B2#1"": 0.9948539547826073, ""FCC_L12#1"": 0.0006755065215006829, ""HCP_A3#1"": 0.0018783956859254184, ""HCP_A3#2"": 0.0025921430099666897}",0.92,0.005,873.0
0.9199999999999999,0.025,0.015,0.035,0.005,"{""BCC_B2#1"": 0.9949134845841142, ""FCC_L12#1"": 0.0006674400831001248, ""HCP_A3#1"": 0.0018546086430149464, ""HCP_A3#2"": 0.0025644666897706916}",0.92,0.005,873.0
0.92,0.025,0.02,0.03,0.005,"{""BCC_B2#1"": 0.9949747206945004, ""FCC_L12#1"": 0.0006593518549034135, ""HCP_A3#1"": 0.0018295370996234779, ""HCP_A3#2"": 0.002536390350973027}",0.92,0.005,873.0
0.9199999999999999,0.025,0.025,0.025,0.005,"{""BCC_B2#1"": 0.9950380077473985, ""FCC_L12#1"": 0.0006512458284918988, ""HCP_A3#1"": 0.0018027754267574113, ""HCP_A3#2"": 0.0025079709973524007}",0.92,0.005,873.0
0.92,0.025,0.03,0.02,0.005,"{""BCC_B2#1"": 0.9951038619663273, ""FCC_L12#1"": 0.0006431269597608349, ""HCP_A3#1"": 0.001773731143619896, ""HCP_A3#2"": 0.0024792799302917378}",0.92,0.005,873.0
0.9199999999999999,0.025,0.035,0.015,0.005,"{""BCC_B2#1"": 0.9951730438186264, ""FCC_L12#1"": 0.0006350015109050223, ""HCP_A3#1"": 0.001741547583171119, ""HCP_A3#2"": 0.002450407087297602}",0.92,0.005,873.0
0.92,0.025,0.04,0.01,0.005,"{""BCC_B2#1"": 0.9952466545849789, ""FCC_L12#1"": 0.0006268774592336348, ""HCP_A3#1"": 0.0017050019298670272, ""HCP_A3#2"": 0.002421466025920417}",0.92,0.005,873.0
0.9199999999999999,0.025,0.045,0.005,0.005,"{""BCC_B2#1"": 0.9953262579203384, ""FCC_L12#1"": 0.0006187649372802953, ""HCP_A3#1"": 0.0016623782010254326, ""HCP_A3#2"": 0.002392598941355916}",0.92,0.005,873.0
0.9199999999999999,0.025,0.05,0.0,0.005,"{""BCC_B2#1"": 0.9954140206019875, ""FCC_L12#1"": 0.0006106766183320845, ""HCP_A3#1"": 0.0016113223637816247, ""HCP_A3#2"": 0.0023639804158985607}",0.92,0.005,873.0
0.92,0.03,0.0,0.045,0.005,"{""BCC_B2#1"": 0.9947948223814973, ""FCC_L12#1"": 0.000683837033237016, ""HCP_A3#1"": 0.0019026701008948651, ""HCP_A3#2"": 0.0026186704843709605}",0.92,0.005,873.0
0.92,0.03,0.005,0.04,0.005,"{""BCC_B2#1"": 0.9948524543063579, ""FCC_L12#1"": 0.0006757981464598374, ""HCP_A3#1"": 0.0025915074874266527, ""HCP_A3#2"": 0.001880240059755909}",0.92,0.005,873.0
0.9199999999999999,0.03,0.01,0.035,0.005,"{""BCC_B2#1"": 0.9949114618394809, ""FCC_L12#1"": 0.0006677330000373102, ""HCP_A3#1"": 0.0025638826406311358, ""HCP_A3#2"": 0.0018569225198506742}",0.92,0.005,873.0
0.92,0.03,0.015,0.03,0.005,"{""BCC_B2#1"": 0.9949720202513267, ""FCC_L12#1"": 0.0006596445733875372, ""HCP_A3#1"": 0.0018324978552099293, ""HCP_A3#2"": 0.002535837320076053}",0.92,0.005,873.0
0.9199999999999999,0.03,0.02,0.025,0.005,"{""BCC_B2#1"": 0.9950344015175884, ""FCC_L12#1"": 0.0006515364139648201, ""HCP_A3#1"": 0.0018066401379864625, ""HCP_A3#2"": 0.002507421930460376}",0.92,0.005,873.0
0.92,0.03,0.025,0.02,0.005,"{""BCC_B2#1"": 0.9950990182691295, ""FCC_L12#1"": 0.0006434128676374387, ""HCP_A3#1"": 0.0017788699339515118, ""HCP_A3#2"": 0.0024786989292817185}",0.92,0.005,873.0
0.92,0.03,0.03,0.015,0.005,"{""BCC_B2#1"": 0.9951664853968796, ""FCC_L12#1"": 0.0006352793791226804, ""HCP_A3#1"": 0.0017484885472020641, ""HCP_A3#2"": 0.0024497466767954223}",0.92,0.005,873.0
0.92,0.03,0.035,0.01,0.005,"{""BCC_B2#1"": 0.9952377039755803, ""FCC_L12#1"": 0.000627142866377381, ""HCP_A3#1"": 0.001714489077216374, ""HCP_A3#2"": 0.0024206640808260575}",0.92,0.005,873.0
0.9199999999999999,0.03,0.04,0.005,0.005,"{""BCC_B2#1"": 0.9953139708107613, ""FCC_L12#1"": 0.0006190121532648137, ""HCP_A3#1"": 0.001675441328370627, ""HCP_A3#2"": 0.00239157570760317}",0.92,0.005,873.0
0.92,0.03,0.045,0.0,0.005,"{""BCC_B2#1"": 0.9953971124683627, ""FCC_L12#1"": 0.0006108984066256081, ""HCP_A3#1"": 0.0016293526359692134, ""HCP_A3#2"": 0.002362636489042358}",0.92,0.005,873.0
0.9199999999999999,0.035,0.0,0.04,0.005,"{""BCC_B2#1"": 0.9948509212220751, ""FCC_L12#1"": 0.0006760989636418041, ""HCP_A3#1"": 0.0018819920888867132, ""HCP_A3#2"": 0.00259098772539655}",0.92,0.005,873.0
0.9199999999999999,0.035,0.005,0.035,0.005,"{""BCC_B2#1"": 0.9949094695677771, ""FCC_L12#1"": 0.0006680358207771202, ""HCP_A3#1"": 0.002563425369052916, ""HCP_A3#2"": 0.0018590692423930632}",0.92,0.005,873.0
0.9199999999999999,0.035,0.01,0.03,0.005,"{""BCC_B2#1"": 0.9949694439782032, ""FCC_L12#1"": 0.0006599481006464193, ""HCP_A3#1"": 0.0018351829593376905, ""HCP_A3#2"": 0.002535424961812989}",0.92,0.005,873.0
0.9199999999999999,0.035,0.015,0.025,0.005,"{""BCC_B2#1"": 0.9950310566215862, ""FCC_L12#1"": 0.0006518389842741233, ""HCP_A3#1"": 0.0018100729822071555, ""HCP_A3#2"": 0.0025070314119329754}",0.92,0.005,873.0
0.9199999999999999,0.035,0.02,0.02,0.005,"{""BCC_B2#1"": 0.9950946342026366, ""FCC_L12#1"": 0.0006437123074881256, ""HCP_A3#1"": 0.0017833537629556213, ""HCP_A3#2"": 0.002478299726919483}",0.92,0.005,873.0
0.9199999999999999,0.035,0.025,0.015,0.005,"{""BCC_B2#1"": 0.9951606695367309, ""FCC_L12#1"": 0.0006355728200016869, ""HCP_A3#1"": 0.0017544592833100001, ""HCP_A3#2"": 0.002449298359957665}",0.92,0.005,873.0
0.92,0.035,0.03,0.01,0.005,"{""BCC_B2#1"": 0.9952298932099098, ""FCC_L12#1"": 0.000627426518563132, ""HCP_A3#1"": 0.0017225668739238873, ""HCP_A3#2"": 0.002420113397603422}",0.92,0.005,873.0
0.9199999999999999,0.035,0.035,0.005,0.005,"{""BCC_B2#1"": 0.9953033698582355, ""FCC_L12#1"": 0.0006192810521903655, ""HCP_A3#1"": 0.0016864956276303874, ""HCP_A3#2"": 0.002390853461943881}",0.92,0.005,873.0
0.9199999999999999,0.035,0.04,0.0,0.005,"{""BCC_B2#1"": 0.9953826211481798, ""FCC_L12#1"": 0.0006111461708469024, ""HCP_A3#1"": 0.0016445778726546605, ""HCP_A3#2"": 0.002361654808318556}",0.92,0.005,873.0
0.9199999999999999,0.04,0.0,0.035,0.005,"{""BCC_B2#1"": 0.9949074734961507, ""FCC_L12#1"": 0.0006683480543193343, ""HCP_A3#1"": 0.0018610934825935988, ""HCP_A3#2"": 0.002563084966936196}",0.92,0.005,873.0
0.92,0.04,0.005,0.03,0.005,"{""BCC_B2#1"": 0.9949669397832899, ""FCC_L12#1"": 0.0006602618232960167, ""HCP_A3#1"": 0.0018376568995171387, ""HCP_A3#2"": 0.0025351414938970815}",0.92,0.005,873.0
0.9199999999999999,0.04,0.01,0.025,0.005,"{""BCC_B2#1"": 0.9950278959224745, ""FCC_L12#1"": 0.0006521527570663736, ""HCP_A3#1"": 0.002506785102256572, ""HCP_A3#2"": 0.0018131662182021805}",0.92,0.005,873.0
0.92,0.04,0.015,0.02,0.005,"{""BCC_B2#1"": 0.9950905978366625, ""FCC_L12#1"": 0.0006440242691460447, ""HCP_A3#1"": 0.001787313318538953, ""HCP_A3#2"": 0.0024780645756523893}",0.92,0.005,873.0
0.92,0.04,0.02,0.015,0.005,"{""BCC_B2#1"": 0.9951554368866299, ""FCC_L12#1"": 0.0006358805254459226, ""HCP_A3#1"": 0.0017596426045102572, ""HCP_A3#2"": 0.0024490399834138916}",0.92,0.005,873.0
0.92,0.04,0.025,0.01,0.005,"{""BCC_B2#1"": 0.995223000174337, ""FCC_L12#1"": 0.0006277267342363246, ""HCP_A3#1"": 0.0017294867288570068, ""HCP_A3#2"": 0.0024197863625698944}",0.92,0.005,873.0
0.9199999999999999,0.04,0.03,0.005,0.005,"{""BCC_B2#1"": 0.995294153454393, ""FCC_L12#1"": 0.0006195695125537917, ""HCP_A3#1"": 0.0016958788058567744, ""HCP_A3#2"": 0.0023903982271966866}",0.92,0.005,873.0
0.9199999999999999,0.04,0.035,0.0,0.005,"{""BCC_B2#1"": 0.9953701507025997, ""FCC_L12#1"": 0.0006114173186721967, ""HCP_A3#1"": 0.0016574373304495947, ""HCP_A3#2"": 0.002360994648278527}",0.92,0.005,873.0
0.92,0.045,0.0,0.03,0.005,"{""BCC_B2#1"": 0.9949644656209257, ""FCC_L12#1"": 0.0006605852022563018, ""HCP_A3#1"": 0.0018399728281036892, ""HCP_A3#2"": 0.0025349763487142953}",0.92,0.005,873.0
0.92,0.045,0.005,0.025,0.005,"{""BCC_B2#1"": 0.9950248562341217, ""FCC_L12#1"": 0.0006524770518414225, ""HCP_A3#1"": 0.0025066703017589454, ""HCP_A3#2"": 0.0018159964122779983}",0.92,0.005,873.0
0.92,0.045,0.01,0.02,0.005,"{""BCC_B2#1"": 0.9950868163318944, ""FCC_L12#1"": 0.0006443478782108813, ""HCP_A3#1"": 0.002477977885903859, ""HCP_A3#2"": 0.001790857903991011}",0.92,0.005,873.0
0.92,0.045,0.015,0.015,0.005,"{""BCC_B2#1"": 0.9951506536031213, ""FCC_L12#1"": 0.0006362013620252787, ""HCP_A3#1"": 0.0017641928929215901, ""HCP_A3#2"": 0.002448952141931778}",0.92,0.005,873.0
0.92,0.045,0.02,0.01,0.005,"{""BCC_B2#1"": 0.9952168355984361, ""FCC_L12#1"": 0.0006280420456962712, ""HCP_A3#1"": 0.0017354636505883174, ""HCP_A3#2"": 0.002419658705279075}",0.92,0.005,873.0
0.9199999999999999,0.045,0.025,0.005,0.005,"{""BCC_B2#1"": 0.9952860599454685, ""FCC_L12#1"": 0.000619875655988904, ""HCP_A3#1"": 0.0017038845702672723, ""HCP_A3#2"": 0.002390179828275681}",0.92,0.005,873.0
0.92,0.045,0.03,0.0,0.005,"{""BCC_B2#1"": 0.9953593496804568, ""FCC_L12#1"": 0.0006117095029623043, ""HCP_A3#1"": 0.0016683216419180794, ""HCP_A3#2"": 0.0023606191746629894}",0.92,0.005,873.0
0.9199999999999999,0.05,0.0,0.025,0.005,"{""BCC_B2#1"": 0.9950218863090592, ""FCC_L12#1"": 0.0006528112741955778, ""HCP_A3#1"": 0.0018186267288778585, ""HCP_A3#2"": 0.002506675687867381}",0.92,0.005,873.0
0.92,0.05,0.005,0.02,0.005,"{""BCC_B2#1"": 0.9950832133829266, ""FCC_L12#1"": 0.0006446823772515263, ""HCP_A3#1"": 0.0017940783259264709, ""HCP_A3#2"": 0.002478025913895503}",0.92,0.005,873.0
0.9199999999999999,0.05,0.01,0.015,0.005,"{""BCC_B2#1"": 0.9951462083362255, ""FCC_L12#1"": 0.0006365343504971165, ""HCP_A3#1"": 0.0024490178351210703, ""HCP_A3#2"": 0.001768239478156395}",0.92,0.005,873.0
0.92,0.05,0.015,0.01,0.005,"{""BCC_B2#1"": 0.9952112399582891, ""FCC_L12#1"": 0.0006283711805104396, ""HCP_A3#1"": 0.0017406796885989918, ""HCP_A3#2"": 0.002419709172601621}",0.92,0.005,873.0
0.9199999999999999,0.05,0.02,0.005,0.005,"{""BCC_B2#1"": 0.995278865338937, ""FCC_L12#1"": 0.0006201978375770992, ""HCP_A3#1"": 0.001710765145749901, ""HCP_A3#2"": 0.0023901716777361436}",0.92,0.005,873.0
0.9199999999999999,0.05,0.025,0.0,0.005,"{""BCC_B2#1"": 0.9953499112272212, ""FCC_L12#1"": 0.0006120206319934573, ""HCP_A3#1"": 0.0016775726539368422, ""HCP_A3#2"": 0.0023604954868481787}",0.92,0.005,873.0
0.92,0.055,0.0,0.02,0.005,"{""BCC_B2#1"": 0.9950797268578061, ""FCC_L12#1"": 0.0006450271082492301, ""HCP_A3#1"": 0.0017970495597098512, ""HCP_A3#2"": 0.0024781964742344753}",0.92,0.005,873.0
0.92,0.055,0.005,0.015,0.005,"{""BCC_B2#1"": 0.9951420092901586, ""FCC_L12#1"": 0.0006368786454080388, ""HCP_A3#1"": 0.0017718899302531647, ""HCP_A3#2"": 0.0024492221341801995}",0.92,0.005,873.0
0.92,0.055,0.01,0.01,0.005,"{""BCC_B2#1"": 0.9952060801369239, ""FCC_L12#1"": 0.0006287130404069567, ""HCP_A3#1"": 0.0024199191787723858, ""HCP_A3#2"": 0.0017452876438967752}",0.92,0.005,873.0
0.9199999999999999,0.055,0.015,0.005,0.005,"{""BCC_B2#1"": 0.9952723801311594, ""FCC_L12#1"": 0.0006205346289578495, ""HCP_A3#1"": 0.0017167347639683694, ""HCP_A3#2"": 0.002390350475914273}",0.92,0.005,873.0
0.92,0.055,0.02,0.0,0.005,"{""BCC_B2#1"": 0.9953415712845866, ""FCC_L12#1"": 0.0006123488656860297, ""HCP_A3#1"": 0.0016854853630095346, ""HCP_A3#2"": 0.0023605944867178315}",0.92,0.005,873.0
0.92,0.06,0.0,0.015,0.005,"{""BCC_B2#1"": 0.9951379814717043, ""FCC_L12#1"": 0.0006372335156853268, ""HCP_A3#1"": 0.0017752331427441852, ""HCP_A3#2"": 0.002449551869866313}",0.92,0.005,873.0
0.92,0.06,0.005,0.01,0.005,"{""BCC_B2#1"": 0.9952012460823597, ""FCC_L12#1"": 0.0006290666794675064, ""HCP_A3#1"": 0.002420272454711995, ""HCP_A3#2"": 0.001749414783461007}",0.92,0.005,873.0
0.92,0.06,0.01,0.005,0.005,"{""BCC_B2#1"": 0.9952664456847158, ""FCC_L12#1"": 0.000620884797269956, ""HCP_A3#1"": 0.0023906958647323577, ""HCP_A3#2"": 0.0017219736532820202}",0.92,0.005,873.0
0.92,0.06,0.015,0.0,0.005,"{""BCC_B2#1"": 0.9953341055075949, ""FCC_L12#1"": 0.0006126926018712621, ""HCP_A3#1"": 0.001692311264916004, ""HCP_A3#2"": 0.0023608906256179655}",0.92,0.005,873.0
0.92,0.065,0.0,0.01,0.005,"{""BCC_B2#1"": 0.9951966476245387, ""FCC_L12#1"": 0.0006294312828837266, ""HCP_A3#1"": 0.00175316638003099, ""HCP_A3#2"": 0.0024207547125465532}",0.92,0.005,873.0
0.9199999999999999,0.065,0.005,0.005,0.005,"{""BCC_B2#1"": 0.9952609304798878, ""FCC_L12#1"": 0.0006212472822870452, ""HCP_A3#1"": 0.0017266321722453429, ""HCP_A3#2"": 0.002391190065580111}",0.92,0.005,873.0
0.92,0.065,0.01,0.0,0.005,"{""BCC_B2#1"": 0.9953273254422338, ""FCC_L12#1"": 0.0006130504562496859, ""HCP_A3#1"": 0.002361361576312265, ""HCP_A3#2"": 0.0016982625252041274}",0.92,0.005,873.0
0.9199999999999999,0.07,0.0,0.005,0.005,"{""BCC_B2#1"": 0.9952557264667911, ""FCC_L12#1"": 0.0006216211734555266, ""HCP_A3#1"": 0.0017308348366529627, ""HCP_A3#2"": 0.0023918175231002333}",0.92,0.005,873.0
0.9199999999999999,0.07,0.005,0.0,0.005,"{""BCC_B2#1"": 0.9953210743920832, ""FCC_L12#1"": 0.0006134212390326644, ""HCP_A3#1"": 0.0017035165004777707, ""HCP_A3#2"": 0.0023619878684064313}",0.92,0.005,873.0
0.92,0.075,0.0,0.0,0.005,"{""BCC_B2#1"": 0.9951025900209438, ""C15_LAVES#1"": 0.00023305128741189215, ""FCC_L12#1"": 0.0006131947278690406, ""HCP_A3#1"": 0.0016994547578136347, ""HCP_A3#2"": 0.0023517092059618426}",0.92,0.005,873.0
0.85,0.0,0.0,0.145,0.005,"{""BCC_B2#1"": 0.9936302806424131, ""FCC_L12#1"": 0.0008382410631156665, ""HCP_A3#2"": 0.003210185850128832, ""HCP_A3#3"": 0.00232129244434263}",0.85,0.005,773.0
0.85,0.0,0.005,0.14,0.005,"{""BCC_B2#1"": 0.9936612556577293, ""FCC_L12#1"": 0.0008310908283134689, ""HCP_A3#1"": 0.0031973760756770766, ""HCP_A3#2"": 0.0023102774382801165}",0.85,0.005,773.0
0.85,0.0,0.01,0.135,0.005,"{""BCC_B2#1"": 0.9936938030813287, ""FCC_L12#1"": 0.0008238720124373732, ""HCP_A3#1"": 0.003183653486178734, ""HCP_A3#2"": 0.0022986714200553273}",0.85,0.005,773.0
0.85,0.0,0.015,0.13,0.005,"{""BCC_B2#1"": 0.9937279194563722, ""FCC_L12#1"": 0.0008165872048486248, ""HCP_A3#1"": 0.003169022442101443, ""HCP_A3#2"": 0.002286470896677774}",0.85,0.005,773.0
0.85,0.0,0.02,0.125,0.005,"{""BCC_B2#1"": 0.9937636045617144, ""FCC_L12#1"": 0.0008092387705926259, ""HCP_A3#1"": 0.0031534850245327904, ""HCP_A3#2"": 0.0022736716431602357}",0.85,0.005,773.0
0.85,0.0,0.025,0.12,0.005,"{""BCC_B2#1"": 0.9938008601630726, ""FCC_L12#1"": 0.000801828899868801, ""HCP_A3#1"": 0.0022602691381992854, ""HCP_A3#2"": 0.0031370417988590936}",0.85,0.005,773.0
0.85,0.0,0.03,0.115,0.005,"{""BCC_B2#1"": 0.9938396889759069, ""FCC_L12#1"": 0.0007943596464009604, ""HCP_A3#1"": 0.002246258926410853, ""HCP_A3#2"": 0.0031196924512812254}",0.85,0.005,773.0
0.85,0.0,0.035,0.11,0.005,"{""BCC_B2#1"": 0.9938800937911353, ""FCC_L12#1"": 0.0007868329575025783, ""HCP_A3#1"": 0.0022316369206219645, ""HCP_A3#2"": 0.0031014363307400174}",0.85,0.005,773.0
0.85,0.0,0.04,0.105,0.005,"{""BCC_B2#1"": 0.993922076731439, ""FCC_L12#1"": 0.0007792506978787679, ""HCP_A3#1"": 0.003082272919348733, ""HCP_A3#2"": 0.0022163996513335795}",0.85,0.005,773.0
0.85,0.0,0.045,0.1,0.005,"{""BCC_B2#1"": 0.9939656386184967, ""FCC_L12#1"": 0.0007716146686896388, ""HCP_A3#1"": 0.0022005444648977106, ""HCP_A3#2"": 0.003062202247915625}",0.85,0.005,773.0
0.85,0.0,0.05,0.095,0.005,"{""BCC_B2#1"": 0.9940107784419814, ""FCC_L12#1"": 0.0007639266230409975, ""HCP_A3#1"": 0.0030412252686641953, ""HCP_A3#2"": 0.00218406966631383}",0.85,0.005,773.0
0.85,0.0,0.055,0.09,0.005,"{""BCC_B2#1"": 0.9940574929309606, ""FCC_L12#1"": 0.0007561882788252848, ""HCP_A3#1"": 0.0021669745959384755, ""HCP_A3#2"": 0.0030193441942754427}",0.85,0.005,773.0
0.85,0.0,0.06,0.085,0.005,"{""BCC_B2#1"": 0.9941057762390413, ""FCC_L12#1"": 0.0007484013296784469, ""HCP_A3#1"": 0.002996562810596623, ""HCP_A3#2"": 0.002149259620683836}",0.85,0.005,773.0
0.85,0.0,0.065,0.08,0.005,"{""BCC_B2#1"": 0.9941556197677248, ""FCC_L12#1"": 0.0007405674547382996, ""HCP_A3#1"": 0.002130926007856788, ""HCP_A3#2"": 0.002972886769680105}",0.85,0.005,773.0
0.85,0.0,0.07,0.075,0.005,"{""BCC_B2#1"": 0.9942070121705688, ""FCC_L12#1"": 0.0007326883278785452, ""HCP_A3#1"": 0.0021119756312587613, ""HCP_A3#2"": 0.0029483238702938896}",0.85,0.005,773.0
0.85,0.0,0.075,0.07,0.005,"{""BCC_B2#1"": 0.9942599396071223, ""FCC_L12#1"": 0.0007247656271650868, ""HCP_A3#1"": 0.002922884334904213, ""HCP_A3#2"": 0.0020924104308080865}",0.85,0.005,773.0
0.85,0.0,0.08,0.065,0.005,"{""BCC_B2#1"": 0.994314386355816, ""FCC_L12#1"": 0.0007168010454524378, ""HCP_A3#2"": 0.0028965810957960834, ""HCP_A3#3"": 0.0020722315029354076}",0.85,0.005,773.0
0.85,0.0,0.085,0.06,0.005,"{""BCC_B2#1"": 0.9943703359573313, ""FCC_L12#1"": 0.0007087963033500198, ""HCP_A3#1"": 0.0028694301091469177, ""HCP_A3#2"": 0.002051437630171866}",0.85,0.005,773.0
0.85,0.0,0.09,0.055,0.005,"{""BCC_B2#1"": 0.9944277731578947, ""FCC_L12#1"": 0.0007007531662968642, ""HCP_A3#1"": 0.002030022950303659, ""HCP_A3#2"": 0.002841450725504578}",0.85,0.005,773.0
0.85,0.0,0.095,0.05,0.005,"{""BCC_B2#1"": 0.9944866870769554, ""FCC_L12#1"": 0.000692673468291996, ""HCP_A3#2"": 0.0028126661589321636, ""HCP_A3#3"": 0.0020079732958202647}",0.85,0.005,773.0
0.85,0.0,0.1,0.045,0.005,"{""BCC_B2#1"": 0.9945470762636495, ""FCC_L12#1"": 0.0006845591460057488, ""HCP_A3#2"": 0.0027831041228907833, ""HCP_A3#3"": 0.0019852604674540524}",0.85,0.005,773.0
0.85,0.0,0.105,0.04,0.005,"{""BCC_B2#1"": 0.9946089566931748, ""FCC_L12#1"": 0.0006764122888883361, ""HCP_A3#2"": 0.0027527977269068997, ""HCP_A3#3"": 0.0019618332910299936}",0.85,0.005,773.0
0.85,0.0,0.11,0.035,0.005,"{""BCC_B2#1"": 0.9946723743452139, ""FCC_L12#1"": 0.0006682352135290497, ""HCP_A3#2"": 0.0027217867770667884, ""HCP_A3#3"": 0.0019376036641902067}",0.85,0.005,773.0
0.85,0.0,0.115,0.03,0.005,"{""BCC_B2#1"": 0.9947374249147226, ""FCC_L12#1"": 0.0006600305742896723, ""HCP_A3#1"": 0.0026901196862111937, ""HCP_A3#2"": 0.0019124248247765936}",0.85,0.005,773.0
0.85,0.0,0.12,0.025,0.005,"{""BCC_B2#1"": 0.994795560183927, ""FCC_L12#1"": 0.0006522035985752796, ""HCP_A3#1"": 0.0018324870510606115, ""HCP_A3#2"": 0.0026656797618783514, ""HCP_A3#3"": 5.406940455878968e-05}",0.85,0.005,773.0
0.85,0.0,0.125,0.02,0.005,"{""BCC_B2#1"": 0.9948501445614581, ""FCC_L12#1"": 0.0006445743518201372, ""HCP_A3#1"": 0.0017146771719548694, ""HCP_A3#2"": 0.0026450163971052216, ""HCP_A3#3"": 0.00014558751766164757}",0.85,0.005,773.0
0.85,0.0,0.13,0.015,0.005,"{""BCC_B2#1"": 0.9949060322580816, ""FCC_L12#1"": 0.0006369139767922775, ""HCP_A3#1"": 0.0015875405765154928, ""HCP_A3#2"": 0.002623657370826537, ""HCP_A3#3"": 0.00024585581778409387}",0.85,0.005,773.0
0.85,0.0,0.135,0.01,0.005,"{""BCC_B2#1"": 0.994963308429352, ""FCC_L12#1"": 0.00062922473403006, ""HCP_A3#1"": 0.0014503063665826943, ""HCP_A3#2"": 0.002601613119691535, ""HCP_A3#3"": 0.000355547350343585}",0.85,0.005,773.0
0.85,0.0,0.14,0.005,0.005,"{""BCC_B2#1"": 0.99502221868545, ""FCC_L12#1"": 0.0006215086962426798, ""HCP_A3#1"": 0.0013021633320616725, ""HCP_A3#2"": 0.0025788913766111635, ""HCP_A3#3"": 0.00047521790963447945}",0.85,0.005,773.0
0.85,0.0,0.145,0.0,0.005,"{""BCC_B2#1"": 0.9950832618628734, ""FCC_L12#1"": 0.0006137677772459607, ""HCP_A3#1"": 0.001142257641611741, ""HCP_A3#2"": 0.00255549754695147, ""HCP_A3#3"": 0.0006052151713174906}",0.85,0.005,773.0
0.85,0.005,0.0,0.14,0.005,"{""BCC_B2#1"": 0.9936654556715488, ""FCC_L12#1"": 0.0008312154611600339, ""HCP_A3#1"": 0.0031941980161244426, ""HCP_A3#2"": 0.002309130851166961}",0.85,0.005,773.0
0.85,0.005,0.005,0.135,0.005,"{""BCC_B2#1"": 0.9936977587537543, ""FCC_L12#1"": 0.0008240068365593677, ""HCP_A3#1"": 0.0031806179861508304, ""HCP_A3#2"": 0.002297616423535622}",0.85,0.005,773.0
0.85,0.005,0.01,0.13,0.005,"{""BCC_B2#1"": 0.9937316456934595, ""FCC_L12#1"": 0.0008167312956427561, ""HCP_A3#1"": 0.0022855018989812064, ""HCP_A3#2"": 0.0031661211119163543}",0.85,0.005,773.0
0.85,0.005,0.015,0.125,0.005,"{""BCC_B2#1"": 0.9937671139643701, ""FCC_L12#1"": 0.0008093913156388485, ""HCP_A3#1"": 0.003150710905870566, ""HCP_A3#2"": 0.0022727838141202877}",0.85,0.005,773.0
0.85,0.005,0.02,0.12,0.005,"{""BCC_B2#1"": 0.993804163428751, ""FCC_L12#1"": 0.0008019891790205135, ""HCP_A3#1"": 0.0022594582748589487, ""HCP_A3#2"": 0.0031343891173696687}",0.85,0.005,773.0
0.85,0.005,0.025,0.115,0.005,"{""BCC_B2#1"": 0.9938427952144625, ""FCC_L12#1"": 0.0007945270161278334, ""HCP_A3#1"": 0.0031171564183767727, ""HCP_A3#2"": 0.0022455213510327583}",0.85,0.005,773.0
0.85,0.005,0.03,0.11,0.005,"{""BCC_B2#1"": 0.9938830107743467, ""FCC_L12#1"": 0.000787006838420989, ""HCP_A3#1"": 0.0030990129816436396, ""HCP_A3#2"": 0.0022309694055887264}",0.85,0.005,773.0
0.85,0.005,0.035,0.105,0.005,"{""BCC_B2#1"": 0.9939248110892449, ""FCC_L12#1"": 0.000779430564690272, ""HCP_A3#1"": 0.003079958977879641, ""HCP_A3#2"": 0.0022157993681853044}",0.85,0.005,773.0
0.85,0.005,0.04,0.1,0.005,"{""BCC_B2#1"": 0.9939681959899733, ""FCC_L12#1"": 0.0007718000419403629, ""HCP_A3#1"": 0.0030599950107663702, ""HCP_A3#2"": 0.002200008957320125}",0.85,0.005,773.0
0.85,0.005,0.045,0.095,0.005,"{""BCC_B2#1"": 0.9940131635846643, ""FCC_L12#1"": 0.0007641170622447151, ""HCP_A3#1"": 0.0030391225034023606, ""HCP_A3#2"": 0.00218359684968887}",0.85,0.005,773.0
0.85,0.005,0.05,0.09,0.005,"{""BCC_B2#1"": 0.9940597097876807, ""FCC_L12#1"": 0.0007563833765751172, ""HCP_A3#1"": 0.003017344046172223, ""HCP_A3#2"": 0.00216656278957228}",0.85,0.005,773.0
0.85,0.005,0.055,0.085,0.005,"{""BCC_B2#1"": 0.9941078279561872, ""FCC_L12#1"": 0.0007486007064186851, ""HCP_A3#1"": 0.002994663713736105, ""HCP_A3#2"": 0.0021489076236580157}",0.85,0.005,773.0
0.85,0.005,0.06,0.08,0.005,"{""BCC_B2#1"": 0.9941575086519658, ""FCC_L12#1"": 0.000740770753878026, ""HCP_A3#1"": 0.0029710873576486783, ""HCP_A3#2"": 0.0021306332365073877}",0.85,0.005,773.0
0.85,0.005,0.065,0.075,0.005,"{""BCC_B2#1"": 0.9942087395611473, ""FCC_L12#1"": 0.0007328952109063487, ""HCP_A3#1"": 0.002946622881018728, ""HCP_A3#2"": 0.002111742346927794}",0.85,0.005,773.0
0.85,0.005,0.07,0.07,0.005,"{""BCC_B2#1"": 0.994261505626058, ""FCC_L12#1"": 0.000724975768356753, ""HCP_A3#1"": 0.002921280502752115, ""HCP_A3#2"": 0.0020922381028328162}",0.85,0.005,773.0
0.85,0.005,0.075,0.065,0.005,"{""BCC_B2#1"": 0.9943157894756683, ""FCC_L12#1"": 0.000717014125641463, ""HCP_A3#1"": 0.002895073021591514, ""HCP_A3#2"": 0.0020721233770988148}",0.85,0.005,773.0
0.85,0.005,0.08,0.06,0.005,"{""BCC_B2#1"": 0.994371572290934, ""FCC_L12#1"": 0.0007090120020288265, ""HCP_A3#1"": 0.0028680160949062536, ""HCP_A3#2"": 0.002051399612130812}",0.85,0.005,773.0
0.85,0.005,0.085,0.055,0.005,"{""BCC_B2#1"": 0.9944288353194144, ""FCC_L12#1"": 0.0007009711510010004, ""HCP_A3#1"": 0.002840128554824786, ""HCP_A3#2"": 0.0020300649747600034}",0.85,0.005,773.0
0.85,0.005,0.09,0.05,0.005,"{""BCC_B2#1"": 0.9944875623768095, ""FCC_L12#1"": 0.0006928933797283142, ""HCP_A3#1"": 0.0028114327958957967, ""HCP_A3#2"": 0.002008111447566644}",0.85,0.005,773.0
0.85,0.005,0.095,0.045,0.005,"{""BCC_B2#1"": 0.9945477438682054, ""FCC_L12#1"": 0.0006847805766995966, ""HCP_A3#1"": 0.0027819552856855087, ""HCP_A3#2"": 0.001985520269409398}",0.85,0.005,773.0
0.85,0.005,0.1,0.04,0.005,"{""BCC_B2#1"": 0.9946093831656476, ""FCC_L12#1"": 0.0006766347519885595, ""HCP_A3#1"": 0.0027517272798306745, ""HCP_A3#2"": 0.0019622548025331815}",0.85,0.005,773.0
0.85,0.005,0.105,0.035,0.005,"{""BCC_B2#1"": 0.9946725066669797, ""FCC_L12#1"": 0.0006684580969227962, ""HCP_A3#1"": 0.002720785852866227, ""HCP_A3#2"": 0.0019382493832311065}",0.85,0.005,773.0
0.85,0.005,0.11,0.03,0.005,"{""BCC_B2#1"": 0.9947371796013259, ""FCC_L12#1"": 0.0006602530730347285, ""HCP_A3#1"": 0.002689175416113736, ""HCP_A3#2"": 0.001913391909525815}",0.85,0.005,773.0
0.85,0.005,0.115,0.025,0.005,"{""BCC_B2#1"": 0.9948022583714595, ""FCC_L12#1"": 0.0006520835085476704, ""HCP_A3#1"": 8.090668913259117e-06, ""HCP_A3#2"": 0.0026581301650251687, ""HCP_A3#3"": 0.0018794372860542808}",0.85,0.005,773.0
0.85,0.005,0.12,0.02,0.005,"{""BCC_B2#1"": 0.9948564011099811, ""FCC_L12#1"": 0.0006444816915905928, ""HCP_A3#1"": 9.997613533701528e-05, ""HCP_A3#2"": 0.002637993224727342, ""HCP_A3#3"": 0.0017611478383639913}",0.85,0.005,773.0
0.85,0.005,0.125,0.015,0.005,"{""BCC_B2#1"": 0.9949118044204673, ""FCC_L12#1"": 0.0006368470772501929, ""HCP_A3#1"": 0.00020070610590941181, ""HCP_A3#2"": 0.0016334967346002913, ""HCP_A3#3"": 0.002617145661772888}",0.85,0.005,773.0
0.85,0.005,0.13,0.01,0.005,"{""BCC_B2#1"": 0.9949684629252633, ""FCC_L12#1"": 0.0006291821598529315, ""HCP_A3#1"": 0.0003110651965074257, ""HCP_A3#2"": 0.0014956890700904577, ""HCP_A3#3"": 0.0025956006482857038}",0.85,0.005,773.0
0.85,0.005,0.135,0.005,0.005,"{""BCC_B2#1"": 0.9950264888829816, ""FCC_L12#1"": 0.0006214892171254659, ""HCP_A3#1"": 0.00043176593532790554, ""HCP_A3#2"": 0.0013468877222530613, ""HCP_A3#3"": 0.0025733682423119976}",0.85,0.005,773.0
0.85,0.005,0.14,0.0,0.005,"{""BCC_B2#1"": 0.9950861846816073, ""FCC_L12#1"": 0.0006137703438163685, ""HCP_A3#1"": 0.0011862106729437422, ""HCP_A3#2"": 0.0025504558079053256, ""HCP_A3#3"": 0.0005633784937273715}",0.85,0.005,773.0
0.85,0.01,0.0,0.135,0.005,"{""BCC_B2#1"": 0.9937016462978361, ""FCC_L12#1"": 0.0008241444108323916, ""HCP_A3#1"": 0.0022965945055635406, ""HCP_A3#2"": 0.003177614785768329}",0.85,0.005,773.0
0.85,0.01,0.005,0.13,0.005,"{""BCC_B2#1"": 0.99373528714718, ""FCC_L12#1"": 0.0008168786957011156, ""HCP_A3#1"": 0.0022845728097820564, ""HCP_A3#2"": 0.0031632613473370477}",0.85,0.005,773.0
0.85,0.01,0.01,0.125,0.005,"{""BCC_B2#1"": 0.9937705225747607, ""FCC_L12#1"": 0.0008095476906047767, ""HCP_A3#1"": 0.002271942504716815, ""HCP_A3#2"": 0.0031479872299176}",0.85,0.005,773.0
0.85,0.01,0.015,0.12,0.005,"{""BCC_B2#1"": 0.993807350429946, ""FCC_L12#1"": 0.0008021537766525564, ""HCP_A3#1"": 0.002258700356024213, ""HCP_A3#2"": 0.0031317954373772674}",0.85,0.005,773.0
0.85,0.01,0.02,0.115,0.005,"{""BCC_B2#1"": 0.9938457701804679, ""FCC_L12#1"": 0.0007946991656443906, ""HCP_A3#1"": 0.002244842976207458, ""HCP_A3#2"": 0.003114687677680076}",0.85,0.005,773.0
0.85,0.01,0.025,0.11,0.005,"{""BCC_B2#1"": 0.9938857818982733, ""FCC_L12#1"": 0.0007871859369026132, ""HCP_A3#1"": 0.0022303671825854307, ""HCP_A3#2"": 0.003096664982238717}",0.85,0.005,773.0
0.85,0.01,0.03,0.105,0.005,"{""BCC_B2#1"": 0.9939273854045397, ""FCC_L12#1"": 0.00077961606617812, ""HCP_A3#1"": 0.002215270295721321, ""HCP_A3#2"": 0.0030777282335609562}",0.85,0.005,773.0
0.85,0.01,0.035,0.1,0.005,"{""BCC_B2#1"": 0.9939705795436884, ""FCC_L12#1"": 0.0007719914485765731, ""HCP_A3#1"": 0.00219955038498061, ""HCP_A3#2"": 0.0030578786227541985}",0.85,0.005,773.0
0.85,0.01,0.04,0.095,0.005,"{""BCC_B2#1"": 0.9940153615682749, ""FCC_L12#1"": 0.0007643139169530846, ""HCP_A3#1"": 0.002183206462506251, ""HCP_A3#2"": 0.00303711805226566}",0.85,0.005,773.0
0.85,0.01,0.045,0.09,0.005,"{""BCC_B2#1"": 0.9940617266266863, ""FCC_L12#1"": 0.0007565852568831078, ""HCP_A3#1"": 0.002166238621452135, ""HCP_A3#2"": 0.0030154494949786222}",0.85,0.005,773.0
0.85,0.01,0.05,0.085,0.005,"{""BCC_B2#1"": 0.9941096673550492, ""FCC_L12#1"": 0.0007488072190820506, ""HCP_A3#1"": 0.002148648107916465, ""HCP_A3#2"": 0.0029928773179523954}",0.85,0.005,773.0
0.85,0.01,0.055,0.08,0.005,"{""BCC_B2#1"": 0.9941591735850347, ""FCC_L12#1"": 0.0007409815299979231, ""HCP_A3#1"": 0.002130437307551817, ""HCP_A3#2"": 0.002969407577415678}",0.85,0.005,773.0
0.85,0.01,0.06,0.075,0.005,"{""BCC_B2#1"": 0.9942102321920567, ""FCC_L12#1"": 0.0007331099012222946, ""HCP_A3#1"": 0.0021116096157136137, ""HCP_A3#2"": 0.0029450482910075263}",0.85,0.005,773.0
0.85,0.01,0.065,0.07,0.005,"{""BCC_B2#1"": 0.9942628271260257, ""FCC_L12#1"": 0.0007251940383557985, ""HCP_A3#1"": 0.002092169141854042, ""HCP_A3#2"": 0.0029198096937645057}",0.85,0.005,773.0
0.85,0.01,0.07,0.065,0.005,"{""BCC_B2#1"": 0.9943169396928196, ""FCC_L12#1"": 0.0007172356500330524, ""HCP_A3#1"": 0.002072120170952546, ""HCP_A3#2"": 0.0028937044861946106}",0.85,0.005,773.0
0.85,0.01,0.075,0.06,0.005,"{""BCC_B2#1"": 0.9943725491944133, ""FCC_L12#1"": 0.0007092364579784376, ""HCP_A3#1"": 0.00205146626124863, ""HCP_A3#2"": 0.0028667480863593634}",0.85,0.005,773.0
0.85,0.01,0.08,0.055,0.005,"{""BCC_B2#1"": 0.9944296340977135, ""FCC_L12#1"": 0.0007011982092649614, ""HCP_A3#1"": 0.002030208789160822, ""HCP_A3#2"": 0.0028389589038608043}",0.85,0.005,773.0
0.85,0.01,0.085,0.05,0.005,"{""BCC_B2#1"": 0.9944881740001088, ""FCC_L12#1"": 0.0006931226924437927, ""HCP_A3#1"": 0.0020083446444541303, ""HCP_A3#2"": 0.002810358662993052}",0.85,0.005,773.0
0.85,0.01,0.09,0.045,0.005,"{""BCC_B2#1"": 0.9945481528153306, ""FCC_L12#1"": 0.0006850117599922726, ""HCP_A3#1"": 0.0019858626086007294, ""HCP_A3#2"": 0.0027809728160763957}",0.85,0.005,773.0
0.85,0.01,0.095,0.04,0.005,"{""BCC_B2#1"": 0.9946095638483285, ""FCC_L12#1"": 0.0006768673607157224, ""HCP_A3#1"": 0.00196273768097477, ""HCP_A3#2"": 0.0027508311099809246}",0.85,0.005,773.0
0.85,0.01,0.1,0.035,0.005,"{""BCC_B2#1"": 0.9946724178141821, ""FCC_L12#1"": 0.0006686915875106569, ""HCP_A3#1"": 0.0027199684016234052, ""HCP_A3#2"": 0.0019389221966839908}",0.85,0.005,773.0
0.85,0.01,0.105,0.03,0.005,"{""BCC_B2#1"": 0.994736755468113, ""FCC_L12#1"": 0.0006604867486115053, ""HCP_A3#1"": 0.002688425856011258, ""HCP_A3#2"": 0.00191433192726432}",0.85,0.005,773.0
0.85,0.01,0.11,0.025,0.005,"{""BCC_B2#1"": 0.994802667441588, ""FCC_L12#1"": 0.0006522554741307575, ""HCP_A3#1"": 0.0026562527290091157, ""HCP_A3#2"": 0.0018888243552721362}",0.85,0.005,773.0
0.85,0.01,0.115,0.02,0.005,"{""BCC_B2#1"": 0.994862656918671, ""FCC_L12#1"": 0.000644370705403384, ""HCP_A3#1"": 5.1234601043050174e-05, ""HCP_A3#2"": 0.0018110833856118229, ""HCP_A3#3"": 0.0026306543892709077}",0.85,0.005,773.0
0.85,0.01,0.12,0.015,0.005,"{""BCC_B2#1"": 0.9949176365983866, ""FCC_L12#1"": 0.0006367631836723772, ""HCP_A3#1"": 0.00015217994814012824, ""HCP_A3#2"": 0.0016830840079803137, ""HCP_A3#3"": 0.002610336261820509}",0.85,0.005,773.0
0.85,0.01,0.125,0.01,0.005,"{""BCC_B2#1"": 0.9949738063571419, ""FCC_L12#1"": 0.0006291237138368619, ""HCP_A3#1"": 0.0002628693108936884, ""HCP_A3#2"": 0.0015448946263991689, ""HCP_A3#3"": 0.0025893059917285652}",0.85,0.005,773.0
0.85,0.01,0.13,0.005,0.005,"{""BCC_B2#1"": 0.9950311718261312, ""FCC_L12#1"": 0.0006214548059246262, ""HCP_A3#1"": 0.0003841440432871323, ""HCP_A3#2"": 0.001395652980573895, ""HCP_A3#3"": 0.0025675763440835588}",0.85,0.005,773.0
0.85,0.01,0.135,0.0,0.005,"{""BCC_B2#1"": 0.9950898781029596, ""FCC_L12#1"": 0.0006137587583245949, ""HCP_A3#1"": 0.0005167563603679678, ""HCP_A3#2"": 0.0012344498029639675, ""HCP_A3#3"": 0.0025451569753839986}",0.85,0.005,773.0
0.85,0.015,0.0,0.13,0.005,"{""BCC_B2#1"": 0.9937388534781989, ""FCC_L12#1"": 0.0008170291773355925, ""HCP_A3#1"": 0.0022836802062627995, ""HCP_A3#2"": 0.0031604371382027213}",0.85,0.005,773.0
0.85,0.015,0.005,0.125,0.005,"{""BCC_B2#1"": 0.993773839721836, ""FCC_L12#1"": 0.0008097076848146139, ""HCP_A3#1"": 0.0022711444221786246, ""HCP_A3#2"": 0.0031453081711709696}",0.85,0.005,773.0
0.85,0.015,0.01,0.12,0.005,"{""BCC_B2#1"": 0.9938104302266412, ""FCC_L12#1"": 0.0008023224961120361, ""HCP_A3#1"": 0.002257992198621865, ""HCP_A3#2"": 0.003129255078624837}",0.85,0.005,773.0
0.85,0.015,0.015,0.115,0.005,"{""BCC_B2#1"": 0.9938486227128708, ""FCC_L12#1"": 0.0007948759099234779, ""HCP_A3#1"": 0.00224422071460711, ""HCP_A3#2"": 0.0031122806625984707}",0.85,0.005,773.0
0.85,0.015,0.02,0.11,0.005,"{""BCC_B2#1"": 0.9938884158164921, ""FCC_L12#1"": 0.0007873700775920487, ""HCP_A3#1"": 0.002229827251950186, ""HCP_A3#2"": 0.0030943868539653574}",0.85,0.005,773.0
0.85,0.015,0.025,0.105,0.005,"{""BCC_B2#1"": 0.9939298081704492, ""FCC_L12#1"": 0.0007798070350364799, ""HCP_A3#1"": 0.0022148095197898924, ""HCP_A3#2"": 0.003075575274724741}",0.85,0.005,773.0
0.85,0.015,0.03,0.1,0.005,"{""BCC_B2#1"": 0.993972797627113, ""FCC_L12#1"": 0.0007721887279631636, ""HCP_A3#1"": 0.0021991659236768376, ""HCP_A3#2"": 0.0030558477212473747}",0.85,0.005,773.0
0.85,0.015,0.035,0.095,0.005,"{""BCC_B2#1"": 0.9940173805990109, ""FCC_L12#1"": 0.0007645170319927221, ""HCP_A3#1"": 0.002182895782991883, ""HCP_A3#2"": 0.003035206586004383}",0.85,0.005,773.0
0.85,0.015,0.04,0.09,0.005,"{""BCC_B2#1"": 0.9940635515055238, ""FCC_L12#1"": 0.0007567937689303106, ""HCP_A3#1"": 0.0021659994952480653, ""HCP_A3#2"": 0.0030136552302980606}",0.85,0.005,773.0
0.85,0.015,0.045,0.085,0.005,"{""BCC_B2#1"": 0.9941113023226233, ""FCC_L12#1"": 0.0007490207201306344, ""HCP_A3#1"": 0.0021484786401368776, ""HCP_A3#2"": 0.002991198317109429}",0.85,0.005,773.0
0.85,0.015,0.05,0.08,0.005,"{""BCC_B2#1"": 0.9941606222422269, ""FCC_L12#1"": 0.0007411996377241275, ""HCP_A3#1"": 0.002130336009039216, ""HCP_A3#2"": 0.0029678421110100354}",0.85,0.005,773.0
0.85,0.015,0.055,0.075,0.005,"{""BCC_B2#1"": 0.9942114974588244, ""FCC_L12#1"": 0.0007333322543608925, ""HCP_A3#1"": 0.002111575535827656, ""HCP_A3#2"": 0.0029435947509869292}",0.85,0.005,773.0
0.85,0.015,0.06,0.07,0.005,"{""BCC_B2#1"": 0.9942639111157126, ""FCC_L12#1"": 0.0007254202920843689, ""HCP_A3#1"": 0.0020922020902186997, ""HCP_A3#2"": 0.0029184665019841745}",0.85,0.005,773.0
0.85,0.015,0.065,0.065,0.005,"{""BCC_B2#1"": 0.9943178434641963, ""FCC_L12#1"": 0.0007174654709761525, ""HCP_A3#1"": 0.0020722210727207877, ""HCP_A3#2"": 0.0028924699921068445}",0.85,0.005,773.0
0.85,0.015,0.07,0.06,0.005,"{""BCC_B2#1"": 0.9943732723209064, ""FCC_L12#1"": 0.000709469518323547, ""HCP_A3#1"": 0.0020516377157137433, ""HCP_A3#2"": 0.002865620445056463}",0.85,0.005,773.0
0.85,0.015,0.075,0.055,0.005,"{""BCC_B2#1"": 0.9944301739577052, ""FCC_L12#1"": 0.0007014341792864753, ""HCP_A3#1"": 0.002030455941026724, ""HCP_A3#2"": 0.0028379359219819025}",0.85,0.005,773.0
0.85,0.015,0.08,0.05,0.005,"{""BCC_B2#1"": 0.9944885246363475, ""FCC_L12#1"": 0.000693361230422422, ""HCP_A3#1"": 0.0020086765389067886, ""HCP_A3#2"": 0.00280943759432346}",0.85,0.005,773.0
0.85,0.015,0.085,0.045,0.005,"{""BCC_B2#1"": 0.994548303123274, ""FCC_L12#1"": 0.0006852524980399848, ""HCP_A3#1"": 0.0019862942980930433, ""HCP_A3#2"": 0.0027801500805931427}",0.85,0.005,773.0
0.85,0.015,0.09,0.04,0.005,"{""BCC_B2#1"": 0.9946094947163887, ""FCC_L12#1"": 0.0006771098843120884, ""HCP_A3#1"": 0.0019632935031159223, ""HCP_A3#2"": 0.002750101896183163}",0.85,0.005,773.0
0.85,0.015,0.095,0.035,0.005,"{""BCC_B2#1"": 0.9946720976232425, ""FCC_L12#1"": 0.0006689354054990699, ""HCP_A3#1"": 0.0027193260937097698, ""HCP_A3#2"": 0.0019396408775484162}",0.85,0.005,773.0
0.85,0.015,0.1,0.03,0.005,"{""BCC_B2#1"": 0.994736133021809, ""FCC_L12#1"": 0.0006607312488252435, ""HCP_A3#1"": 0.0026878612046006473, ""HCP_A3#2"": 0.0019152745247650602}",0.85,0.005,773.0
0.85,0.015,0.105,0.025,0.005,"{""BCC_B2#1"": 0.9948016608974685, ""FCC_L12#1"": 0.0006524998577165237, ""HCP_A3#1"": 0.0026557526436358603, ""HCP_A3#2"": 0.0018900866011794392}",0.85,0.005,773.0
0.85,0.015,0.11,0.02,0.005,"{""BCC_B2#1"": 0.9948688049102121, ""FCC_L12#1"": 0.0006442440594773891, ""HCP_A3#1"": 0.0026230548118163916, ""HCP_A3#2"": 0.0018638962184943195}",0.85,0.005,773.0
0.85,0.015,0.115,0.015,0.005,"{""BCC_B2#1"": 0.9949234699848001, ""FCC_L12#1"": 0.0006366609580167663, ""HCP_A3#1"": 0.00010038282527181801, ""HCP_A3#2"": 0.001736280461919875, ""HCP_A3#3"": 0.002603205769991429}",0.85,0.005,773.0
0.85,0.015,0.12,0.01,0.005,"{""BCC_B2#1"": 0.9949792338648225, ""FCC_L12#1"": 0.0006290482370158949, ""HCP_A3#1"": 0.0002111188914230191, ""HCP_A3#2"": 0.001597890939346112, ""HCP_A3#3"": 0.002582708067392517}",0.85,0.005,773.0
0.85,0.015,0.125,0.005,0.005,"{""BCC_B2#1"": 0.9950361011533811, ""FCC_L12#1"": 0.0006214044568844379, ""HCP_A3#1"": 0.0003325799512839814, ""HCP_A3#2"": 0.0014484178626356593, ""HCP_A3#3"": 0.002561496575815035}",0.85,0.005,773.0
0.85,0.015,0.13,0.0,0.005,"{""BCC_B2#1"": 0.9950940913239285, ""FCC_L12#1"": 0.0006137321468240343, ""HCP_A3#1"": 0.0004656672780011563, ""HCP_A3#2"": 0.0012869256216194716, ""HCP_A3#3"": 0.002539583629627022}",0.85,0.005,773.0
0.85,0.02,0.0,0.125,0.005,"{""BCC_B2#1"": 0.9933698711759329, ""C15_LAVES#1"": 0.0005197909942246305, ""FCC_L12#1"": 0.0008061840337422545, ""HCP_A3#1"": 0.002226215722284111, ""HCP_A3#2"": 0.003077938073816283}",0.85,0.005,773.0
0.85,0.02,0.005,0.12,0.005,"{""BCC_B2#1"": 0.9933733030613703, ""C15_LAVES#1"": 0.0005574714247590188, ""FCC_L12#1"": 0.000798701994716373, ""HCP_A3#1"": 0.002211179625544557, ""HCP_A3#2"": 0.003059343893610098}",0.85,0.005,773.0
0.85,0.02,0.01,0.115,0.005,"{""BCC_B2#1"": 0.993383333378524, ""C15_LAVES#1"": 0.0005883746981728915, ""FCC_L12#1"": 0.0007912178864454525, ""HCP_A3#1"": 0.0021962225365230316, ""HCP_A3#2"": 0.0030408515003345947}",0.85,0.005,773.0
0.85,0.02,0.015,0.11,0.005,"{""BCC_B2#1"": 0.993400496388836, ""C15_LAVES#1"": 0.0006119824814657239, ""FCC_L12#1"": 0.0007837310113310607, ""HCP_A3#1"": 0.0021813397113140363, ""HCP_A3#2"": 0.0030224504070534776}",0.85,0.005,773.0
0.85,0.02,0.02,0.105,0.005,"{""BCC_B2#1"": 0.9934253744559953, ""C15_LAVES#1"": 0.0006277287359228307, ""FCC_L12#1"": 0.0007762406708661296, ""HCP_A3#1"": 0.0021665261697716128, ""HCP_A3#2"": 0.0030041299674442383}",0.85,0.005,773.0
0.85,0.02,0.025,0.1,0.005,"{""BCC_B2#1"": 0.9934586036061672, ""C15_LAVES#1"": 0.0006349941998613506, ""FCC_L12#1"": 0.0007687461658208741, ""HCP_A3#1"": 0.0021517766587169336, ""HCP_A3#2"": 0.0029858793694336003}",0.85,0.005,773.0
0.85,0.02,0.03,0.095,0.005,"{""BCC_B2#1"": 0.9935008796303046, ""C15_LAVES#1"": 0.0006331003410829606, ""FCC_L12#1"": 0.0007612467964908214, ""HCP_A3#1"": 0.0021370856060488135, ""HCP_A3#2"": 0.0029676876260724067}",0.85,0.005,773.0
0.85,0.02,0.035,0.09,0.005,"{""BCC_B2#1"": 0.9935529647720439, ""C15_LAVES#1"": 0.0006213027386620059, ""FCC_L12#1"": 0.0007537418630220263, ""HCP_A3#1"": 0.0021224470627000803, ""HCP_A3#2"": 0.002949543563571871}",0.85,0.005,773.0
0.85,0.02,0.04,0.085,0.005,"{""BCC_B2#1"": 0.9936156950492531, ""C15_LAVES#1"": 0.0005987838502279124, ""FCC_L12#1"": 0.0007462306658256683, ""HCP_A3#1"": 0.002107854628251174, ""HCP_A3#2"": 0.002931435806442221}",0.85,0.005,773.0
0.85,0.02,0.045,0.08,0.005,"{""BCC_B2#1"": 0.9936899882620303, ""C15_LAVES#1"": 0.0005646451176786625, ""FCC_L12#1"": 0.000738712506094971, ""HCP_A3#1"": 0.0020933013544652576, ""HCP_A3#2"": 0.0029133527597309766}",0.85,0.005,773.0
0.85,0.02,0.05,0.075,0.005,"{""BCC_B2#1"": 0.993776852744825, ""C15_LAVES#1"": 0.000517898361474101, ""FCC_L12#1"": 0.0007311866864375302, ""HCP_A3#1"": 0.0020787796188775436, ""HCP_A3#2"": 0.0028952825883856487}",0.85,0.005,773.0
0.85,0.02,0.055,0.07,0.005,"{""BCC_B2#1"": 0.9938773969251669, ""C15_LAVES#1"": 0.00045745641174261073, ""FCC_L12#1"": 0.000723652511637061, ""HCP_A3#1"": 0.0020642809576387443, ""HCP_A3#2"": 0.0028772131938144623}",0.85,0.005,773.0
0.85,0.02,0.06,0.065,0.005,"{""BCC_B2#1"": 0.9939928397561264, ""C15_LAVES#1"": 0.0003821229237747956, ""FCC_L12#1"": 0.0007161092895601108, ""HCP_A3#1"": 0.0020497958427718606, ""HCP_A3#2"": 0.0028591321877668306}",0.85,0.005,773.0
0.85,0.02,0.065,0.06,0.005,"{""BCC_B2#1"": 0.994124522093698, ""C15_LAVES#1"": 0.00029058132694045197, ""FCC_L12#1"": 0.0007085563322260808, ""HCP_A3#1"": 0.002035313383432753, ""HCP_A3#2"": 0.0028410268637030062}",0.85,0.005,773.0
0.85,0.02,0.07,0.055,0.005,"{""BCC_B2#1"": 0.9942739190933348, ""C15_LAVES#1"": 0.000181382860621419, ""FCC_L12#1"": 0.0007009929570630746, ""HCP_A3#1"": 0.002020820923081707, ""HCP_A3#2"": 0.002822884165899131}",0.85,0.005,773.0
0.85,0.02,0.075,0.05,0.005,"{""BCC_B2#1"": 0.9944426537011886, ""C15_LAVES#1"": 5.293365997345268e-05, ""FCC_L12#1"": 0.000693418488378754, ""HCP_A3#1"": 0.0020063034938676647, ""HCP_A3#2"": 0.0028046906565917505}",0.85,0.005,773.0
0.85,0.02,0.08,0.045,0.005,"{""BCC_B2#1"": 0.9945481962751705, ""FCC_L12#1"": 0.0006855026012511129, ""HCP_A3#1"": 0.0019868203965825435, ""HCP_A3#2"": 0.0027794807269958155}",0.85,0.005,773.0
0.85,0.02,0.085,0.04,0.005,"{""BCC_B2#1"": 0.994609173905857, ""FCC_L12#1"": 0.0006773621072910162, ""HCP_A3#1"": 0.001963931232046186, ""HCP_A3#2"": 0.0027495327548057308}",0.85,0.005,773.0
0.85,0.02,0.09,0.035,0.005,"{""BCC_B2#1"": 0.9946715391587057, ""FCC_L12#1"": 0.0006691892962821703, ""HCP_A3#1"": 0.001940420291050378, ""HCP_A3#2"": 0.0027188512539615727}",0.85,0.005,773.0
0.85,0.02,0.095,0.03,0.005,"{""BCC_B2#1"": 0.9947352976169472, ""FCC_L12#1"": 0.0006609862606744276, ""HCP_A3#1"": 0.0026874726163448616, ""HCP_A3#2"": 0.0019162435060336438}",0.85,0.005,773.0
0.85,0.02,0.1,0.025,0.005,"{""BCC_B2#1"": 0.9948004847747957, ""FCC_L12#1"": 0.0006527552960462116, ""HCP_A3#1"": 0.001891320784675928, ""HCP_A3#2"": 0.002655439144482269}",0.85,0.005,773.0
0.85,0.02,0.105,0.02,0.005,"{""BCC_B2#1"": 0.9948671858749147, ""FCC_L12#1"": 0.0006444990032104783, ""HCP_A3#1"": 0.002622800708362327, ""HCP_A3#2"": 0.0018655144135124072}",0.85,0.005,773.0
0.85,0.02,0.11,0.015,0.005,"{""BCC_B2#1"": 0.9949292688943664, ""FCC_L12#1"": 0.0006365388793227239, ""HCP_A3#1"": 4.539880898974086e-05, ""HCP_A3#2"": 0.0017930652179390444, ""HCP_A3#3"": 0.0025957281993822775}",0.85,0.005,773.0
0.85,0.02,0.115,0.01,0.005,"{""BCC_B2#1"": 0.9949846690894678, ""FCC_L12#1"": 0.0006289544167657422, ""HCP_A3#1"": 0.00015594786325651543, ""HCP_A3#2"": 0.0016546450509425277, ""HCP_A3#3"": 0.00257578357956753}",0.85,0.005,773.0
0.85,0.02,0.12,0.005,0.005,"{""BCC_B2#1"": 0.9950411475062019, ""FCC_L12#1"": 0.0006213370344602822, ""HCP_A3#1"": 0.00027726909979925357, ""HCP_A3#2"": 0.001505138434911477, ""HCP_A3#3"": 0.0025551079246269814}",0.85,0.005,773.0
0.85,0.02,0.125,0.0,0.005,"{""BCC_B2#1"": 0.9950986236078959, ""FCC_L12#1"": 0.0006136895251000795, ""HCP_A3#1"": 0.0004103859231441096, ""HCP_A3#2"": 0.0013435842463435813, ""HCP_A3#3"": 0.002533716697516254}",0.85,0.005,773.0
0.85,0.025,0.0,0.12,0.005,"{""BCC_B2#1"": 0.9906007474974646, ""C15_LAVES#1"": 0.004652849209489552, ""FCC_L12#1"": 0.0007970127278956825, ""HCP_A3#2"": 0.0030071435060380226, ""ZRO2_MONO#1"": 0.0009422470591123888}",0.85,0.005,773.0
0.85,0.025,0.005,0.115,0.005,"{""BCC_B2#1"": 0.9906091682583156, ""C15_LAVES#1"": 0.004680249550271873, ""FCC_L12#1"": 0.000789534788219512, ""HCP_A3#2"": 0.0029883940832982105, ""ZRO2_MONO#1"": 0.0009326533198947655}",0.85,0.005,773.0
0.85,0.025,0.01,0.11,0.005,"{""BCC_B2#1"": 0.9906236777083827, ""C15_LAVES#1"": 0.004701452710661003, ""FCC_L12#1"": 0.0007820558508705996, ""HCP_A3#2"": 0.0029697622967900035, ""ZRO2_MONO#1"": 0.000923051433295604}",0.85,0.005,773.0
0.85,0.025,0.015,0.105,0.005,"{""BCC_B2#1"": 0.9906447895735363, ""C15_LAVES#1"": 0.004715954083238101, ""FCC_L12#1"": 0.0007745752523878856, ""HCP_A3#2"": 0.002951240869875426, ""ZRO2_MONO#1"": 0.0009134402209625035}",0.85,0.005,773.0
0.85,0.025,0.02,0.1,0.005,"{""BCC_B2#1"": 0.9909205143189331, ""C15_LAVES#1"": 0.004347554799937327, ""FCC_L12#1"": 0.0007668312202319581, ""HCP_A3#1"": 0.00022855688707458337, ""HCP_A3#2"": 0.0029303853563167905, ""ZRO2_MONO#1"": 0.0008061574175062522}",0.85,0.005,773.0
0.85,0.025,0.025,0.095,0.005,"{""BCC_B2#1"": 0.9920344985553319, ""C15_LAVES#1"": 0.00270853913043122, ""FCC_L12#1"": 0.0007582237954851874, ""HCP_A3#1"": 0.001227212319328628, ""HCP_A3#2"": 0.0029016183942266374, ""ZRO2_MONO#1"": 0.00036990780519640146}",0.85,0.005,773.0
0.85,0.025,0.03,0.09,0.005,"{""BCC_B2#1"": 0.9929867851209423, ""C15_LAVES#1"": 0.0013163539240570983, ""FCC_L12#1"": 0.0007498125370477065, ""HCP_A3#1"": 0.0020722602385126235, ""HCP_A3#2"": 0.00287478817944048}",0.85,0.005,773.0
0.85,0.025,0.035,0.085,0.005,"{""BCC_B2#1"": 0.9930233346046972, ""C15_LAVES#1"": 0.001320119326782239, ""FCC_L12#1"": 0.0007423527413242802, ""HCP_A3#1"": 0.0020575049852545233, ""HCP_A3#2"": 0.00285668834194188}",0.85,0.005,773.0
0.85,0.025,0.04,0.08,0.005,"{""BCC_B2#1"": 0.993069849733912, ""C15_LAVES#1"": 0.00131384243792276, ""FCC_L12#1"": 0.0007348877570470713, ""HCP_A3#1"": 0.0020427968951132074, ""HCP_A3#2"": 0.002838623176005085}",0.85,0.005,773.0
0.85,0.025,0.045,0.075,0.005,"{""BCC_B2#1"": 0.9931271882030994, ""C15_LAVES#1"": 0.0012966846574906693, ""FCC_L12#1"": 0.0007274168860847422, ""HCP_A3#1"": 0.002028128715831493, ""HCP_A3#2"": 0.0028205815374935756}",0.85,0.005,773.0
0.85,0.025,0.05,0.07,0.005,"{""BCC_B2#1"": 0.9931962958437538, ""C15_LAVES#1"": 0.0012677203803053367, ""FCC_L12#1"": 0.0007199394286681805, ""HCP_A3#1"": 0.0020134922018796627, ""HCP_A3#2"": 0.0028025521453932333}",0.85,0.005,773.0
0.85,0.025,0.055,0.065,0.005,"{""BCC_B2#1"": 0.9932782164965216, ""C15_LAVES#1"": 0.0012259274329640404, ""FCC_L12#1"": 0.0007124546838947585, ""HCP_A3#1"": 0.0019988778240454404, ""HCP_A3#2"": 0.0027845235625741315}",0.85,0.005,773.0
0.85,0.025,0.06,0.06,0.005,"{""BCC_B2#1"": 0.9933741027672132, ""C15_LAVES#1"": 0.0011701767296879322, ""FCC_L12#1"": 0.0007049619504071566, ""HCP_A3#1"": 0.001984274379657884, ""HCP_A3#2"": 0.002766484173033852}",0.85,0.005,773.0
0.85,0.025,0.065,0.055,0.005,"{""BCC_B2#1"": 0.9934852277269463, ""C15_LAVES#1"": 0.001099221122239929, ""FCC_L12#1"": 0.0006974605273042422, ""HCP_A3#1"": 0.0019696684678174045, ""HCP_A3#2"": 0.002748422155692038}",0.85,0.005,773.0
0.85,0.025,0.07,0.05,0.005,"{""BCC_B2#1"": 0.9936129976146995, ""C15_LAVES#1"": 0.001011683433870248, ""FCC_L12#1"": 0.0006899497152954035, ""HCP_A3#1"": 0.0019550437809616444, ""HCP_A3#2"": 0.0027303254551732264}",0.85,0.005,773.0
0.85,0.025,0.075,0.045,0.005,"{""BCC_B2#1"": 0.993758965595058, ""C15_LAVES#1"": 0.0009060436899000145, ""FCC_L12#1"": 0.0006824288181839981, ""HCP_A3#1"": 0.0019403801463063995, ""HCP_A3#2"": 0.0027121817505517338}",0.85,0.005,773.0
0.85,0.025,0.08,0.04,0.005,"{""BCC_B2#1"": 0.9939248466097788, ""C15_LAVES#1"": 0.0007806255979901864, ""FCC_L12#1"": 0.0006748971447234317, ""HCP_A3#1"": 0.0019256522263441133, ""HCP_A3#2"": 0.0026939784211630936}",0.85,0.005,773.0
0.85,0.025,0.085,0.035,0.005,"{""BCC_B2#1"": 0.994112533345452, ""C15_LAVES#1"": 0.000633582378289644, ""FCC_L12#1"": 0.0006673540109535197, ""HCP_A3#1"": 0.0019108277541604836, ""HCP_A3#2"": 0.0026757025111441165}",0.85,0.005,773.0
0.85,0.025,0.09,0.03,0.005,"{""BCC_B2#1"": 0.9943241133072085, ""C15_LAVES#1"": 0.0004628821228405602, ""FCC_L12#1"": 0.0006597987431378079, ""HCP_A3#1"": 0.0026573406932818107, ""HCP_A3#2"": 0.001895865133531604}",0.85,0.005,773.0
0.85,0.025,0.095,0.025,0.005,"{""BCC_B2#1"": 0.9945618869421471, ""C15_LAVES#1"": 0.0002662929722387128, ""FCC_L12#1"": 0.0006522306814740186, ""HCP_A3#1"": 0.0018807101709536994, ""HCP_A3#2"": 0.002638879233186545}",0.85,0.005,773.0
0.85,0.025,0.1,0.02,0.005,"{""BCC_B2#1"": 0.9948283866872004, ""C15_LAVES#1"": 4.136855236062082e-05, ""FCC_L12#1"": 0.0006446491848129987, ""HCP_A3#1"": 0.001865291620544898, ""HCP_A3#2"": 0.0026203039550813274}",0.85,0.005,773.0
0.85,0.025,0.105,0.015,0.005,"{""BCC_B2#1"": 0.9949332997043755, ""FCC_L12#1"": 0.0006364857291480126, ""HCP_A3#1"": 0.0018406105786935418, ""HCP_A3#2"": 0.0025896039877828427}",0.85,0.005,773.0
0.85,0.025,0.11,0.01,0.005,"{""BCC_B2#1"": 0.9949900615587274, ""FCC_L12#1"": 0.0006288407600205928, ""HCP_A3#1"": 9.746606185640741e-05, ""HCP_A3#2"": 0.002568506665008055, ""HCP_A3#3"": 0.0017151249543873013}",0.85,0.005,773.0
0.85,0.025,0.115,0.005,0.005,"{""BCC_B2#1"": 0.9950462139440777, ""FCC_L12#1"": 0.0006212512516438401, ""HCP_A3#1"": 0.00021837790420474858, ""HCP_A3#2"": 0.0015657697188921516, ""HCP_A3#3"": 0.002548387181181707}",0.85,0.005,773.0
0.85,0.025,0.12,0.0,0.005,"{""BCC_B2#1"": 0.9951033168481964, ""FCC_L12#1"": 0.0006136297811610117, ""HCP_A3#1"": 0.0003511493251205379, ""HCP_A3#2"": 0.0014043688311146346, ""HCP_A3#3"": 0.0025275352144074033}",0.85,0.005,773.0
0.85,0.03,0.0,0.115,0.005,"{""BCC_B2#1"": 0.9903347427837493, ""C15_LAVES#1"": 0.005020513175736026, ""FCC_L12#1"": 0.000785875828464783, ""HCP_A3#2"": 0.002925651612553435, ""ZRO2_MONO#1"": 0.0009332165994964327}",0.85,0.005,773.0
0.85,0.03,0.005,0.11,0.005,"{""BCC_B2#1"": 0.990333320415677, ""C15_LAVES#1"": 0.0050576434808970346, ""FCC_L12#1"": 0.0007784311941607015, ""HCP_A3#2"": 0.0029069597151546063, ""ZRO2_MONO#1"": 0.0009236451941108621}",0.85,0.005,773.0
0.85,0.03,0.01,0.105,0.005,"{""BCC_B2#1"": 0.9903377362110063, ""C15_LAVES#1"": 0.0050888349333371614, ""FCC_L12#1"": 0.000770986333182419, ""HCP_A3#2"": 0.002888374195195967, ""ZRO2_MONO#1"": 0.0009140683272781311}",0.85,0.005,773.0
0.85,0.03,0.015,0.1,0.005,"{""BCC_B2#1"": 0.9903484700205004, ""C15_LAVES#1"": 0.0051136179854574535, ""FCC_L12#1"": 0.0007635405891208719, ""HCP_A3#2"": 0.0028698862802374863, ""ZRO2_MONO#1"": 0.0009044851246837136}",0.85,0.005,773.0
0.85,0.03,0.02,0.095,0.005,"{""BCC_B2#1"": 0.9903660450538048, ""C15_LAVES#1"": 0.005131479702736935, ""FCC_L12#1"": 0.0007560933028132916, ""HCP_A3#2"": 0.002851487431358072, ""ZRO2_MONO#1"": 0.0008948945092871992}",0.85,0.005,773.0
0.85,0.03,0.025,0.09,0.005,"{""BCC_B2#1"": 0.9903910338908498, ""C15_LAVES#1"": 0.00514185776654835, ""FCC_L12#1"": 0.0007486438119620152, ""HCP_A3#2"": 0.002833169396968497, ""ZRO2_MONO#1"": 0.0008852951336713132}",0.85,0.005,773.0
0.85,0.03,0.03,0.085,0.005,"{""BCC_B2#1"": 0.9904240651138914, ""C15_LAVES#1"": 0.0051441338818381185, ""FCC_L12#1"": 0.0007411914507592249, ""HCP_A3#2"": 0.002814924269415785, ""ZRO2_MONO#1"": 0.000875685284095175}",0.85,0.005,773.0
0.85,0.03,0.035,0.08,0.005,"{""BCC_B2#1"": 0.9904658306125793, ""C15_LAVES#1"": 0.005137626549305876, ""FCC_L12#1"": 0.0007337355495410232, ""HCP_A3#2"": 0.0027967445452558195, ""ZRO2_MONO#1"": 0.0008660627433177145}",0.85,0.005,773.0
0.85,0.03,0.04,0.075,0.005,"{""BCC_B2#1"": 0.9905170936221057, ""C15_LAVES#1"": 0.0051215831599104745, ""FCC_L12#1"": 0.0007262754344776656, ""HCP_A3#2"": 0.002778623190288028, ""ZRO2_MONO#1"": 0.0008564245932181729}",0.85,0.005,773.0
0.85,0.03,0.045,0.07,0.005,"{""BCC_B2#1"": 0.9909933375836946, ""C15_LAVES#1"": 0.0044634440668392785, ""FCC_L12#1"": 0.0007184241816510183, ""HCP_A3#1"": 0.0003851436119589897, ""HCP_A3#2"": 0.0027572871487132203, ""ZRO2_MONO#1"": 0.0006823634071428201}",0.85,0.005,773.0
0.85,0.03,0.05,0.065,0.005,"{""BCC_B2#1"": 0.9924579215880116, ""C15_LAVES#1"": 0.0023023506204971674, ""FCC_L12#1"": 0.0007096779306688673, ""HCP_A3#1"": 0.0016824547867219759, ""HCP_A3#2"": 0.0027285239055630794, ""ZRO2_MONO#1"": 0.00011907116853702121}",0.85,0.005,773.0
0.85,0.03,0.055,0.06,0.005,"{""BCC_B2#1"": 0.99282316366652, ""C15_LAVES#1"": 0.0018214124149975646, ""FCC_L12#1"": 0.0007019582583639568, ""HCP_A3#1"": 0.0019451658416560272, ""HCP_A3#2"": 0.0027082998184622727}",0.85,0.005,773.0
0.85,0.03,0.06,0.055,0.005,"{""BCC_B2#1"": 0.9922065219303189, ""C15_LAVES#1"": 0.0025167347168552614, ""FCC_L12#1"": 0.0006948929090942372, ""HCP_A3#1"": 0.00031908988914362255, ""HCP_A3#2"": 0.0015689456421929839, ""HCP_A3#3"": 0.0026938149123948425}",0.85,0.005,773.0
0.85,0.03,0.065,0.05,0.005,"{""BCC_B2#1"": 0.9910698747717498, ""C15_LAVES#1"": 0.0037617788864977458, ""FCC_L12#1"": 0.0006881123083769578, ""HCP_A3#1"": 0.000881865488049463, ""HCP_A3#2"": 0.0009163871164633572, ""HCP_A3#3"": 0.0026819814288623423}",0.85,0.005,773.0
0.85,0.03,0.07,0.045,0.005,"{""BCC_B2#1"": 0.9901241649857243, ""C15_LAVES#1"": 0.004805434425353016, ""FCC_L12#1"": 0.0006812164336130076, ""HCP_A3#1"": 0.0013649186931566464, ""HCP_A3#2"": 0.00035509451311140105, ""HCP_A3#3"": 0.002669170949041591}",0.85,0.005,773.0
0.85,0.03,0.075,0.04,0.005,"{""BCC_B2#1"": 0.9895926714220781, ""C15_LAVES#1"": 0.005410450958719583, ""FCC_L12#1"": 0.0006740818802840363, ""HCP_A3#2"": 0.002654188940919931, ""HCP_A3#3"": 0.0016686067979983675}",0.85,0.005,773.0
0.85,0.03,0.08,0.035,0.005,"{""BCC_B2#1"": 0.9897655112964967, ""C15_LAVES#1"": 0.005270221515046406, ""FCC_L12#1"": 0.0006665537334300079, ""HCP_A3#2"": 0.002635540990741111, ""HCP_A3#3"": 0.0016621724642857374}",0.85,0.005,773.0
0.85,0.03,0.085,0.03,0.005,"{""BCC_B2#1"": 0.9899590342607375, ""C15_LAVES#1"": 0.005108641857257095, ""FCC_L12#1"": 0.0006590152876284114, ""HCP_A3#1"": 0.001656464921866552, ""HCP_A3#2"": 0.002616843672510282}",0.85,0.005,773.0
0.85,0.03,0.09,0.025,0.005,"{""BCC_B2#1"": 0.9901754176063355, ""C15_LAVES#1"": 0.004923602051534113, ""FCC_L12#1"": 0.0006514658445365195, ""HCP_A3#1"": 0.0016514327184263763, ""HCP_A3#2"": 0.0025980817791675867}",0.85,0.005,773.0
0.85,0.03,0.095,0.02,0.005,"{""BCC_B2#1"": 0.9904170945722068, ""C15_LAVES#1"": 0.004712756349641564, ""FCC_L12#1"": 0.0006439047002718603, ""HCP_A3#1"": 0.0016470037618081562, ""HCP_A3#2"": 0.002579240616071761}",0.85,0.005,773.0
0.85,0.03,0.1,0.015,0.005,"{""BCC_B2#1"": 0.9906867859609563, ""C15_LAVES#1"": 0.004473499505660962, ""FCC_L12#1"": 0.0006363311456410752, ""HCP_A3#1"": 0.0016430776952814537, ""HCP_A3#2"": 0.002560305692460573}",0.85,0.005,773.0
0.85,0.03,0.105,0.01,0.005,"{""BCC_B2#1"": 0.9909875376425222, ""C15_LAVES#1"": 0.004202940596924197, ""FCC_L12#1"": 0.000628744465945625, ""HCP_A3#1"": 0.0016395148207074986, ""HCP_A3#2"": 0.0025412624739005597}",0.85,0.005,773.0
0.85,0.03,0.11,0.005,0.005,"{""BCC_B2#1"": 0.9913227654440421, ""C15_LAVES#1"": 0.003897874361586173, ""FCC_L12#1"": 0.0006211439402213432, ""HCP_A3#2"": 0.0025220961632173456, ""HCP_A3#3"": 0.0016361200909334314}",0.85,0.005,773.0
0.85,0.03,0.115,0.0,0.005,"{""BCC_B2#1"": 0.9916963095593976, ""C15_LAVES#1"": 0.0035547501137514546, ""FCC_L12#1"": 0.0006135288396821593, ""HCP_A3#2"": 0.002502791484753918, ""HCP_A3#3"": 0.0016326200024147862}",0.85,0.005,773.0
0.85,0.035,0.0,0.11,0.005,"{""BCC_B2#1"": 0.990127306564358, ""C15_LAVES#1"": 0.005316362979863869, ""FCC_L12#1"": 0.0007754214483390478, ""HCP_A3#2"": 0.0028568327312619435, ""ZRO2_MONO#1"": 0.0009240762761771769}",0.85,0.005,773.0
0.85,0.035,0.005,0.105,0.005,"{""BCC_B2#1"": 0.9901179167392382, ""C15_LAVES#1"": 0.005361349233961653, ""FCC_L12#1"": 0.000768001267244191, ""HCP_A3#2"": 0.00283821686080861, ""ZRO2_MONO#1"": 0.0009145158987474628}",0.85,0.005,773.0
0.85,0.035,0.01,0.1,0.005,"{""BCC_B2#1"": 0.9901142677271664, ""C15_LAVES#1"": 0.005400499568741961, ""FCC_L12#1"": 0.0007605814457196156, ""HCP_A3#2"": 0.0028196998950990666, ""ZRO2_MONO#1"": 0.0009049513632729331}",0.85,0.005,773.0
0.85,0.035,0.015,0.095,0.005,"{""BCC_B2#1"": 0.9901168133450905, ""C15_LAVES#1"": 0.005433371449106847, ""FCC_L12#1"": 0.000753161328803989, ""HCP_A3#2"": 0.0028012719635477556, ""ZRO2_MONO#1"": 0.0008953819134509895}",0.85,0.005,773.0
0.85,0.035,0.02,0.09,0.005,"{""BCC_B2#1"": 0.9901260475990163, ""C15_LAVES#1"": 0.005459482172189348, ""FCC_L12#1"": 0.0007457402595994976, ""HCP_A3#2"": 0.002782923387055116, ""ZRO2_MONO#1"": 0.0008858065821398279}",0.85,0.005,773.0
0.85,0.035,0.025,0.085,0.005,"{""BCC_B2#1"": 0.9901425109846906, ""C15_LAVES#1"": 0.005478302598708034, ""FCC_L12#1"": 0.0007383175786445847, ""HCP_A3#2"": 0.0027646447265629887, ""ZRO2_MONO#1"": 0.0008762241113939403}",0.85,0.005,773.0
0.85,0.035,0.03,0.08,0.005,"{""BCC_B2#1"": 0.9901667974305459, ""C15_LAVES#1"": 0.005489250277720782, ""FCC_L12#1"": 0.0007308926232623713, ""HCP_A3#2"": 0.002746426831218163, ""ZRO2_MONO#1"": 0.0008666328372528902}",0.85,0.005,773.0
0.85,0.035,0.035,0.075,0.005,"{""BCC_B2#1"": 0.9901995619367985, ""C15_LAVES#1"": 0.005491681926289526, ""FCC_L12#1"": 0.0007234647269120923, ""HCP_A3#2"": 0.0027282608870399685, ""ZRO2_MONO#1"": 0.0008570305229598114}",0.85,0.005,773.0
0.85,0.035,0.04,0.07,0.005,"{""BCC_B2#1"": 0.9902415289715165, ""C15_LAVES#1"": 0.005484885227939959, ""FCC_L12#1"": 0.0007160332185643054, ""HCP_A3#2"": 0.0027101384653812604, ""ZRO2_MONO#1"": 0.0008474141165980926}",0.85,0.005,773.0
0.85,0.035,0.045,0.065,0.005,"{""BCC_B2#1"": 0.9902935016970289, ""C15_LAVES#1"": 0.005468069910167271, ""FCC_L12#1"": 0.0007085974221008703, ""HCP_A3#2"": 0.002692051572855165, ""ZRO2_MONO#1"": 0.0008377793978476642}",0.85,0.005,773.0
0.85,0.035,0.05,0.06,0.005,"{""BCC_B2#1"": 0.9903563721082453, ""C15_LAVES#1"": 0.005440358070781736, ""FCC_L12#1"": 0.0007011566557538669, ""HCP_A3#2"": 0.0026739927032806525, ""ZRO2_MONO#1"": 0.0008281204619382079}",0.85,0.005,773.0
0.85,0.035,0.055,0.055,0.005,"{""BCC_B2#1"": 0.9887774865106628, ""C15_LAVES#1"": 0.006183809672826745, ""FCC_L12#1"": 0.0006939247499494241, ""HCP_A3#1"": 0.0016857253404225683, ""HCP_A3#2"": 0.0026590537261384937}",0.85,0.005,773.0
0.85,0.035,0.06,0.05,0.005,"{""BCC_B2#1"": 0.9888743155302927, ""C15_LAVES#1"": 0.006122370965499892, ""FCC_L12#1"": 0.0006864626421536218, ""HCP_A3#1"": 0.0016762679755021256, ""HCP_A3#2"": 0.0026405828865516917}",0.85,0.005,773.0
0.85,0.035,0.065,0.045,0.005,"{""BCC_B2#1"": 0.9889846537284505, ""C15_LAVES#1"": 0.006046603740380532, ""FCC_L12#1"": 0.0006789935621505416, ""HCP_A3#2"": 0.0026221118792869695, ""HCP_A3#3"": 0.001667637089731435}",0.85,0.005,773.0
0.85,0.035,0.07,0.04,0.005,"{""BCC_B2#1"": 0.9891098618280084, ""C15_LAVES#1"": 0.00595517834955175, ""FCC_L12#1"": 0.0006715168324018963, ""HCP_A3#2"": 0.0026036227390097825, ""HCP_A3#3"": 0.0016598202510280978}",0.85,0.005,773.0
0.85,0.035,0.075,0.035,0.005,"{""BCC_B2#1"": 0.9892514728399032, ""C15_LAVES#1"": 0.005846599666150315, ""FCC_L12#1"": 0.0006640317640248351, ""HCP_A3#2"": 0.0025850996612035338, ""HCP_A3#3"": 0.0016527960687180482}",0.85,0.005,773.0
0.85,0.035,0.08,0.03,0.005,"{""BCC_B2#1"": 0.9894112091576938, ""C15_LAVES#1"": 0.00571919237238729, ""FCC_L12#1"": 0.0006565376577903459, ""HCP_A3#2"": 0.002566528165102938, ""HCP_A3#3"": 0.0016465326470258487}",0.85,0.005,773.0
0.85,0.035,0.085,0.025,0.005,"{""BCC_B2#1"": 0.9895910034775274, ""C15_LAVES#1"": 0.005571083297055856, ""FCC_L12#1"": 0.0006490338047544203, ""HCP_A3#2"": 0.0025478945646584404, ""HCP_A3#3"": 0.001640984856003997}",0.85,0.005,773.0
0.85,0.035,0.09,0.02,0.005,"{""BCC_B2#1"": 0.9897930236331987, ""C15_LAVES#1"": 0.005400181144385233, ""FCC_L12#1"": 0.0006415194866224625, ""HCP_A3#2"": 0.0025291856101039107, ""HCP_A3#3"": 0.0016360901256901215}",0.85,0.005,773.0
0.85,0.035,0.095,0.015,0.005,"{""BCC_B2#1"": 0.9900197018192188, ""C15_LAVES#1"": 0.005204153732405526, ""FCC_L12#1"": 0.0006339939758245091, ""HCP_A3#2"": 0.0025103882250124103, ""HCP_A3#3"": 0.0016317622475388945}",0.85,0.005,773.0
0.85,0.035,0.1,0.01,0.005,"{""BCC_B2#1"": 0.9902737690277156, ""C15_LAVES#1"": 0.004980402752639537, ""FCC_L12#1"": 0.0006264565353430315, ""HCP_A3#2"": 0.002491489294976633, ""HCP_A3#3"": 0.0016278823893254725}",0.85,0.005,773.0
0.85,0.035,0.105,0.005,0.005,"{""BCC_B2#1"": 0.9905582959287751, ""C15_LAVES#1"": 0.004726036025961238, ""FCC_L12#1"": 0.0006189064180614785, ""HCP_A3#1"": 0.0016242861473182533, ""HCP_A3#2"": 0.0024724754798839386}",0.85,0.005,773.0
0.85,0.035,0.11,0.0,0.005,"{""BCC_B2#1"": 0.9908767419455446, ""C15_LAVES#1"": 0.004437837247137551, ""FCC_L12#1"": 0.0006113428655549556, ""HCP_A3#2"": 0.0024533330292889617, ""HCP_A3#3"": 0.0016207449124735374}",0.85,0.005,773.0
0.85,0.04,0.0,0.105,0.005,"{""BCC_B2#1"": 0.9899596556191597, ""C15_LAVES#1"": 0.005563010446189059, ""FCC_L12#1"": 0.0007654900429626037, ""HCP_A3#2"": 0.002796956542825694, ""ZRO2_MONO#1"": 0.0009148873488628816}",0.85,0.005,773.0
0.85,0.04,0.005,0.1,0.005,"{""BCC_B2#1"": 0.9899435915339485, ""C15_LAVES#1"": 0.005614568974011678, ""FCC_L12#1"": 0.0007580878185057059, ""HCP_A3#2"": 0.002778418830925085, ""ZRO2_MONO#1"": 0.0009053328426091224}",0.85,0.005,773.0
0.85,0.04,0.01,0.095,0.005,"{""BCC_B2#1"": 0.9899332806535824, ""C15_LAVES#1"": 0.005660283640165624, ""FCC_L12#1"": 0.0007506864347399817, ""HCP_A3#2"": 0.0027599744469525888, ""ZRO2_MONO#1"": 0.0008957748245590142}",0.85,0.005,773.0
0.85,0.04,0.015,0.09,0.005,"{""BCC_B2#1"": 0.9899291566893997, ""C15_LAVES#1"": 0.005699733002028887, ""FCC_L12#1"": 0.0007432852285568787, ""HCP_A3#2"": 0.0027416125196551675, ""ZRO2_MONO#1"": 0.000886212560359501}",0.85,0.005,773.0
0.85,0.04,0.02,0.085,0.005,"{""BCC_B2#1"": 0.9899316905539924, ""C15_LAVES#1"": 0.00573245846019334, ""FCC_L12#1"": 0.0007358835371091011, ""HCP_A3#2"": 0.0027233223702375596, ""ZRO2_MONO#1"": 0.0008766450784673665}",0.85,0.005,773.0
0.85,0.04,0.025,0.08,0.005,"{""BCC_B2#1"": 0.9899413970496453, ""C15_LAVES#1"": 0.005757957618902709, ""FCC_L12#1"": 0.0007284806968809813, ""HCP_A3#2"": 0.0027050935617453043, ""ZRO2_MONO#1"": 0.0008670710728256006}",0.85,0.005,773.0
0.85,0.04,0.03,0.075,0.005,"{""BCC_B2#1"": 0.9899588422088796, ""C15_LAVES#1"": 0.005775677041271332, ""FCC_L12#1"": 0.0007210760427120172, ""HCP_A3#2"": 0.0026869159456685814, ""ZRO2_MONO#1"": 0.0008574887614682651}",0.85,0.005,773.0
0.85,0.04,0.035,0.07,0.005,"{""BCC_B2#1"": 0.9899846513416184, ""C15_LAVES#1"": 0.005785004365098972, ""FCC_L12#1"": 0.0007136689067947091, ""HCP_A3#2"": 0.0026687797059861754, ""ZRO2_MONO#1"": 0.0008478956805016675}",0.85,0.005,773.0
0.85,0.04,0.04,0.065,0.005,"{""BCC_B2#1"": 0.990019517855077, ""C15_LAVES#1"": 0.0057852597430461125, ""FCC_L12#1"": 0.00070625861767963, ""HCP_A3#2"": 0.0026506754009453064, ""ZRO2_MONO#1"": 0.000838288383251796}",0.85,0.005,773.0
0.85,0.04,0.045,0.06,0.005,"{""BCC_B2#1"": 0.9900642129238006, ""C15_LAVES#1"": 0.005775686573820603, ""FCC_L12#1"": 0.0006988444992971638, ""HCP_A3#2"": 0.0026325940029145044, ""ZRO2_MONO#1"": 0.0008286620001673504}",0.85,0.005,773.0
0.85,0.04,0.05,0.055,0.005,"{""BCC_B2#1"": 0.9893028305184244, ""C15_LAVES#1"": 0.006144951354491835, ""FCC_L12#1"": 0.0006915237238217338, ""HCP_A3#1"": 0.0008308278414286157, ""HCP_A3#2"": 0.002615885024294514, ""ZRO2_MONO#1"": 0.0004139815375389787}",0.85,0.005,773.0
0.85,0.04,0.055,0.05,0.005,"{""BCC_B2#1"": 0.9885458166658603, ""C15_LAVES#1"": 0.0065020926220732975, ""FCC_L12#1"": 0.0006841915373204983, ""HCP_A3#1"": 0.0016689650755706837, ""HCP_A3#2"": 0.0025989340991750755}",0.85,0.005,773.0
0.85,0.04,0.06,0.045,0.005,"{""BCC_B2#1"": 0.9886345540960052, ""C15_LAVES#1"": 0.006448443594635835, ""FCC_L12#1"": 0.0006767530175728907, ""HCP_A3#1"": 0.0016596955452743802, ""HCP_A3#2"": 0.0025805537465119184}",0.85,0.005,773.0
0.85,0.04,0.065,0.04,0.005,"{""BCC_B2#1"": 0.9887364647064462, ""C15_LAVES#1"": 0.0063808043943796595, ""FCC_L12#1"": 0.0006693079861489868, ""HCP_A3#1"": 0.0016512676443502928, ""HCP_A3#2"": 0.0025621552686751065}",0.85,0.005,773.0
0.85,0.04,0.07,0.035,0.005,"{""BCC_B2#1"": 0.9888528940743772, ""C15_LAVES#1"": 0.006297863377098361, ""FCC_L12#1"": 0.0006618557620522085, ""HCP_A3#1"": 0.0025437236627837883, ""HCP_A3#2"": 0.0016436631236884578}",0.85,0.005,773.0
0.85,0.04,0.075,0.03,0.005,"{""BCC_B2#1"": 0.9889853614163836, ""C15_LAVES#1"": 0.00619814319989412, ""FCC_L12#1"": 0.0006543956517717855, ""HCP_A3#1"": 0.002525245267966256, ""HCP_A3#2"": 0.0016368544639846566}",0.85,0.005,773.0
0.85,0.04,0.08,0.025,0.005,"{""BCC_B2#1"": 0.9891355788016275, ""C15_LAVES#1"": 0.006079984278113015, ""FCC_L12#1"": 0.0006469269496450895, ""HCP_A3#2"": 0.0025067072471613157, ""HCP_A3#3"": 0.0016308027234533224}",0.85,0.005,773.0
0.85,0.04,0.085,0.02,0.005,"{""BCC_B2#1"": 0.9893054741054494, ""C15_LAVES#1"": 0.005941525562984468, ""FCC_L12#1"": 0.0006394489379504324, ""HCP_A3#2"": 0.002488097246214262, ""HCP_A3#3"": 0.0016254541474018075}",0.85,0.005,773.0
0.85,0.04,0.09,0.015,0.005,"{""BCC_B2#1"": 0.9894972180083483, ""C15_LAVES#1"": 0.005780682813023179, ""FCC_L12#1"": 0.0006319608868196141, ""HCP_A3#2"": 0.002469403148653024, ""HCP_A3#3"": 0.001620735143155911}",0.85,0.005,773.0
0.85,0.04,0.095,0.01,0.005,"{""BCC_B2#1"": 0.9897132556876785, ""C15_LAVES#1"": 0.005595124384419083, ""FCC_L12#1"": 0.0006244620539181576, ""HCP_A3#1"": 0.001616544993092822, ""HCP_A3#2"": 0.002450612880891257}",0.85,0.005,773.0
0.85,0.04,0.1,0.005,0.005,"{""BCC_B2#1"": 0.9899563442047016, ""C15_LAVES#1"": 0.005382244500925029, ""FCC_L12#1"": 0.0006169516838256424, ""HCP_A3#1"": 0.0016127453699809533, ""HCP_A3#2"": 0.002431714240566891}",0.85,0.005,773.0
0.85,0.04,0.105,0.0,0.005,"{""BCC_B2#1"": 0.990229597026637, ""C15_LAVES#1"": 0.0051391339544466464, ""FCC_L12#1"": 0.0006094290069683933, ""HCP_A3#2"": 0.0024126947293689974, ""HCP_A3#3"": 0.0016091452825787308}",0.85,0.005,773.0
0.85,0.045,0.0,0.1,0.005,"{""BCC_B2#1"": 0.9898201916985119, ""C15_LAVES#1"": 0.00577452285669793, ""FCC_L12#1"": 0.0007559672541868432, ""HCP_A3#2"": 0.002743643896177571, ""ZRO2_MONO#1"": 0.0009056742944257564}",0.85,0.005,773.0
0.85,0.045,0.005,0.095,0.005,"{""BCC_B2#1"": 0.9897983975853746, ""C15_LAVES#1"": 0.005831719832529589, ""FCC_L12#1"": 0.0007485780952450773, ""HCP_A3#2"": 0.002725181479270964, ""ZRO2_MONO#1"": 0.0008961230075797476}",0.85,0.005,773.0
0.85,0.045,0.01,0.09,0.005,"{""BCC_B2#1"": 0.989782449602801, ""C15_LAVES#1"": 0.005882983705223531, ""FCC_L12#1"": 0.0007411902064917043, ""HCP_A3#2"": 0.002706807991005611, ""ZRO2_MONO#1"": 0.0008865684944778469}",0.85,0.005,773.0
0.85,0.045,0.015,0.085,0.005,"{""BCC_B2#1"": 0.9897727660463878, ""C15_LAVES#1"": 0.005927909516822338, ""FCC_L12#1"": 0.0007338029045765201, ""HCP_A3#2"": 0.0026885115502609715, ""ZRO2_MONO#1"": 0.0008770099819524385}",0.85,0.005,773.0
0.85,0.045,0.02,0.08,0.005,"{""BCC_B2#1"": 0.9897697995234285, ""C15_LAVES#1"": 0.005966058051863213, ""FCC_L12#1"": 0.000726415510198931, ""HCP_A3#2"": 0.0026702804957746285, ""ZRO2_MONO#1"": 0.0008674464187349517}",0.85,0.005,773.0
0.85,0.045,0.025,0.075,0.005,"{""BCC_B2#1"": 0.9897740441532428, ""C15_LAVES#1"": 0.00599694870576526, ""FCC_L12#1"": 0.000719027346763714, ""HCP_A3#2"": 0.0026521034384209214, ""ZRO2_MONO#1"": 0.0008578763558072883}",0.85,0.005,773.0
0.85,0.045,0.03,0.07,0.005,"{""BCC_B2#1"": 0.9897860434107908, ""C15_LAVES#1"": 0.006020051769659149, ""FCC_L12#1"": 0.0007116377389612834, ""HCP_A3#2"": 0.0026339693088086214, ""ZRO2_MONO#1"": 0.0008482977717798635}",0.85,0.005,773.0
0.85,0.045,0.035,0.065,0.005,"{""BCC_B2#1"": 0.9898063986709623, ""C15_LAVES#1"": 0.006034780099742555, ""FCC_L12#1"": 0.0007042460113102419, ""HCP_A3#2"": 0.0026158674003947677, ""ZRO2_MONO#1"": 0.0008387078175899797}",0.85,0.005,773.0
0.85,0.045,0.04,0.06,0.005,"{""BCC_B2#1"": 0.9898357785252958, ""C15_LAVES#1"": 0.0060404801369971246, ""FCC_L12#1"": 0.0006968514866968259, ""HCP_A3#2"": 0.002597787408264799, ""ZRO2_MONO#1"": 0.0008291024427453988}",0.85,0.005,773.0
0.85,0.045,0.045,0.055,0.005,"{""BCC_B2#1"": 0.9898749289563422, ""C15_LAVES#1"": 0.006036422247402757, ""FCC_L12#1"": 0.0006894534849315614, ""HCP_A3#2"": 0.0025797194636984636, ""ZRO2_MONO#1"": 0.000819475847625038}",0.85,0.005,773.0
0.85,0.045,0.05,0.05,0.005,"{""BCC_B2#1"": 0.9882882379136094, ""C15_LAVES#1"": 0.006803593597160111, ""FCC_L12#1"": 0.0006822269511797984, ""HCP_A3#1"": 0.0025639095624879343, ""HCP_A3#2"": 0.0016620319755624067}",0.85,0.005,773.0
0.85,0.045,0.055,0.045,0.005,"{""BCC_B2#1"": 0.9883591025812772, ""C15_LAVES#1"": 0.006768370708601479, ""FCC_L12#1"": 0.0006748114674852576, ""HCP_A3#1"": 0.0025455992899145095, ""HCP_A3#2"": 0.001652115952721552}",0.85,0.005,773.0
0.85,0.045,0.06,0.04,0.005,"{""BCC_B2#1"": 0.9884417878283535, ""C15_LAVES#1"": 0.006720479983869783, ""FCC_L12#1"": 0.0006673904887368765, ""HCP_A3#1"": 0.002527272283568197, ""HCP_A3#2"": 0.0016430694154717328}",0.85,0.005,773.0
0.85,0.045,0.065,0.035,0.005,"{""BCC_B2#1"": 0.9885374709514091, ""C15_LAVES#1"": 0.006658774586606558, ""FCC_L12#1"": 0.000659963346728461, ""HCP_A3#1"": 0.0025089135692234377, ""HCP_A3#2"": 0.0016348775460326593}",0.85,0.005,773.0
0.85,0.045,0.07,0.03,0.005,"{""BCC_B2#1"": 0.9886474887510502, ""C15_LAVES#1"": 0.00658195501137862, ""FCC_L12#1"": 0.0006525293597910234, ""HCP_A3#1"": 0.002490509689308776, ""HCP_A3#2"": 0.0016275171884710849}",0.85,0.005,773.0
0.85,0.045,0.075,0.025,0.005,"{""BCC_B2#1"": 0.9887733548561579, ""C15_LAVES#1"": 0.006488553946707465, ""FCC_L12#1"": 0.0006450878328666167, ""HCP_A3#1"": 0.002472048140724963, ""HCP_A3#2"": 0.0016209552235433634}",0.85,0.005,773.0
0.85,0.045,0.08,0.02,0.005,"{""BCC_B2#1"": 0.9889167807789614, ""C15_LAVES#1"": 0.00637691826924469, ""FCC_L12#1"": 0.000637638057347585, ""HCP_A3#1"": 0.0024535170214680583, ""HCP_A3#2"": 0.001615145872978131}",0.85,0.005,773.0
0.85,0.045,0.085,0.015,0.005,"{""BCC_B2#1"": 0.9890797007956774, ""C15_LAVES#1"": 0.006245188463549805, ""FCC_L12#1"": 0.0006301793107577256, ""HCP_A3#1"": 0.0024349047854843376, ""HCP_A3#2"": 0.0016100266445306897}",0.85,0.005,773.0
0.85,0.045,0.09,0.01,0.005,"{""BCC_B2#1"": 0.9892643011219173, ""C15_LAVES#1"": 0.006091275540238478, ""FCC_L12#1"": 0.000622710856238539, ""HCP_A3#1"": 0.0016055124284926445, ""HCP_A3#2"": 0.0024162000531126842}",0.85,0.005,773.0
0.85,0.045,0.095,0.005,0.005,"{""BCC_B2#1"": 0.9894730541865527, ""C15_LAVES#1"": 0.005912835420864468, ""FCC_L12#1"": 0.0006152319418554733, ""HCP_A3#1"": 0.0016014870033963678, ""HCP_A3#2"": 0.002397391447331192}",0.85,0.005,773.0
0.85,0.045,0.1,0.0,0.005,"{""BCC_B2#1"": 0.9897087591851872, ""C15_LAVES#1"": 0.005707240720074703, ""FCC_L12#1"": 0.0006077417995424236, ""HCP_A3#1"": 0.0015977908582115363, ""HCP_A3#2"": 0.0023784674369841693}",0.85,0.005,773.0
0.85,0.05,0.0,0.095,0.005,"{""BCC_B2#1"": 0.9897014166180372, ""C15_LAVES#1"": 0.005960066901710481, ""FCC_L12#1"": 0.0007467692792302596, ""HCP_A3#2"": 0.0026952991351084474, ""ZRO2_MONO#1"": 0.0008964480659136718}",0.85,0.005,773.0
0.85,0.05,0.005,0.09,0.005,"{""BCC_B2#1"": 0.9896746179362204, ""C15_LAVES#1"": 0.006022186432428677, ""FCC_L12#1"": 0.0007393894202529287, ""HCP_A3#2"": 0.002676907725270091, ""ZRO2_MONO#1"": 0.0008868984858274908}",0.85,0.005,773.0
0.85,0.05,0.01,0.085,0.005,"{""BCC_B2#1"": 0.9896538184414655, ""C15_LAVES#1"": 0.006078222900968777, ""FCC_L12#1"": 0.0007320112433693263, ""HCP_A3#2"": 0.002658601676428553, ""ZRO2_MONO#1"": 0.0008773457377679274}",0.85,0.005,773.0
0.85,0.05,0.015,0.08,0.005,"{""BCC_B2#1"": 0.9896394248564889, ""C15_LAVES#1"": 0.006127784099295662, ""FCC_L12#1"": 0.0007246340314610509, ""HCP_A3#2"": 0.002640368049375422, ""ZRO2_MONO#1"": 0.0008677889633790151}",0.85,0.005,773.0
0.85,0.05,0.02,0.075,0.005,"{""BCC_B2#1"": 0.9896318753466182, ""C15_LAVES#1"": 0.0061704464326013606, ""FCC_L12#1"": 0.0007172570771043619, ""HCP_A3#2"": 0.002622194172256138, ""ZRO2_MONO#1"": 0.0008582269714199017}",0.85,0.005,773.0
0.85,0.05,0.025,0.07,0.005,"{""BCC_B2#1"": 0.9896316473844121, ""C15_LAVES#1"": 0.006205747148757431, ""FCC_L12#1"": 0.0007098796806060949, ""HCP_A3#2"": 0.0026040676958692744, ""ZRO2_MONO#1"": 0.0008486580903550835}",0.85,0.005,773.0
0.85,0.05,0.03,0.065,0.005,"{""BCC_B2#1"": 0.9896392662217752, ""C15_LAVES#1"": 0.006233176034831599, ""FCC_L12#1"": 0.000702501147956377, ""HCP_A3#2"": 0.0025859766427599627, ""ZRO2_MONO#1"": 0.0008390799526766361}",0.85,0.005,773.0
0.85,0.05,0.035,0.06,0.005,"{""BCC_B2#1"": 0.9896553140330747, ""C15_LAVES#1"": 0.006252166548837124, ""FCC_L12#1"": 0.0006951207887558122, ""HCP_A3#2"": 0.002567909450332805, ""ZRO2_MONO#1"": 0.000829489178999628}",0.85,0.005,773.0
0.85,0.05,0.04,0.055,0.005,"{""BCC_B2#1"": 0.9896804401939685, ""C15_LAVES#1"": 0.0062620863396988585, ""FCC_L12#1"": 0.000687737914399448, ""HCP_A3#2"": 0.0025498550089685917, ""ZRO2_MONO#1"": 0.0008198805429642424}",0.85,0.005,773.0
0.85,0.05,0.045,0.05,0.005,"{""BCC_B2#1"": 0.9894030454060591, ""C15_LAVES#1"": 0.006412230078987258, ""FCC_L12#1"": 0.0006803829450655644, ""HCP_A3#1"": 0.002532186699802726, ""HCP_A3#2"": 0.000316845745603666, ""ZRO2_MONO#1"": 0.0006553091244819405}",0.85,0.005,773.0
0.85,0.05,0.05,0.045,0.005,"{""BCC_B2#1"": 0.9881392969381375, ""C15_LAVES#1"": 0.007027029845774198, ""FCC_L12#1"": 0.0006731173345913996, ""HCP_A3#1"": 0.0025155989454243182, ""HCP_A3#2"": 0.0016449569360726013}",0.85,0.005,773.0
0.85,0.05,0.055,0.04,0.005,"{""BCC_B2#1"": 0.9882057392560224, ""C15_LAVES#1"": 0.006995939666838676, ""FCC_L12#1"": 0.0006657145411765804, ""HCP_A3#1"": 0.002497332952976503, ""HCP_A3#2"": 0.0016352735829857465}",0.85,0.005,773.0
0.85,0.05,0.06,0.035,0.005,"{""BCC_B2#1"": 0.9882839565357329, ""C15_LAVES#1"": 0.006952223186319426, ""FCC_L12#1"": 0.0006583065129548059, ""HCP_A3#1"": 0.0024790373860831536, ""HCP_A3#2"": 0.0016264763789098965}",0.85,0.005,773.0
0.85,0.05,0.065,0.03,0.005,"{""BCC_B2#1"": 0.9883751217027653, ""C15_LAVES#1"": 0.006894740834736906, ""FCC_L12#1"": 0.0006508925813336569, ""HCP_A3#1"": 0.0024606984528999145, ""HCP_A3#2"": 0.001618546428264242}",0.85,0.005,773.0
0.85,0.05,0.07,0.025,0.005,"{""BCC_B2#1"": 0.9884805700388254, ""C15_LAVES#1"": 0.006822198349928411, ""FCC_L12#1"": 0.0006434720643159695, ""HCP_A3#1"": 0.0024423035318000864, ""HCP_A3#2"": 0.0016114560151302398}",0.85,0.005,773.0
0.85,0.05,0.075,0.02,0.005,"{""BCC_B2#1"": 0.9886018182422815, ""C15_LAVES#1"": 0.006733130200769412, ""FCC_L12#1"": 0.0006360442660506455, ""HCP_A3#1"": 0.002423840773184807, ""HCP_A3#2"": 0.001605166517713753}",0.85,0.005,773.0
0.85,0.05,0.08,0.015,0.005,"{""BCC_B2#1"": 0.9887405872371177, ""C15_LAVES#1"": 0.006625880282838961, ""FCC_L12#1"": 0.0006286084762340663, ""HCP_A3#1"": 0.0024052988379451717, ""HCP_A3#2"": 0.0015996251658640392}",0.85,0.005,773.0
0.85,0.05,0.085,0.01,0.005,"{""BCC_B2#1"": 0.9888988289936712, ""C15_LAVES#1"": 0.006498580060437986, ""FCC_L12#1"": 0.0006211639693921589, ""HCP_A3#1"": 0.0015947602724105325, ""HCP_A3#2"": 0.0023866667040879116}",0.85,0.005,773.0
0.85,0.05,0.09,0.005,0.005,"{""BCC_B2#1"": 0.9890787579759847, ""C15_LAVES#1"": 0.006349124160273958, ""FCC_L12#1"": 0.0006137100039843442, ""HCP_A3#1"": 0.0015904743544811692, ""HCP_A3#2"": 0.0023679335052758876}",0.85,0.005,773.0
0.85,0.05,0.095,0.0,0.005,"{""BCC_B2#1"": 0.9892828881753349, ""C15_LAVES#1"": 0.006175143347031759, ""FCC_L12#1"": 0.0006062458213072811, ""HCP_A3#1"": 0.001586634276173209, ""HCP_A3#2"": 0.0023490883801527856}",0.85,0.005,773.0
0.85,0.055,0.0,0.09,0.005,"{""BCC_B2#1"": 0.9895982896918161, ""C15_LAVES#1"": 0.006125853529020806, ""FCC_L12#1"": 0.0007378333637240844, ""HCP_A3#2"": 0.0026508093978265144, ""ZRO2_MONO#1"": 0.0008872140176122036}",0.85,0.005,773.0
0.85,0.055,0.005,0.085,0.005,"{""BCC_B2#1"": 0.9895670693506952, ""C15_LAVES#1"": 0.006192321121906392, ""FCC_L12#1"": 0.0007304598580628385, ""HCP_A3#2"": 0.002632484477148051, ""ZRO2_MONO#1"": 0.0008776651921876963}",0.85,0.005,773.0
0.85,0.055,0.01,0.08,0.005,"{""BCC_B2#1"": 0.9895420467850624, ""C15_LAVES#1"": 0.00625250970049854, ""FCC_L12#1"": 0.0007230884484523272, ""HCP_A3#2"": 0.002614241973441097, ""ZRO2_MONO#1"": 0.000868113092545717}",0.85,0.005,773.0
0.85,0.055,0.015,0.075,0.005,"{""BCC_B2#1"": 0.9895236203893841, ""C15_LAVES#1"": 0.006306036678050941, ""FCC_L12#1"": 0.0007157183699108929, ""HCP_A3#2"": 0.0025960678289213193, ""ZRO2_MONO#1"": 0.0008585567337325862}",0.85,0.005,773.0
0.85,0.055,0.02,0.07,0.005,"{""BCC_B2#1"": 0.9895122170837328, ""C15_LAVES#1"": 0.006352490994765667, ""FCC_L12#1"": 0.000708348874884376, ""HCP_A3#2"": 0.0025779483181606008, ""ZRO2_MONO#1"": 0.0008489947284565511}",0.85,0.005,773.0
0.85,0.055,0.025,0.065,0.005,"{""BCC_B2#1"": 0.9895083010231636, ""C15_LAVES#1"": 0.006391424535414257, ""FCC_L12#1"": 0.0007009792303917951, ""HCP_A3#2"": 0.0025598701053246883, ""ZRO2_MONO#1"": 0.000839425105705679}",0.85,0.005,773.0
0.85,0.055,0.03,0.06,0.005,"{""BCC_B2#1"": 0.9895123828420742, ""C15_LAVES#1"": 0.006422343103826663, ""FCC_L12#1"": 0.0006936087150981922, ""HCP_A3#2"": 0.0025418202940131773, ""ZRO2_MONO#1"": 0.0008298450449878182}",0.85,0.005,773.0
0.85,0.055,0.035,0.055,0.005,"{""BCC_B2#1"": 0.989525029892593, ""C15_LAVES#1"": 0.006444696889555957, ""FCC_L12#1"": 0.0006862366166459297, ""HCP_A3#2"": 0.002523786470855466, ""ZRO2_MONO#1"": 0.0008202501303495082}",0.85,0.005,773.0
0.85,0.055,0.04,0.05,0.005,"{""BCC_B2#1"": 0.9895468752683023, ""C15_LAVES#1"": 0.006457870573098523, ""FCC_L12#1"": 0.000678862227808604, ""HCP_A3#2"": 0.0025057567378286866, ""ZRO2_MONO#1"": 0.0008106351929618393}",0.85,0.005,773.0
0.85,0.055,0.045,0.045,0.005,"{""BCC_B2#1"": 0.9879623781168508, ""C15_LAVES#1"": 0.007238319919898457, ""FCC_L12#1"": 0.000671630487881473, ""HCP_A3#1"": 0.0024894159639442903, ""HCP_A3#2"": 0.0016382555114248776}",0.85,0.005,773.0
0.85,0.055,0.05,0.04,0.005,"{""BCC_B2#1"": 0.9880147661391615, ""C15_LAVES#1"": 0.007221878073492291, ""FCC_L12#1"": 0.000664241295822998, ""HCP_A3#1"": 0.0024712047956846135, ""HCP_A3#2"": 0.0016279096958387654}",0.85,0.005,773.0
0.85,0.055,0.055,0.035,0.005,"{""BCC_B2#1"": 0.9880779533469669, ""C15_LAVES#1"": 0.007193750230697759, ""FCC_L12#1"": 0.0006568477167120284, ""HCP_A3#1"": 0.0024529673514392114, ""HCP_A3#2"": 0.001618481354184332}",0.85,0.005,773.0
0.85,0.055,0.06,0.03,0.005,"{""BCC_B2#1"": 0.9881529647511167, ""C15_LAVES#1"": 0.007152941402421838, ""FCC_L12#1"": 0.0006494490926539262, ""HCP_A3#1"": 0.0024346889711944673, ""HCP_A3#2"": 0.0016099557826131064}",0.85,0.005,773.0
0.85,0.055,0.065,0.025,0.005,"{""BCC_B2#1"": 0.98824097505977, ""C15_LAVES#1"": 0.007098313422699694, ""FCC_L12#1"": 0.0006420447535084864, ""HCP_A3#1"": 0.0024163564818999446, ""HCP_A3#2"": 0.0016023102821217025}",0.85,0.005,773.0
0.85,0.055,0.07,0.02,0.005,"{""BCC_B2#1"": 0.9883433254992633, ""C15_LAVES#1"": 0.007028570133414834, ""FCC_L12#1"": 0.0006346340161497727, ""HCP_A3#1"": 0.002397957706206377, ""HCP_A3#2"": 0.0015955126449658757}",0.85,0.005,773.0
0.85,0.055,0.075,0.015,0.005,"{""BCC_B2#1"": 0.9884615445205889, ""C15_LAVES#1"": 0.006942239521649966, ""FCC_L12#1"": 0.0006272161835524844, ""HCP_A3#1"": 0.00237948116263241, ""HCP_A3#2"": 0.0015895186115763762}",0.85,0.005,773.0
0.85,0.055,0.08,0.01,0.005,"{""BCC_B2#1"": 0.9885973723675515, ""C15_LAVES#1"": 0.006837653186744195, ""FCC_L12#1"": 0.0006197905437799748, ""HCP_A3#1"": 0.0015842680441086284, ""HCP_A3#2"": 0.0023609158578156127}",0.85,0.005,773.0
0.85,0.055,0.085,0.005,0.005,"{""BCC_B2#1"": 0.988752789915633, ""C15_LAVES#1"": 0.006712923226103875, ""FCC_L12#1"": 0.0006123563688759599, ""HCP_A3#1"": 0.0015796793675664814, ""HCP_A3#2"": 0.0023422511218208638}",0.85,0.005,773.0
0.85,0.055,0.09,0.0,0.005,"{""BCC_B2#1"": 0.9889300525381839, ""C15_LAVES#1"": 0.006565916495981245, ""FCC_L12#1"": 0.000604912913599224, ""HCP_A3#1"": 0.0015756415921143315, ""HCP_A3#2"": 0.002323476460121212}",0.85,0.005,773.0
0.85,0.06,0.0,0.085,0.005,"{""BCC_B2#1"": 0.9895073067451755, ""C15_LAVES#1"": 0.0062762333700159155, ""FCC_L12#1"": 0.000729111566020292, ""HCP_A3#2"": 0.0026093733655435138, ""ZRO2_MONO#1"": 0.0008779749532449808}",0.85,0.005,773.0
0.85,0.06,0.005,0.08,0.005,"{""BCC_B2#1"": 0.9894721513926906, ""C15_LAVES#1"": 0.006346569714713072, ""FCC_L12#1"": 0.0007217420852808358, ""HCP_A3#2"": 0.0025911105869878635, ""ZRO2_MONO#1"": 0.0008684262203277233}",0.85,0.005,773.0
0.85,0.06,0.01,0.075,0.005,"{""BCC_B2#1"": 0.9894434273158056, ""C15_LAVES#1"": 0.006410395829361662, ""FCC_L12#1"": 0.0007143751257502047, ""HCP_A3#2"": 0.0025729277582381286, ""ZRO2_MONO#1"": 0.0008588739708443825}",0.85,0.005,773.0
0.85,0.06,0.015,0.07,0.005,"{""BCC_B2#1"": 0.9894215273889615, ""C15_LAVES#1"": 0.006467336057614491, ""FCC_L12#1"": 0.0007070098606180038, ""HCP_A3#2"": 0.0025548096409743577, ""ZRO2_MONO#1"": 0.000849317051831599}",0.85,0.005,773.0
0.85,0.06,0.02,0.065,0.005,"{""BCC_B2#1"": 0.9894068699928321, ""C15_LAVES#1"": 0.00651698928371029, ""FCC_L12#1"": 0.0006996454905323111, ""HCP_A3#2"": 0.0025367414107741663, ""ZRO2_MONO#1"": 0.0008397538221512193}",0.85,0.005,773.0
0.85,0.06,0.025,0.06,0.005,"{""BCC_B2#1"": 0.9893999087749777, ""C15_LAVES#1"": 0.006558919341305577, ""FCC_L12#1"": 0.0006922812394871138, ""HCP_A3#2"": 0.002518708714337927, ""ZRO2_MONO#1"": 0.0008301819298913669}",0.85,0.005,773.0
0.85,0.06,0.03,0.055,0.005,"{""BCC_B2#1"": 0.9894011428256972, ""C15_LAVES#1"": 0.006592645119148995, ""FCC_L12#1"": 0.0006849163506956769, ""HCP_A3#2"": 0.0025006977184946935, ""ZRO2_MONO#1"": 0.0008205979859633939}",0.85,0.005,773.0
0.85,0.06,0.035,0.05,0.005,"{""BCC_B2#1"": 0.9894111277451428, ""C15_LAVES#1"": 0.006617630301985757, ""FCC_L12#1"": 0.0006775500828186709, ""HCP_A3#2"": 0.0024826951523145373, ""ZRO2_MONO#1"": 0.0008109967177378639}",0.85,0.005,773.0
0.85,0.06,0.04,0.045,0.005,"{""BCC_B2#1"": 0.9894304854422928, ""C15_LAVES#1"": 0.006633272759270454, ""FCC_L12#1"": 0.0006701817050583573, ""HCP_A3#2"": 0.002464688336849996, ""ZRO2_MONO#1"": 0.000801371756528688}",0.85,0.005,773.0
0.85,0.06,0.045,0.04,0.005,"{""BCC_B2#1"": 0.9878595080921777, ""C15_LAVES#1"": 0.0074084704553863704, ""FCC_L12#1"": 0.0006629400367826089, ""HCP_A3#1"": 0.002448075550349481, ""HCP_A3#2"": 0.0016210058653041842}",0.85,0.005,773.0
0.85,0.06,0.05,0.035,0.005,"{""BCC_B2#1"": 0.9879094720048399, ""C15_LAVES#1"": 0.0073941630219251635, ""FCC_L12#1"": 0.00065555719370534, ""HCP_A3#1"": 0.0024298931033057097, ""HCP_A3#2"": 0.0016109146762240682}",0.85,0.005,773.0
0.85,0.06,0.055,0.03,0.005,"{""BCC_B2#1"": 0.9879703573857351, ""C15_LAVES#1"": 0.007368037880932952, ""FCC_L12#1"": 0.0006481701002200012, ""HCP_A3#1"": 0.002411673326146176, ""HCP_A3#2"": 0.0016017613069657696}",0.85,0.005,773.0
0.85,0.06,0.06,0.025,0.005,"{""BCC_B2#1"": 0.9880431936215861, ""C15_LAVES#1"": 0.00732909844868951, ""FCC_L12#1"": 0.0006407780939711014, ""HCP_A3#1"": 0.0023934020450272066, ""HCP_A3#2"": 0.001593527790725907}",0.85,0.005,773.0
0.85,0.06,0.065,0.02,0.005,"{""BCC_B2#1"": 0.9881291634977044, ""C15_LAVES#1"": 0.0072762019218509015, ""FCC_L12#1"": 0.0006333805016877559, ""HCP_A3#1"": 0.0023750663774049917, ""HCP_A3#2"": 0.0015861877013522013}",0.85,0.005,773.0
0.85,0.06,0.07,0.015,0.005,"{""BCC_B2#1"": 0.9882296216334129, ""C15_LAVES#1"": 0.007208043123810325, ""FCC_L12#1"": 0.0006259766378942689, ""HCP_A3#1"": 0.0023566543574414, ""HCP_A3#2"": 0.0015797042474409648}",0.85,0.005,773.0
0.85,0.06,0.075,0.01,0.005,"{""BCC_B2#1"": 0.9883461168247685, ""C15_LAVES#1"": 0.007123135427010519, ""FCC_L12#1"": 0.000618565803536546, ""HCP_A3#1"": 0.0023381546977713583, ""HCP_A3#2"": 0.001574027246913287}",0.85,0.005,773.0
0.85,0.06,0.08,0.005,0.005,"{""BCC_B2#1"": 0.9884804184316764, ""C15_LAVES#1"": 0.007019789011780429, ""FCC_L12#1"": 0.0006111472845684137, ""HCP_A3#1"": 0.0015690886579090711, ""HCP_A3#2"": 0.0023195566140656993}",0.85,0.005,773.0
0.85,0.06,0.085,0.0,0.005,"{""BCC_B2#1"": 0.988634547355954, ""C15_LAVES#1"": 0.0068960864854970385, ""FCC_L12#1"": 0.0006037203504439929, ""HCP_A3#1"": 0.0015647961323018939, ""HCP_A3#2"": 0.002300849675803123}",0.85,0.005,773.0
0.85,0.065,0.0,0.08,0.005,"{""BCC_B2#1"": 0.9894259602382786, ""C15_LAVES#1"": 0.0064143423704265965, ""FCC_L12#1"": 0.0007205665994295949, ""HCP_A3#2"": 0.002570398373782936, ""ZRO2_MONO#1"": 0.0008687324180820978}",0.85,0.005,773.0
0.85,0.065,0.005,0.075,0.005,"{""BCC_B2#1"": 0.9893872892273748, ""C15_LAVES#1"": 0.0064881345295561875, ""FCC_L12#1"": 0.0007131992970854138, ""HCP_A3#2"": 0.002552193678503666, ""ZRO2_MONO#1"": 0.0008591832674801153}",0.85,0.005,773.0
0.85,0.065,0.01,0.07,0.005,"{""BCC_B2#1"": 0.9893553100902109, ""C15_LAVES#1"": 0.006555157894077041, ""FCC_L12#1"": 0.0007058349539215455, ""HCP_A3#2"": 0.0025340668300783895, ""ZRO2_MONO#1"": 0.0008496302317122582}",0.85,0.005,773.0
0.85,0.065,0.015,0.065,0.005,"{""BCC_B2#1"": 0.9893304126594663, ""C15_LAVES#1"": 0.006615041376609128, ""FCC_L12#1"": 0.0006984726680975363, ""HCP_A3#2"": 0.002516001350511578, ""ZRO2_MONO#1"": 0.0008400719453153852}",0.85,0.005,773.0
0.85,0.065,0.02,0.06,0.005,"{""BCC_B2#1"": 0.9893130091143443, ""C15_LAVES#1"": 0.006667391584512111, ""FCC_L12#1"": 0.0006911115776805385, ""HCP_A3#2"": 0.0024979812734756395, ""ZRO2_MONO#1"": 0.0008305064499875885}",0.85,0.005,773.0
0.85,0.065,0.025,0.055,0.005,"{""BCC_B2#1"": 0.9893035450217943, ""C15_LAVES#1"": 0.006711782002216626, ""FCC_L12#1"": 0.0006837508548217295, ""HCP_A3#2"": 0.0024799911989112832, ""ZRO2_MONO#1"": 0.0008209309222561091}",0.85,0.005,773.0
0.85,0.065,0.03,0.05,0.005,"{""BCC_B2#1"": 0.9893025109945587, ""C15_LAVES#1"": 0.006747742074443641, ""FCC_L12#1"": 0.0006763897003370889, ""HCP_A3#2"": 0.002462016339983353, ""ZRO2_MONO#1"": 0.0008113408906773161}",0.85,0.005,773.0
0.85,0.065,0.035,0.045,0.005,"{""BCC_B2#1"": 0.9893104528153608, ""C15_LAVES#1"": 0.006774746087177683, ""FCC_L12#1"": 0.000669027337205007, ""HCP_A3#2"": 0.00244404255722788, ""ZRO2_MONO#1"": 0.000801731203028937}",0.85,0.005,773.0
0.85,0.065,0.04,0.04,0.005,"{""BCC_B2#1"": 0.9885640740281497, ""C15_LAVES#1"": 0.007161233756119887, ""FCC_L12#1"": 0.0006617215919550401, ""HCP_A3#1"": 0.0024266652206784514, ""HCP_A3#2"": 0.0007734546332109056, ""ZRO2_MONO#1"": 0.0004128507698858438}",0.85,0.005,773.0
0.85,0.065,0.045,0.035,0.005,"{""BCC_B2#1"": 0.987771449937807, ""C15_LAVES#1"": 0.007561119489211992, ""FCC_L12#1"": 0.000654411064637417, ""HCP_A3#1"": 0.0024092156117612785, ""HCP_A3#2"": 0.0016038038965821475}",0.85,0.005,773.0
0.85,0.065,0.05,0.03,0.005,"{""BCC_B2#1"": 0.9878197270617202, ""C15_LAVES#1"": 0.007548201859016113, ""FCC_L12#1"": 0.0006470324423045926, ""HCP_A3#1"": 0.0023910530011462708, ""HCP_A3#2"": 0.0015939856358126807}",0.85,0.005,773.0
0.85,0.065,0.055,0.025,0.005,"{""BCC_B2#1"": 0.987879107664353, ""C15_LAVES#1"": 0.00752327375437016, ""FCC_L12#1"": 0.0006396496592209662, ""HCP_A3#1"": 0.0023728427544874686, ""HCP_A3#2"": 0.0015851261675686758}",0.85,0.005,773.0
0.85,0.065,0.06,0.02,0.005,"{""BCC_B2#1"": 0.9879506307018974, ""C15_LAVES#1"": 0.007485331999001626, ""FCC_L12#1"": 0.000632262046722036, ""HCP_A3#1"": 0.0023545708867565105, ""HCP_A3#2"": 0.0015772043656223692}",0.85,0.005,773.0
0.85,0.065,0.065,0.015,0.005,"{""BCC_B2#1"": 0.9880354933422517, ""C15_LAVES#1"": 0.007433223091351353, ""FCC_L12#1"": 0.0006248689268499334, ""HCP_A3#1"": 0.002336224604040298, ""HCP_A3#2"": 0.0015701900355068123}",0.85,0.005,773.0
0.85,0.065,0.07,0.01,0.005,"{""BCC_B2#1"": 0.9881350709803967, ""C15_LAVES#1"": 0.007365625798240203, ""FCC_L12#1"": 0.0006174696105359602, ""HCP_A3#1"": 0.0023177920061997013, ""HCP_A3#2"": 0.001564041604627179}",0.85,0.005,773.0
0.85,0.065,0.075,0.005,0.005,"{""BCC_B2#1"": 0.9882509412561414, ""C15_LAVES#1"": 0.007281030888220313, ""FCC_L12#1"": 0.0006100633957571072, ""HCP_A3#1"": 0.001558702571628088, ""HCP_A3#2"": 0.002299261888252963}",0.85,0.005,773.0
0.85,0.065,0.08,0.0,0.005,"{""BCC_B2#1"": 0.9883849123573983, ""C15_LAVES#1"": 0.007177718173557966, ""FCC_L12#1"": 0.0006026495657025299, ""HCP_A3#1"": 0.0015540963191282224, ""HCP_A3#2"": 0.002280623584212717}",0.85,0.005,773.0
0.85,0.07,0.0,0.075,0.005,"{""BCC_B2#1"": 0.989352410215075, ""C15_LAVES#1"": 0.006542497579399355, ""FCC_L12#1"": 0.0007121690049510939, ""HCP_A3#2"": 0.0025334359086486326, ""ZRO2_MONO#1"": 0.0008594872919260028}",0.85,0.005,773.0
0.85,0.07,0.005,0.07,0.005,"{""BCC_B2#1"": 0.98931059421629, ""C15_LAVES#1"": 0.006619380535317271, ""FCC_L12#1"": 0.0007048024191682954, ""HCP_A3#2"": 0.0025152855402092566, ""ZRO2_MONO#1"": 0.000849937289014963}",0.85,0.005,773.0
0.85,0.07,0.01,0.065,0.005,"{""BCC_B2#1"": 0.9892757519990061, ""C15_LAVES#1"": 0.006689214666147785, ""FCC_L12#1"": 0.0006974392397471446, ""HCP_A3#2"": 0.0024972111904718788, ""ZRO2_MONO#1"": 0.0008403829046272494}",0.85,0.005,773.0
0.85,0.07,0.015,0.06,0.005,"{""BCC_B2#1"": 0.9892482725733603, ""C15_LAVES#1"": 0.006751631350924116, ""FCC_L12#1"": 0.0006900784779227685, ""HCP_A3#2"": 0.0024791950868413987, ""ZRO2_MONO#1"": 0.0008308225109516413}",0.85,0.005,773.0
0.85,0.07,0.02,0.055,0.005,"{""BCC_B2#1"": 0.9892285639752776, ""C15_LAVES#1"": 0.006806242981937022, ""FCC_L12#1"": 0.0006827191997021758, ""HCP_A3#2"": 0.002461220082354425, ""ZRO2_MONO#1"": 0.0008212537607283552}",0.85,0.005,773.0
0.85,0.07,0.025,0.05,0.005,"{""BCC_B2#1"": 0.9892170662156888, ""C15_LAVES#1"": 0.006852630673114626, ""FCC_L12#1"": 0.0006753605181146574, ""HCP_A3#2"": 0.002443269705395038, ""ZRO2_MONO#1"": 0.0008116728876869011}",0.85,0.005,773.0
0.85,0.07,0.03,0.045,0.005,"{""BCC_B2#1"": 0.9892142623180145, ""C15_LAVES#1"": 0.006890332207565198, ""FCC_L12#1"": 0.0006680015845478827, ""HCP_A3#2"": 0.002425328196564393, ""ZRO2_MONO#1"": 0.000802075693308197}",0.85,0.005,773.0
0.85,0.07,0.035,0.04,0.005,"{""BCC_B2#1"": 0.9892206933425431, ""C15_LAVES#1"": 0.006918829897799451, ""FCC_L12#1"": 0.000660641583050951, ""HCP_A3#2"": 0.0024073805466875153, ""ZRO2_MONO#1"": 0.0007924546299189047}",0.85,0.005,773.0
0.85,0.07,0.04,0.035,0.005,"{""BCC_B2#1"": 0.9876588218471348, ""C15_LAVES#1"": 0.007700122274661645, ""FCC_L12#1"": 0.0006533899682567315, ""HCP_A3#1"": 0.0023904826686273538, ""HCP_A3#2"": 0.0015971832413195957}",0.85,0.005,773.0
0.85,0.07,0.045,0.03,0.005,"{""BCC_B2#1"": 0.987695613892519, ""C15_LAVES#1"": 0.0076993349888926565, ""FCC_L12#1"": 0.0006460172895017174, ""HCP_A3#1"": 0.002372374880752107, ""HCP_A3#2"": 0.001586658948334298}",0.85,0.005,773.0
0.85,0.07,0.05,0.025,0.005,"{""BCC_B2#1"": 0.9877428349771612, ""C15_LAVES#1"": 0.007687167328631416, ""FCC_L12#1"": 0.0006386411700814833, ""HCP_A3#1"": 0.00235422515101385, ""HCP_A3#2"": 0.0015771313731122055}",0.85,0.005,773.0
0.85,0.07,0.055,0.02,0.005,"{""BCC_B2#1"": 0.9878013921552607, ""C15_LAVES#1"": 0.007662744526095707, ""FCC_L12#1"": 0.000631260938444387, ""HCP_A3#1"": 0.002336017932494775, ""HCP_A3#2"": 0.0015685844477043606}",0.85,0.005,773.0
0.85,0.07,0.06,0.015,0.005,"{""BCC_B2#1"": 0.98787233921503, ""C15_LAVES#1"": 0.007625051728103497, ""FCC_L12#1"": 0.0006238759180714253, ""HCP_A3#1"": 0.0023177392410566005, ""HCP_A3#2"": 0.001560993897738292}",0.85,0.005,773.0
0.85,0.07,0.065,0.01,0.005,"{""BCC_B2#1"": 0.987956893997403, ""C15_LAVES#1"": 0.007572918693186349, ""FCC_L12#1"": 0.0006164854250308602, ""HCP_A3#1"": 0.002299376242552847, ""HCP_A3#2"": 0.0015543256418269343}",0.85,0.005,773.0
0.85,0.07,0.07,0.005,0.005,"{""BCC_B2#1"": 0.9880564600039541, ""C15_LAVES#1"": 0.007505001172820604, ""FCC_L12#1"": 0.000609088765598838, ""HCP_A3#1"": 0.001548533049600418, ""HCP_A3#2"": 0.002280917008026127}",0.85,0.005,773.0
0.85,0.07,0.075,0.0,0.005,"{""BCC_B2#1"": 0.9881726521624542, ""C15_LAVES#1"": 0.00741975945401443, ""FCC_L12#1"": 0.0006016852339507615, ""HCP_A3#1"": 0.0015435528088638176, ""HCP_A3#2"": 0.0022623503407167463}",0.85,0.005,773.0
0.85,0.075,0.0,0.07,0.005,"{""BCC_B2#1"": 0.9892852767319187, ""C15_LAVES#1"": 0.006662448283273532, ""FCC_L12#1"": 0.0007038951882818683, ""HCP_A3#2"": 0.002498139716936774, ""ZRO2_MONO#1"": 0.00085024007958886}",0.85,0.005,773.0
0.85,0.075,0.005,0.065,0.005,"{""BCC_B2#1"": 0.9892406499911027, ""C15_LAVES#1"": 0.006742092820228005, ""FCC_L12#1"": 0.0006965281691316497, ""HCP_A3#2"": 0.0024800402003390142, ""ZRO2_MONO#1"": 0.0008406888191987488}",0.85,0.005,773.0
0.85,0.075,0.01,0.06,0.005,"{""BCC_B2#1"": 0.989203295949358, ""C15_LAVES#1"": 0.006814391423366065, ""FCC_L12#1"": 0.0006891650057635348, ""HCP_A3#2"": 0.002462015077548711, ""ZRO2_MONO#1"": 0.0008311325439637297}",0.85,0.005,773.0
0.85,0.075,0.015,0.055,0.005,"{""BCC_B2#1"": 0.9891736048031479, ""C15_LAVES#1"": 0.00687897604725945, ""FCC_L12#1"": 0.0006818046123059378, ""HCP_A3#2"": 0.00244404523075006, ""ZRO2_MONO#1"": 0.0008215693065365804}",0.85,0.005,773.0
0.85,0.075,0.02,0.05,0.005,"{""BCC_B2#1"": 0.9891519822888801, ""C15_LAVES#1"": 0.006935463150490807, ""FCC_L12#1"": 0.0006744459748765675, ""HCP_A3#2"": 0.002426112298002986, ""ZRO2_MONO#1"": 0.0008119962877493138}",0.85,0.005,773.0
0.85,0.075,0.025,0.045,0.005,"{""BCC_B2#1"": 0.9891388644178146, ""C15_LAVES#1"": 0.006983439697824385, ""FCC_L12#1"": 0.0006670881411104674, ""HCP_A3#2"": 0.002408198713574671, ""ZRO2_MONO#1"": 0.000802409029675919}",0.85,0.005,773.0
0.85,0.075,0.03,0.04,0.005,"{""BCC_B2#1"": 0.9891347299957677, ""C15_LAVES#1"": 0.007022449774294229, ""FCC_L12#1"": 0.0006597302091275105, ""HCP_A3#2"": 0.0023902877363958393, ""ZRO2_MONO#1"": 0.0007928022844146806}",0.85,0.005,773.0
0.85,0.075,0.035,0.035,0.005,"{""BCC_B2#1"": 0.9891401168337051, ""C15_LAVES#1"": 0.007051981335071628, ""FCC_L12#1"": 0.0006523713196656634, ""HCP_A3#2"": 0.0023723634801276513, ""ZRO2_MONO#1"": 0.0007831670314298321}",0.85,0.005,773.0
0.85,0.075,0.04,0.03,0.005,"{""BCC_B2#1"": 0.9875940390206749, ""C15_LAVES#1"": 0.007825742520120624, ""FCC_L12#1"": 0.0006451091903547409, ""HCP_A3#1"": 0.002355290318865151, ""HCP_A3#2"": 0.0015798189499845116}",0.85,0.005,773.0
0.85,0.075,0.045,0.025,0.005,"{""BCC_B2#1"": 0.9876300639214217, ""C15_LAVES#1"": 0.007825421834104267, ""FCC_L12#1"": 0.0006377375870350795, ""HCP_A3#1"": 0.002337199180250637, ""HCP_A3#2"": 0.0015695774771885367}",0.85,0.005,773.0
0.85,0.075,0.05,0.02,0.005,"{""BCC_B2#1"": 0.9876767795717039, ""C15_LAVES#1"": 0.007813442959602795, ""FCC_L12#1"": 0.0006303625660974908, ""HCP_A3#1"": 0.002319056567814331, ""HCP_A3#2"": 0.0015603583347814584}",0.85,0.005,773.0
0.85,0.075,0.055,0.015,0.005,"{""BCC_B2#1"": 0.9877351079330324, ""C15_LAVES#1"": 0.00778891896480731, ""FCC_L12#1"": 0.000622983444284978, ""HCP_A3#1"": 0.002300846892042871, ""HCP_A3#2"": 0.0015521427658324845}",0.85,0.005,773.0
0.85,0.075,0.06,0.01,0.005,"{""BCC_B2#1"": 0.9878061229337902, ""C15_LAVES#1"": 0.0077508181826647, ""FCC_L12#1"": 0.0006155995361133686, ""HCP_A3#1"": 0.0022825560476284644, ""HCP_A3#2"": 0.0015449032998032083}",0.85,0.005,773.0
0.85,0.075,0.065,0.005,0.005,"{""BCC_B2#1"": 0.9878910693776247, ""C15_LAVES#1"": 0.007697947601845777, ""FCC_L12#1"": 0.0006082101507479023, ""HCP_A3#1"": 0.0022641710761419145, ""HCP_A3#2"": 0.001538601793639752}",0.85,0.005,773.0
0.85,0.075,0.07,0.0,0.005,"{""BCC_B2#1"": 0.9879913861892805, ""C15_LAVES#1"": 0.007628933047113406, ""FCC_L12#1"": 0.0006008145890399556, ""HCP_A3#1"": 0.00224567995742706, ""HCP_A3#2"": 0.00153318621713921}",0.85,0.005,773.0
0.85,0.08,0.0,0.065,0.005,"{""BCC_B2#1"": 0.9892235048657414, ""C15_LAVES#1"": 0.006775540270192486, ""FCC_L12#1"": 0.0006957260281290193, ""HCP_A3#2"": 0.002464237775046886, ""ZRO2_MONO#1"": 0.0008409910608900171}",0.85,0.005,773.0
0.85,0.08,0.005,0.06,0.005,"{""BCC_B2#1"": 0.9891763734729548, ""C15_LAVES#1"": 0.006857644822952742, ""FCC_L12#1"": 0.000688357680497276, ""HCP_A3#2"": 0.002446185886969116, ""ZRO2_MONO#1"": 0.0008314381366259987}",0.85,0.005,773.0
0.85,0.08,0.01,0.055,0.005,"{""BCC_B2#1"": 0.9891368275176546, ""C15_LAVES#1"": 0.006932092525545104, ""FCC_L12#1"": 0.0006809936314003898, ""HCP_A3#2"": 0.002428206913979066, ""ZRO2_MONO#1"": 0.0008218794114207542}",0.85,0.005,773.0
0.85,0.08,0.015,0.05,0.005,"{""BCC_B2#1"": 0.9891052602163772, ""C15_LAVES#1"": 0.006998514195737471, ""FCC_L12#1"": 0.0006736326897145055, ""HCP_A3#2"": 0.0024102803462502874, ""ZRO2_MONO#1"": 0.0008123125519205471}",0.85,0.005,773.0
0.85,0.08,0.02,0.045,0.005,"{""BCC_B2#1"": 0.9890820766855972, ""C15_LAVES#1"": 0.007056528812002105, ""FCC_L12#1"": 0.0006662737556823367, ""HCP_A3#2"": 0.0023923865764967434, ""ZRO2_MONO#1"": 0.00080273417022162}",0.85,0.005,773.0
0.85,0.08,0.025,0.04,0.005,"{""BCC_B2#1"": 0.9890677111035814, ""C15_LAVES#1"": 0.007105727544623763, ""FCC_L12#1"": 0.000658915807429363, ""HCP_A3#2"": 0.0023745069277581452, ""ZRO2_MONO#1"": 0.0007931386166074573}",0.85,0.005,773.0
0.85,0.08,0.03,0.035,0.005,"{""BCC_B2#1"": 0.9890626390406858, ""C15_LAVES#1"": 0.0071456589119463475, ""FCC_L12#1"": 0.0006515578859155603, ""HCP_A3#2"": 0.0023566236659011424, ""ZRO2_MONO#1"": 0.0007835204955510926}",0.85,0.005,773.0
0.85,0.08,0.035,0.03,0.005,"{""BCC_B2#1"": 0.9890673986869221, ""C15_LAVES#1"": 0.007175814340736614, ""FCC_L12#1"": 0.0006441990870224868, ""HCP_A3#2"": 0.0023387200280782657, ""ZRO2_MONO#1"": 0.0007738678572405842}",0.85,0.005,773.0
0.85,0.08,0.04,0.025,0.005,"{""BCC_B2#1"": 0.9875376108932379, ""C15_LAVES#1"": 0.007941465192893914, ""FCC_L12#1"": 0.0006369264331312237, ""HCP_A3#1"": 0.002321491201046613, ""HCP_A3#2"": 0.001562506279690114}",0.85,0.005,773.0
0.85,0.08,0.045,0.02,0.005,"{""BCC_B2#1"": 0.9875733234570975, ""C15_LAVES#1"": 0.00794114582682413, ""FCC_L12#1"": 0.0006295547764677238, ""HCP_A3#1"": 0.002303411426220633, ""HCP_A3#2"": 0.001552564513389826}",0.85,0.005,773.0
0.85,0.08,0.05,0.015,0.005,"{""BCC_B2#1"": 0.9876200233186104, ""C15_LAVES#1"": 0.007928854163105403, ""FCC_L12#1"": 0.0006221796915106382, ""HCP_A3#1"": 0.002285270938715975, ""HCP_A3#2"": 0.0015436718880579186}",0.85,0.005,773.0
0.85,0.08,0.055,0.01,0.005,"{""BCC_B2#1"": 0.9876786517591315, ""C15_LAVES#1"": 0.007903686803107188, ""FCC_L12#1"": 0.000614800482539092, ""HCP_A3#1"": 0.0022670539799585893, ""HCP_A3#2"": 0.0015358069752637528}",0.85,0.005,773.0
0.85,0.08,0.06,0.005,0.005,"{""BCC_B2#1"": 0.9877503082067026, ""C15_LAVES#1"": 0.007864590075821668, ""FCC_L12#1"": 0.0006074164544700526, ""HCP_A3#1"": 0.0022487462430870633, ""HCP_A3#2"": 0.001528939019918583}",0.85,0.005,773.0
0.85,0.08,0.065,0.0,0.005,"{""BCC_B2#1"": 0.9878362707449632, ""C15_LAVES#1"": 0.007810342157226385, ""FCC_L12#1"": 0.0006000269090084999, ""HCP_A3#1"": 0.002230334590202669, ""HCP_A3#2"": 0.0015230255985995106}",0.85,0.005,773.0
0.85,0.085,0.0,0.06,0.005,"{""BCC_B2#1"": 0.9891662745099304, ""C15_LAVES#1"": 0.006882826209420979, ""FCC_L12#1"": 0.0006876458693710734, ""HCP_A3#2"": 0.0024315130399956905, ""ZRO2_MONO#1"": 0.0008317403712817716}",0.85,0.005,773.0
0.85,0.085,0.005,0.055,0.005,"{""BCC_B2#1"": 0.9891169221154825, ""C15_LAVES#1"": 0.0069671112450338715, ""FCC_L12#1"": 0.0006802755064403079, ""HCP_A3#2"": 0.002413505780285489, ""ZRO2_MONO#1"": 0.000822185352757728}",0.85,0.005,773.0
0.85,0.085,0.01,0.05,0.005,"{""BCC_B2#1"": 0.989075479368137, ""C15_LAVES#1"": 0.007043417132520549, ""FCC_L12#1"": 0.0006729098684288899, ""HCP_A3#2"": 0.0023955700578709, ""ZRO2_MONO#1"": 0.0008126235730428514}",0.85,0.005,773.0
0.85,0.085,0.015,0.045,0.005,"{""BCC_B2#1"": 0.9890423441907081, ""C15_LAVES#1"": 0.007111371994023589, ""FCC_L12#1"": 0.0006655476530260436, ""HCP_A3#2"": 0.002377683927284687, ""ZRO2_MONO#1"": 0.0008030522349575458}",0.85,0.005,773.0
0.85,0.085,0.02,0.04,0.005,"{""BCC_B2#1"": 0.9890179230063814, ""C15_LAVES#1"": 0.007170595903761114, ""FCC_L12#1"": 0.0006581876708216529, ""HCP_A3#2"": 0.0023598265096879726, ""ZRO2_MONO#1"": 0.0007934669093480135}",0.85,0.005,773.0
0.85,0.085,0.025,0.035,0.005,"{""BCC_B2#1"": 0.989002648004955, ""C15_LAVES#1"": 0.007220682787635108, ""FCC_L12#1"": 0.000650828826583676, ""HCP_A3#2"": 0.0023419779978781845, ""ZRO2_MONO#1"": 0.0007838623829482489}",0.85,0.005,773.0
0.85,0.085,0.03,0.03,0.005,"{""BCC_B2#1"": 0.9889969968821919, ""C15_LAVES#1"": 0.007261183722873411, ""FCC_L12#1"": 0.0006434701045714838, ""HCP_A3#2"": 0.0023241196661667823, ""ZRO2_MONO#1"": 0.0007742296241963101}",0.85,0.005,773.0
0.85,0.085,0.035,0.025,0.005,"{""BCC_B2#1"": 0.9877154321267086, ""C15_LAVES#1"": 0.007915342419661468, ""FCC_L12#1"": 0.0006361827942282501, ""HCP_A3#1"": 0.002306774095447975, ""HCP_A3#2"": 0.0013007581950464611, ""ZRO2_MONO#1"": 0.00012551036890723588}",0.85,0.005,773.0
0.85,0.085,0.04,0.02,0.005,"{""BCC_B2#1"": 0.9874884346215282, ""C15_LAVES#1"": 0.008048624448371627, ""FCC_L12#1"": 0.0006288273863961023, ""HCP_A3#1"": 0.002288864368947655, ""HCP_A3#2"": 0.0015452491747563028}",0.85,0.005,773.0
0.85,0.085,0.045,0.015,0.005,"{""BCC_B2#1"": 0.9875242463305501, ""C15_LAVES#1"": 0.00804788320417781, ""FCC_L12#1"": 0.0006214547345020987, ""HCP_A3#1"": 0.0022707913123557757, ""HCP_A3#2"": 0.001535624418414751}",0.85,0.005,773.0
0.85,0.085,0.05,0.01,0.005,"{""BCC_B2#1"": 0.987571373252843, ""C15_LAVES#1"": 0.008034822675039941, ""FCC_L12#1"": 0.0006140786113586939, ""HCP_A3#1"": 0.0022526484796845055, ""HCP_A3#2"": 0.001527076981073595}",0.85,0.005,773.0
0.85,0.085,0.055,0.005,0.005,"{""BCC_B2#1"": 0.9876307805046244, ""C15_LAVES#1"": 0.008008518578253921, ""FCC_L12#1"": 0.0006066983085641465, ""HCP_A3#1"": 0.002234419858456333, ""HCP_A3#2"": 0.0015195827501016555}",0.85,0.005,773.0
0.85,0.085,0.06,0.0,0.005,"{""BCC_B2#1"": 0.9877035984408267, ""C15_LAVES#1"": 0.007967889981576206, ""FCC_L12#1"": 0.0005993131212292694, ""HCP_A3#1"": 0.002216090887290739, ""HCP_A3#2"": 0.0015131075690769493}",0.85,0.005,773.0
0.85,0.09,0.0,0.055,0.005,"{""BCC_B2#1"": 0.9891129386190861, ""C15_LAVES#1"": 0.006985141625608053, ""FCC_L12#1"": 0.0006796417804916985, ""HCP_A3#2"": 0.0023997899285450645, ""ZRO2_MONO#1"": 0.0008224880462690737}",0.85,0.005,773.0
0.85,0.09,0.005,0.05,0.005,"{""BCC_B2#1"": 0.9890616304870821, ""C15_LAVES#1"": 0.007071345671646363, ""FCC_L12#1"": 0.0006722688848187683, ""HCP_A3#2"": 0.002381824496277446, ""ZRO2_MONO#1"": 0.0008129304601754405}",0.85,0.005,773.0
0.85,0.09,0.01,0.045,0.005,"{""BCC_B2#1"": 0.9890185659741865, ""C15_LAVES#1"": 0.00714923867126179, ""FCC_L12#1"": 0.0006649011144353, ""HCP_A3#2"": 0.002363929288818475, ""ZRO2_MONO#1"": 0.0008033649512983159}",0.85,0.005,773.0
0.85,0.09,0.015,0.04,0.005,"{""BCC_B2#1"": 0.9889841492714762, ""C15_LAVES#1"": 0.007218444625260878, ""FCC_L12#1"": 0.0006575370522026861, ""HCP_A3#2"": 0.002346080883899572, ""ZRO2_MONO#1"": 0.0007937881671604785}",0.85,0.005,773.0
0.85,0.09,0.02,0.035,0.005,"{""BCC_B2#1"": 0.9889587888319169, ""C15_LAVES#1"": 0.0072785834251881424, ""FCC_L12#1"": 0.0006501754165239128, ""HCP_A3#2"": 0.002328257105077657, ""ZRO2_MONO#1"": 0.0007841952212934593}",0.85,0.005,773.0
0.85,0.09,0.025,0.03,0.005,"{""BCC_B2#1"": 0.9889429187338324, ""C15_LAVES#1"": 0.007329250224315565, ""FCC_L12#1"": 0.0006428150392713134, ""HCP_A3#2"": 0.0023104370075852695, ""ZRO2_MONO#1"": 0.0007745789949951087}",0.85,0.005,773.0
0.85,0.09,0.03,0.025,0.005,"{""BCC_B2#1"": 0.988937018895363, ""C15_LAVES#1"": 0.007369997072167863, ""FCC_L12#1"": 0.0006354548464815602, ""HCP_A3#2"": 0.0022926008659640757, ""ZRO2_MONO#1"": 0.0007649283200234933}",0.85,0.005,773.0
0.85,0.09,0.035,0.02,0.005,"{""BCC_B2#1"": 0.9874201848147676, ""C15_LAVES#1"": 0.008137936133240004, ""FCC_L12#1"": 0.0006281718112576944, ""HCP_A3#1"": 0.002275241657678564, ""HCP_A3#2"": 0.0015384655830563598}",0.85,0.005,773.0
0.85,0.09,0.04,0.015,0.005,"{""BCC_B2#1"": 0.987445640343233, ""C15_LAVES#1"": 0.008148276654522814, ""FCC_L12#1"": 0.0006208001810342697, ""HCP_A3#1"": 0.002257231701995295, ""HCP_A3#2"": 0.0015280511192145353}",0.85,0.005,773.0
0.85,0.09,0.045,0.01,0.005,"{""BCC_B2#1"": 0.9874819289336303, ""C15_LAVES#1"": 0.008146722855225793, ""FCC_L12#1"": 0.0006134257384762475, ""HCP_A3#1"": 0.0022391611715481536, ""HCP_A3#2"": 0.0015187613011199605}",0.85,0.005,773.0
0.85,0.09,0.05,0.005,0.005,"{""BCC_B2#1"": 0.9875298896002317, ""C15_LAVES#1"": 0.0081324722468017, ""FCC_L12#1"": 0.0006060477505244272, ""HCP_A3#1"": 0.0022210118941693984, ""HCP_A3#2"": 0.0015105785082728488}",0.85,0.005,773.0
0.85,0.09,0.055,0.0,0.005,"{""BCC_B2#1"": 0.9875905159148467, ""C15_LAVES#1"": 0.008104575128807578, ""FCC_L12#1"": 0.0005986654963469989, ""HCP_A3#1"": 0.0022027675465142887, ""HCP_A3#2"": 0.0015034759134844576}",0.85,0.005,773.0
0.85,0.095,0.0,0.05,0.005,"{""BCC_B2#1"": 0.9890629799995865, ""C15_LAVES#1"": 0.007083158330364348, ""FCC_L12#1"": 0.0006717029960793242, ""HCP_A3#2"": 0.002368924628057074, ""ZRO2_MONO#1"": 0.0008132340459130074}",0.85,0.005,773.0
0.85,0.095,0.005,0.045,0.005,"{""BCC_B2#1"": 0.9890099659613748, ""C15_LAVES#1"": 0.007171035090939096, ""FCC_L12#1"": 0.0006643271864967442, ""HCP_A3#2"": 0.0023509984026431163, ""ZRO2_MONO#1"": 0.0008036733585461377}",0.85,0.005,773.0
0.85,0.095,0.01,0.04,0.005,"{""BCC_B2#1"": 0.9889655380614414, ""C15_LAVES#1"": 0.007250260591906988, ""FCC_L12#1"": 0.0006569568675863937, ""HCP_A3#2"": 0.0023331411269653882, ""ZRO2_MONO#1"": 0.0007941033521000296}",0.85,0.005,773.0
0.85,0.095,0.015,0.035,0.005,"{""BCC_B2#1"": 0.9889301082181199, ""C15_LAVES#1"": 0.007320453402148923, ""FCC_L12#1"": 0.0006495905060144889, ""HCP_A3#2"": 0.0023153278626590807, ""ZRO2_MONO#1"": 0.0007845200110578156}",0.85,0.005,773.0
0.85,0.095,0.02,0.03,0.005,"{""BCC_B2#1"": 0.9889040890508659, ""C15_LAVES#1"": 0.0073812319811874015, ""FCC_L12#1"": 0.000642226728302476, ""HCP_A3#2"": 0.002297535114983801, ""ZRO2_MONO#1"": 0.000774917124660434}",0.85,0.005,773.0
0.85,0.095,0.025,0.025,0.005,"{""BCC_B2#1"": 0.9888879166678314, ""C15_LAVES#1"": 0.007432191417545519, ""FCC_L12#1"": 0.0006348642930807642, ""HCP_A3#2"": 0.0022797407879695058, ""ZRO2_MONO#1"": 0.0007652868335726371}",0.85,0.005,773.0
0.85,0.095,0.03,0.02,0.005,"{""BCC_B2#1"": 0.9888820745153278, ""C15_LAVES#1"": 0.007472882993776866, ""FCC_L12#1"": 0.0006275020686865218, ""HCP_A3#2"": 0.0022619241521445194, ""ZRO2_MONO#1"": 0.0007556162700644183}",0.85,0.005,773.0
0.85,0.095,0.035,0.015,0.005,"{""BCC_B2#1"": 0.9873826068759345, ""C15_LAVES#1"": 0.008231724001520432, ""FCC_L12#1"": 0.0006202088980618772, ""HCP_A3#1"": 0.002244450448176348, ""HCP_A3#2"": 0.0015210097763071174}",0.85,0.005,773.0
0.85,0.095,0.04,0.01,0.005,"{""BCC_B2#1"": 0.9874085323773619, ""C15_LAVES#1"": 0.00824126955326728, ""FCC_L12#1"": 0.000612834885915798, ""HCP_A3#1"": 0.0022264477671140974, ""HCP_A3#2"": 0.0015109154163411814}",0.85,0.005,773.0
0.85,0.095,0.045,0.005,0.005,"{""BCC_B2#1"": 0.9874456491410314, ""C15_LAVES#1"": 0.008238537718947263, ""FCC_L12#1"": 0.0006054579724071935, ""HCP_A3#1"": 0.002208375907430751, ""HCP_A3#2"": 0.0015019792601834447}",0.85,0.005,773.0
0.85,0.095,0.05,0.0,0.005,"{""BCC_B2#1"": 0.9874948221747334, ""C15_LAVES#1"": 0.008222702526696615, ""FCC_L12#1"": 0.0005980774091271454, ""HCP_A3#1"": 0.002190216361445224, ""HCP_A3#2"": 0.0014941815279977434}",0.85,0.005,773.0
0.85,0.1,0.0,0.045,0.005,"{""BCC_B2#1"": 0.9890159804761486, ""C15_LAVES#1"": 0.007177422736419545, ""FCC_L12#1"": 0.0006638204914064146, ""HCP_A3#2"": 0.002338798028253692, ""ZRO2_MONO#1"": 0.0008039782677719691}",0.85,0.005,773.0
0.85,0.1,0.005,0.04,0.005,"{""BCC_B2#1"": 0.9889614971445789, ""C15_LAVES#1"": 0.0072667389382630905, ""FCC_L12#1"": 0.0006564414946764772, ""HCP_A3#2"": 0.0023209085549717526, ""ZRO2_MONO#1"": 0.0007944138675095832}",0.85,0.005,773.0
0.85,0.1,0.01,0.035,0.005,"{""BCC_B2#1"": 0.9889159501854724, ""C15_LAVES#1"": 0.0073470562544095015, ""FCC_L12#1"": 0.0006490683111494768, ""HCP_A3#2"": 0.0023030867720217575, ""ZRO2_MONO#1"": 0.0007848384769469829}",0.85,0.005,773.0
0.85,0.1,0.015,0.03,0.005,"{""BCC_B2#1"": 0.9888797606205991, ""C15_LAVES#1"": 0.0074179866098395015, ""FCC_L12#1"": 0.0006416992920739381, ""HCP_A3#2"": 0.0022853061870080006, ""ZRO2_MONO#1"": 0.0007752472904794744}",0.85,0.005,773.0
0.85,0.1,0.02,0.025,0.005,"{""BCC_B2#1"": 0.9888533462358557, ""C15_LAVES#1"": 0.007479145883826411, ""FCC_L12#1"": 0.0006343329734590056, ""HCP_A3#2"": 0.0022675419653073394, ""ZRO2_MONO#1"": 0.0007656329415514471}",0.85,0.005,773.0
0.85,0.1,0.025,0.02,0.005,"{""BCC_B2#1"": 0.9888371475258237, ""C15_LAVES#1"": 0.007530127719011713, ""FCC_L12#1"": 0.0006269680431566817, ""HCP_A3#2"": 0.002249770852311684, ""ZRO2_MONO#1"": 0.0007559858596961188}",0.85,0.005,773.0
0.85,0.1,0.03,0.015,0.005,"{""BCC_B2#1"": 0.9888316541814227, ""C15_LAVES#1"": 0.007570481059065427, ""FCC_L12#1"": 0.0006196033143692088, ""HCP_A3#2"": 0.0022319711148393296, ""ZRO2_MONO#1"": 0.0007462903303033704}",0.85,0.005,773.0
0.85,0.1,0.035,0.01,0.005,"{""BCC_B2#1"": 0.9873498439277751, ""C15_LAVES#1"": 0.00831986273527996, ""FCC_L12#1"": 0.0006123000778150556, ""HCP_A3#1"": 0.0022143914978975804, ""HCP_A3#2"": 0.0015036017612321082}",0.85,0.005,773.0
0.85,0.1,0.04,0.005,0.005,"{""BCC_B2#1"": 0.9873765475651571, ""C15_LAVES#1"": 0.008328291488487518, ""FCC_L12#1"": 0.0006049231246286705, ""HCP_A3#1"": 0.002196392464080594, ""HCP_A3#2"": 0.0014938453576461706}",0.85,0.005,773.0
0.85,0.1,0.045,0.0,0.005,"{""BCC_B2#1"": 0.9874148230003006, ""C15_LAVES#1"": 0.008324035632899142, ""FCC_L12#1"": 0.0005975431505680622, ""HCP_A3#1"": 0.002178315681218567, ""HCP_A3#2"": 0.0014852825350139313}",0.85,0.005,773.0
0.85,0.105,0.0,0.04,0.005,"{""BCC_B2#1"": 0.9889715984934928, ""C15_LAVES#1"": 0.007268383819160641, ""FCC_L12#1"": 0.0006559866530474715, ""HCP_A3#2"": 0.0023093104815874, ""ZRO2_MONO#1"": 0.0007947205527119509}",0.85,0.005,773.0
0.85,0.105,0.005,0.035,0.005,"{""BCC_B2#1"": 0.9889158709728153, ""C15_LAVES#1"": 0.007358917555673479, ""FCC_L12#1"": 0.0006486042795986275, ""HCP_A3#2"": 0.00229145546054721, ""ZRO2_MONO#1"": 0.0007851517313654752}",0.85,0.005,773.0
0.85,0.105,0.01,0.03,0.005,"{""BCC_B2#1"": 0.9888694372410171, ""C15_LAVES#1"": 0.007440097971738706, ""FCC_L12#1"": 0.0006412279925143496, ""HCP_A3#2"": 0.0022736668691992114, ""ZRO2_MONO#1"": 0.0007755699255304449}",0.85,0.005,773.0
0.85,0.105,0.015,0.025,0.005,"{""BCC_B2#1"": 0.9888327294524621, ""C15_LAVES#1"": 0.0075115292093650915, ""FCC_L12#1"": 0.0006338560308406876, ""HCP_A3#2"": 0.002255916625751941, ""ZRO2_MONO#1"": 0.0007659686815800979}",0.85,0.005,773.0
0.85,0.105,0.02,0.02,0.005,"{""BCC_B2#1"": 0.9888061697627755, ""C15_LAVES#1"": 0.007572823482381721, ""FCC_L12#1"": 0.0006264868418801688, ""HCP_A3#2"": 0.002238178531297132, ""ZRO2_MONO#1"": 0.000756341381665405}",0.85,0.005,773.0
0.85,0.105,0.025,0.015,0.005,"{""BCC_B2#1"": 0.9887902064954172, ""C15_LAVES#1"": 0.007623571637975693, ""FCC_L12#1"": 0.0006191190470707882, ""HCP_A3#2"": 0.0022204281685278895, ""ZRO2_MONO#1"": 0.0007466746510081786}",0.85,0.005,773.0
0.85,0.105,0.03,0.01,0.005,"{""BCC_B2#1"": 0.9886020740614169, ""C15_LAVES#1"": 0.007752395042763447, ""FCC_L12#1"": 0.0006117592001203074, ""HCP_A3#1"": 0.0022026705460832857, ""HCP_A3#2"": 0.00018528609766231248, ""ZRO2_MONO#1"": 0.000645815051954105}",0.85,0.005,773.0
0.85,0.105,0.035,0.005,0.005,"{""BCC_B2#1"": 0.9873214509910598, ""C15_LAVES#1"": 0.008402902482267015, ""FCC_L12#1"": 0.0006044381625550147, ""HCP_A3#1"": 0.002184964346292973, ""HCP_A3#2"": 0.0014862440178250932}",0.85,0.005,773.0
0.85,0.105,0.04,0.0,0.005,"{""BCC_B2#1"": 0.9873492252165251, ""C15_LAVES#1"": 0.008409907077021607, ""FCC_L12#1"": 0.0005970577799301652, ""HCP_A3#1"": 0.0021669655957306513, ""HCP_A3#2"": 0.0014768443307923021}",0.85,0.005,773.0
0.85,0.11,0.0,0.035,0.005,"{""BCC_B2#1"": 0.9889295525783051, ""C15_LAVES#1"": 0.007356413852878691, ""FCC_L12#1"": 0.0006481950205887761, ""HCP_A3#2"": 0.002280377862238248, ""ZRO2_MONO#1"": 0.0007854606859894253}",0.85,0.005,773.0
0.85,0.11,0.005,0.03,0.005,"{""BCC_B2#1"": 0.9888727958244207, ""C15_LAVES#1"": 0.007447953273774375, ""FCC_L12#1"": 0.0006408091438405, ""HCP_A3#2"": 0.002262555139788136, ""ZRO2_MONO#1"": 0.0007758866181763453}",0.85,0.005,773.0
0.85,0.11,0.01,0.025,0.005,"{""BCC_B2#1"": 0.9888256971606249, ""C15_LAVES#1"": 0.007529778503432446, ""FCC_L12#1"": 0.0006334295722293917, ""HCP_A3#2"": 0.002244797572059616, ""ZRO2_MONO#1"": 0.0007662971916537268}",0.85,0.005,773.0
0.85,0.11,0.015,0.02,0.005,"{""BCC_B2#1"": 0.9887887004174869, ""C15_LAVES#1"": 0.007601484851341017, ""FCC_L12#1"": 0.0006260544366300276, ""HCP_A3#2"": 0.00222707544996947, ""ZRO2_MONO#1"": 0.0007566848445727871}",0.85,0.005,773.0
0.85,0.11,0.02,0.015,0.005,"{""BCC_B2#1"": 0.9887622356524852, ""C15_LAVES#1"": 0.007662679750933134, ""FCC_L12#1"": 0.000618682101536378, ""HCP_A3#2"": 0.0022093611964297227, ""ZRO2_MONO#1"": 0.0007470412986155506}",0.85,0.005,773.0
0.85,0.11,0.025,0.01,0.005,"{""BCC_B2#1"": 0.9887467592264204, ""C15_LAVES#1"": 0.007712949988356344, ""FCC_L12#1"": 0.000611311125277131, ""HCP_A3#2"": 0.0021916292207036607, ""ZRO2_MONO#1"": 0.0007373504392424587}",0.85,0.005,773.0
0.85,0.11,0.03,0.005,0.005,"{""BCC_B2#1"": 0.9872795358084562, ""C15_LAVES#1"": 0.008463205150747926, ""FCC_L12#1"": 0.0006039987269720571, ""HCP_A3#1"": 0.0021740131637220162, ""HCP_A3#2"": 0.0014792471501018627}",0.85,0.005,773.0
0.85,0.11,0.035,0.0,0.005,"{""BCC_B2#1"": 0.9872970603604934, ""C15_LAVES#1"": 0.008481299156095433, ""FCC_L12#1"": 0.0005966170084081374, ""HCP_A3#1"": 0.002156084410141036, ""HCP_A3#2"": 0.001468939064862006}",0.85,0.005,773.0
0.85,0.115,0.0,0.03,0.005,"{""BCC_B2#1"": 0.9888896089443884, ""C15_LAVES#1"": 0.007441824016623997, ""FCC_L12#1"": 0.0006404400818378781, ""HCP_A3#2"": 0.0022519285622414095, ""ZRO2_MONO#1"": 0.0007761983949086043}",0.85,0.005,773.0
0.85,0.115,0.005,0.025,0.005,"{""BCC_B2#1"": 0.988832028878428, ""C15_LAVES#1"": 0.007534166262169531, ""FCC_L12#1"": 0.0006330506207664028, ""HCP_A3#2"": 0.002234136123952788, ""ZRO2_MONO#1"": 0.0007666181146833667}",0.85,0.005,773.0
0.85,0.115,0.01,0.02,0.005,"{""BCC_B2#1"": 0.9887844779771544, ""C15_LAVES#1"": 0.007616427202219862, ""FCC_L12#1"": 0.0006256676256885726, ""HCP_A3#2"": 0.00221640754100444, ""ZRO2_MONO#1"": 0.0007570196539330098}",0.85,0.005,773.0
0.85,0.115,0.015,0.015,0.005,"{""BCC_B2#1"": 0.9887474126405864, ""C15_LAVES#1"": 0.00768819230683024, ""FCC_L12#1"": 0.0006182891250636282, ""HCP_A3#2"": 0.002198711440474315, ""ZRO2_MONO#1"": 0.0007473944870457319}",0.85,0.005,773.0
0.85,0.115,0.02,0.01,0.005,"{""BCC_B2#1"": 0.988721272910968, ""C15_LAVES#1"": 0.007749063188424868, ""FCC_L12#1"": 0.000610913406645276, ""HCP_A3#2"": 0.0021810188505121514, ""ZRO2_MONO#1"": 0.000737731643449503}",0.85,0.005,773.0
0.85,0.115,0.025,0.005,0.005,"{""BCC_B2#1"": 0.9887065249070155, ""C15_LAVES#1"": 0.007798621219380224, ""FCC_L12#1"": 0.0006035389706602413, ""HCP_A3#2"": 0.002163302999696749, ""ZRO2_MONO#1"": 0.0007280119032473268}",0.85,0.005,773.0
0.85,0.115,0.03,0.0,0.005,"{""BCC_B2#1"": 0.9872576320074352, ""C15_LAVES#1"": 0.008538901454227381, ""FCC_L12#1"": 0.0005962171082665432, ""HCP_A3#1"": 0.002145606174979012, ""HCP_A3#2"": 0.0014616432550918403}",0.85,0.005,773.0
0.85,0.12,0.0,0.025,0.005,"{""BCC_B2#1"": 0.9888515720741125, ""C15_LAVES#1"": 0.0075248762994717285, ""FCC_L12#1"": 0.0006327171089294112, ""HCP_A3#2"": 0.002223901173743698, ""ZRO2_MONO#1"": 0.0007669333437428958}",0.85,0.005,773.0
0.85,0.12,0.005,0.02,0.005,"{""BCC_B2#1"": 0.9887933665185915, ""C15_LAVES#1"": 0.007617826611845774, ""FCC_L12#1"": 0.0006253240135411657, ""HCP_A3#2"": 0.0022061371382906176, ""ZRO2_MONO#1"": 0.000757345717730931}",0.85,0.005,773.0
0.85,0.12,0.01,0.015,0.005,"{""BCC_B2#1"": 0.9887455680121632, ""C15_LAVES#1"": 0.007700322314137368, ""FCC_L12#1"": 0.000617937484996982, ""HCP_A3#2"": 0.0021884356267426615, ""ZRO2_MONO#1"": 0.0007477365619595295}",0.85,0.005,773.0
0.85,0.12,0.015,0.01,0.005,"{""BCC_B2#1"": 0.9887086471121833, ""C15_LAVES#1"": 0.007771938079968085, ""FCC_L12#1"": 0.0006105554567478229, ""HCP_A3#2"": 0.0021707635677123546, ""ZRO2_MONO#1"": 0.0007380957833883488}",0.85,0.005,773.0
0.85,0.12,0.02,0.005,0.005,"{""BCC_B2#1"": 0.9886830548912615, ""C15_LAVES#1"": 0.007832268622844528, ""FCC_L12#1"": 0.0006031761460307297, ""HCP_A3#2"": 0.0021530905758793554, ""ZRO2_MONO#1"": 0.0007284097639838412}",0.85,0.005,773.0
0.85,0.12,0.025,0.0,0.005,"{""BCC_B2#1"": 0.9886692673502541, ""C15_LAVES#1"": 0.007880888739612577, ""FCC_L12#1"": 0.0005957979996674431, ""HCP_A3#2"": 0.0021353886889122265, ""ZRO2_MONO#1"": 0.0007186572215536481}",0.85,0.005,773.0
0.85,0.125,0.0,0.02,0.005,"{""BCC_B2#1"": 0.9888152774696257, ""C15_LAVES#1"": 0.007605792697688374, ""FCC_L12#1"": 0.0006250220261293437, ""HCP_A3#2"": 0.0021962426803278554, ""ZRO2_MONO#1"": 0.0007576651262283477}",0.85,0.005,773.0
0.85,0.125,0.005,0.015,0.005,"{""BCC_B2#1"": 0.9887566369541875, ""C15_LAVES#1"": 0.007699163664030262, ""FCC_L12#1"": 0.0006176252655404185, ""HCP_A3#2"": 0.002178505293770743, ""ZRO2_MONO#1"": 0.0007480688224708181}",0.85,0.005,773.0
0.85,0.125,0.01,0.01,0.005,"{""BCC_B2#1"": 0.9887087883363366, ""C15_LAVES#1"": 0.007781700471665651, ""FCC_L12#1"": 0.0006102351118753958, ""HCP_A3#2"": 0.002160829062003996, ""ZRO2_MONO#1"": 0.0007384470181182882}",0.85,0.005,773.0
0.85,0.125,0.015,0.005,0.005,"{""BCC_B2#1"": 0.9886722172320036, ""C15_LAVES#1"": 0.007852966100519271, ""FCC_L12#1"": 0.0006028494115015411, ""HCP_A3#2"": 0.0021431791793387243, ""ZRO2_MONO#1"": 0.0007287880766368863}",0.85,0.005,773.0
0.85,0.125,0.02,0.0,0.005,"{""BCC_B2#1"": 0.9886473878892867, ""C15_LAVES#1"": 0.007912547278407943, ""FCC_L12#1"": 0.0005954663186173379, ""HCP_A3#2"": 0.0021255238307736875, ""ZRO2_MONO#1"": 0.0007190746829144429}",0.85,0.005,773.0
0.85,0.13,0.0,0.015,0.005,"{""BCC_B2#1"": 0.9887805860073993, ""C15_LAVES#1"": 0.0076847624037292275, ""FCC_L12#1"": 0.0006173513024988651, ""HCP_A3#2"": 0.0021689070306613167, ""ZRO2_MONO#1"": 0.0007483932557114061}",0.85,0.005,773.0
0.85,0.13,0.005,0.01,0.005,"{""BCC_B2#1"": 0.98872169447632, ""C15_LAVES#1"": 0.0077783733001930725, ""FCC_L12#1"": 0.0006099508553376471, ""HCP_A3#2"": 0.0021511946608032536, ""ZRO2_MONO#1"": 0.0007387867073457385}",0.85,0.005,773.0
0.85,0.13,0.01,0.005,0.005,"{""BCC_B2#1"": 0.9886739869039559, ""C15_LAVES#1"": 0.007860764111235999, ""FCC_L12#1"": 0.0006025569948208809, ""HCP_A3#2"": 0.00213354203505905, ""ZRO2_MONO#1"": 0.0007291499549281562}",0.85,0.005,773.0
0.85,0.13,0.015,0.0,0.005,"{""BCC_B2#1"": 0.9886379659114132, ""C15_LAVES#1"": 0.007931485171832793, ""FCC_L12#1"": 0.0005951674893878713, ""HCP_A3#2"": 0.0021159125797444145, ""ZRO2_MONO#1"": 0.0007194688476217024}",0.85,0.005,773.0
0.85,0.135,0.0,0.01,0.005,"{""BCC_B2#1"": 0.9887473794927114, ""C15_LAVES#1"": 0.007761947487588345, ""FCC_L12#1"": 0.0006097018642714665, ""HCP_A3#2"": 0.0021418540025679063, ""ZRO2_MONO#1"": 0.0007391171528612019}",0.85,0.005,773.0
0.85,0.135,0.005,0.005,0.005,"{""BCC_B2#1"": 0.9886884149363995, ""C15_LAVES#1"": 0.007855623703642947, ""FCC_L12#1"": 0.0006022977111241419, ""HCP_A3#2"": 0.0021241651331813534, ""ZRO2_MONO#1"": 0.0007294985156518584}",0.85,0.005,773.0
0.85,0.135,0.01,0.0,0.005,"{""BCC_B2#1"": 0.9886410339368266, ""C15_LAVES#1"": 0.007937687336924862, ""FCC_L12#1"": 0.000594900065389768, ""HCP_A3#2"": 0.002106534553330452, ""ZRO2_MONO#1"": 0.0007198441075283988}",0.85,0.005,773.0
0.85,0.14,0.0,0.005,0.005,"{""BCC_B2#1"": 0.9887155571228513, ""C15_LAVES#1"": 0.007837487433354986, ""FCC_L12#1"": 0.0006020710230118715, ""HCP_A3#2"": 0.002115048290038791, ""ZRO2_MONO#1"": 0.0007298361307429657}",0.85,0.005,773.0
0.85,0.14,0.005,0.0,0.005,"{""BCC_B2#1"": 0.9886566921491412, ""C15_LAVES#1"": 0.007931059962043402, ""FCC_L12#1"": 0.0005946631406434161, ""HCP_A3#2"": 0.002097381514847772, ""ZRO2_MONO#1"": 0.000720203233324009}",0.85,0.005,773.0
0.85,0.145,0.0,0.0,0.005,"{""BCC_B2#1"": 0.9886850326465023, ""C15_LAVES#1"": 0.007911502797006448, ""FCC_L12#1"": 0.0005944564164851185, ""HCP_A3#2"": 0.002088458763077007, ""ZRO2_MONO#1"": 0.0007205493769289851}",0.85,0.005,773.0
0.85,0.0,0.0,0.145,0.005,"{""BCC_B2#1"": 0.9937479050884345, ""FCC_L12#1"": 0.0008371465592158265, ""HCP_A3#2"": 0.003162098646462219, ""HCP_A3#3"": 0.0022199420391183036, ""ZRO2_MONO#1"": 3.290766676897739e-05}",0.85,0.005,823.0
0.85,0.0,0.005,0.14,0.005,"{""BCC_B2#1"": 0.993768281662571, ""FCC_L12#1"": 0.0008290169316272324, ""HCP_A3#1"": 0.002264884253330592, ""HCP_A3#2"": 0.003133627852285882, ""ZRO2_MONO#1"": 4.1893001853255995e-06}",0.85,0.005,823.0
0.85,0.0,0.01,0.135,0.005,"{""BCC_B2#1"": 0.9938026995397538, ""FCC_L12#1"": 0.0008215683081460877, ""HCP_A3#1"": 0.003115764262907154, ""HCP_A3#2"": 0.002259967889193152}",0.85,0.005,823.0
0.85,0.0,0.015,0.13,0.005,"{""BCC_B2#1"": 0.9938408744679404, ""FCC_L12#1"": 0.0008141793854174039, ""HCP_A3#1"": 0.003098928525406217, ""HCP_A3#2"": 0.002246017621236096}",0.85,0.005,823.0
0.85,0.0,0.02,0.125,0.005,"{""BCC_B2#1"": 0.9938805261819823, ""FCC_L12#1"": 0.0008067306506079693, ""HCP_A3#1"": 0.002231500390457239, ""HCP_A3#2"": 0.0030812427769526815}",0.85,0.005,823.0
0.85,0.0,0.025,0.12,0.005,"{""BCC_B2#1"": 0.9939216380666221, ""FCC_L12#1"": 0.0007992245123545451, ""HCP_A3#1"": 0.0022164193281508262, ""HCP_A3#2"": 0.0030627180928722727}",0.85,0.005,823.0
0.85,0.0,0.03,0.115,0.005,"{""BCC_B2#1"": 0.9939641944641087, ""FCC_L12#1"": 0.0007916632356156273, ""HCP_A3#1"": 0.0030433648214248264, ""HCP_A3#2"": 0.002200777478850822}",0.85,0.005,823.0
0.85,0.0,0.035,0.11,0.005,"{""BCC_B2#1"": 0.9940081800894015, ""FCC_L12#1"": 0.0007840489693837256, ""HCP_A3#1"": 0.003023193038062002, ""HCP_A3#2"": 0.002184577903152972}",0.85,0.005,823.0
0.85,0.0,0.04,0.105,0.005,"{""BCC_B2#1"": 0.9940535796188547, ""FCC_L12#1"": 0.0007763837695647349, ""HCP_A3#1"": 0.003002212934739743, ""HCP_A3#2"": 0.002167823676840937}",0.85,0.005,823.0
0.85,0.0,0.045,0.1,0.005,"{""BCC_B2#1"": 0.9941003774564638, ""FCC_L12#1"": 0.000768669618360146, ""HCP_A3#1"": 0.002150517762368791, ""HCP_A3#2"": 0.0029804351628070483}",0.85,0.005,823.0
0.85,0.0,0.05,0.095,0.005,"{""BCC_B2#1"": 0.994148557703461, ""FCC_L12#1"": 0.0007609084413436545, ""HCP_A3#1"": 0.002132662712085524, ""HCP_A3#2"": 0.0029578711431098403}",0.85,0.005,823.0
0.85,0.0,0.055,0.09,0.005,"{""BCC_B2#1"": 0.9941981043801268, ""FCC_L12#1"": 0.0007531021233062444, ""HCP_A3#1"": 0.002114260137720899, ""HCP_A3#2"": 0.002934533358845915}",0.85,0.005,823.0
0.85,0.0,0.06,0.085,0.005,"{""BCC_B2#1"": 0.9942490019842215, ""FCC_L12#1"": 0.0007452525240103794, ""HCP_A3#1"": 0.0020953098452634092, ""HCP_A3#2"": 0.0029104356465044765}",0.85,0.005,823.0
0.85,0.0,0.065,0.08,0.005,"{""BCC_B2#1"": 0.9943012365202121, ""FCC_L12#1"": 0.0007373614951667821, ""HCP_A3#1"": 0.0020758084811082836, ""HCP_A3#2"": 0.002885593503512613}",0.85,0.005,823.0
0.85,0.0,0.07,0.075,0.005,"{""BCC_B2#1"": 0.9943547972076315, ""FCC_L12#1"": 0.0007294309002821236, ""HCP_A3#1"": 0.002860024436758338, ""HCP_A3#2"": 0.0020557474553279356}",0.85,0.005,823.0
0.85,0.0,0.075,0.07,0.005,"{""BCC_B2#1"": 0.9944096791882826, ""FCC_L12#1"": 0.0007214626395789867, ""HCP_A3#1"": 0.0028337483848681695, ""HCP_A3#2"": 0.0020351097872703923}",0.85,0.005,823.0
0.85,0.0,0.08,0.065,0.005,"{""BCC_B2#1"": 0.9944658877198842, ""FCC_L12#1"": 0.0007134586830294524, ""HCP_A3#1"": 0.002806788260035274, ""HCP_A3#2"": 0.0020138653370511913}",0.85,0.005,823.0
0.85,0.0,0.085,0.06,0.005,"{""BCC_B2#1"": 0.9945234445960721, ""FCC_L12#1"": 0.0007054211157797776, ""HCP_A3#1"": 0.0019919636144951863, ""HCP_A3#2"": 0.002779170673652671}",0.85,0.005,823.0
0.85,0.0,0.09,0.055,0.005,"{""BCC_B2#1"": 0.9945823979086114, ""FCC_L12#1"": 0.0006973522019979061, ""HCP_A3#2"": 0.0027509269354938338, ""HCP_A3#3"": 0.001969322953897022}",0.85,0.005,823.0
0.85,0.0,0.095,0.05,0.005,"{""BCC_B2#1"": 0.9946428368188714, ""FCC_L12#1"": 0.0006892544755688159, ""HCP_A3#2"": 0.002722094449868092, ""HCP_A3#3"": 0.0019458142556916687}",0.85,0.005,823.0
0.85,0.0,0.1,0.045,0.005,"{""BCC_B2#1"": 0.9947049137920029, ""FCC_L12#1"": 0.000681130869142296, ""HCP_A3#2"": 0.00269271867364457, ""HCP_A3#3"": 0.0019212366652103198}",0.85,0.005,823.0
0.85,0.0,0.105,0.04,0.005,"{""BCC_B2#1"": 0.9947677877995329, ""FCC_L12#1"": 0.0006730551182841745, ""HCP_A3#1"": 8.644955772340484e-06, ""HCP_A3#2"": 0.002664034559879229, ""HCP_A3#3"": 0.0018864775665315137}",0.85,0.005,823.0
0.85,0.0,0.11,0.035,0.005,"{""BCC_B2#1"": 0.9948225289040076, ""FCC_L12#1"": 0.0006656191528488487, ""HCP_A3#1"": 0.001762382353821179, ""HCP_A3#2"": 0.00010346595860883443, ""HCP_A3#3"": 0.002646003630713342}",0.85,0.005,823.0
0.85,0.0,0.115,0.03,0.005,"{""BCC_B2#1"": 0.9948798198990149, ""FCC_L12#1"": 0.0006581442081939666, ""HCP_A3#1"": 0.001629750304774404, ""HCP_A3#2"": 0.00020505599898539044, ""HCP_A3#3"": 0.002627229589031759}",0.85,0.005,823.0
0.85,0.0,0.12,0.025,0.005,"{""BCC_B2#1"": 0.9949399090684214, ""FCC_L12#1"": 0.0006506336852371015, ""HCP_A3#1"": 0.0014878666140913863, ""HCP_A3#2"": 0.0026077346370120876, ""HCP_A3#3"": 0.0003138559952378204}",0.85,0.005,823.0
0.85,0.0,0.125,0.02,0.005,"{""BCC_B2#1"": 0.9950032106546741, ""FCC_L12#1"": 0.0006430906857325403, ""HCP_A3#1"": 0.00133598250010372, ""HCP_A3#2"": 0.002587537209492208, ""HCP_A3#3"": 0.0004301789499975108}",0.85,0.005,823.0
0.85,0.0,0.13,0.015,0.005,"{""BCC_B2#1"": 0.9950703797098036, ""FCC_L12#1"": 0.0006355180646454789, ""HCP_A3#1"": 0.0011733111053286594, ""HCP_A3#2"": 0.0025666525342620213, ""HCP_A3#3"": 0.0005541385859604886}",0.85,0.005,823.0
0.85,0.0,0.135,0.01,0.005,"{""BCC_B2#1"": 0.9951424207934059, ""FCC_L12#1"": 0.0006279184764128695, ""HCP_A3#1"": 0.0006855446680828672, ""HCP_A3#2"": 0.002545093109799022, ""HCP_A3#3"": 0.0009990229522992857}",0.85,0.005,823.0
0.85,0.0,0.14,0.005,0.005,"{""BCC_B2#1"": 0.995220845295263, ""FCC_L12#1"": 0.0006202944179019142, ""HCP_A3#1"": 0.0008122405519787672, ""HCP_A3#2"": 0.0025228691192889278, ""HCP_A3#3"": 0.000823750615567195}",0.85,0.005,823.0
0.85,0.0,0.145,0.0,0.005,"{""BCC_B2#1"": 0.9953078987647598, ""FCC_L12#1"": 0.0006126482712453986, ""HCP_A3#1"": 0.0006120315578233945, ""HCP_A3#2"": 0.002499988794742821, ""HCP_A3#3"": 0.0009674326114289458}",0.85,0.005,823.0
0.85,0.005,0.0,0.14,0.005,"{""BCC_B2#1"": 0.9937753069793867, ""FCC_L12#1"": 0.000829278394247653, ""HCP_A3#1"": 0.0031325307788961482, ""HCP_A3#2"": 0.002253752815311658, ""ZRO2_MONO#1"": 9.13103215811987e-06}",0.85,0.005,823.0
0.85,0.005,0.005,0.135,0.005,"{""BCC_B2#1"": 0.9938068624224047, ""FCC_L12#1"": 0.0008216943386962194, ""HCP_A3#1"": 0.0031125504768940533, ""HCP_A3#2"": 0.0022588927620049936}",0.85,0.005,823.0
0.85,0.005,0.01,0.13,0.005,"{""BCC_B2#1"": 0.9938448053741533, ""FCC_L12#1"": 0.0008143151099527927, ""HCP_A3#1"": 0.003095848466672093, ""HCP_A3#2"": 0.0022450310492220494}",0.85,0.005,823.0
0.85,0.005,0.015,0.125,0.005,"{""BCC_B2#1"": 0.9938842377851245, ""FCC_L12#1"": 0.0008068752310832597, ""HCP_A3#1"": 0.002230597596082297, ""HCP_A3#2"": 0.0030782893877102026}",0.85,0.005,823.0
0.85,0.005,0.02,0.12,0.005,"{""BCC_B2#1"": 0.9939251411114118, ""FCC_L12#1"": 0.0007993772025875503, ""HCP_A3#1"": 0.0022155962501061287, ""HCP_A3#2"": 0.0030598854358949057}",0.85,0.005,823.0
0.85,0.005,0.025,0.115,0.005,"{""BCC_B2#1"": 0.9939674980254595, ""FCC_L12#1"": 0.000791823365903164, ""HCP_A3#1"": 0.0022000307248369443, ""HCP_A3#2"": 0.003040647883800628}",0.85,0.005,823.0
0.85,0.005,0.03,0.11,0.005,"{""BCC_B2#1"": 0.994011291750277, ""FCC_L12#1"": 0.0007842159338824948, ""HCP_A3#1"": 0.0021839047492109645, ""HCP_A3#2"": 0.0030205875666293276}",0.85,0.005,823.0
0.85,0.005,0.035,0.105,0.005,"{""BCC_B2#1"": 0.9940565055703902, ""FCC_L12#1"": 0.0007765570156825127, ""HCP_A3#1"": 0.002167222120809524, ""HCP_A3#2"": 0.0029997152931179848}",0.85,0.005,823.0
0.85,0.005,0.04,0.1,0.005,"{""BCC_B2#1"": 0.9941031225152964, ""FCC_L12#1"": 0.0007688486375437598, ""HCP_A3#1"": 0.0021499866462599423, ""HCP_A3#2"": 0.002978042200900199}",0.85,0.005,823.0
0.85,0.005,0.045,0.095,0.005,"{""BCC_B2#1"": 0.9941511252290794, ""FCC_L12#1"": 0.0007610927606733101, ""HCP_A3#1"": 0.0021322019374108033, ""HCP_A3#2"": 0.0029555800728367524}",0.85,0.005,823.0
0.85,0.005,0.05,0.09,0.005,"{""BCC_B2#1"": 0.9942004960634482, ""FCC_L12#1"": 0.000753291297358627, ""HCP_A3#1"": 0.0021138710122512723, ""HCP_A3#2"": 0.0029323416269421737}",0.85,0.005,823.0
0.85,0.005,0.055,0.085,0.005,"{""BCC_B2#1"": 0.9942512174583319, ""FCC_L12#1"": 0.0007454461263743195, ""HCP_A3#1"": 0.002094995619841094, ""HCP_A3#2"": 0.0029083407954525625}",0.85,0.005,823.0
0.85,0.005,0.06,0.08,0.005,"{""BCC_B2#1"": 0.9943032727163832, ""FCC_L12#1"": 0.0007375591088718586, ""HCP_A3#1"": 0.0020755751655602895, ""HCP_A3#2"": 0.002883593009184533}",0.85,0.005,823.0
0.85,0.005,0.065,0.075,0.005,"{""BCC_B2#1"": 0.9943566473381069, ""FCC_L12#1"": 0.0007296321061831366, ""HCP_A3#1"": 0.002055605047975215, ""HCP_A3#2"": 0.002858115507734866}",0.85,0.005,823.0
0.85,0.005,0.07,0.07,0.005,"{""BCC_B2#1"": 0.9944113311750841, ""FCC_L12#1"": 0.0007216670013983847, ""HCP_A3#1"": 0.0020350741205571355, ""HCP_A3#2"": 0.0028319277029604613}",0.85,0.005,823.0
0.85,0.005,0.075,0.065,0.005,"{""BCC_B2#1"": 0.9944673217957148, ""FCC_L12#1"": 0.0007136657272535578, ""HCP_A3#1"": 0.002013960843383568, ""HCP_A3#2"": 0.0028050516336477595}",0.85,0.005,823.0
0.85,0.005,0.08,0.06,0.005,"{""BCC_B2#1"": 0.9945246296646473, ""FCC_L12#1"": 0.0007056303038761436, ""HCP_A3#1"": 0.001992227466951229, ""HCP_A3#2"": 0.0027775125645251937}",0.85,0.005,823.0
0.85,0.005,0.085,0.055,0.005,"{""BCC_B2#1"": 0.9945832860474602, ""FCC_L12#1"": 0.0006975628914038502, ""HCP_A3#1"": 0.001969811256896397, ""HCP_A3#2"": 0.0027493398042396353}",0.85,0.005,823.0
0.85,0.005,0.09,0.05,0.005,"{""BCC_B2#1"": 0.9946433550128008, ""FCC_L12#1"": 0.0006894658645437842, ""HCP_A3#1"": 0.0019466112765820934, ""HCP_A3#2"": 0.002720567846073429}",0.85,0.005,823.0
0.85,0.005,0.095,0.045,0.005,"{""BCC_B2#1"": 0.9947049515739705, ""FCC_L12#1"": 0.0006813419188845403, ""HCP_A3#1"": 0.0019224685343956069, ""HCP_A3#2"": 0.002691237972749094}",0.85,0.005,823.0
0.85,0.005,0.1,0.04,0.005,"{""BCC_B2#1"": 0.9947682689531352, ""FCC_L12#1"": 0.0006731942221778629, ""HCP_A3#1"": 0.001897136313889784, ""HCP_A3#2"": 0.002661400510797287}",0.85,0.005,823.0
0.85,0.005,0.105,0.035,0.005,"{""BCC_B2#1"": 0.9948280975822736, ""FCC_L12#1"": 0.0006653898056358677, ""HCP_A3#1"": 4.646808139424836e-05, ""HCP_A3#2"": 0.0018228480765305878, ""HCP_A3#3"": 0.0026371964541654657}",0.85,0.005,823.0
0.85,0.005,0.11,0.03,0.005,"{""BCC_B2#1"": 0.9948843270315388, ""FCC_L12#1"": 0.0006579482764765916, ""HCP_A3#1"": 0.00014894277148446463, ""HCP_A3#2"": 0.00168980318039402, ""HCP_A3#3"": 0.0026189787401063843}",0.85,0.005,823.0
0.85,0.005,0.115,0.025,0.005,"{""BCC_B2#1"": 0.9949432254057671, ""FCC_L12#1"": 0.0006504687893376945, ""HCP_A3#1"": 0.00025877151045294194, ""HCP_A3#2"": 0.0015475170203839976, ""HCP_A3#3"": 0.0026000172740582943}",0.85,0.005,823.0
0.85,0.005,0.12,0.02,0.005,"{""BCC_B2#1"": 0.9950050895244255, ""FCC_L12#1"": 0.0006429547677777901, ""HCP_A3#1"": 0.00037640109077520783, ""HCP_A3#2"": 0.0013952206327716235, ""HCP_A3#3"": 0.0025803339842501}",0.85,0.005,823.0
0.85,0.005,0.125,0.015,0.005,"{""BCC_B2#1"": 0.9950704087154524, ""FCC_L12#1"": 0.0006354093434964459, ""HCP_A3#1"": 0.0005021279674981523, ""HCP_A3#2"": 0.001232106920779637, ""HCP_A3#3"": 0.002559947052773538}",0.85,0.005,823.0
0.85,0.005,0.13,0.01,0.005,"{""BCC_B2#1"": 0.9951399520426172, ""FCC_L12#1"": 0.0006278354096353817, ""HCP_A3#1"": 0.0006360150214850317, ""HCP_A3#2"": 0.0010573260499421888, ""HCP_A3#3"": 0.002538871476320159}",0.85,0.005,823.0
0.85,0.005,0.135,0.005,0.005,"{""BCC_B2#1"": 0.9952148948864845, ""FCC_L12#1"": 0.0006202356684635769, ""HCP_A3#1"": 0.0007777696838257453, ""HCP_A3#2"": 0.0008699802163642806, ""HCP_A3#3"": 0.0025171195448616445}",0.85,0.005,823.0
0.85,0.005,0.14,0.0,0.005,"{""BCC_B2#1"": 0.9952970020994908, ""FCC_L12#1"": 0.000612612676586624, ""HCP_A3#1"": 0.0024947012566460007, ""HCP_A3#2"": 0.0006691172817813488, ""HCP_A3#3"": 0.0009265666854952902}",0.85,0.005,823.0
0.85,0.01,0.0,0.135,0.005,"{""BCC_B2#1"": 0.9938109329997711, ""FCC_L12#1"": 0.0008218239610241952, ""HCP_A3#1"": 0.0022578584345569514, ""HCP_A3#2"": 0.003109384604647941}",0.85,0.005,823.0
0.85,0.01,0.005,0.13,0.005,"{""BCC_B2#1"": 0.9938486284494975, ""FCC_L12#1"": 0.0008144549921816789, ""HCP_A3#1"": 0.0022440915879343866, ""HCP_A3#2"": 0.0030928249703865056}",0.85,0.005,823.0
0.85,0.01,0.01,0.125,0.005,"{""BCC_B2#1"": 0.9938878269770041, ""FCC_L12#1"": 0.0008070244902762159, ""HCP_A3#1"": 0.002229747845487769, ""HCP_A3#2"": 0.003075400687232122}",0.85,0.005,823.0
0.85,0.01,0.015,0.12,0.005,"{""BCC_B2#1"": 0.9939285080169528, ""FCC_L12#1"": 0.0007995350545591484, ""HCP_A3#1"": 0.0022148317837223245, ""HCP_A3#2"": 0.0030571251447656803}",0.85,0.005,823.0
0.85,0.01,0.02,0.115,0.005,"{""BCC_B2#1"": 0.9939706525202002, ""FCC_L12#1"": 0.0007919891084140941, ""HCP_A3#1"": 0.002199347775463225, ""HCP_A3#2"": 0.0030380105959226114}",0.85,0.005,823.0
0.85,0.01,0.025,0.11,0.005,"{""BCC_B2#1"": 0.9940142422036137, ""FCC_L12#1"": 0.0007843889330018761, ""HCP_A3#1"": 0.002183300183672403, ""HCP_A3#2"": 0.003018068679712411}",0.85,0.005,823.0
0.85,0.01,0.03,0.105,0.005,"{""BCC_B2#1"": 0.9940592589835513, ""FCC_L12#1"": 0.0007767366944795462, ""HCP_A3#1"": 0.0021666934636818667, ""HCP_A3#2"": 0.00299731085828714}",0.85,0.005,823.0
0.85,0.01,0.035,0.1,0.005,"{""BCC_B2#1"": 0.9941056845807581, ""FCC_L12#1"": 0.000769034466440917, ""HCP_A3#1"": 0.0021495321633933787, ""HCP_A3#2"": 0.002975748789407609}",0.85,0.005,823.0
0.85,0.01,0.04,0.095,0.005,"{""BCC_B2#1"": 0.9941535003012784, ""FCC_L12#1"": 0.0007612842488959768, ""HCP_A3#1"": 0.0021318207983120193, ""HCP_A3#2"": 0.0029533946515135708}",0.85,0.005,823.0
0.85,0.01,0.045,0.09,0.005,"{""BCC_B2#1"": 0.9942026870172936, ""FCC_L12#1"": 0.0007534879849124408, ""HCP_A3#1"": 0.002113563561475426, ""HCP_A3#2"": 0.0029302614363183317}",0.85,0.005,823.0
0.85,0.01,0.05,0.085,0.005,"{""BCC_B2#1"": 0.9942532253980205, ""FCC_L12#1"": 0.0007456475760046595, ""HCP_A3#1"": 0.0020947638048538888, ""HCP_A3#2"": 0.0029063632211208225}",0.85,0.005,823.0
0.85,0.01,0.055,0.08,0.005,"{""BCC_B2#1"": 0.9943050964727485, ""FCC_L12#1"": 0.0007377648973469302, ""HCP_A3#1"": 0.002075423193108771, ""HCP_A3#2"": 0.002881715436795649}",0.85,0.005,823.0
0.85,0.01,0.06,0.075,0.005,"{""BCC_B2#1"": 0.9943582826587407, ""FCC_L12#1"": 0.0007298418140801577, ""HCP_A3#1"": 0.002055540378264694, ""HCP_A3#2"": 0.0028563351489145476}",0.85,0.005,823.0
0.85,0.01,0.065,0.07,0.005,"{""BCC_B2#1"": 0.9944127694602958, ""FCC_L12#1"": 0.0007218802002999578, ""HCP_A3#1"": 0.0020351089643480124, ""HCP_A3#2"": 0.0028302413750560585}",0.85,0.005,823.0
0.85,0.01,0.07,0.065,0.005,"{""BCC_B2#1"": 0.9944685481566107, ""FCC_L12#1"": 0.0007138819628483784, ""HCP_A3#1"": 0.002014114410796253, ""HCP_A3#2"": 0.0028034554697447043}",0.85,0.005,823.0
0.85,0.01,0.075,0.06,0.005,"{""BCC_B2#1"": 0.9945256199645898, ""FCC_L12#1"": 0.0007058490728515882, ""HCP_A3#1"": 0.00199252934164409, ""HCP_A3#2"": 0.0027760016209145743}",0.85,0.005,823.0
0.85,0.01,0.08,0.055,0.005,"{""BCC_B2#1"": 0.9945840024172361, ""FCC_L12#1"": 0.0006977836091557433, ""HCP_A3#1"": 0.00197030645396087, ""HCP_A3#2"": 0.002747907519647222}",0.85,0.005,823.0
0.85,0.01,0.085,0.05,0.005,"{""BCC_B2#1"": 0.9946437390794052, ""FCC_L12#1"": 0.0006896878195429641, ""HCP_A3#1"": 0.00194736781133451, ""HCP_A3#2"": 0.002719205289717692}",0.85,0.005,823.0
0.85,0.01,0.09,0.045,0.005,"{""BCC_B2#1"": 0.9947049142851494, ""FCC_L12#1"": 0.0006815642079929547, ""HCP_A3#1"": 0.0019235887103537998, ""HCP_A3#2"": 0.002689932796504}",0.85,0.005,823.0
0.85,0.01,0.095,0.04,0.005,"{""BCC_B2#1"": 0.9947676753899528, ""FCC_L12#1"": 0.0006734156593616466, ""HCP_A3#1"": 0.001898773454662982, ""HCP_A3#2"": 0.0026601354960224858}",0.85,0.005,823.0
0.85,0.01,0.1,0.035,0.005,"{""BCC_B2#1"": 0.994832266145866, ""FCC_L12#1"": 0.0006652456165173022, ""HCP_A3#1"": 0.0018726192074508949, ""HCP_A3#2"": 0.0026298690301659153}",0.85,0.005,823.0
0.85,0.01,0.105,0.03,0.005,"{""BCC_B2#1"": 0.9948890930530572, ""FCC_L12#1"": 0.0006577279319686591, ""HCP_A3#1"": 8.90838205002906e-05, ""HCP_A3#2"": 0.0017537215312753533, ""HCP_A3#3"": 0.0026103736631983734}",0.85,0.005,823.0
0.85,0.01,0.11,0.025,0.005,"{""BCC_B2#1"": 0.9949468737775499, ""FCC_L12#1"": 0.0006502813867540995, ""HCP_A3#1"": 0.00019970495432518687, ""HCP_A3#2"": 0.0016111696221815137, ""HCP_A3#3"": 0.002591970259189304}",0.85,0.005,823.0
0.85,0.01,0.115,0.02,0.005,"{""BCC_B2#1"": 0.995007454690348, ""FCC_L12#1"": 0.0006427979484938782, ""HCP_A3#1"": 0.0003183021820319681, ""HCP_A3#2"": 0.001458622787972084, ""HCP_A3#3"": 0.0025728223911539866}",0.85,0.005,823.0
0.85,0.01,0.12,0.015,0.005,"{""BCC_B2#1"": 0.9950711890776884, ""FCC_L12#1"": 0.0006352810675447407, ""HCP_A3#1"": 0.00044532463940085977, ""HCP_A3#2"": 0.001295253511583545, ""HCP_A3#3"": 0.002552951703782699}",0.85,0.005,823.0
0.85,0.01,0.125,0.01,0.005,"{""BCC_B2#1"": 0.9951386534931274, ""FCC_L12#1"": 0.0006277339104222965, ""HCP_A3#1"": 0.0005810449349144868, ""HCP_A3#2"": 0.001120191544798869, ""HCP_A3#3"": 0.002532376116736992}",0.85,0.005,823.0
0.85,0.01,0.13,0.005,0.005,"{""BCC_B2#1"": 0.9952107493212303, ""FCC_L12#1"": 0.0006201594141749357, ""HCP_A3#1"": 0.000725462176343912, ""HCP_A3#2"": 0.0009325187023385782, ""HCP_A3#3"": 0.0025111103859123737}",0.85,0.005,823.0
0.85,0.01,0.135,0.0,0.005,"{""BCC_B2#1"": 0.9952888500818232, ""FCC_L12#1"": 0.0006125603358158378, ""HCP_A3#1"": 0.0008781601991625381, ""HCP_A3#2"": 0.0007312628003365337, ""HCP_A3#3"": 0.002489166582861775}",0.85,0.005,823.0
0.85,0.015,0.0,0.13,0.005,"{""BCC_B2#1"": 0.9938523535155069, ""FCC_L12#1"": 0.0008145987794006004, ""HCP_A3#1"": 0.0022431957637611844, ""HCP_A3#2"": 0.0030898519413315854}",0.85,0.005,823.0
0.85,0.015,0.005,0.125,0.005,"{""BCC_B2#1"": 0.99389130315466, ""FCC_L12#1"": 0.0008071781947245691, ""HCP_A3#1"": 0.0022289478560793725, ""HCP_A3#2"": 0.0030725707945363397}",0.85,0.005,823.0
0.85,0.015,0.01,0.12,0.005,"{""BCC_B2#1"": 0.9939317478064125, ""FCC_L12#1"": 0.0007996978507466417, ""HCP_A3#1"": 0.002214122829749684, ""HCP_A3#2"": 0.0030544315130908743}",0.85,0.005,823.0
0.85,0.015,0.015,0.115,0.005,"{""BCC_B2#1"": 0.9939736666294277, ""FCC_L12#1"": 0.0007921602588423307, ""HCP_A3#1"": 0.0021987257187051365, ""HCP_A3#2"": 0.0030354473930250337}",0.85,0.005,823.0
0.85,0.015,0.02,0.11,0.005,"{""BCC_B2#1"": 0.9940170398019256, ""FCC_L12#1"": 0.0007845677733358948, ""HCP_A3#1"": 0.0021827614988884836, ""HCP_A3#2"": 0.003015630925849976}",0.85,0.005,823.0
0.85,0.015,0.025,0.105,0.005,"{""BCC_B2#1"": 0.9940618478763672, ""FCC_L12#1"": 0.0007769226214008722, ""HCP_A3#1"": 0.0021662352359858752, ""HCP_A3#2"": 0.002994994266245923}",0.85,0.005,823.0
0.85,0.015,0.03,0.1,0.005,"{""BCC_B2#1"": 0.9941080713080639, ""FCC_L12#1"": 0.0007692269274482018, ""HCP_A3#1"": 0.0021491521385003853, ""HCP_A3#2"": 0.002973549625987572}",0.85,0.005,823.0
0.85,0.015,0.035,0.095,0.005,"{""BCC_B2#1"": 0.9941556901543255, ""FCC_L12#1"": 0.0007614827334547172, ""HCP_A3#1"": 0.002131517500145948, ""HCP_A3#2"": 0.0029513096120741752}",0.85,0.005,823.0
0.85,0.015,0.04,0.09,0.005,"{""BCC_B2#1"": 0.9942046839577074, ""FCC_L12#1"": 0.0007536920164194032, ""HCP_A3#1"": 0.0021133365011755676, ""HCP_A3#2"": 0.0029282875246977396}",0.85,0.005,823.0
0.85,0.015,0.045,0.085,0.005,"{""BCC_B2#1"": 0.9942550318486338, ""FCC_L12#1"": 0.0007458567040076729, ""HCP_A3#1"": 0.0020946138186860364, ""HCP_A3#2"": 0.0029044976286724273}",0.85,0.005,823.0
0.85,0.015,0.05,0.08,0.005,"{""BCC_B2#1"": 0.9943067129322386, ""FCC_L12#1"": 0.0007379786894505269, ""HCP_A3#1"": 0.00207535296760799, ""HCP_A3#2"": 0.002879955410702848}",0.85,0.005,823.0
0.85,0.015,0.055,0.075,0.005,"{""BCC_B2#1"": 0.9943597070629207, ""FCC_L12#1"": 0.0007300598468193005, ""HCP_A3#1"": 0.0020555552510295775, ""HCP_A3#2"": 0.00285467783923014}",0.85,0.005,823.0
0.85,0.015,0.06,0.07,0.005,"{""BCC_B2#1"": 0.9944139961712164, ""FCC_L12#1"": 0.0007221020480565377, ""HCP_A3#1"": 0.002035218134586654, ""HCP_A3#2"": 0.002828683646140394}",0.85,0.005,823.0
0.85,0.015,0.065,0.065,0.005,"{""BCC_B2#1"": 0.9944695663976003, ""FCC_L12#1"": 0.0007141071835516184, ""HCP_A3#1"": 0.002014332762320712, ""HCP_A3#2"": 0.002801993656527347}",0.85,0.005,823.0
0.85,0.015,0.07,0.06,0.005,"{""BCC_B2#1"": 0.9945264114246248, ""FCC_L12#1"": 0.0007060771887054187, ""HCP_A3#1"": 0.0019928801839063843, ""HCP_A3#2"": 0.0027746312027632004}",0.85,0.005,823.0
0.85,0.015,0.075,0.055,0.005,"{""BCC_B2#1"": 0.9945845376061634, ""FCC_L12#1"": 0.0006980140799137209, ""HCP_A3#1"": 0.001970825640103432, ""HCP_A3#2"": 0.002746622673819576}",0.85,0.005,823.0
0.85,0.015,0.08,0.05,0.005,"{""BCC_B2#1"": 0.9946439718053818, ""FCC_L12#1"": 0.0006899200048378214, ""HCP_A3#1"": 0.001948109918232712, ""HCP_A3#2"": 0.0027179982715476855}",0.85,0.005,823.0
0.85,0.015,0.085,0.045,0.005,"{""BCC_B2#1"": 0.9947047733199691, ""FCC_L12#1"": 0.0006817973138562031, ""HCP_A3#1"": 0.001924636292161835, ""HCP_A3#2"": 0.002688793074012967}",0.85,0.005,823.0
0.85,0.015,0.09,0.04,0.005,"{""BCC_B2#1"": 0.994767051956878, ""FCC_L12#1"": 0.0006736486623329938, ""HCP_A3#1"": 0.0019002508378569616, ""HCP_A3#2"": 0.0026590485429318794}",0.85,0.005,823.0
0.85,0.015,0.095,0.035,0.005,"{""BCC_B2#1"": 0.9948309952887533, ""FCC_L12#1"": 0.0006654771567955132, ""HCP_A3#1"": 0.0018747128980038427, ""HCP_A3#2"": 0.0026288146564473667}",0.85,0.005,823.0
0.85,0.015,0.1,0.03,0.005,"{""BCC_B2#1"": 0.9948941131605731, ""FCC_L12#1"": 0.0006574810164352874, ""HCP_A3#1"": 2.5514012812155718e-05, ""HCP_A3#2"": 0.0018215098838892654, ""HCP_A3#3"": 0.0026013819262904344}",0.85,0.005,823.0
0.85,0.015,0.105,0.025,0.005,"{""BCC_B2#1"": 0.9949508061595062, ""FCC_L12#1"": 0.0006500696348121635, ""HCP_A3#1"": 0.0001367454081613893, ""HCP_A3#2"": 0.0016788139171966773, ""HCP_A3#3"": 0.002583564880323818}",0.85,0.005,823.0
0.85,0.015,0.11,0.02,0.005,"{""BCC_B2#1"": 0.9950102032807355, ""FCC_L12#1"": 0.0006426186515813033, ""HCP_A3#1"": 0.0002560361543387939, ""HCP_A3#2"": 0.0015261650556418012, ""HCP_A3#3"": 0.00256497685770231}",0.85,0.005,823.0
0.85,0.015,0.115,0.015,0.005,"{""BCC_B2#1"": 0.9950725456892745, ""FCC_L12#1"": 0.0006351318871225072, ""HCP_A3#1"": 0.0003839638607389299, ""HCP_A3#2"": 0.0013627149821431156, ""HCP_A3#3"": 0.002545643580720977}",0.85,0.005,823.0
0.85,0.015,0.12,0.01,0.005,"{""BCC_B2#1"": 0.9951382522740223, ""FCC_L12#1"": 0.0006276128231926906, ""HCP_A3#1"": 0.0005209756356202211, ""HCP_A3#2"": 0.0011875728669799904, ""HCP_A3#3"": 0.002525586400184859}",0.85,0.005,823.0
0.85,0.015,0.125,0.005,0.005,"{""BCC_B2#1"": 0.9952080008020392, ""FCC_L12#1"": 0.0006200646664659034, ""HCP_A3#1"": 0.0006673115143107012, ""HCP_A3#2"": 0.0009998000542597476, ""HCP_A3#3"": 0.0025048229629245503}",0.85,0.005,823.0
0.85,0.015,0.13,0.0,0.005,"{""BCC_B2#1"": 0.9952828460830012, ""FCC_L12#1"": 0.0006124904042630052, ""HCP_A3#1"": 0.0008228916004198466, ""HCP_A3#2"": 0.0007984041389243714, ""HCP_A3#3"": 0.0024833677733917783}",0.85,0.005,823.0
0.85,0.02,0.0,0.125,0.005,"{""BCC_B2#1"": 0.9938946761558675, ""FCC_L12#1"": 0.0008073360940794445, ""HCP_A3#1"": 0.0022281941626607574, ""HCP_A3#2"": 0.0030697935873922563}",0.85,0.005,823.0
0.85,0.02,0.005,0.12,0.005,"{""BCC_B2#1"": 0.9939348699094471, ""FCC_L12#1"": 0.0007998653584515782, ""HCP_A3#1"": 0.0022134661136763416, ""HCP_A3#2"": 0.0030517986184249984}",0.85,0.005,823.0
0.85,0.02,0.01,0.115,0.005,"{""BCC_B2#1"": 0.9939765494141954, ""FCC_L12#1"": 0.0007923365991919703, ""HCP_A3#1"": 0.002198161468972617, ""HCP_A3#2"": 0.0030329525176400036}",0.85,0.005,823.0
0.85,0.02,0.015,0.11,0.005,"{""BCC_B2#1"": 0.9940196932590482, ""FCC_L12#1"": 0.0007847522491292923, ""HCP_A3#1"": 0.002182285808561082, ""HCP_A3#2"": 0.003013268683261499}",0.85,0.005,823.0
0.85,0.02,0.02,0.105,0.005,"{""BCC_B2#1"": 0.9940642806182427, ""FCC_L12#1"": 0.0007771146008014323, ""HCP_A3#1"": 0.0021658447756567967, ""HCP_A3#2"": 0.002992760005299071}",0.85,0.005,823.0
0.85,0.02,0.025,0.1,0.005,"{""BCC_B2#1"": 0.9941102907043772, ""FCC_L12#1"": 0.0007694258331045826, ""HCP_A3#1"": 0.0021488441776303406, ""HCP_A3#2"": 0.0029714392848879737}",0.85,0.005,823.0
0.85,0.02,0.03,0.095,0.005,"{""BCC_B2#1"": 0.9941577023901718, ""FCC_L12#1"": 0.0007616880332316446, ""HCP_A3#1"": 0.0021312899867704407, ""HCP_A3#2"": 0.002949319589826444}",0.85,0.005,823.0
0.85,0.02,0.035,0.09,0.005,"{""BCC_B2#1"": 0.9942064940042475, ""FCC_L12#1"": 0.0007539032151931579, ""HCP_A3#1"": 0.0021131882187074434, ""HCP_A3#2"": 0.0029264145618520814}",0.85,0.005,823.0
0.85,0.02,0.04,0.085,0.005,"{""BCC_B2#1"": 0.9942566433238906, ""FCC_L12#1"": 0.0007460733360058415, ""HCP_A3#1"": 0.002094544649733232, ""HCP_A3#2"": 0.002902738690370481}",0.85,0.005,823.0
0.85,0.02,0.045,0.08,0.005,"{""BCC_B2#1"": 0.9943081278130644, ""FCC_L12#1"": 0.0007382003105750255, ""HCP_A3#1"": 0.002075364311205686, ""HCP_A3#2"": 0.002878307565154549}",0.85,0.005,823.0
0.85,0.02,0.05,0.075,0.005,"{""BCC_B2#1"": 0.9943609251875855, ""FCC_L12#1"": 0.0007302860263412024, ""HCP_A3#1"": 0.0020556506648095013, ""HCP_A3#2"": 0.0028531381212638725}",0.85,0.005,823.0
0.85,0.02,0.055,0.07,0.005,"{""BCC_B2#1"": 0.9944150144367612, ""FCC_L12#1"": 0.0007223323588867933, ""HCP_A3#1"": 0.002035404310333889, ""HCP_A3#2"": 0.002827248894017936}",0.85,0.005,823.0
0.85,0.02,0.06,0.065,0.005,"{""BCC_B2#1"": 0.9944703775048236, ""FCC_L12#1"": 0.0007143411900319499, ""HCP_A3#1"": 0.002014620999421007, ""HCP_A3#2"": 0.0028006603057236083}",0.85,0.005,823.0
0.85,0.02,0.065,0.06,0.005,"{""BCC_B2#1"": 0.994527001945867, ""FCC_L12#1"": 0.0007063144304580304, ""HCP_A3#1"": 0.0019932886095059992, ""HCP_A3#2"": 0.0027733950141690354}",0.85,0.005,823.0
0.85,0.02,0.07,0.055,0.005,"{""BCC_B2#1"": 0.9945848850341917, ""FCC_L12#1"": 0.0006982540496926835, ""HCP_A3#1"": 0.001971382551263589, ""HCP_A3#2"": 0.002745478364852039}",0.85,0.005,823.0
0.85,0.02,0.075,0.05,0.005,"{""BCC_B2#1"": 0.9946440400669624, ""FCC_L12#1"": 0.0006901621174690981, ""HCP_A3#1"": 0.0019488588094608262, ""HCP_A3#2"": 0.0027169390061077114}",0.85,0.005,823.0
0.85,0.02,0.08,0.045,0.005,"{""BCC_B2#1"": 0.9947045059800799, ""FCC_L12#1"": 0.0006820408621689613, ""HCP_A3#1"": 0.001925643407461905, ""HCP_A3#2"": 0.0026878097502889553}",0.85,0.005,823.0
0.85,0.02,0.085,0.04,0.005,"{""BCC_B2#1"": 0.9947663619682288, ""FCC_L12#1"": 0.0006738927544162965, ""HCP_A3#1"": 0.0019016164809861316, ""HCP_A3#2"": 0.002658128796368654}",0.85,0.005,823.0
0.85,0.02,0.09,0.035,0.005,"{""BCC_B2#1"": 0.994829749626648, ""FCC_L12#1"": 0.000665720627003353, ""HCP_A3#1"": 0.0018765882762944689, ""HCP_A3#2"": 0.0026279414700543183}",0.85,0.005,823.0
0.85,0.02,0.095,0.03,0.005,"{""BCC_B2#1"": 0.9948949062838013, ""FCC_L12#1"": 0.0006575278460925643, ""HCP_A3#1"": 0.0018502631866787168, ""HCP_A3#2"": 0.002597302683427885}",0.85,0.005,823.0
0.85,0.02,0.1,0.025,0.005,"{""BCC_B2#1"": 0.9949550044302214, ""FCC_L12#1"": 0.0006498314104246979, ""HCP_A3#1"": 6.995014101792934e-05, ""HCP_A3#2"": 0.0017504451267364783, ""HCP_A3#3"": 0.0025747688915995267}",0.85,0.005,823.0
0.85,0.02,0.105,0.02,0.005,"{""BCC_B2#1"": 0.9950132684570252, ""FCC_L12#1"": 0.0006424150667979858, ""HCP_A3#1"": 0.0001897208187449231, ""HCP_A3#2"": 0.00159782683203436, ""HCP_A3#3"": 0.002556768825397804}",0.85,0.005,823.0
0.85,0.02,0.11,0.015,0.005,"{""BCC_B2#1"": 0.9950743491640578, ""FCC_L12#1"": 0.0006349602559477699, ""HCP_A3#1"": 0.0003182368062815182, ""HCP_A3#2"": 0.00143445653963825, ""HCP_A3#3"": 0.002537997234074813}",0.85,0.005,823.0
0.85,0.02,0.115,0.01,0.005,"{""BCC_B2#1"": 0.9951385359028188, ""FCC_L12#1"": 0.0006274708260568147, ""HCP_A3#1"": 0.00045609126948068917, ""HCP_A3#2"": 0.0012594224877794883, ""HCP_A3#3"": 0.0025184795138644606}",0.85,0.005,823.0
0.85,0.02,0.12,0.005,0.005,"{""BCC_B2#1"": 0.9952063236791314, ""FCC_L12#1"": 0.0006199502953140171, ""HCP_A3#1"": 0.0006037239388461899, ""HCP_A3#2"": 0.001071765376152146, ""HCP_A3#3"": 0.0024982367105565013}",0.85,0.005,823.0
0.85,0.02,0.125,0.0,0.005,"{""BCC_B2#1"": 0.9952785075795672, ""FCC_L12#1"": 0.0006124019164675864, ""HCP_A3#1"": 0.0007613318948201339, ""HCP_A3#2"": 0.0008704724223491938, ""HCP_A3#3"": 0.0024772861867963054}",0.85,0.005,823.0
0.85,0.025,0.0,0.12,0.005,"{""BCC_B2#1"": 0.9939378841824275, ""FCC_L12#1"": 0.0008000373290777425, ""HCP_A3#1"": 0.002212858181823418, ""HCP_A3#2"": 0.0030492203066713876}",0.85,0.005,823.0
0.85,0.025,0.005,0.115,0.005,"{""BCC_B2#1"": 0.993979310331698, ""FCC_L12#1"": 0.0007925178971684733, ""HCP_A3#1"": 0.0021976517664788866, ""HCP_A3#2"": 0.00303052000465489}",0.85,0.005,823.0
0.85,0.025,0.01,0.11,0.005,"{""BCC_B2#1"": 0.9940222116620512, ""FCC_L12#1"": 0.000784942141740528, ""HCP_A3#1"": 0.0021818700510522295, ""HCP_A3#2"": 0.003010976145156035}",0.85,0.005,823.0
0.85,0.025,0.015,0.105,0.005,"{""BCC_B2#1"": 0.9940665659372633, ""FCC_L12#1"": 0.0007773124254489625, ""HCP_A3#1"": 0.0021655192365029148, ""HCP_A3#2"": 0.0029906024007850243}",0.85,0.005,823.0
0.85,0.025,0.02,0.1,0.005,"{""BCC_B2#1"": 0.9941123511305621, ""FCC_L12#1"": 0.000769630985606657, ""HCP_A3#1"": 0.002148605683629312, ""HCP_A3#2"": 0.0029694122002019044}",0.85,0.005,823.0
0.85,0.025,0.025,0.095,0.005,"{""BCC_B2#1"": 0.9941595449718672, ""FCC_L12#1"": 0.0007618999580168933, ""HCP_A3#1"": 0.0021311359654940256, ""HCP_A3#2"": 0.002947419104621615}",0.85,0.005,823.0
0.85,0.025,0.03,0.09,0.005,"{""BCC_B2#1"": 0.9942081246627383, ""FCC_L12#1"": 0.0007541213968012506, ""HCP_A3#1"": 0.002113116811513437, ""HCP_A3#2"": 0.0029246371289469685}",0.85,0.005,823.0
0.85,0.025,0.035,0.085,0.005,"{""BCC_B2#1"": 0.994258066773232, ""FCC_L12#1"": 0.0007462972913897545, ""HCP_A3#1"": 0.0020945549141423055, ""HCP_A3#2"": 0.002901081021235669}",0.85,0.005,823.0
0.85,0.025,0.04,0.08,0.005,"{""BCC_B2#1"": 0.9943093473539385, ""FCC_L12#1"": 0.0007384295816811748, ""HCP_A3#1"": 0.0020754565495868754, ""HCP_A3#2"": 0.0028767665147932556}",0.85,0.005,823.0
0.85,0.025,0.045,0.075,0.005,"{""BCC_B2#1"": 0.9943619423264369, ""FCC_L12#1"": 0.0007305201723938706, ""HCP_A3#1"": 0.0020558269365573262, ""HCP_A3#2"": 0.002851710564611877}",0.85,0.005,823.0
0.85,0.025,0.05,0.07,0.005,"{""BCC_B2#1"": 0.9944158282543218, ""FCC_L12#1"": 0.0007225709477045085, ""HCP_A3#1"": 0.002035669215135267, ""HCP_A3#2"": 0.0028259315828381235}",0.85,0.005,823.0
0.85,0.025,0.055,0.065,0.005,"{""BCC_B2#1"": 0.9944709836553411, ""FCC_L12#1"": 0.00071458378748032, ""HCP_A3#1"": 0.0020149828645766826, ""HCP_A3#2"": 0.00279944969260192}",0.85,0.005,823.0
0.85,0.025,0.06,0.06,0.005,"{""BCC_B2#1"": 0.9945273911051583, ""FCC_L12#1"": 0.0007065605868227108, ""HCP_A3#1"": 0.0019937612830873276, ""HCP_A3#2"": 0.0027722870249313482}",0.85,0.005,823.0
0.85,0.025,0.065,0.055,0.005,"{""BCC_B2#1"": 0.9945850405188744, ""FCC_L12#1"": 0.000698503281267734, ""HCP_A3#1"": 0.0019719881065100534, ""HCP_A3#2"": 0.0027444680933476507}",0.85,0.005,823.0
0.85,0.025,0.07,0.05,0.005,"{""BCC_B2#1"": 0.9946439342031418, ""FCC_L12#1"": 0.0006904138809457088, ""HCP_A3#1"": 0.0019496316210887699, ""HCP_A3#2"": 0.002716020294823775}",0.85,0.005,823.0
0.85,0.025,0.075,0.045,0.005,"{""BCC_B2#1"": 0.9947040945850547, ""FCC_L12#1"": 0.0006822945184026079, ""HCP_A3#1"": 0.0019266362907511827, ""HCP_A3#2"": 0.002686974605791337}",0.85,0.005,823.0
0.85,0.025,0.08,0.04,0.005,"{""BCC_B2#1"": 0.9947655759941291, ""FCC_L12#1"": 0.0006741475167764201, ""HCP_A3#1"": 0.0019029099197076247, ""HCP_A3#2"": 0.0026573665693868033}",0.85,0.005,823.0
0.85,0.025,0.085,0.035,0.005,"{""BCC_B2#1"": 0.9948284825668822, ""FCC_L12#1"": 0.0006659754877400306, ""HCP_A3#1"": 0.0018783042390922969, ""HCP_A3#2"": 0.002627237706285424}",0.85,0.005,823.0
0.85,0.025,0.09,0.03,0.005,"{""BCC_B2#1"": 0.9948929953358723, ""FCC_L12#1"": 0.0006577814721087387, ""HCP_A3#1"": 0.001852585666565103, ""HCP_A3#2"": 0.0025966375254542}",0.85,0.005,823.0
0.85,0.025,0.095,0.025,0.005,"{""BCC_B2#1"": 0.9949594129157351, ""FCC_L12#1"": 0.0006495691399753709, ""HCP_A3#1"": 0.0018253915876026193, ""HCP_A3#2"": 0.0025656263566869062}",0.85,0.005,823.0
0.85,0.025,0.1,0.02,0.005,"{""BCC_B2#1"": 0.9950166165692513, ""FCC_L12#1"": 0.0006421851065792329, ""HCP_A3#1"": 0.000119438760058455, ""HCP_A3#2"": 0.0016735933403835353, ""HCP_A3#3"": 0.0025481662237272795}",0.85,0.005,823.0
0.85,0.025,0.105,0.015,0.005,"{""BCC_B2#1"": 0.9950765107470608, ""FCC_L12#1"": 0.0006347643965396894, ""HCP_A3#1"": 0.0002482938791482544, ""HCP_A3#2"": 0.0015104467305034693, ""HCP_A3#3"": 0.0025299842467476972}",0.85,0.005,823.0
0.85,0.025,0.11,0.01,0.005,"{""BCC_B2#1"": 0.9951393441158088, ""FCC_L12#1"": 0.00062730640300026, ""HCP_A3#1"": 0.00038662542894169925, ""HCP_A3#2"": 0.0013356939345987196, ""HCP_A3#3"": 0.002511030117650487}",0.85,0.005,823.0
0.85,0.025,0.115,0.005,0.005,"{""BCC_B2#1"": 0.9952054619409431, ""FCC_L12#1"": 0.0006198150067200977, ""HCP_A3#1"": 0.0005350394849500761, ""HCP_A3#2"": 0.0011483546725690782, ""HCP_A3#3"": 0.0024913288948175106}",0.85,0.005,823.0
0.85,0.025,0.12,0.0,0.005,"{""BCC_B2#1"": 0.9952754474359382, ""FCC_L12#1"": 0.0006122937678496354, ""HCP_A3#1"": 0.0006939619104879599, ""HCP_A3#2"": 0.0009473955787160584, ""HCP_A3#3"": 0.002470901307008314}",0.85,0.005,823.0
0.85,0.03,0.0,0.115,0.005,"{""BCC_B2#1"": 0.9936773335366845, ""C15_LAVES#1"": 0.0003705779367266961, ""FCC_L12#1"": 0.0007904690698866507, ""HCP_A3#1"": 0.002171371379075616, ""HCP_A3#2"": 0.002990248077626535}",0.85,0.005,823.0
0.85,0.03,0.005,0.11,0.005,"{""BCC_B2#1"": 0.9937112138085409, ""C15_LAVES#1"": 0.0003785406214932308, ""FCC_L12#1"": 0.0007829534742923031, ""HCP_A3#1"": 0.00297134217447616, ""HCP_A3#2"": 0.0021559499211973383}",0.85,0.005,823.0
0.85,0.03,0.01,0.105,0.005,"{""BCC_B2#1"": 0.9937544405942875, ""C15_LAVES#1"": 0.0003769903551084578, ""FCC_L12#1"": 0.0007754361208900817, ""HCP_A3#1"": 0.0021405992936716577, ""HCP_A3#2"": 0.002952533636042422}",0.85,0.005,823.0
0.85,0.03,0.015,0.1,0.005,"{""BCC_B2#1"": 0.9938077813374078, ""C15_LAVES#1"": 0.000365175685299775, ""FCC_L12#1"": 0.0007679163432892708, ""HCP_A3#1"": 0.0021253143405124252, ""HCP_A3#2"": 0.002933812293490846}",0.85,0.005,823.0
0.85,0.03,0.02,0.095,0.005,"{""BCC_B2#1"": 0.9938720714687361, ""C15_LAVES#1"": 0.00034227783219335436, ""FCC_L12#1"": 0.0007603934735840706, ""HCP_A3#1"": 0.0021100894286266137, ""HCP_A3#2"": 0.002915167796859756}",0.85,0.005,823.0
0.85,0.03,0.025,0.09,0.005,"{""BCC_B2#1"": 0.9939482217460176, ""C15_LAVES#1"": 0.00030740346918187124, ""FCC_L12#1"": 0.0007528668426664866, ""HCP_A3#1"": 0.0020949183293767736, ""HCP_A3#2"": 0.0028965896127572197}",0.85,0.005,823.0
0.85,0.03,0.03,0.085,0.005,"{""BCC_B2#1"": 0.9940372262940587, ""C15_LAVES#1"": 0.0002595768424486286, ""FCC_L12#1"": 0.000745335780601621, ""HCP_A3#1"": 0.0020797940630002264, ""HCP_A3#2"": 0.0028780670198908665}",0.85,0.005,823.0
0.85,0.03,0.035,0.08,0.005,"{""BCC_B2#1"": 0.994140171397891, ""C15_LAVES#1"": 0.0001977311897395775, ""FCC_L12#1"": 0.0007377996170843553, ""HCP_A3#1"": 0.0020647086933529473, ""HCP_A3#2"": 0.0028595891019316997}",0.85,0.005,823.0
0.85,0.03,0.04,0.075,0.005,"{""BCC_B2#1"": 0.9942582451045785, ""C15_LAVES#1"": 0.00012069942025064708, ""FCC_L12#1"": 0.0007302576820074526, ""HCP_A3#1"": 0.0020496530561752036, ""HCP_A3#2"": 0.00284114473698815}",0.85,0.005,823.0
0.85,0.03,0.045,0.07,0.005,"{""BCC_B2#1"": 0.9943927476940415, ""C15_LAVES#1"": 2.7204017105686136e-05, ""FCC_L12#1"": 0.0007227093061694032, ""HCP_A3#1"": 0.0020346163982701147, ""HCP_A3#2"": 0.0028227225844131847}",0.85,0.005,823.0
0.85,0.03,0.05,0.065,0.005,"{""BCC_B2#1"": 0.9944713880517279, ""FCC_L12#1"": 0.0007148347835433898, ""HCP_A3#1"": 0.002015420961149663, ""HCP_A3#2"": 0.0027983562035787854}",0.85,0.005,823.0
0.85,0.03,0.055,0.06,0.005,"{""BCC_B2#1"": 0.9945275799067946, ""FCC_L12#1"": 0.0007068154533616327, ""HCP_A3#1"": 0.001994303237230479, ""HCP_A3#2"": 0.00277130140261336}",0.85,0.005,823.0
0.85,0.03,0.06,0.055,0.005,"{""BCC_B2#1"": 0.9945850019078485, ""FCC_L12#1"": 0.0006987615502473321, ""HCP_A3#1"": 0.001972650868650874, ""HCP_A3#2"": 0.0027435856732532043}",0.85,0.005,823.0
0.85,0.03,0.065,0.05,0.005,"{""BCC_B2#1"": 0.9946436474786354, ""FCC_L12#1"": 0.0006906750398341446, ""HCP_A3#1"": 0.0019504420733687737, ""HCP_A3#2"": 0.002715235408161558}",0.85,0.005,823.0
0.85,0.03,0.07,0.045,0.005,"{""BCC_B2#1"": 0.994703525699174, ""FCC_L12#1"": 0.0006825579804122941, ""HCP_A3#1"": 0.0019276362198651662, ""HCP_A3#2"": 0.0026862801005485847}",0.85,0.005,823.0
0.85,0.03,0.075,0.04,0.005,"{""BCC_B2#1"": 0.9947646707693417, ""FCC_L12#1"": 0.0006744125784810212, ""HCP_A3#1"": 0.0019041635136782926, ""HCP_A3#2"": 0.002656753138498878}",0.85,0.005,823.0
0.85,0.03,0.08,0.035,0.005,"{""BCC_B2#1"": 0.9948271564294934, ""FCC_L12#1"": 0.0006662412684729913, ""HCP_A3#1"": 0.0018799093595240819, ""HCP_A3#2"": 0.0026266929425097073}",0.85,0.005,823.0
0.85,0.03,0.085,0.03,0.005,"{""BCC_B2#1"": 0.9948911178637547, ""FCC_L12#1"": 0.0006580468275871628, ""HCP_A3#1"": 0.0018546907114976232, ""HCP_A3#2"": 0.0025961445971607496}",0.85,0.005,823.0
0.85,0.03,0.09,0.025,0.005,"{""BCC_B2#1"": 0.9949567847925653, ""FCC_L12#1"": 0.000649832540489799, ""HCP_A3#1"": 0.0018282204929030688, ""HCP_A3#2"": 0.0025651621740418137}",0.85,0.005,823.0
0.85,0.03,0.095,0.02,0.005,"{""BCC_B2#1"": 0.9950202454932204, ""FCC_L12#1"": 0.0006419263518015998, ""HCP_A3#1"": 4.523672943767384e-05, ""HCP_A3#2"": 0.0017534586071416443, ""HCP_A3#3"": 0.0025391328183988074}",0.85,0.005,823.0
0.85,0.03,0.1,0.015,0.005,"{""BCC_B2#1"": 0.9950789786898835, ""FCC_L12#1"": 0.000634542257228997, ""HCP_A3#1"": 0.00017424629006704623, ""HCP_A3#2"": 0.0015906600501625952, ""HCP_A3#3"": 0.002521572712657877}",0.85,0.005,823.0
0.85,0.03,0.105,0.01,0.005,"{""BCC_B2#1"": 0.9951405626364551, ""FCC_L12#1"": 0.0006271178096008715, ""HCP_A3#1"": 0.00031276551151081743, ""HCP_A3#2"": 0.0014163441189779594, ""HCP_A3#3"": 0.002503209923455292}",0.85,0.005,823.0
0.85,0.03,0.11,0.005,0.005,"{""BCC_B2#1"": 0.9952052193769861, ""FCC_L12#1"": 0.0006196573151362176, ""HCP_A3#1"": 0.00046154007677759153, ""HCP_A3#2"": 0.0012295089599644413, ""HCP_A3#3"": 0.002484074271135667}",0.85,0.005,823.0
0.85,0.03,0.115,0.0,0.005,"{""BCC_B2#1"": 0.995273358962416, ""FCC_L12#1"": 0.000612164692387554, ""HCP_A3#1"": 0.0006211855968954209, ""HCP_A3#2"": 0.0010291002847289841, ""HCP_A3#3"": 0.002464190463572097}",0.85,0.005,823.0
0.85,0.035,0.0,0.11,0.005,"{""BCC_B2#1"": 0.9910217895180723, ""C15_LAVES#1"": 0.004336825139627421, ""FCC_L12#1"": 0.0007827598532299385, ""HCP_A3#2"": 0.0029353015379205856, ""ZRO2_MONO#1"": 0.000923323951149781}",0.85,0.005,823.0
0.85,0.035,0.005,0.105,0.005,"{""BCC_B2#1"": 0.991063725991842, ""C15_LAVES#1"": 0.004330931353517598, ""FCC_L12#1"": 0.0007752424277770677, ""HCP_A3#2"": 0.002916415467768769, ""ZRO2_MONO#1"": 0.0009136847590946272}",0.85,0.005,823.0
0.85,0.035,0.01,0.1,0.005,"{""BCC_B2#1"": 0.9911146358562524, ""C15_LAVES#1"": 0.004315953980059917, ""FCC_L12#1"": 0.0007677239668608022, ""HCP_A3#2"": 0.0028976545831197716, ""ZRO2_MONO#1"": 0.0009040316137072402}",0.85,0.005,823.0
0.85,0.035,0.015,0.095,0.005,"{""BCC_B2#1"": 0.9924600572190065, ""C15_LAVES#1"": 0.002342086519474317, ""FCC_L12#1"": 0.0007587750280219258, ""HCP_A3#1"": 0.001182373221079521, ""HCP_A3#2"": 0.00287052597259542, ""ZRO2_MONO#1"": 0.0003861820398223617}",0.85,0.005,823.0
0.85,0.035,0.02,0.09,0.005,"{""BCC_B2#1"": 0.9934823754314241, ""C15_LAVES#1"": 0.0008603419053806061, ""FCC_L12#1"": 0.0007502080549169735, ""HCP_A3#1"": 0.0020613354842994977, ""HCP_A3#2"": 0.0028457391239786766}",0.85,0.005,823.0
0.85,0.035,0.025,0.085,0.005,"{""BCC_B2#1"": 0.9935471132130022, ""C15_LAVES#1"": 0.0008369026915085627, ""FCC_L12#1"": 0.0007427080987520354, ""HCP_A3#1"": 0.0020460793284484986, ""HCP_A3#2"": 0.0028271966682889334}",0.85,0.005,823.0
0.85,0.035,0.03,0.08,0.005,"{""BCC_B2#1"": 0.9936242982201817, ""C15_LAVES#1"": 0.0008009259179588273, ""FCC_L12#1"": 0.0007352042949925341, ""HCP_A3#1"": 0.0020308653452440805, ""HCP_A3#2"": 0.002808706221622828}",0.85,0.005,823.0
0.85,0.035,0.035,0.075,0.005,"{""BCC_B2#1"": 0.9937149884107159, ""C15_LAVES#1"": 0.0007513744961963551, ""FCC_L12#1"": 0.0007276959721454255, ""HCP_A3#1"": 0.0020156842436219002, ""HCP_A3#2"": 0.002790256877320224}",0.85,0.005,823.0
0.85,0.035,0.04,0.07,0.005,"{""BCC_B2#1"": 0.9938203428280152, ""C15_LAVES#1"": 0.0006871121782471751, ""FCC_L12#1"": 0.0007201824583086487, ""HCP_A3#1"": 0.0020005249589753627, ""HCP_A3#2"": 0.0027718375764535386}",0.85,0.005,823.0
0.85,0.035,0.045,0.065,0.005,"{""BCC_B2#1"": 0.9939416323278959, ""C15_LAVES#1"": 0.0006068933837274006, ""FCC_L12#1"": 0.0007126630818360567, ""HCP_A3#1"": 0.0019853741075881743, ""HCP_A3#2"": 0.002753437098952665}",0.85,0.005,823.0
0.85,0.035,0.05,0.06,0.005,"{""BCC_B2#1"": 0.9940802512229993, ""C15_LAVES#1"": 0.0005093522927928348, ""FCC_L12#1"": 0.000705137172238748, ""HCP_A3#1"": 0.001970215260588179, ""HCP_A3#2"": 0.0027350440513808608}",0.85,0.005,823.0
0.85,0.035,0.055,0.055,0.005,"{""BCC_B2#1"": 0.99423772988938, ""C15_LAVES#1"": 0.0003929912211796274, ""FCC_L12#1"": 0.00069760406137796, ""HCP_A3#1"": 0.001955027976657831, ""HCP_A3#2"": 0.0027166468514049306}",0.85,0.005,823.0
0.85,0.035,0.06,0.05,0.005,"{""BCC_B2#1"": 0.994415748370462, ""C15_LAVES#1"": 0.00025616832331463557, ""FCC_L12#1"": 0.0006900630850435433, ""HCP_A3#1"": 0.0019397865121148687, ""HCP_A3#2"": 0.002698233709065022}",0.85,0.005,823.0
0.85,0.035,0.065,0.045,0.005,"{""BCC_B2#1"": 0.9946161509980656, ""C15_LAVES#1"": 9.708471245753997e-05, ""FCC_L12#1"": 0.0006825135850332033, ""HCP_A3#1"": 0.0019244580994123633, ""HCP_A3#2"": 0.0026797926050315317}",0.85,0.005,823.0
0.85,0.035,0.07,0.04,0.005,"{""BCC_B2#1"": 0.9947636282399894, ""FCC_L12#1"": 0.0006746876078508628, ""HCP_A3#1"": 0.0019054035858018965, ""HCP_A3#2"": 0.0026562805663577277}",0.85,0.005,823.0
0.85,0.035,0.075,0.035,0.005,"{""BCC_B2#1"": 0.9948257411115785, ""FCC_L12#1"": 0.000666517556007389, ""HCP_A3#1"": 0.0018814434659782128, ""HCP_A3#2"": 0.002626297866435925}",0.85,0.005,823.0
0.85,0.035,0.08,0.03,0.005,"{""BCC_B2#1"": 0.994889226088545, ""FCC_L12#1"": 0.0006583233817431956, ""HCP_A3#1"": 0.0018566379125559503, ""HCP_A3#2"": 0.002595812617155977}",0.85,0.005,823.0
0.85,0.035,0.085,0.025,0.005,"{""BCC_B2#1"": 0.9949542567846655, ""FCC_L12#1"": 0.0006501080565161633, ""HCP_A3#1"": 0.0018307614005618395, ""HCP_A3#2"": 0.0025648737582565154}",0.85,0.005,823.0
0.85,0.035,0.09,0.02,0.005,"{""BCC_B2#1"": 0.9950211227755246, ""FCC_L12#1"": 0.0006418751506400534, ""HCP_A3#1"": 0.0018034617019468619, ""HCP_A3#2"": 0.002533540371888445}",0.85,0.005,823.0
0.85,0.035,0.095,0.015,0.005,"{""BCC_B2#1"": 0.9950817359626611, ""FCC_L12#1"": 0.0006342914584792959, ""HCP_A3#1"": 9.616597490435696e-05, ""HCP_A3#2"": 0.00167508001336231, ""HCP_A3#3"": 0.002512726590592584}",0.85,0.005,823.0
0.85,0.035,0.1,0.01,0.005,"{""BCC_B2#1"": 0.9951421186321026, ""FCC_L12#1"": 0.0006269030304814584, ""HCP_A3#1"": 0.00023465511705378562, ""HCP_A3#2"": 0.001501336041743644, ""HCP_A3#3"": 0.0024949871786188143}",0.85,0.005,823.0
0.85,0.035,0.105,0.005,0.005,"{""BCC_B2#1"": 0.9952054520021095, ""FCC_L12#1"": 0.000619475509522463, ""HCP_A3#1"": 0.00038345512654780657, ""HCP_A3#2"": 0.0013151726939307849, ""HCP_A3#3"": 0.0024764446678894585}",0.85,0.005,823.0
0.85,0.035,0.11,0.0,0.005,"{""BCC_B2#1"": 0.9952720041154915, ""FCC_L12#1"": 0.0006120132352019836, ""HCP_A3#1"": 0.0005433399727878483, ""HCP_A3#2"": 0.001115514183112618, ""HCP_A3#3"": 0.0024571284934062567}",0.85,0.005,823.0
0.85,0.04,0.0,0.105,0.005,"{""BCC_B2#1"": 0.9907889922308761, ""C15_LAVES#1"": 0.004652571126186356, ""FCC_L12#1"": 0.0007727227062045972, ""HCP_A3#2"": 0.0028713607555339547, ""ZRO2_MONO#1"": 0.0009143531811991195}",0.85,0.005,823.0
0.85,0.04,0.005,0.1,0.005,"{""BCC_B2#1"": 0.9908227370144281, ""C15_LAVES#1"": 0.0046548220914136625, ""FCC_L12#1"": 0.0007652264428411707, ""HCP_A3#2"": 0.0028524747268003636, ""ZRO2_MONO#1"": 0.0009047397245166269}",0.85,0.005,823.0
0.85,0.04,0.01,0.095,0.005,"{""BCC_B2#1"": 0.9908652379759363, ""C15_LAVES#1"": 0.0046482177357696445, ""FCC_L12#1"": 0.0007577296109357814, ""HCP_A3#2"": 0.002833701065258049, ""ZRO2_MONO#1"": 0.0008951136121002337}",0.85,0.005,823.0
0.85,0.04,0.015,0.09,0.005,"{""BCC_B2#1"": 0.9909172386038593, ""C15_LAVES#1"": 0.004632022868637936, ""FCC_L12#1"": 0.0007502315591796905, ""HCP_A3#2"": 0.0028150327972667226, ""ZRO2_MONO#1"": 0.0008854741710565839}",0.85,0.005,823.0
0.85,0.04,0.02,0.085,0.005,"{""BCC_B2#1"": 0.9909795536238926, ""C15_LAVES#1"": 0.004605434595418055, ""FCC_L12#1"": 0.0007427316357322397, ""HCP_A3#2"": 0.0027964633343794646, ""ZRO2_MONO#1"": 0.0008758168105774713}",0.85,0.005,823.0
0.85,0.04,0.025,0.08,0.005,"{""BCC_B2#1"": 0.9910530708580704, ""C15_LAVES#1"": 0.0045675745853250745, ""FCC_L12#1"": 0.0007352291834342847, ""HCP_A3#2"": 0.002777986536466948, ""ZRO2_MONO#1"": 0.0008661388367032003}",0.85,0.005,823.0
0.85,0.04,0.03,0.075,0.005,"{""BCC_B2#1"": 0.9916689142995886, ""C15_LAVES#1"": 0.0037116781380683536, ""FCC_L12#1"": 0.0007271659670981686, ""HCP_A3#1"": 0.0004894610956318816, ""HCP_A3#2"": 0.002756576358586687, ""ZRO2_MONO#1"": 0.0006462041410264602}",0.85,0.005,823.0
0.85,0.04,0.035,0.07,0.005,"{""BCC_B2#1"": 0.9933690145158975, ""C15_LAVES#1"": 0.0012112026047700996, ""FCC_L12#1"": 0.000717987667737797, ""HCP_A3#1"": 0.00197254185113472, ""HCP_A3#2"": 0.0027292533604596626}",0.85,0.005,823.0
0.85,0.04,0.04,0.065,0.005,"{""BCC_B2#1"": 0.9934645584655277, ""C15_LAVES#1"": 0.0011568182219484958, ""FCC_L12#1"": 0.0007104961938723375, ""HCP_A3#1"": 0.0019572697711908804, ""HCP_A3#2"": 0.002710857347460141}",0.85,0.005,823.0
0.85,0.04,0.045,0.06,0.005,"{""BCC_B2#1"": 0.9935757152732422, ""C15_LAVES#1"": 0.0010868199342631403, ""FCC_L12#1"": 0.0007029993125238854, ""HCP_A3#1"": 0.0019419897800742889, ""HCP_A3#2"": 0.0026924756998963234}",0.85,0.005,823.0
0.85,0.04,0.05,0.055,0.005,"{""BCC_B2#1"": 0.9937038570674154, ""C15_LAVES#1"": 0.0009998693117858047, ""FCC_L12#1"": 0.000695496352789479, ""HCP_A3#1"": 0.0019266801966025583, ""HCP_A3#2"": 0.002674097071406634}",0.85,0.005,823.0
0.85,0.04,0.055,0.05,0.005,"{""BCC_B2#1"": 0.9938504920870445, ""C15_LAVES#1"": 0.0008944977487325231, ""FCC_L12#1"": 0.0006879866466890408, ""HCP_A3#1"": 0.0019113135291314596, ""HCP_A3#2"": 0.0026557099884025044}",0.85,0.005,823.0
0.85,0.04,0.06,0.045,0.005,"{""BCC_B2#1"": 0.9940172783269905, ""C15_LAVES#1"": 0.0007690947108486442, ""FCC_L12#1"": 0.000680469531036649, ""HCP_A3#1"": 0.001895854597024858, ""HCP_A3#2"": 0.002637302834099379}",0.85,0.005,823.0
0.85,0.04,0.065,0.04,0.005,"{""BCC_B2#1"": 0.9942060380683408, ""C15_LAVES#1"": 0.0006218957223672528, ""FCC_L12#1"": 0.0006729443499692253, ""HCP_A3#1"": 0.0018802580302063688, ""HCP_A3#2"": 0.0026188638291164525}",0.85,0.005,823.0
0.85,0.04,0.07,0.035,0.005,"{""BCC_B2#1"": 0.994418773229628, ""C15_LAVES#1"": 0.0004509703633770871, ""FCC_L12#1"": 0.0006654104583689257, ""HCP_A3#1"": 0.0018644649396876859, ""HCP_A3#2"": 0.002600381008938507}",0.85,0.005,823.0
0.85,0.04,0.075,0.03,0.005,"{""BCC_B2#1"": 0.994657681416307, ""C15_LAVES#1"": 0.0002542106759011777, ""FCC_L12#1"": 0.0006578672264337625, ""HCP_A3#1"": 0.0018483984826978836, ""HCP_A3#2"": 0.002581842198660354}",0.85,0.005,823.0
0.85,0.04,0.08,0.025,0.005,"{""BCC_B2#1"": 0.9949251724636914, ""C15_LAVES#1"": 2.9320551380196103e-05, ""FCC_L12#1"": 0.0006503140457832287, ""HCP_A3#1"": 0.001831957953565962, ""HCP_A3#2"": 0.0025632349855791046}",0.85,0.005,823.0
0.85,0.04,0.085,0.02,0.005,"{""BCC_B2#1"": 0.9950178955436787, ""FCC_L12#1"": 0.0006421604281848422, ""HCP_A3#1"": 0.0018064950837080461, ""HCP_A3#2"": 0.0025334489444284835}",0.85,0.005,823.0
0.85,0.04,0.09,0.015,0.005,"{""BCC_B2#1"": 0.9950847992450357, ""FCC_L12#1"": 0.0006340092251363797, ""HCP_A3#1"": 1.4083828898914575e-05, ""HCP_A3#2"": 0.0017637028055289387, ""HCP_A3#3"": 0.0025034048954001714}",0.85,0.005,823.0
0.85,0.04,0.095,0.01,0.005,"{""BCC_B2#1"": 0.9951439776902911, ""FCC_L12#1"": 0.000626659726144568, ""HCP_A3#1"": 0.00015239459440251585, ""HCP_A3#2"": 0.0015906419636956034, ""HCP_A3#3"": 0.0024863260254661852}",0.85,0.005,823.0
0.85,0.04,0.1,0.005,0.005,"{""BCC_B2#1"": 0.9952060624332159, ""FCC_L12#1"": 0.0006192676111839242, ""HCP_A3#1"": 0.0003009649039312037, ""HCP_A3#2"": 0.0014052965770035932, ""HCP_A3#3"": 0.002468408474665411}",0.85,0.005,823.0
0.85,0.04,0.105,0.0,0.005,"{""BCC_B2#1"": 0.995271204342155, ""FCC_L12#1"": 0.000611837718936981, ""HCP_A3#1"": 0.0004607021924428644, ""HCP_A3#2"": 0.0012065684178984872, ""HCP_A3#3"": 0.0024496873285664274}",0.85,0.005,823.0
0.85,0.045,0.0,0.1,0.005,"{""BCC_B2#1"": 0.9905973038822409, ""C15_LAVES#1"": 0.0049199718368200035, ""FCC_L12#1"": 0.0007630653131685453, ""HCP_A3#2"": 0.0028143849726157367, ""ZRO2_MONO#1"": 0.0009052739951549002}",0.85,0.005,823.0
0.85,0.045,0.005,0.095,0.005,"{""BCC_B2#1"": 0.9906243735519817, ""C15_LAVES#1"": 0.004928841930351451, ""FCC_L12#1"": 0.0007555855430682753, ""HCP_A3#2"": 0.0027955238554657146, ""ZRO2_MONO#1"": 0.0008956751191325228}",0.85,0.005,823.0
0.85,0.045,0.01,0.09,0.005,"{""BCC_B2#1"": 0.9906600848098858, ""C15_LAVES#1"": 0.004928977694306883, ""FCC_L12#1"": 0.0007481055824107575, ""HCP_A3#2"": 0.002776765831663524, ""ZRO2_MONO#1"": 0.0008860660817333568}",0.85,0.005,823.0
0.85,0.045,0.015,0.085,0.005,"{""BCC_B2#1"": 0.9907051708366706, ""C15_LAVES#1"": 0.00491965789582107, ""FCC_L12#1"": 0.0007406247750182061, ""HCP_A3#2"": 0.002758102791085708, ""ZRO2_MONO#1"": 0.0008764437014043532}",0.85,0.005,823.0
0.85,0.045,0.02,0.08,0.005,"{""BCC_B2#1"": 0.9907604301245851, ""C15_LAVES#1"": 0.004900094817424934, ""FCC_L12#1"": 0.0007331424611014204, ""HCP_A3#2"": 0.002739526909788144, ""ZRO2_MONO#1"": 0.0008668056871005501}",0.85,0.005,823.0
0.85,0.045,0.025,0.075,0.005,"{""BCC_B2#1"": 0.9908267386445984, ""C15_LAVES#1"": 0.004869425981265514, ""FCC_L12#1"": 0.0007256579796593074, ""HCP_A3#2"": 0.0027210307269755, ""ZRO2_MONO#1"": 0.0008571466675013965}",0.85,0.005,823.0
0.85,0.045,0.03,0.07,0.005,"{""BCC_B2#1"": 0.9909050547015504, ""C15_LAVES#1"": 0.004826705331903276, ""FCC_L12#1"": 0.0007181706648552409, ""HCP_A3#2"": 0.002702607203815946, ""ZRO2_MONO#1"": 0.0008474620978754112}",0.85,0.005,823.0
0.85,0.045,0.035,0.065,0.005,"{""BCC_B2#1"": 0.9909964332574983, ""C15_LAVES#1"": 0.004770893291710453, ""FCC_L12#1"": 0.0007106798483856594, ""HCP_A3#2"": 0.0026842498080684187, ""ZRO2_MONO#1"": 0.0008377437943374201}",0.85,0.005,823.0
0.85,0.045,0.04,0.06,0.005,"{""BCC_B2#1"": 0.9911020351967652, ""C15_LAVES#1"": 0.004700846403541191, ""FCC_L12#1"": 0.0007031848575181034, ""HCP_A3#2"": 0.0026659525891313466, ""ZRO2_MONO#1"": 0.0008279809530441835}",0.85,0.005,823.0
0.85,0.045,0.045,0.055,0.005,"{""BCC_B2#1"": 0.9922587604704654, ""C15_LAVES#1"": 0.0030376041187981538, ""FCC_L12#1"": 0.0006946508412887134, ""HCP_A3#1"": 0.0009604427184322638, ""HCP_A3#2"": 0.002642596288399874, ""ZRO2_MONO#1"": 0.0004059455626157533}",0.85,0.005,823.0
0.85,0.045,0.05,0.05,0.005,"{""BCC_B2#1"": 0.9933928889419559, ""C15_LAVES#1"": 0.001414112173629196, ""FCC_L12#1"": 0.0006861592301135493, ""HCP_A3#1"": 0.0018874357470082838, ""HCP_A3#2"": 0.0026194039072928413}",0.85,0.005,823.0
0.85,0.045,0.055,0.045,0.005,"{""BCC_B2#1"": 0.993531309534625, ""C15_LAVES#1"": 0.0013171521574221099, ""FCC_L12#1"": 0.0006786677354986969, ""HCP_A3#1"": 0.0018718489738930111, ""HCP_A3#2"": 0.002601021598561041}",0.85,0.005,823.0
0.85,0.045,0.06,0.04,0.005,"{""BCC_B2#1"": 0.9936896445447642, ""C15_LAVES#1"": 0.0012004550450973258, ""FCC_L12#1"": 0.000671169199591212, ""HCP_A3#1"": 0.00185611715953759, ""HCP_A3#2"": 0.002582614051009667}",0.85,0.005,823.0
0.85,0.045,0.065,0.035,0.005,"{""BCC_B2#1"": 0.9938696992220104, ""C15_LAVES#1"": 0.0010622903204763078, ""FCC_L12#1"": 0.0006636629737644308, ""HCP_A3#1"": 0.0018401778689447585, ""HCP_A3#2"": 0.0025641696148042733}",0.85,0.005,823.0
0.85,0.045,0.07,0.03,0.005,"{""BCC_B2#1"": 0.9940734573573711, ""C15_LAVES#1"": 0.0009007681209197105, ""FCC_L12#1"": 0.0006561484237865713, ""HCP_A3#1"": 0.0018239495776431157, ""HCP_A3#2"": 0.0025456765202795696}",0.85,0.005,823.0
0.85,0.045,0.075,0.025,0.005,"{""BCC_B2#1"": 0.9943030963656759, ""C15_LAVES#1"": 0.000713830395021295, ""FCC_L12#1"": 0.0006486249356649004, ""HCP_A3#1"": 0.0018073254499318013, ""HCP_A3#2"": 0.002527122853705952}",0.85,0.005,823.0
0.85,0.045,0.08,0.02,0.005,"{""BCC_B2#1"": 0.9945268055384248, ""C15_LAVES#1"": 0.0005352804280305876, ""FCC_L12#1"": 0.000641111230901916, ""HCP_A3#1"": 1.5654396867392803e-05, ""HCP_A3#2"": 0.0017725476908258479, ""HCP_A3#3"": 0.002508600714949602}",0.85,0.005,823.0
0.85,0.045,0.085,0.015,0.005,"{""BCC_B2#1"": 0.99389842867821, ""C15_LAVES#1"": 0.0012562733137886702, ""FCC_L12#1"": 0.000634084664789384, ""HCP_A3#1"": 0.0004359942967726908, ""HCP_A3#2"": 0.0012825489665215654, ""HCP_A3#3"": 0.0024926700799179215}",0.85,0.005,823.0
0.85,0.045,0.09,0.01,0.005,"{""BCC_B2#1"": 0.9934978804191079, ""C15_LAVES#1"": 0.001738218009267837, ""FCC_L12#1"": 0.0006269354902404835, ""HCP_A3#1"": 0.0007686651468610681, ""HCP_A3#2"": 0.0008922754194601875, ""HCP_A3#3"": 0.0024760255150622773}",0.85,0.005,823.0
0.85,0.045,0.095,0.005,0.005,"{""BCC_B2#1"": 0.9933209863780919, ""C15_LAVES#1"": 0.0019859794040706577, ""FCC_L12#1"": 0.0006196677855782873, ""HCP_A3#1"": 0.0010171488296298189, ""HCP_A3#2"": 0.0005975368241596014, ""HCP_A3#3"": 0.002458680778469698}",0.85,0.005,823.0
0.85,0.045,0.1,0.0,0.005,"{""BCC_B2#1"": 0.9933654350823737, ""C15_LAVES#1"": 0.0020029081457166808, ""FCC_L12#1"": 0.0006122851308945615, ""HCP_A3#1"": 0.001183925269987235, ""HCP_A3#2"": 0.0003947990252629228, ""HCP_A3#3"": 0.0024406473457649265}",0.85,0.005,823.0
0.85,0.05,0.0,0.095,0.005,"{""BCC_B2#1"": 0.9904363809530591, ""C15_LAVES#1"": 0.0051510466006269955, ""FCC_L12#1"": 0.0007537169633277334, ""HCP_A3#2"": 0.0027627216347808296, ""ZRO2_MONO#1"": 0.0008961338482051288}",0.85,0.005,823.0
0.85,0.05,0.005,0.09,0.005,"{""BCC_B2#1"": 0.9904579376342865, ""C15_LAVES#1"": 0.005165371704877408, ""FCC_L12#1"": 0.0007462499611057457, ""HCP_A3#2"": 0.0027438963360212013, ""ZRO2_MONO#1"": 0.0008865443637093607}",0.85,0.005,823.0
0.85,0.05,0.01,0.085,0.005,"{""BCC_B2#1"": 0.9904881062639131, ""C15_LAVES#1"": 0.0051709997534998935, ""FCC_L12#1"": 0.000738783091207579, ""HCP_A3#2"": 0.002725166885679719, ""ZRO2_MONO#1"": 0.0008769440056996569}",0.85,0.005,823.0
0.85,0.05,0.015,0.08,0.005,"{""BCC_B2#1"": 0.9905276095817757, ""C15_LAVES#1"": 0.0051672187035587645, ""FCC_L12#1"": 0.0007313156836289803, ""HCP_A3#2"": 0.0027065242230118695, ""ZRO2_MONO#1"": 0.0008673318080248275}",0.85,0.005,823.0
0.85,0.05,0.02,0.075,0.005,"{""BCC_B2#1"": 0.9905772395253664, ""C15_LAVES#1"": 0.005153250677436793, ""FCC_L12#1"": 0.0007238470693666379, ""HCP_A3#2"": 0.0026879595417491145, ""ZRO2_MONO#1"": 0.0008577031860807095}",0.85,0.005,823.0
0.85,0.05,0.025,0.07,0.005,"{""BCC_B2#1"": 0.9906378615824099, ""C15_LAVES#1"": 0.0051282437183621755, ""FCC_L12#1"": 0.0007163765767663594, ""HCP_A3#2"": 0.0026694643397791587, ""ZRO2_MONO#1"": 0.000848053782682261}",0.85,0.005,823.0
0.85,0.05,0.03,0.065,0.005,"{""BCC_B2#1"": 0.9907104270023893, ""C15_LAVES#1"": 0.005091262249281746, ""FCC_L12#1"": 0.0007089035325539818, ""HCP_A3#2"": 0.002651030485811006, ""ZRO2_MONO#1"": 0.0008383767299635806}",0.85,0.005,823.0
0.85,0.05,0.035,0.06,0.005,"{""BCC_B2#1"": 0.9907959811676207, ""C15_LAVES#1"": 0.005041277101682852, ""FCC_L12#1"": 0.0007014272594645552, ""HCP_A3#2"": 0.0026326502757056934, ""ZRO2_MONO#1"": 0.000828664195526035}",0.85,0.005,823.0
0.85,0.05,0.04,0.055,0.005,"{""BCC_B2#1"": 0.9908956800883952, ""C15_LAVES#1"": 0.004977154696718794, ""FCC_L12#1"": 0.0006939470787392797, ""HCP_A3#2"": 0.0026143165086723974, ""ZRO2_MONO#1"": 0.0008189016274741469}",0.85,0.005,823.0
0.85,0.05,0.045,0.05,0.005,"{""BCC_B2#1"": 0.9910107956073154, ""C15_LAVES#1"": 0.004897645646332618, ""FCC_L12#1"": 0.0006864623037772688, ""HCP_A3#2"": 0.0025960225332494987, ""ZRO2_MONO#1"": 0.0008090739093253754}",0.85,0.005,823.0
0.85,0.05,0.05,0.045,0.005,"{""BCC_B2#1"": 0.991142739254583, ""C15_LAVES#1"": 0.004801372479055124, ""FCC_L12#1"": 0.0006789722456640617, ""HCP_A3#2"": 0.0025777623401922463, ""ZRO2_MONO#1"": 0.0007991536805054092}",0.85,0.005,823.0
0.85,0.05,0.055,0.04,0.005,"{""BCC_B2#1"": 0.9918847915202335, ""C15_LAVES#1"": 0.0037840046318958383, ""FCC_L12#1"": 0.000670908803139748, ""HCP_A3#1"": 0.000550276720927037, ""HCP_A3#2"": 0.002556949352419099, ""ZRO2_MONO#1"": 0.0005530689713846294}",0.85,0.005,823.0
0.85,0.05,0.06,0.035,0.005,"{""BCC_B2#1"": 0.9932624762184152, ""C15_LAVES#1"": 0.0017315517888314316, ""FCC_L12#1"": 0.0006621939902917953, ""HCP_A3#1"": 0.0017404012187265034, ""HCP_A3#2"": 7.020674805186753e-05, ""HCP_A3#3"": 0.0025331700356832102}",0.85,0.005,823.0
0.85,0.05,0.065,0.03,0.005,"{""BCC_B2#1"": 0.991421793262597, ""C15_LAVES#1"": 0.0037250809353363626, ""FCC_L12#1"": 0.0006558125598445484, ""HCP_A3#1"": 0.0006873915341397542, ""HCP_A3#2"": 0.0009896015493666705, ""HCP_A3#3"": 0.0025203201587156504}",0.85,0.005,823.0
0.85,0.05,0.07,0.025,0.005,"{""BCC_B2#1"": 0.9903137539063929, ""C15_LAVES#1"": 0.004946696252909724, ""FCC_L12#1"": 0.0006490293857996303, ""HCP_A3#1"": 0.0015851758181485618, ""HCP_A3#2"": 0.0025053446367491964}",0.85,0.005,823.0
0.85,0.05,0.075,0.02,0.005,"{""BCC_B2#1"": 0.9905663948800115, ""C15_LAVES#1"": 0.00473113630583519, ""FCC_L12#1"": 0.0006414934148463785, ""HCP_A3#2"": 0.0024863708206755066, ""HCP_A3#3"": 0.0015746045786314972}",0.85,0.005,823.0
0.85,0.05,0.08,0.015,0.005,"{""BCC_B2#1"": 0.9908480853979614, ""C15_LAVES#1"": 0.00448648031258723, ""FCC_L12#1"": 0.0006339481478416744, ""HCP_A3#2"": 0.0024673541012921528, ""HCP_A3#3"": 0.0015641320403174774}",0.85,0.005,823.0
0.85,0.05,0.085,0.01,0.005,"{""BCC_B2#1"": 0.9911618787908572, ""C15_LAVES#1"": 0.004209887339202214, ""FCC_L12#1"": 0.0006263928810406885, ""HCP_A3#2"": 0.002448276307006608, ""HCP_A3#3"": 0.0015535646818937356}",0.85,0.005,823.0
0.85,0.05,0.09,0.005,0.005,"{""BCC_B2#1"": 0.9915112128919228, ""C15_LAVES#1"": 0.0038982009501399963, ""FCC_L12#1"": 0.0006188268913604958, ""HCP_A3#2"": 0.0024291204995521127, ""HCP_A3#3"": 0.0015426387670243982}",0.85,0.005,823.0
0.85,0.05,0.095,0.0,0.005,"{""BCC_B2#1"": 0.991899965907273, ""C15_LAVES#1"": 0.003547919521631325, ""FCC_L12#1"": 0.0006112494346978813, ""HCP_A3#2"": 0.0024098703418522437, ""HCP_A3#3"": 0.0015309947945460164}",0.85,0.005,823.0
0.85,0.055,0.0,0.09,0.005,"{""BCC_B2#1"": 0.9902990671119829, ""C15_LAVES#1"": 0.005354139044967162, ""FCC_L12#1"": 0.0007446229510896932, ""HCP_A3#2"": 0.0027152134554975487, ""ZRO2_MONO#1"": 0.0008869574364628899}",0.85,0.005,823.0
0.85,0.055,0.005,0.085,0.005,"{""BCC_B2#1"": 0.9903160333807309, ""C15_LAVES#1"": 0.005373000234535392, ""FCC_L12#1"": 0.0007371657174780634, ""HCP_A3#2"": 0.0026964283164615807, ""ZRO2_MONO#1"": 0.0008773723507939563}",0.85,0.005,823.0
0.85,0.055,0.01,0.08,0.005,"{""BCC_B2#1"": 0.9903416451877456, ""C15_LAVES#1"": 0.005383134949742014, ""FCC_L12#1"": 0.0007297089002177977, ""HCP_A3#2"": 0.0026777330293462727, ""ZRO2_MONO#1"": 0.0008677779329482222}",0.85,0.005,823.0
0.85,0.055,0.015,0.075,0.005,"{""BCC_B2#1"": 0.990376623957801, ""C15_LAVES#1"": 0.005383835991641319, ""FCC_L12#1"": 0.0007222518131199363, ""HCP_A3#2"": 0.0026591176918780548, ""ZRO2_MONO#1"": 0.00085817054555963}",0.85,0.005,823.0
0.85,0.055,0.02,0.07,0.005,"{""BCC_B2#1"": 0.9904217569742574, ""C15_LAVES#1"": 0.005374331165323789, ""FCC_L12#1"": 0.0007147937710737031, ""HCP_A3#2"": 0.0026405726326732947, ""ZRO2_MONO#1"": 0.0008485454566719191}",0.85,0.005,823.0
0.85,0.055,0.025,0.065,0.005,"{""BCC_B2#1"": 0.9904779047597266, ""C15_LAVES#1"": 0.005353774225295564, ""FCC_L12#1"": 0.0007073340878563055, ""HCP_A3#2"": 0.0026220884628156233, ""ZRO2_MONO#1"": 0.0008388984643058273}",0.85,0.005,823.0
0.85,0.055,0.03,0.06,0.005,"{""BCC_B2#1"": 0.9905460149523535, ""C15_LAVES#1"": 0.005321235219728957, ""FCC_L12#1"": 0.0006998720778930332, ""HCP_A3#2"": 0.00260365614120475, ""ZRO2_MONO#1"": 0.0008292216088196428}",0.85,0.005,823.0
0.85,0.055,0.035,0.055,0.005,"{""BCC_B2#1"": 0.9906271315716619, ""C15_LAVES#1"": 0.005275690058048643, ""FCC_L12#1"": 0.0006924070537701746, ""HCP_A3#2"": 0.0025852670235043586, ""ZRO2_MONO#1"": 0.0008195042930152925}",0.85,0.005,823.0
0.85,0.055,0.04,0.05,0.005,"{""BCC_B2#1"": 0.990722407789063, ""C15_LAVES#1"": 0.0052160093901540165, ""FCC_L12#1"": 0.00068493832538493, ""HCP_A3#2"": 0.0025669129164518256, ""ZRO2_MONO#1"": 0.0008097315789458604}",0.85,0.005,823.0
0.85,0.055,0.045,0.045,0.005,"{""BCC_B2#1"": 0.9908331198672856, ""C15_LAVES#1"": 0.005140946837965691, ""FCC_L12#1"": 0.0006774651988802221, ""HCP_A3#2"": 0.002548586130862263, ""ZRO2_MONO#1"": 0.0007998819650058812}",0.85,0.005,823.0
0.85,0.055,0.05,0.04,0.005,"{""BCC_B2#1"": 0.9909606805299913, ""C15_LAVES#1"": 0.005049126792355372, ""FCC_L12#1"": 0.0006699869741506479, ""HCP_A3#2"": 0.0025302795286554626, ""ZRO2_MONO#1"": 0.0007899261748468005}",0.85,0.005,823.0
0.85,0.055,0.055,0.035,0.005,"{""BCC_B2#1"": 0.9911066571492756, ""C15_LAVES#1"": 0.004939031830703083, ""FCC_L12#1"": 0.0006625029443283681, ""HCP_A3#2"": 0.002511986575802118, ""ZRO2_MONO#1"": 0.0007798214998908245}",0.85,0.005,823.0
0.85,0.055,0.06,0.03,0.005,"{""BCC_B2#1"": 0.9897081947633126, ""C15_LAVES#1"": 0.005551460972939479, ""FCC_L12#1"": 0.0006550994396300843, ""HCP_A3#1"": 0.0015901558470189086, ""HCP_A3#2"": 0.0024950889770988683}",0.85,0.005,823.0
0.85,0.055,0.065,0.025,0.005,"{""BCC_B2#1"": 0.989906458846305, ""C15_LAVES#1"": 0.005390711597650657, ""FCC_L12#1"": 0.000647592204992515, ""HCP_A3#1"": 0.0015790445733206016, ""HCP_A3#2"": 0.00247619277773099}",0.85,0.005,823.0
0.85,0.055,0.07,0.02,0.005,"{""BCC_B2#1"": 0.9901287349146195, ""C15_LAVES#1"": 0.005205657802526869, ""FCC_L12#1"": 0.0006400772154619409, ""HCP_A3#1"": 0.001568254221407557, ""HCP_A3#2"": 0.00245727584598425}",0.85,0.005,823.0
0.85,0.055,0.075,0.015,0.005,"{""BCC_B2#1"": 0.9903774909113827, ""C15_LAVES#1"": 0.004993971261313032, ""FCC_L12#1"": 0.0006325537971326839, ""HCP_A3#1"": 0.0015576662350883915, ""HCP_A3#2"": 0.002438317795082899}",0.85,0.005,823.0
0.85,0.055,0.08,0.01,0.005,"{""BCC_B2#1"": 0.9906555088662972, ""C15_LAVES#1"": 0.004753051380357478, ""FCC_L12#1"": 0.0006250212566190044, ""HCP_A3#1"": 0.0015471178511454768, ""HCP_A3#2"": 0.0024193006455809573}",0.85,0.005,823.0
0.85,0.055,0.085,0.005,0.005,"{""BCC_B2#1"": 0.9909659251316154, ""C15_LAVES#1"": 0.004480000536873344, ""FCC_L12#1"": 0.0006174788803724959, ""HCP_A3#2"": 0.0024002078589902497, ""HCP_A3#3"": 0.0015363875921480985}",0.85,0.005,823.0
0.85,0.055,0.09,0.0,0.005,"{""BCC_B2#1"": 0.9913122801650831, ""C15_LAVES#1"": 0.004171595745999812, ""FCC_L12#1"": 0.000609925933352337, ""HCP_A3#2"": 0.002381023672588514, ""HCP_A3#3"": 0.0015251744829760884}",0.85,0.005,823.0
0.85,0.06,0.0,0.085,0.005,"{""BCC_B2#1"": 0.990180275196551, ""C15_LAVES#1"": 0.005535206496662065, ""FCC_L12#1"": 0.000735740336412886, ""HCP_A3#2"": 0.002671021172678797, ""ZRO2_MONO#1"": 0.0008777567976949187}",0.85,0.005,823.0
0.85,0.06,0.005,0.08,0.005,"{""BCC_B2#1"": 0.9901934005209635, ""C15_LAVES#1"": 0.005557857043235665, ""FCC_L12#1"": 0.0007282904341070184, ""HCP_A3#2"": 0.002652277281848114, ""ZRO2_MONO#1"": 0.0008681747198459224}",0.85,0.005,823.0
0.85,0.06,0.01,0.075,0.005,"{""BCC_B2#1"": 0.9902152611249575, ""C15_LAVES#1"": 0.005571697165583156, ""FCC_L12#1"": 0.0007208412097889215, ""HCP_A3#2"": 0.002633618084814928, ""ZRO2_MONO#1"": 0.0008585824148557264}",0.85,0.005,823.0
0.85,0.06,0.015,0.07,0.005,"{""BCC_B2#1"": 0.9902465782656484, ""C15_LAVES#1"": 0.005576021070203571, ""FCC_L12#1"": 0.0007133919531112922, ""HCP_A3#2"": 0.0026150328753254547, ""ZRO2_MONO#1"": 0.0008489758357111304}",0.85,0.005,823.0
0.85,0.06,0.02,0.065,0.005,"{""BCC_B2#1"": 0.9902881376622509, ""C15_LAVES#1"": 0.005570058360973883, ""FCC_L12#1"": 0.0007059419568978177, ""HCP_A3#2"": 0.0025965111770484164, ""ZRO2_MONO#1"": 0.0008393508428288255}",0.85,0.005,823.0
0.85,0.06,0.025,0.06,0.005,"{""BCC_B2#1"": 0.990340800617805, ""C15_LAVES#1"": 0.005552964600347461, ""FCC_L12#1"": 0.0006984905170081963, ""HCP_A3#2"": 0.002578042801975725, ""ZRO2_MONO#1"": 0.0008297014628636853}",0.85,0.005,823.0
0.85,0.06,0.03,0.055,0.005,"{""BCC_B2#1"": 0.9904055163893666, ""C15_LAVES#1"": 0.005523811054443298, ""FCC_L12#1"": 0.0006910369320973336, ""HCP_A3#2"": 0.0025596179056940967, ""ZRO2_MONO#1"": 0.0008200177183989603}",0.85,0.005,823.0
0.85,0.06,0.035,0.05,0.005,"{""BCC_B2#1"": 0.9904833305517267, ""C15_LAVES#1"": 0.005481574143373816, ""FCC_L12#1"": 0.0006835804999317075, ""HCP_A3#2"": 0.002541227028043517, ""ZRO2_MONO#1"": 0.0008102877769244843}",0.85,0.005,823.0
0.85,0.06,0.04,0.045,0.005,"{""BCC_B2#1"": 0.9905753999708168, ""C15_LAVES#1"": 0.005425123827260859, ""FCC_L12#1"": 0.0006761205171704432, ""HCP_A3#2"": 0.0025228611430117096, ""ZRO2_MONO#1"": 0.0008004945417402055}",0.85,0.005,823.0
0.85,0.06,0.045,0.04,0.005,"{""BCC_B2#1"": 0.9906830092406995, ""C15_LAVES#1"": 0.005353211449945114, ""FCC_L12#1"": 0.0006686562790182168, ""HCP_A3#2"": 0.0025045117053072905, ""ZRO2_MONO#1"": 0.0007906113250301851}",0.85,0.005,823.0
0.85,0.06,0.05,0.035,0.005,"{""BCC_B2#1"": 0.990807580994341, ""C15_LAVES#1"": 0.005264457686890254, ""FCC_L12#1"": 0.0006611870738683635, ""HCP_A3#2"": 0.0024861706753286157, ""ZRO2_MONO#1"": 0.0007806035695721243}",0.85,0.005,823.0
0.85,0.06,0.055,0.03,0.005,"{""BCC_B2#1"": 0.9907168703289811, ""C15_LAVES#1"": 0.005268867941173594, ""FCC_L12#1"": 0.0006537242084165573, ""HCP_A3#1"": 0.0002374002697864591, ""HCP_A3#2"": 0.0024680424097690366, ""ZRO2_MONO#1"": 0.0006550948418736932}",0.85,0.005,823.0
0.85,0.06,0.06,0.025,0.005,"{""BCC_B2#1"": 0.9895641594326913, ""C15_LAVES#1"": 0.005766058885244886, ""FCC_L12#1"": 0.0006463031709003399, ""HCP_A3#1"": 0.0015729855975854298, ""HCP_A3#2"": 0.0024504929135779944}",0.85,0.005,823.0
0.85,0.06,0.065,0.02,0.005,"{""BCC_B2#1"": 0.9897599475838713, ""C15_LAVES#1"": 0.005607691812372015, ""FCC_L12#1"": 0.0006388051083375048, ""HCP_A3#1"": 0.0015619302171887793, ""HCP_A3#2"": 0.0024316252782300095}",0.85,0.005,823.0
0.85,0.06,0.07,0.015,0.005,"{""BCC_B2#1"": 0.9899799728867532, ""C15_LAVES#1"": 0.005424839824567328, ""FCC_L12#1"": 0.0006312994243732085, ""HCP_A3#1"": 0.001551167918882856, ""HCP_A3#2"": 0.002412719945423249}",0.85,0.005,823.0
0.85,0.06,0.075,0.01,0.005,"{""BCC_B2#1"": 0.9902267686147481, ""C15_LAVES#1"": 0.0052151252063960835, ""FCC_L12#1"": 0.0006237854398465934, ""HCP_A3#1"": 0.0015405621268558874, ""HCP_A3#2"": 0.002393758612153577}",0.85,0.005,823.0
0.85,0.06,0.08,0.005,0.005,"{""BCC_B2#1"": 0.9905031955441108, ""C15_LAVES#1"": 0.004975890417060498, ""FCC_L12#1"": 0.0006162624548700021, ""HCP_A3#1"": 0.001529926839400752, ""HCP_A3#2"": 0.0023747247445578172}",0.85,0.005,823.0
0.85,0.06,0.085,0.0,0.005,"{""BCC_B2#1"": 0.9908124862305348, ""C15_LAVES#1"": 0.0047041713972402685, ""FCC_L12#1"": 0.0006087297477816775, ""HCP_A3#1"": 0.0015190097972541546, ""HCP_A3#2"": 0.002355602827189515}",0.85,0.005,823.0
0.85,0.065,0.0,0.08,0.005,"{""BCC_B2#1"": 0.9900762984852177, ""C15_LAVES#1"": 0.00569860676525328, ""FCC_L12#1"": 0.0007270349564450732, ""HCP_A3#2"": 0.002629519076895618, ""ZRO2_MONO#1"": 0.0008685407161882557}",0.85,0.005,823.0
0.85,0.065,0.005,0.075,0.005,"{""BCC_B2#1"": 0.9900862104299466, ""C15_LAVES#1"": 0.0057244239890101925, ""FCC_L12#1"": 0.0007195903949861577, ""HCP_A3#2"": 0.0026108158735655257, ""ZRO2_MONO#1"": 0.0008589593124916037}",0.85,0.005,823.0
0.85,0.065,0.01,0.07,0.005,"{""BCC_B2#1"": 0.9901049920241549, ""C15_LAVES#1"": 0.005741301628504248, ""FCC_L12#1"": 0.0007121467564770968, ""HCP_A3#2"": 0.0025921927848856167, ""ZRO2_MONO#1"": 0.0008493668059782605}",0.85,0.005,823.0
0.85,0.065,0.015,0.065,0.005,"{""BCC_B2#1"": 0.9901333676367343, ""C15_LAVES#1"": 0.005748532133472319, ""FCC_L12#1"": 0.0007047033002947596, ""HCP_A3#2"": 0.002573638316061305, ""ZRO2_MONO#1"": 0.000839758613437399}",0.85,0.005,823.0
0.85,0.065,0.02,0.06,0.005,"{""BCC_B2#1"": 0.9901721264700079, ""C15_LAVES#1"": 0.005745343527976709, ""FCC_L12#1"": 0.0006972592930645814, ""HCP_A3#2"": 0.002555141219800004, ""ZRO2_MONO#1"": 0.0008301294891508933}",0.85,0.005,823.0
0.85,0.065,0.025,0.055,0.005,"{""BCC_B2#1"": 0.9902221323523553, ""C15_LAVES#1"": 0.005730889676265666, ""FCC_L12#1"": 0.0006898140068736777, ""HCP_A3#2"": 0.0025366905490405273, ""ZRO2_MONO#1"": 0.0008204734154648392}",0.85,0.005,823.0
0.85,0.065,0.03,0.05,0.005,"{""BCC_B2#1"": 0.990284340610272, ""C15_LAVES#1"": 0.005704239329780723, ""FCC_L12#1"": 0.0006823667211431603, ""HCP_A3#2"": 0.002518275718165287, ""ZRO2_MONO#1"": 0.0008107776206387243}",0.85,0.005,823.0
0.85,0.065,0.035,0.045,0.005,"{""BCC_B2#1"": 0.9903598028648949, ""C15_LAVES#1"": 0.005664365246390787, ""FCC_L12#1"": 0.00067491671561632, ""HCP_A3#2"": 0.0024998865285506978, ""ZRO2_MONO#1"": 0.000801028644547262}",0.85,0.005,823.0
0.85,0.065,0.04,0.04,0.005,"{""BCC_B2#1"": 0.9904496864739695, ""C15_LAVES#1"": 0.0056101321648064735, ""FCC_L12#1"": 0.0006674632722159456, ""HCP_A3#2"": 0.002481513221119788, ""ZRO2_MONO#1"": 0.0007912048678883382}",0.85,0.005,823.0
0.85,0.065,0.045,0.035,0.005,"{""BCC_B2#1"": 0.9905552871441369, ""C15_LAVES#1"": 0.00554028465206071, ""FCC_L12#1"": 0.0006600056712233484, ""HCP_A3#2"": 0.00246314650350577, ""ZRO2_MONO#1"": 0.0007812760290731935}",0.85,0.005,823.0
0.85,0.065,0.05,0.03,0.005,"{""BCC_B2#1"": 0.9906780456104863, ""C15_LAVES#1"": 0.005453434677479007, ""FCC_L12#1"": 0.0006525431890058791, ""HCP_A3#2"": 0.002444777576398597, ""ZRO2_MONO#1"": 0.0007711989466299067}",0.85,0.005,823.0
0.85,0.065,0.055,0.025,0.005,"{""BCC_B2#1"": 0.9892743974394961, ""C15_LAVES#1"": 0.0060858369257063595, ""FCC_L12#1"": 0.0006451435082876881, ""HCP_A3#1"": 0.001567071638503901, ""HCP_A3#2"": 0.002427550488006006}",0.85,0.005,823.0
0.85,0.065,0.06,0.02,0.005,"{""BCC_B2#1"": 0.9894468433146699, ""C15_LAVES#1"": 0.005951065356770259, ""FCC_L12#1"": 0.0006376590205635712, ""HCP_A3#1"": 0.0015557066678476483, ""HCP_A3#2"": 0.0024087256401485245}",0.85,0.005,823.0
0.85,0.065,0.065,0.015,0.005,"{""BCC_B2#1"": 0.9896415682772728, ""C15_LAVES#1"": 0.005793681620322588, ""FCC_L12#1"": 0.0006301676609805957, ""HCP_A3#1"": 0.0015447142885342004, ""HCP_A3#2"": 0.0023898681528901557}",0.85,0.005,823.0
0.85,0.065,0.07,0.01,0.005,"{""BCC_B2#1"": 0.9898608764843028, ""C15_LAVES#1"": 0.005611515379944091, ""FCC_L12#1"": 0.0006226687668319438, ""HCP_A3#1"": 0.0015339805520968373, ""HCP_A3#2"": 0.002370958816824397}",0.85,0.005,823.0
0.85,0.065,0.075,0.005,0.005,"{""BCC_B2#1"": 0.9901073760453654, ""C15_LAVES#1"": 0.005402132151304199, ""FCC_L12#1"": 0.0006151616544283761, ""HCP_A3#1"": 0.0015233494681714907, ""HCP_A3#2"": 0.0023519806807306876}",0.85,0.005,823.0
0.85,0.065,0.08,0.0,0.005,"{""BCC_B2#1"": 0.9903840180946706, ""C15_LAVES#1"": 0.0051628086339466596, ""FCC_L12#1"": 0.0006076456182428438, ""HCP_A3#1"": 0.0015126095128128172, ""HCP_A3#2"": 0.0023329181403271603}",0.85,0.005,823.0
0.85,0.07,0.0,0.075,0.005,"{""BCC_B2#1"": 0.9899843815707998, ""C15_LAVES#1"": 0.005847595522494926, ""FCC_L12#1"": 0.0007184792990934353, ""HCP_A3#2"": 0.002590229928987639, ""ZRO2_MONO#1"": 0.0008593136786242123}",0.85,0.005,823.0
0.85,0.07,0.005,0.07,0.005,"{""BCC_B2#1"": 0.9899916158161188, ""C15_LAVES#1"": 0.005876048360381706, ""FCC_L12#1"": 0.0007110384452146696, ""HCP_A3#2"": 0.0025715659996577676, ""ZRO2_MONO#1"": 0.0008497313786266601}",0.85,0.005,823.0
0.85,0.07,0.01,0.065,0.005,"{""BCC_B2#1"": 0.9900078926575396, ""C15_LAVES#1"": 0.00589539421883774, ""FCC_L12#1"": 0.0007035987467553027, ""HCP_A3#2"": 0.0025529780246740723, ""ZRO2_MONO#1"": 0.0008401363521932538}",0.85,0.005,823.0
0.85,0.07,0.015,0.06,0.005,"{""BCC_B2#1"": 0.9900339413721291, ""C15_LAVES#1"": 0.005904920955633883, ""FCC_L12#1"": 0.0006961594261681663, ""HCP_A3#2"": 0.002534453717226232, ""ZRO2_MONO#1"": 0.000830524528842485}",0.85,0.005,823.0
0.85,0.07,0.02,0.055,0.005,"{""BCC_B2#1"": 0.9900705589679827, ""C15_LAVES#1"": 0.005903852085385299, ""FCC_L12#1"": 0.0006887197198364626, ""HCP_A3#2"": 0.002515981073968079, ""ZRO2_MONO#1"": 0.0008208881528272843}",0.85,0.005,823.0
0.85,0.07,0.025,0.05,0.005,"{""BCC_B2#1"": 0.9901186152249317, ""C15_LAVES#1"": 0.005891336501837825, ""FCC_L12#1"": 0.0006812788719106138, ""HCP_A3#2"": 0.0024975484122878545, ""ZRO2_MONO#1"": 0.0008112209890320108}",0.85,0.005,823.0
0.85,0.07,0.03,0.045,0.005,"{""BCC_B2#1"": 0.9901790745000263, ""C15_LAVES#1"": 0.005866437015224392, ""FCC_L12#1"": 0.0006738361385612555, ""HCP_A3#2"": 0.0024791444390406966, ""ZRO2_MONO#1"": 0.000801507907147451}",0.85,0.005,823.0
0.85,0.07,0.035,0.04,0.005,"{""BCC_B2#1"": 0.9902529993846648, ""C15_LAVES#1"": 0.005828119015510041, ""FCC_L12#1"": 0.0006663907791446933, ""HCP_A3#2"": 0.002460758266956253, ""ZRO2_MONO#1"": 0.000791732553723815}",0.85,0.005,823.0
0.85,0.07,0.04,0.035,0.005,"{""BCC_B2#1"": 0.9903415711998869, ""C15_LAVES#1"": 0.005775238112219181, ""FCC_L12#1"": 0.0006589420576427997, ""HCP_A3#2"": 0.0024423794615776088, ""ZRO2_MONO#1"": 0.0007818691686734036}",0.85,0.005,823.0
0.85,0.07,0.045,0.03,0.005,"{""BCC_B2#1"": 0.9904461030238874, ""C15_LAVES#1"": 0.005706527803790887, ""FCC_L12#1"": 0.0006514892380539571, ""HCP_A3#2"": 0.0024239980594478678, ""ZRO2_MONO#1"": 0.0007718818748197143}",0.85,0.005,823.0
0.85,0.07,0.05,0.025,0.005,"{""BCC_B2#1"": 0.9905680585919223, ""C15_LAVES#1"": 0.005620587011190837, ""FCC_L12#1"": 0.0006440315823562859, ""HCP_A3#2"": 0.0024056045869184023, ""ZRO2_MONO#1"": 0.0007617182276122576}",0.85,0.005,823.0
0.85,0.07,0.055,0.02,0.005,"{""BCC_B2#1"": 0.9891794853142717, ""C15_LAVES#1"": 0.006246191362790132, ""FCC_L12#1"": 0.0006366238917747224, ""HCP_A3#1"": 0.0015496363825734053, ""HCP_A3#2"": 0.002388063048590357}",0.85,0.005,823.0
0.85,0.07,0.06,0.015,0.005,"{""BCC_B2#1"": 0.9893517214483757, ""C15_LAVES#1"": 0.006111524452176068, ""FCC_L12#1"": 0.0006291440111963476, ""HCP_A3#1"": 0.0015383611227798453, ""HCP_A3#2"": 0.0023692489654722443}",0.85,0.005,823.0
0.85,0.07,0.065,0.01,0.005,"{""BCC_B2#1"": 0.9895466208692543, ""C15_LAVES#1"": 0.005953899491439653, ""FCC_L12#1"": 0.0006216573087680459, ""HCP_A3#1"": 0.001527433876829285, ""HCP_A3#2"": 0.0023503884537085544}",0.85,0.005,823.0
0.85,0.07,0.07,0.005,0.005,"{""BCC_B2#1"": 0.9897665589926262, ""C15_LAVES#1"": 0.005771089859695879, ""FCC_L12#1"": 0.0006141631182630515, ""HCP_A3#1"": 0.001516724380855558, ""HCP_A3#2"": 0.0023314636485594546}",0.85,0.005,823.0
0.85,0.07,0.075,0.0,0.005,"{""BCC_B2#1"": 0.9900142289373309, ""C15_LAVES#1"": 0.0055605964147697464, ""FCC_L12#1"": 0.0006066607518277919, ""HCP_A3#1"": 0.0015060554088424563, ""HCP_A3#2"": 0.0023124584872289515}",0.85,0.005,823.0
0.85,0.075,0.0,0.07,0.005,"{""BCC_B2#1"": 0.9899024380919621, ""C15_LAVES#1"": 0.0059846506715476025, ""FCC_L12#1"": 0.0007100509627826509, ""HCP_A3#2"": 0.002552782639144062, ""ZRO2_MONO#1"": 0.0008500776345635947}",0.85,0.005,823.0
0.85,0.075,0.005,0.065,0.005,"{""BCC_B2#1"": 0.989907461253232, ""C15_LAVES#1"": 0.006015277071173107, ""FCC_L12#1"": 0.000702612473419391, ""HCP_A3#2"": 0.002534156137815773, ""ZRO2_MONO#1"": 0.000840493064359915}",0.85,0.005,823.0
0.85,0.075,0.01,0.06,0.005,"{""BCC_B2#1"": 0.9899217324996594, ""C15_LAVES#1"": 0.006036596253536326, ""FCC_L12#1"": 0.0006951753597731059, ""HCP_A3#2"": 0.0025156017376007085, ""ZRO2_MONO#1"": 0.0008308941494305502}",0.85,0.005,823.0
0.85,0.075,0.015,0.055,0.005,"{""BCC_B2#1"": 0.9899459903463408, ""C15_LAVES#1"": 0.006047888860466058, ""FCC_L12#1"": 0.0006877388031695336, ""HCP_A3#2"": 0.0024971063539987563, ""ZRO2_MONO#1"": 0.0008212756360249343}",0.85,0.005,823.0
0.85,0.075,0.02,0.05,0.005,"{""BCC_B2#1"": 0.9899810397962224, ""C15_LAVES#1"": 0.006048371191057884, ""FCC_L12#1"": 0.0006803020034405914, ""HCP_A3#2"": 0.002478657221884962, ""ZRO2_MONO#1"": 0.0008116297873940417}",0.85,0.005,823.0
0.85,0.075,0.025,0.045,0.005,"{""BCC_B2#1"": 0.990027762470253, ""C15_LAVES#1"": 0.006037184207573485, ""FCC_L12#1"": 0.0006728641750390748, ""HCP_A3#2"": 0.002460241941101418, ""ZRO2_MONO#1"": 0.0008019472060327551}",0.85,0.005,823.0
0.85,0.075,0.03,0.04,0.005,"{""BCC_B2#1"": 0.9900871337465293, ""C15_LAVES#1"": 0.006013381719061505, ""FCC_L12#1"": 0.0006654245468725149, ""HCP_A3#2"": 0.002441848528346556, ""ZRO2_MONO#1"": 0.0007922114591902998}",0.85,0.005,823.0
0.85,0.075,0.035,0.035,0.005,"{""BCC_B2#1"": 0.9901602314924097, ""C15_LAVES#1"": 0.0059759182925150775, ""FCC_L12#1"": 0.0006579823556374627, ""HCP_A3#2"": 0.0024234654385711994, ""ZRO2_MONO#1"": 0.0007824024208666607}",0.85,0.005,823.0
0.85,0.075,0.04,0.03,0.005,"{""BCC_B2#1"": 0.990248255017103, ""C15_LAVES#1"": 0.005923636795032173, ""FCC_L12#1"": 0.0006505368450475004, ""HCP_A3#2"": 0.002405081600247715, ""ZRO2_MONO#1"": 0.0007724897425697632}",0.85,0.005,823.0
0.85,0.075,0.045,0.025,0.005,"{""BCC_B2#1"": 0.9903525411136365, ""C15_LAVES#1"": 0.005855255815745357, ""FCC_L12#1"": 0.0006430872619254853, ""HCP_A3#2"": 0.002386686430271939, ""ZRO2_MONO#1"": 0.0007624293784207995}",0.85,0.005,823.0
0.85,0.075,0.05,0.02,0.005,"{""BCC_B2#1"": 0.989416552044159, ""C15_LAVES#1"": 0.006277072818199612, ""FCC_L12#1"": 0.0006356699228234368, ""HCP_A3#1"": 0.002368931397462272, ""HCP_A3#2"": 0.0010714916589339232, ""ZRO2_MONO#1"": 0.0002302821584218003}",0.85,0.005,823.0
0.85,0.075,0.055,0.015,0.005,"{""BCC_B2#1"": 0.9891023456158997, ""C15_LAVES#1"": 0.00638681383386497, ""FCC_L12#1"": 0.0006282162648130852, ""HCP_A3#1"": 0.002350470717490782, ""HCP_A3#2"": 0.0015321535679315634}",0.85,0.005,823.0
0.85,0.075,0.06,0.01,0.005,"{""BCC_B2#1"": 0.9892753828144308, ""C15_LAVES#1"": 0.006251250242089142, ""FCC_L12#1"": 0.0006207393148492504, ""HCP_A3#1"": 0.0015209717101175013, ""HCP_A3#2"": 0.0023316559185132656}",0.85,0.005,823.0
0.85,0.075,0.065,0.005,0.005,"{""BCC_B2#1"": 0.9894715598932281, ""C15_LAVES#1"": 0.006092294111755906, ""FCC_L12#1"": 0.0006132555574567766, ""HCP_A3#1"": 0.001510108028460702, ""HCP_A3#2"": 0.002312782409098388}",0.85,0.005,823.0
0.85,0.075,0.07,0.0,0.005,"{""BCC_B2#1"": 0.9896933323709826, ""C15_LAVES#1"": 0.005907655559079433, ""FCC_L12#1"": 0.0006057643229921362, ""HCP_A3#1"": 0.0014994145191761592, ""HCP_A3#2"": 0.0022938332277696472}",0.85,0.005,823.0
0.85,0.08,0.0,0.065,0.005,"{""BCC_B2#1"": 0.9898288608961195, ""C15_LAVES#1"": 0.006111689516010465, ""FCC_L12#1"": 0.0007017315254433303, ""HCP_A3#2"": 0.0025168838035402184, ""ZRO2_MONO#1"": 0.0008408342588863601}",0.85,0.005,823.0
0.85,0.08,0.005,0.06,0.005,"{""BCC_B2#1"": 0.9898320865300178, ""C15_LAVES#1"": 0.006144080379513803, ""FCC_L12#1"": 0.0006942942951847379, ""HCP_A3#2"": 0.00249829267780991, ""ZRO2_MONO#1"": 0.0008312461174738761}",0.85,0.005,823.0
0.85,0.08,0.01,0.055,0.005,"{""BCC_B2#1"": 0.9898447942694687, ""C15_LAVES#1"": 0.006166935093849844, ""FCC_L12#1"": 0.000686858647783677, ""HCP_A3#2"": 0.002479770029443883, ""ZRO2_MONO#1"": 0.0008216419594540968}",0.85,0.005,823.0
0.85,0.08,0.015,0.05,0.005,"{""BCC_B2#1"": 0.9898677352152347, ""C15_LAVES#1"": 0.006179524585571377, ""FCC_L12#1"": 0.0006794237192734096, ""HCP_A3#2"": 0.0024613019627803814, ""ZRO2_MONO#1"": 0.0008120145171401775}",0.85,0.005,823.0
0.85,0.08,0.02,0.045,0.005,"{""BCC_B2#1"": 0.9899017243768006, ""C15_LAVES#1"": 0.006181055516938091, ""FCC_L12#1"": 0.0006719886687582178, ""HCP_A3#2"": 0.0024428749444292716, ""ZRO2_MONO#1"": 0.0008023564930738591}",0.85,0.005,823.0
0.85,0.08,0.025,0.04,0.005,"{""BCC_B2#1"": 0.9899476593199978, ""C15_LAVES#1"": 0.006170658200188925, ""FCC_L12#1"": 0.0006645526786603128, ""HCP_A3#2"": 0.002424475863064671, ""ZRO2_MONO#1"": 0.0007926539380883126}",0.85,0.005,823.0
0.85,0.08,0.03,0.035,0.005,"{""BCC_B2#1"": 0.9900065279674357, ""C15_LAVES#1"": 0.006147374536293271, ""FCC_L12#1"": 0.0006571149469735541, ""HCP_A3#2"": 0.002406092052752072, ""ZRO2_MONO#1"": 0.0007828904965453973}",0.85,0.005,823.0
0.85,0.08,0.035,0.03,0.005,"{""BCC_B2#1"": 0.9900794290689084, ""C15_LAVES#1"": 0.006110145117123127, ""FCC_L12#1"": 0.0006496746869250708, ""HCP_A3#2"": 0.00238771133422977, ""ZRO2_MONO#1"": 0.0007730397928133446}",0.85,0.005,823.0
0.85,0.08,0.04,0.025,0.005,"{""BCC_B2#1"": 0.9901675841332008, ""C15_LAVES#1"": 0.006057796739539213, ""FCC_L12#1"": 0.000642231120250764, ""HCP_A3#2"": 0.0023693220246401806, ""ZRO2_MONO#1"": 0.0007630659823691404}",0.85,0.005,823.0
0.85,0.08,0.045,0.02,0.005,"{""BCC_B2#1"": 0.9902723565922399, ""C15_LAVES#1"": 0.005989029710982261, ""FCC_L12#1"": 0.0006347834739698612, ""HCP_A3#2"": 0.002350912948972258, ""ZRO2_MONO#1"": 0.0007529172738356452}",0.85,0.005,823.0
0.85,0.08,0.05,0.015,0.005,"{""BCC_B2#1"": 0.9888871786851575, ""C15_LAVES#1"": 0.006626087976561915, ""FCC_L12#1"": 0.000627374051199445, ""HCP_A3#1"": 0.0023332284090405516, ""HCP_A3#2"": 0.0015261308780406342}",0.85,0.005,823.0
0.85,0.08,0.055,0.01,0.005,"{""BCC_B2#1"": 0.989040462944555, ""C15_LAVES#1"": 0.006510538935966264, ""FCC_L12#1"": 0.0006199047896645905, ""HCP_A3#1"": 0.002314455563573963, ""HCP_A3#2"": 0.0015146377662397853}",0.85,0.005,823.0
0.85,0.08,0.06,0.005,0.005,"{""BCC_B2#1"": 0.9892152147856575, ""C15_LAVES#1"": 0.006373174607555796, ""FCC_L12#1"": 0.000612429355072671, ""HCP_A3#1"": 0.002295631139375081, ""HCP_A3#2"": 0.001503550112339056}",0.85,0.005,823.0
0.85,0.08,0.065,0.0,0.005,"{""BCC_B2#1"": 0.9894136693686301, ""C15_LAVES#1"": 0.006211901462091644, ""FCC_L12#1"": 0.000604947095753371, ""HCP_A3#1"": 0.0014927453725449842, ""HCP_A3#2"": 0.0022767367009797934}",0.85,0.005,823.0
0.85,0.085,0.0,0.06,0.005,"{""BCC_B2#1"": 0.9897623934590604, ""C15_LAVES#1"": 0.0062302175126840885, ""FCC_L12#1"": 0.0006935057035075366, ""HCP_A3#2"": 0.002482298026413456, ""ZRO2_MONO#1"": 0.0008315852983346064}",0.85,0.005,823.0
0.85,0.085,0.005,0.055,0.005,"{""BCC_B2#1"": 0.9897641937095799, ""C15_LAVES#1"": 0.006264005057400303, ""FCC_L12#1"": 0.0006860688225644465, ""HCP_A3#2"": 0.0024637401423465203, ""ZRO2_MONO#1"": 0.000821992268108842}",0.85,0.005,823.0
0.85,0.085,0.01,0.05,0.005,"{""BCC_B2#1"": 0.9897757362999436, ""C15_LAVES#1"": 0.0062880019434176085, ""FCC_L12#1"": 0.0006786337167753204, ""HCP_A3#2"": 0.0024452472862464287, ""ZRO2_MONO#1"": 0.0008123807536171607}",0.85,0.005,823.0
0.85,0.085,0.015,0.045,0.005,"{""BCC_B2#1"": 0.9897977858295866, ""C15_LAVES#1"": 0.006301467272514496, ""FCC_L12#1"": 0.0006711994720292218, ""HCP_A3#2"": 0.0024268047295658013, ""ZRO2_MONO#1"": 0.0008027426963040192}",0.85,0.005,823.0
0.85,0.085,0.02,0.04,0.005,"{""BCC_B2#1"": 0.989831172986846, ""C15_LAVES#1"": 0.006303595559892838, ""FCC_L12#1"": 0.0006637652056849376, ""HCP_A3#2"": 0.002408398168821888, ""ZRO2_MONO#1"": 0.0007930680787542535}",0.85,0.005,823.0
0.85,0.085,0.025,0.035,0.005,"{""BCC_B2#1"": 0.9898768100128711, ""C15_LAVES#1"": 0.00629350411899015, ""FCC_L12#1"": 0.0006563300630374372, ""HCP_A3#2"": 0.00239001377110403, ""ZRO2_MONO#1"": 0.0007833420339974144}",0.85,0.005,823.0
0.85,0.085,0.03,0.03,0.005,"{""BCC_B2#1"": 0.9899357047458324, ""C15_LAVES#1"": 0.006270220002562728, ""FCC_L12#1"": 0.0006488932119703512, ""HCP_A3#2"": 0.002371638203487296, ""ZRO2_MONO#1"": 0.0007735438361473196}",0.85,0.005,823.0
0.85,0.085,0.035,0.025,0.005,"{""BCC_B2#1"": 0.9900089778528757, ""C15_LAVES#1"": 0.006232667119424347, ""FCC_L12#1"": 0.0006414538390980646, ""HCP_A3#2"": 0.00235325865879696, ""ZRO2_MONO#1"": 0.0007636425298045314}",0.85,0.005,823.0
0.85,0.085,0.04,0.02,0.005,"{""BCC_B2#1"": 0.9900978775565288, ""C15_LAVES#1"": 0.006179653073580567, ""FCC_L12#1"": 0.0006340111431558711, ""HCP_A3#2"": 0.0023348628606416205, ""ZRO2_MONO#1"": 0.0007535953660930979}",0.85,0.005,823.0
0.85,0.085,0.045,0.015,0.005,"{""BCC_B2#1"": 0.9902037996399335, ""C15_LAVES#1"": 0.0061098566640194335, ""FCC_L12#1"": 0.0006265643308745341, ""HCP_A3#2"": 0.002316439065349602, ""ZRO2_MONO#1"": 0.0007433402998230828}",0.85,0.005,823.0
0.85,0.085,0.05,0.01,0.005,"{""BCC_B2#1"": 0.9888366081246308, ""C15_LAVES#1"": 0.006737229700637841, ""FCC_L12#1"": 0.0006191451663870244, ""HCP_A3#1"": 0.0022985449935373535, ""HCP_A3#2"": 0.0015084720148069535}",0.85,0.005,823.0
0.85,0.085,0.055,0.005,0.005,"{""BCC_B2#1"": 0.9889918842125951, ""C15_LAVES#1"": 0.006619576554399813, ""FCC_L12#1"": 0.0006116762569985405, ""HCP_A3#1"": 0.0022797666395119364, ""HCP_A3#2"": 0.0014970963364947948}",0.85,0.005,823.0
0.85,0.085,0.06,0.0,0.005,"{""BCC_B2#1"": 0.9891691891125188, ""C15_LAVES#1"": 0.00647958309101281, ""FCC_L12#1"": 0.0006042011317293043, ""HCP_A3#1"": 0.002260925368835358, ""HCP_A3#2"": 0.0014861012959037545}",0.85,0.005,823.0
0.85,0.09,0.0,0.055,0.005,"{""BCC_B2#1"": 0.9897020421229044, ""C15_LAVES#1"": 0.006341432268279166, ""FCC_L12#1"": 0.0006853607182651127, ""HCP_A3#2"": 0.002448833994894347, ""ZRO2_MONO#1"": 0.0008223308956571368}",0.85,0.005,823.0
0.85,0.09,0.005,0.05,0.005,"{""BCC_B2#1"": 0.9897027563250002, ""C15_LAVES#1"": 0.006376281437026941, ""FCC_L12#1"": 0.0006779234381733227, ""HCP_A3#2"": 0.00243030720723091, ""ZRO2_MONO#1"": 0.0008127315925684806}",0.85,0.005,823.0
0.85,0.09,0.01,0.045,0.005,"{""BCC_B2#1"": 0.9897134965601846, ""C15_LAVES#1"": 0.0064010623953146455, ""FCC_L12#1"": 0.0006704881076095258, ""HCP_A3#2"": 0.0024118421291688284, ""ZRO2_MONO#1"": 0.0008031108077226118}",0.85,0.005,823.0
0.85,0.09,0.015,0.04,0.005,"{""BCC_B2#1"": 0.9897350436630612, ""C15_LAVES#1"": 0.006415020251936857, ""FCC_L12#1"": 0.0006630537595468139, ""HCP_A3#2"": 0.002393423179606375, ""ZRO2_MONO#1"": 0.000793459145848788}",0.85,0.005,823.0
0.85,0.09,0.02,0.035,0.005,"{""BCC_B2#1"": 0.9897682457565071, ""C15_LAVES#1"": 0.006417335223792412, ""FCC_L12#1"": 0.0006556194668393895, ""HCP_A3#2"": 0.0023750352719728, ""ZRO2_MONO#1"": 0.0007837642808883446}",0.85,0.005,823.0
0.85,0.09,0.025,0.03,0.005,"{""BCC_B2#1"": 0.9898140329717872, ""C15_LAVES#1"": 0.006407109165319492, ""FCC_L12#1"": 0.0006481843362355884, ""HCP_A3#2"": 0.0023566638488971225, ""ZRO2_MONO#1"": 0.0007740096777605164}",0.85,0.005,823.0
0.85,0.09,0.03,0.025,0.005,"{""BCC_B2#1"": 0.9898734362005902, ""C15_LAVES#1"": 0.006383351891090986, ""FCC_L12#1"": 0.0006407475043048421, ""HCP_A3#2"": 0.0023382949132803184, ""ZRO2_MONO#1"": 0.0007641694907338666}",0.85,0.005,823.0
0.85,0.09,0.035,0.02,0.005,"{""BCC_B2#1"": 0.9899476023278264, ""C15_LAVES#1"": 0.006344967735176929, ""FCC_L12#1"": 0.0006333081304224284, ""HCP_A3#2"": 0.0023199150384306394, ""ZRO2_MONO#1"": 0.0007542067681436249}",0.85,0.005,823.0
0.85,0.09,0.04,0.015,0.005,"{""BCC_B2#1"": 0.9900378089312607, ""C15_LAVES#1"": 0.006290742395881209, ""FCC_L12#1"": 0.0006258653886482391, ""HCP_A3#2"": 0.002301511362303772, ""ZRO2_MONO#1"": 0.0007440719219064317}",0.85,0.005,823.0
0.85,0.09,0.045,0.01,0.005,"{""BCC_B2#1"": 0.9895884930884927, ""C15_LAVES#1"": 0.006487694444697758, ""FCC_L12#1"": 0.0006184307437688388, ""HCP_A3#1"": 0.002283304607173284, ""HCP_A3#2"": 0.0005632063830591055, ""ZRO2_MONO#1"": 0.0004588707328083665}",0.85,0.005,823.0
0.85,0.09,0.05,0.005,0.005,"{""BCC_B2#1"": 0.9887970972330449, ""C15_LAVES#1"": 0.0068361311998182345, ""FCC_L12#1"": 0.0006109891289847198, ""HCP_A3#1"": 0.0022649930957512935, ""HCP_A3#2"": 0.0014907893424012028}",0.85,0.005,823.0
0.85,0.09,0.055,0.0,0.005,"{""BCC_B2#1"": 0.9889550747975748, ""C15_LAVES#1"": 0.006715671077030597, ""FCC_L12#1"": 0.0006035195606004906, ""HCP_A3#1"": 0.0022462025118280375, ""HCP_A3#2"": 0.0014795320529659387}",0.85,0.005,823.0
0.85,0.095,0.0,0.05,0.005,"{""BCC_B2#1"": 0.9896470103533835, ""C15_LAVES#1"": 0.006446297806992488, ""FCC_L12#1"": 0.0006772858086284808, ""HCP_A3#2"": 0.002416334411719638, ""ZRO2_MONO#1"": 0.000813071619276226}",0.85,0.005,823.0
0.85,0.095,0.005,0.045,0.005,"{""BCC_B2#1"": 0.9896469515303271, ""C15_LAVES#1"": 0.006481899820656267, ""FCC_L12#1"": 0.0006698475138333434, ""HCP_A3#2"": 0.002397836603999068, ""ZRO2_MONO#1"": 0.0008034645311842102}",0.85,0.005,823.0
0.85,0.095,0.01,0.04,0.005,"{""BCC_B2#1"": 0.9896572240924658, ""C15_LAVES#1"": 0.006507134923542146, ""FCC_L12#1"": 0.0006624113219398803, ""HCP_A3#2"": 0.0023793972860428137, ""ZRO2_MONO#1"": 0.0007938323760092546}",0.85,0.005,823.0
0.85,0.095,0.015,0.035,0.005,"{""BCC_B2#1"": 0.9896786277621926, ""C15_LAVES#1"": 0.006521232203197419, ""FCC_L12#1"": 0.0006549762110921077, ""HCP_A3#2"": 0.0023610000031152743, ""ZRO2_MONO#1"": 0.0007841638204028106}",0.85,0.005,823.0
0.85,0.095,0.02,0.03,0.005,"{""BCC_B2#1"": 0.9897120287286589, ""C15_LAVES#1"": 0.006523355547390962, ""FCC_L12#1"": 0.0006475412070034839, ""HCP_A3#2"": 0.0023426288685547626, ""ZRO2_MONO#1"": 0.0007744456483919738}",0.85,0.005,823.0
0.85,0.095,0.025,0.025,0.005,"{""BCC_B2#1"": 0.9897583810636714, ""C15_LAVES#1"": 0.00651258897652368, ""FCC_L12#1"": 0.0006401053789794151, ""HCP_A3#2"": 0.0023242686022930574, ""ZRO2_MONO#1"": 0.0007646559785322874}",0.85,0.005,823.0
0.85,0.095,0.03,0.02,0.005,"{""BCC_B2#1"": 0.9898187403247526, ""C15_LAVES#1"": 0.00648792277002272, ""FCC_L12#1"": 0.0006326678306370856, ""HCP_A3#2"": 0.002305904539503764, ""ZRO2_MONO#1"": 0.0007547645350839618}",0.85,0.005,823.0
0.85,0.095,0.035,0.015,0.005,"{""BCC_B2#1"": 0.9898942800066857, ""C15_LAVES#1"": 0.006448239202025261, ""FCC_L12#1"": 0.0006252276916533176, ""HCP_A3#2"": 0.0022875226306170093, ""ZRO2_MONO#1"": 0.000744730469019049}",0.85,0.005,823.0
0.85,0.095,0.04,0.01,0.005,"{""BCC_B2#1"": 0.9899863156883046, ""C15_LAVES#1"": 0.0063922994537841, ""FCC_L12#1"": 0.0006177841138971685, ""HCP_A3#2"": 0.002269109444894696, ""ZRO2_MONO#1"": 0.0007344912991195627}",0.85,0.005,823.0
0.85,0.095,0.045,0.005,0.005,"{""BCC_B2#1"": 0.9886272933665636, ""C15_LAVES#1"": 0.007026525212575705, ""FCC_L12#1"": 0.0006103617630803123, ""HCP_A3#1"": 0.0014846679716417263, ""HCP_A3#2"": 0.002251151686138881}",0.85,0.005,823.0
0.85,0.095,0.05,0.0,0.005,"{""BCC_B2#1"": 0.9887674704095307, ""C15_LAVES#1"": 0.006924141280660255, ""FCC_L12#1"": 0.0006028963970842253, ""HCP_A3#1"": 0.002232407695444592, ""HCP_A3#2"": 0.0014730842172800377}",0.85,0.005,823.0
0.85,0.1,0.0,0.045,0.005,"{""BCC_B2#1"": 0.9895966549292234, ""C15_LAVES#1"": 0.00654559829312669, ""FCC_L12#1"": 0.0006692718560920731, ""HCP_A3#2"": 0.0023846686014737, ""ZRO2_MONO#1"": 0.0008038063200840914}",0.85,0.005,823.0
0.85,0.1,0.005,0.04,0.005,"{""BCC_B2#1"": 0.9895961143666664, ""C15_LAVES#1"": 0.006581665752239189, ""FCC_L12#1"": 0.0006618320398831954, ""HCP_A3#2"": 0.0023661977081885707, ""ZRO2_MONO#1"": 0.0007941901330228967}",0.85,0.005,823.0
0.85,0.1,0.01,0.035,0.005,"{""BCC_B2#1"": 0.9896062312233553, ""C15_LAVES#1"": 0.006607047908942858, ""FCC_L12#1"": 0.0006543944561578012, ""HCP_A3#2"": 0.0023477821591208776, ""ZRO2_MONO#1"": 0.0007845442524230967}",0.85,0.005,823.0
0.85,0.1,0.015,0.03,0.005,"{""BCC_B2#1"": 0.9896278255993455, ""C15_LAVES#1"": 0.006620955932709741, ""FCC_L12#1"": 0.0006469580264804494, ""HCP_A3#2"": 0.002329404601223792, ""ZRO2_MONO#1"": 0.0007748558402404441}",0.85,0.005,823.0
0.85,0.1,0.02,0.025,0.005,"{""BCC_B2#1"": 0.989661786013212, ""C15_LAVES#1"": 0.006622535284569393, ""FCC_L12#1"": 0.000639521729870737, ""HCP_A3#2"": 0.0023110483378099705, ""ZRO2_MONO#1"": 0.0007651086345379126}",0.85,0.005,823.0
0.85,0.1,0.025,0.02,0.005,"{""BCC_B2#1"": 0.9897090902673745, ""C15_LAVES#1"": 0.006610850256092768, ""FCC_L12#1"": 0.0006320845960400464, ""HCP_A3#2"": 0.002292697352684722, ""ZRO2_MONO#1"": 0.0007552775278079412}",0.85,0.005,823.0
0.85,0.1,0.03,0.015,0.005,"{""BCC_B2#1"": 0.9897708214007207, ""C15_LAVES#1"": 0.006584869143273024, ""FCC_L12#1"": 0.0006246456952850248, ""HCP_A3#2"": 0.0022743363100208316, ""ZRO2_MONO#1"": 0.0007453274507007673}",0.85,0.005,823.0
0.85,0.1,0.035,0.01,0.005,"{""BCC_B2#1"": 0.9898481887022057, ""C15_LAVES#1"": 0.006543449803182702, ""FCC_L12#1"": 0.0006172041311050089, ""HCP_A3#2"": 0.0022559505514710217, ""ZRO2_MONO#1"": 0.0007352068120352985}",0.85,0.005,823.0
0.85,0.1,0.04,0.005,0.005,"{""BCC_B2#1"": 0.989942544112984, ""C15_LAVES#1"": 0.006485326634199565, ""FCC_L12#1"": 0.0006097590295158343, ""HCP_A3#2"": 0.0022375260673610934, ""ZRO2_MONO#1"": 0.0007248441559395851}",0.85,0.005,823.0
0.85,0.1,0.045,0.0,0.005,"{""BCC_B2#1"": 0.9886032799913962, ""C15_LAVES#1"": 0.007108184110582412, ""FCC_L12#1"": 0.0006023263931790328, ""HCP_A3#1"": 0.0014668000628933636, ""HCP_A3#2"": 0.0022194094419490306}",0.85,0.005,823.0
0.85,0.105,0.0,0.04,0.005,"{""BCC_B2#1"": 0.9895504479076674, ""C15_LAVES#1"": 0.006639977827418752, ""FCC_L12#1"": 0.0006613110867074718, ""HCP_A3#2"": 0.0023537269739469097, ""ZRO2_MONO#1"": 0.0007945362042594658}",0.85,0.005,823.0
0.85,0.105,0.005,0.035,0.005,"{""BCC_B2#1"": 0.9895497008923413, ""C15_LAVES#1"": 0.006676240842505334, ""FCC_L12#1"": 0.0006538693323449314, ""HCP_A3#2"": 0.00233528099806581, ""ZRO2_MONO#1"": 0.0007849079347426324}",0.85,0.005,823.0
0.85,0.105,0.01,0.03,0.005,"{""BCC_B2#1"": 0.9895599555160262, ""C15_LAVES#1"": 0.006701481640073283, ""FCC_L12#1"": 0.000646429912508405, ""HCP_A3#2"": 0.002316887272089767, ""ZRO2_MONO#1"": 0.00077524565930252}",0.85,0.005,823.0
0.85,0.105,0.015,0.025,0.005,"{""BCC_B2#1"": 0.9895820548701062, ""C15_LAVES#1"": 0.006714891673187402, ""FCC_L12#1"": 0.0006389916920655762, ""HCP_A3#2"": 0.002298527521960616, ""ZRO2_MONO#1"": 0.000765534242680221}",0.85,0.005,823.0
0.85,0.105,0.02,0.02,0.005,"{""BCC_B2#1"": 0.9896169139946553, ""C15_LAVES#1"": 0.006715595920429291, ""FCC_L12#1"": 0.0006315536044110167, ""HCP_A3#2"": 0.0022801842297621422, ""ZRO2_MONO#1"": 0.0007557522507420985}",0.85,0.005,823.0
0.85,0.105,0.025,0.015,0.005,"{""BCC_B2#1"": 0.9896655353702029, ""C15_LAVES#1"": 0.006702636990822908, ""FCC_L12#1"": 0.0006241146388284752, ""HCP_A3#2"": 0.0022618406310022324, ""ZRO2_MONO#1"": 0.0007458723691430945}",0.85,0.005,823.0
0.85,0.105,0.03,0.01,0.005,"{""BCC_B2#1"": 0.9897290350758996, ""C15_LAVES#1"": 0.006674959038504597, ""FCC_L12#1"": 0.0006166738341797051, ""HCP_A3#2"": 0.002243480720578841, ""ZRO2_MONO#1"": 0.0007358513308375335}",0.85,0.005,823.0
0.85,0.105,0.035,0.005,0.005,"{""BCC_B2#1"": 0.9898086575305686, ""C15_LAVES#1"": 0.006631393539591289, ""FCC_L12#1"": 0.0006092302655623514, ""HCP_A3#2"": 0.0022250892210320347, ""ZRO2_MONO#1"": 0.0007256294432458197}",0.85,0.005,823.0
0.85,0.105,0.04,0.0,0.005,"{""BCC_B2#1"": 0.9899057985816501, ""C15_LAVES#1"": 0.006570645927018207, ""FCC_L12#1"": 0.0006017830354773673, ""HCP_A3#2"": 0.0022066515510286433, ""ZRO2_MONO#1"": 0.0007151209048258672}",0.85,0.005,823.0
0.85,0.11,0.0,0.035,0.005,"{""BCC_B2#1"": 0.9895079570608609, ""C15_LAVES#1"": 0.0067299698570509985, ""FCC_L12#1"": 0.0006533968407500946, ""HCP_A3#2"": 0.002323416849779867, ""ZRO2_MONO#1"": 0.0007852593915581433}",0.85,0.005,823.0
0.85,0.11,0.005,0.03,0.005,"{""BCC_B2#1"": 0.989507262184655, ""C15_LAVES#1"": 0.006766173213728767, ""FCC_L12#1"": 0.0006459528020352162, ""HCP_A3#2"": 0.002304993861659805, ""ZRO2_MONO#1"": 0.0007756179379215037}",0.85,0.005,823.0
0.85,0.11,0.01,0.025,0.005,"{""BCC_B2#1"": 0.9895179332415867, ""C15_LAVES#1"": 0.006790999721734157, ""FCC_L12#1"": 0.0006385111716788025, ""HCP_A3#2"": 0.002286620070950149, ""ZRO2_MONO#1"": 0.0007659357940499978}",0.85,0.005,823.0
0.85,0.11,0.015,0.02,0.005,"{""BCC_B2#1"": 0.9895408370367574, ""C15_LAVES#1"": 0.006803619271763136, ""FCC_L12#1"": 0.0006310707571965767, ""HCP_A3#2"": 0.0022682762543339394, ""ZRO2_MONO#1"": 0.0007561966799490561}",0.85,0.005,823.0
0.85,0.11,0.02,0.015,0.005,"{""BCC_B2#1"": 0.9895769160872213, ""C15_LAVES#1"": 0.00680313475965238, ""FCC_L12#1"": 0.0006236304461855535, ""HCP_A3#2"": 0.002249944054202187, ""ZRO2_MONO#1"": 0.0007463746527383436}",0.85,0.005,823.0
0.85,0.11,0.025,0.01,0.005,"{""BCC_B2#1"": 0.9896272034930212, ""C15_LAVES#1"": 0.0067885650005779855, ""FCC_L12#1"": 0.0006161891902566566, ""HCP_A3#2"": 0.002231605955331021, ""ZRO2_MONO#1"": 0.0007364363608133409}",0.85,0.005,823.0
0.85,0.11,0.03,0.005,0.005,"{""BCC_B2#1"": 0.9896928490056028, ""C15_LAVES#1"": 0.0067588281433608195, ""FCC_L12#1"": 0.0006087459960781736, ""HCP_A3#2"": 0.0022132452727006103, ""ZRO2_MONO#1"": 0.0007263315822576903}",0.85,0.005,823.0
0.85,0.11,0.035,0.0,0.005,"{""BCC_B2#1"": 0.9897751364828691, ""C15_LAVES#1"": 0.006712727265998431, ""FCC_L12#1"": 0.0006012999114389609, ""HCP_A3#2"": 0.0021948461080321556, ""ZRO2_MONO#1"": 0.0007159902316616248}",0.85,0.005,823.0
0.85,0.115,0.0,0.03,0.005,"{""BCC_B2#1"": 0.9894688208565449, ""C15_LAVES#1"": 0.006816019833116331, ""FCC_L12#1"": 0.0006455233815277756, ""HCP_A3#2"": 0.002293659233694365, ""ZRO2_MONO#1"": 0.000775976695116789}",0.85,0.005,823.0
0.85,0.115,0.005,0.025,0.005,"{""BCC_B2#1"": 0.989468426524152, ""C15_LAVES#1"": 0.006851920480201475, ""FCC_L12#1"": 0.0006380767710380343, ""HCP_A3#2"": 0.0022752573841054316, ""ZRO2_MONO#1"": 0.0007663188405033592}",0.85,0.005,823.0
0.85,0.115,0.01,0.02,0.005,"{""BCC_B2#1"": 0.9894797790829288, ""C15_LAVES#1"": 0.0068760726403178105, ""FCC_L12#1"": 0.0006306326107411647, ""HCP_A3#2"": 0.002256901702395954, ""ZRO2_MONO#1"": 0.0007566139636161969}",0.85,0.005,823.0
0.85,0.115,0.015,0.015,0.005,"{""BCC_B2#1"": 0.9895037744744002, ""C15_LAVES#1"": 0.0068876228772746274, ""FCC_L12#1"": 0.0006231896539189978, ""HCP_A3#2"": 0.002238571997895442, ""ZRO2_MONO#1"": 0.0007468409965106618}",0.85,0.005,823.0
0.85,0.115,0.02,0.01,0.005,"{""BCC_B2#1"": 0.9895413822647648, ""C15_LAVES#1"": 0.006885650286010844, ""FCC_L12#1"": 0.0006157467417992325, ""HCP_A3#2"": 0.0022202490504809134, ""ZRO2_MONO#1"": 0.0007369716569442955}",0.85,0.005,823.0
0.85,0.115,0.025,0.005,0.005,"{""BCC_B2#1"": 0.9895936696262252, ""C15_LAVES#1"": 0.006869148076647968, ""FCC_L12#1"": 0.0006083027899977619, ""HCP_A3#2"": 0.002201914585502247, ""ZRO2_MONO#1"": 0.0007269649216267499}",0.85,0.005,823.0
0.85,0.115,0.03,0.0,0.005,"{""BCC_B2#1"": 0.9896618235061984, ""C15_LAVES#1"": 0.0068370066149305245, ""FCC_L12#1"": 0.0006008567743862478, ""HCP_A3#2"": 0.0021835512323729947, ""ZRO2_MONO#1"": 0.0007167618721118646}",0.85,0.005,823.0
0.85,0.12,0.0,0.025,0.005,"{""BCC_B2#1"": 0.9894327398208314, ""C15_LAVES#1"": 0.006898502183252991, ""FCC_L12#1"": 0.0006376857479771444, ""HCP_A3#2"": 0.0022643863331588887, ""ZRO2_MONO#1"": 0.0007666859147798948}",0.85,0.005,823.0
0.85,0.12,0.005,0.02,0.005,"{""BCC_B2#1"": 0.9894328821951257, ""C15_LAVES#1"": 0.006933867495339224, ""FCC_L12#1"": 0.0006302363223567628, ""HCP_A3#2"": 0.0022460038458896794, ""ZRO2_MONO#1"": 0.0007570101412884762}",0.85,0.005,823.0
0.85,0.12,0.01,0.015,0.005,"{""BCC_B2#1"": 0.9894451727362655, ""C15_LAVES#1"": 0.006957096042319203, ""FCC_L12#1"": 0.000622789357871993, ""HCP_A3#2"": 0.0022276645190002177, ""ZRO2_MONO#1"": 0.0007472773445432431}",0.85,0.005,823.0
0.85,0.12,0.015,0.01,0.005,"{""BCC_B2#1"": 0.9894705347897522, ""C15_LAVES#1"": 0.006967309506022444, ""FCC_L12#1"": 0.0006153435527736762, ""HCP_A3#2"": 0.002209347159640362, ""ZRO2_MONO#1"": 0.0007374649918113054}",0.85,0.005,823.0
0.85,0.12,0.02,0.005,0.005,"{""BCC_B2#1"": 0.9895099692185627, ""C15_LAVES#1"": 0.006963561562271706, ""FCC_L12#1"": 0.0006078977048421165, ""HCP_A3#2"": 0.0021910316723131066, ""ZRO2_MONO#1"": 0.0007275398420102811}",0.85,0.005,823.0
0.85,0.12,0.025,0.0,0.005,"{""BCC_B2#1"": 0.989564579330896, ""C15_LAVES#1"": 0.006944818073226488, ""FCC_L12#1"": 0.0006004506948173949, ""HCP_A3#2"": 0.0021726990098933354, ""ZRO2_MONO#1"": 0.0007174528911667341}",0.85,0.005,823.0
0.85,0.125,0.0,0.02,0.005,"{""BCC_B2#1"": 0.9893994594570831, ""C15_LAVES#1"": 0.006977733863827923, ""FCC_L12#1"": 0.0006298796279573748, ""HCP_A3#2"": 0.0022355395879005897, ""ZRO2_MONO#1"": 0.000757387463231018}",0.85,0.005,823.0
0.85,0.125,0.005,0.015,0.005,"{""BCC_B2#1"": 0.9894003691020307, ""C15_LAVES#1"": 0.007012339926032145, ""FCC_L12#1"": 0.0006224271808649261, ""HCP_A3#2"": 0.0022171747707657756, ""ZRO2_MONO#1"": 0.0007476890203067032}",0.85,0.005,823.0
0.85,0.125,0.01,0.01,0.005,"{""BCC_B2#1"": 0.989413844055971, ""C15_LAVES#1"": 0.007034404781284827, ""FCC_L12#1"": 0.0006149771713761563, ""HCP_A3#2"": 0.0021988501113883526, ""ZRO2_MONO#1"": 0.0007379238799795904}",0.85,0.005,823.0
0.85,0.125,0.015,0.005,0.005,"{""BCC_B2#1"": 0.989440838431625, ""C15_LAVES#1"": 0.007043023752261578, ""FCC_L12#1"": 0.00060752824576041, ""HCP_A3#2"": 0.002180543390843168, ""ZRO2_MONO#1"": 0.0007280661795100476}",0.85,0.005,823.0
0.85,0.125,0.02,0.0,0.005,"{""BCC_B2#1"": 0.9894823895837406, ""C15_LAVES#1"": 0.007037223189890419, ""FCC_L12#1"": 0.0006000791619627906, ""HCP_A3#2"": 0.0021622336254795006, ""ZRO2_MONO#1"": 0.0007180744389266202}",0.85,0.005,823.0
0.85,0.13,0.0,0.015,0.005,"{""BCC_B2#1"": 0.9893687668911191, ""C15_LAVES#1"": 0.007053984600807186, ""FCC_L12#1"": 0.0006221012609384632, ""HCP_A3#2"": 0.002207068130441544, ""ZRO2_MONO#1"": 0.0007480791166937336}",0.85,0.005,823.0
0.85,0.13,0.005,0.01,0.005,"{""BCC_B2#1"": 0.9893706657896256, ""C15_LAVES#1"": 0.007087615145935165, ""FCC_L12#1"": 0.0006146456118443893, ""HCP_A3#2"": 0.0021887193647757218, ""ZRO2_MONO#1"": 0.0007383540878191945}",0.85,0.005,823.0
0.85,0.13,0.01,0.005,0.005,"{""BCC_B2#1"": 0.9893855641063172, ""C15_LAVES#1"": 0.007108284122097936, ""FCC_L12#1"": 0.0006071923427128492, ""HCP_A3#2"": 0.0021704077557323405, ""ZRO2_MONO#1"": 0.000728551673139449}",0.85,0.005,823.0
0.85,0.13,0.015,0.0,0.005,"{""BCC_B2#1"": 0.9894144510417126, ""C15_LAVES#1"": 0.007115058874687596, ""FCC_L12#1"": 0.0005997400517029362, ""HCP_A3#2"": 0.0021521100349111374, ""ZRO2_MONO#1"": 0.0007186399969858623}",0.85,0.005,823.0
0.85,0.135,0.0,0.01,0.005,"{""BCC_B2#1"": 0.9893404803471071, ""C15_LAVES#1"": 0.007127485291095996, ""FCC_L12#1"": 0.0006143473527695627, ""HCP_A3#2"": 0.0021789275374228365, ""ZRO2_MONO#1"": 0.0007387594716043062}",0.85,0.005,823.0
0.85,0.135,0.005,0.005,0.005,"{""BCC_B2#1"": 0.9893435837824675, ""C15_LAVES#1"": 0.007159930596066777, ""FCC_L12#1"": 0.0006068883403927266, ""HCP_A3#2"": 0.002160593277774637, ""ZRO2_MONO#1"": 0.0007290040032984642}",0.85,0.005,823.0
0.85,0.135,0.01,0.0,0.005,"{""BCC_B2#1"": 0.9893601391787263, ""C15_LAVES#1"": 0.007178978298691914, ""FCC_L12#1"": 0.0005994316171838515, ""HCP_A3#2"": 0.002142293173631821, ""ZRO2_MONO#1"": 0.0007191577317662963}",0.85,0.005,823.0
0.85,0.14,0.0,0.005,0.005,"{""BCC_B2#1"": 0.989314444054072, ""C15_LAVES#1"": 0.007198434587220967, ""FCC_L12#1"": 0.0006066150072654317, ""HCP_A3#2"": 0.0021510788297122987, ""ZRO2_MONO#1"": 0.0007294275217294763}",0.85,0.005,823.0
0.85,0.14,0.005,0.0,0.005,"{""BCC_B2#1"": 0.9893189632818545, ""C15_LAVES#1"": 0.007229490687659184, ""FCC_L12#1"": 0.0005991524849009936, ""HCP_A3#2"": 0.002132757605132816, ""ZRO2_MONO#1"": 0.0007196359404523434}",0.85,0.005,823.0
0.85,0.145,0.0,0.0,0.005,"{""BCC_B2#1"": 0.9892905255656349, ""C15_LAVES#1"": 0.007267004147929467, ""FCC_L12#1"": 0.0005989016700894338, ""HCP_A3#2"": 0.0021234876621890114, ""ZRO2_MONO#1"": 0.0007200809541571307}",0.85,0.005,823.0
0.85,0.0,0.0,0.145,0.005,"{""BCC_B2#1"": 0.9949747717881602, ""FCC_L12#1"": 0.0007053064516135393, ""HCP_A3#2"": 0.002527408399912276, ""HCP_A3#3"": 0.0017925133603139505}",0.85,0.005,873.0
0.85,0.0,0.005,0.14,0.005,"{""BCC_B2#1"": 0.994986253322929, ""FCC_L12#1"": 0.0007049172131202821, ""HCP_A3#2"": 0.0025214742935263856, ""HCP_A3#3"": 0.0017873551704243435}",0.85,0.005,873.0
0.85,0.0,0.01,0.135,0.005,"{""BCC_B2#1"": 0.9949977990320518, ""FCC_L12#1"": 0.0007045201870411973, ""HCP_A3#2"": 0.002515515747040133, ""HCP_A3#3"": 0.0017821650338672333}",0.85,0.005,873.0
0.85,0.0,0.015,0.13,0.005,"{""BCC_B2#1"": 0.9950094035818424, ""FCC_L12#1"": 0.0007041154436572819, ""HCP_A3#2"": 0.001776945357790671, ""HCP_A3#3"": 0.0025095356167096064}",0.85,0.005,873.0
0.85,0.0,0.02,0.125,0.005,"{""BCC_B2#1"": 0.9950210618406243, ""FCC_L12#1"": 0.0007037030624370219, ""HCP_A3#2"": 0.0025035368301736796, ""HCP_A3#3"": 0.0017716982667647667}",0.85,0.005,873.0
0.85,0.0,0.025,0.12,0.005,"{""BCC_B2#1"": 0.9950327690272165, ""FCC_L12#1"": 0.0007032831328548489, ""HCP_A3#2"": 0.0024975224021562517, ""HCP_A3#3"": 0.0017664254377723226}",0.85,0.005,873.0
0.85,0.0,0.03,0.115,0.005,"{""BCC_B2#1"": 0.9950445209352643, ""FCC_L12#1"": 0.0007028557557399083, ""HCP_A3#2"": 0.0017611278498301179, ""HCP_A3#3"": 0.0024914954591655856}",0.85,0.005,873.0
0.85,0.0,0.035,0.11,0.005,"{""BCC_B2#1"": 0.9950563142744403, ""FCC_L12#1"": 0.0007024210454767485, ""HCP_A3#2"": 0.0024854592776139025, ""HCP_A3#3"": 0.0017558054024690226}",0.85,0.005,873.0
0.85,0.0,0.04,0.105,0.005,"{""BCC_B2#1"": 0.9950681471927447, ""FCC_L12#1"": 0.0007019791335612339, ""HCP_A3#2"": 0.0024794173410562, ""HCP_A3#3"": 0.0017504563326378277}",0.85,0.005,873.0
0.85,0.0,0.045,0.1,0.005,"{""BCC_B2#1"": 0.9950800200727057, ""FCC_L12#1"": 0.000701530174207727, ""HCP_A3#2"": 0.002473373432532197, ""HCP_A3#3"": 0.0017450763205541107}",0.85,0.005,873.0
0.85,0.0,0.05,0.095,0.005,"{""BCC_B2#1"": 0.9950919367590333, ""FCC_L12#1"": 0.0007010743532240037, ""HCP_A3#2"": 0.002467331769864141, ""HCP_A3#3"": 0.001739657117878592}",0.85,0.005,873.0
0.85,0.0,0.055,0.09,0.005,"{""BCC_B2#1"": 0.9951039064482285, ""FCC_L12#1"": 0.0007006119018660476, ""HCP_A3#2"": 0.0024612972101876996, ""HCP_A3#3"": 0.0017341844397175006}",0.85,0.005,873.0
0.85,0.0,0.06,0.085,0.005,"{""BCC_B2#1"": 0.9951159466005863, ""FCC_L12#1"": 0.0007001431183164354, ""HCP_A3#2"": 0.0024552755573919267, ""HCP_A3#3"": 0.0017286347237052305}",0.85,0.005,873.0
0.85,0.0,0.065,0.08,0.005,"{""BCC_B2#1"": 0.9951280874297744, ""FCC_L12#1"": 0.0006996684007837191, ""HCP_A3#2"": 0.0024492740217843096, ""HCP_A3#3"": 0.0017229701476571995}",0.85,0.005,873.0
0.85,0.0,0.07,0.075,0.005,"{""BCC_B2#1"": 0.9951403788208869, ""FCC_L12#1"": 0.0006991882982132163, ""HCP_A3#2"": 0.0017171309762000447, ""HCP_A3#3"": 0.002443301904699531}",0.85,0.005,873.0
0.85,0.0,0.075,0.07,0.005,"{""BCC_B2#1"": 0.9951529009731326, ""FCC_L12#1"": 0.0006987035875085303, ""HCP_A3#2"": 0.0024373716134852225, ""HCP_A3#3"": 0.001711023825873377}",0.85,0.005,873.0
0.85,0.0,0.08,0.065,0.005,"{""BCC_B2#1"": 0.9951657807211036, ""FCC_L12#1"": 0.0006982153902943161, ""HCP_A3#2"": 0.0024315001572396172, ""HCP_A3#3"": 0.0017045037313626118}",0.85,0.005,873.0
0.85,0.0,0.085,0.06,0.005,"{""BCC_B2#1"": 0.9951792164312916, ""FCC_L12#1"": 0.0006977253478580294, ""HCP_A3#2"": 0.00242571133213927, ""HCP_A3#3"": 0.0016973468887111199}",0.85,0.005,873.0
0.85,0.0,0.09,0.055,0.005,"{""BCC_B2#1"": 0.9951935156537383, ""FCC_L12#1"": 0.0006972358799401836, ""HCP_A3#2"": 0.0024200388737356643, ""HCP_A3#3"": 0.0016892095925858622}",0.85,0.005,873.0
0.85,0.0,0.095,0.05,0.005,"{""BCC_B2#1"": 0.9952091512958097, ""FCC_L12#1"": 0.0006967505604741313, ""HCP_A3#2"": 0.0024145309162476145, ""HCP_A3#3"": 0.0016795672274686508}",0.85,0.005,873.0
0.85,0.0,0.1,0.045,0.005,"{""BCC_B2#1"": 0.9952268436713602, ""FCC_L12#1"": 0.0006962746478645422, ""HCP_A3#2"": 0.00240925611174887, ""HCP_A3#3"": 0.0016676255690261069}",0.85,0.005,873.0
0.85,0.0,0.105,0.04,0.005,"{""BCC_B2#1"": 0.995247676440621, ""FCC_L12#1"": 0.0006958158008161416, ""HCP_A3#2"": 0.002404311627689291, ""HCP_A3#3"": 0.0016521961308736417}",0.85,0.005,873.0
0.85,0.0,0.11,0.035,0.005,"{""BCC_B2#1"": 0.9952701626617648, ""FCC_L12#1"": 0.0006956371214458569, ""HCP_A3#1"": 3.437810817272638e-05, ""HCP_A3#2"": 0.0024031857188011848, ""HCP_A3#3"": 0.0015966363898152985}",0.85,0.005,873.0
0.85,0.0,0.115,0.03,0.005,"{""BCC_B2#1"": 0.9952851410664076, ""FCC_L12#1"": 0.0006964939230170005, ""HCP_A3#1"": 0.0013891943571727697, ""HCP_A3#2"": 0.00021335162551992535, ""HCP_A3#3"": 0.002415819027882589}",0.85,0.005,873.0
0.85,0.0,0.12,0.025,0.005,"{""BCC_B2#1"": 0.995305493170812, ""FCC_L12#1"": 0.0006973317065006437, ""HCP_A3#1"": 0.0011707729059607036, ""HCP_A3#2"": 0.0024281066084731184, ""HCP_A3#3"": 0.0003982956082533858}",0.85,0.005,873.0
0.85,0.0,0.125,0.02,0.005,"{""BCC_B2#1"": 0.9953326575393011, ""FCC_L12#1"": 0.0006981528836165077, ""HCP_A3#1"": 0.0009405674057652038, ""HCP_A3#2"": 0.0024400529727413556, ""HCP_A3#3"": 0.0005885691985758598}",0.85,0.005,873.0
0.85,0.0,0.13,0.015,0.005,"{""BCC_B2#1"": 0.9953686954997296, ""FCC_L12#1"": 0.0006989597700268735, ""HCP_A3#1"": 0.0007829617997430131, ""HCP_A3#2"": 0.0006977229469560264, ""HCP_A3#3"": 0.002451659983544455}",0.85,0.005,873.0
0.85,0.0,0.135,0.01,0.005,"{""BCC_B2#1"": 0.9954165378243703, ""FCC_L12#1"": 0.000699754652263553, ""HCP_A3#1"": 0.0009794555582908723, ""HCP_A3#2"": 0.0024629271180668486, ""HCP_A3#3"": 0.0004413248470083807}",0.85,0.005,873.0
0.85,0.0,0.14,0.005,0.005,"{""BCC_B2#1"": 0.9954803306534713, ""FCC_L12#1"": 0.0007005398685925305, ""HCP_A3#1"": 0.0011748919177510385, ""HCP_A3#2"": 0.002473851687972105, ""HCP_A3#3"": 0.00017038587221293513}",0.85,0.005,873.0
0.85,0.0,0.145,0.0,0.005,"{""BCC_B2#1"": 0.9955646283866325, ""FCC_L12#1"": 0.0007006827382430625, ""HCP_A3#2"": 0.002475348131095933, ""HCP_A3#3"": 0.0012593407440285793}",0.85,0.005,873.0
0.85,0.005,0.0,0.14,0.005,"{""BCC_B2#1"": 0.994988607016109, ""FCC_L12#1"": 0.0007049150861909402, ""HCP_A3#2"": 0.002519541599848624, ""HCP_A3#3"": 0.0017869362978514703}",0.85,0.005,873.0
0.85,0.005,0.005,0.135,0.005,"{""BCC_B2#1"": 0.9950001687280337, ""FCC_L12#1"": 0.0007045178885520672, ""HCP_A3#2"": 0.002513568117919348, ""HCP_A3#3"": 0.00178174526549479}",0.85,0.005,873.0
0.85,0.005,0.01,0.13,0.005,"{""BCC_B2#1"": 0.9950117875699297, ""FCC_L12#1"": 0.0007041129528330206, ""HCP_A3#2"": 0.002507574337417695, ""HCP_A3#3"": 0.0017765251398194379}",0.85,0.005,873.0
0.85,0.005,0.015,0.125,0.005,"{""BCC_B2#1"": 0.9950234581721937, ""FCC_L12#1"": 0.0007037003596869659, ""HCP_A3#2"": 0.002501563237134934, ""HCP_A3#3"": 0.0017712782309845239}",0.85,0.005,873.0
0.85,0.005,0.02,0.12,0.005,"{""BCC_B2#1"": 0.995035175442106, ""FCC_L12#1"": 0.0007032801994623359, ""HCP_A3#2"": 0.0024955378719432124, ""HCP_A3#3"": 0.0017660064864887647}",0.85,0.005,873.0
0.85,0.005,0.025,0.115,0.005,"{""BCC_B2#1"": 0.9950469347482058, ""FCC_L12#1"": 0.0007028525732643504, ""HCP_A3#2"": 0.0024895013923048083, ""HCP_A3#3"": 0.0017607112862249314}",0.85,0.005,873.0
0.85,0.005,0.03,0.11,0.005,"{""BCC_B2#1"": 0.9950587321997505, ""FCC_L12#1"": 0.0007024175946975164, ""HCP_A3#2"": 0.0024834570748797427, ""HCP_A3#3"": 0.0017553931306723875}",0.85,0.005,873.0
0.85,0.005,0.035,0.105,0.005,"{""BCC_B2#1"": 0.9950705650736928, ""FCC_L12#1"": 0.000701975392700456, ""HCP_A3#2"": 0.0024774083687479995, ""HCP_A3#3"": 0.0017500511648584616}",0.85,0.005,873.0
0.85,0.005,0.04,0.1,0.005,"{""BCC_B2#1"": 0.9950824324666975, ""FCC_L12#1"": 0.0007015261160650742, ""HCP_A3#2"": 0.0024713589681192, ""HCP_A3#3"": 0.0017446824491183842}",0.85,0.005,873.0
0.85,0.005,0.045,0.095,0.005,"{""BCC_B2#1"": 0.9950943362951135, ""FCC_L12#1"": 0.0007010699405678675, ""HCP_A3#2"": 0.002465312924368729, ""HCP_A3#3"": 0.0017392808399498718}",0.85,0.005,873.0
0.85,0.005,0.05,0.09,0.005,"{""BCC_B2#1"": 0.9951062828373286, ""FCC_L12#1"": 0.0007006070801862748, ""HCP_A3#2"": 0.0024592748115882554, ""HCP_A3#3"": 0.0017338352708969993}",0.85,0.005,873.0
0.85,0.005,0.055,0.085,0.005,"{""BCC_B2#1"": 0.9951182851094891, ""FCC_L12#1"": 0.0007001378045266357, ""HCP_A3#2"": 0.0024532499772623845, ""HCP_A3#3"": 0.0017283271087219366}",0.85,0.005,873.0
0.85,0.005,0.06,0.08,0.005,"{""BCC_B2#1"": 0.9951303665295865, ""FCC_L12#1"": 0.000699662465749999, ""HCP_A3#2"": 0.0024472449178542157, ""HCP_A3#3"": 0.0017227260868094862}",0.85,0.005,873.0
0.85,0.005,0.065,0.075,0.005,"{""BCC_B2#1"": 0.9951425665679247, ""FCC_L12#1"": 0.0006991815399291644, ""HCP_A3#2"": 0.0024412678393777327, ""HCP_A3#3"": 0.0017169840527684699}",0.85,0.005,873.0
0.85,0.005,0.07,0.07,0.005,"{""BCC_B2#1"": 0.9951549494514893, ""FCC_L12#1"": 0.0006986956902000318, ""HCP_A3#2"": 0.0024353294905600834, ""HCP_A3#3"": 0.0017110253677504027}",0.85,0.005,873.0
0.85,0.005,0.075,0.065,0.005,"{""BCC_B2#1"": 0.9951676175412404, ""FCC_L12#1"": 0.0006982058625733006, ""HCP_A3#2"": 0.002429444394651913, ""HCP_A3#3"": 0.0017047322015340107}",0.85,0.005,873.0
0.85,0.005,0.08,0.06,0.005,"{""BCC_B2#1"": 0.9951807318053729, ""FCC_L12#1"": 0.0006977134301433527, ""HCP_A3#2"": 0.002423632657495898, ""HCP_A3#3"": 0.001697922106987996}",0.85,0.005,873.0
0.85,0.005,0.085,0.055,0.005,"{""BCC_B2#1"": 0.9951945429383583, ""FCC_L12#1"": 0.0006972204078194241, ""HCP_A3#2"": 0.0024179225935696434, ""HCP_A3#3"": 0.0016903140602526872}",0.85,0.005,873.0
0.85,0.005,0.09,0.05,0.005,"{""BCC_B2#1"": 0.9952094381482305, ""FCC_L12#1"": 0.0006967297671656061, ""HCP_A3#2"": 0.002412354479837102, ""HCP_A3#3"": 0.001681477604766878}",0.85,0.005,873.0
0.85,0.005,0.095,0.045,0.005,"{""BCC_B2#1"": 0.9952260103089097, ""FCC_L12#1"": 0.0006962458874760326, ""HCP_A3#2"": 0.0024069857916077524, ""HCP_A3#3"": 0.0016707580120067559}",0.85,0.005,873.0
0.85,0.005,0.1,0.04,0.005,"{""BCC_B2#1"": 0.9952451574794455, ""FCC_L12#1"": 0.0006957751793823401, ""HCP_A3#2"": 0.0024018982277044265, ""HCP_A3#3"": 0.001657169113467666}",0.85,0.005,873.0
0.85,0.005,0.105,0.035,0.005,"{""BCC_B2#1"": 0.9952682202652736, ""FCC_L12#1"": 0.0006953268992125806, ""HCP_A3#2"": 0.0023972065571818053, ""HCP_A3#3"": 0.0016392462783319775}",0.85,0.005,873.0
0.85,0.005,0.11,0.03,0.005,"{""BCC_B2#1"": 0.9952838091118384, ""FCC_L12#1"": 0.0006959679979213808, ""HCP_A3#1"": 0.0014654374559136007, ""HCP_A3#2"": 0.0001478187332300288, ""HCP_A3#3"": 0.0024069667010964088}",0.85,0.005,873.0
0.85,0.005,0.115,0.025,0.005,"{""BCC_B2#1"": 0.9953013967710057, ""FCC_L12#1"": 0.0006968344583405584, ""HCP_A3#1"": 0.00124688399564736, ""HCP_A3#2"": 0.00033525576488290995, ""HCP_A3#3"": 0.0024196290101233158}",0.85,0.005,873.0
0.85,0.005,0.12,0.02,0.005,"{""BCC_B2#1"": 0.9953249440181877, ""FCC_L12#1"": 0.0006976827843735409, ""HCP_A3#1"": 0.0010165430674064994, ""HCP_A3#2"": 0.0005288889588882929, ""HCP_A3#3"": 0.0024319411711440767}",0.85,0.005,873.0
0.85,0.005,0.125,0.015,0.005,"{""BCC_B2#1"": 0.9953561174365468, ""FCC_L12#1"": 0.0006985154893210981, ""HCP_A3#1"": 0.0007735464711945209, ""HCP_A3#2"": 0.0007279131934540435, ""HCP_A3#3"": 0.0024439074094835317}",0.85,0.005,873.0
0.85,0.005,0.13,0.01,0.005,"{""BCC_B2#1"": 0.9953972993923543, ""FCC_L12#1"": 0.0006993350106929128, ""HCP_A3#1"": 0.0005169687432625192, ""HCP_A3#2"": 0.0009308675827854311, ""HCP_A3#3"": 0.0024555292709046977}",0.85,0.005,873.0
0.85,0.005,0.135,0.005,0.005,"{""BCC_B2#1"": 0.9954518720656041, ""FCC_L12#1"": 0.0007001437853281692, ""HCP_A3#1"": 0.0002458157746991478, ""HCP_A3#2"": 0.0011353624884033544, ""HCP_A3#3"": 0.002466805885965205}",0.85,0.005,873.0
0.85,0.005,0.14,0.0,0.005,"{""BCC_B2#1"": 0.9955240891079612, ""FCC_L12#1"": 0.0007007193309703599, ""HCP_A3#2"": 0.0013006730527449005, ""HCP_A3#3"": 0.002474518508323809}",0.85,0.005,873.0
0.85,0.01,0.0,0.135,0.005,"{""BCC_B2#1"": 0.9950022022501385, ""FCC_L12#1"": 0.0007045257473025574, ""HCP_A3#2"": 0.0017814637026189776, ""HCP_A3#3"": 0.0025118082999400202}",0.85,0.005,873.0
0.85,0.01,0.005,0.13,0.005,"{""BCC_B2#1"": 0.9950138369439423, ""FCC_L12#1"": 0.0007041207141004677, ""HCP_A3#2"": 0.001776242333825598, ""HCP_A3#3"": 0.002505800008131684}",0.85,0.005,873.0
0.85,0.01,0.01,0.125,0.005,"{""BCC_B2#1"": 0.995025521705851, ""FCC_L12#1"": 0.0007037080009292902, ""HCP_A3#2"": 0.0017709946656078632, ""HCP_A3#3"": 0.0024997756276118957}",0.85,0.005,873.0
0.85,0.01,0.015,0.12,0.005,"{""BCC_B2#1"": 0.9950372511712732, ""FCC_L12#1"": 0.0007032876990111642, ""HCP_A3#2"": 0.0017657228719664833, ""HCP_A3#3"": 0.0024937382577495393}",0.85,0.005,873.0
0.85,0.01,0.02,0.115,0.005,"{""BCC_B2#1"": 0.995049020343417, ""FCC_L12#1"": 0.0007028599098723537, ""HCP_A3#2"": 0.0017604286662525228, ""HCP_A3#3"": 0.002487691080458002}",0.85,0.005,873.0
0.85,0.01,0.025,0.11,0.005,"{""BCC_B2#1"": 0.9950608248222473, ""FCC_L12#1"": 0.0007024247467168637, ""HCP_A3#2"": 0.0017551130465709682, ""HCP_A3#3"": 0.0024816373844646676}",0.85,0.005,873.0
0.85,0.01,0.03,0.105,0.005,"{""BCC_B2#1"": 0.9950726611528148, ""FCC_L12#1"": 0.0007019823366709733, ""HCP_A3#2"": 0.0017497759075219181, ""HCP_A3#3"": 0.0024755806029923286}",0.85,0.005,873.0
0.85,0.01,0.035,0.1,0.005,"{""BCC_B2#1"": 0.9950845273588161, ""FCC_L12#1"": 0.0007015328244107549, ""HCP_A3#2"": 0.0017444154462911208, ""HCP_A3#3"": 0.002469524370481896}",0.85,0.005,873.0
0.85,0.01,0.04,0.095,0.005,"{""BCC_B2#1"": 0.9950964237566248, ""FCC_L12#1"": 0.0007010763778822207, ""HCP_A3#2"": 0.0017390272511228386, ""HCP_A3#3"": 0.002463472614369901}",0.85,0.005,873.0
0.85,0.01,0.045,0.09,0.005,"{""BCC_B2#1"": 0.9951083542113679, ""FCC_L12#1"": 0.0007006131973447678, ""HCP_A3#2"": 0.0017336029015470348, ""HCP_A3#3"": 0.0024574296897400265}",0.85,0.005,873.0
0.85,0.01,0.05,0.085,0.005,"{""BCC_B2#1"": 0.9951203280719914, ""FCC_L12#1"": 0.0007001435294790113, ""HCP_A3#2"": 0.0017281278155483403, ""HCP_A3#3"": 0.0024514005829808804}",0.85,0.005,873.0
0.85,0.01,0.055,0.08,0.005,"{""BCC_B2#1"": 0.9951323631557837, ""FCC_L12#1"": 0.0006996676892382943, ""HCP_A3#2"": 0.001722577936879971, ""HCP_A3#3"": 0.002445391218097953}",0.85,0.005,873.0
0.85,0.01,0.06,0.075,0.005,"{""BCC_B2#1"": 0.995144490353482, ""FCC_L12#1"": 0.0006991860934960222, ""HCP_A3#2"": 0.0017169146381780338, ""HCP_A3#3"": 0.002439408914843758}",0.85,0.005,873.0
0.85,0.01,0.065,0.07,0.005,"{""BCC_B2#1"": 0.9951567607307834, ""FCC_L12#1"": 0.0006986993125589084, ""HCP_A3#2"": 0.0017110768854843395, ""HCP_A3#3"": 0.002433463071173537}",0.85,0.005,873.0
0.85,0.01,0.07,0.065,0.005,"{""BCC_B2#1"": 0.9951692564610959, ""FCC_L12#1"": 0.0006982081485586342, ""HCP_A3#2"": 0.0017049692152341282, ""HCP_A3#3"": 0.002427566175111516}",0.85,0.005,873.0
0.85,0.01,0.075,0.06,0.005,"{""BCC_B2#1"": 0.995182107602596, ""FCC_L12#1"": 0.0006977137539056482, ""HCP_A3#2"": 0.0016984433477079193, ""HCP_A3#3"": 0.0024217352957906038}",0.85,0.005,873.0
0.85,0.01,0.08,0.055,0.005,"{""BCC_B2#1"": 0.9951955177045613, ""FCC_L12#1"": 0.0006972178086428411, ""HCP_A3#2"": 0.001691270225419552, ""HCP_A3#3"": 0.002415994261376373}",0.85,0.005,873.0
0.85,0.01,0.085,0.05,0.005,"{""BCC_B2#1"": 0.9952098025499498, ""FCC_L12#1"": 0.0006967227825920337, ""HCP_A3#2"": 0.0016830978683716022, ""HCP_A3#3"": 0.002410376799086301}",0.85,0.005,873.0
0.85,0.01,0.09,0.045,0.005,"{""BCC_B2#1"": 0.9952254479729258, ""FCC_L12#1"": 0.0006962323155693899, ""HCP_A3#2"": 0.0016733887384098526, ""HCP_A3#3"": 0.002404930973094963}",0.85,0.005,873.0
0.85,0.01,0.095,0.04,0.005,"{""BCC_B2#1"": 0.995243194310819, ""FCC_L12#1"": 0.0006957517531896024, ""HCP_A3#2"": 0.0016613286710011985, ""HCP_A3#3"": 0.002399725264990328}",0.85,0.005,873.0
0.85,0.01,0.1,0.035,0.005,"{""BCC_B2#1"": 0.9952641556947437, ""FCC_L12#1"": 0.000695288868535933, ""HCP_A3#2"": 0.0016456989369437892, ""HCP_A3#3"": 0.0023948564997765278}",0.85,0.005,873.0
0.85,0.01,0.105,0.03,0.005,"{""BCC_B2#1"": 0.9952834548370663, ""FCC_L12#1"": 0.0006954134159730061, ""HCP_A3#1"": 7.712840661766483e-05, ""HCP_A3#2"": 0.0015462056489814312, ""HCP_A3#3"": 0.0023977976913616894}",0.85,0.005,873.0
0.85,0.01,0.11,0.025,0.005,"{""BCC_B2#1"": 0.9952986039266953, ""FCC_L12#1"": 0.0006963102294710105, ""HCP_A3#1"": 0.0002665532594884996, ""HCP_A3#2"": 0.0013276792377854554, ""HCP_A3#3"": 0.0024108533465597094}",0.85,0.005,873.0
0.85,0.01,0.115,0.02,0.005,"{""BCC_B2#1"": 0.9953190403096316, ""FCC_L12#1"": 0.000697187114497328, ""HCP_A3#1"": 0.00046283973677328425, ""HCP_A3#2"": 0.0010973854696342134, ""HCP_A3#3"": 0.0024235473694632203}",0.85,0.005,873.0
0.85,0.01,0.12,0.015,0.005,"{""BCC_B2#1"": 0.9953461023205096, ""FCC_L12#1"": 0.0006980468218609951, ""HCP_A3#1"": 0.0006655221708258951, ""HCP_A3#2"": 0.0008544419738773136, ""HCP_A3#3"": 0.0024358867129262315}",0.85,0.005,873.0
0.85,0.01,0.125,0.01,0.005,"{""BCC_B2#1"": 0.9953817175817784, ""FCC_L12#1"": 0.000698891977821668, ""HCP_A3#1"": 0.0008736037903495377, ""HCP_A3#2"": 0.0005979113538590232, ""HCP_A3#3"": 0.0024478752961912056}",0.85,0.005,873.0
0.85,0.01,0.13,0.005,0.005,"{""BCC_B2#1"": 0.9954286360241974, ""FCC_L12#1"": 0.0006997251565076248, ""HCP_A3#1"": 0.001085333587531935, ""HCP_A3#2"": 0.0003267909053852102, ""HCP_A3#3"": 0.0024595143263777346}",0.85,0.005,873.0
0.85,0.01,0.135,0.0,0.005,"{""BCC_B2#1"": 0.9954907567130327, ""FCC_L12#1"": 0.0007005489645710511, ""HCP_A3#1"": 0.0012978928136777547, ""HCP_A3#2"": 3.9998945696932655e-05, ""HCP_A3#3"": 0.0024708025630217085}",0.85,0.005,873.0
0.85,0.015,0.0,0.13,0.005,"{""BCC_B2#1"": 0.9950155580185667, ""FCC_L12#1"": 0.0007041386228342722, ""HCP_A3#2"": 0.001776094994135853, ""HCP_A3#3"": 0.0025042083644631805}",0.85,0.005,873.0
0.85,0.015,0.005,0.125,0.005,"{""BCC_B2#1"": 0.9950272586676338, ""FCC_L12#1"": 0.0007037258812289458, ""HCP_A3#2"": 0.0017708456858399784, ""HCP_A3#3"": 0.0024981697652974163}",0.85,0.005,873.0
0.85,0.015,0.01,0.12,0.005,"{""BCC_B2#1"": 0.9950390023281989, ""FCC_L12#1"": 0.000703305526237006, ""HCP_A3#2"": 0.0017655727938368552, ""HCP_A3#3"": 0.0024921193517273158}",0.85,0.005,873.0
0.85,0.015,0.015,0.115,0.005,"{""BCC_B2#1"": 0.9950507836878895, ""FCC_L12#1"": 0.0007028776598859122, ""HCP_A3#2"": 0.0017602783093005824, ""HCP_A3#3"": 0.0024860603429242285}",0.85,0.005,873.0
0.85,0.015,0.02,0.11,0.005,"{""BCC_B2#1"": 0.9950625979128347, ""FCC_L12#1"": 0.000702442395248525, ""HCP_A3#2"": 0.001754963642637775, ""HCP_A3#3"": 0.0024799960492788826}",0.85,0.005,873.0
0.85,0.015,0.025,0.105,0.005,"{""BCC_B2#1"": 0.9950744409320295, ""FCC_L12#1"": 0.000701999858214171, ""HCP_A3#2"": 0.0017496293071836595, ""HCP_A3#3"": 0.00247392990257257}",0.85,0.005,873.0
0.85,0.015,0.03,0.1,0.005,"{""BCC_B2#1"": 0.9950863098719891, ""FCC_L12#1"": 0.000701550190370871, ""HCP_A3#2"": 0.001744274435886845, ""HCP_A3#3"": 0.002467865501753001}",0.85,0.005,873.0
0.85,0.015,0.035,0.095,0.005,"{""BCC_B2#1"": 0.9950982037211636, ""FCC_L12#1"": 0.0007010935536031176, ""HCP_A3#2"": 0.0017388960403134004, ""HCP_A3#3"": 0.0024618066849199814}",0.85,0.005,873.0
0.85,0.015,0.04,0.09,0.005,"{""BCC_B2#1"": 0.995110124349493, ""FCC_L12#1"": 0.0007006301373403833, ""HCP_A3#2"": 0.0017334878724230322, ""HCP_A3#3"": 0.0024557576407435986}",0.85,0.005,873.0
0.85,0.015,0.045,0.085,0.005,"{""BCC_B2#1"": 0.9951220780824176, ""FCC_L12#1"": 0.0007001601699507798, ""HCP_A3#2"": 0.0017280386746296036, ""HCP_A3#3"": 0.0024497230730017405}",0.85,0.005,873.0
0.85,0.015,0.05,0.08,0.005,"{""BCC_B2#1"": 0.9951340781273792, ""FCC_L12#1"": 0.00069968393643066, ""HCP_A3#2"": 0.0017225294862753206, ""HCP_A3#3"": 0.0024437084499149575}",0.85,0.005,873.0
0.85,0.015,0.055,0.075,0.005,"{""BCC_B2#1"": 0.995146148319261, ""FCC_L12#1"": 0.000699201805714028, ""HCP_A3#2"": 0.0017169294971681255, ""HCP_A3#3"": 0.002437720377856694}",0.85,0.005,873.0
0.85,0.015,0.06,0.07,0.005,"{""BCC_B2#1"": 0.9951583289008438, ""FCC_L12#1"": 0.0006987142725891272, ""HCP_A3#2"": 0.0017111896673206806, ""HCP_A3#3"": 0.0024317671592460903}",0.85,0.005,873.0
0.85,0.015,0.065,0.065,0.005,"{""BCC_B2#1"": 0.9951706854340053, ""FCC_L12#1"": 0.0006982220216635171, ""HCP_A3#2"": 0.0017052329225163945, ""HCP_A3#3"": 0.0024258596218150377}",0.85,0.005,873.0
0.85,0.015,0.07,0.06,0.005,"{""BCC_B2#1"": 0.995183322504362, ""FCC_L12#1"": 0.0006977260243515145, ""HCP_A3#2"": 0.001698939126632746, ""HCP_A3#3"": 0.0024200123446535215}",0.85,0.005,873.0
0.85,0.015,0.075,0.055,0.005,"{""BCC_B2#1"": 0.9951964047087479, ""FCC_L12#1"": 0.0006972276847642109, ""HCP_A3#2"": 0.0016921221489274395, ""HCP_A3#3"": 0.0024142454575605187}",0.85,0.005,873.0
0.85,0.015,0.08,0.05,0.005,"{""BCC_B2#1"": 0.9952101885733472, ""FCC_L12#1"": 0.0006967290567991523, ""HCP_A3#2"": 0.0016844951162963712, ""HCP_A3#3"": 0.0024085872535574877}",0.85,0.005,873.0
0.85,0.015,0.085,0.045,0.005,"{""BCC_B2#1"": 0.9952250705632478, ""FCC_L12#1"": 0.0006962331621811977, ""HCP_A3#2"": 0.0016756183534670074, ""HCP_A3#3"": 0.002403077921104064}",0.85,0.005,873.0
0.85,0.015,0.09,0.04,0.005,"{""BCC_B2#1"": 0.9952416580602772, ""FCC_L12#1"": 0.0006957444456306735, ""HCP_A3#2"": 0.00166482274980793, ""HCP_A3#3"": 0.0023977747442841266}",0.85,0.005,873.0
0.85,0.015,0.095,0.035,0.005,"{""BCC_B2#1"": 0.9952608715110837, ""FCC_L12#1"": 0.0006952694031433258, ""HCP_A3#2"": 0.0016511000181162342, ""HCP_A3#3"": 0.002392759067656936}",0.85,0.005,873.0
0.85,0.015,0.1,0.03,0.005,"{""BCC_B2#1"": 0.9952839708363476, ""FCC_L12#1"": 0.0006948279319083074, ""HCP_A3#1"": 1.4316931304566832e-06, ""HCP_A3#2"": 0.001631486683165857, ""HCP_A3#3"": 0.0023882828554478703}",0.85,0.005,873.0
0.85,0.015,0.105,0.025,0.005,"{""BCC_B2#1"": 0.99529692141847, ""FCC_L12#1"": 0.0006957570845265791, ""HCP_A3#1"": 0.0001924367738473308, ""HCP_A3#2"": 0.0014131312207696055, ""HCP_A3#3"": 0.0024017535023864514}",0.85,0.005,873.0
0.85,0.015,0.11,0.02,0.005,"{""BCC_B2#1"": 0.9953146398469461, ""FCC_L12#1"": 0.0006966642036211916, ""HCP_A3#1"": 0.0003907941689618658, ""HCP_A3#2"": 0.001183053750845783, ""HCP_A3#3"": 0.0024148480296251884}",0.85,0.005,873.0
0.85,0.015,0.115,0.015,0.005,"{""BCC_B2#1"": 0.9953381908656093, ""FCC_L12#1"": 0.0006975523239813717, ""HCP_A3#1"": 0.0005963234744782184, ""HCP_A3#2"": 0.0009403567718317735, ""HCP_A3#3"": 0.002427576564099425}",0.85,0.005,873.0
0.85,0.015,0.12,0.01,0.005,"{""BCC_B2#1"": 0.99536912450422, ""FCC_L12#1"": 0.0006984243025832262, ""HCP_A3#1"": 0.0008084155768757988, ""HCP_A3#2"": 0.0006840898489478519, ""HCP_A3#3"": 0.002439945767372922}",0.85,0.005,873.0
0.85,0.015,0.125,0.005,0.005,"{""BCC_B2#1"": 0.9954096670379262, ""FCC_L12#1"": 0.0006992828914599542, ""HCP_A3#1"": 0.0010258506777054868, ""HCP_A3#2"": 0.0004132401614404303, ""HCP_A3#3"": 0.0024519592314680536}",0.85,0.005,873.0
0.85,0.015,0.13,0.0,0.005,"{""BCC_B2#1"": 0.9954629889756412, ""FCC_L12#1"": 0.0007001308180972362, ""HCP_A3#1"": 0.0012465421125813765, ""HCP_A3#2"": 0.00012672029263223095, ""HCP_A3#3"": 0.002463617801047869}",0.85,0.005,873.0
0.85,0.02,0.0,0.125,0.005,"{""BCC_B2#1"": 0.994785581960666, ""C15_LAVES#1"": 0.00027510714562785165, ""FCC_L12#1"": 0.0007027956705072705, ""HCP_A3#2"": 0.001758011866102686, ""HCP_A3#3"": 0.0024785033570963906}",0.85,0.005,873.0
0.85,0.02,0.005,0.12,0.005,"{""BCC_B2#1"": 0.9950097823097553, ""C15_LAVES#1"": 3.458119086874194e-05, ""FCC_L12#1"": 0.0007032161195911808, ""HCP_A3#2"": 0.001763982119653818, ""HCP_A3#3"": 0.0024884382601309016}",0.85,0.005,873.0
0.85,0.02,0.01,0.115,0.005,"{""BCC_B2#1"": 0.9950522306466415, ""FCC_L12#1"": 0.0007029057137211842, ""HCP_A3#2"": 0.0017602585645442226, ""HCP_A3#3"": 0.0024846050750928937}",0.85,0.005,873.0
0.85,0.02,0.015,0.11,0.005,"{""BCC_B2#1"": 0.9950640571575204, ""FCC_L12#1"": 0.0007024704304039747, ""HCP_A3#2"": 0.0017549434178091977, ""HCP_A3#3"": 0.0024785289942663787}",0.85,0.005,873.0
0.85,0.02,0.02,0.105,0.005,"{""BCC_B2#1"": 0.9950759098563133, ""FCC_L12#1"": 0.0007020278468497043, ""HCP_A3#2"": 0.001749610080029097, ""HCP_A3#3"": 0.002472452216807904}",0.85,0.005,873.0
0.85,0.02,0.025,0.1,0.005,"{""BCC_B2#1"": 0.9950877851186127, ""FCC_L12#1"": 0.0007015781023709122, ""HCP_A3#2"": 0.0017442584542265304, ""HCP_A3#3"": 0.002466378324789838}",0.85,0.005,873.0
0.85,0.02,0.03,0.095,0.005,"{""BCC_B2#1"": 0.9950996808288587, ""FCC_L12#1"": 0.0007011213541910419, ""HCP_A3#2"": 0.0017388867207016737, ""HCP_A3#3"": 0.0024603110962485397}",0.85,0.005,873.0
0.85,0.02,0.035,0.09,0.005,"{""BCC_B2#1"": 0.9951115972076111, ""FCC_L12#1"": 0.0007006577832441212, ""HCP_A3#2"": 0.0017334904129863485, ""HCP_A3#3"": 0.0024542545961585486}",0.85,0.005,873.0
0.85,0.02,0.04,0.085,0.005,"{""BCC_B2#1"": 0.9951235380889142, ""FCC_L12#1"": 0.0007001876033383631, ""HCP_A3#2"": 0.001728060997585837, ""HCP_A3#3"": 0.0024482133101616115}",0.85,0.005,873.0
0.85,0.02,0.045,0.08,0.005,"{""BCC_B2#1"": 0.9951355128899755, ""FCC_L12#1"": 0.0006997110754415617, ""HCP_A3#2"": 0.001722583687821535, ""HCP_A3#3"": 0.0024421923467615584}",0.85,0.005,873.0
0.85,0.02,0.05,0.075,0.005,"{""BCC_B2#1"": 0.9951475396515131, ""FCC_L12#1"": 0.0006992285297933624, ""HCP_A3#2"": 0.0017170340770875424, ""HCP_A3#3"": 0.0024361977416061547}",0.85,0.005,873.0
0.85,0.02,0.055,0.07,0.005,"{""BCC_B2#1"": 0.9951596497327233, ""FCC_L12#1"": 0.0006987403999302142, ""HCP_A3#2"": 0.001711372954663651, ""HCP_A3#3"": 0.002430236912682862}",0.85,0.005,873.0
0.85,0.02,0.06,0.065,0.005,"{""BCC_B2#1"": 0.9951718950568474, ""FCC_L12#1"": 0.000698247274745542, ""HCP_A3#2"": 0.0017055383299189736, ""HCP_A3#3"": 0.0024243193384880417}",0.85,0.005,873.0
0.85,0.02,0.065,0.06,0.005,"{""BCC_B2#1"": 0.995184359273727, ""FCC_L12#1"": 0.0006977499776678347, ""HCP_A3#2"": 0.001699433185032057, ""HCP_A3#3"": 0.0024184575635729554}",0.85,0.005,873.0
0.85,0.02,0.07,0.055,0.005,"{""BCC_B2#1"": 0.9951971749010413, ""FCC_L12#1"": 0.0006972496862380751, ""HCP_A3#2"": 0.0016929067325514885, ""HCP_A3#3"": 0.002412668680169103}",0.85,0.005,873.0
0.85,0.02,0.075,0.05,0.005,"{""BCC_B2#1"": 0.9952105495026267, ""FCC_L12#1"": 0.0006967481110431445, ""HCP_A3#2"": 0.0016857258944174638, ""HCP_A3#3"": 0.002406976491913016}",0.85,0.005,873.0
0.85,0.02,0.08,0.045,0.005,"{""BCC_B2#1"": 0.995224805317982, ""FCC_L12#1"": 0.0006962477600283534, ""HCP_A3#2"": 0.0016775322898634633, ""HCP_A3#3"": 0.0024014146321259216}",0.85,0.005,873.0
0.85,0.02,0.085,0.04,0.005,"{""BCC_B2#1"": 0.9952404384294137, ""FCC_L12#1"": 0.0006957523215460939, ""HCP_A3#2"": 0.0016677782811793786, ""HCP_A3#3"": 0.002396030967861105}",0.85,0.005,873.0
0.85,0.02,0.09,0.035,0.005,"{""BCC_B2#1"": 0.9952582052103576, ""FCC_L12#1"": 0.000695267203557146, ""HCP_A3#2"": 0.0016556339593441999, ""HCP_A3#3"": 0.002390893626741024}",0.85,0.005,873.0
0.85,0.02,0.095,0.03,0.005,"{""BCC_B2#1"": 0.9952792444437992, ""FCC_L12#1"": 0.0006948002586859659, ""HCP_A3#2"": 0.0016398564604346918, ""HCP_A3#3"": 0.0023860988370799636}",0.85,0.005,873.0
0.85,0.02,0.1,0.025,0.005,"{""BCC_B2#1"": 0.9952962115457896, ""FCC_L12#1"": 0.0006951727801685648, ""HCP_A3#1"": 0.00011309718299407934, ""HCP_A3#2"": 0.0015032183496575338, ""HCP_A3#3"": 0.002392300141390237}",0.85,0.005,873.0
0.85,0.02,0.105,0.02,0.005,"{""BCC_B2#1"": 0.995311507079808, ""FCC_L12#1"": 0.0006961121191634789, ""HCP_A3#1"": 0.00031305356589179055, ""HCP_A3#2"": 0.0012735103819611947, ""HCP_A3#3"": 0.002405816853175473}",0.85,0.005,873.0
0.85,0.02,0.11,0.015,0.005,"{""BCC_B2#1"": 0.9953320174783037, ""FCC_L12#1"": 0.0006970303279058169, ""HCP_A3#1"": 0.0005207597464317727, ""HCP_A3#2"": 0.001031239199108816, ""HCP_A3#3"": 0.002418953248250017}",0.85,0.005,873.0
0.85,0.02,0.115,0.01,0.005,"{""BCC_B2#1"": 0.9953589786034919, ""FCC_L12#1"": 0.0006979305423747468, ""HCP_A3#1"": 0.0007359314851311386, ""HCP_A3#2"": 0.0007754401876857247, ""HCP_A3#3"": 0.002431719181316248}",0.85,0.005,873.0
0.85,0.02,0.12,0.005,0.005,"{""BCC_B2#1"": 0.9953941825080977, ""FCC_L12#1"": 0.0006988157369121905, ""HCP_A3#1"": 0.0009577917474722844, ""HCP_A3#2"": 0.0005050890055133954, ""HCP_A3#3"": 0.0024441210020045073}",0.85,0.005,873.0
0.85,0.02,0.125,0.0,0.005,"{""BCC_B2#1"": 0.9954401969429281, ""FCC_L12#1"": 0.0006996888038141877, ""HCP_A3#1"": 0.001184861803968167, ""HCP_A3#2"": 0.00021909049743831378, ""HCP_A3#3"": 0.0024561619518515586}",0.85,0.005,873.0
0.85,0.025,0.0,0.12,0.005,"{""BCC_B2#1"": 0.9941725937656862, ""C15_LAVES#1"": 0.0009826747297315363, ""FCC_L12#1"": 0.0006998011007527805, ""HCP_A3#2"": 0.0017204192455630505, ""HCP_A3#3"": 0.0024245111582665026}",0.85,0.005,873.0
0.85,0.025,0.005,0.115,0.005,"{""BCC_B2#1"": 0.9943741539242776, ""C15_LAVES#1"": 0.00076565070620347, ""FCC_L12#1"": 0.0007002318993369493, ""HCP_A3#2"": 0.0017259842408957398, ""HCP_A3#3"": 0.0024339792292864077}",0.85,0.005,873.0
0.85,0.025,0.01,0.11,0.005,"{""BCC_B2#1"": 0.9945906944105495, ""C15_LAVES#1"": 0.0005332044765331954, ""FCC_L12#1"": 0.0007006688936502318, ""HCP_A3#2"": 0.001731710952988853, ""HCP_A3#3"": 0.0024437212662784457}",0.85,0.005,873.0
0.85,0.025,0.015,0.105,0.005,"{""BCC_B2#1"": 0.9948233930551961, ""C15_LAVES#1"": 0.00028415712843094914, ""FCC_L12#1"": 0.0007011117557058701, ""HCP_A3#2"": 0.0017375998545347143, ""HCP_A3#3"": 0.0024537382061322497}",0.85,0.005,873.0
0.85,0.025,0.02,0.1,0.005,"{""BCC_B2#1"": 0.9950735251245914, ""C15_LAVES#1"": 1.7232933202913267e-05, ""FCC_L12#1"": 0.0007015601443332262, ""HCP_A3#2"": 0.0017436510128009215, ""HCP_A3#3"": 0.0024640307850715363}",0.85,0.005,873.0
0.85,0.025,0.025,0.095,0.005,"{""BCC_B2#1"": 0.9951008597670592, ""FCC_L12#1"": 0.0007011596639255186, ""HCP_A3#2"": 0.0017389986644340029, ""HCP_A3#3"": 0.0024589819045811386}",0.85,0.005,873.0
0.85,0.025,0.03,0.09,0.005,"{""BCC_B2#1"": 0.9951127768848711, ""FCC_L12#1"": 0.0007006960168396463, ""HCP_A3#2"": 0.0017336104975805493, ""HCP_A3#3"": 0.0024529166007086272}",0.85,0.005,873.0
0.85,0.025,0.035,0.085,0.005,"{""BCC_B2#1"": 0.995124711332152, ""FCC_L12#1"": 0.0007002257070611222, ""HCP_A3#2"": 0.0017281956659419859, ""HCP_A3#3"": 0.0024468672948446545}",0.85,0.005,873.0
0.85,0.025,0.04,0.08,0.005,"{""BCC_B2#1"": 0.9951366694122835, ""FCC_L12#1"": 0.0006997489763608517, ""HCP_A3#2"": 0.0017227427966621303, ""HCP_A3#3"": 0.00244083881469368}",0.85,0.005,873.0
0.85,0.025,0.045,0.075,0.005,"{""BCC_B2#1"": 0.9951486644139027, ""FCC_L12#1"": 0.0006992661238515367, ""HCP_A3#2"": 0.001717232719618077, ""HCP_A3#3"": 0.002434836742627602}",0.85,0.005,873.0
0.85,0.025,0.05,0.07,0.005,"{""BCC_B2#1"": 0.9951607204164575, ""FCC_L12#1"": 0.0006987775335407588, ""HCP_A3#2"": 0.0017116342635992649, ""HCP_A3#3"": 0.0024288677864025827}",0.85,0.005,873.0
0.85,0.025,0.055,0.065,0.005,"{""BCC_B2#1"": 0.9951728781679442, ""FCC_L12#1"": 0.0006982837165970973, ""HCP_A3#2"": 0.0017058977828027884, ""HCP_A3#3"": 0.0024229403326558297}",0.85,0.005,873.0
0.85,0.025,0.06,0.06,0.005,"{""BCC_B2#1"": 0.9951852041527833, ""FCC_L12#1"": 0.0006977853758132759, ""HCP_A3#2"": 0.0016999452017172135, ""HCP_A3#3"": 0.002417065269686209}",0.85,0.005,873.0
0.85,0.025,0.065,0.055,0.005,"{""BCC_B2#1"": 0.9951978045472126, ""FCC_L12#1"": 0.0006972835032991361, ""HCP_A3#2"": 0.001693654745603709, ""HCP_A3#3"": 0.002411257203884586}",0.85,0.005,873.0
0.85,0.025,0.07,0.05,0.005,"{""BCC_B2#1"": 0.9952108466049617, ""FCC_L12#1"": 0.0006967795273605922, ""HCP_A3#2"": 0.001686837622919363, ""HCP_A3#3"": 0.0024055362447584906}",0.85,0.005,873.0
0.85,0.025,0.075,0.045,0.005,"{""BCC_B2#1"": 0.9952245912010758, ""FCC_L12#1"": 0.0006962755309454394, ""HCP_A3#2"": 0.0016792026720055956, ""HCP_A3#3"": 0.0023999305959731174}",0.85,0.005,873.0
0.85,0.025,0.08,0.04,0.005,"{""BCC_B2#1"": 0.9952394418099307, ""FCC_L12#1"": 0.0006957745714756, ""HCP_A3#2"": 0.0016703033634311991, ""HCP_A3#3"": 0.0023944802551627517}",0.85,0.005,873.0
0.85,0.025,0.085,0.035,0.005,"{""BCC_B2#1"": 0.9952560169494264, ""FCC_L12#1"": 0.0006952811382220222, ""HCP_A3#2"": 0.001659459747454071, ""HCP_A3#3"": 0.00238924216489724}",0.85,0.005,873.0
0.85,0.025,0.09,0.03,0.005,"{""BCC_B2#1"": 0.9952752544771454, ""FCC_L12#1"": 0.0006948017829401086, ""HCP_A3#2"": 0.0016456466374260533, ""HCP_A3#3"": 0.0023842971024887116}",0.85,0.005,873.0
0.85,0.025,0.095,0.025,0.005,"{""BCC_B2#1"": 0.9952963871102436, ""FCC_L12#1"": 0.000694554707586911, ""HCP_A3#1"": 2.8670182525237568e-05, ""HCP_A3#2"": 0.0015979278890963832, ""HCP_A3#3"": 0.002382460110547926}",0.85,0.005,873.0
0.85,0.025,0.1,0.02,0.005,"{""BCC_B2#1"": 0.9953094692039645, ""FCC_L12#1"": 0.0006955286195745578, ""HCP_A3#1"": 0.0002298540201071743, ""HCP_A3#2"": 0.001368723858690691, ""HCP_A3#3"": 0.0023964242976629484}",0.85,0.005,873.0
0.85,0.025,0.105,0.015,0.005,"{""BCC_B2#1"": 0.9953272976183684, ""FCC_L12#1"": 0.0006964789033559692, ""HCP_A3#1"": 0.00043919218024936137, ""HCP_A3#2"": 0.0011270410282819602, ""HCP_A3#3"": 0.002409990269744472}",0.85,0.005,873.0
0.85,0.025,0.11,0.01,0.005,"{""BCC_B2#1"": 0.9953508460192043, ""FCC_L12#1"": 0.0006974090310542397, ""HCP_A3#1"": 0.0006566739873161304, ""HCP_A3#2"": 0.000871899330884894, ""HCP_A3#3"": 0.0024231716315403144}",0.85,0.005,873.0
0.85,0.025,0.115,0.005,0.005,"{""BCC_B2#1"": 0.9953815457627657, ""FCC_L12#1"": 0.0006983222497260559, ""HCP_A3#1"": 0.0008818925212204818, ""HCP_A3#2"": 0.0006022615208275409, ""HCP_A3#3"": 0.002435977945459827}",0.85,0.005,873.0
0.85,0.025,0.12,0.0,0.005,"{""BCC_B2#1"": 0.9954214654216869, ""FCC_L12#1"": 0.0006992216637066729, ""HCP_A3#1"": 0.0011138747816359363, ""HCP_A3#2"": 0.00031702290644216604, ""HCP_A3#3"": 0.0024484152265283406}",0.85,0.005,873.0
0.85,0.03,0.0,0.115,0.005,"{""BCC_B2#1"": 0.9937053429304218, ""C15_LAVES#1"": 0.0015242769482383082, ""FCC_L12#1"": 0.0006972666727066986, ""HCP_A3#2"": 0.0016911747033116597, ""HCP_A3#3"": 0.0023819387453219206}",0.85,0.005,873.0
0.85,0.03,0.005,0.11,0.005,"{""BCC_B2#1"": 0.9938896602411558, ""C15_LAVES#1"": 0.0013250775674219764, ""FCC_L12#1"": 0.0006977067341619134, ""HCP_A3#2"": 0.0016964528068626153, ""HCP_A3#3"": 0.002391102650397899}",0.85,0.005,873.0
0.85,0.03,0.01,0.105,0.005,"{""BCC_B2#1"": 0.9940882516804302, ""C15_LAVES#1"": 0.0011111701548190912, ""FCC_L12#1"": 0.0006981539229477877, ""HCP_A3#2"": 0.00170188800417395, ""HCP_A3#3"": 0.0024005362376288536}",0.85,0.005,873.0
0.85,0.03,0.015,0.1,0.005,"{""BCC_B2#1"": 0.9943022698752602, ""C15_LAVES#1"": 0.0008814014265000439, ""FCC_L12#1"": 0.0006986079261790851, ""HCP_A3#2"": 0.0017074804189406553, ""HCP_A3#3"": 0.0024102403531200845}",0.85,0.005,873.0
0.85,0.03,0.02,0.095,0.005,"{""BCC_B2#1"": 0.9945329645727901, ""C15_LAVES#1"": 0.0006345217347168184, ""FCC_L12#1"": 0.0006990684171201262, ""HCP_A3#2"": 0.0017132296155387787, ""HCP_A3#3"": 0.0024202156598341264}",0.85,0.005,873.0
0.85,0.03,0.025,0.09,0.005,"{""BCC_B2#1"": 0.9947816915202333, ""C15_LAVES#1"": 0.000369176380269821, ""FCC_L12#1"": 0.0006995350550422798, ""HCP_A3#2"": 0.00171913442482949, ""HCP_A3#3"": 0.00243046261962522}",0.85,0.005,873.0
0.85,0.03,0.03,0.085,0.005,"{""BCC_B2#1"": 0.9950499221771574, ""C15_LAVES#1"": 8.389614988971689e-05, ""FCC_L12#1"": 0.0007000074851572546, ""HCP_A3#2"": 0.0017251927151361404, ""HCP_A3#3"": 0.0024409814726596988}",0.85,0.005,873.0
0.85,0.03,0.035,0.08,0.005,"{""BCC_B2#1"": 0.995137550100257, ""FCC_L12#1"": 0.0006997975104190374, ""HCP_A3#2"": 0.0017230084870828836, ""HCP_A3#3"": 0.002439643902241019}",0.85,0.005,873.0
0.85,0.03,0.04,0.075,0.005,"{""BCC_B2#1"": 0.9951495234065173, ""FCC_L12#1"": 0.0006993144496148893, ""HCP_A3#2"": 0.0017175288413101202, ""HCP_A3#3"": 0.0024336333025578487}",0.85,0.005,873.0
0.85,0.03,0.045,0.07,0.005,"{""BCC_B2#1"": 0.9951615393371962, ""FCC_L12#1"": 0.0006988255197028918, ""HCP_A3#2"": 0.001711979660785044, ""HCP_A3#3"": 0.002427655482316111}",0.85,0.005,873.0
0.85,0.03,0.05,0.065,0.005,"{""BCC_B2#1"": 0.9951736295000936, ""FCC_L12#1"": 0.0006983311689188502, ""HCP_A3#2"": 0.0017063213822647134, ""HCP_A3#3"": 0.0024217179487229573}",0.85,0.005,873.0
0.85,0.03,0.055,0.06,0.005,"{""BCC_B2#1"": 0.9951858463364267, ""FCC_L12#1"": 0.000697832001999422, ""HCP_A3#2"": 0.001700491414527779, ""HCP_A3#3"": 0.0024158302470460567}",0.85,0.005,873.0
0.85,0.03,0.06,0.055,0.005,"{""BCC_B2#1"": 0.9951982744496598, ""FCC_L12#1"": 0.0006973288597605716, ""HCP_A3#2"": 0.0016943917338600194, ""HCP_A3#3"": 0.002410004956719806}",0.85,0.005,873.0
0.85,0.03,0.065,0.05,0.005,"{""BCC_B2#1"": 0.9952110480141731, ""FCC_L12#1"": 0.00069682293922538, ""HCP_A3#2"": 0.0016878698876333748, ""HCP_A3#3"": 0.0024042591589680863}",0.85,0.005,873.0
0.85,0.03,0.07,0.045,0.005,"{""BCC_B2#1"": 0.9952243773797692, ""FCC_L12#1"": 0.0006963159733016456, ""HCP_A3#2"": 0.0016806900671886952, ""HCP_A3#3"": 0.0023986165797402195}",0.85,0.005,873.0
0.85,0.03,0.075,0.04,0.005,"{""BCC_B2#1"": 0.9952385893720395, ""FCC_L12#1"": 0.0006958104960669712, ""HCP_A3#2"": 0.001672489454780246, ""HCP_A3#3"": 0.002393110677113338}",0.85,0.005,873.0
0.85,0.03,0.08,0.035,0.005,"{""BCC_B2#1"": 0.995254187497407, ""FCC_L12#1"": 0.0006953102270109245, ""HCP_A3#2"": 0.0016627132760579225, ""HCP_A3#3"": 0.0023877889995238444}",0.85,0.005,873.0
0.85,0.03,0.085,0.03,0.005,"{""BCC_B2#1"": 0.9952719399572629, ""FCC_L12#1"": 0.0006948206115251735, ""HCP_A3#2"": 0.0016505202863136132, ""HCP_A3#3"": 0.00238271914489823}",0.85,0.005,873.0
0.85,0.03,0.09,0.025,0.005,"{""BCC_B2#1"": 0.995293004041368, ""FCC_L12#1"": 0.0006943495469448399, ""HCP_A3#2"": 0.001634649909941405, ""HCP_A3#3"": 0.002377996501745734}",0.85,0.005,873.0
0.85,0.03,0.095,0.02,0.005,"{""BCC_B2#1"": 0.99530840996922, ""FCC_L12#1"": 0.0006949110962843933, ""HCP_A3#1"": 0.0001413701018121078, ""HCP_A3#2"": 0.0014686718549872639, ""HCP_A3#3"": 0.002386636977696291}",0.85,0.005,873.0
0.85,0.03,0.1,0.015,0.005,"{""BCC_B2#1"": 0.9953238178526167, ""FCC_L12#1"": 0.0006958958103172837, ""HCP_A3#1"": 0.00035190819654189924, ""HCP_A3#2"": 0.001227720274350992, ""HCP_A3#3"": 0.00240065786617312}",0.85,0.005,873.0
0.85,0.03,0.105,0.01,0.005,"{""BCC_B2#1"": 0.9953443855683289, ""FCC_L12#1"": 0.000696857840051917, ""HCP_A3#1"": 0.0005710724020087546, ""HCP_A3#2"": 0.0009734077790489934, ""HCP_A3#3"": 0.0024142764105613895}",0.85,0.005,873.0
0.85,0.03,0.11,0.005,0.005,"{""BCC_B2#1"": 0.9953712440535045, ""FCC_L12#1"": 0.0006978007642706615, ""HCP_A3#1"": 0.0007987664833288003, ""HCP_A3#2"": 0.0007046827509342181, ""HCP_A3#3"": 0.0024275059479617347}",0.85,0.005,873.0
0.85,0.03,0.115,0.0,0.005,"{""BCC_B2#1"": 0.9954060478575372, ""FCC_L12#1"": 0.000698727952179066, ""HCP_A3#1"": 0.0010344392022645357, ""HCP_A3#2"": 0.0004204292615293801, ""HCP_A3#3"": 0.0024403557264899697}",0.85,0.005,873.0
0.85,0.035,0.0,0.11,0.005,"{""BCC_B2#1"": 0.9933418105339731, ""C15_LAVES#1"": 0.0019476388818443359, ""FCC_L12#1"": 0.0006951058924666133, ""HCP_A3#2"": 0.0016678553022370774, ""HCP_A3#3"": 0.0023475893894789055}",0.85,0.005,873.0
0.85,0.035,0.005,0.105,0.005,"{""BCC_B2#1"": 0.9935126565102805, ""C15_LAVES#1"": 0.0017623232545174309, ""FCC_L12#1"": 0.0006955539700724234, ""HCP_A3#2"": 0.002356548488601604, ""HCP_A3#3"": 0.0016729177765276919}",0.85,0.005,873.0
0.85,0.035,0.01,0.1,0.005,"{""BCC_B2#1"": 0.9936972609448839, ""C15_LAVES#1"": 0.001562822555509711, ""FCC_L12#1"": 0.0006960099229333399, ""HCP_A3#2"": 0.0023657740367299036, ""HCP_A3#3"": 0.0016781325399430726}",0.85,0.005,873.0
0.85,0.035,0.015,0.095,0.005,"{""BCC_B2#1"": 0.9938967599791996, ""C15_LAVES#1"": 0.0013480007376383378, ""FCC_L12#1"": 0.0006964734501972131, ""HCP_A3#2"": 0.002375266736453948, ""HCP_A3#3"": 0.00168349909651086}",0.85,0.005,873.0
0.85,0.035,0.02,0.09,0.005,"{""BCC_B2#1"": 0.9941123868762224, ""C15_LAVES#1"": 0.0011166256073745, ""FCC_L12#1"": 0.0006969442368686904, ""HCP_A3#2"": 0.0023850271172117595, ""HCP_A3#3"": 0.0016890161623224704}",0.85,0.005,873.0
0.85,0.035,0.025,0.085,0.005,"{""BCC_B2#1"": 0.9943454810787173, ""C15_LAVES#1"": 0.0008673600320828694, ""FCC_L12#1"": 0.00069742195366794, ""HCP_A3#2"": 0.0023950555211777885, ""HCP_A3#3"": 0.0016946814143541866}",0.85,0.005,873.0
0.85,0.035,0.03,0.08,0.005,"{""BCC_B2#1"": 0.9945974981112063, ""C15_LAVES#1"": 0.000598752385710311, ""FCC_L12#1"": 0.0006979062569810456, ""HCP_A3#2"": 0.0024053520865537055, ""HCP_A3#3"": 0.0017004911595487541}",0.85,0.005,873.0
0.85,0.035,0.035,0.075,0.005,"{""BCC_B2#1"": 0.9948700203900175, ""C15_LAVES#1"": 0.0003092261947950425, ""FCC_L12#1"": 0.0006983967889424399, ""HCP_A3#2"": 0.002415916727937322, ""HCP_A3#3"": 0.0017064398983079165}",0.85,0.005,873.0
0.85,0.035,0.04,0.07,0.005,"{""BCC_B2#1"": 0.9951621058854572, ""FCC_L12#1"": 0.0006988842103048239, ""HCP_A3#2"": 0.0024265959052339504, ""HCP_A3#3"": 0.0017124139990037882}",0.85,0.005,873.0
0.85,0.035,0.045,0.065,0.005,"{""BCC_B2#1"": 0.9951741453834156, ""FCC_L12#1"": 0.0006983894637167621, ""HCP_A3#2"": 0.002420647809507985, ""HCP_A3#3"": 0.0017068173433594258}",0.85,0.005,873.0
0.85,0.035,0.05,0.06,0.005,"{""BCC_B2#1"": 0.9951862775168595, ""FCC_L12#1"": 0.0006978896567920221, ""HCP_A3#2"": 0.0024147476676845267, ""HCP_A3#3"": 0.0017010851586639513}",0.85,0.005,873.0
0.85,0.035,0.055,0.055,0.005,"{""BCC_B2#1"": 0.995198569264163, ""FCC_L12#1"": 0.0006973855072684807, ""HCP_A3#2"": 0.002408906412605341, ""HCP_A3#3"": 0.001695138815963416}",0.85,0.005,873.0
0.85,0.035,0.06,0.05,0.005,"{""BCC_B2#1"": 0.9952111277331221, ""FCC_L12#1"": 0.0006968780232891979, ""HCP_A3#2"": 0.0024031386521735547, ""HCP_A3#3"": 0.0016888555914149938}",0.85,0.005,873.0
0.85,0.035,0.065,0.045,0.005,"{""BCC_B2#1"": 0.995224121823446, ""FCC_L12#1"": 0.0006963686505776404, ""HCP_A3#2"": 0.002397464434642281, ""HCP_A3#3"": 0.0016820450913339214}",0.85,0.005,873.0
0.85,0.035,0.07,0.04,0.005,"{""BCC_B2#1"": 0.9952378152145338, ""FCC_L12#1"": 0.0006958594912406074, ""HCP_A3#2"": 0.002391911810542841, ""HCP_A3#3"": 0.0016744134836826651}",0.85,0.005,873.0
0.85,0.035,0.075,0.035,0.005,"{""BCC_B2#1"": 0.9952526160456098, ""FCC_L12#1"": 0.0006953536239911704, ""HCP_A3#2"": 0.002386520489784161, ""HCP_A3#3"": 0.0016655098406150172}",0.85,0.005,873.0
0.85,0.035,0.08,0.03,0.005,"{""BCC_B2#1"": 0.99526915044906, ""FCC_L12#1"": 0.0006948555618632356, ""HCP_A3#2"": 0.002381346930539586, ""HCP_A3#3"": 0.0016546470585370708}",0.85,0.005,873.0
0.85,0.035,0.085,0.025,0.005,"{""BCC_B2#1"": 0.9952883684896244, ""FCC_L12#1"": 0.0006943718829286233, ""HCP_A3#2"": 0.0023764711402706673, ""HCP_A3#3"": 0.0016407884871763628}",0.85,0.005,873.0
0.85,0.035,0.09,0.02,0.005,"{""BCC_B2#1"": 0.9953082654043889, ""FCC_L12#1"": 0.0006942565009487088, ""HCP_A3#1"": 0.001573344953454873, ""HCP_A3#2"": 4.771622557923256e-05, ""HCP_A3#3"": 0.002376416915628062}",0.85,0.005,873.0
0.85,0.035,0.095,0.015,0.005,"{""BCC_B2#1"": 0.9953214282901761, ""FCC_L12#1"": 0.0006952784403989802, ""HCP_A3#1"": 0.0023909224064876103, ""HCP_A3#2"": 0.0002591263966741733, ""HCP_A3#3"": 0.0013332444662630893}",0.85,0.005,873.0
0.85,0.035,0.1,0.01,0.005,"{""BCC_B2#1"": 0.9953393368438902, ""FCC_L12#1"": 0.0006962747304935889, ""HCP_A3#1"": 0.001079912497232693, ""HCP_A3#2"": 0.0004794724065648216, ""HCP_A3#3"": 0.002405003521818957}",0.85,0.005,873.0
0.85,0.035,0.105,0.005,0.005,"{""BCC_B2#1"": 0.9953628707643458, ""FCC_L12#1"": 0.0006972493528176765, ""HCP_A3#1"": 0.000812281366804579, ""HCP_A3#2"": 0.000708920441059874, ""HCP_A3#3"": 0.0024186780749722602}",0.85,0.005,873.0
0.85,0.035,0.11,0.0,0.005,"{""BCC_B2#1"": 0.9953933404126156, ""FCC_L12#1"": 0.0006982060026193605, ""HCP_A3#1"": 0.0005292221839543127, ""HCP_A3#2"": 0.0009472722866158117, ""HCP_A3#3"": 0.0024319591141946867}",0.85,0.005,873.0
0.85,0.04,0.0,0.105,0.005,"{""BCC_B2#1"": 0.9930544358461494, ""C15_LAVES#1"": 0.0022840230137406905, ""FCC_L12#1"": 0.0006932523178372668, ""HCP_A3#2"": 0.0016489046582488073, ""HCP_A3#3"": 0.0023193841640239076}",0.85,0.005,873.0
0.85,0.04,0.005,0.1,0.005,"{""BCC_B2#1"": 0.9932145732068588, ""C15_LAVES#1"": 0.002109717727539691, ""FCC_L12#1"": 0.0006937072355690929, ""HCP_A3#2"": 0.0023282042120524138, ""HCP_A3#3"": 0.0016537976179802705}",0.85,0.005,873.0
0.85,0.04,0.01,0.095,0.005,"{""BCC_B2#1"": 0.9933880996594192, ""C15_LAVES#1"": 0.0019216039225820269, ""FCC_L12#1"": 0.0006941706446238182, ""HCP_A3#2"": 0.0023372882159054423, ""HCP_A3#3"": 0.0016588375574692021}",0.85,0.005,873.0
0.85,0.04,0.015,0.09,0.005,"{""BCC_B2#1"": 0.9935761418072234, ""C15_LAVES#1"": 0.0017185561902457508, ""FCC_L12#1"": 0.0006946422534462408, ""HCP_A3#2"": 0.0023466366957012375, ""HCP_A3#3"": 0.001664023053383191}",0.85,0.005,873.0
0.85,0.04,0.02,0.085,0.005,"{""BCC_B2#1"": 0.9937799236202592, ""C15_LAVES#1"": 0.0014993530435176493, ""FCC_L12#1"": 0.0006951217563657836, ""HCP_A3#2"": 0.0023562500038083736, ""HCP_A3#3"": 0.0016693515760490018}",0.85,0.005,873.0
0.85,0.04,0.025,0.08,0.005,"{""BCC_B2#1"": 0.9940007756779224, ""C15_LAVES#1"": 0.0012626680397384606, ""FCC_L12#1"": 0.0006956088335160695, ""HCP_A3#2"": 0.0023661283142602254, ""HCP_A3#3"": 0.0016748191345626613}",0.85,0.005,873.0
0.85,0.04,0.03,0.075,0.005,"{""BCC_B2#1"": 0.994240145263136, ""C15_LAVES#1"": 0.001007060167185635, ""FCC_L12#1"": 0.0006961031508695922, ""HCP_A3#2"": 0.0023762716096105444, ""HCP_A3#3"": 0.0016804198091980628}",0.85,0.005,873.0
0.85,0.04,0.035,0.07,0.005,"{""BCC_B2#1"": 0.9944996073638569, ""C15_LAVES#1"": 0.0007309634758638749, ""FCC_L12#1"": 0.0006966043604418524, ""HCP_A3#2"": 0.0023866796648871016, ""HCP_A3#3"": 0.001686145134949841}",0.85,0.005,873.0
0.85,0.04,0.04,0.065,0.005,"{""BCC_B2#1"": 0.9947808766360654, ""C15_LAVES#1"": 0.00043267594647592437, ""FCC_L12#1"": 0.0006971121007358017, ""HCP_A3#2"": 0.0023973520283258627, ""HCP_A3#3"": 0.0016919832883972347}",0.85,0.005,873.0
0.85,0.04,0.045,0.06,0.005,"{""BCC_B2#1"": 0.9950858203772677, ""C15_LAVES#1"": 0.00011034761201992308, ""FCC_L12#1"": 0.000697625997520199, ""HCP_A3#2"": 0.002408287998524973, ""HCP_A3#3"": 0.001697918014667375}",0.85,0.005,873.0
0.85,0.04,0.05,0.055,0.005,"{""BCC_B2#1"": 0.9951986769066192, ""FCC_L12#1"": 0.0006974532203327788, ""HCP_A3#2"": 0.00240795649803487, ""HCP_A3#3"": 0.0016959133750131265}",0.85,0.005,873.0
0.85,0.04,0.055,0.05,0.005,"{""BCC_B2#1"": 0.9952110647541684, ""FCC_L12#1"": 0.0006969444921561219, ""HCP_A3#2"": 0.0024021687857024346, ""HCP_A3#3"": 0.0016898219679732777}",0.85,0.005,873.0
0.85,0.04,0.06,0.045,0.005,"{""BCC_B2#1"": 0.9952237900397751, ""FCC_L12#1"": 0.0006964331811669778, ""HCP_A3#2"": 0.002396466925164536, ""HCP_A3#3"": 0.0016833098538934547}",0.85,0.005,873.0
0.85,0.04,0.065,0.04,0.005,"{""BCC_B2#1"": 0.9952370646328956, ""FCC_L12#1"": 0.0006959210344725303, ""HCP_A3#2"": 0.0023908745154754656, ""HCP_A3#3"": 0.0016761398171560634}",0.85,0.005,873.0
0.85,0.04,0.07,0.035,0.005,"{""BCC_B2#1"": 0.9952512180146226, ""FCC_L12#1"": 0.00069541060042495, ""HCP_A3#2"": 0.0023854247632962605, ""HCP_A3#3"": 0.0016679466216561712}",0.85,0.005,873.0
0.85,0.04,0.075,0.03,0.005,"{""BCC_B2#1"": 0.9952667581962532, ""FCC_L12#1"": 0.0006949056124408062, ""HCP_A3#2"": 0.0023801647839629546, ""HCP_A3#3"": 0.001658171407343251}",0.85,0.005,873.0
0.85,0.04,0.08,0.025,0.005,"{""BCC_B2#1"": 0.9952844608505074, ""FCC_L12#1"": 0.000694411528709705, ""HCP_A3#2"": 0.0023751614796761154, ""HCP_A3#3"": 0.0016459661411069209}",0.85,0.005,873.0
0.85,0.04,0.085,0.02,0.005,"{""BCC_B2#1"": 0.9953054954030931, ""FCC_L12#1"": 0.000693936256887025, ""HCP_A3#2"": 0.002370509169523425, ""HCP_A3#3"": 0.0016300591704963099}",0.85,0.005,873.0
0.85,0.04,0.09,0.015,0.005,"{""BCC_B2#1"": 0.9953200371889549, ""FCC_L12#1"": 0.0006946237433731705, ""HCP_A3#1"": 0.0014435945043313185, ""HCP_A3#2"": 0.0023807456378867014, ""HCP_A3#3"": 0.00016099892545390975}",0.85,0.005,873.0
0.85,0.04,0.095,0.01,0.005,"{""BCC_B2#1"": 0.9953355110489026, ""FCC_L12#1"": 0.000695657093973183, ""HCP_A3#1"": 0.00038214246873994744, ""HCP_A3#2"": 0.0011913703135153408, ""HCP_A3#3"": 0.0023953190748689764}",0.85,0.005,873.0
0.85,0.04,0.1,0.005,0.005,"{""BCC_B2#1"": 0.99535611123245, ""FCC_L12#1"": 0.000696665777098721, ""HCP_A3#1"": 0.000612766185585126, ""HCP_A3#2"": 0.0009249927238422006, ""HCP_A3#3"": 0.0024094640810238418}",0.85,0.005,873.0
0.85,0.04,0.105,0.0,0.005,"{""BCC_B2#1"": 0.9953828609474119, ""FCC_L12#1"": 0.0006976538870776908, ""HCP_A3#1"": 0.0008529689679537837, ""HCP_A3#2"": 0.0006433179853285851, ""HCP_A3#3"": 0.002423198212228205}",0.85,0.005,873.0
0.85,0.045,0.0,0.1,0.005,"{""BCC_B2#1"": 0.9928244518649028, ""C15_LAVES#1"": 0.0025547213186548146, ""FCC_L12#1"": 0.0006916540024756534, ""HCP_A3#2"": 0.0016332703251126666, ""HCP_A3#3"": 0.0022959024888541705}",0.85,0.005,873.0
0.85,0.045,0.005,0.095,0.005,"{""BCC_B2#1"": 0.9929759786776978, ""C15_LAVES#1"": 0.0023892516495711597, ""FCC_L12#1"": 0.0006921147331903932, ""HCP_A3#2"": 0.0023046298611496823, ""HCP_A3#3"": 0.0016380250783908723}",0.85,0.005,873.0
0.85,0.045,0.01,0.09,0.005,"{""BCC_B2#1"": 0.9931406416924397, ""C15_LAVES#1"": 0.002210233812542487, ""FCC_L12#1"": 0.0006925844765906947, ""HCP_A3#2"": 0.002313619288808256, ""HCP_A3#3"": 0.0016429207296190724}",0.85,0.005,873.0
0.85,0.045,0.015,0.085,0.005,"{""BCC_B2#1"": 0.9933195637209002, ""C15_LAVES#1"": 0.0020165476883501833, ""FCC_L12#1"": 0.0006930629476306135, ""HCP_A3#2"": 0.0023228710773044027, ""HCP_A3#3"": 0.0016479545658148371}",0.85,0.005,873.0
0.85,0.045,0.02,0.08,0.005,"{""BCC_B2#1"": 0.9935139653774309, ""C15_LAVES#1"": 0.0018069770673950882, ""FCC_L12#1"": 0.0006935498474860671, ""HCP_A3#2"": 0.0023323853667244687, ""HCP_A3#3"": 0.0016531223409633497}",0.85,0.005,873.0
0.85,0.045,0.025,0.075,0.005,"{""BCC_B2#1"": 0.9937251745051894, ""C15_LAVES#1"": 0.001580200721729963, ""FCC_L12#1"": 0.0006940448635940923, ""HCP_A3#2"": 0.0023421621245404206, ""HCP_A3#3"": 0.001658417784946446}",0.85,0.005,873.0
0.85,0.045,0.03,0.07,0.005,"{""BCC_B2#1"": 0.9939546364542245, ""C15_LAVES#1"": 0.0013347827830692844, ""FCC_L12#1"": 0.0006945476698393352, ""HCP_A3#2"": 0.002352201135791557, ""HCP_A3#3"": 0.001663831957075261}",0.85,0.005,873.0
0.85,0.045,0.035,0.065,0.005,"{""BCC_B2#1"": 0.9942039252564971, ""C15_LAVES#1"": 0.001069162431337954, ""FCC_L12#1"": 0.0006950579269598443, ""HCP_A3#2"": 0.002362501990344489, ""HCP_A3#3"": 0.0016693523948607828}",0.85,0.005,873.0
0.85,0.045,0.04,0.06,0.005,"{""BCC_B2#1"": 0.9944747557367543, ""C15_LAVES#1"": 0.0007816429201301958, ""FCC_L12#1"": 0.0006955752832661017, ""HCP_A3#2"": 0.002373064066886528, ""HCP_A3#3"": 0.0016749619929626917}",0.85,0.005,873.0
0.85,0.045,0.045,0.055,0.005,"{""BCC_B2#1"": 0.9947689965876091, ""C15_LAVES#1"": 0.00047037999671010257, ""FCC_L12#1"": 0.0006960993757968787, ""HCP_A3#2"": 0.0023838865133134885, ""HCP_A3#3"": 0.0016806375265701963}",0.85,0.005,873.0
0.85,0.045,0.05,0.05,0.005,"{""BCC_B2#1"": 0.995088684420568, ""C15_LAVES#1"": 0.0001333698179535656, ""FCC_L12#1"": 0.0006966298320747912, ""HCP_A3#2"": 0.002394968223203338, ""HCP_A3#3"": 0.0016863477062005379}",0.85,0.005,873.0
0.85,0.045,0.055,0.045,0.005,"{""BCC_B2#1"": 0.99522335395282, ""FCC_L12#1"": 0.0006965092293888797, ""HCP_A3#2"": 0.0023956175791888224, ""HCP_A3#3"": 0.0016845192386023104}",0.85,0.005,873.0
0.85,0.045,0.06,0.04,0.005,"{""BCC_B2#1"": 0.9952362925377652, ""FCC_L12#1"": 0.0006959946723829191, ""HCP_A3#2"": 0.002389990736104279, ""HCP_A3#3"": 0.0016777220537475819}",0.85,0.005,873.0
0.85,0.045,0.065,0.035,0.005,"{""BCC_B2#1"": 0.9952499229530871, ""FCC_L12#1"": 0.0006954805286507398, ""HCP_A3#2"": 0.0023844914633051385, ""HCP_A3#3"": 0.0016701050549569499}",0.85,0.005,873.0
0.85,0.045,0.07,0.03,0.005,"{""BCC_B2#1"": 0.995264655603813, ""FCC_L12#1"": 0.0006949698840460062, ""HCP_A3#2"": 0.0023791590926369524, ""HCP_A3#3"": 0.0016612154195037054}",0.85,0.005,873.0
0.85,0.045,0.075,0.025,0.005,"{""BCC_B2#1"": 0.9952811206270464, ""FCC_L12#1"": 0.0006944672549450679, ""HCP_A3#2"": 0.0023740494640144623, ""HCP_A3#3"": 0.001650362653994114}",0.85,0.005,873.0
0.85,0.045,0.08,0.02,0.005,"{""BCC_B2#1"": 0.9953002749511772, ""FCC_L12#1"": 0.0006939792168283104, ""HCP_A3#2"": 0.002369241624899362, ""HCP_A3#3"": 0.0016365042070951622}",0.85,0.005,873.0
0.85,0.045,0.085,0.015,0.005,"{""BCC_B2#1"": 0.9953196076265572, ""FCC_L12#1"": 0.0006939281343515904, ""HCP_A3#1"": 0.001558769267519537, ""HCP_A3#2"": 0.002370083732925052, ""HCP_A3#3"": 5.7611238646679615e-05}",0.85,0.005,873.0
0.85,0.045,0.09,0.01,0.005,"{""BCC_B2#1"": 0.9953327842974288, ""FCC_L12#1"": 0.0006950018783813574, ""HCP_A3#1"": 0.00027927738390271694, ""HCP_A3#2"": 0.0013077519117723477, ""HCP_A3#3"": 0.0023851845285147674}",0.85,0.005,873.0
0.85,0.045,0.095,0.005,0.005,"{""BCC_B2#1"": 0.995350731716184, ""FCC_L12#1"": 0.0006960474283687753, ""HCP_A3#1"": 0.0005106286557507219, ""HCP_A3#2"": 0.0010427623976135586, ""HCP_A3#3"": 0.002399829802083013}",0.85,0.005,873.0
0.85,0.045,0.1,0.0,0.005,"{""BCC_B2#1"": 0.9953742321900833, ""FCC_L12#1"": 0.0006970693671378009, ""HCP_A3#1"": 0.0007520160615870246, ""HCP_A3#2"": 0.0007626398702782124, ""HCP_A3#3"": 0.002414042510913598}",0.85,0.005,873.0
0.85,0.05,0.0,0.095,0.005,"{""BCC_B2#1"": 0.9908671226774326, ""C15_LAVES#1"": 0.005454244446415145, ""FCC_L12#1"": 0.000692533727029275, ""HCP_A3#3"": 0.0022823899517392626, ""ZRO2_MONO#1"": 0.0007037091973836396}",0.85,0.005,873.0
0.85,0.05,0.005,0.09,0.005,"{""BCC_B2#1"": 0.9917190399086817, ""C15_LAVES#1"": 0.00422747765257883, ""FCC_L12#1"": 0.0006920970729966293, ""HCP_A3#2"": 0.0022886553230507915, ""HCP_A3#3"": 0.0006503547786998368, ""ZRO2_MONO#1"": 0.0004223752639920945}",0.85,0.005,873.0
0.85,0.05,0.01,0.085,0.005,"{""BCC_B2#1"": 0.9929407870014549, ""C15_LAVES#1"": 0.0024446441283334027, ""FCC_L12#1"": 0.0006912106070048809, ""HCP_A3#2"": 0.0022937355271831837, ""HCP_A3#3"": 0.001629622736023814}",0.85,0.005,873.0
0.85,0.05,0.015,0.08,0.005,"{""BCC_B2#1"": 0.9931124244395044, ""C15_LAVES#1"": 0.002258430412381476, ""FCC_L12#1"": 0.0006916949379206981, ""HCP_A3#2"": 0.0023029260218658163, ""HCP_A3#3"": 0.0016345241883274893}",0.85,0.005,873.0
0.85,0.05,0.02,0.075,0.005,"{""BCC_B2#1"": 0.9932993865445648, ""C15_LAVES#1"": 0.0020564997016380092, ""FCC_L12#1"": 0.0006921881590021376, ""HCP_A3#2"": 0.0023123771380600044, ""HCP_A3#3"": 0.0016395484567347683}",0.85,0.005,873.0
0.85,0.05,0.025,0.07,0.005,"{""BCC_B2#1"": 0.9935030035804434, ""C15_LAVES#1"": 0.0018375315898365558, ""FCC_L12#1"": 0.0006926899627788039, ""HCP_A3#2"": 0.0023220886040533715, ""HCP_A3#3"": 0.001644686262887727}",0.85,0.005,873.0
0.85,0.05,0.03,0.065,0.005,"{""BCC_B2#1"": 0.9937247242436926, ""C15_LAVES#1"": 0.001600091057973264, ""FCC_L12#1"": 0.0006932000292910847, ""HCP_A3#2"": 0.002332059972448367, ""HCP_A3#3"": 0.0016499246965945903}",0.85,0.005,873.0
0.85,0.05,0.035,0.06,0.005,"{""BCC_B2#1"": 0.99396612698117, ""C15_LAVES#1"": 0.0013426183174634688, ""FCC_L12#1"": 0.0006937180267806987, ""HCP_A3#2"": 0.0023422906104489456, ""HCP_A3#3"": 0.0016552460641370403}",0.85,0.005,873.0
0.85,0.05,0.04,0.055,0.005,"{""BCC_B2#1"": 0.9942289321997286, ""C15_LAVES#1"": 0.001063418126547229, ""FCC_L12#1"": 0.0006942436127873633, ""HCP_A3#2"": 0.00235277968678506, ""HCP_A3#3"": 0.0016606263741516998}",0.85,0.005,873.0
0.85,0.05,0.045,0.05,0.005,"{""BCC_B2#1"": 0.9945150153697085, ""C15_LAVES#1"": 0.0007606486924463325, ""FCC_L12#1"": 0.0006947764358121478, ""HCP_A3#2"": 0.002363526154942852, ""HCP_A3#3"": 0.001666033347090222}",0.85,0.005,873.0
0.85,0.05,0.05,0.045,0.005,"{""BCC_B2#1"": 0.9948264209979459, ""C15_LAVES#1"": 0.0004323103334303077, ""FCC_L12#1"": 0.000695316137758205, ""HCP_A3#2"": 0.0023745287323682735, ""HCP_A3#3"": 0.001671423798497327}",0.85,0.005,873.0
0.85,0.05,0.055,0.04,0.005,"{""BCC_B2#1"": 0.9951653774088924, ""C15_LAVES#1"": 7.623415905925161e-05, ""FCC_L12#1"": 0.0006958623574261337, ""HCP_A3#2"": 0.002385785875343724, ""HCP_A3#3"": 0.0016767401992786517}",0.85,0.005,873.0
0.85,0.05,0.06,0.035,0.005,"{""BCC_B2#1"": 0.9952486725872222, ""FCC_L12#1"": 0.0006955628672335653, ""HCP_A3#2"": 0.0023837115194422246, ""HCP_A3#3"": 0.0016720530261020688}",0.85,0.005,873.0
0.85,0.05,0.065,0.03,0.005,"{""BCC_B2#1"": 0.9952627527471422, ""FCC_L12#1"": 0.0006950476213388021, ""HCP_A3#2"": 0.0023783180259721007, ""HCP_A3#3"": 0.0016638816055470269}",0.85,0.005,873.0
0.85,0.05,0.07,0.025,0.005,"{""BCC_B2#1"": 0.9952782120715111, ""FCC_L12#1"": 0.0006945380025596006, ""HCP_A3#2"": 0.0023731194205981456, ""HCP_A3#3"": 0.0016541305053313028}",0.85,0.005,873.0
0.85,0.05,0.075,0.02,0.005,"{""BCC_B2#1"": 0.9952958292739037, ""FCC_L12#1"": 0.0006940394578493131, ""HCP_A3#2"": 0.0023681817552196503, ""HCP_A3#3"": 0.0016419495130271923}",0.85,0.005,873.0
0.85,0.05,0.08,0.015,0.005,"{""BCC_B2#1"": 0.9953167794231185, ""FCC_L12#1"": 0.0006935598716417962, ""HCP_A3#2"": 0.00236359806547325, ""HCP_A3#3"": 0.0016260626397664225}",0.85,0.005,873.0
0.85,0.05,0.085,0.01,0.005,"{""BCC_B2#1"": 0.9953310932296167, ""FCC_L12#1"": 0.0006943054942164913, ""HCP_A3#1"": 0.0014290465863029723, ""HCP_A3#2"": 0.0023745557329228582, ""HCP_A3#3"": 0.0001709989569411003}",0.85,0.005,873.0
0.85,0.05,0.09,0.005,0.005,"{""BCC_B2#1"": 0.9953465711746524, ""FCC_L12#1"": 0.0006953912525107181, ""HCP_A3#1"": 0.00040275085619646426, ""HCP_A3#2"": 0.0011655503217482227, ""HCP_A3#3"": 0.002389736394892063}",0.85,0.005,873.0
0.85,0.05,0.095,0.0,0.005,"{""BCC_B2#1"": 0.9953671685329829, ""FCC_L12#1"": 0.0006964498332398713, ""HCP_A3#1"": 0.0006448024542395009, ""HCP_A3#2"": 0.0008871216216418986, ""HCP_A3#3"": 0.002404457557895691}",0.85,0.005,873.0
0.85,0.055,0.0,0.09,0.005,"{""BCC_B2#1"": 0.9907316134436599, ""C15_LAVES#1"": 0.005608604610273994, ""FCC_L12#1"": 0.0006912548908979653, ""HCP_A3#3"": 0.0022645976571859907, ""ZRO2_MONO#1"": 0.0007039293979821551}",0.85,0.005,873.0
0.85,0.055,0.005,0.085,0.005,"{""BCC_B2#1"": 0.9908666664918816, ""C15_LAVES#1"": 0.005464390015167507, ""FCC_L12#1"": 0.0006917357583095725, ""HCP_A3#3"": 0.0022734253148300916, ""ZRO2_MONO#1"": 0.0007037824198108704}",0.85,0.005,873.0
0.85,0.055,0.01,0.08,0.005,"{""BCC_B2#1"": 0.991014529414916, ""C15_LAVES#1"": 0.00530708945126197, ""FCC_L12#1"": 0.0006922267732323123, ""HCP_A3#3"": 0.002282546854779808, ""ZRO2_MONO#1"": 0.0007036075058101186}",0.85,0.005,873.0
0.85,0.055,0.015,0.075,0.005,"{""BCC_B2#1"": 0.9911763500777089, ""C15_LAVES#1"": 0.0051355586231589265, ""FCC_L12#1"": 0.0006927276642704936, ""HCP_A3#3"": 0.002291967844208187, ""ZRO2_MONO#1"": 0.0007033957906535923}",0.85,0.005,873.0
0.85,0.055,0.02,0.07,0.005,"{""BCC_B2#1"": 0.9931253212418146, ""C15_LAVES#1"": 0.002260152483987531, ""FCC_L12#1"": 0.0006910044211176896, ""HCP_A3#2"": 0.0016280644855322713, ""HCP_A3#3"": 0.0022954573675479646}",0.85,0.005,873.0
0.85,0.055,0.025,0.065,0.005,"{""BCC_B2#1"": 0.9933230034266911, ""C15_LAVES#1"": 0.002047301983709972, ""FCC_L12#1"": 0.0006915120922427315, ""HCP_A3#2"": 0.0016330507327154506, ""HCP_A3#3"": 0.002305131764640728}",0.85,0.005,873.0
0.85,0.055,0.03,0.06,0.005,"{""BCC_B2#1"": 0.9935387367942473, ""C15_LAVES#1"": 0.0018160557213625728, ""FCC_L12#1"": 0.0006920284406329561, ""HCP_A3#2"": 0.0016381149963050341, ""HCP_A3#3"": 0.0023150640474520093}",0.85,0.005,873.0
0.85,0.055,0.035,0.055,0.005,"{""BCC_B2#1"": 0.9937741086905431, ""C15_LAVES#1"": 0.0015648519551408138, ""FCC_L12#1"": 0.0006925531408624962, ""HCP_A3#2"": 0.0016432328851505964, ""HCP_A3#3"": 0.0023252533283028534}",0.85,0.005,873.0
0.85,0.055,0.04,0.05,0.005,"{""BCC_B2#1"": 0.9940308495450861, ""C15_LAVES#1"": 0.0012919944484426694, ""FCC_L12#1"": 0.0006930858592206587, ""HCP_A3#2"": 0.0016483716156689978, ""HCP_A3#3"": 0.002335698531581646}",0.85,0.005,873.0
0.85,0.055,0.045,0.045,0.005,"{""BCC_B2#1"": 0.994310845905673, ""C15_LAVES#1"": 0.0009956420821184762, ""FCC_L12#1"": 0.0006936262560236863, ""HCP_A3#2"": 0.0016534873767886215, ""HCP_A3#3"": 0.002346398379396101}",0.85,0.005,873.0
0.85,0.055,0.05,0.04,0.005,"{""BCC_B2#1"": 0.9946161541967712, ""C15_LAVES#1"": 0.0006737985684764132, ""FCC_L12#1"": 0.0006941739889246873, ""HCP_A3#2"": 0.0016585218727906434, ""HCP_A3#3"": 0.0023573513730371}",0.85,0.005,873.0
0.85,0.055,0.055,0.035,0.005,"{""BCC_B2#1"": 0.9949490150791761, ""C15_LAVES#1"": 0.0003243026451065553, ""FCC_L12#1"": 0.0006947287175724906, ""HCP_A3#2"": 0.0016633977882225689, ""HCP_A3#3"": 0.0023685557699223534}",0.85,0.005,873.0
0.85,0.055,0.06,0.03,0.005,"{""BCC_B2#1"": 0.9952609750085162, ""FCC_L12#1"": 0.0006951381754469967, ""HCP_A3#2"": 0.001666255540675936, ""HCP_A3#3"": 0.0023776312753610402}",0.85,0.005,873.0
0.85,0.055,0.065,0.025,0.005,"{""BCC_B2#1"": 0.995275621319573, ""FCC_L12#1"": 0.0006946228624163931, ""HCP_A3#2"": 0.001657398061256513, ""HCP_A3#3"": 0.002372357756754069}",0.85,0.005,873.0
0.85,0.055,0.07,0.02,0.005,"{""BCC_B2#1"": 0.9952919884928239, ""FCC_L12#1"": 0.0006941157084127662, ""HCP_A3#2"": 0.0016465843132847087, ""HCP_A3#3"": 0.002367311485478457}",0.85,0.005,873.0
0.85,0.055,0.075,0.015,0.005,"{""BCC_B2#1"": 0.9953110349261705, ""FCC_L12#1"": 0.0006936232583043372, ""HCP_A3#2"": 0.001632771442400653, ""HCP_A3#3"": 0.0023625703731242815}",0.85,0.005,873.0
0.85,0.055,0.08,0.01,0.005,"{""BCC_B2#1"": 0.9953304329136843, ""FCC_L12#1"": 0.0006935636948408341, ""HCP_A3#1"": 0.002363381702627592, ""HCP_A3#2"": 0.0015552679917026908, ""HCP_A3#3"": 5.7353697144262455e-05}",0.85,0.005,873.0
0.85,0.055,0.085,0.005,0.005,"{""BCC_B2#1"": 0.9953435356506761, ""FCC_L12#1"": 0.000694693655487345, ""HCP_A3#1"": 0.0002892956204427591, ""HCP_A3#2"": 0.0012933356992536368, ""HCP_A3#3"": 0.0023791393741400507}",0.85,0.005,873.0
0.85,0.055,0.09,0.0,0.005,"{""BCC_B2#1"": 0.9953614660407585, ""FCC_L12#1"": 0.0006957922290219963, ""HCP_A3#1"": 0.0005316256415442283, ""HCP_A3#2"": 0.0010167118949328251, ""HCP_A3#3"": 0.00239440419374234}",0.85,0.005,873.0
0.85,0.06,0.0,0.085,0.005,"{""BCC_B2#1"": 0.9906218583719014, ""C15_LAVES#1"": 0.005734444488447966, ""FCC_L12#1"": 0.0006901405424910322, ""HCP_A3#3"": 0.0022494756100683547, ""ZRO2_MONO#1"": 0.0007040809870911064}",0.85,0.005,873.0
0.85,0.06,0.005,0.08,0.005,"{""BCC_B2#1"": 0.9907524159108999, ""C15_LAVES#1"": 0.005594774850514826, ""FCC_L12#1"": 0.0006906247429103638, ""HCP_A3#3"": 0.0022582416515740896, ""ZRO2_MONO#1"": 0.0007039428441008173}",0.85,0.005,873.0
0.85,0.06,0.01,0.075,0.005,"{""BCC_B2#1"": 0.9908957655997477, ""C15_LAVES#1"": 0.0054420432637300115, ""FCC_L12#1"": 0.000691119446480667, ""HCP_A3#3"": 0.0022672948974063827, ""ZRO2_MONO#1"": 0.0007037767926350136}",0.85,0.005,873.0
0.85,0.06,0.015,0.07,0.005,"{""BCC_B2#1"": 0.9910530663334006, ""C15_LAVES#1"": 0.00527509705718737, ""FCC_L12#1"": 0.0006916243781167843, ""HCP_A3#3"": 0.0022766397945670346, ""ZRO2_MONO#1"": 0.0007035724367281088}",0.85,0.005,873.0
0.85,0.06,0.02,0.065,0.005,"{""BCC_B2#1"": 0.9912255804904461, ""C15_LAVES#1"": 0.0050926803601607186, ""FCC_L12#1"": 0.0006921392454678542, ""HCP_A3#3"": 0.002286281376080671, ""ZRO2_MONO#1"": 0.0007033185278447338}",0.85,0.005,873.0
0.85,0.06,0.025,0.06,0.005,"{""BCC_B2#1"": 0.9914146869457757, ""C15_LAVES#1"": 0.004893423587573531, ""FCC_L12#1"": 0.0006926637387324651, ""HCP_A3#2"": 0.0022962253774213466, ""ZRO2_MONO#1"": 0.0007030003504971446}",0.85,0.005,873.0
0.85,0.06,0.03,0.055,0.005,"{""BCC_B2#1"": 0.9933880988559554, ""C15_LAVES#1"": 0.001992298525267128, ""FCC_L12#1"": 0.0006910072000238998, ""HCP_A3#2"": 0.002300629284499751, ""HCP_A3#3"": 0.0016279661342538392}",0.85,0.005,873.0
0.85,0.06,0.035,0.05,0.005,"{""BCC_B2#1"": 0.9936189749927847, ""C15_LAVES#1"": 0.001745819655956002, ""FCC_L12#1"": 0.0006915377863644678, ""HCP_A3#2"": 0.0023108004695016797, ""HCP_A3#3"": 0.0016328670953929454}",0.85,0.005,873.0
0.85,0.06,0.04,0.045,0.005,"{""BCC_B2#1"": 0.9938712761511935, ""C15_LAVES#1"": 0.001477680372909822, ""FCC_L12#1"": 0.0006920767753494603, ""HCP_A3#2"": 0.002321225299357046, ""HCP_A3#3"": 0.0016377414011901773}",0.85,0.005,873.0
0.85,0.06,0.045,0.04,0.005,"{""BCC_B2#1"": 0.9941469032960389, ""C15_LAVES#1"": 0.0011860398442644954, ""FCC_L12#1"": 0.000692623839778744, ""HCP_A3#2"": 0.0023319022323916045, ""HCP_A3#3"": 0.0016425307875259528}",0.85,0.005,873.0
0.85,0.06,0.05,0.035,0.005,"{""BCC_B2#1"": 0.9944479276831513, ""C15_LAVES#1"": 0.000868906087674349, ""FCC_L12#1"": 0.0006931786548418786, ""HCP_A3#2"": 0.0023428295186627454, ""HCP_A3#3"": 0.0016471580556699874}",0.85,0.005,873.0
0.85,0.06,0.055,0.03,0.005,"{""BCC_B2#1"": 0.9947766045642485, ""C15_LAVES#1"": 0.0005241281674220257, ""FCC_L12#1"": 0.0006937409042135976, ""HCP_A3#2"": 0.002354005178363799, ""HCP_A3#3"": 0.0016515211857523419}",0.85,0.005,873.0
0.85,0.06,0.06,0.025,0.005,"{""BCC_B2#1"": 0.9951353869280605, ""C15_LAVES#1"": 0.00014939017758647434, ""FCC_L12#1"": 0.0006943102884252439, ""HCP_A3#2"": 0.0023654269750923783, ""HCP_A3#3"": 0.0016554856308355313}",0.85,0.005,873.0
0.85,0.06,0.065,0.02,0.005,"{""BCC_B2#1"": 0.9952886095248618, ""FCC_L12#1"": 0.0006942068759266172, ""HCP_A3#2"": 0.0023666151443957804, ""HCP_A3#3"": 0.001650568454815622}",0.85,0.005,873.0
0.85,0.06,0.07,0.015,0.005,"{""BCC_B2#1"": 0.995306106037339, ""FCC_L12#1"": 0.0006937038620171867, ""HCP_A3#2"": 0.0023617422981825455, ""HCP_A3#3"": 0.0016384478024612599}",0.85,0.005,873.0
0.85,0.06,0.075,0.01,0.005,"{""BCC_B2#1"": 0.9953269173270708, ""FCC_L12#1"": 0.0006932198426129961, ""HCP_A3#2"": 0.0023572256881164294, ""HCP_A3#3"": 0.0016226371421997833}",0.85,0.005,873.0
0.85,0.06,0.08,0.005,0.005,"{""BCC_B2#1"": 0.9953415951871055, ""FCC_L12#1"": 0.0006939503824788631, ""HCP_A3#1"": 0.0014261229258305335, ""HCP_A3#2"": 0.000170344125653099, ""HCP_A3#3"": 0.0023679873789318787}",0.85,0.005,873.0
0.85,0.06,0.085,0.0,0.005,"{""BCC_B2#1"": 0.9953569953978008, ""FCC_L12#1"": 0.00069509295586702, ""HCP_A3#1"": 0.002383837584231618, ""HCP_A3#2"": 0.00041269476491532153, ""HCP_A3#3"": 0.0011513792971853912}",0.85,0.005,873.0
0.85,0.065,0.0,0.08,0.005,"{""BCC_B2#1"": 0.9905329800956686, ""C15_LAVES#1"": 0.005837139945978656, ""FCC_L12#1"": 0.0006891672104843498, ""HCP_A3#2"": 0.0022365281120726313, ""ZRO2_MONO#1"": 0.0007041846357959174}",0.85,0.005,873.0
0.85,0.065,0.005,0.075,0.005,"{""BCC_B2#1"": 0.9906599634751809, ""C15_LAVES#1"": 0.005701068484273312, ""FCC_L12#1"": 0.0006896543284511807, ""HCP_A3#2"": 0.0022452629062152322, ""ZRO2_MONO#1"": 0.000704050805879511}",0.85,0.005,873.0
0.85,0.065,0.01,0.07,0.005,"{""BCC_B2#1"": 0.9907997862062422, ""C15_LAVES#1"": 0.0055518948298769, ""FCC_L12#1"": 0.0006901522773514927, ""HCP_A3#2"": 0.0022542801676402407, ""ZRO2_MONO#1"": 0.0007038865188891663}",0.85,0.005,873.0
0.85,0.065,0.015,0.065,0.005,"{""BCC_B2#1"": 0.990953620803002, ""C15_LAVES#1"": 0.0053884538850827056, ""FCC_L12#1"": 0.0006906607735936415, ""HCP_A3#2"": 0.002263583421860899, ""ZRO2_MONO#1"": 0.0007036811164606811}",0.85,0.005,873.0
0.85,0.065,0.02,0.06,0.005,"{""BCC_B2#1"": 0.9911227458458132, ""C15_LAVES#1"": 0.005209475936720661, ""FCC_L12#1"": 0.0006911795171843517, ""HCP_A3#2"": 0.0022731766887315523, ""ZRO2_MONO#1"": 0.0007034220115505484}",0.85,0.005,873.0
0.85,0.065,0.025,0.055,0.005,"{""BCC_B2#1"": 0.9913085611042446, ""C15_LAVES#1"": 0.005013575999755654, ""FCC_L12#1"": 0.0006917081926351575, ""HCP_A3#2"": 0.0022830645885701627, ""ZRO2_MONO#1"": 0.0007030901147943287}",0.85,0.005,873.0
0.85,0.065,0.03,0.05,0.005,"{""BCC_B2#1"": 0.9915125969809139, ""C15_LAVES#1"": 0.004799242807541379, ""FCC_L12#1"": 0.000692246464913085, ""HCP_A3#2"": 0.002293252443350117, ""ZRO2_MONO#1"": 0.0007026613032814164}",0.85,0.005,873.0
0.85,0.065,0.035,0.045,0.005,"{""BCC_B2#1"": 0.9920656125642351, ""C15_LAVES#1"": 0.004064543431806997, ""FCC_L12#1"": 0.0006923916145866318, ""HCP_A3#2"": 0.0023027289432500796, ""HCP_A3#3"": 0.00030372159377287024, ""ZRO2_MONO#1"": 0.0005710018523484373}",0.85,0.005,873.0
0.85,0.065,0.04,0.04,0.005,"{""BCC_B2#1"": 0.9937432895034254, ""C15_LAVES#1"": 0.0016282270985548274, ""FCC_L12#1"": 0.0006911957304497901, ""HCP_A3#2"": 0.0023089071734617387, ""HCP_A3#3"": 0.0016283804941081953}",0.85,0.005,873.0
0.85,0.065,0.045,0.035,0.005,"{""BCC_B2#1"": 0.9940159954789489, ""C15_LAVES#1"": 0.0013398791024731255, ""FCC_L12#1"": 0.0006917487593692956, ""HCP_A3#2"": 0.0023195808293241848, ""HCP_A3#3"": 0.0016327958298844377}",0.85,0.005,873.0
0.85,0.065,0.05,0.03,0.005,"{""BCC_B2#1"": 0.9943142649671677, ""C15_LAVES#1"": 0.0010259736915139346, ""FCC_L12#1"": 0.0006923099230919489, ""HCP_A3#2"": 0.002330502196620333, ""HCP_A3#3"": 0.0016369492216062186}",0.85,0.005,873.0
0.85,0.065,0.055,0.025,0.005,"{""BCC_B2#1"": 0.9946403687958582, ""C15_LAVES#1"": 0.0006843750599799016, ""FCC_L12#1"": 0.0006928789332293956, ""HCP_A3#2"": 0.002341669023355367, ""HCP_A3#3"": 0.001640708187577288}",0.85,0.005,873.0
0.85,0.065,0.06,0.02,0.005,"{""BCC_B2#1"": 0.9949967730148036, ""C15_LAVES#1"": 0.0003127941862998805, ""FCC_L12#1"": 0.0006934555285841862, ""HCP_A3#2"": 0.002353078812112878, ""HCP_A3#3"": 0.0016438984581996206}",0.85,0.005,873.0
0.85,0.065,0.065,0.015,0.005,"{""BCC_B2#1"": 0.9953018143208796, ""FCC_L12#1"": 0.0006938003738951643, ""HCP_A3#2"": 0.0023610957527483334, ""HCP_A3#3"": 0.0016432895524768555}",0.85,0.005,873.0
0.85,0.065,0.07,0.01,0.005,"{""BCC_B2#1"": 0.9953207094626191, ""FCC_L12#1"": 0.0006933034486350151, ""HCP_A3#2"": 0.002356420301614538, ""HCP_A3#3"": 0.0016295667871312049}",0.85,0.005,873.0
0.85,0.065,0.075,0.005,0.005,"{""BCC_B2#1"": 0.99534078336818, ""FCC_L12#1"": 0.0006931563616329899, ""HCP_A3#1"": 0.0015639488611734083, ""HCP_A3#2"": 4.5890838178898104e-05, ""HCP_A3#3"": 0.002356220570834634}",0.85,0.005,873.0
0.85,0.065,0.08,0.0,0.005,"{""BCC_B2#1"": 0.9953536976738936, ""FCC_L12#1"": 0.0006943477509223201, ""HCP_A3#1"": 0.001291118494354452, ""HCP_A3#2"": 0.0002881301005888261, ""HCP_A3#3"": 0.002372705980240659}",0.85,0.005,873.0
0.85,0.07,0.0,0.075,0.005,"{""BCC_B2#1"": 0.9904612818318349, ""C15_LAVES#1"": 0.005920767619695076, ""FCC_L12#1"": 0.0006883155489046626, ""HCP_A3#3"": 0.0022253800234541647, ""ZRO2_MONO#1"": 0.0007042549761111113}",0.85,0.005,873.0
0.85,0.07,0.005,0.07,0.005,"{""BCC_B2#1"": 0.9905854726448111, ""C15_LAVES#1"": 0.005787494661104985, ""FCC_L12#1"": 0.0006888052554609127, ""HCP_A3#3"": 0.0022341070090687435, ""ZRO2_MONO#1"": 0.0007041204295541989}",0.85,0.005,873.0
0.85,0.07,0.01,0.065,0.005,"{""BCC_B2#1"": 0.9907226049185651, ""C15_LAVES#1"": 0.0056410232847294555, ""FCC_L12#1"": 0.0006893060986605703, ""HCP_A3#3"": 0.0022431131255850056, ""ZRO2_MONO#1"": 0.0007039525724595107}",0.85,0.005,873.0
0.85,0.07,0.015,0.06,0.005,"{""BCC_B2#1"": 0.9908738690048773, ""C15_LAVES#1"": 0.00548017214976654, ""FCC_L12#1"": 0.0006898177828518456, ""HCP_A3#3"": 0.002252401107369203, ""ZRO2_MONO#1"": 0.0007037399551350374}",0.85,0.005,873.0
0.85,0.07,0.02,0.055,0.005,"{""BCC_B2#1"": 0.9910405651696591, ""C15_LAVES#1"": 0.005303653785931596, ""FCC_L12#1"": 0.000690339997832707, ""HCP_A3#2"": 0.0022619741185876596, ""ZRO2_MONO#1"": 0.0007034669279885219}",0.85,0.005,873.0
0.85,0.07,0.025,0.05,0.005,"{""BCC_B2#1"": 0.9912241162617366, ""C15_LAVES#1"": 0.00511006373119714, ""FCC_L12#1"": 0.0006908724175856328, ""HCP_A3#3"": 0.002271835842256805, ""ZRO2_MONO#1"": 0.0007031117472237864}",0.85,0.005,873.0
0.85,0.07,0.03,0.045,0.005,"{""BCC_B2#1"": 0.9914260793592428, ""C15_LAVES#1"": 0.004897869253009913, ""FCC_L12#1"": 0.0006914146970693273, ""HCP_A3#2"": 0.0022819905710299328, ""ZRO2_MONO#1"": 0.0007026461196480415}",0.85,0.005,873.0
0.85,0.07,0.035,0.04,0.005,"{""BCC_B2#1"": 0.9916481640579492, ""C15_LAVES#1"": 0.0046653973492826375, ""FCC_L12#1"": 0.000691966472026102, ""HCP_A3#2"": 0.002292443315763838, ""ZRO2_MONO#1"": 0.0007020288049779794}",0.85,0.005,873.0
0.85,0.07,0.04,0.035,0.005,"{""BCC_B2#1"": 0.9918922456558893, ""C15_LAVES#1"": 0.004410822830479249, ""FCC_L12#1"": 0.0006925273537292424, ""HCP_A3#2"": 0.002303199906494049, ""ZRO2_MONO#1"": 0.0007012042534080627}",0.85,0.005,873.0
0.85,0.07,0.045,0.03,0.005,"{""BCC_B2#1"": 0.9939126301503801, ""C15_LAVES#1"": 0.0014633210796043139, ""FCC_L12#1"": 0.0006909841604962622, ""HCP_A3#2"": 0.002309080109593333, ""HCP_A3#3"": 0.0016239844999259608}",0.85,0.005,873.0
0.85,0.07,0.05,0.025,0.005,"{""BCC_B2#1"": 0.9942094510846865, ""C15_LAVES#1"": 0.0011514043816016773, ""FCC_L12#1"": 0.0006915511145205967, ""HCP_A3#2"": 0.0023200122992850657, ""HCP_A3#3"": 0.0016275811199057838}",0.85,0.005,873.0
0.85,0.07,0.055,0.02,0.005,"{""BCC_B2#1"": 0.9945343562656479, ""C15_LAVES#1"": 0.0008117061686663614, ""FCC_L12#1"": 0.0006921263116441565, ""HCP_A3#2"": 0.0023311871320448947, ""HCP_A3#3"": 0.0016306241219964787}",0.85,0.005,873.0
0.85,0.07,0.06,0.015,0.005,"{""BCC_B2#1"": 0.9948898229437064, ""C15_LAVES#1"": 0.0004419748753265453, ""FCC_L12#1"": 0.0006927095359433587, ""HCP_A3#2"": 0.0023426018123449775, ""HCP_A3#3"": 0.0016328908326786547}",0.85,0.005,873.0
0.85,0.07,0.065,0.01,0.005,"{""BCC_B2#1"": 0.9952785281907265, ""C15_LAVES#1"": 3.9828587898860194e-05, ""FCC_L12#1"": 0.0006933006293506531, ""HCP_A3#2"": 0.0023542532726072186, ""HCP_A3#3"": 0.001634089319416961}",0.85,0.005,873.0
0.85,0.07,0.07,0.005,0.005,"{""BCC_B2#1"": 0.9953359709585, ""FCC_L12#1"": 0.0006929155956117355, ""HCP_A3#2"": 0.002351355526219518, ""HCP_A3#3"": 0.0016197579196684305}",0.85,0.005,873.0
0.85,0.07,0.075,0.0,0.005,"{""BCC_B2#1"": 0.995351582961188, ""FCC_L12#1"": 0.00069355152944153, ""HCP_A3#1"": 0.0014359576904545068, ""HCP_A3#2"": 0.00015795871180376706, ""HCP_A3#3"": 0.002360949107112584}",0.85,0.005,873.0
0.85,0.075,0.0,0.07,0.005,"{""BCC_B2#1"": 0.9904039233021918, ""C15_LAVES#1"": 0.005988467198612325, ""FCC_L12#1"": 0.0006875694870014552, ""HCP_A3#3"": 0.002215740949143257, ""ZRO2_MONO#1"": 0.0007042990630514382}",0.85,0.005,873.0
0.85,0.075,0.005,0.065,0.005,"{""BCC_B2#1"": 0.9905259929618273, ""C15_LAVES#1"": 0.005857305678134674, ""FCC_L12#1"": 0.0006880615271729025, ""HCP_A3#3"": 0.002224478825248121, ""ZRO2_MONO#1"": 0.0007041610076169714}",0.85,0.005,873.0
0.85,0.075,0.01,0.06,0.005,"{""BCC_B2#1"": 0.9906611567797293, ""C15_LAVES#1"": 0.0057127997632470656, ""FCC_L12#1"": 0.0006885649935893829, ""HCP_A3#3"": 0.002233493554609977, ""ZRO2_MONO#1"": 0.0007039849088242069}",0.85,0.005,873.0
0.85,0.075,0.015,0.055,0.005,"{""BCC_B2#1"": 0.9908106259211363, ""C15_LAVES#1"": 0.00555374855443741, ""FCC_L12#1"": 0.0006890795744721381, ""HCP_A3#3"": 0.002242787164042934, ""ZRO2_MONO#1"": 0.0007037587859112201}",0.85,0.005,873.0
0.85,0.075,0.02,0.05,0.005,"{""BCC_B2#1"": 0.9909757259061993, ""C15_LAVES#1"": 0.005378843159988822, ""FCC_L12#1"": 0.0006896049457421426, ""HCP_A3#2"": 0.0022523620633256866, ""ZRO2_MONO#1"": 0.000703463924743838}",0.85,0.005,873.0
0.85,0.075,0.025,0.045,0.005,"{""BCC_B2#1"": 0.9911579062161677, ""C15_LAVES#1"": 0.005186655928475306, ""FCC_L12#1"": 0.0006901407672245287, ""HCP_A3#3"": 0.002262221119051775, ""ZRO2_MONO#1"": 0.0007030759690806957}",0.85,0.005,873.0
0.85,0.075,0.03,0.04,0.005,"{""BCC_B2#1"": 0.9913587561625655, ""C15_LAVES#1"": 0.004975628741000746, ""FCC_L12#1"": 0.0006906866815543637, ""HCP_A3#2"": 0.0022723677417793827, ""ZRO2_MONO#1"": 0.0007025606730997447}",0.85,0.005,873.0
0.85,0.075,0.035,0.035,0.005,"{""BCC_B2#1"": 0.9915800198736373, ""C15_LAVES#1"": 0.004744061156820363, ""FCC_L12#1"": 0.0006912423109457006, ""HCP_A3#3"": 0.0022828059716205624, ""ZRO2_MONO#1"": 0.0007018706869761327}",0.85,0.005,873.0
0.85,0.075,0.04,0.03,0.005,"{""BCC_B2#1"": 0.9918236150931881, ""C15_LAVES#1"": 0.0044900983960249104, ""FCC_L12#1"": 0.0006918072547351156, ""HCP_A3#3"": 0.0022935405704930284, ""ZRO2_MONO#1"": 0.0007009386855590784}",0.85,0.005,873.0
0.85,0.075,0.045,0.025,0.005,"{""BCC_B2#1"": 0.9920916486453534, ""C15_LAVES#1"": 0.004211720259387595, ""FCC_L12#1"": 0.0006923810827380846, ""HCP_A3#3"": 0.002304577104041421, ""ZRO2_MONO#1"": 0.0006996729084791156}",0.85,0.005,873.0
0.85,0.075,0.05,0.02,0.005,"{""BCC_B2#1"": 0.9941290468420031, ""C15_LAVES#1"": 0.0012501994589119185, ""FCC_L12#1"": 0.0006908883476981346, ""HCP_A3#2"": 0.0016187867841446404, ""HCP_A3#3"": 0.002311078567241783}",0.85,0.005,873.0
0.85,0.075,0.055,0.015,0.005,"{""BCC_B2#1"": 0.994453937463225, ""C15_LAVES#1"": 0.0009113375423550928, ""FCC_L12#1"": 0.0006914693114637005, ""HCP_A3#2"": 0.0016209797896624002, ""HCP_A3#3"": 0.002322275893294101}",0.85,0.005,873.0
0.85,0.075,0.06,0.01,0.005,"{""BCC_B2#1"": 0.9948097028413293, ""C15_LAVES#1"": 0.0005423831742133227, ""FCC_L12#1"": 0.0006920587470118021, ""HCP_A3#2"": 0.0016221452431588624, ""HCP_A3#3"": 0.0023337099942864533}",0.85,0.005,873.0
0.85,0.075,0.065,0.005,0.005,"{""BCC_B2#1"": 0.9951990183649844, ""C15_LAVES#1"": 0.00014103241239667044, ""FCC_L12#1"": 0.0006926565692030064, ""HCP_A3#2"": 0.0016219151852894808, ""HCP_A3#3"": 0.002345377468126214}",0.85,0.005,873.0
0.85,0.075,0.07,0.0,0.005,"{""BCC_B2#1"": 0.9953507321578386, ""FCC_L12#1"": 0.0006926981779101034, ""HCP_A3#1"": 0.002348496041017479, ""HCP_A3#2"": 0.0015859679688040617, ""HCP_A3#3"": 2.2105654429747565e-05}",0.85,0.005,873.0
0.85,0.08,0.0,0.065,0.005,"{""BCC_B2#1"": 0.990358688829785, ""C15_LAVES#1"": 0.006042690649648925, ""FCC_L12#1"": 0.0006869155722424199, ""HCP_A3#2"": 0.0022073818578402255, ""ZRO2_MONO#1"": 0.000704323090483323}",0.85,0.005,873.0
0.85,0.08,0.005,0.06,0.005,"{""BCC_B2#1"": 0.9904792258933564, ""C15_LAVES#1"": 0.005913040999292925, ""FCC_L12#1"": 0.0006874097576033191, ""HCP_A3#2"": 0.0022161459757421478, ""ZRO2_MONO#1"": 0.000704177374005192}",0.85,0.005,873.0
0.85,0.08,0.01,0.055,0.005,"{""BCC_B2#1"": 0.9906130534363566, ""C15_LAVES#1"": 0.005769856229225102, ""FCC_L12#1"": 0.0006879156441836882, ""HCP_A3#2"": 0.002225185491319309, ""ZRO2_MONO#1"": 0.0007039891989151553}",0.85,0.005,873.0
0.85,0.08,0.015,0.05,0.005,"{""BCC_B2#1"": 0.9907614091842094, ""C15_LAVES#1"": 0.005611912602178435, ""FCC_L12#1"": 0.0006884329020526417, ""HCP_A3#2"": 0.0022345017837867008, ""ZRO2_MONO#1"": 0.0007037435277728926}",0.85,0.005,873.0
0.85,0.08,0.02,0.045,0.005,"{""BCC_B2#1"": 0.9909256459652945, ""C15_LAVES#1"": 0.00543787667082926, ""FCC_L12#1"": 0.0006889611889417453, ""HCP_A3#2"": 0.0022440965737017616, ""ZRO2_MONO#1"": 0.0007034196012324426}",0.85,0.005,873.0
0.85,0.08,0.025,0.04,0.005,"{""BCC_B2#1"": 0.9911072448866709, ""C15_LAVES#1"": 0.005246294084487224, ""FCC_L12#1"": 0.0006895001481425105, ""HCP_A3#2"": 0.002253971996176139, ""ZRO2_MONO#1"": 0.0007029888845235544}",0.85,0.005,873.0
0.85,0.08,0.03,0.035,0.005,"{""BCC_B2#1"": 0.991307832180546, ""C15_LAVES#1"": 0.005035577778405919, ""FCC_L12#1"": 0.0006900494073041956, ""HCP_A3#2"": 0.0022641306795585917, ""ZRO2_MONO#1"": 0.0007024099541851397}",0.85,0.005,873.0
0.85,0.08,0.035,0.03,0.005,"{""BCC_B2#1"": 0.991529190604071, ""C15_LAVES#1"": 0.004803996263990221, ""FCC_L12#1"": 0.0006906085718845075, ""HCP_A3#2"": 0.002274575809051152, ""ZRO2_MONO#1"": 0.0007016287510031445}",0.85,0.005,873.0
0.85,0.08,0.04,0.025,0.005,"{""BCC_B2#1"": 0.9917732842223215, ""C15_LAVES#1"": 0.004549661760879777, ""FCC_L12#1"": 0.0006911772256719494, ""HCP_A3#2"": 0.0022853112136166326, ""ZRO2_MONO#1"": 0.0007005655775101556}",0.85,0.005,873.0
0.85,0.08,0.045,0.02,0.005,"{""BCC_B2#1"": 0.992042271321311, ""C15_LAVES#1"": 0.004270519669758273, ""FCC_L12#1"": 0.0006917549210744211, ""HCP_A3#2"": 0.002296341417732466, ""ZRO2_MONO#1"": 0.0006991126701236558}",0.85,0.005,873.0
0.85,0.08,0.05,0.015,0.005,"{""BCC_B2#1"": 0.9923385311042312, ""C15_LAVES#1"": 0.003964339702991407, ""FCC_L12#1"": 0.0006923411761546868, ""HCP_A3#2"": 0.0023076717082930204, ""ZRO2_MONO#1"": 0.0006971163083296371}",0.85,0.005,873.0
0.85,0.08,0.055,0.01,0.005,"{""BCC_B2#1"": 0.994395456048008, ""C15_LAVES#1"": 0.0009874229454166562, ""FCC_L12#1"": 0.0006908964195232716, ""HCP_A3#2"": 0.0023147087322742186, ""HCP_A3#3"": 0.0016115158547777102}",0.85,0.005,873.0
0.85,0.08,0.06,0.005,0.005,"{""BCC_B2#1"": 0.9947525865874333, ""C15_LAVES#1"": 0.00061837566656412, ""FCC_L12#1"": 0.0006914917873030394, ""HCP_A3#2"": 0.002326174919474119, ""HCP_A3#3"": 0.0016113710392252703}",0.85,0.005,873.0
0.85,0.08,0.065,0.0,0.005,"{""BCC_B2#1"": 0.9951436092744187, ""C15_LAVES#1"": 0.0002169857125836568, ""FCC_L12#1"": 0.0006920960858140498, ""HCP_A3#2"": 0.0023378710506187787, ""HCP_A3#3"": 0.0016094378765647845}",0.85,0.005,873.0
0.85,0.085,0.0,0.06,0.005,"{""BCC_B2#1"": 0.9903238311723547, ""C15_LAVES#1"": 0.006085376790156715, ""FCC_L12#1"": 0.0006863424677839559, ""HCP_A3#2"": 0.002200119255627095, ""ZRO2_MONO#1"": 0.0007043303140777652}",0.85,0.005,873.0
0.85,0.085,0.005,0.055,0.005,"{""BCC_B2#1"": 0.990443357265147, ""C15_LAVES#1"": 0.005956708329040383, ""FCC_L12#1"": 0.0006868386662008306, ""HCP_A3#2"": 0.0022089225241961673, ""ZRO2_MONO#1"": 0.0007041732154155345}",0.85,0.005,873.0
0.85,0.085,0.01,0.05,0.005,"{""BCC_B2#1"": 0.9905764114395497, ""C15_LAVES#1"": 0.005814273155912179, ""FCC_L12#1"": 0.000687346828753654, ""HCP_A3#2"": 0.0022180003992042017, ""ZRO2_MONO#1"": 0.0007039681765800826}",0.85,0.005,873.0
0.85,0.085,0.015,0.045,0.005,"{""BCC_B2#1"": 0.9907242606203729, ""C15_LAVES#1"": 0.005656821790637874, ""FCC_L12#1"": 0.0006878666035436408, ""HCP_A3#2"": 0.0022273536459254143, ""ZRO2_MONO#1"": 0.0007036973395199898}",0.85,0.005,873.0
0.85,0.085,0.02,0.04,0.005,"{""BCC_B2#1"": 0.990888289152786, ""C15_LAVES#1"": 0.0054829930796400144, ""FCC_L12#1"": 0.0006883976274359109, ""HCP_A3#2"": 0.0022369833422268177, ""ZRO2_MONO#1"": 0.0007033367979109337}",0.85,0.005,873.0
0.85,0.085,0.025,0.035,0.005,"{""BCC_B2#1"": 0.9910700149397178, ""C15_LAVES#1"": 0.005291302819669358, ""FCC_L12#1"": 0.0006889395252463263, ""HCP_A3#2"": 0.002246890951118125, ""ZRO2_MONO#1"": 0.0007028517642480125}",0.85,0.005,873.0
0.85,0.085,0.03,0.03,0.005,"{""BCC_B2#1"": 0.99127110204811, ""C15_LAVES#1"": 0.0050801318772149134, ""FCC_L12#1"": 0.0006894919047289075, ""HCP_A3#2"": 0.002257078379918242, ""ZRO2_MONO#1"": 0.0007021957900280517}",0.85,0.005,873.0
0.85,0.085,0.035,0.025,0.005,"{""BCC_B2#1"": 0.9914933794205616, ""C15_LAVES#1"": 0.004847714393790967, ""FCC_L12#1"": 0.0006900543539304964, ""HCP_A3#2"": 0.0022675480464204585, ""ZRO2_MONO#1"": 0.000701303785296396}",0.85,0.005,873.0
0.85,0.085,0.04,0.02,0.005,"{""BCC_B2#1"": 0.9917388611482776, ""C15_LAVES#1"": 0.00459212647335818, ""FCC_L12#1"": 0.0006906264374893344, ""HCP_A3#2"": 0.002278302938510963, ""ZRO2_MONO#1"": 0.0007000830023638308}",0.85,0.005,873.0
0.85,0.085,0.045,0.015,0.005,"{""BCC_B2#1"": 0.9920097640862368, ""C15_LAVES#1"": 0.004311276428599228, ""FCC_L12#1"": 0.0006912076887268543, ""HCP_A3#2"": 0.0022893466533169143, ""ZRO2_MONO#1"": 0.000698405143120197}",0.85,0.005,873.0
0.85,0.085,0.05,0.01,0.005,"{""BCC_B2#1"": 0.9923085293799242, ""C15_LAVES#1"": 0.0040028974476036564, ""FCC_L12#1"": 0.0006917976014509731, ""HCP_A3#2"": 0.002300683421842217, ""ZRO2_MONO#1"": 0.000696092149178589}",0.85,0.005,873.0
0.85,0.085,0.055,0.005,0.005,"{""BCC_B2#1"": 0.9926378503694305, ""C15_LAVES#1"": 0.0036645445602831385, ""FCC_L12#1"": 0.0006923956227045149, ""HCP_A3#2"": 0.0023123181131199473, ""ZRO2_MONO#1"": 0.0006928913344620371}",0.85,0.005,873.0
0.85,0.085,0.06,0.0,0.005,"{""BCC_B2#1"": 0.9944009599716837, ""C15_LAVES#1"": 0.00100447242173528, ""FCC_L12#1"": 0.0006911959739381689, ""HCP_A3#1"": 0.0014392463278427431, ""HCP_A3#2"": 0.002320291645905189, ""HCP_A3#3"": 0.0001438336588951862}",0.85,0.005,873.0
0.85,0.09,0.0,0.055,0.005,"{""BCC_B2#1"": 0.9902979575529033, ""C15_LAVES#1"": 0.006118076059470406, ""FCC_L12#1"": 0.0006858405593626007, ""HCP_A3#2"": 0.0021938041271124687, ""ZRO2_MONO#1"": 0.0007043217011512163}",0.85,0.005,873.0
0.85,0.09,0.005,0.05,0.005,"{""BCC_B2#1"": 0.9904169402618307, ""C15_LAVES#1"": 0.005989913060236831, ""FCC_L12#1"": 0.0006863386865548722, ""HCP_A3#2"": 0.0022026576313108944, ""ZRO2_MONO#1"": 0.0007041503600666103}",0.85,0.005,873.0
0.85,0.09,0.01,0.045,0.005,"{""BCC_B2#1"": 0.9905497273818816, ""C15_LAVES#1"": 0.0058477139890083345, ""FCC_L12#1"": 0.0006868490296281844, ""HCP_A3#2"": 0.0022117855015348765, ""ZRO2_MONO#1"": 0.0007039240979469302}",0.85,0.005,873.0
0.85,0.09,0.015,0.04,0.005,"{""BCC_B2#1"": 0.9906976185576988, ""C15_LAVES#1"": 0.005690200815236143, ""FCC_L12#1"": 0.000687371211748826, ""HCP_A3#2"": 0.0022211879104656624, ""ZRO2_MONO#1"": 0.0007036215048504498}",0.85,0.005,873.0
0.85,0.09,0.02,0.035,0.005,"{""BCC_B2#1"": 0.9908620327604076, ""C15_LAVES#1"": 0.005515981896376644, ""FCC_L12#1"": 0.0006879048458482808, ""HCP_A3#2"": 0.002230865321871876, ""ZRO2_MONO#1"": 0.0007032151754957744}",0.85,0.005,873.0
0.85,0.09,0.025,0.03,0.005,"{""BCC_B2#1"": 0.9910445264565528, ""C15_LAVES#1"": 0.005323540258622284, ""FCC_L12#1"": 0.0006884495342590676, ""HCP_A3#2"": 0.002240818559983932, ""ZRO2_MONO#1"": 0.0007026651905818137}",0.85,0.005,873.0
0.85,0.09,0.03,0.025,0.005,"{""BCC_B2#1"": 0.9912468082715726, ""C15_LAVES#1"": 0.005111221689798537, ""FCC_L12#1"": 0.0006890048640869711, ""HCP_A3#2"": 0.0022510488634205415, ""ZRO2_MONO#1"": 0.0007019163111212929}",0.85,0.005,873.0
0.85,0.09,0.035,0.02,0.005,"{""BCC_B2#1"": 0.991470757153211, ""C15_LAVES#1"": 0.004877223119046321, ""FCC_L12#1"": 0.0006895704030358975, ""HCP_A3#2"": 0.002261557936844834, ""ZRO2_MONO#1"": 0.0007008913878619798}",0.85,0.005,873.0
0.85,0.09,0.04,0.015,0.005,"{""BCC_B2#1"": 0.9917184414592233, ""C15_LAVES#1"": 0.004619581923459359, ""FCC_L12#1"": 0.0006901456935578579, ""HCP_A3#2"": 0.002272347990535542, ""ZRO2_MONO#1"": 0.000699482933223788}",0.85,0.005,873.0
0.85,0.09,0.045,0.01,0.005,"{""BCC_B2#1"": 0.991992141940407, ""C15_LAVES#1"": 0.004336167140919317, ""FCC_L12#1"": 0.0006907302470408025, ""HCP_A3#2"": 0.0022834217681653116, ""ZRO2_MONO#1"": 0.0006975389034676973}",0.85,0.005,873.0
0.85,0.09,0.05,0.005,0.005,"{""BCC_B2#1"": 0.9922943697216551, ""C15_LAVES#1"": 0.0040246740789779524, ""FCC_L12#1"": 0.0006913235313440288, ""HCP_A3#2"": 0.0022947825327254393, ""ZRO2_MONO#1"": 0.0006948501352976676}",0.85,0.005,873.0
0.85,0.09,0.055,0.0,0.005,"{""BCC_B2#1"": 0.9926278951444379, ""C15_LAVES#1"": 0.0036826243293609164, ""FCC_L12#1"": 0.0006919249620183307, ""HCP_A3#2"": 0.002306434031309705, ""ZRO2_MONO#1"": 0.0006911215328733216}",0.85,0.005,873.0
0.85,0.095,0.0,0.05,0.005,"{""BCC_B2#1"": 0.9902799436398134, ""C15_LAVES#1"": 0.006142041208419401, ""FCC_L12#1"": 0.0006854016442273223, ""HCP_A3#2"": 0.002188314008365309, ""ZRO2_MONO#1"": 0.0007042994991745649}",0.85,0.005,873.0
0.85,0.095,0.005,0.045,0.005,"{""BCC_B2#1"": 0.9903988092248261, ""C15_LAVES#1"": 0.0060139521379207255, ""FCC_L12#1"": 0.0006859016580720476, ""HCP_A3#2"": 0.0021972274501593403, ""ZRO2_MONO#1"": 0.0007041095290215369}",0.85,0.005,873.0
0.85,0.095,0.01,0.04,0.005,{},0.85,0.005,873.0
0.85,0.095,0.015,0.035,0.005,"{""BCC_B2#1"": 0.9906802254911912, ""C15_LAVES#1"": 0.005713442704008203, ""FCC_L12#1"": 0.0006869386489260509, ""HCP_A3#2"": 0.0022158777004758086, ""ZRO2_MONO#1"": 0.0007035154553986438}",0.85,0.005,873.0
0.85,0.095,0.02,0.03,0.005,"{""BCC_B2#1"": 0.9908455686059418, ""C15_LAVES#1"": 0.005538288347514718, ""FCC_L12#1"": 0.0006874748075880695, ""HCP_A3#2"": 0.0022256139661908005, ""ZRO2_MONO#1"": 0.0007030542727648265}",0.85,0.005,873.0
0.85,0.095,0.025,0.025,0.005,"{""BCC_B2#1"": 0.9910294200444923, ""C15_LAVES#1"": 0.005344506855408307, ""FCC_L12#1"": 0.0006880221817087737, ""HCP_A3#2"": 0.00223562449234943, ""ZRO2_MONO#1"": 0.000702426426041109}",0.85,0.005,873.0
0.85,0.095,0.03,0.02,0.005,"{""BCC_B2#1"": 0.9912335369995756, ""C15_LAVES#1"": 0.00513040627442627, ""FCC_L12#1"": 0.0006885803354140162, ""HCP_A3#2"": 0.0022459098797116745, ""ZRO2_MONO#1"": 0.000701566510872565}",0.85,0.005,873.0
0.85,0.095,0.035,0.015,0.005,"{""BCC_B2#1"": 0.9914598518326504, ""C15_LAVES#1"": 0.004894143807035537, ""FCC_L12#1"": 0.000689148813009035, ""HCP_A3#2"": 0.00225647115470633, ""ZRO2_MONO#1"": 0.0007003843925986488}",0.85,0.005,873.0
0.85,0.095,0.04,0.01,0.005,"{""BCC_B2#1"": 0.9917104932862236, ""C15_LAVES#1"": 0.004633715959972202, ""FCC_L12#1"": 0.0006897271331734823, ""HCP_A3#2"": 0.002267309795868505, ""ZRO2_MONO#1"": 0.0006987538247623081}",0.85,0.005,873.0
0.85,0.095,0.045,0.005,0.005,"{""BCC_B2#1"": 0.991987809258559, ""C15_LAVES#1"": 0.0043469509626992055, ""FCC_L12#1"": 0.000690314781149772, ""HCP_A3#2"": 0.0022784277364844337, ""ZRO2_MONO#1"": 0.0006964972611075495}",0.85,0.005,873.0
0.85,0.095,0.05,0.0,0.005,"{""BCC_B2#1"": 0.9922943884238167, ""C15_LAVES#1"": 0.0040315057961100255, ""FCC_L12#1"": 0.0006909111968435118, ""HCP_A3#2"": 0.0022898273266801104, ""ZRO2_MONO#1"": 0.0006933672565497266}",0.85,0.005,873.0
0.85,0.1,0.0,0.045,0.005,"{""BCC_B2#1"": 0.9902688775868036, ""C15_LAVES#1"": 0.006158293815605121, ""FCC_L12#1"": 0.0006850186896153983, ""HCP_A3#2"": 0.0021835472043596088, ""ZRO2_MONO#1"": 0.0007042627036162943}",0.85,0.005,873.0
0.85,0.1,0.005,0.04,0.005,"{""BCC_B2#1"": 0.9903880164362939, ""C15_LAVES#1"": 0.006029883094317798, ""FCC_L12#1"": 0.0006855205818145233, ""HCP_A3#2"": 0.0021925292126712746, ""ZRO2_MONO#1"": 0.0007040506749024691}",0.85,0.005,873.0
0.85,0.1,0.01,0.035,0.005,"{""BCC_B2#1"": 0.9905216192936089, ""C15_LAVES#1"": 0.005886793792160682, ""FCC_L12#1"": 0.0006860351587546048, ""HCP_A3#2"": 0.0022017864476871767, ""ZRO2_MONO#1"": 0.0007037653077883769}",0.85,0.005,873.0
0.85,0.1,0.015,0.03,0.005,"{""BCC_B2#1"": 0.9906710578847279, ""C15_LAVES#1"": 0.005727683134344652, ""FCC_L12#1"": 0.0006865619833745885, ""HCP_A3#2"": 0.0022113179137404383, ""ZRO2_MONO#1"": 0.0007033790838124037}",0.85,0.005,873.0
0.85,0.1,0.02,0.025,0.005,"{""BCC_B2#1"": 0.99083783375289, ""C15_LAVES#1"": 0.005551090516682321, ""FCC_L12#1"": 0.0006871006152551494, ""HCP_A3#2"": 0.002221122896089403, ""ZRO2_MONO#1"": 0.0007028522190828585}",0.85,0.005,873.0
0.85,0.1,0.025,0.02,0.005,"{""BCC_B2#1"": 0.9910235914196877, ""C15_LAVES#1"": 0.005355425677384902, ""FCC_L12#1"": 0.0006876506046978486, ""HCP_A3#2"": 0.0022312010040564908, ""ZRO2_MONO#1"": 0.0007021312941730354}",0.85,0.005,873.0
0.85,0.1,0.03,0.015,0.005,"{""BCC_B2#1"": 0.9912301396114065, ""C15_LAVES#1"": 0.005138956491659559, ""FCC_L12#1"": 0.0006882114899627825, ""HCP_A3#2"": 0.0022415522171032546, ""ZRO2_MONO#1"": 0.0007011401898677665}",0.85,0.005,873.0
0.85,0.1,0.035,0.01,0.005,"{""BCC_B2#1"": 0.9914594690961069, ""C15_LAVES#1"": 0.004899798356566069, ""FCC_L12#1"": 0.0006887827902100616, ""HCP_A3#2"": 0.002252176908077496, ""ZRO2_MONO#1"": 0.0006997728490392579}",0.85,0.005,873.0
0.85,0.1,0.04,0.005,0.005,"{""BCC_B2#1"": 0.9917137740602197, ""C15_LAVES#1"": 0.00463590519183187, ""FCC_L12#1"": 0.000689363998074433, ""HCP_A3#2"": 0.0022630758502925237, ""ZRO2_MONO#1"": 0.000697880899581348}",0.85,0.005,873.0
0.85,0.1,0.045,0.0,0.005,"{""BCC_B2#1"": 0.9919954746723968, ""C15_LAVES#1"": 0.004345063558205948, ""FCC_L12#1"": 0.0006899545697685701, ""HCP_A3#2"": 0.0022742501936457325, ""ZRO2_MONO#1"": 0.0006952570059831981}",0.85,0.005,873.0
0.85,0.105,0.0,0.04,0.005,"{""BCC_B2#1"": 0.9902640093449461, ""C15_LAVES#1"": 0.006167674271880158, ""FCC_L12#1"": 0.0006846856335079711, ""HCP_A3#2"": 0.002179418464101295, ""ZRO2_MONO#1"": 0.0007042122855644613}",0.85,0.005,873.0
0.85,0.105,0.005,0.035,0.005,"{""BCC_B2#1"": 0.9903837849738047, ""C15_LAVES#1"": 0.006038575752437205, ""FCC_L12#1"": 0.0006851894254826685, ""HCP_A3#2"": 0.002188476834905246, ""ZRO2_MONO#1"": 0.0007039730133697433}",0.85,0.005,873.0
0.85,0.105,0.01,0.03,0.005,"{""BCC_B2#1"": 0.9905184040532359, ""C15_LAVES#1"": 0.005894429179780396, ""FCC_L12#1"": 0.0006857061174811772, ""HCP_A3#2"": 0.002197811425768814, ""ZRO2_MONO#1"": 0.0007036492237337221}",0.85,0.005,873.0
0.85,0.105,0.015,0.025,0.005,"{""BCC_B2#1"": 0.990669280216485, ""C15_LAVES#1"": 0.005733855771028896, ""FCC_L12#1"": 0.0006862352394487832, ""HCP_A3#2"": 0.00220742065647353, ""ZRO2_MONO#1"": 0.0007032081165634674}",0.85,0.005,873.0
0.85,0.105,0.02,0.02,0.005,"{""BCC_B2#1"": 0.9908379592372829, ""C15_LAVES#1"": 0.005555356997740753, ""FCC_L12#1"": 0.0006867763196367121, ""HCP_A3#2"": 0.0022173032243616047, ""ZRO2_MONO#1"": 0.0007026042209779062}",0.85,0.005,873.0
0.85,0.105,0.025,0.015,0.005,"{""BCC_B2#1"": 0.991026136682466, ""C15_LAVES#1"": 0.0053573022975543245, ""FCC_L12#1"": 0.0006873288802469834, ""HCP_A3#2"": 0.0022274581473732008, ""ZRO2_MONO#1"": 0.000701773992359212}",0.85,0.005,873.0
0.85,0.105,0.03,0.01,0.005,"{""BCC_B2#1"": 0.9912356764000112, ""C15_LAVES#1"": 0.005137917396312778, ""FCC_L12#1"": 0.0006878924314968952, ""HCP_A3#2"": 0.0022378847927406894, ""ZRO2_MONO#1"": 0.0007006289794381748}",0.85,0.005,873.0
0.85,0.105,0.035,0.005,0.005,"{""BCC_B2#1"": 0.991468632838001, ""C15_LAVES#1"": 0.004895274121254595, ""FCC_L12#1"": 0.0006884664659287798, ""HCP_A3#2"": 0.0022485828936890627, ""ZRO2_MONO#1"": 0.0006990436811263909}",0.85,0.005,873.0
0.85,0.105,0.04,0.0,0.005,"{""BCC_B2#1"": 0.9917272680086293, ""C15_LAVES#1"": 0.004627282611541524, ""FCC_L12#1"": 0.0006890504460439072, ""HCP_A3#2"": 0.002259552525244279, ""ZRO2_MONO#1"": 0.0006968464085409444}",0.85,0.005,873.0
0.85,0.11,0.0,0.035,0.005,"{""BCC_B2#1"": 0.9902647216546719, ""C15_LAVES#1"": 0.0061708791965480155, ""FCC_L12#1"": 0.0006843972304062042, ""HCP_A3#2"": 0.002175855728787203, ""ZRO2_MONO#1"": 0.0007041461895866669}",0.85,0.005,873.0
0.85,0.11,0.005,0.03,0.005,"{""BCC_B2#1"": 0.9903854734548377, ""C15_LAVES#1"": 0.0060407511064656545, ""FCC_L12#1"": 0.000684902966434454, ""HCP_A3#2"": 0.0021849975984323394, ""ZRO2_MONO#1"": 0.0007038748738296052}",0.85,0.005,873.0
0.85,0.11,0.01,0.025,0.005,"{""BCC_B2#1"": 0.9905214800479598, ""C15_LAVES#1"": 0.005895175194031364, ""FCC_L12#1"": 0.0006854218038847467, ""HCP_A3#2"": 0.0021944170085231693, ""ZRO2_MONO#1"": 0.0007035059456006571}",0.85,0.005,873.0
0.85,0.11,0.015,0.02,0.005,"{""BCC_B2#1"": 0.9906741999750048, ""C15_LAVES#1"": 0.005732734527812327, ""FCC_L12#1"": 0.0006859532376076128, ""HCP_A3#2"": 0.0022041117850169338, ""ZRO2_MONO#1"": 0.0007030004745581816}",0.85,0.005,873.0
0.85,0.11,0.02,0.015,0.005,"{""BCC_B2#1"": 0.9908452271448406, ""C15_LAVES#1"": 0.005551890445468363, ""FCC_L12#1"": 0.0006864967630260304, ""HCP_A3#2"": 0.002214080034152255, ""ZRO2_MONO#1"": 0.0007023056125124442}",0.85,0.005,873.0
0.85,0.11,0.025,0.01,0.005,"{""BCC_B2#1"": 0.9910363107314333, ""C15_LAVES#1"": 0.005350970104349682, ""FCC_L12#1"": 0.0006870518717553959, ""HCP_A3#2"": 0.002224320179749959, ""ZRO2_MONO#1"": 0.000701347112711798}",0.85,0.005,873.0
0.85,0.11,0.03,0.005,0.005,"{""BCC_B2#1"": 0.9912493745818541, ""C15_LAVES#1"": 0.005128155268570405, ""FCC_L12#1"": 0.0006876180447586168, ""HCP_A3#2"": 0.0022348309806935573, ""ZRO2_MONO#1"": 0.0007000211241233393}",0.85,0.005,873.0
0.85,0.11,0.035,0.0,0.005,"{""BCC_B2#1"": 0.9914865384612429, ""C15_LAVES#1"": 0.004881472878833687, ""FCC_L12#1"": 0.0006881947440469322, ""HCP_A3#2"": 0.002245611527121617, ""ZRO2_MONO#1"": 0.0006981823887545064}",0.85,0.005,873.0
0.85,0.115,0.0,0.03,0.005,"{""BCC_B2#1"": 0.990270498949468, ""C15_LAVES#1"": 0.00616849036968424, ""FCC_L12#1"": 0.000684148919904901, ""HCP_A3#2"": 0.002172797619595833, ""ZRO2_MONO#1"": 0.0007040641413468786}",0.85,0.005,873.0
0.85,0.115,0.005,0.025,0.005,"{""BCC_B2#1"": 0.9903925469063712, ""C15_LAVES#1"": 0.0060370112003703584, ""FCC_L12#1"": 0.0006846566627959794, ""HCP_A3#2"": 0.002182029604468813, ""ZRO2_MONO#1"": 0.000703755625993622}",0.85,0.005,873.0
0.85,0.115,0.01,0.02,0.005,"{""BCC_B2#1"": 0.9905302937419482, ""C15_LAVES#1"": 0.005889655217128181, ""FCC_L12#1"": 0.0006851776946183019, ""HCP_A3#2"": 0.0021915407555841214, ""ZRO2_MONO#1"": 0.000703332590720956}",0.85,0.005,873.0
0.85,0.115,0.015,0.015,0.005,"{""BCC_B2#1"": 0.9906852429356144, ""C15_LAVES#1"": 0.005724965488667935, ""FCC_L12#1"": 0.000685711471332834, ""HCP_A3#2"": 0.00220132828522737, ""ZRO2_MONO#1"": 0.0007027518191576133}",0.85,0.005,873.0
0.85,0.115,0.02,0.01,0.005,"{""BCC_B2#1"": 0.9908590417432117, ""C15_LAVES#1"": 0.005541360994217111, ""FCC_L12#1"": 0.0006862574550524772, ""HCP_A3#2"": 0.0022113897028703186, ""ZRO2_MONO#1"": 0.0007019501046482665}",0.85,0.005,873.0
0.85,0.115,0.025,0.005,0.005,"{""BCC_B2#1"": 0.9910534954999793, ""C15_LAVES#1"": 0.005337124996907737, ""FCC_L12#1"": 0.0006868151045660632, ""HCP_A3#2"": 0.002221722830216113, ""ZRO2_MONO#1"": 0.0007008415683306251}",0.85,0.005,873.0
0.85,0.115,0.03,0.0,0.005,"{""BCC_B2#1"": 0.9912705919318523, ""C15_LAVES#1"": 0.005110393786201748, ""FCC_L12#1"": 0.0006873838697590744, ""HCP_A3#2"": 0.0022323258127103047, ""ZRO2_MONO#1"": 0.0006993045994767242}",0.85,0.005,873.0
0.85,0.12,0.0,0.025,0.005,"{""BCC_B2#1"": 0.990280910817036, ""C15_LAVES#1"": 0.006160996788379827, ""FCC_L12#1"": 0.0006839367243201499, ""HCP_A3#2"": 0.002170191503436213, ""ZRO2_MONO#1"": 0.0007039641668275169}",0.85,0.005,873.0
0.85,0.12,0.005,0.02,0.005,"{""BCC_B2#1"": 0.990404560769458, ""C15_LAVES#1"": 0.006027861958727605, ""FCC_L12#1"": 0.0006844465524919845, ""HCP_A3#2"": 0.0021795198135596988, ""ZRO2_MONO#1"": 0.0007036109057626236}",0.85,0.005,873.0
0.85,0.12,0.01,0.015,0.005,"{""BCC_B2#1"": 0.9905443818942191, ""C15_LAVES#1"": 0.005878393302864233, ""FCC_L12#1"": 0.0006849698395135596, ""HCP_A3#2"": 0.002189129194675037, ""ZRO2_MONO#1"": 0.0007031257687277572}",0.85,0.005,873.0
0.85,0.12,0.015,0.01,0.005,"{""BCC_B2#1"": 0.9907019302105999, ""C15_LAVES#1"": 0.0057110915538421386, ""FCC_L12#1"": 0.0006855060037816862, ""HCP_A3#2"": 0.0021990162366586842, ""ZRO2_MONO#1"": 0.0007024559951175575}",0.85,0.005,873.0
0.85,0.12,0.02,0.005,0.005,"{""BCC_B2#1"": 0.9908789059442447, ""C15_LAVES#1"": 0.0055243319678534505, ""FCC_L12#1"": 0.0006860544703371841, ""HCP_A3#2"": 0.0022091778316388135, ""ZRO2_MONO#1"": 0.0007015297859257537}",0.85,0.005,873.0
0.85,0.12,0.025,0.0,0.005,"{""BCC_B2#1"": 0.9910771751194485, ""C15_LAVES#1"": 0.005316352168767093, ""FCC_L12#1"": 0.0006866146641683479, ""HCP_A3#2"": 0.0022196111895853464, ""ZRO2_MONO#1"": 0.0007002468580304635}",0.85,0.005,873.0
0.85,0.125,0.0,0.02,0.005,"{""BCC_B2#1"": 0.9902955946667936, ""C15_LAVES#1"": 0.006148812032882477, ""FCC_L12#1"": 0.0006837571612975815, ""HCP_A3#2"": 0.0021679919659322996, ""ZRO2_MONO#1"": 0.0007038441730940998}",0.85,0.005,873.0
0.85,0.125,0.005,0.015,0.005,"{""BCC_B2#1"": 0.9904211383568793, ""C15_LAVES#1"": 0.006013731395630832, ""FCC_L12#1"": 0.0006842691632910795, ""HCP_A3#2"": 0.0021774224876488033, ""ZRO2_MONO#1"": 0.0007034385965498799}",0.85,0.005,873.0
0.85,0.125,0.01,0.01,0.005,"{""BCC_B2#1"": 0.9905633566048674, ""C15_LAVES#1"": 0.005861832519159349, ""FCC_L12#1"": 0.0006847947775360623, ""HCP_A3#2"": 0.002187136257608422, ""ZRO2_MONO#1"": 0.0007028798408286576}",0.85,0.005,873.0
0.85,0.125,0.015,0.005,0.005,"{""BCC_B2#1"": 0.9907238576874392, ""C15_LAVES#1"": 0.00569157216683543, ""FCC_L12#1"": 0.0006853333812898509, ""HCP_A3#2"": 0.002197129214973166, ""ZRO2_MONO#1"": 0.0007021075494620376}",0.85,0.005,873.0
0.85,0.125,0.02,0.0,0.005,"{""BCC_B2#1"": 0.99090440133946, ""C15_LAVES#1"": 0.005501280098839335, ""FCC_L12#1"": 0.0006858843633447633, ""HCP_A3#2"": 0.0022073976236684596, ""ZRO2_MONO#1"": 0.0007010365746874736}",0.85,0.005,873.0
0.85,0.13,0.0,0.015,0.005,"{""BCC_B2#1"": 0.990314243423118, ""C15_LAVES#1"": 0.00613228787696053, ""FCC_L12#1"": 0.0006836071723577707, ""HCP_A3#2"": 0.002166159604280857, ""ZRO2_MONO#1"": 0.0007037019232827061}",0.85,0.005,873.0
0.85,0.13,0.005,0.01,0.005,"{""BCC_B2#1"": 0.9904419610370577, ""C15_LAVES#1"": 0.005994983574020433, ""FCC_L12#1"": 0.0006841214437574996, ""HCP_A3#2"": 0.0021756979730186057, ""ZRO2_MONO#1"": 0.0007032359721455813}",0.85,0.005,873.0
0.85,0.13,0.01,0.005,0.005,"{""BCC_B2#1"": 0.9905868871001161, ""C15_LAVES#1"": 0.005840349929201509, ""FCC_L12#1"": 0.000684649463057089, ""HCP_A3#2"": 0.0021855220300378004, ""ZRO2_MONO#1"": 0.0007025914775877954}",0.85,0.005,873.0
0.85,0.13,0.015,0.0,0.005,"{""BCC_B2#1"": 0.990750685170967, ""C15_LAVES#1"": 0.005666798219889051, ""FCC_L12#1"": 0.0006851905652328397, ""HCP_A3#2"": 0.0021956270391923372, ""ZRO2_MONO#1"": 0.0007016990047187439}",0.85,0.005,873.0
0.85,0.135,0.0,0.01,0.005,"{""BCC_B2#1"": 0.990336597441687, ""C15_LAVES#1"": 0.006111725017308621, ""FCC_L12#1"": 0.0006834840645032115, ""HCP_A3#2"": 0.0021646600657481627, ""ZRO2_MONO#1"": 0.0007035334107531231}",0.85,0.005,873.0
0.85,0.135,0.005,0.005,0.005,"{""BCC_B2#1"": 0.9904667610912979, ""C15_LAVES#1"": 0.005971929690870399, ""FCC_L12#1"": 0.0006840007061705874, ""HCP_A3#2"": 0.002174311729351024, ""ZRO2_MONO#1"": 0.0007029967823097939}",0.85,0.005,873.0
0.85,0.135,0.01,0.0,0.005,"{""BCC_B2#1"": 0.9906146958093588, ""C15_LAVES#1"": 0.005814268038456263, ""FCC_L12#1"": 0.0006845312116618386, ""HCP_A3#2"": 0.002184251775315877, ""ZRO2_MONO#1"": 0.0007022531652072339}",0.85,0.005,873.0
0.85,0.14,0.0,0.005,0.005,"{""BCC_B2#1"": 0.9903624334752505, ""C15_LAVES#1"": 0.006087381824429005, ""FCC_L12#1"": 0.0006833854582738508, ""HCP_A3#2"": 0.002163463263310282, ""ZRO2_MONO#1"": 0.0007033359787364257}",0.85,0.005,873.0
0.85,0.14,0.005,0.0,0.005,{},0.85,0.005,873.0
0.85,0.145,0.0,0.0,0.005,"{""BCC_B2#1"": 0.9903915614395958, ""C15_LAVES#1"": 0.006059481164034793, ""FCC_L12#1"": 0.0006833092479332869, ""HCP_A3#2"": 0.002162542750735966, ""ZRO2_MONO#1"": 0.0007031053977001435}",0.85,0.005,873.0
0.8,0.0,0.0,0.195,0.005,"{""BCC_B2#1"": 0.9934186741506402, ""FCC_L12#1"": 0.0009165276839568423, ""HCP_A3#2"": 0.003495330038116157, ""HCP_A3#3"": 0.001901313232904881, ""ZRO2_MONO#1"": 0.0002681548943818984}",0.8,0.005,773.0
0.8,0.0,0.005,0.19,0.005,"{""BCC_B2#1"": 0.9934337407482783, ""FCC_L12#1"": 0.0009084105912989872, ""HCP_A3#2"": 0.001956120787410518, ""HCP_A3#3"": 0.0034664371281897663, ""ZRO2_MONO#1"": 0.0002352907448228298}",0.8,0.005,773.0
0.8,0.0,0.01,0.185,0.005,"{""BCC_B2#1"": 0.9934489698625016, ""FCC_L12#1"": 0.0009002935145425054, ""HCP_A3#1"": 0.0034375864488250247, ""HCP_A3#2"": 0.0020105525477035545, ""ZRO2_MONO#1"": 0.00020259762642726078}",0.8,0.005,773.0
0.8,0.0,0.015,0.18,0.005,"{""BCC_B2#1"": 0.9934643915303971, ""FCC_L12#1"": 0.0008921765038947241, ""HCP_A3#1"": 0.003408775010026724, ""HCP_A3#2"": 0.002064560658888052, ""ZRO2_MONO#1"": 0.00017009629679326263}",0.8,0.005,773.0
0.8,0.0,0.02,0.17500000000000002,0.005,"{""BCC_B2#1"": 0.9934800377244657, ""FCC_L12#1"": 0.0008840596109222009, ""HCP_A3#1"": 0.0033799996441908507, ""HCP_A3#2"": 0.002118094250601388, ""ZRO2_MONO#1"": 0.00013780876981981787}",0.8,0.005,773.0
0.8,0.0,0.025,0.17,0.005,"{""BCC_B2#1"": 0.993495942438337, ""FCC_L12#1"": 0.0008759428884764766, ""HCP_A3#1"": 0.003351257006971758, ""HCP_A3#2"": 0.0021710992939814266, ""ZRO2_MONO#1"": 0.00010575837223332512}",0.8,0.005,773.0
0.8,0.0,0.03,0.165,0.005,"{""BCC_B2#1"": 0.9935121417794616, ""FCC_L12#1"": 0.0008678263906165123, ""HCP_A3#1"": 0.0033225435786812065, ""HCP_A3#2"": 0.002223518446460672, ""ZRO2_MONO#1"": 7.396980478025708e-05}",0.8,0.005,773.0
0.8,0.0,0.035,0.16,0.005,"{""BCC_B2#1"": 0.993528674069567, ""FCC_L12#1"": 0.0008597101725292713, ""HCP_A3#1"": 0.0022752908831831452, ""HCP_A3#2"": 0.003293855666287933, ""ZRO2_MONO#1"": 4.246920843275608e-05}",0.8,0.005,773.0
0.8,0.0,0.04,0.155,0.005,"{""BCC_B2#1"": 0.9935455799537878, ""FCC_L12#1"": 0.0008515942904485096, ""HCP_A3#1"": 0.0032651894060879735, ""HCP_A3#2"": 0.0023263521137798803, ""ZRO2_MONO#1"": 1.1284235895647402e-05}",0.8,0.005,773.0
0.8,0.0,0.045,0.15,0.005,"{""BCC_B2#1"": 0.9935722434529328, ""FCC_L12#1"": 0.0008440747517084305, ""HCP_A3#1"": 0.002337440521727318, ""HCP_A3#2"": 0.0032462412736315883}",0.8,0.005,773.0
0.8,0.0,0.05,0.145,0.005,"{""BCC_B2#1"": 0.9936056090975256, ""FCC_L12#1"": 0.0008368428427160653, ""HCP_A3#1"": 0.0032321227656454507, ""HCP_A3#2"": 0.0023254252941130172}",0.8,0.005,773.0
0.8,0.0,0.055,0.14,0.005,"{""BCC_B2#1"": 0.9936405250702539, ""FCC_L12#1"": 0.0008295463815050397, ""HCP_A3#1"": 0.0023128281528284143, ""HCP_A3#2"": 0.0032171003954128406}",0.8,0.005,773.0
0.8,0.0,0.06,0.135,0.005,"{""BCC_B2#1"": 0.9936769980039182, ""FCC_L12#1"": 0.0008221873978690912, ""HCP_A3#1"": 0.00320117197302589, ""HCP_A3#2"": 0.0022996426251870586}",0.8,0.005,773.0
0.8,0.0,0.065,0.13,0.005,"{""BCC_B2#1"": 0.9937150348429261, ""FCC_L12#1"": 0.0008147678157660603, ""HCP_A3#1"": 0.003184334758050077, ""HCP_A3#2"": 0.002285862583257576}",0.8,0.005,773.0
0.8,0.0,0.07,0.125,0.005,"{""BCC_B2#1"": 0.9937546420150369, ""FCC_L12#1"": 0.0008072894794673262, ""HCP_A3#1"": 0.003166585979464789, ""HCP_A3#2"": 0.0022714825260311262}",0.8,0.005,773.0
0.8,0.0,0.075,0.12,0.005,"{""BCC_B2#1"": 0.9937958247204249, ""FCC_L12#1"": 0.0007997541741019908, ""HCP_A3#1"": 0.003147923288824384, ""HCP_A3#2"": 0.0022564978166487856}",0.8,0.005,773.0
0.8,0.0,0.08,0.115,0.005,"{""BCC_B2#1"": 0.9938385863215776, ""FCC_L12#1"": 0.0007921636419009434, ""HCP_A3#1"": 0.0031283451604868363, ""HCP_A3#2"": 0.002240904876034649}",0.8,0.005,773.0
0.8,0.0,0.085,0.11,0.005,"{""BCC_B2#1"": 0.9938829278258119, ""FCC_L12#1"": 0.0007845195951515727, ""HCP_A3#1"": 0.0022247013301539185, ""HCP_A3#2"": 0.0031078512488825825}",0.8,0.005,773.0
0.8,0.0,0.09,0.105,0.005,"{""BCC_B2#1"": 0.9939288474598591, ""FCC_L12#1"": 0.0007768237266675036, ""HCP_A3#1"": 0.003086442710132462, ""HCP_A3#2"": 0.0022078861033408923}",0.8,0.005,773.0
0.8,0.0,0.095,0.1,0.005,"{""BCC_B2#1"": 0.9939763403440084, ""FCC_L12#1"": 0.0007690777184378631, ""HCP_A3#2"": 0.0030641224936310833, ""HCP_A3#3"": 0.0021904594439228603}",0.8,0.005,773.0
0.8,0.0,0.1,0.095,0.005,"{""BCC_B2#1"": 0.9940191958850724, ""FCC_L12#1"": 0.0007615710125715501, ""HCP_A3#1"": 2.4017761954897717e-05, ""HCP_A3#2"": 0.0030462096130015105, ""HCP_A3#3"": 0.0021490057274000103}",0.8,0.005,773.0
0.8,0.0,0.105,0.09,0.005,"{""BCC_B2#1"": 0.9940593477372736, ""FCC_L12#1"": 0.0007542059919539918, ""HCP_A3#1"": 6.681877855743727e-05, ""HCP_A3#2"": 0.0030310282428004536, ""HCP_A3#3"": 0.002088599249414757}",0.8,0.005,773.0
0.8,0.0,0.11,0.085,0.005,"{""BCC_B2#1"": 0.9941007766199641, ""FCC_L12#1"": 0.0007467935186369702, ""HCP_A3#1"": 0.0020237797943938127, ""HCP_A3#2"": 0.003015085685478626, ""HCP_A3#3"": 0.00011356438152652074}",0.8,0.005,773.0
0.8,0.0,0.115,0.08,0.005,"{""BCC_B2#1"": 0.9941433244279955, ""FCC_L12#1"": 0.0007393372552208422, ""HCP_A3#1"": 0.0019540637185577058, ""HCP_A3#2"": 0.00016486240838998673, ""HCP_A3#3"": 0.0029984121898359328}",0.8,0.005,773.0
0.8,0.0,0.12,0.075,0.005,"{""BCC_B2#1"": 0.9941868155556413, ""FCC_L12#1"": 0.0007318404585092675, ""HCP_A3#1"": 0.0018789473380120816, ""HCP_A3#2"": 0.0029810327530232763, ""HCP_A3#3"": 0.00022136389481423576}",0.8,0.005,773.0
0.8,0.0,0.125,0.07,0.005,"{""BCC_B2#1"": 0.9942310524922976, ""FCC_L12#1"": 0.0007243060421567352, ""HCP_A3#1"": 0.00028376998985598577, ""HCP_A3#2"": 0.0017979036928445333, ""HCP_A3#3"": 0.002962967782845175}",0.8,0.005,773.0
0.8,0.0,0.13,0.065,0.005,"{""BCC_B2#1"": 0.9942758117428849, ""FCC_L12#1"": 0.0007167366274865534, ""HCP_A3#1"": 0.0003528384448532314, ""HCP_A3#2"": 0.001710379551973163, ""HCP_A3#3"": 0.002944233632802383}",0.8,0.005,773.0
0.8,0.0,0.135,0.06,0.005,"{""BCC_B2#1"": 0.9943208402588214, ""FCC_L12#1"": 0.0007091345851540372, ""HCP_A3#1"": 0.0004293894765675834, ""HCP_A3#2"": 0.0029248430389030517, ""HCP_A3#3"": 0.0016157926405540551}",0.8,0.005,773.0
0.8,0.0,0.14,0.055,0.005,"{""BCC_B2#1"": 0.9943658526946203, ""FCC_L12#1"": 0.0007015020694812952, ""HCP_A3#1"": 0.0015135291021997892, ""HCP_A3#2"": 0.0029048054806431237, ""HCP_A3#3"": 0.0005143106530556733}",0.8,0.005,773.0
0.8,0.0,0.145,0.05,0.005,"{""BCC_B2#1"": 0.994410529975993, ""FCC_L12#1"": 0.0006938410469428144, ""HCP_A3#1"": 0.001402941237755981, ""HCP_A3#2"": 0.0006085602551738943, ""HCP_A3#3"": 0.002884127484134223}",0.8,0.005,773.0
0.8,0.0,0.15,0.045,0.005,"{""BCC_B2#1"": 0.9944545198924067, ""FCC_L12#1"": 0.0006861533199857237, ""HCP_A3#1"": 0.0012833455937725422, ""HCP_A3#2"": 0.0007131683113812331, ""HCP_A3#3"": 0.002862812882453512}",0.8,0.005,773.0
0.8,0.0,0.155,0.04,0.005,"{""BCC_B2#1"": 0.994497440732835, ""FCC_L12#1"": 0.0006784405470424492, ""HCP_A3#1"": 0.000829234167456715, ""HCP_A3#2"": 0.002840863047947091, ""HCP_A3#3"": 0.0011540215047186565}",0.8,0.005,773.0
0.8,0.0,0.16,0.035,0.005,"{""BCC_B2#1"": 0.9945388894035215, ""FCC_L12#1"": 0.0006707042594025605, ""HCP_A3#1"": 0.0010142102310375276, ""HCP_A3#2"": 0.000957919000018753, ""HCP_A3#3"": 0.002818277106019577}",0.8,0.005,773.0
0.8,0.0,0.165,0.03,0.005,"{""BCC_B2#1"": 0.9945784560307166, ""FCC_L12#1"": 0.0006629458755702799, ""HCP_A3#1"": 0.0008631148621625671, ""HCP_A3#2"": 0.002795052143731466, ""HCP_A3#3"": 0.0011004310878189624}",0.8,0.005,773.0
0.8,0.0,0.17,0.025,0.005,"{""BCC_B2#1"": 0.9946157478373876, ""FCC_L12#1"": 0.0006551667135980728, ""HCP_A3#1"": 0.0006999011806083684, ""HCP_A3#2"": 0.0012580008442690483, ""HCP_A3#3"": 0.002771183424136858}",0.8,0.005,773.0
0.8,0.0,0.17500000000000002,0.02,0.005,"{""BCC_B2#1"": 0.9946504261786268, ""FCC_L12#1"": 0.0006473680017555451, ""HCP_A3#1"": 0.0005236996931017847, ""HCP_A3#2"": 0.002746664617448817, ""HCP_A3#3"": 0.0014318415090670065}",0.8,0.005,773.0
0.8,0.0,0.18,0.015,0.005,"{""BCC_B2#1"": 0.9946822621770569, ""FCC_L12#1"": 0.0006395508880273357, ""HCP_A3#1"": 0.0003336090177617549, ""HCP_A3#2"": 0.002721488059556543, ""HCP_A3#3"": 0.001623089857597601}",0.8,0.005,773.0
0.8,0.0,0.185,0.01,0.005,"{""BCC_B2#1"": 0.9947112186543612, ""FCC_L12#1"": 0.0006317164487934866, ""HCP_A3#1"": 0.00012870075660317552, ""HCP_A3#2"": 0.0026956450473266317, ""HCP_A3#3"": 0.001832719092915478}",0.8,0.005,773.0
0.8,0.0,0.19,0.005,0.005,"{""BCC_B2#1"": 0.9947546687016484, ""FCC_L12#1"": 0.0006234555761268618, ""HCP_A3#1"": 0.0026598030634633106, ""HCP_A3#2"": 0.001962072658761715}",0.8,0.005,773.0
0.8,0.0,0.195,0.0,0.005,"{""BCC_B2#1"": 0.9948261104345649, ""FCC_L12#1"": 0.0006145965003299018, ""HCP_A3#1"": 0.002610606073815091, ""HCP_A3#2"": 0.0019486869912901197}",0.8,0.005,773.0
0.8,0.005,0.0,0.19,0.005,"{""BCC_B2#1"": 0.9934405434772511, ""FCC_L12#1"": 0.0009086693653378993, ""HCP_A3#1"": 0.0034654735542313515, ""HCP_A3#2"": 0.0019451335668316868, ""ZRO2_MONO#1"": 0.00024018003634820046}",0.8,0.005,773.0
0.8,0.005,0.005,0.185,0.005,"{""BCC_B2#1"": 0.9934558562179502, ""FCC_L12#1"": 0.0009005522745358767, ""HCP_A3#1"": 0.003436603074102076, ""HCP_A3#2"": 0.0019994642612920633, ""ZRO2_MONO#1"": 0.0002075241721200031}",0.8,0.005,773.0
0.8,0.005,0.01,0.18,0.005,"{""BCC_B2#1"": 0.9934713544702061, ""FCC_L12#1"": 0.000892435230936261, ""HCP_A3#1"": 0.003407774012186182, ""HCP_A3#2"": 0.0020533796378781545, ""ZRO2_MONO#1"": 0.0001750566487935392}",0.8,0.005,773.0
0.8,0.005,0.015,0.17500000000000002,0.005,"{""BCC_B2#1"": 0.9934870702830694, ""FCC_L12#1"": 0.0008843182864974299, ""HCP_A3#1"": 0.003378983305001926, ""HCP_A3#2"": 0.002106828970562615, ""ZRO2_MONO#1"": 0.00014279915486852115}",0.8,0.005,773.0
0.8,0.005,0.02,0.17,0.005,"{""BCC_B2#1"": 0.9935030373647791, ""FCC_L12#1"": 0.0008762014941949078, ""HCP_A3#1"": 0.00335022771041822, ""HCP_A3#2"": 0.0021597583479678086, ""ZRO2_MONO#1"": 0.0001107750826397971}",0.8,0.005,773.0
0.8,0.005,0.025,0.165,0.005,"{""BCC_B2#1"": 0.9935192916520688, ""FCC_L12#1"": 0.0008680849083950127, ""HCP_A3#1"": 0.0033215038102934152, ""HCP_A3#2"": 0.00221211050640777, ""ZRO2_MONO#1"": 7.900912283513023e-05}",0.8,0.005,773.0
0.8,0.005,0.03,0.16,0.005,"{""BCC_B2#1"": 0.9935358713169063, ""FCC_L12#1"": 0.000859968584691191, ""HCP_A3#1"": 0.003292808011692015, ""HCP_A3#2"": 0.002263824661106311, ""ZRO2_MONO#1"": 4.752742560397622e-05}",0.8,0.005,773.0
0.8,0.005,0.035,0.155,0.005,"{""BCC_B2#1"": 0.993552816876966, ""FCC_L12#1"": 0.000851852579828105, ""HCP_A3#1"": 0.0032641365490511075, ""HCP_A3#2"": 0.0023148363206595946, ""ZRO2_MONO#1"": 1.635767349503763e-05}",0.8,0.005,773.0
0.8,0.005,0.04,0.15,0.005,"{""BCC_B2#1"": 0.9935770088773319, ""FCC_L12#1"": 0.0008441807506972388, ""HCP_A3#1"": 0.003242705663589956, ""HCP_A3#2"": 0.002336104708381046}",0.8,0.005,773.0
0.8,0.005,0.045,0.145,0.005,"{""BCC_B2#1"": 0.9936101492119053, ""FCC_L12#1"": 0.0008369582681149768, ""HCP_A3#1"": 0.003228722850313886, ""HCP_A3#2"": 0.002324169669666018}",0.8,0.005,773.0
0.8,0.005,0.05,0.14,0.005,"{""BCC_B2#1"": 0.9936448553663969, ""FCC_L12#1"": 0.0008296703032023671, ""HCP_A3#1"": 0.003213827473871042, ""HCP_A3#2"": 0.0023116468565295813}",0.8,0.005,773.0
0.8,0.005,0.055,0.135,0.005,"{""BCC_B2#1"": 0.993681131835676, ""FCC_L12#1"": 0.0008223189911738417, ""HCP_A3#1"": 0.003198018679122505, ""HCP_A3#2"": 0.0022985304940277246}",0.8,0.005,773.0
0.8,0.005,0.06,0.13,0.005,"{""BCC_B2#1"": 0.9937189837413934, ""FCC_L12#1"": 0.000814906344770487, ""HCP_A3#1"": 0.003181294860639359, ""HCP_A3#2"": 0.0022848150531968917}",0.8,0.005,773.0
0.8,0.005,0.065,0.125,0.005,"{""BCC_B2#1"": 0.9937584159384606, ""FCC_L12#1"": 0.0008074342837023282, ""HCP_A3#1"": 0.003163654219998231, ""HCP_A3#2"": 0.0022704955578391043}",0.8,0.005,773.0
0.8,0.005,0.07,0.12,0.005,"{""BCC_B2#1"": 0.993799432252445, ""FCC_L12#1"": 0.0007999046577114572, ""HCP_A3#1"": 0.0031450952467641084, ""HCP_A3#2"": 0.002255567843079342}",0.8,0.005,773.0
0.8,0.005,0.075,0.115,0.005,"{""BCC_B2#1"": 0.9938420348268279, ""FCC_L12#1"": 0.0007923192647503711, ""HCP_A3#1"": 0.0031256171393005314, ""HCP_A3#2"": 0.0022400287691211715}",0.8,0.005,773.0
0.8,0.005,0.08,0.11,0.005,"{""BCC_B2#1"": 0.993886223568083, ""FCC_L12#1"": 0.000784679865417946, ""HCP_A3#1"": 0.002223876389574259, ""HCP_A3#2"": 0.003105220176925221}",0.8,0.005,773.0
0.8,0.005,0.085,0.105,0.005,"{""BCC_B2#1"": 0.9939319956843672, ""FCC_L12#1"": 0.0007769881945446371, ""HCP_A3#1"": 0.003083906051711231, ""HCP_A3#2"": 0.0022071100693767842}",0.8,0.005,773.0
0.8,0.005,0.09,0.1,0.005,"{""BCC_B2#1"": 0.9939793453212794, ""FCC_L12#1"": 0.0007692459706464778, ""HCP_A3#1"": 0.0030616781660899872, ""HCP_A3#2"": 0.0021897305419840353}",0.8,0.005,773.0
0.8,0.005,0.095,0.095,0.005,"{""BCC_B2#1"": 0.9940282633067625, ""FCC_L12#1"": 0.0007614549038555457, ""HCP_A3#1"": 0.0030385419011769153, ""HCP_A3#2"": 0.0021717398882050215}",0.8,0.005,773.0
0.8,0.005,0.1,0.09,0.005,"{""BCC_B2#1"": 0.9940731056957631, ""FCC_L12#1"": 0.0007538799160531525, ""HCP_A3#1"": 2.274770229246591e-05, ""HCP_A3#2"": 0.003019382624934328, ""HCP_A3#3"": 0.0021308840609570536}",0.8,0.005,773.0
0.8,0.005,0.105,0.085,0.005,"{""BCC_B2#1"": 0.9941140478623599, ""FCC_L12#1"": 0.0007465046046087203, ""HCP_A3#1"": 6.993925123652645e-05, ""HCP_A3#2"": 0.0030040195930504487, ""HCP_A3#3"": 0.002065488688744399}",0.8,0.005,773.0
0.8,0.005,0.11,0.08,0.005,"{""BCC_B2#1"": 0.9941562391173885, ""FCC_L12#1"": 0.0007390825424702259, ""HCP_A3#1"": 0.00012152996698308075, ""HCP_A3#2"": 0.0029878955773998224, ""HCP_A3#3"": 0.001995252795758141}",0.8,0.005,773.0
0.8,0.005,0.115,0.075,0.005,"{""BCC_B2#1"": 0.9941995029242005, ""FCC_L12#1"": 0.0007316173822087571, ""HCP_A3#1"": 0.0001781819283948163, ""HCP_A3#2"": 0.0029710404600637036, ""HCP_A3#3"": 0.0019196573051323304}",0.8,0.005,773.0
0.8,0.005,0.12,0.07,0.005,"{""BCC_B2#1"": 0.9942436419714374, ""FCC_L12#1"": 0.000724112374805576, ""HCP_A3#1"": 0.0002406065400407521, ""HCP_A3#2"": 0.0029534788698369783, ""HCP_A3#3"": 0.001838160243879461}",0.8,0.005,773.0
0.8,0.005,0.125,0.065,0.005,"{""BCC_B2#1"": 0.9942884334364983, ""FCC_L12#1"": 0.000716570431941772, ""HCP_A3#1"": 0.00030957197698784937, ""HCP_A3#2"": 0.0029352308412534936, ""HCP_A3#3"": 0.0017501933133183699}",0.8,0.005,773.0
0.8,0.005,0.13,0.06,0.005,"{""BCC_B2#1"": 0.9943336246231508, ""FCC_L12#1"": 0.0007089941766072922, ""HCP_A3#1"": 0.00038591014957694425, ""HCP_A3#2"": 0.0029163123470799554, ""HCP_A3#3"": 0.0016551587035849562}",0.8,0.005,773.0
0.8,0.005,0.135,0.055,0.005,"{""BCC_B2#1"": 0.9943789292072498, ""FCC_L12#1"": 0.0007013859845271222, ""HCP_A3#1"": 0.00047052293282205264, ""HCP_A3#2"": 0.0028967357332162756, ""HCP_A3#3"": 0.0015524261421844437}",0.8,0.005,773.0
0.8,0.005,0.14,0.05,0.005,"{""BCC_B2#1"": 0.9944240244759353, ""FCC_L12#1"": 0.0006937480183537289, ""HCP_A3#1"": 0.0005643872280848034, ""HCP_A3#2"": 0.0014413301990155718, ""HCP_A3#3"": 0.002876510078610474}",0.8,0.005,773.0
0.8,0.005,0.145,0.045,0.005,"{""BCC_B2#1"": 0.994468550145773, ""FCC_L12#1"": 0.000686082256040205, ""HCP_A3#1"": 0.0006685581958201826, ""HCP_A3#2"": 0.0013211679043346, ""HCP_A3#3"": 0.002855641498031947}",0.8,0.005,773.0
0.8,0.005,0.15,0.04,0.005,"{""BCC_B2#1"": 0.9945121096120866, ""FCC_L12#1"": 0.0006783905145566463, ""HCP_A3#1"": 0.0007841697000183477, ""HCP_A3#2"": 0.001191196769319097, ""HCP_A3#3"": 0.0028341334040192538}",0.8,0.005,773.0
0.8,0.005,0.155,0.035,0.005,"{""BCC_B2#1"": 0.9945542748426973, ""FCC_L12#1"": 0.0006706744697895133, ""HCP_A3#1"": 0.0009124306089446534, ""HCP_A3#2"": 0.0010506333370159076, ""HCP_A3#3"": 0.0028119867415527054}",0.8,0.005,773.0
0.8,0.005,0.16,0.03,0.005,"{""BCC_B2#1"": 0.9945945966190743, ""FCC_L12#1"": 0.0006629356733319973, ""HCP_A3#1"": 0.0010546150712315086, ""HCP_A3#2"": 0.0008986524297340763, ""HCP_A3#3"": 0.002789200206628162}",0.8,0.005,773.0
0.8,0.005,0.165,0.025,0.005,"{""BCC_B2#1"": 0.9946326224907643, ""FCC_L12#1"": 0.0006551755667823515, ""HCP_A3#1"": 0.0012120441908076937, ""HCP_A3#2"": 0.0007343872894482238, ""HCP_A3#3"": 0.0027657704621974586}",0.8,0.005,773.0
0.8,0.005,0.17,0.02,0.005,"{""BCC_B2#1"": 0.9946679257281622, ""FCC_L12#1"": 0.0006473954939773037, ""HCP_A3#1"": 0.0013860555819618125, ""HCP_A3#2"": 0.000556930833091624, ""HCP_A3#3"": 0.002741692362807232}",0.8,0.005,773.0
0.8,0.005,0.17500000000000002,0.015,0.005,"{""BCC_B2#1"": 0.9947001498404653, ""FCC_L12#1"": 0.0006395967116089746, ""HCP_A3#1"": 0.0015779560016097084, ""HCP_A3#2"": 0.00036533824690359874, ""HCP_A3#3"": 0.0027169591994125183}",0.8,0.005,773.0
0.8,0.005,0.18,0.01,0.005,"{""BCC_B2#1"": 0.9947290750502407, ""FCC_L12#1"": 0.0006317803986874592, ""HCP_A3#1"": 0.0017889504655170996, ""HCP_A3#2"": 0.00015863111047793404, ""HCP_A3#3"": 0.0026915629750770215}",0.8,0.005,773.0
0.8,0.005,0.185,0.005,0.005,"{""BCC_B2#1"": 0.9947660232682023, ""FCC_L12#1"": 0.0006236606224423463, ""HCP_A3#1"": 0.0019513249728726806, ""HCP_A3#2"": 0.0026589911364824546}",0.8,0.005,773.0
0.8,0.005,0.19,0.0,0.005,"{""BCC_B2#1"": 0.9948337376782945, ""FCC_L12#1"": 0.0006148007468420003, ""HCP_A3#2"": 0.00260984773633207, ""HCP_A3#3"": 0.0019416138385312265}",0.8,0.005,773.0
0.8,0.01,0.0,0.185,0.005,"{""BCC_B2#1"": 0.9934625997235319, ""FCC_L12#1"": 0.0009008109794553654, ""HCP_A3#1"": 0.001988628821004435, ""HCP_A3#2"": 0.0034356165369067155, ""ZRO2_MONO#1"": 0.00021234393910175302}",0.8,0.005,773.0
0.8,0.01,0.005,0.18,0.005,"{""BCC_B2#1"": 0.9934781695717725, ""FCC_L12#1"": 0.0008926939018092078, ""HCP_A3#1"": 0.0020424616173118906, ""HCP_A3#2"": 0.0034067691953929037, ""ZRO2_MONO#1"": 0.0001799057137136027}",0.8,0.005,773.0
0.8,0.01,0.01,0.17500000000000002,0.005,"{""BCC_B2#1"": 0.9934939494388056, ""FCC_L12#1"": 0.0008845769041861968, ""HCP_A3#1"": 0.002095837599579878, ""HCP_A3#2"": 0.003377962450453917, ""ZRO2_MONO#1"": 0.0001476736069746308}",0.8,0.005,773.0
0.8,0.01,0.015,0.17,0.005,"{""BCC_B2#1"": 0.9935099729054783, ""FCC_L12#1"": 0.0008764600398153068, ""HCP_A3#1"": 0.002148703027468596, ""HCP_A3#2"": 0.003349193162617284, ""ZRO2_MONO#1"": 0.00011567086462055745}",0.8,0.005,773.0
0.8,0.01,0.02,0.165,0.005,"{""BCC_B2#1"": 0.9935262757034738, ""FCC_L12#1"": 0.0008683433633164895, ""HCP_A3#1"": 0.002201000777280939, ""HCP_A3#2"": 0.003320458015310816, ""ZRO2_MONO#1"": 8.392214061774253e-05}",0.8,0.005,773.0
0.8,0.01,0.025,0.16,0.005,"{""BCC_B2#1"": 0.9935428958183176, ""FCC_L12#1"": 0.0008602269306316662, ""HCP_A3#1"": 0.0022526701693782237, ""HCP_A3#2"": 0.0032917535159820723, ""ZRO2_MONO#1"": 5.24535656900978e-05}",0.8,0.005,773.0
0.8,0.01,0.03,0.155,0.005,"{""BCC_B2#1"": 0.9935598736010661, ""FCC_L12#1"": 0.0008521107989535341, ""HCP_A3#1"": 0.002303646780653883, ""HCP_A3#2"": 0.0032630759977885916, ""ZRO2_MONO#1"": 2.1292821537855287e-05}",0.8,0.005,773.0
0.8,0.01,0.035,0.15,0.005,"{""BCC_B2#1"": 0.9935817025351737, ""FCC_L12#1"": 0.000844289294929616, ""HCP_A3#1"": 0.002334801404948782, ""HCP_A3#2"": 0.003239206764947927}",0.8,0.005,773.0
0.8,0.01,0.04,0.145,0.005,"{""BCC_B2#1"": 0.9936146006488986, ""FCC_L12#1"": 0.0008370768328869367, ""HCP_A3#1"": 0.0023229534059851942, ""HCP_A3#2"": 0.003225369112229235}",0.8,0.005,773.0
0.8,0.01,0.045,0.14,0.005,"{""BCC_B2#1"": 0.99364908076057, ""FCC_L12#1"": 0.0008297979166352008, ""HCP_A3#1"": 0.0023105115476749157, ""HCP_A3#2"": 0.0032106097751201947}",0.8,0.005,773.0
0.8,0.01,0.05,0.135,0.005,"{""BCC_B2#1"": 0.993685145101844, ""FCC_L12#1"": 0.0008224547939693306, ""HCP_A3#1"": 0.002297470790965114, ""HCP_A3#2"": 0.0031949293132216643}",0.8,0.005,773.0
0.8,0.01,0.055,0.13,0.005,"{""BCC_B2#1"": 0.9937227968866621, ""FCC_L12#1"": 0.0008150495718436473, ""HCP_A3#1"": 0.0022838262284902763, ""HCP_A3#2"": 0.0031783273130039607}",0.8,0.005,773.0
0.8,0.01,0.06,0.125,0.005,"{""BCC_B2#1"": 0.9937620393441957, ""FCC_L12#1"": 0.00080758424954069, ""HCP_A3#1"": 0.002269573418385268, ""HCP_A3#2"": 0.0031608029878780627}",0.8,0.005,773.0
0.8,0.01,0.065,0.12,0.005,"{""BCC_B2#1"": 0.9938028748988263, ""FCC_L12#1"": 0.0008000607445737763, ""HCP_A3#1"": 0.0022547086655006544, ""HCP_A3#2"": 0.003142355691099209}",0.8,0.005,773.0
0.8,0.01,0.07,0.115,0.005,"{""BCC_B2#1"": 0.9938453044709712, ""FCC_L12#1"": 0.0007924809130429487, ""HCP_A3#1"": 0.002239229255600811, ""HCP_A3#2"": 0.0031229853603850825}",0.8,0.005,773.0
0.8,0.01,0.075,0.11,0.005,"{""BCC_B2#1"": 0.9938893268826371, ""FCC_L12#1"": 0.0007848465657425311, ""HCP_A3#1"": 0.0022231336439865316, ""HCP_A3#2"": 0.0031026929076337557}",0.8,0.005,773.0
0.8,0.01,0.08,0.105,0.005,"{""BCC_B2#1"": 0.9939349383598257, ""FCC_L12#1"": 0.0007771594810192542, ""HCP_A3#1"": 0.002206421595874962, ""HCP_A3#2"": 0.003081480563280547}",0.8,0.005,773.0
0.8,0.01,0.085,0.1,0.005,"{""BCC_B2#1"": 0.9939821321314785, ""FCC_L12#1"": 0.0007694214151694424, ""HCP_A3#1"": 0.0021890942711492614, ""HCP_A3#2"": 0.003059352182202807}",0.8,0.005,773.0
0.8,0.01,0.09,0.095,0.005,"{""BCC_B2#1"": 0.9940308981325925, ""FCC_L12#1"": 0.0007616341110228792, ""HCP_A3#1"": 0.002171154239956137, ""HCP_A3#2"": 0.003036313516428612}",0.8,0.005,773.0
0.8,0.01,0.095,0.09,0.005,"{""BCC_B2#1"": 0.994081222828645, ""FCC_L12#1"": 0.0007537993052765777, ""HCP_A3#1"": 0.0021526054069523413, ""HCP_A3#2"": 0.003012372459126138}",0.8,0.005,773.0
0.8,0.01,0.1,0.085,0.005,"{""BCC_B2#1"": 0.9941273208020934, ""FCC_L12#1"": 0.0007461905510051426, ""HCP_A3#1"": 2.4338272738698484e-05, ""HCP_A3#2"": 0.0021095578917341403, ""HCP_A3#3"": 0.002992592482428471}",0.8,0.005,773.0
0.8,0.01,0.105,0.08,0.005,"{""BCC_B2#1"": 0.9941690563270508, ""FCC_L12#1"": 0.0007388052424649722, ""HCP_A3#1"": 7.625383911992638e-05, ""HCP_A3#2"": 0.002038834447995726, ""HCP_A3#3"": 0.0029770501433687875}",0.8,0.005,773.0
0.8,0.01,0.11,0.075,0.005,"{""BCC_B2#1"": 0.9942120028028752, ""FCC_L12#1"": 0.0007313739056473929, ""HCP_A3#1"": 0.00013306518748912479, ""HCP_A3#2"": 0.001962811082249581, ""HCP_A3#3"": 0.0029607470217387945}",0.8,0.005,773.0
0.8,0.01,0.115,0.07,0.005,"{""BCC_B2#1"": 0.9942559626582573, ""FCC_L12#1"": 0.0007239001847792703, ""HCP_A3#1"": 0.00019549430021334406, ""HCP_A3#2"": 0.0018809302350073815, ""HCP_A3#3"": 0.0029437126217428376}",0.8,0.005,773.0
0.8,0.01,0.12,0.065,0.005,"{""BCC_B2#1"": 0.9943007138383967, ""FCC_L12#1"": 0.0007163873268466385, ""HCP_A3#1"": 0.00026431932211933506, ""HCP_A3#2"": 0.0017926083215354265, ""HCP_A3#3"": 0.002925971191101624}",0.8,0.005,773.0
0.8,0.01,0.125,0.06,0.005,"{""BCC_B2#1"": 0.9943460046979483, ""FCC_L12#1"": 0.0007088382435532075, ""HCP_A3#1"": 0.0003403825918850566, ""HCP_A3#2"": 0.0016972320899835136, ""HCP_A3#3"": 0.0029075423766298544}",0.8,0.005,773.0
0.8,0.01,0.13,0.055,0.005,"{""BCC_B2#1"": 0.9943915493297201, ""FCC_L12#1"": 0.000701255561688127, ""HCP_A3#1"": 0.00042459812542993363, ""HCP_A3#2"": 0.0015941552291870236, ""HCP_A3#3"": 0.0028884417539750697}",0.8,0.005,773.0
0.8,0.01,0.135,0.05,0.005,"{""BCC_B2#1"": 0.9944370236212775, ""FCC_L12#1"": 0.0006936416643573639, ""HCP_A3#1"": 0.0005179582284876539, ""HCP_A3#2"": 0.0014826952253823881, ""HCP_A3#3"": 0.002868681260494954}",0.8,0.005,773.0
0.8,0.01,0.14,0.045,0.005,"{""BCC_B2#1"": 0.9944820625085959, ""FCC_L12#1"": 0.0006859987250220986, ""HCP_A3#1"": 0.000621538709095992, ""HCP_A3#2"": 0.001362130503333896, ""HCP_A3#3"": 0.002848269553952225}",0.8,0.005,773.0
0.8,0.01,0.145,0.04,0.005,"{""BCC_B2#1"": 0.994526259131686, ""FCC_L12#1"": 0.0006783287357416119, ""HCP_A3#1"": 0.0007365018925353077, ""HCP_A3#2"": 0.0012316979250589556, ""HCP_A3#3"": 0.0028272123149779894}",0.8,0.005,773.0
0.8,0.01,0.15,0.035,0.005,"{""BCC_B2#1"": 0.9945691669099851, ""FCC_L12#1"": 0.0006706335307738199, ""HCP_A3#1"": 0.0008640962919457401, ""HCP_A3#2"": 0.0010905907565343291, ""HCP_A3#3"": 0.002805512510760766}",0.8,0.005,773.0
0.8,0.01,0.155,0.03,0.005,"{""BCC_B2#1"": 0.9946103059818203, ""FCC_L12#1"": 0.0006629148063549424, ""HCP_A3#1"": 0.0010056513217463086, ""HCP_A3#2"": 0.0009379572578660018, ""HCP_A3#3"": 0.002783170632212309}",0.8,0.005,773.0
0.8,0.01,0.16,0.025,0.005,"{""BCC_B2#1"": 0.9946491760230622, ""FCC_L12#1"": 0.0006551741374178117, ""HCP_A3#1"": 0.0011625648308831247, ""HCP_A3#2"": 0.0007729000905972994, ""HCP_A3#3"": 0.00276018491803966}",0.8,0.005,773.0
0.8,0.01,0.165,0.02,0.005,"{""BCC_B2#1"": 0.9946852782389974, ""FCC_L12#1"": 0.0006474129917683039, ""HCP_A3#1"": 0.0013362804198789751, ""HCP_A3#2"": 0.0005944767706324894, ""HCP_A3#3"": 0.002736551578722968}",0.8,0.005,773.0
0.8,0.01,0.17,0.015,0.005,"{""BCC_B2#1"": 0.99471815039655, ""FCC_L12#1"": 0.000639632742182968, ""HCP_A3#1"": 0.0015282504124945605, ""HCP_A3#2"": 0.00040170141619043424, ""HCP_A3#3"": 0.002712265032582383}",0.8,0.005,773.0
0.7999999999999999,0.01,0.17500000000000002,0.01,0.005,"{""BCC_B2#1"": 0.9947474202628024, ""FCC_L12#1"": 0.0006318346769922281, ""HCP_A3#1"": 0.0017398788630267953, ""HCP_A3#2"": 0.00019354803152493006, ""HCP_A3#3"": 0.0026873181656537973}",0.8,0.005,773.0
0.8,0.01,0.18,0.005,0.005,"{""BCC_B2#1"": 0.9947780559533662, ""FCC_L12#1"": 0.0006238807372458455, ""HCP_A3#2"": 0.0026585563034545235, ""HCP_A3#3"": 0.0019395070059333975}",0.8,0.005,773.0
0.8,0.01,0.185,0.0,0.005,"{""BCC_B2#1"": 0.9948426299455055, ""FCC_L12#1"": 0.0006150199599129866, ""HCP_A3#1"": 0.001932898705161041, ""HCP_A3#2"": 0.0026094513894207496}",0.8,0.005,773.0
0.8,0.015,0.0,0.18,0.005,"{""BCC_B2#1"": 0.9910365862415751, ""C15_LAVES#1"": 0.0036428578717447877, ""FCC_L12#1"": 0.0008921231154802766, ""HCP_A3#2"": 0.0033746455994573044, ""ZRO2_MONO#1"": 0.0010537871717427524}",0.8,0.005,773.0
0.8,0.015,0.005,0.17500000000000002,0.005,"{""BCC_B2#1"": 0.9910299974016888, ""C15_LAVES#1"": 0.003685015368082567, ""FCC_L12#1"": 0.0008846594420811593, ""HCP_A3#2"": 0.003356137115708121, ""ZRO2_MONO#1"": 0.0010441906724394919}",0.8,0.005,773.0
0.8,0.015,0.01,0.17,0.005,"{""BCC_B2#1"": 0.9910274996596465, ""C15_LAVES#1"": 0.0037229396667995667, ""FCC_L12#1"": 0.0008771959123893644, ""HCP_A3#2"": 0.00333777869347799, ""ZRO2_MONO#1"": 0.0010345860676865095}",0.8,0.005,773.0
0.8,0.015,0.015,0.165,0.005,"{""BCC_B2#1"": 0.991029412266475, ""C15_LAVES#1"": 0.0037563202473877254, ""FCC_L12#1"": 0.0008697318391275034, ""HCP_A3#2"": 0.0033195632623146806, ""ZRO2_MONO#1"": 0.0010249723846950233}",0.8,0.005,773.0
0.8,0.015,0.02,0.16,0.005,"{""BCC_B2#1"": 0.9916187303879966, ""C15_LAVES#1"": 0.002897999470984508, ""FCC_L12#1"": 0.0008613548339797247, ""HCP_A3#1"": 0.0005512990494140502, ""HCP_A3#2"": 0.0032908164437895713, ""ZRO2_MONO#1"": 0.0007797998138353784}",0.8,0.005,773.0
0.8,0.015,0.025,0.155,0.005,"{""BCC_B2#1"": 0.9922275088968646, ""C15_LAVES#1"": 0.0020104982813738646, ""FCC_L12#1"": 0.000852970403954389, ""HCP_A3#1"": 0.0011194102966799687, ""HCP_A3#2"": 0.003262092029994334, ""ZRO2_MONO#1"": 0.0005275200911330257}",0.8,0.005,773.0
0.8,0.015,0.03,0.15,0.005,"{""BCC_B2#1"": 0.9928567463800917, ""C15_LAVES#1"": 0.0010923344034512387, ""FCC_L12#1"": 0.0008445787734938537, ""HCP_A3#1"": 0.001705158352005717, ""HCP_A3#2"": 0.0032333934964992443, ""ZRO2_MONO#1"": 0.0002677885944585156}",0.8,0.005,773.0
0.8,0.015,0.035,0.145,0.005,"{""BCC_B2#1"": 0.9935079041144735, ""C15_LAVES#1"": 0.00014132352597015605, ""FCC_L12#1"": 0.0008361795224436988, ""HCP_A3#1"": 0.002309799099915778, ""HCP_A3#2"": 0.003204716818647219, ""ZRO2_MONO#1"": 7.691854962215146e-08}",0.8,0.005,773.0
0.8,0.015,0.04,0.14,0.005,"{""BCC_B2#1"": 0.9935197362000406, ""C15_LAVES#1"": 0.00016858850787831152, ""FCC_L12#1"": 0.0008287584811733093, ""HCP_A3#1"": 0.0022956496704990784, ""HCP_A3#2"": 0.0031872671404086}",0.8,0.005,773.0
0.8,0.015,0.045,0.135,0.005,"{""BCC_B2#1"": 0.9935382747397434, ""C15_LAVES#1"": 0.0001891254808278981, ""FCC_L12#1"": 0.0008213332516736913, ""HCP_A3#1"": 0.0022813855012724085, ""HCP_A3#2"": 0.0031698810264825373}",0.8,0.005,773.0
0.8,0.015,0.05,0.13,0.005,"{""BCC_B2#1"": 0.9935642274867581, ""C15_LAVES#1"": 0.00020214662090743321, ""FCC_L12#1"": 0.0008139028316628986, ""HCP_A3#1"": 0.002267179022553364, ""HCP_A3#2"": 0.0031525440381185}",0.8,0.005,773.0
0.8,0.015,0.055,0.125,0.005,"{""BCC_B2#1"": 0.9935981654496554, ""C15_LAVES#1"": 0.00020709889685864937, ""FCC_L12#1"": 0.0008064664960494594, ""HCP_A3#1"": 0.002253024465773111, ""HCP_A3#2"": 0.0031352446916633908}",0.8,0.005,773.0
0.8,0.015,0.06,0.12,0.005,"{""BCC_B2#1"": 0.9936407132482076, ""C15_LAVES#1"": 0.00020337621096296914, ""FCC_L12#1"": 0.0007990235186735823, ""HCP_A3#1"": 0.002238915749991769, ""HCP_A3#2"": 0.003117971272163976}",0.8,0.005,773.0
0.8,0.015,0.065,0.115,0.005,"{""BCC_B2#1"": 0.9936925548094403, ""C15_LAVES#1"": 0.0001903137615127562, ""FCC_L12#1"": 0.0007915731726717693, ""HCP_A3#1"": 0.002224846447517178, ""HCP_A3#2"": 0.00310071180885786}",0.8,0.005,773.0
0.8,0.015,0.07,0.11,0.005,"{""BCC_B2#1"": 0.9937544395318018, ""C15_LAVES#1"": 0.00016718194566452683, ""FCC_L12#1"": 0.0007841147309719035, ""HCP_A3#1"": 0.002210809743695943, ""HCP_A3#2"": 0.0030834540478659224}",0.8,0.005,773.0
0.8,0.015,0.075,0.105,0.005,"{""BCC_B2#1"": 0.9938271889530091, ""C15_LAVES#1"": 0.00013317976874401553, ""FCC_L12#1"": 0.0007766474669258183, ""HCP_A3#1"": 0.0021967983890514367, ""HCP_A3#2"": 0.003066185422269493}",0.8,0.005,773.0
0.8,0.015,0.08,0.1,0.005,"{""BCC_B2#1"": 0.9939117039604296, ""C15_LAVES#1"": 8.742772344012039e-05, ""FCC_L12#1"": 0.0007691706550942513, ""HCP_A3#1"": 0.0021828046412353877, ""HCP_A3#2"": 0.0030488930198007075}",0.8,0.005,773.0
0.8,0.015,0.085,0.095,0.005,"{""BCC_B2#1"": 0.9940089725863605, ""C15_LAVES#1"": 2.896009974203674e-05, ""FCC_L12#1"": 0.0007616835721868831, ""HCP_A3#1"": 0.0021688201932750914, ""HCP_A3#2"": 0.0030315635484356412}",0.8,0.005,773.0
0.8,0.015,0.09,0.09,0.005,"{""BCC_B2#1"": 0.9940834738795222, ""FCC_L12#1"": 0.0007539896894434284, ""HCP_A3#1"": 0.002152168993967551, ""HCP_A3#2"": 0.0030103674370668284}",0.8,0.005,773.0
0.8,0.015,0.095,0.085,0.005,"{""BCC_B2#1"": 0.9941351824721544, ""FCC_L12#1"": 0.0007461125068101686, ""HCP_A3#1"": 0.0021330696634995123, ""HCP_A3#2"": 0.002985635357536292}",0.8,0.005,773.0
0.8,0.015,0.1,0.08,0.005,"{""BCC_B2#1"": 0.9941818516375821, ""FCC_L12#1"": 0.000738502922828657, ""HCP_A3#1"": 2.895592117691713e-05, ""HCP_A3#2"": 0.002084851132417831, ""HCP_A3#3"": 0.0029658383859944727}",0.8,0.005,773.0
0.8,0.015,0.105,0.075,0.005,"{""BCC_B2#1"": 0.9942243793122719, ""FCC_L12#1"": 0.0007311079262299352, ""HCP_A3#1"": 8.595460405282302e-05, ""HCP_A3#2"": 0.002008439031527257, ""HCP_A3#3"": 0.0029501191259179624}",0.8,0.005,773.0
0.8,0.015,0.11,0.07,0.005,"{""BCC_B2#1"": 0.9942680679109314, ""FCC_L12#1"": 0.000723667645766401, ""HCP_A3#1"": 0.00014839179973439594, ""HCP_A3#2"": 0.0019262333632986608, ""HCP_A3#3"": 0.0029336392802691643}",0.8,0.005,773.0
0.8,0.015,0.115,0.065,0.005,"{""BCC_B2#1"": 0.9943126958361249, ""FCC_L12#1"": 0.0007161857191510901, ""HCP_A3#1"": 0.0002170557106782769, ""HCP_A3#2"": 0.001837634770851514, ""HCP_A3#3"": 0.002916427963194345}",0.8,0.005,773.0
0.8,0.015,0.12,0.06,0.005,"{""BCC_B2#1"": 0.9943580127960457, ""FCC_L12#1"": 0.0007086653913726805, ""HCP_A3#1"": 0.00029279834240573727, ""HCP_A3#2"": 0.001742014442764041, ""HCP_A3#3"": 0.00289850902741155}",0.8,0.005,773.0
0.8,0.015,0.125,0.055,0.005,"{""BCC_B2#1"": 0.9944037342830335, ""FCC_L12#1"": 0.0007011095763239413, ""HCP_A3#1"": 0.000376544185646585, ""HCP_A3#2"": 0.0016387102388705883, ""HCP_A3#3"": 0.0028799017161254565}",0.8,0.005,773.0
0.8,0.015,0.13,0.05,0.005,"{""BCC_B2#1"": 0.9944495365647519, ""FCC_L12#1"": 0.0006935209069398733, ""HCP_A3#1"": 0.00046929826453335084, ""HCP_A3#2"": 0.001527023073927138, ""HCP_A3#3"": 0.002860621189847771}",0.8,0.005,773.0
0.8,0.015,0.135,0.045,0.005,"{""BCC_B2#1"": 0.9944950525499155, ""FCC_L12#1"": 0.0006859017762269213, ""HCP_A3#1"": 0.0005721531469767518, ""HCP_A3#2"": 0.0014062135698263319, ""HCP_A3#3"": 0.0028406789570543695}",0.8,0.005,773.0
0.7999999999999999,0.015,0.14,0.04,0.005,"{""BCC_B2#1"": 0.9945398690982866, ""FCC_L12#1"": 0.0006782543711559907, ""HCP_A3#1"": 0.0006862942715958983, ""HCP_A3#2"": 0.0012754990274671564, ""HCP_A3#3"": 0.002820083231494466}",0.8,0.005,773.0
0.8,0.015,0.145,0.035,0.005,"{""BCC_B2#1"": 0.9945835266226206, ""FCC_L12#1"": 0.0006705807007214438, ""HCP_A3#1"": 0.0008130026305096428, ""HCP_A3#2"": 0.001134050811607828, ""HCP_A3#3"": 0.0027988392345404227}",0.8,0.005,773.0
0.8,0.015,0.15,0.03,0.005,"{""BCC_B2#1"": 0.9946255221981892, ""FCC_L12#1"": 0.0006628826194916956, ""HCP_A3#1"": 0.0009536534371955065, ""HCP_A3#2"": 0.0009809922846470646, ""HCP_A3#3"": 0.00277694946047653}",0.8,0.005,773.0
0.8,0.015,0.155,0.025,0.005,"{""BCC_B2#1"": 0.9946653178979866, ""FCC_L12#1"": 0.00065516184720463, ""HCP_A3#1"": 0.0011097088617973401, ""HCP_A3#2"": 0.000815397476283431, ""HCP_A3#3"": 0.0027544139167279408}",0.8,0.005,773.0
0.8,0.015,0.16,0.02,0.005,"{""BCC_B2#1"": 0.9947023567386858, ""FCC_L12#1"": 0.0006474199853779509, ""HCP_A3#1"": 0.0012827022056574725, ""HCP_A3#2"": 0.0006362907163556268, ""HCP_A3#3"": 0.0027312303539227673}",0.8,0.005,773.0
0.8,0.015,0.165,0.015,0.005,"{""BCC_B2#1"": 0.9947360895353667, ""FCC_L12#1"": 0.000639658531335868, ""HCP_A3#1"": 0.0014742099395573846, ""HCP_A3#2"": 0.00044264749478514564, ""HCP_A3#3"": 0.0027073944989550246}",0.8,0.005,773.0
0.8,0.015,0.17,0.01,0.005,"{""BCC_B2#1"": 0.9947660172154054, ""FCC_L12#1"": 0.0006318788902217638, ""HCP_A3#1"": 0.001685806763230931, ""HCP_A3#2"": 0.00023339682745186216, ""HCP_A3#3"": 0.0026829003036898834}",0.8,0.005,773.0
0.8,0.015,0.17500000000000002,0.005,0.005,"{""BCC_B2#1"": 0.9947917548924983, ""FCC_L12#1"": 0.000624082385336408, ""HCP_A3#1"": 0.0019189971182826302, ""HCP_A3#2"": 7.4253824288817396e-06, ""HCP_A3#3"": 0.002657740221453878}",0.8,0.005,773.0
0.8,0.015,0.18,0.0,0.005,"{""BCC_B2#1"": 0.9948525077997061, ""FCC_L12#1"": 0.0006152540536997842, ""HCP_A3#2"": 0.0026094117457489863, ""HCP_A3#3"": 0.0019228264008451725}",0.8,0.005,773.0
0.8,0.02,0.0,0.17500000000000002,0.005,"{""BCC_B2#1"": 0.990633581894123, ""C15_LAVES#1"": 0.004197736755469761, ""FCC_L12#1"": 0.0008779125650930751, ""HCP_A3#2"": 0.0032458374313946475, ""ZRO2_MONO#1"": 0.0010449313539196896}",0.8,0.005,773.0
0.8,0.02,0.005,0.17,0.005,"{""BCC_B2#1"": 0.9906127229164008, ""C15_LAVES#1"": 0.004254095771803057, ""FCC_L12#1"": 0.0008705002247535647, ""HCP_A3#2"": 0.003227308610990089, ""ZRO2_MONO#1"": 0.0010353724760526763}",0.8,0.005,773.0
0.8,0.02,0.01,0.165,0.005,"{""BCC_B2#1"": 0.9905956184947404, ""C15_LAVES#1"": 0.0043065651841775335, ""FCC_L12#1"": 0.0008630897187489402, ""HCP_A3#2"": 0.0032089167001021954, ""ZRO2_MONO#1"": 0.0010258099022308728}",0.8,0.005,773.0
0.8,0.02,0.015,0.16,0.005,"{""BCC_B2#1"": 0.9905825488495715, ""C15_LAVES#1"": 0.004354874831749416, ""FCC_L12#1"": 0.000855680382801966, ""HCP_A3#2"": 0.0031906527414487552, ""ZRO2_MONO#1"": 0.0010162431944284271}",0.8,0.005,773.0
0.8,0.02,0.02,0.155,0.005,"{""BCC_B2#1"": 0.9905738127898448, ""C15_LAVES#1"": 0.004398735946081444, ""FCC_L12#1"": 0.0008482715520113494, ""HCP_A3#2"": 0.003172507855350386, ""ZRO2_MONO#1"": 0.001006671856712045}",0.8,0.005,773.0
0.8,0.02,0.025,0.15,0.005,"{""BCC_B2#1"": 0.9905697306349472, ""C15_LAVES#1"": 0.004437838202024434, ""FCC_L12#1"": 0.0008408625604637149, ""HCP_A3#2"": 0.003154473275579229, ""ZRO2_MONO#1"": 0.0009970953269850295}",0.8,0.005,773.0
0.8,0.02,0.03,0.145,0.005,"{""BCC_B2#1"": 0.990570647443044, ""C15_LAVES#1"": 0.0044718464628708795, ""FCC_L12#1"": 0.0008334527408090914, ""HCP_A3#2"": 0.003136540386043397, ""ZRO2_MONO#1"": 0.0009875129672326187}",0.8,0.005,773.0
0.8,0.02,0.035,0.14,0.005,"{""BCC_B2#1"": 0.9905769365609811, ""C15_LAVES#1"": 0.004500397204780732, ""FCC_L12#1"": 0.0008260414238160289, ""HCP_A3#2"": 0.003118700758572166, ""ZRO2_MONO#1"": 0.0009779240518501802}",0.8,0.005,773.0
0.8,0.02,0.04,0.135,0.005,"{""BCC_B2#1"": 0.9905890035137551, ""C15_LAVES#1"": 0.004523094602644309, ""FCC_L12#1"": 0.0008186279379316514, ""HCP_A3#2"": 0.003100946192173747, ""ZRO2_MONO#1"": 0.0009683277534951277}",0.8,0.005,773.0
0.8,0.02,0.045,0.13,0.005,"{""BCC_B2#1"": 0.9906072902545772, ""C15_LAVES#1"": 0.004539506256645738, ""FCC_L12#1"": 0.000811211608863649, ""HCP_A3#2"": 0.0030832687542574795, ""ZRO2_MONO#1"": 0.0009587231256561865}",0.8,0.005,773.0
0.8,0.02,0.05,0.125,0.005,"{""BCC_B2#1"": 0.99063227979984, ""C15_LAVES#1"": 0.004549158535694515, ""FCC_L12#1"": 0.0008037917592042552, ""HCP_A3#2"": 0.0030656608244471507, ""ZRO2_MONO#1"": 0.000949109080814061}",0.8,0.005,773.0
0.8,0.02,0.055,0.12,0.005,"{""BCC_B2#1"": 0.9906645012767137, ""C15_LAVES#1"": 0.004551531510834961, ""FCC_L12#1"": 0.0007963677081142588, ""HCP_A3#2"": 0.003048115141759009, ""ZRO2_MONO#1"": 0.0009394843625780579}",0.8,0.005,773.0
0.8,0.02,0.06,0.115,0.005,"{""BCC_B2#1"": 0.9907045354147541, ""C15_LAVES#1"": 0.0045460534485995165, ""FCC_L12#1"": 0.0007889387710806199, ""HCP_A3#2"": 0.003030624856096027, ""ZRO2_MONO#1"": 0.0009298475094696888}",0.8,0.005,773.0
0.8,0.02,0.065,0.11,0.005,"{""BCC_B2#1"": 0.9890402293477165, ""C15_LAVES#1"": 0.005249013002685612, ""FCC_L12#1"": 0.0007818489242678616, ""HCP_A3#1"": 0.0018397808084064915, ""HCP_A3#2"": 7.017147612638455e-05, ""HCP_A3#3"": 0.0030189564407972977}",0.8,0.005,773.0
0.8,0.02,0.07,0.105,0.005,"{""BCC_B2#1"": 0.9889731204746302, ""C15_LAVES#1"": 0.0053574080207794295, ""FCC_L12#1"": 0.0007745007811030621, ""HCP_A3#2"": 0.003002173523471216, ""HCP_A3#3"": 0.0018927972000160136}",0.8,0.005,773.0
0.8,0.02,0.075,0.1,0.005,"{""BCC_B2#1"": 0.9890483280371212, ""C15_LAVES#1"": 0.005315216038870195, ""FCC_L12#1"": 0.000767037109228766, ""HCP_A3#2"": 0.0029841580415815093, ""HCP_A3#3"": 0.0018852607731982354}",0.8,0.005,773.0
0.8,0.02,0.08,0.095,0.005,"{""BCC_B2#1"": 0.9891335064978067, ""C15_LAVES#1"": 0.005262144847532683, ""FCC_L12#1"": 0.0007595658612526129, ""HCP_A3#2"": 0.002966144773610736, ""HCP_A3#3"": 0.0018786380197973465}",0.8,0.005,773.0
0.8,0.02,0.085,0.09,0.005,"{""BCC_B2#1"": 0.9892295729160827, ""C15_LAVES#1"": 0.005197282965578509, ""FCC_L12#1"": 0.0007520863678964249, ""HCP_A3#2"": 0.0029481172371107504, ""HCP_A3#3"": 0.001872940513331553}",0.8,0.005,773.0
0.8,0.02,0.09,0.085,0.005,"{""BCC_B2#1"": 0.9893375465373778, ""C15_LAVES#1"": 0.005119618256214235, ""FCC_L12#1"": 0.0007445979536638147, ""HCP_A3#2"": 0.002930060002462127, ""HCP_A3#3"": 0.001868177250282057}",0.8,0.005,773.0
0.8,0.02,0.095,0.08,0.005,"{""BCC_B2#1"": 0.9894585574226417, ""C15_LAVES#1"": 0.005028029576608587, ""FCC_L12#1"": 0.0007370999383631932, ""HCP_A3#2"": 0.0029119582785939128, ""HCP_A3#3"": 0.0018643547837926015}",0.8,0.005,773.0
0.8,0.02,0.1,0.075,0.005,"{""BCC_B2#1"": 0.9895938564607377, ""C15_LAVES#1"": 0.004921277125652228, ""FCC_L12#1"": 0.0007295916385131554, ""HCP_A3#2"": 0.0028937976270118665, ""HCP_A3#3"": 0.0018614771480850135}",0.8,0.005,773.0
0.8,0.02,0.105,0.07,0.005,"{""BCC_B2#1"": 0.9897448267186406, ""C15_LAVES#1"": 0.004797991585840133, ""FCC_L12#1"": 0.0007220723686641188, ""HCP_A3#2"": 0.002875563755914499, ""HCP_A3#3"": 0.0018595455709405043}",0.8,0.005,773.0
0.8,0.02,0.11,0.065,0.005,"{""BCC_B2#1"": 0.9899129961629546, ""C15_LAVES#1"": 0.004656662084535495, ""FCC_L12#1"": 0.0007145414427600046, ""HCP_A3#2"": 0.002857242365641583, ""HCP_A3#3"": 0.0018585579441084581}",0.8,0.005,773.0
0.8,0.02,0.115,0.06,0.005,"{""BCC_B2#1"": 0.9901000518446632, ""C15_LAVES#1"": 0.004495622956664473, ""FCC_L12#1"": 0.0007069981755081346, ""HCP_A3#1"": 0.0018585079953410922, ""HCP_A3#2"": 0.0028388190278230735}",0.8,0.005,773.0
0.8,0.02,0.12,0.055,0.005,"{""BCC_B2#1"": 0.9903078556904519, ""C15_LAVES#1"": 0.004313039262825949, ""FCC_L12#1"": 0.000699441883808705, ""HCP_A3#1"": 0.0018593840757766327, ""HCP_A3#2"": 0.002820279087136682}",0.8,0.005,773.0
0.8,0.02,0.125,0.05,0.005,"{""BCC_B2#1"": 0.990538462095907, ""C15_LAVES#1"": 0.0041068909995492986, ""FCC_L12#1"": 0.0006918718882156548, ""HCP_A3#1"": 0.0018611674381559097, ""HCP_A3#2"": 0.002801607578171848}",0.8,0.005,773.0
0.8,0.02,0.13,0.045,0.005,"{""BCC_B2#1"": 0.9907941375799897, ""C15_LAVES#1"": 0.0038749559230972334, ""FCC_L12#1"": 0.0006842875144157719, ""HCP_A3#1"": 0.001863829828692287, ""HCP_A3#2"": 0.002782789153804733}",0.8,0.005,773.0
0.8,0.02,0.135,0.04,0.005,"{""BCC_B2#1"": 0.9910773828356294, ""C15_LAVES#1"": 0.0036147909083845586, ""FCC_L12#1"": 0.0006766880946904813, ""HCP_A3#1"": 0.0018673301410473814, ""HCP_A3#2"": 0.0027638080202482414}",0.8,0.005,773.0
0.8,0.02,0.14,0.035,0.005,"{""BCC_B2#1"": 0.9913909576189744, ""C15_LAVES#1"": 0.0033237117619917098, ""FCC_L12#1"": 0.0006690729693133856, ""HCP_A3#2"": 0.002744647876387794, ""HCP_A3#3"": 0.0018716097733325278}",0.8,0.005,773.0
0.8,0.02,0.145,0.03,0.005,"{""BCC_B2#1"": 0.9917379090668285, ""C15_LAVES#1"": 0.002998771418540682, ""FCC_L12#1"": 0.0006614414878140306, ""HCP_A3#2"": 0.002725291855009518, ""HCP_A3#3"": 0.0018765861718074827}",0.8,0.005,773.0
0.8,0.02,0.15,0.025,0.005,"{""BCC_B2#1"": 0.9921216042387905, ""C15_LAVES#1"": 0.0026367364749743947, ""FCC_L12#1"": 0.0006537930100158463, ""HCP_A3#2"": 0.002705722462764717, ""HCP_A3#3"": 0.0018821438134547191}",0.8,0.005,773.0
0.8,0.02,0.155,0.02,0.005,"{""BCC_B2#1"": 0.9925457679786008, ""C15_LAVES#1"": 0.002234062062731689, ""FCC_L12#1"": 0.0006461269067232781, ""HCP_A3#2"": 0.002685921514905864, ""HCP_A3#3"": 0.00188812153703833}",0.8,0.005,773.0
0.8,0.02,0.16,0.015,0.005,"{""BCC_B2#1"": 0.9930145276185013, ""C15_LAVES#1"": 0.001786865138063973, ""FCC_L12#1"": 0.0006384425598878302, ""HCP_A3#2"": 0.002665870059120389, ""HCP_A3#3"": 0.0018942946244264842}",0.8,0.005,773.0
0.8,0.02,0.165,0.01,0.005,"{""BCC_B2#1"": 0.9935324666726864, ""C15_LAVES#1"": 0.0012908964059270259, ""FCC_L12#1"": 0.000630739362019539, ""HCP_A3#2"": 0.0026455482800877075, ""HCP_A3#3"": 0.0019003492792797026}",0.8,0.005,773.0
0.8,0.02,0.17,0.005,0.005,"{""BCC_B2#1"": 0.9941046905694819, ""C15_LAVES#1"": 0.0007415113158900511, ""FCC_L12#1"": 0.000623016714519459, ""HCP_A3#2"": 0.002624935372175827, ""HCP_A3#3"": 0.0019058460279325448}",0.8,0.005,773.0
0.8,0.02,0.17500000000000002,0.0,0.005,"{""BCC_B2#1"": 0.9947369087840504, ""C15_LAVES#1"": 0.00013364093138447546, ""FCC_L12#1"": 0.0006152740244706842, ""HCP_A3#2"": 0.0026040093613315905, ""HCP_A3#3"": 0.0019101668987634203}",0.8,0.005,773.0
0.8,0.025,0.0,0.17,0.005,"{""BCC_B2#1"": 0.9903515356017047, ""C15_LAVES#1"": 0.004599580506489468, ""FCC_L12#1"": 0.000865323470702113, ""HCP_A3#2"": 0.003147744471807907, ""ZRO2_MONO#1"": 0.0010358159492960281}",0.8,0.005,773.0
0.8,0.025,0.005,0.165,0.005,"{""BCC_B2#1"": 0.9903193419287419, ""C15_LAVES#1"": 0.004667156133302614, ""FCC_L12#1"": 0.0008579439777736113, ""HCP_A3#2"": 0.0031292881867335362, ""ZRO2_MONO#1"": 0.0010262697734484208}",0.8,0.005,773.0
0.8,0.025,0.01,0.16,0.005,"{""BCC_B2#1"": 0.9902908471059652, ""C15_LAVES#1"": 0.0047309002979376066, ""FCC_L12#1"": 0.0008505675971236252, ""HCP_A3#2"": 0.0031109635466651134, ""ZRO2_MONO#1"": 0.0010167214523084554}",0.8,0.005,773.0
0.8,0.025,0.015,0.155,0.005,"{""BCC_B2#1"": 0.9902663067395246, ""C15_LAVES#1"": 0.004790568420076489, ""FCC_L12#1"": 0.0008431936668549251, ""HCP_A3#2"": 0.0030927604353008465, ""ZRO2_MONO#1"": 0.0010071707382432278}",0.8,0.005,773.0
0.8,0.025,0.02,0.15,0.005,"{""BCC_B2#1"": 0.9902459892567665, ""C15_LAVES#1"": 0.004845903107058294, ""FCC_L12#1"": 0.0008358215269298258, ""HCP_A3#2"": 0.0030746687600238425, ""ZRO2_MONO#1"": 0.000997617349221487}",0.8,0.005,773.0
0.8,0.025,0.025,0.145,0.005,"{""BCC_B2#1"": 0.9902301789864256, ""C15_LAVES#1"": 0.0048966310397934466, ""FCC_L12#1"": 0.000828450518634766, ""HCP_A3#2"": 0.0030566784919257694, ""ZRO2_MONO#1"": 0.0009880609632206632}",0.8,0.005,773.0
0.8,0.025,0.03,0.14,0.005,"{""BCC_B2#1"": 0.9902191795673589, ""C15_LAVES#1"": 0.004942459533184685, ""FCC_L12#1"": 0.000821079983903634, ""HCP_A3#2"": 0.003038779704241199, ""ZRO2_MONO#1"": 0.0009785012113116632}",0.8,0.005,773.0
0.8,0.025,0.035,0.135,0.005,"{""BCC_B2#1"": 0.9902133176954169, ""C15_LAVES#1"": 0.004983072761917162, ""FCC_L12#1"": 0.000813709264545925, ""HCP_A3#2"": 0.00302096260915992, ""ZRO2_MONO#1"": 0.0009689376689601248}",0.8,0.005,773.0
0.8,0.025,0.04,0.13,0.005,"{""BCC_B2#1"": 0.9902129472229004, ""C15_LAVES#1"": 0.00501812763777156, ""FCC_L12#1"": 0.000806337701409009, ""HCP_A3#2"": 0.0030032175930425095, ""ZRO2_MONO#1"": 0.0009593698448765088}",0.8,0.005,773.0
0.8,0.025,0.045,0.125,0.005,"{""BCC_B2#1"": 0.9902184536299069, ""C15_LAVES#1"": 0.0050472493199565545, ""FCC_L12#1"": 0.0007989646335157337, ""HCP_A3#2"": 0.002985535250146283, ""ZRO2_MONO#1"": 0.0009497971664749872}",0.8,0.005,773.0
0.8,0.025,0.05,0.12,0.005,"{""BCC_B2#1"": 0.9902302588918842, ""C15_LAVES#1"": 0.005070026335321761, ""FCC_L12#1"": 0.0007915893971988553, ""HCP_A3#2"": 0.002967906415033926, ""ZRO2_MONO#1"": 0.0009402189605613246}",0.8,0.005,773.0
0.8,0.025,0.055,0.115,0.005,"{""BCC_B2#1"": 0.9902488267726404, ""C15_LAVES#1"": 0.0050860052809135374, ""FCC_L12#1"": 0.0007842113252695177, ""HCP_A3#2"": 0.0029503221939202835, ""ZRO2_MONO#1"": 0.0009306344272564373}",0.8,0.005,773.0
0.8,0.025,0.06,0.11,0.005,"{""BCC_B2#1"": 0.9884257678434774, ""C15_LAVES#1"": 0.005964532403193004, ""FCC_L12#1"": 0.0007772301875055588, ""HCP_A3#1"": 0.0018940453042075138, ""HCP_A3#2"": 0.0029384242616165633}",0.8,0.005,773.0
0.8,0.025,0.065,0.105,0.005,"{""BCC_B2#1"": 0.9884687139234932, ""C15_LAVES#1"": 0.005956111305687398, ""FCC_L12#1"": 0.0007698301067218358, ""HCP_A3#1"": 0.0018847887334291658, ""HCP_A3#2"": 0.002920555930668538}",0.8,0.005,773.0
0.8,0.025,0.07,0.1,0.005,"{""BCC_B2#1"": 0.9885193265713583, ""C15_LAVES#1"": 0.005939114891850284, ""FCC_L12#1"": 0.0007624251727048987, ""HCP_A3#1"": 0.0018764314415157133, ""HCP_A3#2"": 0.002902701922571076}",0.8,0.005,773.0
0.8,0.025,0.075,0.095,0.005,"{""BCC_B2#1"": 0.9885782794925086, ""C15_LAVES#1"": 0.0059128736577837415, ""FCC_L12#1"": 0.0007550147322612948, ""HCP_A3#1"": 0.0018689843676472047, ""HCP_A3#2"": 0.0028848477497992815}",0.8,0.005,773.0
0.8,0.025,0.08,0.09,0.005,"{""BCC_B2#1"": 0.9886463296195668, ""C15_LAVES#1"": 0.005876636636986243, ""FCC_L12#1"": 0.0007475981216156133, ""HCP_A3#1"": 0.001862455638950888, ""HCP_A3#2"": 0.0028669799828807936}",0.8,0.005,773.0
0.8,0.025,0.085,0.085,0.005,"{""BCC_B2#1"": 0.9887243243019154, ""C15_LAVES#1"": 0.005829564403061819, ""FCC_L12#1"": 0.0007401746672421894, ""HCP_A3#1"": 0.0018568507652120933, ""HCP_A3#2"": 0.00284908586256863}",0.8,0.005,773.0
0.8,0.025,0.09,0.08,0.005,"{""BCC_B2#1"": 0.98881320991976, ""C15_LAVES#1"": 0.005770720694057701, ""FCC_L12#1"": 0.0007327436864963031, ""HCP_A3#1"": 0.0018521726550778323, ""HCP_A3#2"": 0.002831153044608425}",0.8,0.005,773.0
0.8,0.025,0.095,0.075,0.005,"{""BCC_B2#1"": 0.988914041784891, ""C15_LAVES#1"": 0.0056990628329199955, ""FCC_L12#1"": 0.0007253044882140799, ""HCP_A3#2"": 0.0028131694210303767, ""HCP_A3#3"": 0.0018484214729445503}",0.8,0.005,773.0
0.8,0.025,0.1,0.07,0.005,"{""BCC_B2#1"": 0.9890279953017942, ""C15_LAVES#1"": 0.005613431007409106, ""FCC_L12#1"": 0.0007178563733558308, ""HCP_A3#2"": 0.002795122987805934, ""HCP_A3#3"": 0.0018455943296349384}",0.8,0.005,773.0
0.8,0.025,0.105,0.065,0.005,"{""BCC_B2#1"": 0.9891563784281219, ""C15_LAVES#1"": 0.005512536417135148, ""FCC_L12#1"": 0.0007103986357322551, ""HCP_A3#2"": 0.002777001739318955, ""HCP_A3#3"": 0.0018436847796917974}",0.8,0.005,773.0
0.8,0.025,0.11,0.06,0.005,"{""BCC_B2#1"": 0.9893006455268645, ""C15_LAVES#1"": 0.005394948252107766, ""FCC_L12#1"": 0.0007029305628227153, ""HCP_A3#2"": 0.0027587935798661996, ""HCP_A3#3"": 0.0018426820783386567}",0.8,0.005,773.0
0.8,0.025,0.115,0.055,0.005,"{""BCC_B2#1"": 0.9894624127438643, ""C15_LAVES#1"": 0.0052590794449869785, ""FCC_L12#1"": 0.0006954514367056675, ""HCP_A3#2"": 0.002740486245636371, ""HCP_A3#3"": 0.0018425701288066567}",0.8,0.005,773.0
0.8,0.025,0.12,0.05,0.005,"{""BCC_B2#1"": 0.9896434750887602, ""C15_LAVES#1"": 0.005103171122176091, ""FCC_L12#1"": 0.000687960535106853, ""HCP_A3#1"": 0.0018433260208656197, ""HCP_A3#2"": 0.0027220672330914423}",0.8,0.005,773.0
0.8,0.025,0.125,0.045,0.005,"{""BCC_B2#1"": 0.9898458254477517, ""C15_LAVES#1"": 0.004925275667280966, ""FCC_L12#1"": 0.0006804571325280915, ""HCP_A3#1"": 0.0018449180212972544, ""HCP_A3#2"": 0.002703523731141484}",0.8,0.005,773.0
0.8,0.025,0.13,0.04,0.005,"{""BCC_B2#1"": 0.990071675821758, ""C15_LAVES#1"": 0.004723238302479317, ""FCC_L12#1"": 0.0006729405014570064, ""HCP_A3#1"": 0.0018473028189870606, ""HCP_A3#2"": 0.0026848425553183683}",0.8,0.005,773.0
0.8,0.025,0.135,0.035,0.005,"{""BCC_B2#1"": 0.9903234811699135, ""C15_LAVES#1"": 0.0044946770899150605, ""FCC_L12#1"": 0.0006654099135712826, ""HCP_A3#1"": 0.001850421744144448, ""HCP_A3#2"": 0.002666010082455425}",0.8,0.005,773.0
0.8,0.025,0.14,0.03,0.005,"{""BCC_B2#1"": 0.9906039663582008, ""C15_LAVES#1"": 0.004236961257752093, ""FCC_L12#1"": 0.0006578646409766934, ""HCP_A3#1"": 0.0018541955586259806, ""HCP_A3#2"": 0.0026470121844445298}",0.8,0.005,773.0
0.8,0.025,0.145,0.025,0.005,"{""BCC_B2#1"": 0.9909161568823862, ""C15_LAVES#1"": 0.003947187766895199, ""FCC_L12#1"": 0.00065030395726619, ""HCP_A3#2"": 0.0026278341591966536, ""HCP_A3#3"": 0.0018585172342558765}",0.8,0.005,773.0
0.8,0.025,0.15,0.02,0.005,"{""BCC_B2#1"": 0.9912634142764349, ""C15_LAVES#1"": 0.0036221560599643218, ""FCC_L12#1"": 0.0006427271384278685, ""HCP_A3#2"": 0.0026084606562380135, ""HCP_A3#3"": 0.0018632418689348762}",0.8,0.005,773.0
0.8,0.025,0.155,0.015,0.005,"{""BCC_B2#1"": 0.9916494774658968, ""C15_LAVES#1"": 0.003258340983163344, ""FCC_L12#1"": 0.0006351334633680103, ""HCP_A3#2"": 0.0025888755931183114, ""HCP_A3#3"": 0.0018681724944537488}",0.8,0.005,773.0
0.8,0.025,0.16,0.01,0.005,"{""BCC_B2#1"": 0.9920785118302696, ""C15_LAVES#1"": 0.002851863957611549, ""FCC_L12#1"": 0.000627522213890539, ""HCP_A3#2"": 0.0025690620567755313, ""HCP_A3#3"": 0.0018730399414527805}",0.8,0.005,773.0
0.8,0.025,0.165,0.005,0.005,"{""BCC_B2#1"": 0.9925551684689622, ""C15_LAVES#1"": 0.0023984626238097453, ""FCC_L12#1"": 0.0006198926738486437, ""HCP_A3#2"": 0.002549002180974113, ""HCP_A3#3"": 0.0018774740524053377}",0.8,0.005,773.0
0.8,0.025,0.17,0.0,0.005,"{""BCC_B2#1"": 0.9930846572266024, ""C15_LAVES#1"": 0.00189345942644658, ""FCC_L12#1"": 0.0006122441270801602, ""HCP_A3#2"": 0.0025286769863330856, ""HCP_A3#3"": 0.0018809622335379146}",0.8,0.005,773.0
0.8,0.03,0.0,0.165,0.005,"{""BCC_B2#1"": 0.9901403089807201, ""C15_LAVES#1"": 0.004910525811860934, ""FCC_L12#1"": 0.0008538812897158631, ""HCP_A3#2"": 0.0030686588868115146, ""ZRO2_MONO#1"": 0.0010266250308916276}",0.8,0.005,773.0
0.8,0.03,0.005,0.16,0.005,"{""BCC_B2#1"": 0.9900983790296171, ""C15_LAVES#1"": 0.004987715837574476, ""FCC_L12#1"": 0.000846521678705356, ""HCP_A3#2"": 0.003050299361064937, ""ZRO2_MONO#1"": 0.0010170840930385304}",0.8,0.005,773.0
0.8,0.03,0.01,0.155,0.005,"{""BCC_B2#1"": 0.9900602702893786, ""C15_LAVES#1"": 0.0050609524125900165, ""FCC_L12#1"": 0.0008391663908877881, ""HCP_A3#2"": 0.003032069225256449, ""ZRO2_MONO#1"": 0.0010075416818870917}",0.8,0.005,773.0
0.8,0.03,0.015,0.15,0.005,"{""BCC_B2#1"": 0.9900262236827919, ""C15_LAVES#1"": 0.005130006761519044, ""FCC_L12#1"": 0.0008318147246573752, ""HCP_A3#2"": 0.0030139571985629316, ""ZRO2_MONO#1"": 0.0009979976324688501}",0.8,0.005,773.0
0.8,0.03,0.02,0.145,0.005,"{""BCC_B2#1"": 0.9899964867570715, ""C15_LAVES#1"": 0.005194643494540918, ""FCC_L12#1"": 0.0008244659865563901, ""HCP_A3#2"": 0.002995952006548121, ""ZRO2_MONO#1"": 0.0009884517552834074}",0.8,0.005,773.0
0.8,0.03,0.025,0.14,0.005,"{""BCC_B2#1"": 0.9899713171220801, ""C15_LAVES#1"": 0.005254617122535401, ""FCC_L12#1"": 0.0008171194906113062, ""HCP_A3#2"": 0.0029780424331873625, ""ZRO2_MONO#1"": 0.0009789038315860044}",0.8,0.005,773.0
0.8,0.03,0.03,0.135,0.005,"{""BCC_B2#1"": 0.9899509862239935, ""C15_LAVES#1"": 0.005309668241798912, ""FCC_L12#1"": 0.0008097745573723842, ""HCP_A3#2"": 0.0029602173695722983, ""ZRO2_MONO#1"": 0.000969353607263082}",0.8,0.005,773.0
0.8,0.03,0.035,0.13,0.005,"{""BCC_B2#1"": 0.9899357834533593, ""C15_LAVES#1"": 0.005359519389981862, ""FCC_L12#1"": 0.0008024305127296818, ""HCP_A3#2"": 0.002942465859200298, ""ZRO2_MONO#1"": 0.0009598007847289872}",0.8,0.005,773.0
0.8,0.03,0.04,0.125,0.005,"{""BCC_B2#1"": 0.9899260205955754, ""C15_LAVES#1"": 0.00540387056605551, ""FCC_L12#1"": 0.0007950866865769605, ""HCP_A3#2"": 0.0029247771397754507, ""ZRO2_MONO#1"": 0.000950245012016443}",0.8,0.005,773.0
0.8,0.03,0.045,0.12,0.005,"{""BCC_B2#1"": 0.9899220370802305, ""C15_LAVES#1"": 0.005442394384180253, ""FCC_L12#1"": 0.0007877424117178569, ""HCP_A3#2"": 0.0029071406826328156, ""ZRO2_MONO#1"": 0.0009406854412390496}",0.8,0.005,773.0
0.8,0.03,0.05,0.115,0.005,"{""BCC_B2#1"": 0.9899242034097924, ""C15_LAVES#1"": 0.005474730927735528, ""FCC_L12#1"": 0.000780397021050858, ""HCP_A3#2"": 0.0028895462227715996, ""ZRO2_MONO#1"": 0.0009311224186495322}",0.8,0.005,773.0
0.8,0.03,0.055,0.11,0.005,"{""BCC_B2#1"": 0.9880846088499149, ""C15_LAVES#1"": 0.00637834524363809, ""FCC_L12#1"": 0.0007734013309625894, ""HCP_A3#1"": 0.001887067238236837, ""HCP_A3#2"": 0.0028765773372477917}",0.8,0.005,773.0
0.8,0.03,0.06,0.105,0.005,"{""BCC_B2#1"": 0.9881102658809019, ""C15_LAVES#1"": 0.006387826160704787, ""FCC_L12#1"": 0.000766038666799716, ""HCP_A3#1"": 0.0018770576468960984, ""HCP_A3#2"": 0.002858811644697701}",0.8,0.005,773.0
0.8,0.03,0.065,0.1,0.005,"{""BCC_B2#1"": 0.9881426233013177, ""C15_LAVES#1"": 0.006389695984697774, ""FCC_L12#1"": 0.0007586728536421362, ""HCP_A3#1"": 0.00186794872423596, ""HCP_A3#2"": 0.00284105913610621}",0.8,0.005,773.0
0.8,0.03,0.07,0.095,0.005,"{""BCC_B2#1"": 0.9881822257725277, ""C15_LAVES#1"": 0.0063834139926247785, ""FCC_L12#1"": 0.000751303256530287, ""HCP_A3#1"": 0.0018597504896513343, ""HCP_A3#2"": 0.0028233064886661187}",0.8,0.005,773.0
0.8,0.03,0.075,0.09,0.005,"{""BCC_B2#1"": 0.9882296906897191, ""C15_LAVES#1"": 0.006368368637195751, ""FCC_L12#1"": 0.0007439292300735629, ""HCP_A3#1"": 0.0018524701428755173, ""HCP_A3#2"": 0.0028055413001359234}",0.8,0.005,773.0
0.8,0.03,0.08,0.085,0.005,"{""BCC_B2#1"": 0.9882857150292481, ""C15_LAVES#1"": 0.006343870852333698, ""FCC_L12#1"": 0.0007365501184087631, ""HCP_A3#1"": 0.0018461122037993622, ""HCP_A3#2"": 0.002787751796209836}",0.8,0.005,773.0
0.8,0.03,0.085,0.08,0.005,"{""BCC_B2#1"": 0.9883510836163214, ""C15_LAVES#1"": 0.006309145986095952, ""FCC_L12#1"": 0.0007291652550271537, ""HCP_A3#1"": 0.0018406785004690001, ""HCP_A3#2"": 0.002769926642086512}",0.8,0.005,773.0
0.8,0.03,0.09,0.075,0.005,"{""BCC_B2#1"": 0.9884266786533832, ""C15_LAVES#1"": 0.00626332455030098, ""FCC_L12#1"": 0.0007217739626193611, ""HCP_A3#1"": 0.0018361680232933234, ""HCP_A3#2"": 0.0027520548104028957}",0.8,0.005,773.0
0.8,0.03,0.095,0.07,0.005,"{""BCC_B2#1"": 0.9885134904725512, ""C15_LAVES#1"": 0.006205431854118949, ""FCC_L12#1"": 0.0007143755529771067, ""HCP_A3#1"": 0.001832576640278051, ""HCP_A3#2"": 0.0027341254800744767}",0.8,0.005,773.0
0.8,0.03,0.1,0.065,0.005,"{""BCC_B2#1"": 0.9886126295482628, ""C15_LAVES#1"": 0.0061343765216514525, ""FCC_L12#1"": 0.0007069693270065156, ""HCP_A3#1"": 0.001829896651155858, ""HCP_A3#2"": 0.0027161279519234667}",0.8,0.005,773.0
0.8,0.03,0.105,0.06,0.005,"{""BCC_B2#1"": 0.9887253398558398, ""C15_LAVES#1"": 0.006048937853823314, ""FCC_L12#1"": 0.0006995545748998547, ""HCP_A3#1"": 0.001828116142385881, ""HCP_A3#2"": 0.002698051573050998}",0.8,0.005,773.0
0.8,0.03,0.11,0.055,0.005,"{""BCC_B2#1"": 0.9888530137014909, ""C15_LAVES#1"": 0.005947751969975952, ""FCC_L12#1"": 0.0006921305763838686, ""HCP_A3#1"": 0.0018272180868639974, ""HCP_A3#2"": 0.002679885665285078}",0.8,0.005,773.0
0.8,0.03,0.115,0.05,0.005,"{""BCC_B2#1"": 0.9889972081883572, ""C15_LAVES#1"": 0.0058292966467614156, ""FCC_L12#1"": 0.0006846966012009918, ""HCP_A3#1"": 0.0018271791087448382, ""HCP_A3#2"": 0.002661619454935393}",0.8,0.005,773.0
0.8,0.03,0.12,0.045,0.005,"{""BCC_B2#1"": 0.9891596635263034, ""C15_LAVES#1"": 0.005691874760011859, ""FCC_L12#1"": 0.0006772519096528507, ""HCP_A3#1"": 0.0018279678017561406, ""HCP_A3#2"": 0.002643242002275706}",0.8,0.005,773.0
0.8,0.03,0.125,0.04,0.005,"{""BCC_B2#1"": 0.9893423234476031, ""C15_LAVES#1"": 0.005533596225792319, ""FCC_L12#1"": 0.0006697957532966774, ""HCP_A3#1"": 0.0018295424436991564, ""HCP_A3#2"": 0.0026247421296086058}",0.8,0.005,773.0
0.8,0.03,0.13,0.035,0.005,"{""BCC_B2#1"": 0.9895473580618152, ""C15_LAVES#1"": 0.005352358331311407, ""FCC_L12#1"": 0.0006623273757415223, ""HCP_A3#1"": 0.00260610834724826, ""HCP_A3#2"": 0.0018318478838836901}",0.8,0.005,773.0
0.8,0.03,0.135,0.03,0.005,"{""BCC_B2#1"": 0.9897771895812868, ""C15_LAVES#1"": 0.00514582434466854, ""FCC_L12#1"": 0.0006548460134987282, ""HCP_A3#1"": 0.0018348112839304761, ""HCP_A3#2"": 0.002587328776615551}",0.8,0.005,773.0
0.8,0.03,0.14,0.025,0.005,"{""BCC_B2#1"": 0.9900345214871026, ""C15_LAVES#1"": 0.004911400296737568, ""FCC_L12#1"": 0.0006473508967994735, ""HCP_A3#1"": 0.001838336249981091, ""HCP_A3#2"": 0.002568391069379275}",0.8,0.005,773.0
0.8,0.03,0.145,0.02,0.005,"{""BCC_B2#1"": 0.9903223719010178, ""C15_LAVES#1"": 0.004646209843084579, ""FCC_L12#1"": 0.0006398412503934288, ""HCP_A3#1"": 0.0018422946843297489, ""HCP_A3#2"": 0.0025492823211749117}",0.8,0.005,773.0
0.8,0.03,0.15,0.015,0.005,"{""BCC_B2#1"": 0.9906441122116765, ""C15_LAVES#1"": 0.004347067144444708, ""FCC_L12#1"": 0.0006323162940780681, ""HCP_A3#1"": 0.0018465153725743828, ""HCP_A3#2"": 0.0025299889772263983}",0.8,0.005,773.0
0.8,0.03,0.155,0.01,0.005,"{""BCC_B2#1"": 0.9910035124111433, ""C15_LAVES#1"": 0.004010447760676237, ""FCC_L12#1"": 0.000624775242924651, ""HCP_A3#1"": 0.001850767859198033, ""HCP_A3#2"": 0.00251049672605778}",0.8,0.005,773.0
0.8,0.03,0.16,0.005,0.005,"{""BCC_B2#1"": 0.9914047951875952, ""C15_LAVES#1"": 0.003632457653526965, ""FCC_L12#1"": 0.0006172173069117957, ""HCP_A3#2"": 0.002490790374920812, ""HCP_A3#3"": 0.0018547394770456367}",0.8,0.005,773.0
0.8,0.03,0.165,0.0,0.005,"{""BCC_B2#1"": 0.9918527016770905, ""C15_LAVES#1"": 0.003208800561814062, ""FCC_L12#1"": 0.0006096416896849865, ""HCP_A3#2"": 0.0024708536974030306, ""HCP_A3#3"": 0.0018580023740074013}",0.8,0.005,773.0
0.8,0.035,0.0,0.16,0.005,"{""BCC_B2#1"": 0.9899737288527412, ""C15_LAVES#1"": 0.005163422505734485, ""FCC_L12#1"": 0.0008432758500049698, ""HCP_A3#2"": 0.0030021661304625072, ""ZRO2_MONO#1"": 0.001017406661056981}",0.8,0.005,773.0
0.8,0.035,0.005,0.155,0.005,"{""BCC_B2#1"": 0.9899230439198162, ""C15_LAVES#1"": 0.005249251476767886, ""FCC_L12#1"": 0.00083592621599578, ""HCP_A3#2"": 0.0029839102175799465, ""ZRO2_MONO#1"": 0.001007868169840078}",0.8,0.005,773.0
0.8,0.035,0.01,0.15,0.005,"{""BCC_B2#1"": 0.9898764196011338, ""C15_LAVES#1"": 0.005330886190211419, ""FCC_L12#1"": 0.0008285823123590584, ""HCP_A3#2"": 0.002965783356507369, ""ZRO2_MONO#1"": 0.0009983285397884023}",0.8,0.005,773.0
0.8,0.035,0.015,0.145,0.005,"{""BCC_B2#1"": 0.9898340899962826, ""C15_LAVES#1"": 0.005408106055803717, ""FCC_L12#1"": 0.0008212433351131834, ""HCP_A3#2"": 0.002947772966839457, ""ZRO2_MONO#1"": 0.0009887876459611735}",0.8,0.005,773.0
0.8,0.035,0.02,0.14,0.005,"{""BCC_B2#1"": 0.9897962887217974, ""C15_LAVES#1"": 0.00548069096064534, ""FCC_L12#1"": 0.0008139085010138155, ""HCP_A3#2"": 0.002929866473427947, ""ZRO2_MONO#1"": 0.0009792453431156994}",0.8,0.005,773.0
0.8,0.035,0.025,0.135,0.005,"{""BCC_B2#1"": 0.9897632530423867, ""C15_LAVES#1"": 0.005548417077325842, ""FCC_L12#1"": 0.000806577046463991, ""HCP_A3#2"": 0.002912051372748255, ""ZRO2_MONO#1"": 0.0009697014610748634}",0.8,0.005,773.0
0.8,0.035,0.03,0.13,0.005,"{""BCC_B2#1"": 0.9897352283067222, ""C15_LAVES#1"": 0.0056110523745768765, ""FCC_L12#1"": 0.000799248225894987, ""HCP_A3#2"": 0.002894315294357196, ""ZRO2_MONO#1"": 0.0009601557984491884}",0.8,0.005,773.0
0.8,0.035,0.035,0.125,0.005,"{""BCC_B2#1"": 0.9897124735607049, ""C15_LAVES#1"": 0.00566835181591858, ""FCC_L12#1"": 0.0007919213104576051, ""HCP_A3#2"": 0.0028766460598361296, ""ZRO2_MONO#1"": 0.0009506072530826536}",0.8,0.005,773.0
0.8,0.035,0.04,0.12,0.005,"{""BCC_B2#1"": 0.9896952625548998, ""C15_LAVES#1"": 0.005720052450325867, ""FCC_L12#1"": 0.0007845955827129426, ""HCP_A3#2"": 0.0028590317236987127, ""ZRO2_MONO#1"": 0.0009410576883627627}",0.8,0.005,773.0
0.8,0.035,0.045,0.115,0.005,"{""BCC_B2#1"": 0.9896838966248558, ""C15_LAVES#1"": 0.005765867782366952, ""FCC_L12#1"": 0.0007772703400173767, ""HCP_A3#2"": 0.0028414606405188824, ""ZRO2_MONO#1"": 0.0009315046122409642}",0.8,0.005,773.0
0.8,0.035,0.05,0.11,0.005,"{""BCC_B2#1"": 0.9878786974332273, ""C15_LAVES#1"": 0.006666668083328357, ""FCC_L12#1"": 0.0007702463329570691, ""HCP_A3#1"": 0.0018338826801963402, ""HCP_A3#2"": 0.002827584987692395, ""ZRO2_MONO#1"": 2.2920482598648626e-05}",0.8,0.005,773.0
0.8,0.035,0.055,0.105,0.005,"{""BCC_B2#1"": 0.9878447208753596, ""C15_LAVES#1"": 0.006712513915884727, ""FCC_L12#1"": 0.0007629155329478174, ""HCP_A3#1"": 0.0018698552679233037, ""HCP_A3#2"": 0.0028099944078845487}",0.8,0.005,773.0
0.8,0.035,0.06,0.1,0.005,"{""BCC_B2#1"": 0.987862689997383, ""C15_LAVES#1"": 0.006729387460193851, ""FCC_L12#1"": 0.0007555753047231807, ""HCP_A3#1"": 0.001860024456548598, ""HCP_A3#2"": 0.002792322781151125}",0.8,0.005,773.0
0.8,0.035,0.065,0.095,0.005,"{""BCC_B2#1"": 0.9878871996721093, ""C15_LAVES#1"": 0.006738807750075641, ""FCC_L12#1"": 0.0007482327806820423, ""HCP_A3#1"": 0.001851107977200701, ""HCP_A3#2"": 0.002774651819932404}",0.8,0.005,773.0
0.8,0.035,0.07,0.09,0.005,"{""BCC_B2#1"": 0.9879187474365226, ""C15_LAVES#1"": 0.006740282854028673, ""FCC_L12#1"": 0.0007408873261252854, ""HCP_A3#1"": 0.001843113330879004, ""HCP_A3#2"": 0.002756969052444379}",0.8,0.005,773.0
0.8,0.035,0.075,0.085,0.005,"{""BCC_B2#1"": 0.9879579005286615, ""C15_LAVES#1"": 0.006733253172606977, ""FCC_L12#1"": 0.0007335382986719917, ""HCP_A3#1"": 0.002739262707460867, ""HCP_A3#2"": 0.0018360452925988025}",0.8,0.005,773.0
0.8,0.035,0.08,0.08,0.005,"{""BCC_B2#1"": 0.9880053036348708, ""C15_LAVES#1"": 0.006717083850254906, ""FCC_L12#1"": 0.0007261850472150144, ""HCP_A3#1"": 0.0027215215610738165, ""HCP_A3#2"": 0.0018299059065851257}",0.8,0.005,773.0
0.8,0.035,0.085,0.075,0.005,"{""BCC_B2#1"": 0.9880616879042674, ""C15_LAVES#1"": 0.006691055991721235, ""FCC_L12#1"": 0.0007188269109131873, ""HCP_A3#1"": 0.002703734832083048, ""HCP_A3#2"": 0.001824694361015212}",0.8,0.005,773.0
0.8,0.035,0.09,0.07,0.005,"{""BCC_B2#1"": 0.9881278811641442, ""C15_LAVES#1"": 0.006654356775033046, ""FCC_L12#1"": 0.0007114632182789423, ""HCP_A3#1"": 0.002685892101286364, ""HCP_A3#2"": 0.0018204067412578835}",0.8,0.005,773.0
0.8,0.035,0.095,0.065,0.005,"{""BCC_B2#1"": 0.9882048193588512, ""C15_LAVES#1"": 0.006606068468513325, ""FCC_L12#1"": 0.0007040932864113078, ""HCP_A3#1"": 0.002667983241589089, ""HCP_A3#2"": 0.0018170356446352183}",0.8,0.005,773.0
0.8,0.035,0.1,0.06,0.005,"{""BCC_B2#1"": 0.9882935592900759, ""C15_LAVES#1"": 0.006545156311511289, ""FCC_L12#1"": 0.0006967164203786351, ""HCP_A3#1"": 0.0026499983518019463, ""HCP_A3#2"": 0.0018145696262322846}",0.8,0.005,773.0
0.8,0.035,0.105,0.055,0.005,"{""BCC_B2#1"": 0.9883952927773509, ""C15_LAVES#1"": 0.006470455189568434, ""FCC_L12#1"": 0.000689331912783792, ""HCP_A3#1"": 0.002631927690185853, ""HCP_A3#2"": 0.0018129924301109287}",0.8,0.005,773.0
0.8,0.035,0.11,0.05,0.005,"{""BCC_B2#1"": 0.9885113623943604, ""C15_LAVES#1"": 0.006380655015219567, ""FCC_L12#1"": 0.0006819390434602106, ""HCP_A3#1"": 0.002613761605560227, ""HCP_A3#2"": 0.0018122819413995304}",0.8,0.005,773.0
0.8,0.035,0.115,0.045,0.005,"{""BCC_B2#1"": 0.988643278975006, ""C15_LAVES#1"": 0.006274284711928225, ""FCC_L12#1"": 0.000674537079383528, ""HCP_A3#1"": 0.002595490464802515, ""HCP_A3#2"": 0.0018124087688794204}",0.8,0.005,773.0
0.8,0.035,0.12,0.04,0.005,"{""BCC_B2#1"": 0.9887927411293411, ""C15_LAVES#1"": 0.0061496946885465, ""FCC_L12#1"": 0.0006671252746890533, ""HCP_A3#1"": 0.002577104576079588, ""HCP_A3#2"": 0.001813334331343825}",0.8,0.005,773.0
0.8,0.035,0.125,0.035,0.005,"{""BCC_B2#1"": 0.988961657069179, ""C15_LAVES#1"": 0.006005037683893388, ""FCC_L12#1"": 0.0006597028708643917, ""HCP_A3#1"": 0.0025585941075135865, ""HCP_A3#2"": 0.0018150082685494957}",0.8,0.005,773.0
0.8,0.035,0.13,0.03,0.005,"{""BCC_B2#1"": 0.9891521691237835, ""C15_LAVES#1"": 0.005838247857361813, ""FCC_L12#1"": 0.0006522690970379342, ""HCP_A3#1"": 0.0018173649209241695, ""HCP_A3#2"": 0.0025399490008928215}",0.8,0.005,773.0
0.8,0.035,0.135,0.025,0.005,"{""BCC_B2#1"": 0.9893666814387528, ""C15_LAVES#1"": 0.005647018001071989, ""FCC_L12#1"": 0.0006448231703331071, ""HCP_A3#1"": 0.0018203185098115866, ""HCP_A3#2"": 0.0025211588800305345}",0.8,0.005,773.0
0.8,0.035,0.14,0.02,0.005,"{""BCC_B2#1"": 0.9896078915104242, ""C15_LAVES#1"": 0.0054287747568564585, ""FCC_L12#1"": 0.000637364296237801, ""HCP_A3#1"": 0.0018237564835877722, ""HCP_A3#2"": 0.0025022129528940464}",0.8,0.005,773.0
0.8,0.035,0.145,0.015,0.005,"{""BCC_B2#1"": 0.9898788264367672, ""C15_LAVES#1"": 0.005180651739806008, ""FCC_L12#1"": 0.0006298916689211502, ""HCP_A3#1"": 0.0018275302485468174, ""HCP_A3#2"": 0.0024830999059587623}",0.8,0.005,773.0
0.8,0.035,0.15,0.01,0.005,"{""BCC_B2#1"": 0.990182885094447, ""C15_LAVES#1"": 0.0048994605078988935, ""FCC_L12#1"": 0.0006224044713379344, ""HCP_A3#1"": 0.0018314421380509504, ""HCP_A3#2"": 0.0024638077882651903}",0.8,0.005,773.0
0.8,0.035,0.155,0.005,0.005,"{""BCC_B2#1"": 0.9905238879281382, ""C15_LAVES#1"": 0.004581659385707444, ""FCC_L12#1"": 0.0006149018749609064, ""HCP_A3#1"": 0.0018352269303999252, ""HCP_A3#2"": 0.0024443238807936303}",0.8,0.005,773.0
0.8,0.035,0.16,0.0,0.005,"{""BCC_B2#1"": 0.9909061367282231, ""C15_LAVES#1"": 0.004223320268417685, ""FCC_L12#1"": 0.0006073830389728597, ""HCP_A3#1"": 0.0018385254199749118, ""HCP_A3#2"": 0.0024246345444113213}",0.8,0.005,773.0
0.8,0.04,0.0,0.155,0.005,"{""BCC_B2#1"": 0.9898370376827761, ""C15_LAVES#1"": 0.00537703252366759, ""FCC_L12#1"": 0.0008332990336271047, ""HCP_A3#2"": 0.0029444542649423523, ""ZRO2_MONO#1"": 0.0010081764949869392}",0.8,0.005,773.0
0.8,0.04,0.005,0.15,0.005,"{""BCC_B2#1"": 0.9897782803780096, ""C15_LAVES#1"": 0.005470825523206074, ""FCC_L12#1"": 0.0008259512641428105, ""HCP_A3#2"": 0.0029263036098747886, ""ZRO2_MONO#1"": 0.0009986392247668405}",0.8,0.005,773.0
0.8,0.04,0.01,0.145,0.005,"{""BCC_B2#1"": 0.9897239008137785, ""C15_LAVES#1"": 0.005560104152856047, ""FCC_L12#1"": 0.0008186110185753909, ""HCP_A3#2"": 0.0029082830166807737, ""ZRO2_MONO#1"": 0.0009891009981094281}",0.8,0.005,773.0
0.8,0.04,0.015,0.14,0.005,"{""BCC_B2#1"": 0.989674133267809, ""C15_LAVES#1"": 0.005644649239356171, ""FCC_L12#1"": 0.0008112773068794289, ""HCP_A3#2"": 0.002890378475790292, ""ZRO2_MONO#1"": 0.0009795617101651091}",0.8,0.005,773.0
0.8,0.04,0.02,0.135,0.005,"{""BCC_B2#1"": 0.9896292029499012, ""C15_LAVES#1"": 0.0057242506373226115, ""FCC_L12#1"": 0.0008039491823692707, ""HCP_A3#2"": 0.0028725759932270276, ""ZRO2_MONO#1"": 0.0009700212371800148}",0.8,0.005,773.0
0.8,0.04,0.025,0.13,0.005,"{""BCC_B2#1"": 0.9895893313404311, ""C15_LAVES#1"": 0.005798701817116848, ""FCC_L12#1"": 0.0007966257393493608, ""HCP_A3#2"": 0.0028548616716337102, ""ZRO2_MONO#1"": 0.0009604794314692524}",0.8,0.005,773.0
0.8,0.04,0.03,0.125,0.005,"{""BCC_B2#1"": 0.9895547421694382, ""C15_LAVES#1"": 0.0058677942505624275, ""FCC_L12#1"": 0.0007893061102818524, ""HCP_A3#2"": 0.00283722178543433, ""ZRO2_MONO#1"": 0.0009509356842831243}",0.8,0.005,773.0
0.8,0.04,0.035,0.12,0.005,"{""BCC_B2#1"": 0.9895256653322552, ""C15_LAVES#1"": 0.00593131172231181, ""FCC_L12#1"": 0.0007819894607302928, ""HCP_A3#2"": 0.0028196428441191117, ""ZRO2_MONO#1"": 0.0009413906405836091}",0.8,0.005,773.0
0.8,0.04,0.04,0.115,0.005,"{""BCC_B2#1"": 0.9895023458695187, ""C15_LAVES#1"": 0.005989024310134046, ""FCC_L12#1"": 0.0007746749877485729, ""HCP_A3#2"": 0.0028021116627107868, ""ZRO2_MONO#1"": 0.0009318431698882673}",0.8,0.005,773.0
0.8,0.04,0.045,0.11,0.005,"{""BCC_B2#1"": 0.9894850464758209, ""C15_LAVES#1"": 0.006040682432015933, ""FCC_L12#1"": 0.0007673619130696224, ""HCP_A3#2"": 0.00278461540896857, ""ZRO2_MONO#1"": 0.0009222937701247665}",0.8,0.005,773.0
0.8,0.04,0.05,0.105,0.005,"{""BCC_B2#1"": 0.9876427909153341, ""C15_LAVES#1"": 0.006963586726495653, ""FCC_L12#1"": 0.0007603116654334137, ""HCP_A3#1"": 0.0018632266200488481, ""HCP_A3#2"": 0.002770084072688051}",0.8,0.005,773.0
0.8,0.04,0.055,0.1,0.005,"{""BCC_B2#1"": 0.9876487071986062, ""C15_LAVES#1"": 0.006993133901180359, ""FCC_L12#1"": 0.0007529872710594404, ""HCP_A3#1"": 0.0027524869724401316, ""HCP_A3#2"": 0.001852684656713882}",0.8,0.005,773.0
0.8,0.04,0.06,0.095,0.005,"{""BCC_B2#1"": 0.9876607511972155, ""C15_LAVES#1"": 0.007015631268380745, ""FCC_L12#1"": 0.0007456619612615817, ""HCP_A3#1"": 0.002734892936173139, ""HCP_A3#2"": 0.0018430626369689647}",0.8,0.005,773.0
0.8,0.04,0.065,0.09,0.005,"{""BCC_B2#1"": 0.9876793175166254, ""C15_LAVES#1"": 0.007030689660633666, ""FCC_L12#1"": 0.0007383350890394744, ""HCP_A3#1"": 0.002717288678281775, ""HCP_A3#2"": 0.001834369055419404}",0.8,0.005,773.0
0.8,0.04,0.07,0.085,0.005,"{""BCC_B2#1"": 0.9877048616397656, ""C15_LAVES#1"": 0.0070378609850003365, ""FCC_L12#1"": 0.0007310060067855393, ""HCP_A3#1"": 0.0026996617217523544, ""HCP_A3#2"": 0.001826609646695933}",0.8,0.005,773.0
0.8,0.04,0.075,0.08,0.005,"{""BCC_B2#1"": 0.9877379070520457, ""C15_LAVES#1"": 0.0070366312096547135, ""FCC_L12#1"": 0.0007236740640560786, ""HCP_A3#1"": 0.0026820002674809392, ""HCP_A3#2"": 0.0018197874067626717}",0.8,0.005,773.0
0.8,0.04,0.08,0.075,0.005,"{""BCC_B2#1"": 0.9877790536754909, ""C15_LAVES#1"": 0.007026412108320117, ""FCC_L12#1"": 0.0007163386054705217, ""HCP_A3#1"": 0.0026642931117002106, ""HCP_A3#2"": 0.001813902499018501}",0.8,0.005,773.0
0.8,0.04,0.085,0.07,0.005,"{""BCC_B2#1"": 0.9878289874863005, ""C15_LAVES#1"": 0.007006531910824529, ""FCC_L12#1"": 0.0007089989687413006, ""HCP_A3#1"": 0.0026465295839860977, ""HCP_A3#2"": 0.0018089520501477316}",0.8,0.005,773.0
0.8,0.04,0.09,0.065,0.005,"{""BCC_B2#1"": 0.9878884913129945, ""C15_LAVES#1"": 0.006976224888009935, ""FCC_L12#1"": 0.0007016544829529524, ""HCP_A3#1"": 0.0026286994921379853, ""HCP_A3#2"": 0.00180492982390456}",0.8,0.005,773.0
0.8,0.04,0.095,0.06,0.005,"{""BCC_B2#1"": 0.9879584568814029, ""C15_LAVES#1"": 0.006934619835943895, ""FCC_L12#1"": 0.0006943044670207067, ""HCP_A3#1"": 0.002610793066894402, ""HCP_A3#2"": 0.0018018257487383313}",0.8,0.005,773.0
0.8,0.04,0.1,0.055,0.005,"{""BCC_B2#1"": 0.9880398982192702, ""C15_LAVES#1"": 0.006880727387664807, ""FCC_L12#1"": 0.0006869482283779908, ""HCP_A3#1"": 0.0025928009028129925, ""HCP_A3#2"": 0.0017996252618739928}",0.8,0.005,773.0
0.8,0.04,0.105,0.05,0.005,"{""BCC_B2#1"": 0.9881339665696989, ""C15_LAVES#1"": 0.0068134260577372196, ""FCC_L12#1"": 0.0006795850618869637, ""HCP_A3#1"": 0.002574713893427576, ""HCP_A3#2"": 0.0017983084172491855}",0.8,0.005,773.0
0.8,0.04,0.11,0.045,0.005,"{""BCC_B2#1"": 0.9882419669987546, ""C15_LAVES#1"": 0.006731446909092691, ""FCC_L12#1"": 0.0006722142489249624, ""HCP_A3#1"": 0.0025565231597684344, ""HCP_A3#2"": 0.001797848683459467}",0.8,0.005,773.0
0.8,0.04,0.115,0.04,0.005,"{""BCC_B2#1"": 0.9883653769225346, ""C15_LAVES#1"": 0.006633356720028327, ""FCC_L12#1"": 0.0006648350566810588, ""HCP_A3#1"": 0.002538219971875277, ""HCP_A3#2"": 0.0017982113288808252}",0.8,0.005,773.0
0.8,0.04,0.12,0.035,0.005,"{""BCC_B2#1"": 0.9885058668298085, ""C15_LAVES#1"": 0.006517539520300321, ""FCC_L12#1"": 0.0006574467376263081, ""HCP_A3#1"": 0.002519795663196623, ""HCP_A3#2"": 0.0017993512490681038}",0.8,0.005,773.0
0.8,0.04,0.125,0.03,0.005,"{""BCC_B2#1"": 0.9886653235431352, ""C15_LAVES#1"": 0.006382176359191894, ""FCC_L12#1"": 0.0006500485291370888, ""HCP_A3#1"": 0.001801210030657004, ""HCP_A3#2"": 0.002501241537878828}",0.8,0.005,773.0
0.8,0.04,0.13,0.025,0.005,"{""BCC_B2#1"": 0.9888458764536735, ""C15_LAVES#1"": 0.006225223165449821, ""FCC_L12#1"": 0.0006426396532222089, ""HCP_A3#1"": 0.0018037119567459645, ""HCP_A3#2"": 0.002482548770908636}",0.8,0.005,773.0
0.8,0.04,0.135,0.02,0.005,"{""BCC_B2#1"": 0.9890499272945568, ""C15_LAVES#1"": 0.006044386561549295, ""FCC_L12#1"": 0.0006352193163631676, ""HCP_A3#1"": 0.0018067585268039918, ""HCP_A3#2"": 0.0024637083007269175}",0.8,0.005,773.0
0.8,0.04,0.14,0.015,0.005,"{""BCC_B2#1"": 0.9892801842026673, ""C15_LAVES#1"": 0.005837097504955563, ""FCC_L12#1"": 0.0006277867093653376, ""HCP_A3#1"": 0.0018102208694237905, ""HCP_A3#2"": 0.002444710713588112}",0.8,0.005,773.0
0.8,0.04,0.145,0.01,0.005,"{""BCC_B2#1"": 0.9895397010838474, ""C15_LAVES#1"": 0.0056004826538041536, ""FCC_L12#1"": 0.0006203410071141157, ""HCP_A3#1"": 0.001813929137139972, ""HCP_A3#2"": 0.002425546118094452}",0.8,0.005,773.0
0.8,0.04,0.15,0.005,0.005,"{""BCC_B2#1"": 0.989831923680357, ""C15_LAVES#1"": 0.005331333400655005, ""FCC_L12#1"": 0.0006128813681761337, ""HCP_A3#1"": 0.0018176575437688443, ""HCP_A3#2"": 0.002406204007042931}",0.8,0.005,773.0
0.8,0.04,0.155,0.0,0.005,"{""BCC_B2#1"": 0.9901607442948662, ""C15_LAVES#1"": 0.005026072601124188, ""FCC_L12#1"": 0.0006054069339968373, ""HCP_A3#1"": 0.001821103068037047, ""HCP_A3#2"": 0.002386673101975848}",0.8,0.005,773.0
0.8,0.045,0.0,0.15,0.005,"{""BCC_B2#1"": 0.9897213598237647, ""C15_LAVES#1"": 0.005562774921091078, ""FCC_L12#1"": 0.000823806190331077, ""HCP_A3#2"": 0.002893118526550898, ""ZRO2_MONO#1"": 0.0009989405382623067}",0.8,0.005,773.0
0.8,0.045,0.005,0.145,0.005,"{""BCC_B2#1"": 0.9896550642434208, ""C15_LAVES#1"": 0.005664005247665847, ""FCC_L12#1"": 0.0008164533906916671, ""HCP_A3#2"": 0.0028750732373694463, ""ZRO2_MONO#1"": 0.0009894038808523867}",0.8,0.005,773.0
0.8,0.045,0.01,0.14,0.005,"{""BCC_B2#1"": 0.9895935147727106, ""C15_LAVES#1"": 0.005760348557181531, ""FCC_L12#1"": 0.0008091104241015017, ""HCP_A3#2"": 0.002857159874211443, ""ZRO2_MONO#1"": 0.0009798663717947467}",0.8,0.005,773.0
0.8,0.045,0.015,0.135,0.005,"{""BCC_B2#1"": 0.9895369526270649, ""C15_LAVES#1"": 0.005851580535350036, ""FCC_L12#1"": 0.0008017760100700328, ""HCP_A3#2"": 0.0028393629119013494, ""ZRO2_MONO#1"": 0.0009703279156133477}",0.8,0.005,773.0
0.8,0.045,0.02,0.13,0.005,"{""BCC_B2#1"": 0.9894855992998739, ""C15_LAVES#1"": 0.005937496492768532, ""FCC_L12#1"": 0.000794448948785867, ""HCP_A3#2"": 0.002821666860956122, ""ZRO2_MONO#1"": 0.0009607883976154581}",0.8,0.005,773.0
0.8,0.045,0.025,0.125,0.005,"{""BCC_B2#1"": 0.9894396638353528, ""C15_LAVES#1"": 0.006017904009526811, ""FCC_L12#1"": 0.0007871281158088379, ""HCP_A3#2"": 0.002804056361187325, ""ZRO2_MONO#1"": 0.0009512476781243905}",0.8,0.005,773.0
0.8,0.045,0.03,0.12,0.005,"{""BCC_B2#1"": 0.9893993500547459, ""C15_LAVES#1"": 0.006092615638210842, ""FCC_L12#1"": 0.0007798124557090735, ""HCP_A3#2"": 0.0027865162670760455, ""ZRO2_MONO#1"": 0.0009417055842583856}",0.8,0.005,773.0
0.8,0.045,0.035,0.115,0.005,"{""BCC_B2#1"": 0.9893648641325015, ""C15_LAVES#1"": 0.00616144168789322, ""FCC_L12#1"": 0.0007725009754535282, ""HCP_A3#2"": 0.002769031727426743, ""ZRO2_MONO#1"": 0.0009321614767250288}",0.8,0.005,773.0
0.8,0.045,0.04,0.11,0.005,"{""BCC_B2#1"": 0.9893364203468228, ""C15_LAVES#1"": 0.006224183157199959, ""FCC_L12#1"": 0.0007651927362698696, ""HCP_A3#2"": 0.002751588254236526, ""ZRO2_MONO#1"": 0.0009226155054709589}",0.8,0.005,773.0
0.8,0.045,0.045,0.105,0.005,"{""BCC_B2#1"": 0.9874874869982101, ""C15_LAVES#1"": 0.007160649270173479, ""FCC_L12#1"": 0.0007581204105157115, ""HCP_A3#1"": 0.0018571782887205886, ""HCP_A3#2"": 0.0027365650323802294}",0.8,0.005,773.0
0.8,0.045,0.05,0.1,0.005,"{""BCC_B2#1"": 0.9874827078250201, ""C15_LAVES#1"": 0.007201523570859671, ""FCC_L12#1"": 0.0007508043602090224, ""HCP_A3#1"": 0.002719038765626306, ""HCP_A3#2"": 0.0018459254782850554}",0.8,0.005,773.0
0.8,0.045,0.055,0.095,0.005,"{""BCC_B2#1"": 0.9874838660440546, ""C15_LAVES#1"": 0.007235525327337043, ""FCC_L12#1"": 0.0007434887948449063, ""HCP_A3#1"": 0.002701520571602591, ""HCP_A3#2"": 0.0018355992621606055}",0.8,0.005,773.0
0.8,0.045,0.06,0.09,0.005,"{""BCC_B2#1"": 0.9874912671491447, ""C15_LAVES#1"": 0.007262354468388035, ""FCC_L12#1"": 0.0007361730180738716, ""HCP_A3#1"": 0.0026839958077393023, ""HCP_A3#2"": 0.0018262095566537822}",0.8,0.005,773.0
0.8,0.045,0.065,0.085,0.005,"{""BCC_B2#1"": 0.9875052697710884, ""C15_LAVES#1"": 0.007281659652855185, ""FCC_L12#1"": 0.000728856345794428, ""HCP_A3#1"": 0.0026664507442294228, ""HCP_A3#2"": 0.001817763486032523}",0.8,0.005,773.0
0.8,0.045,0.07,0.08,0.005,"{""BCC_B2#1"": 0.9875262920987485, ""C15_LAVES#1"": 0.007293031904947395, ""FCC_L12#1"": 0.0007215381020871571, ""HCP_A3#1"": 0.0026488724508459045, ""HCP_A3#2"": 0.0018102654433710742}",0.8,0.005,773.0
0.8,0.045,0.075,0.075,0.005,"{""BCC_B2#1"": 0.9875548197176791, ""C15_LAVES#1"": 0.007295996895150011, ""FCC_L12#1"": 0.0007142176154437077, ""HCP_A3#1"": 0.0026312487375274867, ""HCP_A3#2"": 0.0018037170341997073}",0.8,0.005,773.0
0.8,0.045,0.08,0.07,0.005,"{""BCC_B2#1"": 0.9875914146278258, ""C15_LAVES#1"": 0.007290006126157948, ""FCC_L12#1"": 0.0007068942152681222, ""HCP_A3#1"": 0.0026135681141937063, ""HCP_A3#2"": 0.0017981169165543277}",0.8,0.005,773.0
0.8,0.045,0.085,0.065,0.005,"{""BCC_B2#1"": 0.9876367253910708, ""C15_LAVES#1"": 0.007274427094677975, ""FCC_L12#1"": 0.000699567228814168, ""HCP_A3#1"": 0.0025958197540149742, ""HCP_A3#2"": 0.0017934605314221812}",0.8,0.005,773.0
0.8,0.045,0.09,0.06,0.005,"{""BCC_B2#1"": 0.9876914984568484, ""C15_LAVES#1"": 0.0072485324074436945, ""FCC_L12#1"": 0.0006922359783981353, ""HCP_A3#1"": 0.0025779934527216507, ""HCP_A3#2"": 0.0017897397045881559}",0.8,0.005,773.0
0.8,0.045,0.095,0.055,0.005,"{""BCC_B2#1"": 0.987756590770962, ""C15_LAVES#1"": 0.007211487780128915, ""FCC_L12#1"": 0.0006848997789763794, ""HCP_A3#1"": 0.0017869420894814343, ""HCP_A3#2"": 0.0025600795804508725}",0.8,0.005,773.0
0.8,0.045,0.1,0.05,0.005,"{""BCC_B2#1"": 0.9878329838129263, ""C15_LAVES#1"": 0.007162338819067966, ""FCC_L12#1"": 0.0006775579360206552, ""HCP_A3#1"": 0.0017850504074537316, ""HCP_A3#2"": 0.002542069024531506}",0.8,0.005,773.0
0.8,0.045,0.105,0.045,0.005,"{""BCC_B2#1"": 0.9879217992416071, ""C15_LAVES#1"": 0.007099996467297359, ""FCC_L12#1"": 0.000670209743682926, ""HCP_A3#1"": 0.001784041424834741, ""HCP_A3#2"": 0.0025239531225781267}",0.8,0.005,773.0
0.8,0.045,0.11,0.04,0.005,"{""BCC_B2#1"": 0.9880243163654782, ""C15_LAVES#1"": 0.007023220982962321, ""FCC_L12#1"": 0.0006628544832133738, ""HCP_A3#1"": 0.0017838845825795136, ""HCP_A3#2"": 0.002505723585766606}",0.8,0.005,773.0
0.8,0.045,0.115,0.035,0.005,"{""BCC_B2#1"": 0.9881419916971252, ""C15_LAVES#1"": 0.006930604308278924, ""FCC_L12#1"": 0.0006554914216071056, ""HCP_A3#1"": 0.001784540160549529, ""HCP_A3#2"": 0.002487372412439146}",0.8,0.005,773.0
0.8,0.045,0.12,0.03,0.005,"{""BCC_B2#1"": 0.9882764809073458, ""C15_LAVES#1"": 0.006820550679774924, ""FCC_L12#1"": 0.000648119810465065, ""HCP_A3#1"": 0.0017859568101769039, ""HCP_A3#2"": 0.0024688917922376153}",0.8,0.005,773.0
0.8,0.045,0.125,0.025,0.005,"{""BCC_B2#1"": 0.9884296635711105, ""C15_LAVES#1"": 0.0066912553248685315, ""FCC_L12#1"": 0.0006407388850355873, ""HCP_A3#1"": 0.0017880682179208965, ""HCP_A3#2"": 0.002450274001064373}",0.8,0.005,773.0
0.8,0.045,0.13,0.02,0.005,"{""BCC_B2#1"": 0.9886036712026586, ""C15_LAVES#1"": 0.006540681089243035, ""FCC_L12#1"": 0.0006333478633919906, ""HCP_A3#1"": 0.001790788557797579, ""HCP_A3#2"": 0.0024315112869086673}",0.8,0.005,773.0
0.8,0.045,0.135,0.015,0.005,"{""BCC_B2#1"": 0.9888009192275998, ""C15_LAVES#1"": 0.006366532843575884, ""FCC_L12#1"": 0.0006259459456854215, ""HCP_A3#1"": 0.0017940062368588627, ""HCP_A3#2"": 0.002412595746279854}",0.8,0.005,773.0
0.8,0.045,0.14,0.01,0.005,"{""BCC_B2#1"": 0.9890241437538436, ""C15_LAVES#1"": 0.006166229533009165, ""FCC_L12#1"": 0.0006185323134666842, ""HCP_A3#1"": 0.0017975752091476185, ""HCP_A3#2"": 0.0023935191905328536}",0.8,0.005,773.0
0.8,0.045,0.145,0.005,0.005,"{""BCC_B2#1"": 0.9892764443124245, ""C15_LAVES#1"": 0.005936873763470607, ""FCC_L12#1"": 0.0006111061289127752, ""HCP_A3#1"": 0.0018013027948707882, ""HCP_A3#2"": 0.0023742730003219197}",0.8,0.005,773.0
0.8,0.045,0.15,0.0,0.005,"{""BCC_B2#1"": 0.9895613341856417, ""C15_LAVES#1"": 0.005675218876570435, ""FCC_L12#1"": 0.0006036665338463846, ""HCP_A3#1"": 0.001804932438807143, ""HCP_A3#2"": 0.0023548479651342544}",0.8,0.005,773.0
0.8,0.05,0.0,0.145,0.005,"{""BCC_B2#1"": 0.9896210606742962, ""C15_LAVES#1"": 0.00572797661853371, ""FCC_L12#1"": 0.0008146930850807104, ""HCP_A3#2"": 0.0028465682200354927, ""ZRO2_MONO#1"": 0.0009897014020541115}",0.8,0.005,773.0
0.8,0.05,0.005,0.14,0.005,"{""BCC_B2#1"": 0.9895476853575785, ""C15_LAVES#1"": 0.005836192214869313, ""FCC_L12#1"": 0.0008073293522186587, ""HCP_A3#2"": 0.0028286280505423235, ""ZRO2_MONO#1"": 0.0009801650247912813}",0.8,0.005,773.0
0.8,0.05,0.01,0.135,0.005,"{""BCC_B2#1"": 0.9894794574843884, ""C15_LAVES#1"": 0.005939114224197445, ""FCC_L12#1"": 0.0007999783531800366, ""HCP_A3#2"": 0.0028108220815618217, ""ZRO2_MONO#1"": 0.000970627856672268}",0.8,0.005,773.0
0.8,0.05,0.015,0.13,0.005,"{""BCC_B2#1"": 0.9894166319620507, ""C15_LAVES#1"": 0.006036506599655965, ""FCC_L12#1"": 0.0007926383940825025, ""HCP_A3#2"": 0.0027931332391913717, ""ZRO2_MONO#1"": 0.0009610898050194945}",0.8,0.005,773.0
0.8,0.05,0.02,0.125,0.005,"{""BCC_B2#1"": 0.9893594311362918, ""C15_LAVES#1"": 0.006128166106521067, ""FCC_L12#1"": 0.0007853079192597185, ""HCP_A3#2"": 0.002775544511106922, ""ZRO2_MONO#1"": 0.0009515503268204879}",0.8,0.005,773.0
0.8,0.05,0.025,0.12,0.005,"{""BCC_B2#1"": 0.989308053619833, ""C15_LAVES#1"": 0.006213912113296828, ""FCC_L12#1"": 0.0007779854992694252, ""HCP_A3#2"": 0.002758039048564681, ""ZRO2_MONO#1"": 0.0009420097190360943}",0.8,0.005,773.0
0.8,0.05,0.03,0.115,0.005,"{""BCC_B2#1"": 0.989262684009614, ""C15_LAVES#1"": 0.006293576842936197, ""FCC_L12#1"": 0.0007706698188475651, ""HCP_A3#2"": 0.0027406002618348664, ""ZRO2_MONO#1"": 0.0009324690667671273}",0.8,0.005,773.0
0.8,0.05,0.035,0.11,0.005,"{""BCC_B2#1"": 0.9892235068268032, ""C15_LAVES#1"": 0.006366995984737028, ""FCC_L12#1"": 0.0007633596679860843, ""HCP_A3#2"": 0.00272321192031591, ""ZRO2_MONO#1"": 0.0009229256001579831}",0.8,0.005,773.0
0.8,0.05,0.04,0.105,0.005,"{""BCC_B2#1"": 0.9891907073115238, ""C15_LAVES#1"": 0.006434000258252993, ""FCC_L12#1"": 0.000756053923658762, ""HCP_A3#2"": 0.0027058582138460912, ""ZRO2_MONO#1"": 0.0009133802927183772}",0.8,0.005,773.0
0.8,0.05,0.045,0.1,0.005,"{""BCC_B2#1"": 0.9873538158031765, ""C15_LAVES#1"": 0.007367168746903796, ""FCC_L12#1"": 0.000748950457622398, ""HCP_A3#1"": 0.002690322275143052, ""HCP_A3#2"": 0.001839742717154189}",0.8,0.005,773.0
0.8,0.05,0.05,0.095,0.005,"{""BCC_B2#1"": 0.9873449749259303, ""C15_LAVES#1"": 0.007411803060749977, ""FCC_L12#1"": 0.0007416385718963403, ""HCP_A3#1"": 0.0026728767244928605, ""HCP_A3#2"": 0.001828706716930268}",0.8,0.005,773.0
0.8,0.05,0.055,0.09,0.005,"{""BCC_B2#1"": 0.98734228263578, ""C15_LAVES#1"": 0.007449342185783366, ""FCC_L12#1"": 0.0007343279231872162, ""HCP_A3#1"": 0.002655431262607069, ""HCP_A3#2"": 0.0018186159926420924}",0.8,0.005,773.0
0.8,0.05,0.06,0.085,0.005,"{""BCC_B2#1"": 0.987346012736233, ""C15_LAVES#1"": 0.007479519691448489, ""FCC_L12#1"": 0.0007270177460121851, ""HCP_A3#1"": 0.0026379704952336942, ""HCP_A3#2"": 0.001809479331072941}",0.8,0.005,773.0
0.8,0.05,0.065,0.08,0.005,"{""BCC_B2#1"": 0.9873564910817906, ""C15_LAVES#1"": 0.007502018901757056, ""FCC_L12#1"": 0.0007197073012387478, ""HCP_A3#1"": 0.002620479913732747, ""HCP_A3#2"": 0.0018013028014809756}",0.8,0.005,773.0
0.8,0.05,0.07,0.075,0.005,"{""BCC_B2#1"": 0.9873741028324272, ""C15_LAVES#1"": 0.007516465692073331, ""FCC_L12#1"": 0.0007123958696013951, ""HCP_A3#1"": 0.002602945865638825, ""HCP_A3#2"": 0.001794089740259166}",0.8,0.005,773.0
0.8,0.05,0.075,0.07,0.005,"{""BCC_B2#1"": 0.9873993009193399, ""C15_LAVES#1"": 0.0075224201556110945, ""FCC_L12#1"": 0.0007050827458723009, ""HCP_A3#1"": 0.0025853555442642458, ""HCP_A3#2"": 0.0017878406349124975}",0.8,0.005,773.0
0.8,0.05,0.08,0.065,0.005,"{""BCC_B2#1"": 0.9874326155864422, ""C15_LAVES#1"": 0.007519367294285706, ""FCC_L12#1"": 0.0006977672336874, ""HCP_A3#1"": 0.0025676969774631473, ""HCP_A3#2"": 0.0017825529081215742}",0.8,0.005,773.0
0.8,0.05,0.085,0.06,0.005,"{""BCC_B2#1"": 0.98747466502423, ""C15_LAVES#1"": 0.007506706739549912, ""FCC_L12#1"": 0.0006904486409741491, ""HCP_A3#1"": 0.0025499590074631925, ""HCP_A3#2"": 0.0017782205877827268}",0.8,0.005,773.0
0.8,0.05,0.09,0.055,0.005,"{""BCC_B2#1"": 0.9875261671909337, ""C15_LAVES#1"": 0.007483741436556029, ""FCC_L12#1"": 0.0006831262759390657, ""HCP_A3#1"": 0.0025321312586235887, ""HCP_A3#2"": 0.0017748338379472916}",0.8,0.005,773.0
0.8,0.05,0.095,0.05,0.005,"{""BCC_B2#1"": 0.9875879529634836, ""C15_LAVES#1"": 0.007449665186530512, ""FCC_L12#1"": 0.0006757994435602013, ""HCP_A3#1"": 0.002514204092106455, ""HCP_A3#2"": 0.0017723783143195498}",0.8,0.005,773.0
0.8,0.05,0.1,0.045,0.005,"{""BCC_B2#1"": 0.9876609807962992, ""C15_LAVES#1"": 0.007403548920067554, ""FCC_L12#1"": 0.0006684674425074039, ""HCP_A3#1"": 0.0017708342937672334, ""HCP_A3#2"": 0.0024961685473586922}",0.8,0.005,773.0
0.8,0.05,0.105,0.04,0.005,"{""BCC_B2#1"": 0.9877463530993804, ""C15_LAVES#1"": 0.00734432555908859, ""FCC_L12#1"": 0.0006611295624707619, ""HCP_A3#1"": 0.0017701755083571811, ""HCP_A3#2"": 0.0024780162707027835}",0.8,0.005,773.0
0.8,0.05,0.11,0.035,0.005,"{""BCC_B2#1"": 0.9878453345849474, ""C15_LAVES#1"": 0.007270773314503995, ""FCC_L12#1"": 0.0006537850818119336, ""HCP_A3#1"": 0.0017703675872479886, ""HCP_A3#2"": 0.0024597394314886294}",0.8,0.005,773.0
0.8,0.05,0.115,0.03,0.005,"{""BCC_B2#1"": 0.9879593728788126, ""C15_LAVES#1"": 0.0071814972582678535, ""FCC_L12#1"": 0.0006464332655460509, ""HCP_A3#1"": 0.0017713659710502443, ""HCP_A3#2"": 0.002441330626323155}",0.8,0.005,773.0
0.8,0.05,0.12,0.025,0.005,"{""BCC_B2#1"": 0.9880901217562047, ""C15_LAVES#1"": 0.007074909001603196, ""FCC_L12#1"": 0.0006390733635389707, ""HCP_A3#1"": 0.002422782771874214, ""HCP_A3#2"": 0.0017731131067787696}",0.8,0.005,773.0
0.8,0.05,0.125,0.02,0.005,"{""BCC_B2#1"": 0.9882394674480428, ""C15_LAVES#1"": 0.006949204307757954, ""FCC_L12#1"": 0.0006317046089582567, ""HCP_A3#1"": 0.0017755346486112969, ""HCP_A3#2"": 0.0024040889866300476}",0.8,0.005,773.0
0.8,0.05,0.13,0.015,0.005,"{""BCC_B2#1"": 0.988409558585994, ""C15_LAVES#1"": 0.006802338467596697, ""FCC_L12#1"": 0.0006243262168709696, ""HCP_A3#1"": 0.0017785342677049054, ""HCP_A3#2"": 0.002385242461833447}",0.8,0.005,773.0
0.8,0.05,0.135,0.01,0.005,"{""BCC_B2#1"": 0.9886028405279379, ""C15_LAVES#1"": 0.006631999273919242, ""FCC_L12#1"": 0.0006169373829633916, ""HCP_A3#1"": 0.0017819864938344965, ""HCP_A3#2"": 0.002366236321345149}",0.8,0.005,773.0
0.8,0.05,0.14,0.005,0.005,"{""BCC_B2#1"": 0.9888220950544372, ""C15_LAVES#1"": 0.006435577449450415, ""FCC_L12#1"": 0.0006095372822922548, ""HCP_A3#1"": 0.001785726744158565, ""HCP_A3#2"": 0.002347063469661784}",0.8,0.005,773.0
0.8,0.05,0.145,0.0,0.005,"{""BCC_B2#1"": 0.9890704867859758, ""C15_LAVES#1"": 0.006210134422302833, ""FCC_L12#1"": 0.0006021250679796106, ""HCP_A3#1"": 0.00178953729763234, ""HCP_A3#2"": 0.002327716426109477}",0.8,0.005,773.0
0.8,0.055,0.0,0.14,0.005,"{""BCC_B2#1"": 0.9895323973091222, ""C15_LAVES#1"": 0.005877550757229291, ""FCC_L12#1"": 0.0008058820933226227, ""HCP_A3#2"": 0.002803709501470101, ""ZRO2_MONO#1"": 0.0009804603388557682}",0.8,0.005,773.0
0.8,0.055,0.005,0.135,0.005,"{""BCC_B2#1"": 0.9894523609247039, ""C15_LAVES#1"": 0.0059923384459450064, ""FCC_L12#1"": 0.0007985024491796068, ""HCP_A3#2"": 0.00278587413579557, ""ZRO2_MONO#1"": 0.0009709240443757083}",0.8,0.005,773.0
0.8,0.055,0.01,0.13,0.005,"{""BCC_B2#1"": 0.9893778935446725, ""C15_LAVES#1"": 0.006101405117520524, ""FCC_L12#1"": 0.000791139059284256, ""HCP_A3#2"": 0.0027681752861442527, ""ZRO2_MONO#1"": 0.0009613869923786331}",0.8,0.005,773.0
0.8,0.055,0.015,0.125,0.005,"{""BCC_B2#1"": 0.9893092705140429, ""C15_LAVES#1"": 0.006204496370124305, ""FCC_L12#1"": 0.0007837896789183689, ""HCP_A3#2"": 0.0027505943485212434, ""ZRO2_MONO#1"": 0.0009518490883928119}",0.8,0.005,773.0
0.8,0.055,0.02,0.12,0.005,"{""BCC_B2#1"": 0.9892467177789901, ""C15_LAVES#1"": 0.006301406900038524, ""FCC_L12#1"": 0.0007764522835015138, ""HCP_A3#2"": 0.002733112802898811, ""ZRO2_MONO#1"": 0.0009423102345710754}",0.8,0.005,773.0
0.8,0.055,0.025,0.115,0.005,"{""BCC_B2#1"": 0.989190427037844, ""C15_LAVES#1"": 0.006391966220226727, ""FCC_L12#1"": 0.0007691250487541089, ""HCP_A3#2"": 0.0027157123330764244, ""ZRO2_MONO#1"": 0.000932769360098651}",0.8,0.005,773.0
0.8,0.055,0.03,0.11,0.005,"{""BCC_B2#1"": 0.989140564834106, ""C15_LAVES#1"": 0.006476025420183679, ""FCC_L12#1"": 0.0007618063260764943, ""HCP_A3#2"": 0.0026983749195852885, ""ZRO2_MONO#1"": 0.0009232285000490365}",0.8,0.005,773.0
0.8,0.055,0.035,0.105,0.005,"{""BCC_B2#1"": 0.9890972913577755, ""C15_LAVES#1"": 0.00655344542594476, ""FCC_L12#1"": 0.000754494626833618, ""HCP_A3#2"": 0.002681082955734378, ""ZRO2_MONO#1"": 0.0009136856337117865}",0.8,0.005,773.0
0.8,0.055,0.04,0.1,0.005,"{""BCC_B2#1"": 0.9886436022020565, ""C15_LAVES#1"": 0.006825889905217451, ""FCC_L12#1"": 0.0007472296271512772, ""HCP_A3#1"": 0.002664124013453185, ""HCP_A3#2"": 0.0004237630315198427, ""ZRO2_MONO#1"": 0.0006953912206015637}",0.8,0.005,773.0
0.8,0.055,0.045,0.095,0.005,"{""BCC_B2#1"": 0.9872368344747172, ""C15_LAVES#1"": 0.007552901011101032, ""FCC_L12#1"": 0.0007400558082676889, ""HCP_A3#1"": 0.0026478278827531242, ""HCP_A3#2"": 0.0018223808231611056}",0.8,0.005,773.0
0.8,0.055,0.05,0.09,0.005,"{""BCC_B2#1"": 0.9872246103262644, ""C15_LAVES#1"": 0.007600608213137666, ""FCC_L12#1"": 0.0007327451891726864, ""HCP_A3#1"": 0.0026304571931938044, ""HCP_A3#2"": 0.0018115790782314296}",0.8,0.005,773.0
0.8,0.055,0.055,0.085,0.005,"{""BCC_B2#1"": 0.9872187879514466, ""C15_LAVES#1"": 0.007640953722065039, ""FCC_L12#1"": 0.0007254365659020542, ""HCP_A3#1"": 0.0026130795488291843, ""HCP_A3#2"": 0.0018017422117573207}",0.8,0.005,773.0
0.8,0.055,0.06,0.08,0.005,"{""BCC_B2#1"": 0.9872196113075539, ""C15_LAVES#1"": 0.007673702935245295, ""FCC_L12#1"": 0.0007181290842879054, ""HCP_A3#1"": 0.0025956785324776784, ""HCP_A3#2"": 0.0017928781404350416}",0.8,0.005,773.0
0.8,0.055,0.065,0.075,0.005,"{""BCC_B2#1"": 0.9872273763672833, ""C15_LAVES#1"": 0.007698570946295995, ""FCC_L12#1"": 0.0007108219341346878, ""HCP_A3#1"": 0.0025782386432959955, ""HCP_A3#2"": 0.0017849921089902816}",0.8,0.005,773.0
0.8,0.055,0.07,0.07,0.005,"{""BCC_B2#1"": 0.9872424391216263, ""C15_LAVES#1"": 0.007715214592387305, ""FCC_L12#1"": 0.0007035143396369246, ""HCP_A3#1"": 0.0025607453314855613, ""HCP_A3#2"": 0.0017780866148638156}",0.8,0.005,773.0
0.8,0.055,0.075,0.065,0.005,"{""BCC_B2#1"": 0.9872652246146347, ""C15_LAVES#1"": 0.007723223567873267, ""FCC_L12#1"": 0.0006962055509663487, ""HCP_A3#1"": 0.0025431850253115383, ""HCP_A3#2"": 0.001772161241214188}",0.8,0.005,773.0
0.8,0.055,0.08,0.06,0.005,"{""BCC_B2#1"": 0.9872962369666731, ""C15_LAVES#1"": 0.007722110666056848, ""FCC_L12#1"": 0.0006888948369396174, ""HCP_A3#1"": 0.0025255451412124555, ""HCP_A3#2"": 0.0017672123891181778}",0.8,0.005,773.0
0.8,0.055,0.085,0.055,0.005,"{""BCC_B2#1"": 0.9873360704643054, ""C15_LAVES#1"": 0.0077113010942069975, ""FCC_L12#1"": 0.000681581478654297, ""HCP_A3#1"": 0.002507814074781128, ""HCP_A3#2"": 0.001763232888052091}",0.8,0.005,773.0
0.8,0.055,0.09,0.05,0.005,"{""BCC_B2#1"": 0.9873854218577083, ""C15_LAVES#1"": 0.007690120751780889, ""FCC_L12#1"": 0.0006742647639534103, ""HCP_A3#1"": 0.0024899811728962495, ""HCP_A3#2"": 0.0017602114536610976}",0.8,0.005,773.0
0.8,0.055,0.095,0.045,0.005,"{""BCC_B2#1"": 0.9874451040456246, ""C15_LAVES#1"": 0.007657783333600574, ""FCC_L12#1"": 0.0006669439826442795, ""HCP_A3#1"": 0.001758131950098921, ""HCP_A3#2"": 0.002472036688031664}",0.8,0.005,773.0
0.8,0.055,0.1,0.04,0.005,"{""BCC_B2#1"": 0.9875160613595942, ""C15_LAVES#1"": 0.0076133761034372395, ""FCC_L12#1"": 0.0006596184223271147, ""HCP_A3#1"": 0.0024539717158996964, ""HCP_A3#2"": 0.0017569723987417324}",0.8,0.005,773.0
0.8,0.055,0.105,0.035,0.005,"{""BCC_B2#1"": 0.987599386692009, ""C15_LAVES#1"": 0.0075558441724877246, ""FCC_L12#1"": 0.0006522873647649911, ""HCP_A3#1"": 0.0024357781174886113, ""HCP_A3#2"": 0.0017567036532496372}",0.8,0.005,773.0
0.8,0.055,0.11,0.03,0.005,"{""BCC_B2#1"": 0.9876963407520482, ""C15_LAVES#1"": 0.007483973108686626, ""FCC_L12#1"": 0.0006449500827376387, ""HCP_A3#1"": 0.00241744842644508, ""HCP_A3#2"": 0.001757287630082583}",0.8,0.005,773.0
0.8,0.055,0.115,0.025,0.005,"{""BCC_B2#1"": 0.9878083737857574, ""C15_LAVES#1"": 0.0073963696961163354, ""FCC_L12#1"": 0.0006376058372402099, ""HCP_A3#1"": 0.0023989757426027465, ""HCP_A3#2"": 0.0017586749382838345}",0.8,0.005,773.0
0.8,0.055,0.12,0.02,0.005,"{""BCC_B2#1"": 0.987937150167481, ""C15_LAVES#1"": 0.007291440658144849, ""FCC_L12#1"": 0.0006302538750708239, ""HCP_A3#1"": 0.0023803536123876002, ""HCP_A3#2"": 0.0017608016869159362}",0.8,0.005,773.0
0.8,0.055,0.125,0.015,0.005,"{""BCC_B2#1"": 0.988084576369659, ""C15_LAVES#1"": 0.007167369155845778, ""FCC_L12#1"": 0.0006228934266191632, ""HCP_A3#1"": 0.002361575896560848, ""HCP_A3#2"": 0.0017635851513154836}",0.8,0.005,773.0
0.8,0.055,0.13,0.01,0.005,"{""BCC_B2#1"": 0.9882528329572877, ""C15_LAVES#1"": 0.007022088874899198, ""FCC_L12#1"": 0.0006155237039357072, ""HCP_A3#1"": 0.002342636625639222, ""HCP_A3#2"": 0.001766917838238151}",0.8,0.005,773.0
0.8,0.055,0.135,0.005,0.005,"{""BCC_B2#1"": 0.9884444114565492, ""C15_LAVES#1"": 0.0068532555254367305, ""FCC_L12#1"": 0.0006081438988704611, ""HCP_A3#1"": 0.0023235298427550085, ""HCP_A3#2"": 0.0017706592763885372}",0.8,0.005,773.0
0.8,0.055,0.14,0.0,0.005,"{""BCC_B2#1"": 0.9886621572333949, ""C15_LAVES#1"": 0.006658215603344881, ""FCC_L12#1"": 0.0006007531813270545, ""HCP_A3#1"": 0.002304249432968146, ""HCP_A3#2"": 0.0017746245489651184}",0.8,0.005,773.0
0.8,0.06,0.0,0.135,0.005,"{""BCC_B2#1"": 0.9894527864248757, ""C15_LAVES#1"": 0.00601491645715459, ""FCC_L12#1"": 0.0007973137773029036, ""HCP_A3#2"": 0.0027637653422298058, ""ZRO2_MONO#1"": 0.0009712179984372355}",0.8,0.005,773.0
0.8,0.06,0.005,0.13,0.005,"{""BCC_B2#1"": 0.9893664849054308, ""C15_LAVES#1"": 0.006135884940113591, ""FCC_L12#1"": 0.0007899141632795657, ""HCP_A3#2"": 0.0027460343302274483, ""ZRO2_MONO#1"": 0.0009616816609486098}",0.8,0.005,773.0
0.8,0.06,0.01,0.125,0.005,"{""BCC_B2#1"": 0.9892861853393631, ""C15_LAVES#1"": 0.006250693235004822, ""FCC_L12#1"": 0.0007825349283492878, ""HCP_A3#2"": 0.0027284419168031528, ""ZRO2_MONO#1"": 0.0009521445804794852}",0.8,0.005,773.0
0.8,0.06,0.015,0.12,0.005,"{""BCC_B2#1"": 0.9892121905504018, ""C15_LAVES#1"": 0.006359062075462597, ""FCC_L12#1"": 0.0007751731310060355, ""HCP_A3#2"": 0.002710968031277935, ""ZRO2_MONO#1"": 0.0009426062118516184}",0.8,0.005,773.0
0.8,0.06,0.02,0.115,0.005,"{""BCC_B2#1"": 0.9891447327770874, ""C15_LAVES#1"": 0.006460780999898853, ""FCC_L12#1"": 0.000767826160932305, ""HCP_A3#2"": 0.0026935926988698095, ""ZRO2_MONO#1"": 0.0009330673632118209}",0.8,0.005,773.0
0.8,0.06,0.025,0.11,0.005,"{""BCC_B2#1"": 0.989083996149246, ""C15_LAVES#1"": 0.006555688645424075, ""FCC_L12#1"": 0.0007604917056750619, ""HCP_A3#2"": 0.002676296178620013, ""ZRO2_MONO#1"": 0.0009235273210347151}",0.8,0.005,773.0
0.8,0.06,0.03,0.105,0.005,"{""BCC_B2#1"": 0.9890301318951648, ""C15_LAVES#1"": 0.006643654959367992, ""FCC_L12#1"": 0.0007531677131798769, ""HCP_A3#2"": 0.002659059069428542, ""ZRO2_MONO#1"": 0.0009139863628587216}",0.8,0.005,773.0
0.8,0.06,0.035,0.1,0.005,"{""BCC_B2#1"": 0.9889832761006839, ""C15_LAVES#1"": 0.006724566191484239, ""FCC_L12#1"": 0.0007458523599532167, ""HCP_A3#2"": 0.002641862423100058, ""ZRO2_MONO#1"": 0.0009044429247785765}",0.8,0.005,773.0
0.8,0.06,0.04,0.095,0.005,"{""BCC_B2#1"": 0.9871548233276082, ""C15_LAVES#1"": 0.007664273772469061, ""FCC_L12#1"": 0.0007386988490249629, ""HCP_A3#1"": 0.0026255803021251276, ""HCP_A3#2"": 0.0018166237487725826}",0.8,0.005,773.0
0.8,0.06,0.045,0.09,0.005,"{""BCC_B2#1"": 0.9871332672469114, ""C15_LAVES#1"": 0.0077219779361841195, ""FCC_L12#1"": 0.0007313835691541625, ""HCP_A3#1"": 0.0026082740291938013, ""HCP_A3#2"": 0.0018050972185564272}",0.8,0.005,773.0
0.8,0.06,0.05,0.085,0.005,"{""BCC_B2#1"": 0.9871182231593559, ""C15_LAVES#1"": 0.007772185352582433, ""FCC_L12#1"": 0.0007240720835104072, ""HCP_A3#1"": 0.002590972953756795, ""HCP_A3#2"": 0.0017945464507943413}",0.8,0.005,773.0
0.8,0.06,0.055,0.08,0.005,"{""BCC_B2#1"": 0.9871098616252398, ""C15_LAVES#1"": 0.00781473515386653, ""FCC_L12#1"": 0.0007167633523937118, ""HCP_A3#1"": 0.002573658575940874, ""HCP_A3#2"": 0.0017849812925588954}",0.8,0.005,773.0
0.8,0.06,0.06,0.075,0.005,"{""BCC_B2#1"": 0.9871083984967457, ""C15_LAVES#1"": 0.007849422820026168, ""FCC_L12#1"": 0.0007094564165699324, ""HCP_A3#1"": 0.0025563132739995476, ""HCP_A3#2"": 0.0017764089926584166}",0.8,0.005,773.0
0.8,0.06,0.065,0.07,0.005,"{""BCC_B2#1"": 0.9871141025647617, ""C15_LAVES#1"": 0.00787599248277176, ""FCC_L12#1"": 0.0007021503817579711, ""HCP_A3#1"": 0.0025389204110791816, ""HCP_A3#2"": 0.00176883415962917}",0.8,0.005,773.0
0.8,0.06,0.07,0.065,0.005,"{""BCC_B2#1"": 0.9871273042453313, ""C15_LAVES#1"": 0.007894128291319157, ""FCC_L12#1"": 0.0006948444051821202, ""HCP_A3#1"": 0.002521464423075013, ""HCP_A3#2"": 0.0017622586350923345}",0.8,0.005,773.0
0.8,0.06,0.075,0.06,0.005,"{""BCC_B2#1"": 0.9871484051356341, ""C15_LAVES#1"": 0.007903445024609216, ""FCC_L12#1"": 0.0006875376839942024, ""HCP_A3#1"": 0.0025039308757834, ""HCP_A3#2"": 0.0017566812799790516}",0.8,0.005,773.0
0.8,0.06,0.08,0.055,0.005,"{""BCC_B2#1"": 0.9871778884838953, ""C15_LAVES#1"": 0.007903477923717097, ""FCC_L12#1"": 0.000680229445339268, ""HCP_A3#1"": 0.0024863064909896662, ""HCP_A3#2"": 0.0017520976560588982}",0.8,0.005,773.0
0.8,0.06,0.085,0.05,0.005,"{""BCC_B2#1"": 0.9872163307123166, ""C15_LAVES#1"": 0.007893671630118506, ""FCC_L12#1"": 0.0006729189378587217, ""HCP_A3#1"": 0.0024685791443955353, ""HCP_A3#2"": 0.0017484995753107462}",0.8,0.005,773.0
0.8,0.06,0.09,0.045,0.005,"{""BCC_B2#1"": 0.9872644141800789, ""C15_LAVES#1"": 0.00787336807678628, ""FCC_L12#1"": 0.0006656054243908756, ""HCP_A3#1"": 0.0024507378387137193, ""HCP_A3#2"": 0.0017458744800301614}",0.8,0.005,773.0
0.8,0.06,0.095,0.04,0.005,"{""BCC_B2#1"": 0.987322941404867, ""C15_LAVES#1"": 0.007841793160675565, ""FCC_L12#1"": 0.0006582881757188737, ""HCP_A3#1"": 0.002432772654827431, ""HCP_A3#2"": 0.0017442046039107505}",0.8,0.005,773.0
0.8,0.06,0.1,0.035,0.005,"{""BCC_B2#1"": 0.9873928509895094, ""C15_LAVES#1"": 0.0077980420150063606, ""FCC_L12#1"": 0.0006509664651736514, ""HCP_A3#1"": 0.002414674683290157, ""HCP_A3#2"": 0.0017434658470205705}",0.8,0.005,773.0
0.8,0.06,0.105,0.03,0.005,"{""BCC_B2#1"": 0.9874752355327185, ""C15_LAVES#1"": 0.007741062692623641, ""FCC_L12#1"": 0.000643639563978544, ""HCP_A3#1"": 0.001743626272762487, ""HCP_A3#2"": 0.0023964359379169786}",0.8,0.005,773.0
0.8,0.06,0.11,0.025,0.005,"{""BCC_B2#1"": 0.9875713618452452, ""C15_LAVES#1"": 0.0076696380658023405, ""FCC_L12#1"": 0.0006363067371899757, ""HCP_A3#1"": 0.0017446440989366634, ""HCP_A3#2"": 0.0023780492528258533}",0.8,0.005,773.0
0.8,0.06,0.115,0.02,0.005,"{""BCC_B2#1"": 0.9876826938505198, ""C15_LAVES#1"": 0.007582365742576357, ""FCC_L12#1"": 0.0006289672401488619, ""HCP_A3#1"": 0.0023595081639984595, ""HCP_A3#2"": 0.0017464650027566016}",0.8,0.005,773.0
0.8,0.06,0.12,0.015,0.005,"{""BCC_B2#1"": 0.9878109186293551, ""C15_LAVES#1"": 0.0074776357958679825, ""FCC_L12#1"": 0.0006216203153664891, ""HCP_A3#1"": 0.0023408067762151707, ""HCP_A3#2"": 0.0017490184831950163}",0.8,0.005,773.0
0.8,0.06,0.125,0.01,0.005,"{""BCC_B2#1"": 0.9879579761823014, ""C15_LAVES#1"": 0.00735360610059969, ""FCC_L12#1"": 0.0006142651897214518, ""HCP_A3#1"": 0.002321939615991923, ""HCP_A3#2"": 0.0017522129113857758}",0.8,0.005,773.0
0.8,0.06,0.13,0.005,0.005,"{""BCC_B2#1"": 0.988126093645127, ""C15_LAVES#1"": 0.007208175078685317, ""FCC_L12#1"": 0.0006069010719341902, ""HCP_A3#1"": 0.002302901470804999, ""HCP_A3#2"": 0.0017559287334484284}",0.8,0.005,773.0
0.8,0.06,0.135,0.0,0.005,"{""BCC_B2#1"": 0.988317824926066, ""C15_LAVES#1"": 0.007038951665846222, ""FCC_L12#1"": 0.000599527150226327, ""HCP_A3#1"": 0.002283687214395996, ""HCP_A3#2"": 0.001760009043465513}",0.8,0.005,773.0
0.8,0.065,0.0,0.13,0.005,"{""BCC_B2#1"": 0.9893803859510009, ""C15_LAVES#1"": 0.006142529498888355, ""FCC_L12#1"": 0.0007889416085628188, ""HCP_A3#2"": 0.0027261682017040785, ""ZRO2_MONO#1"": 0.0009619747398435415}",0.8,0.005,773.0
0.8,0.065,0.005,0.125,0.005,"{""BCC_B2#1"": 0.9892882002723024, ""C15_LAVES#1"": 0.006269301781252537, ""FCC_L12#1"": 0.0007815188908403785, ""HCP_A3#2"": 0.002708540781993439, ""ZRO2_MONO#1"": 0.0009524382736112513}",0.8,0.005,773.0
0.8,0.065,0.01,0.12,0.005,"{""BCC_B2#1"": 0.9892024548552006, ""C15_LAVES#1"": 0.006389469214024545, ""FCC_L12#1"": 0.0007741212285822365, ""HCP_A3#2"": 0.0026910536373992836, ""ZRO2_MONO#1"": 0.0009429010647929712}",0.8,0.005,773.0
0.8,0.065,0.015,0.115,0.005,"{""BCC_B2#1"": 0.9891234858151943, ""C15_LAVES#1"": 0.0065027214234077355, ""FCC_L12#1"": 0.0007667448347152355, ""HCP_A3#2"": 0.0026736853223066235, ""ZRO2_MONO#1"": 0.0009333626043763172}",0.8,0.005,773.0
0.8,0.065,0.02,0.11,0.005,"{""BCC_B2#1"": 0.9890515351490572, ""C15_LAVES#1"": 0.006608840445472073, ""FCC_L12#1"": 0.000759386399207438, ""HCP_A3#2"": 0.0026564144891222993, ""ZRO2_MONO#1"": 0.0009238235171409566}",0.8,0.005,773.0
0.8,0.065,0.025,0.105,0.005,"{""BCC_B2#1"": 0.9889867803549919, ""C15_LAVES#1"": 0.006707673276578856, ""FCC_L12#1"": 0.0007520430336529351, ""HCP_A3#2"": 0.0026392200393249507, ""ZRO2_MONO#1"": 0.0009142832954513461}",0.8,0.005,773.0
0.8,0.065,0.03,0.1,0.005,"{""BCC_B2#1"": 0.9889293556086156, ""C15_LAVES#1"": 0.0067991092595427365, ""FCC_L12#1"": 0.0007447122148009957, ""HCP_A3#2"": 0.0026220812438437747, ""ZRO2_MONO#1"": 0.0009047416731967771}",0.8,0.005,773.0
0.8,0.065,0.035,0.095,0.005,"{""BCC_B2#1"": 0.9888793714884706, ""C15_LAVES#1"": 0.006883060639993787, ""FCC_L12#1"": 0.0007373917333844764, ""HCP_A3#2"": 0.0026049778588745263, ""ZRO2_MONO#1"": 0.0008951982792766386}",0.8,0.005,773.0
0.8,0.065,0.04,0.09,0.005,"{""BCC_B2#1"": 0.9870650197183467, ""C15_LAVES#1"": 0.007817282911250115, ""FCC_L12#1"": 0.0007302116744063901, ""HCP_A3#1"": 0.0025883103666274297, ""HCP_A3#2"": 0.0017991753293690037}",0.8,0.005,773.0
0.8,0.065,0.045,0.085,0.005,"{""BCC_B2#1"": 0.9870407990119217, ""C15_LAVES#1"": 0.007877341077171654, ""FCC_L12#1"": 0.0007228930933016023, ""HCP_A3#1"": 0.0025710731647583056, ""HCP_A3#2"": 0.0017878936528467407}",0.8,0.005,773.0
0.8,0.065,0.05,0.08,0.005,"{""BCC_B2#1"": 0.9870234156090278, ""C15_LAVES#1"": 0.007929558164933572, ""FCC_L12#1"": 0.0007155791976189634, ""HCP_A3#1"": 0.0025538366664141646, ""HCP_A3#2"": 0.0017776103620054003}",0.8,0.005,773.0
0.8,0.065,0.055,0.075,0.005,"{""BCC_B2#1"": 0.9870130127832957, ""C15_LAVES#1"": 0.007973802668745127, ""FCC_L12#1"": 0.0007082688006861451, ""HCP_A3#1"": 0.0025365810232989452, ""HCP_A3#2"": 0.0017683347239737838}",0.8,0.005,773.0
0.8,0.065,0.06,0.07,0.005,"{""BCC_B2#1"": 0.9870097800090527, ""C15_LAVES#1"": 0.008009898390047496, ""FCC_L12#1"": 0.0007009608259020305, ""HCP_A3#1"": 0.0025192872822283304, ""HCP_A3#2"": 0.0017600734927694817}",0.8,0.005,773.0
0.8,0.065,0.065,0.065,0.005,"{""BCC_B2#1"": 0.9870139615148358, ""C15_LAVES#1"": 0.008037615819363698, ""FCC_L12#1"": 0.0006936542855117999, ""HCP_A3#1"": 0.0025019375729063115, ""HCP_A3#2"": 0.001752830807382366}",0.8,0.005,773.0
0.8,0.065,0.07,0.06,0.005,"{""BCC_B2#1"": 0.987025865593932, ""C15_LAVES#1"": 0.008056662883397372, ""FCC_L12#1"": 0.0006863482625431364, ""HCP_A3#1"": 0.0024845152413644285, ""HCP_A3#2"": 0.0017466080187628177}",0.8,0.005,773.0
0.8,0.065,0.075,0.055,0.005,"{""BCC_B2#1"": 0.9870458746365695, ""C15_LAVES#1"": 0.00806667510516365, ""FCC_L12#1"": 0.0006790418955086652, ""HCP_A3#1"": 0.0024670049315264246, ""HCP_A3#2"": 0.0017414034312319237}",0.8,0.005,773.0
0.8,0.065,0.08,0.05,0.005,"{""BCC_B2#1"": 0.9870744560149807, ""C15_LAVES#1"": 0.008067205064160412, ""FCC_L12#1"": 0.0006717343654604893, ""HCP_A3#1"": 0.00244939262264417, ""HCP_A3#2"": 0.0017372119327540893}",0.8,0.005,773.0
0.8,0.065,0.085,0.045,0.005,"{""BCC_B2#1"": 0.9871121740218344, ""C15_LAVES#1"": 0.008057710982751515, ""FCC_L12#1"": 0.0006644248850423402, ""HCP_A3#1"": 0.00243166563033695, ""HCP_A3#2"": 0.001734024480035091}",0.8,0.005,773.0
0.8,0.065,0.09,0.04,0.005,"{""BCC_B2#1"": 0.987159703095891, ""C15_LAVES#1"": 0.00803754424280354, ""FCC_L12#1"": 0.0006571126892176995, ""HCP_A3#1"": 0.0024138125774696736, ""HCP_A3#2"": 0.0017318273946180266}",0.8,0.005,773.0
0.8,0.065,0.095,0.035,0.005,"{""BCC_B2#1"": 0.9872178425926439, ""C15_LAVES#1"": 0.0080059356279942, ""FCC_L12#1"": 0.0006497970273871901, ""HCP_A3#1"": 0.0023958233395274136, ""HCP_A3#2"": 0.0017306014124474035}",0.8,0.005,773.0
0.8,0.065,0.1,0.03,0.005,"{""BCC_B2#1"": 0.9872875333823854, ""C15_LAVES#1"": 0.00796198008351832, ""FCC_L12#1"": 0.000642477156673509, ""HCP_A3#1"": 0.002377688967795989, ""HCP_A3#2"": 0.001730320409626464}",0.8,0.005,773.0
0.8,0.065,0.105,0.025,0.005,"{""BCC_B2#1"": 0.9873698765909201, ""C15_LAVES#1"": 0.007904619781731294, ""FCC_L12#1"": 0.0006351523361427674, ""HCP_A3#1"": 0.0023594015927117544, ""HCP_A3#2"": 0.0017309496984942558}",0.8,0.005,773.0
0.8,0.065,0.11,0.02,0.005,"{""BCC_B2#1"": 0.9874661548435202, ""C15_LAVES#1"": 0.00783262527891307, ""FCC_L12#1"": 0.0006278218218155461, ""HCP_A3#1"": 0.002340954309085017, ""HCP_A3#2"": 0.0017324437466661848}",0.8,0.005,773.0
0.8,0.065,0.115,0.015,0.005,"{""BCC_B2#1"": 0.9875778564373446, ""C15_LAVES#1"": 0.007744574544977719, ""FCC_L12#1"": 0.0006204848623383154, ""HCP_A3#1"": 0.0023223410444593844, ""HCP_A3#2"": 0.0017347431108801032}",0.8,0.005,773.0
0.8,0.065,0.12,0.01,0.005,"{""BCC_B2#1"": 0.987706702959332, ""C15_LAVES#1"": 0.007638829645471093, ""FCC_L12#1"": 0.0006131406951732612, ""HCP_A3#1"": 0.002303556411592658, ""HCP_A3#2"": 0.0017377702884308855}",0.8,0.005,773.0
0.8,0.065,0.125,0.005,0.005,"{""BCC_B2#1"": 0.9878546809968664, ""C15_LAVES#1"": 0.007513510856257354, ""FCC_L12#1"": 0.0006057885431922317, ""HCP_A3#1"": 0.0022845955457301546, ""HCP_A3#2"": 0.001741424057954052}",0.8,0.005,773.0
0.8,0.065,0.13,0.0,0.005,"{""BCC_B2#1"": 0.988024078776339, ""C15_LAVES#1"": 0.007366467998216881, ""FCC_L12#1"": 0.0005984276116229727, ""HCP_A3#1"": 0.0022654539269798854, ""HCP_A3#2"": 0.0017455716868413722}",0.8,0.005,773.0
0.8,0.07,0.0,0.125,0.005,"{""BCC_B2#1"": 0.9893138449061528, ""C15_LAVES#1"": 0.006262202418890424, ""FCC_L12#1"": 0.000780728558192298, ""HCP_A3#2"": 0.002690493345003791, ""ZRO2_MONO#1"": 0.0009527307717607559}",0.8,0.005,773.0
0.8,0.07,0.005,0.12,0.005,"{""BCC_B2#1"": 0.9892161441754612, ""C15_LAVES#1"": 0.006394412927131124, ""FCC_L12#1"": 0.000773280519753952, ""HCP_A3#2"": 0.0026729682633011404, ""ZRO2_MONO#1"": 0.0009431941143526552}",0.8,0.005,773.0
0.8,0.07,0.01,0.115,0.005,"{""BCC_B2#1"": 0.98912532339087, ""C15_LAVES#1"": 0.006519572575140561, ""FCC_L12#1"": 0.0007658626808030164, ""HCP_A3#2"": 0.002655584650102416, ""ZRO2_MONO#1"": 0.0009336567030839492}",0.8,0.005,773.0
0.8,0.07,0.015,0.11,0.005,"{""BCC_B2#1"": 0.9890417581050687, ""C15_LAVES#1"": 0.0066373342291838906, ""FCC_L12#1"": 0.0007584702656811594, ""HCP_A3#2"": 0.0026383197950578924, ""ZRO2_MONO#1"": 0.0009241176050084336}",0.8,0.005,773.0
0.8,0.07,0.02,0.105,0.005,"{""BCC_B2#1"": 0.9889657007249273, ""C15_LAVES#1"": 0.006747470387134307, ""FCC_L12#1"": 0.0007510991562547422, ""HCP_A3#2"": 0.002621151063685196, ""ZRO2_MONO#1"": 0.0009145786679985717}",0.8,0.005,773.0
0.8,0.07,0.025,0.1,0.005,"{""BCC_B2#1"": 0.9888973229665761, ""C15_LAVES#1"": 0.0068498366046518926, ""FCC_L12#1"": 0.0007437458096861335, ""HCP_A3#2"": 0.0026040560780529174, ""ZRO2_MONO#1"": 0.0009050385410332009}",0.8,0.005,773.0
0.8,0.07,0.03,0.095,0.005,"{""BCC_B2#1"": 0.9888367415586288, ""C15_LAVES#1"": 0.006944342388225809, ""FCC_L12#1"": 0.0007364071739771894, ""HCP_A3#2"": 0.002587012844697982, ""ZRO2_MONO#1"": 0.0008954960344702399}",0.8,0.005,773.0
0.8,0.07,0.035,0.09,0.005,"{""BCC_B2#1"": 0.9887840407393858, ""C15_LAVES#1"": 0.0070309267103480745, ""FCC_L12#1"": 0.0007290806123193536, ""HCP_A3#2"": 0.0025699998761918065, ""ZRO2_MONO#1"": 0.000885952061755219}",0.8,0.005,773.0
0.8,0.07,0.04,0.085,0.005,"{""BCC_B2#1"": 0.9869842109091093, ""C15_LAVES#1"": 0.007959160406026048, ""FCC_L12#1"": 0.0007218755905899362, ""HCP_A3#1"": 0.0025529611260943132, ""HCP_A3#2"": 0.00178179196818038}",0.8,0.005,773.0
0.8,0.07,0.045,0.08,0.005,"{""BCC_B2#1"": 0.9869577354670226, ""C15_LAVES#1"": 0.008021153919947734, ""FCC_L12#1"": 0.0007145526447388944, ""HCP_A3#1"": 0.002535787573822509, ""HCP_A3#2"": 0.0017707703944681427}",0.8,0.005,773.0
0.8,0.07,0.05,0.075,0.005,"{""BCC_B2#1"": 0.9869384315202718, ""C15_LAVES#1"": 0.008074951373278587, ""FCC_L12#1"": 0.0007072352543515382, ""HCP_A3#1"": 0.0025186106894352508, ""HCP_A3#2"": 0.0017607711626629172}",0.8,0.005,773.0
0.8,0.07,0.055,0.07,0.005,"{""BCC_B2#1"": 0.9869264159408018, ""C15_LAVES#1"": 0.008120449704349742, ""FCC_L12#1"": 0.0006999220747644914, ""HCP_A3#1"": 0.0025014091534070215, ""HCP_A3#2"": 0.0017518031266768304}",0.8,0.005,773.0
0.8,0.07,0.06,0.065,0.005,"{""BCC_B2#1"": 0.9869218536207618, ""C15_LAVES#1"": 0.008157499178278389, ""FCC_L12#1"": 0.0006926119042188889, ""HCP_A3#1"": 0.0024841625928232144, ""HCP_A3#2"": 0.0017438727039172826}",0.8,0.005,773.0
0.8,0.07,0.065,0.06,0.005,"{""BCC_B2#1"": 0.9869249668554934, ""C15_LAVES#1"": 0.008185893926876001, ""FCC_L12#1"": 0.0006853036559812406, ""HCP_A3#1"": 0.002466851841628762, ""HCP_A3#2"": 0.0017369837200206064}",0.8,0.005,773.0
0.8,0.07,0.07,0.055,0.005,"{""BCC_B2#1"": 0.9869360452184205, ""C15_LAVES#1"": 0.008205362140895348, ""FCC_L12#1"": 0.0006779963349914231, ""HCP_A3#1"": 0.0024494591131252017, ""HCP_A3#2"": 0.001731137192567878}",0.8,0.005,773.0
0.8,0.07,0.075,0.05,0.005,"{""BCC_B2#1"": 0.9869554560252428, ""C15_LAVES#1"": 0.008215555827501612, ""FCC_L12#1"": 0.000670689018336126, ""HCP_A3#1"": 0.0024319681005596076, ""HCP_A3#2"": 0.0017263310283602018}",0.8,0.005,773.0
0.8,0.07,0.08,0.045,0.005,"{""BCC_B2#1"": 0.9869836556060654, ""C15_LAVES#1"": 0.008216039932957254, ""FCC_L12#1"": 0.0006633808389528849, ""HCP_A3#1"": 0.0024143640214158977, ""HCP_A3#2"": 0.0017225596006086512}",0.8,0.005,773.0
0.7999999999999999,0.07,0.085,0.04,0.005,"{""BCC_B2#1"": 0.9870212016474141, ""C15_LAVES#1"": 0.008206280597585935, ""FCC_L12#1"": 0.0006560709719900432, ""HCP_A3#1"": 0.0023966336178214338, ""HCP_A3#2"": 0.0017198131651885147}",0.8,0.005,773.0
0.8,0.07,0.09,0.035,0.005,"{""BCC_B2#1"": 0.9870687668857119, ""C15_LAVES#1"": 0.00818563230403564, ""FCC_L12#1"": 0.0006487586233900573, ""HCP_A3#1"": 0.002378765122142687, ""HCP_A3#2"": 0.0017180770647197098}",0.8,0.005,773.0
0.8,0.07,0.095,0.03,0.005,"{""BCC_B2#1"": 0.9871271544496312, ""C15_LAVES#1"": 0.008153323681839315, ""FCC_L12#1"": 0.0006414430202769204, ""HCP_A3#1"": 0.0023607481940586383, ""HCP_A3#2"": 0.0017173306541939904}",0.8,0.005,773.0
0.8,0.07,0.1,0.025,0.005,"{""BCC_B2#1"": 0.9871973151708788, ""C15_LAVES#1"": 0.008108441733826906, ""FCC_L12#1"": 0.0006341234028279898, ""HCP_A3#1"": 0.002342573833390367, ""HCP_A3#2"": 0.0017175458590758764}",0.8,0.005,773.0
0.8,0.07,0.105,0.02,0.005,"{""BCC_B2#1"": 0.9872803672160284, ""C15_LAVES#1"": 0.008049914250927858, ""FCC_L12#1"": 0.0006267990173467408, ""HCP_A3#1"": 0.0023242342715426, ""HCP_A3#2"": 0.0017186852441542478}",0.8,0.005,773.0
0.8,0.07,0.11,0.015,0.005,"{""BCC_B2#1"": 0.9873776184421077, ""C15_LAVES#1"": 0.007976490181214263, ""FCC_L12#1"": 0.0006194691103546482, ""HCP_A3#1"": 0.002305722843538008, ""HCP_A3#2"": 0.001720699422785222}",0.8,0.005,773.0
0.8,0.07,0.115,0.01,0.005,"{""BCC_B2#1"": 0.9874905919508036, ""C15_LAVES#1"": 0.00788671771737635, ""FCC_L12#1"": 0.0006121329234391104, ""HCP_A3#1"": 0.0022870338420533033, ""HCP_A3#2"": 0.0017235235663277063}",0.8,0.005,773.0
0.8,0.07,0.12,0.005,0.005,"{""BCC_B2#1"": 0.9876210554212078, ""C15_LAVES#1"": 0.007778919866303989, ""FCC_L12#1"": 0.0006047896887746828, ""HCP_A3#1"": 0.002268162354497426, ""HCP_A3#2"": 0.001727072669216238}",0.8,0.005,773.0
0.8,0.07,0.125,0.0,0.005,"{""BCC_B2#1"": 0.9877710549508918, ""C15_LAVES#1"": 0.007651167267273797, ""FCC_L12#1"": 0.0005974386251598992, ""HCP_A3#1"": 0.0022491040838085, ""HCP_A3#2"": 0.0017312350728663415}",0.8,0.005,773.0
0.8,0.075,0.0,0.12,0.005,"{""BCC_B2#1"": 0.9892521479001113, ""C15_LAVES#1"": 0.006375305123102124, ""FCC_L12#1"": 0.0007726448174089584, ""HCP_A3#2"": 0.002656415939037612, ""ZRO2_MONO#1"": 0.000943486220339995}",0.8,0.005,773.0
0.8,0.075,0.005,0.115,0.005,"{""BCC_B2#1"": 0.9891492901725945, ""C15_LAVES#1"": 0.006512599066107059, ""FCC_L12#1"": 0.0007651701270341745, ""HCP_A3#2"": 0.002638991311137019, ""ZRO2_MONO#1"": 0.0009339493231273023}",0.8,0.005,773.0
0.8,0.075,0.01,0.11,0.005,"{""BCC_B2#1"": 0.9890537509561169, ""C15_LAVES#1"": 0.006642397384720934, ""FCC_L12#1"": 0.0007577311404711117, ""HCP_A3#2"": 0.0026217088684040452, ""ZRO2_MONO#1"": 0.0009244116502866474}",0.8,0.005,773.0
0.8,0.075,0.015,0.105,0.005,"{""BCC_B2#1"": 0.9889659497934017, ""C15_LAVES#1"": 0.006764311259010008, ""FCC_L12#1"": 0.0007503219618297094, ""HCP_A3#2"": 0.00260454474362049, ""ZRO2_MONO#1"": 0.0009148722421379404}",0.8,0.005,773.0
0.8,0.075,0.02,0.1,0.005,"{""BCC_B2#1"": 0.9888861525213779, ""C15_LAVES#1"": 0.00687810222430528, ""FCC_L12#1"": 0.0007429375715921216, ""HCP_A3#2"": 0.002587475107182034, ""ZRO2_MONO#1"": 0.0009053325755429175}",0.8,0.005,773.0
0.8,0.075,0.025,0.095,0.005,"{""BCC_B2#1"": 0.9888145228290259, ""C15_LAVES#1"": 0.006983635135915676, ""FCC_L12#1"": 0.0007355737046685209, ""HCP_A3#2"": 0.002570476370049136, ""ZRO2_MONO#1"": 0.0008957919603406432}",0.8,0.005,773.0
0.8,0.075,0.03,0.09,0.005,"{""BCC_B2#1"": 0.9887511580652063, ""C15_LAVES#1"": 0.007080840556969318, ""FCC_L12#1"": 0.0007282267335218678, ""HCP_A3#2"": 0.0025535253309808006, ""ZRO2_MONO#1"": 0.0008862493133218361}",0.8,0.005,773.0
0.8,0.075,0.035,0.085,0.005,"{""BCC_B2#1"": 0.9873813085056604, ""C15_LAVES#1"": 0.007808323806169212, ""FCC_L12#1"": 0.0007209736167137184, ""HCP_A3#1"": 0.002536368231913502, ""HCP_A3#2"": 0.0013351712708620017, ""ZRO2_MONO#1"": 0.0002178545686814409}",0.8,0.005,773.0
0.8,0.075,0.04,0.08,0.005,"{""BCC_B2#1"": 0.9869111589058842, ""C15_LAVES#1"": 0.008091503518279714, ""FCC_L12#1"": 0.000713665103159349, ""HCP_A3#1"": 0.002519199320694803, ""HCP_A3#2"": 0.0017644731519821286}",0.8,0.005,773.0
0.8,0.075,0.045,0.075,0.005,"{""BCC_B2#1"": 0.9868827961629156, ""C15_LAVES#1"": 0.008155055478113534, ""FCC_L12#1"": 0.0007063371086447919, ""HCP_A3#1"": 0.002502084228975003, ""HCP_A3#2"": 0.001753727021350934}",0.8,0.005,773.0
0.8,0.075,0.05,0.07,0.005,"{""BCC_B2#1"": 0.9868619424309062, ""C15_LAVES#1"": 0.00821005130347473, ""FCC_L12#1"": 0.0006990154949440371, ""HCP_A3#1"": 0.002484962037741367, ""HCP_A3#2"": 0.0017440287329336616}",0.8,0.005,773.0
0.8,0.075,0.055,0.065,0.005,"{""BCC_B2#1"": 0.9868486892486386, ""C15_LAVES#1"": 0.008256415248756692, ""FCC_L12#1"": 0.0006916987538502695, ""HCP_A3#1"": 0.002467809866277273, ""HCP_A3#2"": 0.0017353868824773536}",0.8,0.005,773.0
0.8,0.075,0.06,0.06,0.005,"{""BCC_B2#1"": 0.9868431788508087, ""C15_LAVES#1"": 0.008294022027226771, ""FCC_L12#1"": 0.0006843855552291852, ""HCP_A3#1"": 0.002450605864277544, ""HCP_A3#2"": 0.0017278077024577199}",0.8,0.005,773.0
0.8,0.075,0.065,0.055,0.005,"{""BCC_B2#1"": 0.9868456143001956, ""C15_LAVES#1"": 0.008322686593091511, ""FCC_L12#1"": 0.0006770747116989992, ""HCP_A3#1"": 0.002433329536617935, ""HCP_A3#2"": 0.001721294858396004}",0.8,0.005,773.0
0.8,0.075,0.07,0.05,0.005,"{""BCC_B2#1"": 0.9868562698656262, ""C15_LAVES#1"": 0.008342153845072784, ""FCC_L12#1"": 0.0006697651494019693, ""HCP_A3#1"": 0.0024159619483337964, ""HCP_A3#2"": 0.001715849191565141}",0.8,0.005,773.0
0.8,0.075,0.075,0.045,0.005,"{""BCC_B2#1"": 0.9868755018756539, ""C15_LAVES#1"": 0.008352088029910248, ""FCC_L12#1"": 0.000662455883878612, ""HCP_A3#1"": 0.00239848583873448, ""HCP_A3#2"": 0.001711468371822925}",0.8,0.005,773.0
0.8,0.075,0.08,0.04,0.005,"{""BCC_B2#1"": 0.9869037603538551, ""C15_LAVES#1"": 0.008352061559143848, ""FCC_L12#1"": 0.0006551460001394125, ""HCP_A3#1"": 0.00238088566799368, ""HCP_A3#2"": 0.0017081464188679271}",0.8,0.005,773.0
0.8,0.075,0.085,0.035,0.005,"{""BCC_B2#1"": 0.9869416017595918, ""C15_LAVES#1"": 0.008341542947276195, ""FCC_L12#1"": 0.0006478346361905484, ""HCP_A3#1"": 0.0023631476132575965, ""HCP_A3#2"": 0.001705873043683955}",0.8,0.005,773.0
0.8,0.075,0.09,0.03,0.005,"{""BCC_B2#1"": 0.9869897031631883, ""C15_LAVES#1"": 0.008319883590519514, ""FCC_L12#1"": 0.0006405209693512118, ""HCP_A3#1"": 0.0023452595260075987, ""HCP_A3#2"": 0.0017046327509330319}",0.8,0.005,773.0
0.8,0.075,0.095,0.025,0.005,"{""BCC_B2#1"": 0.9870488781934293, ""C15_LAVES#1"": 0.008286303117402086, ""FCC_L12#1"": 0.0006332042048505205, ""HCP_A3#1"": 0.0023272108585183286, ""HCP_A3#2"": 0.0017044036257999374}",0.8,0.005,773.0
0.8,0.075,0.1,0.02,0.005,"{""BCC_B2#1"": 0.9871200951142702, ""C15_LAVES#1"": 0.008239873051821545, ""FCC_L12#1"": 0.0006258835662776587, ""HCP_A3#1"": 0.0023089925644715955, ""HCP_A3#2"": 0.0017051557031587815}",0.8,0.005,773.0
0.8,0.075,0.105,0.015,0.005,"{""BCC_B2#1"": 0.9872044974232406, ""C15_LAVES#1"": 0.008179498533872712, ""FCC_L12#1"": 0.0006185582875069025, ""HCP_A3#1"": 0.0022905969770099202, ""HCP_A3#2"": 0.001706848778369992}",0.8,0.005,773.0
0.8,0.075,0.11,0.01,0.005,"{""BCC_B2#1"": 0.9873034274182072, ""C15_LAVES#1"": 0.008103897845915703, ""FCC_L12#1"": 0.0006112276058236852, ""HCP_A3#1"": 0.0022720176663701412, ""HCP_A3#2"": 0.0017094294636834284}",0.8,0.005,773.0
0.8,0.075,0.115,0.005,0.005,"{""BCC_B2#1"": 0.987418453261947, ""C15_LAVES#1"": 0.008011579491557288, ""FCC_L12#1"": 0.0006038907560395681, ""HCP_A3#1"": 0.002253249278578318, ""HCP_A3#2"": 0.0017128272118777574}",0.8,0.005,773.0
0.8,0.075,0.12,0.0,0.005,"{""BCC_B2#1"": 0.9875514001934825, ""C15_LAVES#1"": 0.007900816576419297, ""FCC_L12#1"": 0.0005965469653454254, ""HCP_A3#1"": 0.0022342873562318302, ""HCP_A3#2"": 0.0017169489085208315}",0.8,0.005,773.0
0.8,0.08,0.0,0.115,0.005,"{""BCC_B2#1"": 0.9891945151517549, ""C15_LAVES#1"": 0.006482894848616898, ""FCC_L12#1"": 0.0007646662168837267, ""HCP_A3#2"": 0.0026236826187565907, ""ZRO2_MONO#1"": 0.0009342411639879143}",0.8,0.005,773.0
0.8,0.08,0.005,0.11,0.005,"{""BCC_B2#1"": 0.9890868472383167, ""C15_LAVES#1"": 0.006624928545367564, ""FCC_L12#1"": 0.0007571643734322179, ""HCP_A3#2"": 0.0026063558564663313, ""ZRO2_MONO#1"": 0.000924703986417469}",0.8,0.005,773.0
0.8,0.08,0.01,0.105,0.005,"{""BCC_B2#1"": 0.9889869338534466, ""C15_LAVES#1"": 0.006759024577091511, ""FCC_L12#1"": 0.0007497039755294714, ""HCP_A3#2"": 0.002589171592641316, ""ZRO2_MONO#1"": 0.0009151660012910014}",0.8,0.005,773.0
0.8,0.08,0.015,0.1,0.005,"{""BCC_B2#1"": 0.9888952422356376, ""C15_LAVES#1"": 0.006884748328279421, ""FCC_L12#1"": 0.0007422778936776381, ""HCP_A3#2"": 0.0025721048958322742, ""ZRO2_MONO#1"": 0.0009056266465728527}",0.8,0.005,773.0
0.8,0.08,0.02,0.095,0.005,"{""BCC_B2#1"": 0.9888120526898714, ""C15_LAVES#1"": 0.007001849808882904, ""FCC_L12#1"": 0.0007348801301098279, ""HCP_A3#2"": 0.002555130816355863, ""ZRO2_MONO#1"": 0.0008960865547799977}",0.8,0.005,773.0
0.8,0.08,0.025,0.09,0.005,"{""BCC_B2#1"": 0.9887375203707065, ""C15_LAVES#1"": 0.007110203995014912, ""FCC_L12#1"": 0.0007275056467672757, ""HCP_A3#2"": 0.0025382246145500987, ""ZRO2_MONO#1"": 0.0008865453729610264}",0.8,0.005,773.0
0.8,0.08,0.03,0.085,0.005,"{""BCC_B2#1"": 0.9886717227538256, ""C15_LAVES#1"": 0.007209763925052156, ""FCC_L12#1"": 0.0007201502089296733, ""HCP_A3#2"": 0.0025213619328693262, ""ZRO2_MONO#1"": 0.0008770011793230605}",0.8,0.005,773.0
0.8,0.08,0.035,0.08,0.005,"{""BCC_B2#1"": 0.9868826402815438, ""C15_LAVES#1"": 0.00814187730956292, ""FCC_L12#1"": 0.0007129023231623347, ""HCP_A3#1"": 0.002503842410621944, ""HCP_A3#2"": 0.0017587376751088686}",0.8,0.005,773.0
0.8,0.08,0.04,0.075,0.005,"{""BCC_B2#1"": 0.9868449016227099, ""C15_LAVES#1"": 0.008215554024208933, ""FCC_L12#1"": 0.0007055598114433289, ""HCP_A3#1"": 0.0024867665132631976, ""HCP_A3#2"": 0.001747218028374236}",0.8,0.005,773.0
0.8,0.08,0.045,0.07,0.005,"{""BCC_B2#1"": 0.9868149845161327, ""C15_LAVES#1"": 0.008280321240545212, ""FCC_L12#1"": 0.0006982263790361109, ""HCP_A3#1"": 0.002469704914695578, ""HCP_A3#2"": 0.0017367629495900724}",0.8,0.005,773.0
0.8,0.08,0.05,0.065,0.005,"{""BCC_B2#1"": 0.9867929132428095, ""C15_LAVES#1"": 0.008336171151001045, ""FCC_L12#1"": 0.0006909000862732532, ""HCP_A3#1"": 0.0024526325451078314, ""HCP_A3#2"": 0.001727382974808495}",0.8,0.005,773.0
0.8,0.08,0.055,0.06,0.005,"{""BCC_B2#1"": 0.986778755298079, ""C15_LAVES#1"": 0.008383053949284881, ""FCC_L12#1"": 0.0006835792611509142, ""HCP_A3#1"": 0.002435524899655157, ""HCP_A3#2"": 0.001719086591829907}",0.8,0.005,773.0
0.8,0.08,0.06,0.055,0.005,"{""BCC_B2#1"": 0.9867726323503496, ""C15_LAVES#1"": 0.008420866584596674, ""FCC_L12#1"": 0.0006762624463099499, ""HCP_A3#1"": 0.0024183586192538012, ""HCP_A3#2"": 0.0017118799994901765}",0.8,0.005,773.0
0.8,0.08,0.065,0.05,0.005,"{""BCC_B2#1"": 0.9867747310382646, ""C15_LAVES#1"": 0.008449441874852737, ""FCC_L12#1"": 0.0006689483555793717, ""HCP_A3#1"": 0.00240111187143, ""HCP_A3#2"": 0.001705766859873341}",0.8,0.005,773.0
0.8,0.08,0.07,0.045,0.005,"{""BCC_B2#1"": 0.9867853137902375, ""C15_LAVES#1"": 0.008468537788916762, ""FCC_L12#1"": 0.0006616358384779362, ""HCP_A3#1"": 0.0023837645807599497, ""HCP_A3#2"": 0.0017007480016078505}",0.8,0.005,773.0
0.8,0.08,0.075,0.04,0.005,"{""BCC_B2#1"": 0.9868047300282712, ""C15_LAVES#1"": 0.008477826542529007, ""FCC_L12#1"": 0.0006543238512068493, ""HCP_A3#1"": 0.002366298550780606, ""HCP_A3#2"": 0.0016968210272123427}",0.8,0.005,773.0
0.8,0.08,0.08,0.035,0.005,"{""BCC_B2#1"": 0.9868334281486928, ""C15_LAVES#1"": 0.008476883135521363, ""FCC_L12#1"": 0.0006470114329614347, ""HCP_A3#1"": 0.002348697508340755, ""HCP_A3#2"": 0.001693979774483665}",0.8,0.005,773.0
0.8,0.08,0.085,0.03,0.005,"{""BCC_B2#1"": 0.9868719686647414, ""C15_LAVES#1"": 0.008465172981016863, ""FCC_L12#1"": 0.000639697686515379, ""HCP_A3#1"": 0.0023309470918552043, ""HCP_A3#2"": 0.001692213575871478}",0.8,0.005,773.0
0.8,0.08,0.09,0.025,0.005,"{""BCC_B2#1"": 0.9869210388873254, ""C15_LAVES#1"": 0.008442038305229266, ""FCC_L12#1"": 0.0006323817622583556, ""HCP_A3#1"": 0.0023130347977327616, ""HCP_A3#2"": 0.0016915062474544148}",0.8,0.005,773.0
0.8,0.08,0.095,0.02,0.005,"{""BCC_B2#1"": 0.9869814695218594, ""C15_LAVES#1"": 0.008406683019069959, ""FCC_L12#1"": 0.0006250628449959386, ""HCP_A3#1"": 0.0022949498941294893, ""HCP_A3#2"": 0.0016918347199452208}",0.8,0.005,773.0
0.8,0.08,0.1,0.015,0.005,"{""BCC_B2#1"": 0.987054253577039, ""C15_LAVES#1"": 0.008358155778292511, ""FCC_L12#1"": 0.0006177401429825091, ""HCP_A3#1"": 0.0022766833077549386, ""HCP_A3#2"": 0.0016931671939310047}",0.8,0.005,773.0
0.8,0.08,0.105,0.01,0.005,"{""BCC_B2#1"": 0.9871405680188207, ""C15_LAVES#1"": 0.008295330957606265, ""FCC_L12#1"": 0.0006104128787279614, ""HCP_A3#1"": 0.0022582274872620313, ""HCP_A3#2"": 0.0016954606575830433}",0.8,0.005,773.0
0.8,0.08,0.11,0.005,0.005,"{""BCC_B2#1"": 0.9872417986641046, ""C15_LAVES#1"": 0.008216887268887455, ""FCC_L12#1"": 0.0006030802812231967, ""HCP_A3#1"": 0.0022395762454509595, ""HCP_A3#2"": 0.0016986575403337536}",0.8,0.005,773.0
0.8,0.08,0.115,0.0,0.005,"{""BCC_B2#1"": 0.9873595689028934, ""C15_LAVES#1"": 0.00812128375542627, ""FCC_L12#1"": 0.0005957415793240838, ""HCP_A3#1"": 0.002220724581709502, ""HCP_A3#2"": 0.0017026811806463702}",0.8,0.005,773.0
0.8,0.085,0.0,0.11,0.005,"{""BCC_B2#1"": 0.9891403362877755, ""C15_LAVES#1"": 0.006585802807212363, ""FCC_L12#1"": 0.0007567730882122169, ""HCP_A3#2"": 0.0025920921646726052, ""ZRO2_MONO#1"": 0.0009249956521271157}",0.8,0.005,773.0
0.8,0.085,0.005,0.105,0.005,"{""BCC_B2#1"": 0.9890281932078139, ""C15_LAVES#1"": 0.006732244325212545, ""FCC_L12#1"": 0.0007492443429429553, ""HCP_A3#2"": 0.002574859965990431, ""ZRO2_MONO#1"": 0.0009154581580398953}",0.8,0.005,773.0
0.8,0.085,0.01,0.1,0.005,"{""BCC_B2#1"": 0.9889242374490307, ""C15_LAVES#1"": 0.006870309547559243, ""FCC_L12#1"": 0.0007417628918242862, ""HCP_A3#2"": 0.0025577702975455073, ""ZRO2_MONO#1"": 0.0009059198140402375}",0.8,0.005,773.0
0.8,0.085,0.015,0.095,0.005,"{""BCC_B2#1"": 0.9888289875559922, ""C15_LAVES#1"": 0.006999514891735456, ""FCC_L12#1"": 0.0007343202823512434, ""HCP_A3#2"": 0.002540797230275072, ""ZRO2_MONO#1"": 0.0008963800396461356}",0.8,0.005,773.0
0.8,0.085,0.02,0.09,0.005,"{""BCC_B2#1"": 0.9887427373999211, ""C15_LAVES#1"": 0.007119598989263204, ""FCC_L12#1"": 0.0007269094813248626, ""HCP_A3#2"": 0.0025239147427847577, ""ZRO2_MONO#1"": 0.0008868393867061844}",0.8,0.005,773.0
0.8,0.085,0.025,0.085,0.005,"{""BCC_B2#1"": 0.9886656335588662, ""C15_LAVES#1"": 0.00723044800683267, ""FCC_L12#1"": 0.0007195246452059565, ""HCP_A3#2"": 0.0025070969877052838, ""ZRO2_MONO#1"": 0.0008772968013902258}",0.8,0.005,773.0
0.8,0.085,0.03,0.08,0.005,"{""BCC_B2#1"": 0.9885977285281428, ""C15_LAVES#1"": 0.007332039187216147, ""FCC_L12#1"": 0.0007121609121241881, ""HCP_A3#2"": 0.00249031847621683, ""ZRO2_MONO#1"": 0.0008677528963001419}",0.8,0.005,773.0
0.8,0.085,0.035,0.075,0.005,"{""BCC_B2#1"": 0.9868240194403591, ""C15_LAVES#1"": 0.008257336723777785, ""FCC_L12#1"": 0.000704892229565752, ""HCP_A3#1"": 0.002472483903792757, ""HCP_A3#2"": 0.0017412677025041151}",0.8,0.005,773.0
0.8,0.085,0.04,0.07,0.005,"{""BCC_B2#1"": 0.9867846713965859, ""C15_LAVES#1"": 0.008332300792338489, ""FCC_L12#1"": 0.0006975432331336842, ""HCP_A3#1"": 0.0024554587746338343, ""HCP_A3#2"": 0.0017300258033079209}",0.8,0.005,773.0
0.8,0.085,0.045,0.065,0.005,"{""BCC_B2#1"": 0.9867535039472975, ""C15_LAVES#1"": 0.008397968116022092, ""FCC_L12#1"": 0.0006902041968232038, ""HCP_A3#1"": 0.002438445924745085, ""HCP_A3#2"": 0.001719877815112307}",0.8,0.005,773.0
0.8,0.085,0.05,0.06,0.005,"{""BCC_B2#1"": 0.986730515627044, ""C15_LAVES#1"": 0.008454358647607524, ""FCC_L12#1"": 0.0006828729737441313, ""HCP_A3#1"": 0.002421418572663024, ""HCP_A3#2"": 0.0017108341789415775}",0.8,0.005,773.0
0.8,0.085,0.055,0.055,0.005,"{""BCC_B2#1"": 0.9867157514182192, ""C15_LAVES#1"": 0.008501446873108425, ""FCC_L12#1"": 0.0006755477327916308, ""HCP_A3#1"": 0.0024043505504679364, ""HCP_A3#2"": 0.0017029034254126918}",0.8,0.005,773.0
0.8,0.085,0.06,0.05,0.005,"{""BCC_B2#1"": 0.9867093146977762, ""C15_LAVES#1"": 0.00853914954929255, ""FCC_L12#1"": 0.0006682268944079398, ""HCP_A3#1"": 0.002387216982243478, ""HCP_A3#2"": 0.001696091876280245}",0.8,0.005,773.0
0.8,0.085,0.065,0.045,0.005,"{""BCC_B2#1"": 0.9867113786127468, ""C15_LAVES#1"": 0.00856731424036297, ""FCC_L12#1"": 0.0006609090785860901, ""HCP_A3#1"": 0.002369994711692322, ""HCP_A3#2"": 0.0016904033566117116}",0.8,0.005,773.0
0.7999999999999999,0.085,0.07,0.04,0.005,"{""BCC_B2#1"": 0.9867221972817908, ""C15_LAVES#1"": 0.008585708245114338, ""FCC_L12#1"": 0.0006535930628230361, ""HCP_A3#1"": 0.0023526625505556915, ""HCP_A3#2"": 0.0016858388597165992}",0.8,0.005,773.0
0.8,0.085,0.075,0.035,0.005,"{""BCC_B2#1"": 0.9867421173150868, ""C15_LAVES#1"": 0.008594007427100477, ""FCC_L12#1"": 0.0006462777481367572, ""HCP_A3#1"": 0.002335201402474963, ""HCP_A3#2"": 0.001682396107201363}",0.8,0.005,773.0
0.8,0.085,0.08,0.03,0.005,"{""BCC_B2#1"": 0.9867715901302797, ""C15_LAVES#1"": 0.008591784491962141, ""FCC_L12#1"": 0.0006389621315711422, ""HCP_A3#1"": 0.0023175943006697765, ""HCP_A3#2"": 0.001680068945517554}",0.8,0.005,773.0
0.8,0.085,0.085,0.025,0.005,"{""BCC_B2#1"": 0.9868111855093608, ""C15_LAVES#1"": 0.008578496307342403, ""FCC_L12#1"": 0.0006316452838305968, ""HCP_A3#1"": 0.0022998263850639343, ""HCP_A3#2"": 0.0016788465144022685}",0.8,0.005,773.0
0.8,0.085,0.09,0.02,0.005,"{""BCC_B2#1"": 0.9868616068190743, ""C15_LAVES#1"": 0.008553469905523135, ""FCC_L12#1"": 0.0006243263310838154, ""HCP_A3#1"": 0.002281884835377336, ""HCP_A3#2"": 0.0016787121089411445}",0.8,0.005,773.0
0.8,0.085,0.095,0.015,0.005,"{""BCC_B2#1"": 0.9869237083130221, ""C15_LAVES#1"": 0.008515886841859258, ""FCC_L12#1"": 0.0006170044400153721, ""HCP_A3#1"": 0.0022637587704224934, ""HCP_A3#2"": 0.0016796416346806949}",0.8,0.005,773.0
0.8,0.085,0.1,0.01,0.005,"{""BCC_B2#1"": 0.9869985149509982, ""C15_LAVES#1"": 0.008464765603218877, ""FCC_L12#1"": 0.0006096788055039444, ""HCP_A3#1"": 0.0022454391197893418, ""HCP_A3#2"": 0.0016816015204895115}",0.8,0.005,773.0
0.8,0.085,0.105,0.005,0.005,"{""BCC_B2#1"": 0.9870872452117565, ""C15_LAVES#1"": 0.008398941773544402, ""FCC_L12#1"": 0.0006023486403617793, ""HCP_A3#1"": 0.002226918471569224, ""HCP_A3#2"": 0.0016845459027679682}",0.8,0.005,773.0
0.8,0.085,0.11,0.0,0.005,"{""BCC_B2#1"": 0.9871913374457904, ""C15_LAVES#1"": 0.008317045669939615, ""FCC_L12#1"": 0.0005950131667272934, ""HCP_A3#1"": 0.0022081908982423365, ""HCP_A3#2"": 0.0016884128193002592}",0.8,0.005,773.0
0.8,0.09,0.0,0.105,0.005,"{""BCC_B2#1"": 0.9890891253694625, ""C15_LAVES#1"": 0.00668469341307147, ""FCC_L12#1"": 0.0007489494125515295, ""HCP_A3#2"": 0.002561482089175735, ""ZRO2_MONO#1"": 0.0009157497157388695}",0.8,0.005,773.0
0.8,0.09,0.005,0.1,0.005,"{""BCC_B2#1"": 0.988972829774756, ""C15_LAVES#1"": 0.0068352231950270645, ""FCC_L12#1"": 0.0007413946745568701, ""HCP_A3#2"": 0.0025443404848225558, ""ZRO2_MONO#1"": 0.0009062118708377757}",0.8,0.005,773.0
0.8,0.09,0.01,0.095,0.005,"{""BCC_B2#1"": 0.9888651517397684, ""C15_LAVES#1"": 0.00697694155391166, ""FCC_L12#1"": 0.0007338930558476828, ""HCP_A3#2"": 0.002527341314916947, ""ZRO2_MONO#1"": 0.0008966723355551341}",0.8,0.005,773.0
0.8,0.09,0.015,0.09,0.005,"{""BCC_B2#1"": 0.9887666607981489, ""C15_LAVES#1"": 0.007109313924400332, ""FCC_L12#1"": 0.0007264347163886736, ""HCP_A3#2"": 0.0025104576741088037, ""ZRO2_MONO#1"": 0.000887132886952962}",0.8,0.005,773.0
0.8,0.09,0.02,0.085,0.005,"{""BCC_B2#1"": 0.9886776662488345, ""C15_LAVES#1"": 0.0072320680915891646, ""FCC_L12#1"": 0.0007190115553830875, ""HCP_A3#2"": 0.00249366249520387, ""ZRO2_MONO#1"": 0.000877591608989402}",0.8,0.005,773.0
0.8,0.09,0.025,0.08,0.005,"{""BCC_B2#1"": 0.9885983024472664, ""C15_LAVES#1"": 0.007345103193194296, ""FCC_L12#1"": 0.0007116169077298014, ""HCP_A3#2"": 0.0024769288350691286, ""ZRO2_MONO#1"": 0.0008680486167403216}",0.8,0.005,773.0
0.8,0.09,0.03,0.075,0.005,"{""BCC_B2#1"": 0.9885285991752819, ""C15_LAVES#1"": 0.007448421764080797, ""FCC_L12#1"": 0.0007042452843786728, ""HCP_A3#2"": 0.002460230096490655, ""ZRO2_MONO#1"": 0.0008585036797678928}",0.8,0.005,773.0
0.8,0.09,0.035,0.07,0.005,"{""BCC_B2#1"": 0.986770512920642, ""C15_LAVES#1"": 0.008366592825272239, ""FCC_L12#1"": 0.0006969573130013388, ""HCP_A3#1"": 0.002442091322583701, ""HCP_A3#2"": 0.001723845618500625}",0.8,0.005,773.0
0.8,0.09,0.04,0.065,0.005,"{""BCC_B2#1"": 0.9867298410904254, ""C15_LAVES#1"": 0.008442548366644782, ""FCC_L12#1"": 0.0006896019380395516, ""HCP_A3#1"": 0.0024251125790125793, ""HCP_A3#2"": 0.0017128960258775102}",0.8,0.005,773.0
0.8,0.09,0.045,0.06,0.005,"{""BCC_B2#1"": 0.9866977024911169, ""C15_LAVES#1"": 0.008508824503824397, ""FCC_L12#1"": 0.0006822572948423435, ""HCP_A3#1"": 0.0024081439571039995, ""HCP_A3#2"": 0.0017030717531125038}",0.8,0.005,773.0
0.8,0.09,0.05,0.055,0.005,"{""BCC_B2#1"": 0.986674070879864, ""C15_LAVES#1"": 0.008565467878569398, ""FCC_L12#1"": 0.0006749210384629999, ""HCP_A3#1"": 0.0023911569042410047, ""HCP_A3#2"": 0.0016943832988623093}",0.8,0.005,773.0
0.8,0.09,0.055,0.05,0.005,"{""BCC_B2#1"": 0.9866589705011414, ""C15_LAVES#1"": 0.008612475345670204, ""FCC_L12#1"": 0.0006675911876549969, ""HCP_A3#1"": 0.002374123572461176, ""HCP_A3#2"": 0.001686839393071997}",0.8,0.005,773.0
0.8,0.09,0.06,0.045,0.005,"{""BCC_B2#1"": 0.9866524889003075, ""C15_LAVES#1"": 0.008649780820672942, ""FCC_L12#1"": 0.0006602660489936204, ""HCP_A3#1"": 0.0023570175817486183, ""HCP_A3#2"": 0.0016804466482773144}",0.8,0.005,773.0
0.8,0.09,0.065,0.04,0.005,"{""BCC_B2#1"": 0.9866547887910379, ""C15_LAVES#1"": 0.00867724333307784, ""FCC_L12#1"": 0.0006529441560963793, ""HCP_A3#1"": 0.0023398144842674408, ""HCP_A3#2"": 0.0016752092355209228}",0.8,0.005,773.0
0.8,0.09,0.07,0.035,0.005,"{""BCC_B2#1"": 0.9866661195836605, ""C15_LAVES#1"": 0.008694635660860796, ""FCC_L12#1"": 0.0006456242210079624, ""HCP_A3#1"": 0.0023224920229600932, ""HCP_A3#2"": 0.0016711285115107606}",0.8,0.005,773.0
0.8,0.09,0.075,0.03,0.005,"{""BCC_B2#1"": 0.986686829194119, ""C15_LAVES#1"": 0.008701632930305543, ""FCC_L12#1"": 0.0006383050952329501, ""HCP_A3#1"": 0.002305030251590971, ""HCP_A3#2"": 0.0016682025287514772}",0.8,0.005,773.0
0.8,0.09,0.08,0.025,0.005,"{""BCC_B2#1"": 0.9867173766938514, ""C15_LAVES#1"": 0.008697800644963278, ""FCC_L12#1"": 0.0006309857384831914, ""HCP_A3#1"": 0.0022874115616014043, ""HCP_A3#2"": 0.0016664253611004202}",0.8,0.005,773.0
0.8,0.09,0.085,0.02,0.005,"{""BCC_B2#1"": 0.9867583463033169, ""C15_LAVES#1"": 0.008682581687016506, ""FCC_L12#1"": 0.0006236651934997796, ""HCP_A3#1"": 0.002269620645209169, ""HCP_A3#2"": 0.001665786170957449}",0.8,0.005,773.0
0.8,0.09,0.09,0.015,0.005,"{""BCC_B2#1"": 0.9868104631970052, ""C15_LAVES#1"": 0.008655281895494424, ""FCC_L12#1"": 0.0006163425656778266, ""HCP_A3#1"": 0.0022516444131648293, ""HCP_A3#2"": 0.001666267928658035}",0.8,0.005,773.0
0.8,0.09,0.095,0.01,0.005,"{""BCC_B2#1"": 0.9868746115784209, ""C15_LAVES#1"": 0.00861505386803708, ""FCC_L12#1"": 0.0006090170064933096, ""HCP_A3#1"": 0.002233471878220001, ""HCP_A3#2"": 0.0016678456688287084}",0.8,0.005,773.0
0.8,0.09,0.1,0.005,0.005,"{""BCC_B2#1"": 0.9869518555010759, ""C15_LAVES#1"": 0.00856087866009172, ""FCC_L12#1"": 0.0006016876999060422, ""HCP_A3#1"": 0.0022150940107227937, ""HCP_A3#2"": 0.0016704841282033042}",0.8,0.005,773.0
0.8,0.09,0.105,0.0,0.005,"{""BCC_B2#1"": 0.987043462958043, ""C15_LAVES#1"": 0.008491545070995171, ""FCC_L12#1"": 0.0005943538511392381, ""HCP_A3#1"": 0.002196503569873701, ""HCP_A3#2"": 0.0016741345499489842}",0.8,0.005,773.0
0.8,0.095,0.0,0.1,0.005,"{""BCC_B2#1"": 0.9890404896426682, ""C15_LAVES#1"": 0.006780105668777146, ""FCC_L12#1"": 0.0007411821615981036, ""HCP_A3#2"": 0.002531719153472829, ""ZRO2_MONO#1"": 0.0009065033734835296}",0.8,0.005,773.0
0.8,0.095,0.005,0.095,0.005,"{""BCC_B2#1"": 0.9889203513619854, ""C15_LAVES#1"": 0.006934417004793862, ""FCC_L12#1"": 0.0007336028922713776, ""HCP_A3#2"": 0.002514663597502494, ""ZRO2_MONO#1"": 0.0008969651434469703}",0.8,0.005,773.0
0.8,0.095,0.01,0.09,0.005,"{""BCC_B2#1"": 0.9888092563864196, ""C15_LAVES#1"": 0.007079485238151493, ""FCC_L12#1"": 0.0007260824174992513, ""HCP_A3#2"": 0.002497750413135059, ""ZRO2_MONO#1"": 0.000887425544794487}",0.8,0.005,773.0
0.8,0.095,0.015,0.085,0.005,"{""BCC_B2#1"": 0.9887078302479658, ""C15_LAVES#1"": 0.007214723419980112, ""FCC_L12#1"": 0.0007186094786375931, ""HCP_A3#2"": 0.002480951709841301, ""ZRO2_MONO#1"": 0.0008778851435751081}",0.8,0.005,773.0
0.8,0.095,0.02,0.08,0.005,"{""BCC_B2#1"": 0.9886163922784266, ""C15_LAVES#1"": 0.007339849876801452, ""FCC_L12#1"": 0.0007111748937086874, ""HCP_A3#2"": 0.002464239350216728, ""ZRO2_MONO#1"": 0.0008683436008464129}",0.8,0.005,773.0
0.8,0.095,0.025,0.075,0.005,"{""BCC_B2#1"": 0.9885350657278428, ""C15_LAVES#1"": 0.007454778507405903, ""FCC_L12#1"": 0.0007037711819319157, ""HCP_A3#2"": 0.002447585293035854, ""ZRO2_MONO#1"": 0.0008587992897833574}",0.8,0.005,773.0
0.8,0.095,0.03,0.07,0.005,"{""BCC_B2#1"": 0.9882718062649355, ""C15_LAVES#1"": 0.007653035543994861, ""FCC_L12#1"": 0.0006963996958974145, ""HCP_A3#1"": 0.002430773419908353, ""HCP_A3#2"": 0.00019506205024939007, ""ZRO2_MONO#1"": 0.000752923025014581}",0.8,0.005,773.0
0.8,0.095,0.035,0.065,0.005,"{""BCC_B2#1"": 0.9867216179130516, ""C15_LAVES#1"": 0.00847029345488898, ""FCC_L12#1"": 0.0006890864168524422, ""HCP_A3#1"": 0.0024125312046725583, ""HCP_A3#2"": 0.0017064710105345498}",0.8,0.005,773.0
0.8,0.095,0.04,0.06,0.005,"{""BCC_B2#1"": 0.9866798876813705, ""C15_LAVES#1"": 0.008546963806909103, ""FCC_L12#1"": 0.0006817248976842631, ""HCP_A3#1"": 0.0023955948247670915, ""HCP_A3#2"": 0.0016958287892692512}",0.8,0.005,773.0
0.8,0.095,0.045,0.055,0.005,"{""BCC_B2#1"": 0.9866470354317955, ""C15_LAVES#1"": 0.008613578082270583, ""FCC_L12#1"": 0.000674374757473242, ""HCP_A3#1"": 0.0023786661307345735, ""HCP_A3#2"": 0.001686345597726139}",0.8,0.005,773.0
0.8,0.095,0.05,0.05,0.005,"{""BCC_B2#1"": 0.9866230114068922, ""C15_LAVES#1"": 0.008670208216002088, ""FCC_L12#1"": 0.0006670334670999893, ""HCP_A3#1"": 0.002361714760017878, ""HCP_A3#2"": 0.001678032149987842}",0.8,0.005,773.0
0.8,0.095,0.055,0.045,0.005,"{""BCC_B2#1"": 0.9866078211237634, ""C15_LAVES#1"": 0.008716871237398309, ""FCC_L12#1"": 0.0006596989076529883, ""HCP_A3#1"": 0.002344711187795398, ""HCP_A3#2"": 0.0016708975433903815}",0.8,0.005,773.0
0.8,0.095,0.06,0.04,0.005,"{""BCC_B2#1"": 0.9866015389309528, ""C15_LAVES#1"": 0.008753515358237545, ""FCC_L12#1"": 0.0006523692827713465, ""HCP_A3#1"": 0.002327627560881801, ""HCP_A3#2"": 0.001664948867156776}",0.8,0.005,773.0
0.8,0.095,0.065,0.035,0.005,"{""BCC_B2#1"": 0.9866043202843732, ""C15_LAVES#1"": 0.008780007633055555, ""FCC_L12#1"": 0.0006450430491258359, ""HCP_A3#1"": 0.0023104381878248635, ""HCP_A3#2"": 0.0016601908456206026}",0.8,0.005,773.0
0.8,0.095,0.07,0.03,0.005,"{""BCC_B2#1"": 0.9866164135535881, ""C15_LAVES#1"": 0.008796122357599395, ""FCC_L12#1"": 0.0006377188612979448, ""HCP_A3#1"": 0.0022931197998457297, ""HCP_A3#2"": 0.0016566254276687955}",0.8,0.005,773.0
0.8,0.095,0.075,0.025,0.005,"{""BCC_B2#1"": 0.9866381721015344, ""C15_LAVES#1"": 0.008801529465420017, ""FCC_L12#1"": 0.0006303955280185141, ""HCP_A3#1"": 0.0022756516615552633, ""HCP_A3#2"": 0.0016542512434718879}",0.8,0.005,773.0
0.8,0.095,0.08,0.02,0.005,"{""BCC_B2#1"": 0.9866700672767063, ""C15_LAVES#1"": 0.008795782310915228, ""FCC_L12#1"": 0.0006230719773164643, ""HCP_A3#1"": 0.002258015583275761, ""HCP_A3#2"": 0.0016530628517859164}",0.8,0.005,773.0
0.8,0.095,0.085,0.015,0.005,"{""BCC_B2#1"": 0.986712702876153, ""C15_LAVES#1"": 0.008778304333602851, ""FCC_L12#1"": 0.0006157472286783804, ""HCP_A3#1"": 0.0022401958676990757, ""HCP_A3#2"": 0.001653049693866709}",0.8,0.005,773.0
0.8,0.095,0.09,0.01,0.005,"{""BCC_B2#1"": 0.9867668315910599, ""C15_LAVES#1"": 0.0087483741751971, ""FCC_L12#1"": 0.0006084203706796553, ""HCP_A3#1"": 0.002222179210785217, ""HCP_A3#2"": 0.0016541946522780381}",0.8,0.005,773.0
0.8,0.095,0.095,0.005,0.005,"{""BCC_B2#1"": 0.9868333739337601, ""C15_LAVES#1"": 0.00870510887252877, ""FCC_L12#1"": 0.0006010905428848382, ""HCP_A3#1"": 0.002203954568445727, ""HCP_A3#2"": 0.001656472082380483}",0.8,0.005,773.0
0.8,0.095,0.1,0.0,0.005,"{""BCC_B2#1"": 0.9869134401648336, ""C15_LAVES#1"": 0.008647444780961593, ""FCC_L12#1"": 0.000593756921126133, ""HCP_A3#1"": 0.002185512995381356, ""HCP_A3#2"": 0.0016598451376973937}",0.8,0.005,773.0
0.8,0.1,0.0,0.095,0.005,"{""BCC_B2#1"": 0.988994107383524, ""C15_LAVES#1"": 0.006872482652363415, ""FCC_L12#1"": 0.0007334607720541175, ""HCP_A3#2"": 0.002502692556723292, ""ZRO2_MONO#1"": 0.0008972566353351972}",0.8,0.005,773.0
0.8,0.1,0.005,0.09,0.005,"{""BCC_B2#1"": 0.9888704231430163, ""C15_LAVES#1"": 0.007030281950653848, ""FCC_L12#1"": 0.0007258588745397698, ""HCP_A3#2"": 0.002485718047498543, ""ZRO2_MONO#1"": 0.0008877179842914333}",0.8,0.005,773.0
0.8,0.1,0.01,0.085,0.005,"{""BCC_B2#1"": 0.9887562054998271, ""C15_LAVES#1"": 0.007178409378458668, ""FCC_L12#1"": 0.0007183211843873503, ""HCP_A3#2"": 0.0024688860482953235, ""ZRO2_MONO#1"": 0.000878177889031485}",0.8,0.005,773.0
0.8,0.1,0.015,0.08,0.005,"{""BCC_B2#1"": 0.9886521350184432, ""C15_LAVES#1"": 0.007316225460014814, ""FCC_L12#1"": 0.0007108350191275429, ""HCP_A3#2"": 0.002452167614404572, ""ZRO2_MONO#1"": 0.0008686368880100658}",0.8,0.005,773.0
0.8,0.1,0.02,0.075,0.005,"{""BCC_B2#1"": 0.9885585410596406, ""C15_LAVES#1"": 0.007443440771465805, ""FCC_L12#1"": 0.0007033901291290115, ""HCP_A3#2"": 0.0024355334926584823, ""ZRO2_MONO#1"": 0.0008590945471060888}",0.8,0.005,773.0
0.8,0.1,0.025,0.07,0.005,"{""BCC_B2#1"": 0.9884755318261762, ""C15_LAVES#1"": 0.0075599858598743635, ""FCC_L12#1"": 0.0006959782376561029, ""HCP_A3#2"": 0.0024189545028271944, ""ZRO2_MONO#1"": 0.0008495495734661395}",0.8,0.005,773.0
0.8,0.1,0.03,0.065,0.005,"{""BCC_B2#1"": 0.9869637866742759, ""C15_LAVES#1"": 0.008366791610909207, ""FCC_L12#1"": 0.0006886437858954505, ""HCP_A3#1"": 0.0024008479136630526, ""HCP_A3#2"": 0.0014619173630197424, ""ZRO2_MONO#1"": 0.00011801265223646656}",0.8,0.005,773.0
0.8,0.1,0.035,0.06,0.005,"{""BCC_B2#1"": 0.9866769087132812, ""C15_LAVES#1"": 0.008568983591236295, ""FCC_L12#1"": 0.0006812703365680586, ""HCP_A3#1"": 0.002383693364158167, ""HCP_A3#2"": 0.0016891439947562268}",0.8,0.005,773.0
0.8,0.1,0.04,0.055,0.005,"{""BCC_B2#1"": 0.9866343671807447, ""C15_LAVES#1"": 0.008646109304026933, ""FCC_L12#1"": 0.0006739029893821971, ""HCP_A3#1"": 0.002366795659635288, ""HCP_A3#2"": 0.0016788248662107789}",0.8,0.005,773.0
0.8,0.1,0.045,0.05,0.005,"{""BCC_B2#1"": 0.9866010396012677, ""C15_LAVES#1"": 0.008712809040518275, ""FCC_L12#1"": 0.0006665475336791506, ""HCP_A3#1"": 0.002349902806732979, ""HCP_A3#2"": 0.001669701017802148}",0.8,0.005,773.0
0.8,0.1,0.05,0.045,0.005,"{""BCC_B2#1"": 0.9865768542441034, ""C15_LAVES#1"": 0.008769178320706714, ""FCC_L12#1"": 0.0006592012737889638, ""HCP_A3#1"": 0.002332982613920197, ""HCP_A3#2"": 0.001661783547480942}",0.8,0.005,773.0
0.8,0.1,0.055,0.04,0.005,"{""BCC_B2#1"": 0.9865618001268269, ""C15_LAVES#1"": 0.008815251897835543, ""FCC_L12#1"": 0.0006518619683152595, ""HCP_A3#1"": 0.0023160039008119594, ""HCP_A3#2"": 0.0016550821062104397}",0.8,0.005,773.0
0.8,0.1,0.06,0.035,0.005,"{""BCC_B2#1"": 0.9865559411930398, ""C15_LAVES#1"": 0.008850989217122414, ""FCC_L12#1"": 0.0006445277308239199, ""HCP_A3#1"": 0.002298937387399829, ""HCP_A3#2"": 0.0016496044716142533}",0.8,0.005,773.0
0.8,0.1,0.065,0.03,0.005,"{""BCC_B2#1"": 0.9865594289187893, ""C15_LAVES#1"": 0.008876261768631086, ""FCC_L12#1"": 0.0006371969517889263, ""HCP_A3#1"": 0.002281756198984372, ""HCP_A3#2"": 0.001645356161806288}",0.8,0.005,773.0
0.8,0.1,0.07,0.025,0.005,"{""BCC_B2#1"": 0.9865725143564382, ""C15_LAVES#1"": 0.00889084129785822, ""FCC_L12#1"": 0.000629868237286473, ""HCP_A3#1"": 0.0022644361218315213, ""HCP_A3#2"": 0.0016423399865857556}",0.8,0.005,773.0
0.8,0.1,0.075,0.02,0.005,"{""BCC_B2#1"": 0.986595560476255, ""C15_LAVES#1"": 0.00889438801699898, ""FCC_L12#1"": 0.0006225403606821201, ""HCP_A3#1"": 0.0022469556995360104, ""HCP_A3#2"": 0.001640555446527771}",0.8,0.005,773.0
0.8,0.1,0.08,0.015,0.005,"{""BCC_B2#1"": 0.9866290555195162, ""C15_LAVES#1"": 0.008886438134829776, ""FCC_L12#1"": 0.0006152122244474903, ""HCP_A3#1"": 0.002229296227664454, ""HCP_A3#2"": 0.001639997893541929}",0.8,0.005,773.0
0.8,0.1,0.085,0.01,0.005,"{""BCC_B2#1"": 0.9866736279743022, ""C15_LAVES#1"": 0.008866390155692166, ""FCC_L12#1"": 0.0006078828298841644, ""HCP_A3#1"": 0.002211441682115605, ""HCP_A3#2"": 0.0016406573580060083}",0.8,0.005,773.0
0.8,0.1,0.09,0.005,0.005,"{""BCC_B2#1"": 0.9867300637285138, ""C15_LAVES#1"": 0.008833489489838463, ""FCC_L12#1"": 0.0006005512529339875, ""HCP_A3#1"": 0.0021933786021536656, ""HCP_A3#2"": 0.0016425169265602668}",0.8,0.005,773.0
0.8,0.1,0.095,0.0,0.005,"{""BCC_B2#1"": 0.9867993259402085, ""C15_LAVES#1"": 0.008786810976247138, ""FCC_L12#1"": 0.0005932166247669025, ""HCP_A3#1"": 0.0021750959397602875, ""HCP_A3#2"": 0.001645550519016983}",0.8,0.005,773.0
0.8,0.105,0.0,0.09,0.005,"{""BCC_B2#1"": 0.9889497119066764, ""C15_LAVES#1"": 0.006962192896298439, ""FCC_L12#1"": 0.0007257767165162318, ""HCP_A3#2"": 0.002474308975753497, ""ZRO2_MONO#1"": 0.0008880095047552835}",0.8,0.005,773.0
0.8,0.105,0.005,0.085,0.005,"{""BCC_B2#1"": 0.9888227652323329, ""C15_LAVES#1"": 0.007123199754138374, ""FCC_L12#1"": 0.000718154425578924, ""HCP_A3#2"": 0.002457410194012507, ""ZRO2_MONO#1"": 0.0008784703939370962}",0.8,0.005,773.0
0.8,0.105,0.01,0.08,0.005,"{""BCC_B2#1"": 0.9887057060351677, ""C15_LAVES#1"": 0.0072741084109874095, ""FCC_L12#1"": 0.0007106013932443544, ""HCP_A3#2"": 0.0024406544132346067, ""ZRO2_MONO#1"": 0.0008689297473661954}",0.8,0.005,773.0
0.8,0.105,0.015,0.075,0.005,"{""BCC_B2#1"": 0.9885992693482278, ""C15_LAVES#1"": 0.007414227564201813, ""FCC_L12#1"": 0.0007031035373502975, ""HCP_A3#2"": 0.002424011520360643, ""ZRO2_MONO#1"": 0.0008593880298592538}",0.8,0.005,773.0
0.8,0.105,0.02,0.07,0.005,"{""BCC_B2#1"": 0.9885037929040693, ""C15_LAVES#1"": 0.007543262079440685, ""FCC_L12#1"": 0.0006956495744671174, ""HCP_A3#2"": 0.002407451063280419, ""ZRO2_MONO#1"": 0.0008498443787424024}",0.8,0.005,773.0
0.8,0.105,0.025,0.065,0.005,"{""BCC_B2#1"": 0.9884193679089809, ""C15_LAVES#1"": 0.007661161118028929, ""FCC_L12#1"": 0.0006882304688477968, ""HCP_A3#2"": 0.0023909426625809047, ""ZRO2_MONO#1"": 0.0008402978415612712}",0.8,0.005,773.0
0.8,0.105,0.03,0.06,0.005,"{""BCC_B2#1"": 0.9866888234911108, ""C15_LAVES#1"": 0.008574836416010825, ""FCC_L12#1"": 0.0006808899857955798, ""HCP_A3#1"": 0.0023723832648321628, ""HCP_A3#2"": 0.0016830668422506355}",0.8,0.005,773.0
0.8,0.105,0.035,0.055,0.005,"{""BCC_B2#1"": 0.9866360194293915, ""C15_LAVES#1"": 0.008663128177896514, ""FCC_L12#1"": 0.0006735014283521443, ""HCP_A3#1"": 0.0023554856632437295, ""HCP_A3#2"": 0.0016718653011164974}",0.8,0.005,773.0
0.8,0.105,0.04,0.05,0.005,"{""BCC_B2#1"": 0.9865928970396521, ""C15_LAVES#1"": 0.008740465304112722, ""FCC_L12#1"": 0.0006661286132873795, ""HCP_A3#1"": 0.0023386232496215185, ""HCP_A3#2"": 0.0016618857933261668}",0.8,0.005,773.0
0.8,0.105,0.045,0.045,0.005,"{""BCC_B2#1"": 0.986559315366067, ""C15_LAVES#1"": 0.008807013614973052, ""FCC_L12#1"": 0.0006587680620409612, ""HCP_A3#1"": 0.0023217623543013237, ""HCP_A3#2"": 0.001653140602617882}",0.8,0.005,773.0
0.8,0.105,0.05,0.04,0.005,"{""BCC_B2#1"": 0.9865351825012597, ""C15_LAVES#1"": 0.00886289021341624, ""FCC_L12#1"": 0.0006514169328353613, ""HCP_A3#1"": 0.0023048689562142287, ""HCP_A3#2"": 0.0016456413962742933}",0.8,0.005,773.0
0.8,0.105,0.055,0.035,0.005,"{""BCC_B2#1"": 0.9865204733839125, ""C15_LAVES#1"": 0.008908144889761648, ""FCC_L12#1"": 0.0006440728788393837, ""HCP_A3#1"": 0.0022879102564834107, ""HCP_A3#2"": 0.0016393985910031388}",0.8,0.005,773.0
0.8,0.105,0.06,0.03,0.005,"{""BCC_B2#1"": 0.986515244478834, ""C15_LAVES#1"": 0.008942745077223145, ""FCC_L12#1"": 0.0006367339376067189, ""HCP_A3#1"": 0.002270855607057069, ""HCP_A3#2"": 0.0016344208992789676}",0.8,0.005,773.0
0.8,0.105,0.065,0.025,0.005,"{""BCC_B2#1"": 0.9865196466436867, ""C15_LAVES#1"": 0.008966562974967512, ""FCC_L12#1"": 0.0006293984450072649, ""HCP_A3#1"": 0.002253677019553479, ""HCP_A3#2"": 0.0016307149167848426}",0.8,0.005,773.0
0.8,0.105,0.07,0.02,0.005,"{""BCC_B2#1"": 0.9865339373794216, ""C15_LAVES#1"": 0.008979363609679266, ""FCC_L12#1"": 0.000622064968059698, ""HCP_A3#1"": 0.0022363494084850564, ""HCP_A3#2"": 0.0016282846343544342}",0.8,0.005,773.0
0.8,0.105,0.075,0.015,0.005,"{""BCC_B2#1"": 0.9865584934350069, ""C15_LAVES#1"": 0.008980792869198855, ""FCC_L12#1"": 0.000614732252484474, ""HCP_A3#1"": 0.0022188506688804147, ""HCP_A3#2"": 0.0016271307744291643}",0.8,0.005,773.0
0.8,0.105,0.08,0.01,0.005,"{""BCC_B2#1"": 0.9865938245503912, ""C15_LAVES#1"": 0.008970364761992224, ""FCC_L12#1"": 0.0006073991815113718, ""HCP_A3#1"": 0.0022011616507560897, ""HCP_A3#2"": 0.001627249855349008}",0.8,0.005,773.0
0.8,0.105,0.085,0.005,0.005,"{""BCC_B2#1"": 0.9866405889986551, ""C15_LAVES#1"": 0.008947447313435738, ""FCC_L12#1"": 0.0006000647434190858, ""HCP_A3#1"": 0.0021832660679566725, ""HCP_A3#2"": 0.0016286328765333707}",0.8,0.005,773.0
0.8,0.105,0.09,0.0,0.005,"{""BCC_B2#1"": 0.9866996115245938, ""C15_LAVES#1"": 0.008911246614557224, ""FCC_L12#1"": 0.000592728005792596, ""HCP_A3#1"": 0.002165150362812549, ""HCP_A3#2"": 0.001631263492243874}",0.8,0.005,773.0
0.8,0.11,0.0,0.085,0.005,"{""BCC_B2#1"": 0.988907079830809, ""C15_LAVES#1"": 0.007049546135661738, ""FCC_L12#1"": 0.0007181231471323214, ""HCP_A3#2"": 0.0024464889064187935, ""ZRO2_MONO#1"": 0.0008787619799776719}",0.8,0.005,773.0
0.8,0.11,0.005,0.08,0.005,"{""BCC_B2#1"": 0.988777141115604, ""C15_LAVES#1"": 0.007213493235259644, ""FCC_L12#1"": 0.0007104829239533516, ""HCP_A3#2"": 0.0024296603587435008, ""ZRO2_MONO#1"": 0.0008692223664394476}",0.8,0.005,773.0
0.8,0.11,0.01,0.075,0.005,"{""BCC_B2#1"": 0.9886575084397511, ""C15_LAVES#1"": 0.0073669176932216005, ""FCC_L12#1"": 0.0007029165673610314, ""HCP_A3#2"": 0.0024129757863123697, ""ZRO2_MONO#1"": 0.0008596815133538298}",0.8,0.005,773.0
0.8,0.11,0.015,0.07,0.005,"{""BCC_B2#1"": 0.9885489711863816, ""C15_LAVES#1"": 0.007509077811350772, ""FCC_L12#1"": 0.0006954086466683706, ""HCP_A3#2"": 0.002396403750961001, ""ZRO2_MONO#1"": 0.0008501386046379793}",0.8,0.005,773.0
0.8,0.11,0.02,0.065,0.005,"{""BCC_B2#1"": 0.9884518715054476, ""C15_LAVES#1"": 0.007639675156169643, ""FCC_L12#1"": 0.000687946896113093, ""HCP_A3#2"": 0.002379912482759811, ""ZRO2_MONO#1"": 0.0008405939595098154}",0.8,0.005,773.0
0.8,0.11,0.025,0.06,0.005,"{""BCC_B2#1"": 0.9883662821024868, ""C15_LAVES#1"": 0.007758679632069438, ""FCC_L12#1"": 0.0006805215717449757, ""HCP_A3#2"": 0.0023634703231104285, ""ZRO2_MONO#1"": 0.0008310463705885455}",0.8,0.005,773.0
0.8,0.11,0.03,0.055,0.005,"{""BCC_B2#1"": 0.9866521427207259, ""C15_LAVES#1"": 0.008664473962867042, ""FCC_L12#1"": 0.0006731673606736901, ""HCP_A3#1"": 0.002344693630710301, ""HCP_A3#2"": 0.0016655223250232711}",0.8,0.005,773.0
0.8,0.11,0.035,0.05,0.005,"{""BCC_B2#1"": 0.9865986316132519, ""C15_LAVES#1"": 0.008753128612788024, ""FCC_L12#1"": 0.0006657733028430233, ""HCP_A3#1"": 0.0023278301512883568, ""HCP_A3#2"": 0.0016546363198291596}",0.8,0.005,773.0
0.8,0.11,0.04,0.045,0.005,"{""BCC_B2#1"": 0.9865551435821192, ""C15_LAVES#1"": 0.008830447190103995, ""FCC_L12#1"": 0.0006583953936434756, ""HCP_A3#1"": 0.0023109999170932947, ""HCP_A3#2"": 0.0016450139170399456}",0.8,0.005,773.0
0.8,0.11,0.045,0.04,0.005,"{""BCC_B2#1"": 0.9865215137658677, ""C15_LAVES#1"": 0.008896621057529787, ""FCC_L12#1"": 0.0006510299791248781, ""HCP_A3#1"": 0.0022941672871888974, ""HCP_A3#2"": 0.0016366679102888275}",0.8,0.005,773.0
0.8,0.11,0.05,0.035,0.005,"{""BCC_B2#1"": 0.9864976321040291, ""C15_LAVES#1"": 0.00895178662897776, ""FCC_L12#1"": 0.0006436740936475551, ""HCP_A3#1"": 0.0022772964271538724, ""HCP_A3#2"": 0.0016296107461918098}",0.8,0.005,773.0
0.8,0.11,0.055,0.03,0.005,"{""BCC_B2#1"": 0.9864834620414704, ""C15_LAVES#1"": 0.008996005831553975, ""FCC_L12#1"": 0.0006363253030860534, ""HCP_A3#1"": 0.0022603529698075205, ""HCP_A3#2"": 0.0016238538540819406}",0.8,0.005,773.0
0.8,0.11,0.06,0.025,0.005,"{""BCC_B2#1"": 0.9864790555991553, ""C15_LAVES#1"": 0.009029250677239573, ""FCC_L12#1"": 0.0006289815837123464, ""HCP_A3#1"": 0.002243304967165642, ""HCP_A3#2"": 0.001619407172727269}",0.8,0.005,773.0
0.8,0.11,0.065,0.02,0.005,"{""BCC_B2#1"": 0.9864845664403022, ""C15_LAVES#1"": 0.009051390224144676, ""FCC_L12#1"": 0.0006216412286398015, ""HCP_A3#1"": 0.0022261233926954126, ""HCP_A3#2"": 0.0016162787142180847}",0.8,0.005,773.0
0.8,0.11,0.07,0.015,0.005,"{""BCC_B2#1"": 0.9865002623065381, ""C15_LAVES#1"": 0.009062178517168586, ""FCC_L12#1"": 0.0006143027754183067, ""HCP_A3#1"": 0.00220878236567157, ""HCP_A3#2"": 0.0016144740352031033}",0.8,0.005,773.0
0.8,0.11,0.075,0.01,0.005,"{""BCC_B2#1"": 0.986526537897259, ""C15_LAVES#1"": 0.009061242441282142, ""FCC_L12#1"": 0.0006069649498439057, ""HCP_A3#1"": 0.002191259206415284, ""HCP_A3#2"": 0.0016139955051997048}",0.8,0.005,773.0
0.8,0.11,0.08,0.005,0.005,"{""BCC_B2#1"": 0.9865639290412379, ""C15_LAVES#1"": 0.009048068683546172, ""FCC_L12#1"": 0.0005996266221431901, ""HCP_A3#1"": 0.002173534388851416, ""HCP_A3#2"": 0.001614841264221096}",0.8,0.005,773.0
0.8,0.11,0.085,0.0,0.005,"{""BCC_B2#1"": 0.9866131288693347, ""C15_LAVES#1"": 0.00902198917977258, ""FCC_L12#1"": 0.0005922867726603568, ""HCP_A3#1"": 0.0021555914292022567, ""HCP_A3#2"": 0.0016170037490302516}",0.8,0.005,773.0
0.8,0.115,0.0,0.08,0.005,"{""BCC_B2#1"": 0.988866022336162, ""C15_LAVES#1"": 0.007134805080072726, ""FCC_L12#1"": 0.0007104945964787027, ""HCP_A3#2"": 0.0024191639325670637, ""ZRO2_MONO#1"": 0.000869514054719707}",0.8,0.005,773.0
0.8,0.115,0.005,0.075,0.005,"{""BCC_B2#1"": 0.9887333490450823, ""C15_LAVES#1"": 0.0073014379423010445, ""FCC_L12#1"": 0.000702839031896703, ""HCP_A3#2"": 0.002402400090685863, ""ZRO2_MONO#1"": 0.0008599738900339967}",0.8,0.005,773.0
0.8,0.115,0.01,0.07,0.005,"{""BCC_B2#1"": 0.9886114001314629, ""C15_LAVES#1"": 0.0074571250930911895, ""FCC_L12#1"": 0.0006952614369400422, ""HCP_A3#2"": 0.0023857817918733, ""ZRO2_MONO#1"": 0.0008504315466328338}",0.8,0.005,773.0
0.8,0.115,0.015,0.065,0.005,"{""BCC_B2#1"": 0.9885010133560946, ""C15_LAVES#1"": 0.007601076539540117, ""FCC_L12#1"": 0.0006877451029612353, ""HCP_A3#2"": 0.0023692760632477877, ""ZRO2_MONO#1"": 0.0008408889381562997}",0.8,0.005,773.0
0.8,0.115,0.02,0.06,0.005,"{""BCC_B2#1"": 0.988402537517727, ""C15_LAVES#1"": 0.0077329932232798135, ""FCC_L12#1"": 0.0006802768539366762, ""HCP_A3#2"": 0.00235284968726236, ""ZRO2_MONO#1"": 0.000831342717794108}",0.8,0.005,773.0
0.8,0.115,0.025,0.055,0.005,"{""BCC_B2#1"": 0.9883160229782811, ""C15_LAVES#1"": 0.007852867559227093, ""FCC_L12#1"": 0.0006728462975515514, ""HCP_A3#2"": 0.0023364696220787707, ""ZRO2_MONO#1"": 0.0008217935428616066}",0.8,0.005,773.0
0.8,0.115,0.03,0.05,0.005,"{""BCC_B2#1"": 0.9866184715565665, ""C15_LAVES#1"": 0.00875054294808591, ""FCC_L12#1"": 0.000665479609813867, ""HCP_A3#1"": 0.0023174917843456215, ""HCP_A3#2"": 0.001648014101188054}",0.8,0.005,773.0
0.8,0.115,0.035,0.045,0.005,"{""BCC_B2#1"": 0.9865644652584058, ""C15_LAVES#1"": 0.008839334858300988, ""FCC_L12#1"": 0.0006580805833890521, ""HCP_A3#1"": 0.002300660180112812, ""HCP_A3#2"": 0.001637459119791332}",0.8,0.005,773.0
0.8,0.115,0.04,0.04,0.005,"{""BCC_B2#1"": 0.9865208128644531, ""C15_LAVES#1"": 0.008916417522946838, ""FCC_L12#1"": 0.0006506979438746823, ""HCP_A3#1"": 0.002283859256701495, ""HCP_A3#2"": 0.0016282124120240054}",0.8,0.005,773.0
0.8,0.115,0.045,0.035,0.005,"{""BCC_B2#1"": 0.9864873271535547, ""C15_LAVES#1"": 0.008982006086346759, ""FCC_L12#1"": 0.0006433278907048365, ""HCP_A3#1"": 0.0022670513789721826, ""HCP_A3#2"": 0.001620287490421724}",0.8,0.005,773.0
0.8,0.115,0.05,0.03,0.005,"{""BCC_B2#1"": 0.9864638821306788, ""C15_LAVES#1"": 0.00903625375774299, ""FCC_L12#1"": 0.0006359673575436962, ""HCP_A3#1"": 0.0022501989299371548, ""HCP_A3#2"": 0.0016136978240974332}",0.8,0.005,773.0
0.8,0.115,0.055,0.025,0.005,"{""BCC_B2#1"": 0.9864504324659489, ""C15_LAVES#1"": 0.009079231511104468, ""FCC_L12#1"": 0.0006286138415121399, ""HCP_A3#1"": 0.0022332660345246915, ""HCP_A3#2"": 0.0016084561469099008}",0.8,0.005,773.0
0.8,0.115,0.06,0.02,0.005,"{""BCC_B2#1"": 0.9864470288533137, ""C15_LAVES#1"": 0.0091109123829547, ""FCC_L12#1"": 0.0006212652723914326, ""HCP_A3#1"": 0.0022162195190855404, ""HCP_A3#2"": 0.0016045739722546691}",0.8,0.005,773.0
0.8,0.115,0.065,0.015,0.005,"{""BCC_B2#1"": 0.9864538312256409, ""C15_LAVES#1"": 0.009131158328681012, ""FCC_L12#1"": 0.0006139199123125152, ""HCP_A3#1"": 0.00219902939729618, ""HCP_A3#2"": 0.001602061136069488}",0.8,0.005,773.0
0.8,0.115,0.07,0.01,0.005,"{""BCC_B2#1"": 0.9864711213659452, ""C15_LAVES#1"": 0.009139708059328712, ""FCC_L12#1"": 0.0006065762787130527, ""HCP_A3#1"": 0.0021816690700532096, ""HCP_A3#2"": 0.001600925225959638}",0.8,0.005,773.0
0.8,0.115,0.075,0.005,0.005,"{""BCC_B2#1"": 0.9864993160827777, ""C15_LAVES#1"": 0.009136164701304055, ""FCC_L12#1"": 0.0005992330849228225, ""HCP_A3#1"": 0.002164115355567772, ""HCP_A3#2"": 0.0016011707754274112}",0.8,0.005,773.0
0.8,0.115,0.08,0.0,0.005,"{""BCC_B2#1"": 0.9865389818592696, ""C15_LAVES#1"": 0.009119982424011533, ""FCC_L12#1"": 0.0005918891941522419, ""HCP_A3#1"": 0.002146348418969439, ""HCP_A3#2"": 0.0016027981035975222}",0.8,0.005,773.0
0.8,0.12,0.0,0.075,0.005,"{""BCC_B2#1"": 0.9888263785573792, ""C15_LAVES#1"": 0.007218194335669069, ""FCC_L12#1"": 0.0007028867251144508, ""HCP_A3#2"": 0.002392274663329117, ""ZRO2_MONO#1"": 0.0008602657185081308}",0.8,0.005,773.0
0.8,0.12,0.005,0.07,0.005,"{""BCC_B2#1"": 0.9886912155415924, ""C15_LAVES#1"": 0.007387270965207743, ""FCC_L12#1"": 0.0006952184537491253, ""HCP_A3#2"": 0.002375570092071822, ""ZRO2_MONO#1"": 0.0008507249473784106}",0.8,0.005,773.0
0.8,0.12,0.01,0.065,0.005,"{""BCC_B2#1"": 0.9885671930784866, ""C15_LAVES#1"": 0.0075449796763216274, ""FCC_L12#1"": 0.0006876317042138113, ""HCP_A3#2"": 0.00235901329784021, ""ZRO2_MONO#1"": 0.0008411822431376338}",0.8,0.005,773.0
0.8,0.12,0.015,0.06,0.005,"{""BCC_B2#1"": 0.9884551995601512, ""C15_LAVES#1"": 0.007690484844000967, ""FCC_L12#1"": 0.0006801085859161428, ""HCP_A3#2"": 0.0023425695507760403, ""ZRO2_MONO#1"": 0.0008316374591556634}",0.8,0.005,773.0
0.8,0.12,0.02,0.055,0.005,"{""BCC_B2#1"": 0.9883555806464214, ""C15_LAVES#1"": 0.00782348959570951, ""FCC_L12#1"": 0.00067263508917181, ""HCP_A3#2"": 0.0023262040064889666, ""ZRO2_MONO#1"": 0.0008220906622083423}",0.8,0.005,773.0
0.8,0.12,0.025,0.05,0.005,"{""BCC_B2#1"": 0.9882683673420302, ""C15_LAVES#1"": 0.00794401065563055, ""FCC_L12#1"": 0.0006652002461479531, ""HCP_A3#2"": 0.0023098821391671653, ""ZRO2_MONO#1"": 0.0008125396170240529}",0.8,0.005,773.0
0.8,0.12,0.03,0.045,0.005,"{""BCC_B2#1"": 0.986587574743852, ""C15_LAVES#1"": 0.00883333920632758, ""FCC_L12#1"": 0.0006578222093627045, ""HCP_A3#1"": 0.002290719921473644, ""HCP_A3#2"": 0.001630543918984028}",0.8,0.005,773.0
0.8,0.12,0.035,0.04,0.005,"{""BCC_B2#1"": 0.9865332721301192, ""C15_LAVES#1"": 0.00892205448307589, ""FCC_L12#1"": 0.0006504187142165241, ""HCP_A3#1"": 0.0022739182246808696, ""HCP_A3#2"": 0.0016203364479072688}",0.8,0.005,773.0
0.8,0.12,0.04,0.035,0.005,"{""BCC_B2#1"": 0.9864896438997742, ""C15_LAVES#1"": 0.008998695179910565, ""FCC_L12#1"": 0.0006430316807124011, ""HCP_A3#1"": 0.0022571439577819775, ""HCP_A3#2"": 0.0016114852818207178}",0.8,0.005,773.0
0.8,0.12,0.045,0.03,0.005,"{""BCC_B2#1"": 0.9864564822459055, ""C15_LAVES#1"": 0.009063498186414408, ""FCC_L12#1"": 0.0006356571911223797, ""HCP_A3#1"": 0.0022403574855003783, ""HCP_A3#2"": 0.0016040048910572256}",0.8,0.005,773.0
0.8,0.12,0.05,0.025,0.005,"{""BCC_B2#1"": 0.9864336476187124, ""C15_LAVES#1"": 0.009116630774797766, ""FCC_L12#1"": 0.0006282921017297949, ""HCP_A3#1"": 0.002223519451135325, ""HCP_A3#2"": 0.0015979100536246517}",0.8,0.005,773.0
0.8,0.12,0.055,0.02,0.005,"{""BCC_B2#1"": 0.9864210887352357, ""C15_LAVES#1"": 0.009158169709561766, ""FCC_L12#1"": 0.0006209338592746598, ""HCP_A3#1"": 0.00220659253931529, ""HCP_A3#2"": 0.0015932151566125277}",0.8,0.005,773.0
0.8,0.12,0.06,0.015,0.005,"{""BCC_B2#1"": 0.9864188581336454, ""C15_LAVES#1"": 0.009188085369934738, ""FCC_L12#1"": 0.0006135803614445161, ""HCP_A3#1"": 0.002189542428002135, ""HCP_A3#2"": 0.001589933706973189}",0.8,0.005,773.0
0.8,0.12,0.065,0.01,0.005,"{""BCC_B2#1"": 0.986427125497274, ""C15_LAVES#1"": 0.009206228546174033, ""FCC_L12#1"": 0.0006062298506970921, ""HCP_A3#1"": 0.0021723382492258294, ""HCP_A3#2"": 0.0015880778566291012}",0.8,0.005,773.0
0.8,0.12,0.07,0.005,0.005,"{""BCC_B2#1"": 0.9864461904404392, ""C15_LAVES#1"": 0.009212318178205775, ""FCC_L12#1"": 0.0005988808332362263, ""HCP_A3#1"": 0.002154952759931891, ""HCP_A3#2"": 0.0015876577881871233}",0.8,0.005,773.0
0.8,0.12,0.075,0.0,0.005,"{""BCC_B2#1"": 0.9864764960108513, ""C15_LAVES#1"": 0.00920592879798571, ""FCC_L12#1"": 0.0005915320169289649, ""HCP_A3#1"": 0.0021373623450109507, ""HCP_A3#2"": 0.0015886808292231544}",0.8,0.005,773.0
0.8,0.125,0.0,0.07,0.005,"{""BCC_B2#1"": 0.9887880105215857, ""C15_LAVES#1"": 0.007299907256875819, ""FCC_L12#1"": 0.0006952961083553303, ""HCP_A3#2"": 0.0023657691564566105, ""ZRO2_MONO#1"": 0.000851016956726521}",0.8,0.005,773.0
0.8,0.125,0.005,0.065,0.005,"{""BCC_B2#1"": 0.9886505904148073, ""C15_LAVES#1"": 0.007471197709222045, ""FCC_L12#1"": 0.0006876177350423642, ""HCP_A3#2"": 0.0023491186254725686, ""ZRO2_MONO#1"": 0.000841475515455774}",0.8,0.005,773.0
0.8,0.125,0.01,0.06,0.005,"{""BCC_B2#1"": 0.9885247268835778, ""C15_LAVES#1"": 0.0076306984750651365, ""FCC_L12#1"": 0.0006800238596650496, ""HCP_A3#2"": 0.0023326188258653443, ""ZRO2_MONO#1"": 0.0008319319558265861}",0.8,0.005,773.0
0.8,0.125,0.015,0.055,0.005,"{""BCC_B2#1"": 0.9884113540399561, ""C15_LAVES#1"": 0.007777531380840736, ""FCC_L12#1"": 0.0006724955161812619, ""HCP_A3#2"": 0.0023162330061448676, ""ZRO2_MONO#1"": 0.0008223860568770591}",0.8,0.005,773.0
0.8,0.125,0.02,0.05,0.005,"{""BCC_B2#1"": 0.9883108152377906, ""C15_LAVES#1"": 0.007911404589761847, ""FCC_L12#1"": 0.0006650179547756363, ""HCP_A3#2"": 0.002299924526114802, ""ZRO2_MONO#1"": 0.0008128376915571609}",0.8,0.005,773.0
0.8,0.125,0.025,0.045,0.005,"{""BCC_B2#1"": 0.988223117417381, ""C15_LAVES#1"": 0.008032360744352617, ""FCC_L12#1"": 0.0006575797051125351, ""HCP_A3#2"": 0.002283657247960071, ""ZRO2_MONO#1"": 0.0008032848851935434}",0.8,0.005,773.0
0.8,0.125,0.03,0.04,0.005,"{""BCC_B2#1"": 0.9865592428670137, ""C15_LAVES#1"": 0.008913124021655585, ""FCC_L12#1"": 0.0006501913190748018, ""HCP_A3#1"": 0.0022643277386343408, ""HCP_A3#2"": 0.0016131140536215162}",0.8,0.005,773.0
0.8,0.125,0.035,0.035,0.005,"{""BCC_B2#1"": 0.9865048307307112, ""C15_LAVES#1"": 0.009001559526199228, ""FCC_L12#1"": 0.0006427838075809867, ""HCP_A3#1"": 0.002247554218733464, ""HCP_A3#2"": 0.0016032717167753638}",0.8,0.005,773.0
0.8,0.125,0.04,0.03,0.005,"{""BCC_B2#1"": 0.9864614035349464, ""C15_LAVES#1"": 0.0090775622967484, ""FCC_L12#1"": 0.0006353926763456481, ""HCP_A3#1"": 0.0022308041423982797, ""HCP_A3#2"": 0.0015948373495613278}",0.8,0.005,773.0
0.8,0.125,0.045,0.025,0.005,"{""BCC_B2#1"": 0.9864287348537263, ""C15_LAVES#1"": 0.009141388684650571, ""FCC_L12#1"": 0.000628013919809642, ""HCP_A3#1"": 0.002214035883340394, ""HCP_A3#2"": 0.001587826658473087}",0.8,0.005,773.0
0.8,0.125,0.05,0.02,0.005,"{""BCC_B2#1"": 0.9864066740890007, ""C15_LAVES#1"": 0.009193217102537652, ""FCC_L12#1"": 0.0006206443396631275, ""HCP_A3#1"": 0.00219720839725812, ""HCP_A3#2"": 0.0015822560715404595}",0.8,0.005,773.0
0.8,0.125,0.055,0.015,0.005,"{""BCC_B2#1"": 0.9863951668973896, ""C15_LAVES#1"": 0.009233126704301972, ""FCC_L12#1"": 0.0006132813499242495, ""HCP_A3#1"": 0.0021802830001409787, ""HCP_A3#2"": 0.001578142048242779}",0.8,0.005,773.0
0.8,0.125,0.06,0.01,0.005,"{""BCC_B2#1"": 0.9863942708588868, ""C15_LAVES#1"": 0.00926108141779791, ""FCC_L12#1"": 0.0006059228298469242, ""HCP_A3#1"": 0.0021632242987318427, ""HCP_A3#2"": 0.0015755005947365426}",0.8,0.005,773.0
0.8,0.125,0.065,0.005,0.005,"{""BCC_B2#1"": 0.9864041688803337, ""C15_LAVES#1"": 0.009276916713752428, ""FCC_L12#1"": 0.0005985670127916288, ""HCP_A3#1"": 0.0021460006184462832, ""HCP_A3#2"": 0.001574346774676027}",0.8,0.005,773.0
0.8,0.125,0.07,0.0,0.005,"{""BCC_B2#1"": 0.9864251821650509, ""C15_LAVES#1"": 0.00928032724054396, ""FCC_L12#1"": 0.0005912124019085093, ""HCP_A3#1"": 0.0021285841415864134, ""HCP_A3#2"": 0.0015746940509101563}",0.8,0.005,773.0
0.8,0.13,0.0,0.065,0.005,"{""BCC_B2#1"": 0.9887507992187228, ""C15_LAVES#1"": 0.007380111276148205, ""FCC_L12#1"": 0.0006877200565978502, ""HCP_A3#2"": 0.002339601698084947, ""ZRO2_MONO#1"": 0.0008417677504461783}",0.8,0.005,773.0
0.8,0.13,0.005,0.06,0.005,"{""BCC_B2#1"": 0.9886113428926127, ""C15_LAVES#1"": 0.007553397171927526, ""FCC_L12#1"": 0.0006800340957347513, ""HCP_A3#2"": 0.002323000274511047, ""ZRO2_MONO#1"": 0.0008322255652140845}",0.8,0.005,773.0
0.8,0.13,0.01,0.055,0.005,"{""BCC_B2#1"": 0.9884838589846173, ""C15_LAVES#1"": 0.007714471670539685, ""FCC_L12#1"": 0.0006724350223991837, ""HCP_A3#2"": 0.0023065532801296164, ""ZRO2_MONO#1"": 0.0008226810423142491}",0.8,0.005,773.0
0.8,0.13,0.015,0.05,0.005,"{""BCC_B2#1"": 0.9883693237049392, ""C15_LAVES#1"": 0.007862417500933364, ""FCC_L12#1"": 0.0006649029137846668, ""HCP_A3#2"": 0.0022902216626749434, ""ZRO2_MONO#1"": 0.000813134217667738}",0.8,0.005,773.0
0.8,0.13,0.02,0.045,0.005,"{""BCC_B2#1"": 0.9882680765455522, ""C15_LAVES#1"": 0.007996950550738876, ""FCC_L12#1"": 0.0006574223779898847, ""HCP_A3#2"": 0.0022739668016636227, ""ZRO2_MONO#1"": 0.0008035837240551657}",0.8,0.005,773.0
0.8,0.13,0.025,0.04,0.005,"{""BCC_B2#1"": 0.9872657261170255, ""C15_LAVES#1"": 0.00856394045570505, ""FCC_L12#1"": 0.0006500002146137486, ""HCP_A3#1"": 0.002256133679070733, ""HCP_A3#2"": 0.000929197715186807, ""ZRO2_MONO#1"": 0.0003350018183980667}",0.8,0.005,773.0
0.8,0.13,0.03,0.035,0.005,"{""BCC_B2#1"": 0.986533288506143, ""C15_LAVES#1"": 0.008990129405608045, ""FCC_L12#1"": 0.0006425836550437966, ""HCP_A3#1"": 0.0022382711437827704, ""HCP_A3#2"": 0.0015957272894222532}",0.8,0.005,773.0
0.8,0.13,0.035,0.03,0.005,"{""BCC_B2#1"": 0.9864789424245739, ""C15_LAVES#1"": 0.009078091797379314, ""FCC_L12#1"": 0.0006351725214532319, ""HCP_A3#1"": 0.0022215242698549434, ""HCP_A3#2"": 0.0015862689867382745}",0.8,0.005,773.0
0.8,0.13,0.04,0.025,0.005,"{""BCC_B2#1"": 0.9864358824948563, ""C15_LAVES#1"": 0.009153269636262815, ""FCC_L12#1"": 0.0006277775403928544, ""HCP_A3#1"": 0.002204796083108296, ""HCP_A3#2"": 0.0015782742453800095}",0.8,0.005,773.0
0.8,0.13,0.045,0.02,0.005,"{""BCC_B2#1"": 0.986403865795164, ""C15_LAVES#1"": 0.009215936233117472, ""FCC_L12#1"": 0.0006203946468417647, ""HCP_A3#1"": 0.002188042988054946, ""HCP_A3#2"": 0.0015717603368218104}",0.8,0.005,773.0
0.8,0.13,0.05,0.015,0.005,"{""BCC_B2#1"": 0.9863827332777582, ""C15_LAVES#1"": 0.009266278053152504, ""FCC_L12#1"": 0.0006130206096295035, ""HCP_A3#1"": 0.0021712223111788552, ""HCP_A3#2"": 0.0015667457482809474}",0.8,0.005,773.0
0.8,0.13,0.055,0.01,0.005,"{""BCC_B2#1"": 0.9863724304707149, ""C15_LAVES#1"": 0.009304373113102829, ""FCC_L12#1"": 0.0006056528266173253, ""HCP_A3#1"": 0.0021542940724009817, ""HCP_A3#2"": 0.0015632495171636644}",0.8,0.005,773.0
0.8,0.13,0.06,0.005,0.005,"{""BCC_B2#1"": 0.9863730231910808, ""C15_LAVES#1"": 0.009330174996195926, ""FCC_L12#1"": 0.0005982891712725186, ""HCP_A3#1"": 0.0021372218813082776, ""HCP_A3#2"": 0.0015612907601426263}",0.8,0.005,773.0
0.8,0.13,0.065,0.0,0.005,"{""BCC_B2#1"": 0.9863847110085221, ""C15_LAVES#1"": 0.009343499613693983, ""FCC_L12#1"": 0.000590927877462783, ""HCP_A3#1"": 0.0021199733257712162, ""HCP_A3#2"": 0.0015608881745501262}",0.8,0.005,773.0
0.8,0.135,0.0,0.06,0.005,"{""BCC_B2#1"": 0.9887146415115423, ""C15_LAVES#1"": 0.007458952101737797, ""FCC_L12#1"": 0.0006801564647507764, ""HCP_A3#2"": 0.0023137318458954182, ""ZRO2_MONO#1"": 0.0008325180760737126}",0.8,0.005,773.0
0.8,0.135,0.005,0.055,0.005,"{""BCC_B2#1"": 0.9885733585709342, ""C15_LAVES#1"": 0.007634026108809559, ""FCC_L12#1"": 0.0006724652923915166, ""HCP_A3#2"": 0.002297174966900784, ""ZRO2_MONO#1"": 0.0008229750609640453}",0.8,0.005,773.0
0.8,0.135,0.01,0.05,0.005,"{""BCC_B2#1"": 0.9884444640366963, ""C15_LAVES#1"": 0.007796466740653814, ""FCC_L12#1"": 0.0006648628147726362, ""HCP_A3#2"": 0.0022807769589318254, ""ZRO2_MONO#1"": 0.0008134294489453807}",0.8,0.005,773.0
0.8,0.135,0.015,0.045,0.005,"{""BCC_B2#1"": 0.9883289731553058, ""C15_LAVES#1"": 0.007945321241414437, ""FCC_L12#1"": 0.0006573282785366223, ""HCP_A3#2"": 0.0022644961805288666, ""ZRO2_MONO#1"": 0.0008038811442141513}",0.8,0.005,773.0
0.8,0.135,0.02,0.04,0.005,"{""BCC_B2#1"": 0.9882272177861006, ""C15_LAVES#1"": 0.008080316040548343, ""FCC_L12#1"": 0.0006498457495903721, ""HCP_A3#2"": 0.0022482918377686703, ""ZRO2_MONO#1"": 0.0007943285859918801}",0.8,0.005,773.0
0.8,0.135,0.025,0.035,0.005,"{""BCC_B2#1"": 0.9865755563613623, ""C15_LAVES#1"": 0.00896377433979144, ""FCC_L12#1"": 0.0006424318412211773, ""HCP_A3#1"": 0.002229289542640545, ""HCP_A3#2"": 0.0015889479149842568}",0.8,0.005,773.0
0.8,0.135,0.03,0.03,0.005,"{""BCC_B2#1"": 0.9865095432284203, ""C15_LAVES#1"": 0.009064562236241018, ""FCC_L12#1"": 0.0006349963875904971, ""HCP_A3#1"": 0.0022125112486239243, ""HCP_A3#2"": 0.0015783868991241898}",0.8,0.005,773.0
0.8,0.135,0.035,0.025,0.005,"{""BCC_B2#1"": 0.9864554283945659, ""C15_LAVES#1"": 0.009151867040327178, ""FCC_L12#1"": 0.0006275819615878418, ""HCP_A3#1"": 0.002195789656460048, ""HCP_A3#2"": 0.001569332947058712}",0.8,0.005,773.0
0.8,0.135,0.04,0.02,0.005,"{""BCC_B2#1"": 0.9864128922605913, ""C15_LAVES#1"": 0.009226040815787196, ""FCC_L12#1"": 0.000620183325329773, ""HCP_A3#1"": 0.002179081202681708, ""HCP_A3#2"": 0.001561802395610112}",0.8,0.005,773.0
0.8,0.135,0.045,0.015,0.005,"{""BCC_B2#1"": 0.9863816776519949, ""C15_LAVES#1"": 0.009287371139189352, ""FCC_L12#1"": 0.0006127963812079754, ""HCP_A3#1"": 0.002162340354382936, ""HCP_A3#2"": 0.0015558144732247163}",0.8,0.005,773.0
0.8,0.135,0.05,0.01,0.005,"{""BCC_B2#1"": 0.986361619727281, ""C15_LAVES#1"": 0.00933604929799079, ""FCC_L12#1"": 0.0006054178854138526, ""HCP_A3#1"": 0.002145522870364304, ""HCP_A3#2"": 0.0015513902189497086}",0.8,0.005,773.0
0.8,0.135,0.055,0.005,0.005,"{""BCC_B2#1"": 0.9863526668249709, ""C15_LAVES#1"": 0.009372148536667091, ""FCC_L12#1"": 0.0005980452348447418, ""HCP_A3#1"": 0.0021285875448619385, ""HCP_A3#2"": 0.001548551858655476}",0.8,0.005,773.0
0.8,0.135,0.06,0.0,0.005,"{""BCC_B2#1"": 0.9863548961623663, ""C15_LAVES#1"": 0.0093956081118642, ""FCC_L12#1"": 0.0005906763085495311, ""HCP_A3#1"": 0.002111497058244916, ""HCP_A3#2"": 0.0015473223589749924}",0.8,0.005,773.0
0.8,0.14,0.0,0.055,0.005,"{""BCC_B2#1"": 0.988679447675163, ""C15_LAVES#1"": 0.007536557064603112, ""FCC_L12#1"": 0.0006726036869549053, ""HCP_A3#2"": 0.0022881236684477333, ""ZRO2_MONO#1"": 0.0008232679048312862}",0.8,0.005,773.0
0.8,0.14,0.005,0.05,0.005,"{""BCC_B2#1"": 0.9885365369780322, ""C15_LAVES#1"": 0.0077132223635221495, ""FCC_L12#1"": 0.0006649095049215454, ""HCP_A3#2"": 0.002271607193967913, ""ZRO2_MONO#1"": 0.000813723959556268}",0.8,0.005,773.0
0.8,0.14,0.01,0.045,0.005,"{""BCC_B2#1"": 0.9884064311101769, ""C15_LAVES#1"": 0.00787683176279904, ""FCC_L12#1"": 0.0006573052586595526, ""HCP_A3#2"": 0.0022552547570851866, ""ZRO2_MONO#1"": 0.0008041771112792343}",0.8,0.005,773.0
0.7999999999999999,0.14,0.015,0.04,0.005,"{""BCC_B2#1"": 0.9882901807987341, ""C15_LAVES#1"": 0.008026400763197284, ""FCC_L12#1"": 0.0006497694935584098, ""HCP_A3#2"": 0.0022390218339376636, ""ZRO2_MONO#1"": 0.0007946271105723803}",0.8,0.005,773.0
0.8,0.14,0.02,0.035,0.005,"{""BCC_B2#1"": 0.988188107778549, ""C15_LAVES#1"": 0.008161668930358652, ""FCC_L12#1"": 0.0006422858345818253, ""HCP_A3#2"": 0.002222865267436413, ""ZRO2_MONO#1"": 0.0007850721890740215}",0.8,0.005,773.0
0.8,0.14,0.025,0.03,0.005,"{""BCC_B2#1"": 0.9865537862906835, ""C15_LAVES#1"": 0.00903629080110522, ""FCC_L12#1"": 0.0006348650898373888, ""HCP_A3#1"": 0.0022037637480650275, ""HCP_A3#2"": 0.001571294070308591}",0.8,0.005,773.0
0.8,0.14,0.03,0.025,0.005,"{""BCC_B2#1"": 0.9864878551876824, ""C15_LAVES#1"": 0.00913660755728624, ""FCC_L12#1"": 0.0006274270592107788, ""HCP_A3#1"": 0.002187013572200289, ""HCP_A3#2"": 0.0015610966236202437}",0.8,0.005,773.0
0.8,0.14,0.035,0.02,0.005,"{""BCC_B2#1"": 0.986434127201151, ""C15_LAVES#1"": 0.009223078260202883, ""FCC_L12#1"": 0.0006200096028077808, ""HCP_A3#1"": 0.0021703160359756724, ""HCP_A3#2"": 0.0015524688998630244}",0.8,0.005,773.0
0.8,0.14,0.04,0.015,0.005,"{""BCC_B2#1"": 0.986392262549815, ""C15_LAVES#1"": 0.009296075696937032, ""FCC_L12#1"": 0.0006126074505264471, ""HCP_A3#1"": 0.00215362528484145, ""HCP_A3#2"": 0.0015454290178804116}",0.8,0.005,773.0
0.8,0.14,0.045,0.01,0.005,"{""BCC_B2#1"": 0.9863619921329312, ""C15_LAVES#1"": 0.009355898849831873, ""FCC_L12#1"": 0.0006052164970601912, ""HCP_A3#1"": 0.0021368938872398193, ""HCP_A3#2"": 0.0015399986329366635}",0.8,0.005,773.0
0.8,0.14,0.05,0.005,0.005,"{""BCC_B2#1"": 0.9863431479937161, ""C15_LAVES#1"": 0.009402740476068643, ""FCC_L12#1"": 0.0005978335043790332, ""HCP_A3#1"": 0.002120076095804383, ""HCP_A3#2"": 0.0015362019300318673}",0.8,0.005,773.0
0.8,0.14,0.055,0.0,0.005,"{""BCC_B2#1"": 0.9863356841945453, ""C15_LAVES#1"": 0.009436665318342483, ""FCC_L12#1"": 0.000590455881996541, ""HCP_A3#1"": 0.0021031295441333742, ""HCP_A3#2"": 0.0015340650609822672}",0.8,0.005,773.0
0.8,0.145,0.0,0.05,0.005,"{""BCC_B2#1"": 0.9886451394139681, ""C15_LAVES#1"": 0.007613037818891105, ""FCC_L12#1"": 0.000665060433253291, ""HCP_A3#2"": 0.002262745131819664, ""ZRO2_MONO#1"": 0.0008140172020681236}",0.8,0.005,773.0
0.8,0.145,0.005,0.045,0.005,"{""BCC_B2#1"": 0.9885007896044431, ""C15_LAVES#1"": 0.007791107563181192, ""FCC_L12#1"": 0.0006573652442752669, ""HCP_A3#2"": 0.0022462653787739713, ""ZRO2_MONO#1"": 0.0008044722093266111}",0.8,0.005,773.0
0.8,0.145,0.01,0.04,0.005,"{""BCC_B2#1"": 0.9883696621138327, ""C15_LAVES#1"": 0.007955698078807723, ""FCC_L12#1"": 0.0006497606920410645, ""HCP_A3#2"": 0.0022299555203640796, ""ZRO2_MONO#1"": 0.0007949235949545885}",0.8,0.005,773.0
0.8,0.145,0.015,0.035,0.005,"{""BCC_B2#1"": 0.9882528384545751, ""C15_LAVES#1"": 0.008105796936349084, ""FCC_L12#1"": 0.0006422247493920443, ""HCP_A3#2"": 0.0022137678569188026, ""ZRO2_MONO#1"": 0.0007853720027649272}",0.8,0.005,773.0
0.8,0.145,0.02,0.03,0.005,"{""BCC_B2#1"": 0.98815062902289, ""C15_LAVES#1"": 0.008241159243975976, ""FCC_L12#1"": 0.0006347407006117247, ""HCP_A3#2"": 0.002197656686006037, ""ZRO2_MONO#1"": 0.0007758143465163066}",0.8,0.005,773.0
0.8,0.145,0.025,0.025,0.005,"{""BCC_B2#1"": 0.9865337804948068, ""C15_LAVES#1"": 0.009106760449106955, ""FCC_L12#1"": 0.0006273137913471024, ""HCP_A3#1"": 0.002178469770157424, ""HCP_A3#2"": 0.0015536754945819449}",0.8,0.005,773.0
0.8,0.145,0.03,0.02,0.005,"{""BCC_B2#1"": 0.9864680871718609, ""C15_LAVES#1"": 0.009206431250621053, ""FCC_L12#1"": 0.0006198735186884245, ""HCP_A3#1"": 0.0021617474042058354, ""HCP_A3#2"": 0.0015438606546239692}",0.8,0.005,773.0
0.8,0.145,0.035,0.015,0.005,"{""BCC_B2#1"": 0.9864148927833248, ""C15_LAVES#1"": 0.009291898428849586, ""FCC_L12#1"": 0.0006124532257331728, ""HCP_A3#1"": 0.002145072812474784, ""HCP_A3#2"": 0.0015356827496178704}",0.8,0.005,773.0
0.8,0.145,0.04,0.01,0.005,"{""BCC_B2#1"": 0.9863738392371199, ""C15_LAVES#1"": 0.009363553152498816, ""FCC_L12#1"": 0.0006050476410539452, ""HCP_A3#1"": 0.0021283978441411088, ""HCP_A3#2"": 0.00152916212518626}",0.8,0.005,773.0
0.8,0.145,0.045,0.005,0.005,"{""BCC_B2#1"": 0.9863446478790784, ""C15_LAVES#1"": 0.009421702806929493, ""FCC_L12#1"": 0.0005976526741855993, ""HCP_A3#1"": 0.0021116732116123983, ""HCP_A3#2"": 0.0015243234281944206}",0.8,0.005,773.0
0.8,0.145,0.05,0.0,0.005,"{""BCC_B2#1"": 0.9863271503030978, ""C15_LAVES#1"": 0.009466538161781194, ""FCC_L12#1"": 0.000590265109273619, ""HCP_A3#1"": 0.0020948517195976723, ""HCP_A3#2"": 0.0015211947062496645}",0.8,0.005,773.0
0.8,0.15,0.0,0.045,0.005,"{""BCC_B2#1"": 0.9886116482442784, ""C15_LAVES#1"": 0.007688492546089357, ""FCC_L12#1"": 0.0006575256853302411, ""HCP_A3#2"": 0.002237567597900654, ""ZRO2_MONO#1"": 0.0008047659264015392}",0.8,0.005,773.0
0.8,0.15,0.005,0.04,0.005,"{""BCC_B2#1"": 0.9884660382900804, ""C15_LAVES#1"": 0.007867789325447886, ""FCC_L12#1"": 0.0006498312777975831, ""HCP_A3#2"": 0.0022211213578754727, ""ZRO2_MONO#1"": 0.0007952197487988229}",0.8,0.005,773.0
0.8,0.15,0.01,0.035,0.005,"{""BCC_B2#1"": 0.9883340679706499, ""C15_LAVES#1"": 0.008033182566396624, ""FCC_L12#1"": 0.0006422277003339589, ""HCP_A3#2"": 0.0022048515100019845, ""ZRO2_MONO#1"": 0.0007856702526173769}",0.8,0.005,773.0
0.8,0.15,0.015,0.03,0.005,"{""BCC_B2#1"": 0.9882168493816053, ""C15_LAVES#1"": 0.008183635548099727, ""FCC_L12#1"": 0.0006346924820937019, ""HCP_A3#2"": 0.002188706902347331, ""ZRO2_MONO#1"": 0.0007761156858545424}",0.8,0.005,773.0
0.8,0.15,0.02,0.025,0.005,"{""BCC_B2#1"": 0.9881146761123558, ""C15_LAVES#1"": 0.008318921264385779, ""FCC_L12#1"": 0.0006272086605752949, ""HCP_A3#2"": 0.002172639103805839, ""ZRO2_MONO#1"": 0.0007665548588774967}",0.8,0.005,773.0
0.8,0.15,0.025,0.02,0.005,"{""BCC_B2#1"": 0.9865154236396186, ""C15_LAVES#1"": 0.009175324873488877, ""FCC_L12#1"": 0.0006197761299758064, ""HCP_A3#1"": 0.002153380052342983, ""HCP_A3#2"": 0.0015360953045740714}",0.8,0.005,773.0
0.8,0.15,0.03,0.015,0.005,"{""BCC_B2#1"": 0.986450114984211, ""C15_LAVES#1"": 0.009274182235524387, ""FCC_L12#1"": 0.000612333868136553, ""HCP_A3#1"": 0.0021366852900790777, ""HCP_A3#2"": 0.0015266836220489838}",0.8,0.005,773.0
0.8,0.15,0.035,0.01,0.005,"{""BCC_B2#1"": 0.9863975927874402, ""C15_LAVES#1"": 0.009358482720844889, ""FCC_L12#1"": 0.0006049108658391728, ""HCP_A3#1"": 0.002120032625687244, ""HCP_A3#2"": 0.0015189810001883782}",0.8,0.005,773.0
0.8,0.15,0.04,0.005,0.005,"{""BCC_B2#1"": 0.9863574825995286, ""C15_LAVES#1"": 0.009428633363951139, ""FCC_L12#1"": 0.0005975018782459457, ""HCP_A3#1"": 0.0021033716168504485, ""HCP_A3#2"": 0.001513010541423677}",0.8,0.005,773.0
0.8,0.15,0.045,0.0,0.005,"{""BCC_B2#1"": 0.9863294985952483, ""C15_LAVES#1"": 0.009484946828105158, ""FCC_L12#1"": 0.0005901028497723865, ""HCP_A3#1"": 0.0020866511630997973, ""HCP_A3#2"": 0.0015088005637743278}",0.8,0.005,773.0
0.8,0.155,0.0,0.04,0.005,"{""BCC_B2#1"": 0.9885789141605336, ""C15_LAVES#1"": 0.007763007774050866, ""FCC_L12#1"": 0.0006499986285083275, ""HCP_A3#2"": 0.002212565408240914, ""ZRO2_MONO#1"": 0.0007955140286662636}",0.8,0.005,773.0
0.8,0.155,0.005,0.035,0.005,"{""BCC_B2#1"": 0.9884322138885668, ""C15_LAVES#1"": 0.007943363085869811, ""FCC_L12#1"": 0.0006423065694738524, ""HCP_A3#2"": 0.002196149950975304, ""ZRO2_MONO#1"": 0.0007859665051141316}",0.8,0.005,773.0
0.8,0.155,0.01,0.03,0.005,"{""BCC_B2#1"": 0.9882995724776438, ""C15_LAVES#1"": 0.008109389325897982, ""FCC_L12#1"": 0.0006347050660746959, ""HCP_A3#2"": 0.0021799179733017625, ""ZRO2_MONO#1"": 0.0007764151570817218}",0.8,0.005,773.0
0.8,0.155,0.015,0.025,0.005,"{""BCC_B2#1"": 0.9881821269538414, ""C15_LAVES#1"": 0.008260029127683451, ""FCC_L12#1"": 0.0006271713241438794, ""HCP_A3#2"": 0.002163814593853098, ""ZRO2_MONO#1"": 0.0007668580004781883}",0.8,0.005,773.0
0.8,0.155,0.02,0.02,0.005,"{""BCC_B2#1"": 0.9880801547569042, ""C15_LAVES#1"": 0.008395075389487748, ""FCC_L12#1"": 0.0006196882270546332, ""HCP_A3#2"": 0.002147788493452212, ""ZRO2_MONO#1"": 0.0007572931331012277}",0.8,0.005,773.0
0.8,0.155,0.025,0.015,0.005,"{""BCC_B2#1"": 0.9864986114187186, ""C15_LAVES#1"": 0.009242111270790082, ""FCC_L12#1"": 0.0006122504975678632, ""HCP_A3#1"": 0.0021284698965625096, ""HCP_A3#2"": 0.0015185569163608573}",0.8,0.005,773.0
0.8,0.155,0.03,0.01,0.005,"{""BCC_B2#1"": 0.986433826076437, ""C15_LAVES#1"": 0.009339994305994883, ""FCC_L12#1"": 0.0006048064204598228, ""HCP_A3#1"": 0.0021118026097454424, ""HCP_A3#2"": 0.0015095705873628847}",0.8,0.005,773.0
0.8,0.155,0.035,0.005,0.005,"{""BCC_B2#1"": 0.9863821071423361, ""C15_LAVES#1"": 0.009422970391116912, ""FCC_L12#1"": 0.0005973807723292767, ""HCP_A3#1"": 0.0020951709331810914, ""HCP_A3#2"": 0.0015023707610363518}",0.8,0.005,773.0
0.8,0.155,0.04,0.0,0.005,"{""BCC_B2#1"": 0.986343065805732, ""C15_LAVES#1"": 0.009491459759732517, ""FCC_L12#1"": 0.0005899683597042157, ""HCP_A3#1"": 0.0020785221445495682, ""HCP_A3#2"": 0.0014969839302813898}",0.8,0.005,773.0
0.8,0.16,0.0,0.035,0.005,"{""BCC_B2#1"": 0.9885468845236142, ""C15_LAVES#1"": 0.007836659893821825, ""FCC_L12#1"": 0.0006424785976713015, ""HCP_A3#2"": 0.002187715534239644, ""ZRO2_MONO#1"": 0.0007862614506530562}",0.8,0.005,773.0
0.8,0.16,0.005,0.03,0.005,"{""BCC_B2#1"": 0.9883992551492515, ""C15_LAVES#1"": 0.008017913626507459, ""FCC_L12#1"": 0.0006347902326688827, ""HCP_A3#2"": 0.002171328599413647, ""ZRO2_MONO#1"": 0.0007767123921584644}",0.8,0.005,773.0
0.8,0.16,0.01,0.025,0.005,"{""BCC_B2#1"": 0.9882661056166975, ""C15_LAVES#1"": 0.008184411346804484, ""FCC_L12#1"": 0.0006271917229671615, ""HCP_A3#2"": 0.0021551327618071063, ""ZRO2_MONO#1"": 0.0007671585517239079}",0.8,0.005,773.0
0.8,0.16,0.015,0.02,0.005,"{""BCC_B2#1"": 0.988148593189158, ""C15_LAVES#1"": 0.008335078496123343, ""FCC_L12#1"": 0.0006196600653409006, ""HCP_A3#2"": 0.0021390691497465654, ""ZRO2_MONO#1"": 0.0007575990996311631}",0.8,0.005,773.0
0.8,0.16,0.02,0.015,0.005,"{""BCC_B2#1"": 0.9880469792347703, ""C15_LAVES#1"": 0.008469729653982412, ""FCC_L12#1"": 0.0006121780750266995, ""HCP_A3#2"": 0.0021230834074770343, ""ZRO2_MONO#1"": 0.0007480296287439399}",0.8,0.005,773.0
0.8,0.16,0.025,0.01,0.005,"{""BCC_B2#1"": 0.9864832494165284, ""C15_LAVES#1"": 0.009307233977802767, ""FCC_L12#1"": 0.0006047354580398909, ""HCP_A3#1"": 0.002103717110055435, ""HCP_A3#2"": 0.0015010640375737276}",0.8,0.005,773.0
0.8,0.16,0.03,0.005,0.005,"{""BCC_B2#1"": 0.9864191183744896, ""C15_LAVES#1"": 0.009403987687439972, ""FCC_L12#1"": 0.000597289665162049, ""HCP_A3#1"": 0.00208707722906005, ""HCP_A3#2"": 0.0014925270438485702}",0.8,0.005,773.0
0.8,0.16,0.035,0.0,0.005,"{""BCC_B2#1"": 0.9863683268224814, ""C15_LAVES#1"": 0.009485486374205647, ""FCC_L12#1"": 0.0005898613749516919, ""HCP_A3#1"": 0.0020704656646953496, ""HCP_A3#2"": 0.001485859763665742}",0.8,0.005,773.0
0.8,0.165,0.0,0.03,0.005,"{""BCC_B2#1"": 0.9885155131253114, ""C15_LAVES#1"": 0.00790951643666961, ""FCC_L12#1"": 0.0006349650348681467, ""HCP_A3#2"": 0.002162997279543792, ""ZRO2_MONO#1"": 0.0007770081236070845}",0.8,0.005,773.0
0.8,0.165,0.005,0.025,0.005,"{""BCC_B2#1"": 0.9883671077723999, ""C15_LAVES#1"": 0.00809151636684115, ""FCC_L12#1"": 0.0006272814931047632, ""HCP_A3#2"": 0.0021466370593174818, ""ZRO2_MONO#1"": 0.0007674573083370273}",0.8,0.005,773.0
0.8,0.165,0.01,0.02,0.005,"{""BCC_B2#1"": 0.988233604508413, ""C15_LAVES#1"": 0.008258331729434706, ""FCC_L12#1"": 0.0006196867238745116, ""HCP_A3#2"": 0.0021304760224531683, ""ZRO2_MONO#1"": 0.000757901015824501}",0.8,0.005,773.0
0.8,0.165,0.015,0.015,0.005,"{""BCC_B2#1"": 0.9881161795659936, ""C15_LAVES#1"": 0.008408874018566494, ""FCC_L12#1"": 0.0006121576232729393, ""HCP_A3#2"": 0.0021144510696457478, ""ZRO2_MONO#1"": 0.0007483377225214056}",0.8,0.005,773.0
0.8,0.165,0.02,0.01,0.005,"{""BCC_B2#1"": 0.9880150735590278, ""C15_LAVES#1"": 0.008542981139316121, ""FCC_L12#1"": 0.000604677014420952, ""HCP_A3#2"": 0.0020985046634873525, ""ZRO2_MONO#1"": 0.0007387636237475087}",0.8,0.005,773.0
0.8,0.165,0.025,0.005,0.005,"{""BCC_B2#1"": 0.9864692521271443, ""C15_LAVES#1"": 0.009370795779701945, ""FCC_L12#1"": 0.0005972297189810066, ""HCP_A3#1"": 0.0020791017096786794, ""HCP_A3#2"": 0.0014836206644942755}",0.8,0.005,773.0
0.8,0.165,0.03,0.0,0.005,"{""BCC_B2#1"": 0.9864058992542897, ""C15_LAVES#1"": 0.009466270372333559, ""FCC_L12#1"": 0.0005897822408475654, ""HCP_A3#1"": 0.0020624892081812255, ""HCP_A3#2"": 0.0014755589243479078}",0.8,0.005,773.0
0.8,0.17,0.0,0.025,0.005,"{""BCC_B2#1"": 0.988484759394113, ""C15_LAVES#1"": 0.007981637158702376, ""FCC_L12#1"": 0.0006274574566266568, ""HCP_A3#2"": 0.002138392024110361, ""ZRO2_MONO#1"": 0.0007677539664478026}",0.8,0.005,773.0
0.8,0.17,0.005,0.02,0.005,"{""BCC_B2#1"": 0.9883357236037419, ""C15_LAVES#1"": 0.008164238463228763, ""FCC_L12#1"": 0.0006197796603637417, ""HCP_A3#2"": 0.0021220571387193868, ""ZRO2_MONO#1"": 0.0007582011339462492}",0.8,0.005,773.0
0.8,0.17,0.01,0.015,0.005,"{""BCC_B2#1"": 0.9882020140216674, ""C15_LAVES#1"": 0.008331224822939088, ""FCC_L12#1"": 0.0006121892160034487, ""HCP_A3#2"": 0.0021059299334425514, ""ZRO2_MONO#1"": 0.0007486420059472141}",0.8,0.005,773.0
0.8,0.17,0.015,0.01,0.005,"{""BCC_B2#1"": 0.9880848230076832, ""C15_LAVES#1"": 0.008481496767789426, ""FCC_L12#1"": 0.0006046630174102737, ""HCP_A3#2"": 0.0020899428578241216, ""ZRO2_MONO#1"": 0.0007390743492932112}",0.8,0.005,773.0
0.8,0.17,0.02,0.005,0.005,"{""BCC_B2#1"": 0.9872664755159862, ""C15_LAVES#1"": 0.008964828584445934, ""FCC_L12#1"": 0.0005971921598073981, ""HCP_A3#1"": 0.002072590214353472, ""HCP_A3#2"": 0.0007300873277920376, ""ZRO2_MONO#1"": 0.00036882619761493624}",0.8,0.005,773.0
0.8,0.17,0.025,0.0,0.005,"{""BCC_B2#1"": 0.9864565420967342, ""C15_LAVES#1"": 0.009432889038093358, ""FCC_L12#1"": 0.0005897321090213024, ""HCP_A3#1"": 0.002054605671886962, ""HCP_A3#2"": 0.0014662310842642901}",0.8,0.005,773.0
0.8,0.17500000000000002,0.0,0.02,0.005,"{""BCC_B2#1"": 0.9884545877157283, ""C15_LAVES#1"": 0.008053074969201096, ""FCC_L12#1"": 0.0006199554292944781, ""HCP_A3#2"": 0.0021138830021079085, ""ZRO2_MONO#1"": 0.0007584988836685497}",0.8,0.005,773.0
0.8,0.17500000000000002,0.005,0.015,0.005,"{""BCC_B2#1"": 0.9883050599425833, ""C15_LAVES#1"": 0.008236139752528281, ""FCC_L12#1"": 0.000612284106228729, ""HCP_A3#2"": 0.0020975724705868787, ""ZRO2_MONO#1"": 0.0007489437280731752}",0.8,0.005,773.0
0.7999999999999999,0.17500000000000002,0.01,0.01,0.005,"{""BCC_B2#1"": 0.9881712842808149, ""C15_LAVES#1"": 0.008403157198239775, ""FCC_L12#1"": 0.0006046984200239619, ""HCP_A3#2"": 0.0020814784706270134, ""ZRO2_MONO#1"": 0.000739381630294163}",0.8,0.005,773.0
0.8,0.17500000000000002,0.015,0.005,0.005,"{""BCC_B2#1"": 0.9880544669821816, ""C15_LAVES#1"": 0.00855301958975767, ""FCC_L12#1"": 0.0005971753517320907, ""HCP_A3#2"": 0.002065528796167417, ""ZRO2_MONO#1"": 0.0007298092801613004}",0.8,0.005,773.0
0.8,0.17500000000000002,0.02,0.0,0.005,"{""BCC_B2#1"": 0.9865211404853635, ""C15_LAVES#1"": 0.009384268313192395, ""FCC_L12#1"": 0.0005897132315419584, ""HCP_A3#1"": 0.0020468304246838106, ""HCP_A3#2"": 0.0014580475452183887}",0.8,0.005,773.0
0.8,0.18,0.0,0.015,0.005,"{""BCC_B2#1"": 0.9884249668479388, ""C15_LAVES#1"": 0.00812387673059016, ""FCC_L12#1"": 0.0006124585508844502, ""HCP_A3#2"": 0.0020894551077232063, ""ZRO2_MONO#1"": 0.0007492427628633804}",0.8,0.005,773.0
0.8,0.18,0.005,0.01,0.005,"{""BCC_B2#1"": 0.9882750789436714, ""C15_LAVES#1"": 0.00830727356726893, ""FCC_L12#1"": 0.000604794248579655, ""HCP_A3#2"": 0.002073168315528621, ""ZRO2_MONO#1"": 0.0007396849249512831}",0.8,0.005,773.0
0.8,0.18,0.01,0.005,0.005,"{""BCC_B2#1"": 0.9881413718068328, ""C15_LAVES#1"": 0.008474188323372015, ""FCC_L12#1"": 0.0005972136161534568, ""HCP_A3#2"": 0.0020571072121366935, ""ZRO2_MONO#1"": 0.0007301190415048911}",0.8,0.005,773.0
0.8,0.18,0.015,0.0,0.005,"{""BCC_B2#1"": 0.9880250622258151, ""C15_LAVES#1"": 0.008623507743478963, ""FCC_L12#1"": 0.0005896938011282359, ""HCP_A3#2"": 0.0020411947472389713, ""ZRO2_MONO#1"": 0.0007205414823386385}",0.8,0.005,773.0
0.8,0.185,0.0,0.01,0.005,"{""BCC_B2#1"": 0.9883958694139747, ""C15_LAVES#1"": 0.008194083951747061, ""FCC_L12#1"": 0.0006049664381132269, ""HCP_A3#2"": 0.002065094724348397, ""ZRO2_MONO#1"": 0.0007399854718166349}",0.8,0.005,773.0
0.8,0.185,0.005,0.005,0.005,"{""BCC_B2#1"": 0.9882457474387419, ""C15_LAVES#1"": 0.008377687430245957, ""FCC_L12#1"": 0.0005973095398595845, ""HCP_A3#2"": 0.002048831390075485, ""ZRO2_MONO#1"": 0.0007304242010773652}",0.8,0.005,773.0
0.8,0.185,0.01,0.0,0.005,"{""BCC_B2#1"": 0.9881122372355831, ""C15_LAVES#1"": 0.00854437160439041, ""FCC_L12#1"": 0.0005897341320774042, ""HCP_A3#2"": 0.0020328031624925226, ""ZRO2_MONO#1"": 0.0007208538654567972}",0.8,0.005,773.0
0.8,0.19,0.0,0.005,0.005,"{""BCC_B2#1"": 0.9883672714619695, ""C15_LAVES#1"": 0.008263733391719943, ""FCC_L12#1"": 0.000597478717568995, ""HCP_A3#2"": 0.002040789573656408, ""ZRO2_MONO#1"": 0.0007307268550851717}",0.8,0.005,773.0
0.8,0.19,0.005,0.0,0.005,"{""BCC_B2#1"": 0.9882170351133568, ""C15_LAVES#1"": 0.008447423727305331, ""FCC_L12#1"": 0.0005898294579993911, ""HCP_A3#2"": 0.002024549712640355, ""ZRO2_MONO#1"": 0.0007211619886982256}",0.8,0.005,773.0
0.8,0.195,0.0,0.0,0.005,"{""BCC_B2#1"": 0.9883391520811138, ""C15_LAVES#1"": 0.00833285758706874, ""FCC_L12#1"": 0.0005899950200578091, ""HCP_A3#2"": 0.002016528581776613, ""ZRO2_MONO#1"": 0.0007214667299830971}",0.8,0.005,773.0
0.8,0.0,0.0,0.195,0.005,"{""BCC_B2#1"": 0.9935264651834047, ""FCC_L12#1"": 0.00091652030696418, ""HCP_A3#2"": 0.0017834533350248104, ""HCP_A3#3"": 0.0034598645197558278, ""ZRO2_MONO#1"": 0.000313696654850474}",0.8,0.005,823.0
0.8,0.0,0.005,0.19,0.005,"{""BCC_B2#1"": 0.993544009043818, ""FCC_L12#1"": 0.0009083878374794538, ""HCP_A3#2"": 0.0018333856231662084, ""HCP_A3#3"": 0.003431421876291338, ""ZRO2_MONO#1"": 0.0002827956192449263}",0.8,0.005,823.0
0.8,0.0,0.01,0.185,0.005,"{""BCC_B2#1"": 0.9935618557300427, ""FCC_L12#1"": 0.0009002557468781854, ""HCP_A3#1"": 0.0034030223896164926, ""HCP_A3#2"": 0.0018826920956119338, ""ZRO2_MONO#1"": 0.0002521740378507876}",0.8,0.005,823.0
0.8,0.0,0.015,0.18,0.005,"{""BCC_B2#1"": 0.9935800428233954, ""FCC_L12#1"": 0.0008921241095713426, ""HCP_A3#1"": 0.0033746631755234412, ""HCP_A3#2"": 0.0019313115870314053, ""ZRO2_MONO#1"": 0.00022185830447833807}",0.8,0.005,823.0
0.8,0.0,0.02,0.17500000000000002,0.005,"{""BCC_B2#1"": 0.9935986098944923, ""FCC_L12#1"": 0.0008839930017332209, ""HCP_A3#1"": 0.0033463411766316946, ""HCP_A3#2"": 0.001979179264098812, ""ZRO2_MONO#1"": 0.00019187666304359692}",0.8,0.005,823.0
0.8,0.0,0.025,0.17,0.005,"{""BCC_B2#1"": 0.9936175995612024, ""FCC_L12#1"": 0.0008758625020866043, ""HCP_A3#1"": 0.0033180531651888488, ""HCP_A3#2"": 0.0020262264237436334, ""ZRO2_MONO#1"": 0.00016225834777844317}",0.8,0.005,823.0
0.8,0.0,0.03,0.165,0.005,"{""BCC_B2#1"": 0.9936370561029196, ""FCC_L12#1"": 0.0008677326904467828, ""HCP_A3#1"": 0.0032897957380636097, ""HCP_A3#2"": 0.00207238033003863, ""ZRO2_MONO#1"": 0.00013303513853119483}",0.8,0.005,823.0
0.8,0.0,0.035,0.16,0.005,"{""BCC_B2#1"": 0.9936570271665188, ""FCC_L12#1"": 0.0008596036490540367, ""HCP_A3#1"": 0.0032615653226710927, ""HCP_A3#2"": 0.002117563970288963, ""ZRO2_MONO#1"": 0.00010423989146691192}",0.8,0.005,823.0
0.8,0.0,0.04,0.155,0.005,"{""BCC_B2#1"": 0.9936775628241017, ""FCC_L12#1"": 0.0008514754614965057, ""HCP_A3#1"": 0.0032333581745782754, ""HCP_A3#2"": 0.0021616958457774827, ""ZRO2_MONO#1"": 7.59076940458933e-05}",0.8,0.005,823.0
0.8,0.0,0.045,0.15,0.005,"{""BCC_B2#1"": 0.9936987160870057, ""FCC_L12#1"": 0.0008433482129167457, ""HCP_A3#1"": 0.0032051703806314532, ""HCP_A3#2"": 0.00220468972661134, ""ZRO2_MONO#1"": 4.807559283513625e-05}",0.8,0.005,823.0
0.8,0.0,0.05,0.145,0.005,"{""BCC_B2#1"": 0.9937205434525067, ""FCC_L12#1"": 0.0008352219902123576, ""HCP_A3#1"": 0.0022464543741739884, ""HCP_A3#2"": 0.0031769978628263073, ""ZRO2_MONO#1"": 2.0782320280696934e-05}",0.8,0.005,823.0
0.8,0.0,0.055,0.14,0.005,"{""BCC_B2#1"": 0.993746845861326, ""FCC_L12#1"": 0.0008272515126024187, ""HCP_A3#1"": 0.003151211932935364, ""HCP_A3#2"": 0.002274690693136461}",0.8,0.005,823.0
0.8,0.0,0.06,0.135,0.005,"{""BCC_B2#1"": 0.99378729988726, ""FCC_L12#1"": 0.0008197818552966406, ""HCP_A3#1"": 0.003133142089702319, ""HCP_A3#2"": 0.0022597761677410713}",0.8,0.005,823.0
0.8,0.0,0.065,0.13,0.005,"{""BCC_B2#1"": 0.9938292003720692, ""FCC_L12#1"": 0.0008122560587124104, ""HCP_A3#1"": 0.003114233842045377, ""HCP_A3#2"": 0.0022443097271732815}",0.8,0.005,823.0
0.8,0.0,0.07,0.125,0.005,"{""BCC_B2#1"": 0.9938725339357931, ""FCC_L12#1"": 0.0008046762104455249, ""HCP_A3#1"": 0.0030944959686798196, ""HCP_A3#2"": 0.0022282938850816457}",0.8,0.005,823.0
0.8,0.0,0.075,0.12,0.005,"{""BCC_B2#1"": 0.9939172865299356, ""FCC_L12#1"": 0.000797044323850302, ""HCP_A3#1"": 0.0022117315515122592, ""HCP_A3#2"": 0.0030739375947017463}",0.8,0.005,823.0
0.8,0.0,0.08,0.115,0.005,"{""BCC_B2#1"": 0.993963443188051, ""FCC_L12#1"": 0.0007893623533328104, ""HCP_A3#1"": 0.0030525684971732317, ""HCP_A3#2"": 0.002194625961442813}",0.8,0.005,823.0
0.8,0.0,0.085,0.11,0.005,"{""BCC_B2#1"": 0.9940109879380195, ""FCC_L12#1"": 0.0007816322076084153, ""HCP_A3#1"": 0.00217698047861408, ""HCP_A3#2"": 0.0030303993757579343}",0.8,0.005,823.0
0.8,0.0,0.09,0.105,0.005,"{""BCC_B2#1"": 0.9940594768714882, ""FCC_L12#1"": 0.0007738800683854242, ""HCP_A3#1"": 2.020684569021679e-06, ""HCP_A3#2"": 0.003007837498901738, ""HCP_A3#3"": 0.002156784876655465}",0.8,0.005,823.0
0.8,0.0,0.095,0.1,0.005,"{""BCC_B2#1"": 0.9940985348471314, ""FCC_L12#1"": 0.000766702032342682, ""HCP_A3#1"": 5.791353162949486e-05, ""HCP_A3#2"": 0.0020821919395826384, ""HCP_A3#3"": 0.0029946576493138123}",0.8,0.005,823.0
0.8,0.0,0.1,0.095,0.005,"{""BCC_B2#1"": 0.9941393247526701, ""FCC_L12#1"": 0.0007594661744752351, ""HCP_A3#1"": 0.00011743874452022544, ""HCP_A3#2"": 0.0029806347879588915, ""HCP_A3#3"": 0.002003135540375455}",0.8,0.005,823.0
0.8,0.0,0.105,0.09,0.005,"{""BCC_B2#1"": 0.9941817205977417, ""FCC_L12#1"": 0.0007521775098802016, ""HCP_A3#1"": 0.00018116990699617924, ""HCP_A3#2"": 0.0029658111428425673, ""HCP_A3#3"": 0.0019191208425394812}",0.8,0.005,823.0
0.8,0.0,0.11,0.085,0.005,"{""BCC_B2#1"": 0.9942255954437689, ""FCC_L12#1"": 0.00074484047327922, ""HCP_A3#1"": 0.0018296404874878882, ""HCP_A3#2"": 0.00024970147691748945, ""HCP_A3#3"": 0.0029502221185463266}",0.8,0.005,823.0
0.8,0.0,0.115,0.08,0.005,"{""BCC_B2#1"": 0.9942708185472082, ""FCC_L12#1"": 0.0007374590169049335, ""HCP_A3#1"": 0.0003236541635272105, ""HCP_A3#2"": 0.0017341709284410124, ""HCP_A3#3"": 0.0029338973439185477}",0.8,0.005,823.0
0.8,0.0,0.12,0.075,0.005,"{""BCC_B2#1"": 0.994317253253388, ""FCC_L12#1"": 0.0007300366889576145, ""HCP_A3#1"": 0.001632169185484843, ""HCP_A3#2"": 0.002916861510141458, ""HCP_A3#3"": 0.0004036793620279414}",0.8,0.005,823.0
0.8,0.0,0.125,0.07,0.005,"{""BCC_B2#1"": 0.9943647557679288, ""FCC_L12#1"": 0.0007225766972024111, ""HCP_A3#1"": 0.0004904625551345049, ""HCP_A3#2"": 0.0015230699293671992, ""HCP_A3#3"": 0.0028991350503670636}",0.8,0.005,823.0
0.8,0.0,0.13,0.065,0.005,"{""BCC_B2#1"": 0.9944131750526979, ""FCC_L12#1"": 0.0007150819609814554, ""HCP_A3#1"": 0.0014062828345104599, ""HCP_A3#2"": 0.0005847254531280723, ""HCP_A3#3"": 0.002880734698682255}",0.8,0.005,823.0
0.8,0.0,0.135,0.06,0.005,"{""BCC_B2#1"": 0.9944623542432596, ""FCC_L12#1"": 0.0007075551540934248, ""HCP_A3#1"": 0.0012811901670965365, ""HCP_A3#2"": 0.00068722647872992, ""HCP_A3#3"": 0.002861673956820337}",0.8,0.005,823.0
0.8,0.0,0.14,0.055,0.005,"{""BCC_B2#1"": 0.9945121341837405, ""FCC_L12#1"": 0.0006999987404697812, ""HCP_A3#1"": 0.0011471445935440237, ""HCP_A3#2"": 0.0007987589918751322, ""HCP_A3#3"": 0.002841963490370369}",0.8,0.005,823.0
0.8,0.0,0.145,0.05,0.005,"{""BCC_B2#1"": 0.9945623599464716, ""FCC_L12#1"": 0.0006924150041334807, ""HCP_A3#1"": 0.0009201463680253876, ""HCP_A3#2"": 0.002821611471435078, ""HCP_A3#3"": 0.0010034672099341457}",0.8,0.005,823.0
0.8,0.0,0.15,0.045,0.005,"{""BCC_B2#1"": 0.9946128915811677, ""FCC_L12#1"": 0.0006848060744720677, ""HCP_A3#1"": 0.0008494458043010145, ""HCP_A3#2"": 0.0010522326589415102, ""HCP_A3#3"": 0.0028006238811174988}",0.8,0.005,823.0
0.8,0.0,0.155,0.04,0.005,"{""BCC_B2#1"": 0.9946636208700358, ""FCC_L12#1"": 0.0006771739478897812, ""HCP_A3#1"": 0.0006843333693442132, ""HCP_A3#2"": 0.0011958670299456514, ""HCP_A3#3"": 0.0027790047827847}",0.8,0.005,823.0
0.8,0.0,0.16,0.035,0.005,"{""BCC_B2#1"": 0.9947144966208997, ""FCC_L12#1"": 0.000669520506535639, ""HCP_A3#1"": 0.0005073468822360246, ""HCP_A3#2"": 0.0013518794155269634, ""HCP_A3#3"": 0.0027567565748015136}",0.8,0.005,823.0
0.8,0.0,0.165,0.03,0.005,"{""BCC_B2#1"": 0.9947655621129669, ""FCC_L12#1"": 0.0006618475348748357, ""HCP_A3#1"": 0.0003176663554673823, ""HCP_A3#2"": 0.0015210437667451367, ""HCP_A3#3"": 0.002733880229945847}",0.8,0.005,823.0
0.8,0.0,0.17,0.025,0.005,"{""BCC_B2#1"": 0.9948170098711887, ""FCC_L12#1"": 0.0006541567347610672, ""HCP_A3#1"": 0.00011443413208711121, ""HCP_A3#2"": 0.001704023734736983, ""HCP_A3#3"": 0.002710375527226045}",0.8,0.005,823.0
0.8,0.0,0.17500000000000002,0.02,0.005,"{""BCC_B2#1"": 0.9948765197534286, ""FCC_L12#1"": 0.0006459375740051419, ""HCP_A3#1"": 0.002676254699074147, ""HCP_A3#2"": 0.0018012879734921378}",0.8,0.005,823.0
0.8,0.0,0.18,0.015,0.005,"{""BCC_B2#1"": 0.9949477917355464, ""FCC_L12#1"": 0.0006371266532071846, ""HCP_A3#1"": 0.0017842669060900093, ""HCP_A3#2"": 0.0026308147051563513}",0.8,0.005,823.0
0.8,0.0,0.185,0.01,0.005,"{""BCC_B2#1"": 0.9950247769630666, ""FCC_L12#1"": 0.0006283161623056024, ""HCP_A3#2"": 0.0025857674193710154, ""HCP_A3#3"": 0.001761139455257273}",0.8,0.005,823.0
0.8,0.0,0.19,0.005,0.005,"{""BCC_B2#1"": 0.9951098290490699, ""FCC_L12#1"": 0.0006195068357384164, ""HCP_A3#1"": 0.002541091588343731, ""HCP_A3#2"": 0.001729572526847943}",0.8,0.005,823.0
0.8,0.0,0.195,0.0,0.005,"{""BCC_B2#1"": 0.9952062890693412, ""FCC_L12#1"": 0.0006106992593502501, ""HCP_A3#1"": 0.002496769941903773, ""HCP_A3#2"": 0.0016862417294045277}",0.8,0.005,823.0
0.8,0.005,0.0,0.19,0.005,"{""BCC_B2#1"": 0.9935516861335539, ""FCC_L12#1"": 0.0009086515258580606, ""HCP_A3#1"": 0.0034303060920770896, ""HCP_A3#2"": 0.0018210699504064621, ""ZRO2_MONO#1"": 0.0002882862981047196}",0.8,0.005,823.0
0.8,0.005,0.005,0.185,0.005,"{""BCC_B2#1"": 0.9935696223086112, ""FCC_L12#1"": 0.0009005194153544345, ""HCP_A3#1"": 0.00340188507784854, ""HCP_A3#2"": 0.001870267437958995, ""ZRO2_MONO#1"": 0.000257705760226459}",0.8,0.005,823.0
0.8,0.005,0.01,0.18,0.005,"{""BCC_B2#1"": 0.993587892614831, ""FCC_L12#1"": 0.0008923877372600197, ""HCP_A3#1"": 0.0033735064009594094, ""HCP_A3#2"": 0.0019187859060150359, ""ZRO2_MONO#1"": 0.00022742734093469098}",0.8,0.005,823.0
0.8,0.005,0.015,0.17500000000000002,0.005,"{""BCC_B2#1"": 0.9936065362753903, ""FCC_L12#1"": 0.0008842565680100786, ""HCP_A3#1"": 0.0019665606012519133, ""HCP_A3#2"": 0.003345167107006879, ""ZRO2_MONO#1"": 0.00019747944834089872}",0.8,0.005,823.0
0.8,0.005,0.02,0.17,0.005,"{""BCC_B2#1"": 0.9936255954233554, ""FCC_L12#1"": 0.0008761259865924446, ""HCP_A3#1"": 0.0020135228639734195, ""HCP_A3#2"": 0.0033168640710378007, ""ZRO2_MONO#1"": 0.00016789165504063857}",0.8,0.005,823.0
0.8,0.005,0.025,0.165,0.005,"{""BCC_B2#1"": 0.9936451145701134, ""FCC_L12#1"": 0.0008679960738710069, ""HCP_A3#1"": 0.002059599944027851, ""HCP_A3#2"": 0.0032885939950193267, ""ZRO2_MONO#1"": 0.00013869541696851645}",0.8,0.005,823.0
0.8,0.005,0.03,0.16,0.005,"{""BCC_B2#1"": 0.9936651411216955, ""FCC_L12#1"": 0.0008598669128517017, ""HCP_A3#1"": 0.0021047147785683736, ""HCP_A3#2"": 0.003260353409334676, ""ZRO2_MONO#1"": 0.00010992377754975634}",0.8,0.005,823.0
0.8,0.005,0.035,0.155,0.005,"{""BCC_B2#1"": 0.9936857251015534, ""FCC_L12#1"": 0.00085173858821821, ""HCP_A3#1"": 0.002148785770168087, ""HCP_A3#2"": 0.0032321386721615294, ""ZRO2_MONO#1"": 8.161186789850041e-05}",0.8,0.005,823.0
0.8,0.005,0.04,0.15,0.005,"{""BCC_B2#1"": 0.9937069196006497, ""FCC_L12#1"": 0.0008436111864998213, ""HCP_A3#1"": 0.002191726531389046, ""HCP_A3#2"": 0.0032039459718630372, ""ZRO2_MONO#1"": 5.379670959853864e-05}",0.8,0.005,823.0
0.8,0.005,0.045,0.145,0.005,"{""BCC_B2#1"": 0.993728780872119, ""FCC_L12#1"": 0.0008354847958963829, ""HCP_A3#1"": 0.0022334456178339512, ""HCP_A3#2"": 0.003175771328844942, ""ZRO2_MONO#1"": 2.6517385305742722e-05}",0.8,0.005,823.0
0.8,0.005,0.05,0.14,0.005,"{""BCC_B2#1"": 0.9937514843906293, ""FCC_L12#1"": 0.0008273643546816362, ""HCP_A3#1"": 0.0022734662022262987, ""HCP_A3#2"": 0.003147685052462862}",0.8,0.005,823.0
0.8,0.005,0.055,0.135,0.005,"{""BCC_B2#1"": 0.9937917391899923, ""FCC_L12#1"": 0.0008199026868245268, ""HCP_A3#1"": 0.002258623622329469, ""HCP_A3#2"": 0.0031297345008535786}",0.8,0.005,823.0
0.8,0.005,0.06,0.13,0.005,"{""BCC_B2#1"": 0.993833450868903, ""FCC_L12#1"": 0.0008123841528129523, ""HCP_A3#1"": 0.002243225158328269, ""HCP_A3#2"": 0.0031109398199557913}",0.8,0.005,823.0
0.8,0.005,0.065,0.125,0.005,"{""BCC_B2#1"": 0.993876604412942, ""FCC_L12#1"": 0.0008048109128369973, ""HCP_A3#1"": 0.002227273980894716, ""HCP_A3#2"": 0.0030913106933262045}",0.8,0.005,823.0
0.8,0.005,0.07,0.12,0.005,"{""BCC_B2#1"": 0.9939211842707367, ""FCC_L12#1"": 0.0007971850421742484, ""HCP_A3#1"": 0.0022107736761175327, ""HCP_A3#2"": 0.003070857010971527}",0.8,0.005,823.0
0.8,0.005,0.075,0.115,0.005,"{""BCC_B2#1"": 0.9939671740377537, ""FCC_L12#1"": 0.0007895085480013068, ""HCP_A3#1"": 0.0021937282245290675, ""HCP_A3#2"": 0.0030495891897160295}",0.8,0.005,823.0
0.8,0.005,0.08,0.11,0.005,"{""BCC_B2#1"": 0.9940145562919754, ""FCC_L12#1"": 0.0007817833836637098, ""HCP_A3#1"": 0.0021761418713051746, ""HCP_A3#2"": 0.0030275184530555513}",0.8,0.005,823.0
0.8,0.005,0.085,0.105,0.005,"{""BCC_B2#1"": 0.9940633126065271, ""FCC_L12#1"": 0.0007740114612798178, ""HCP_A3#1"": 0.0021580188517625375, ""HCP_A3#2"": 0.0030046570804304834}",0.8,0.005,823.0
0.8,0.005,0.09,0.1,0.005,"{""BCC_B2#1"": 0.9941127068708232, ""FCC_L12#1"": 0.0007662361369368346, ""HCP_A3#1"": 3.5608430971366732e-06, ""HCP_A3#2"": 0.002135801649676415, ""HCP_A3#3"": 0.0029816944994663524}",0.8,0.005,823.0
0.8,0.005,0.095,0.095,0.005,"{""BCC_B2#1"": 0.994152653720511, ""FCC_L12#1"": 0.000759047470932971, ""HCP_A3#1"": 6.393620326417866e-05, ""HCP_A3#2"": 0.002056035804044279, ""HCP_A3#3"": 0.002968326801247548}",0.8,0.005,823.0
0.8,0.005,0.1,0.09,0.005,"{""BCC_B2#1"": 0.9941943455263682, ""FCC_L12#1"": 0.0007518018397619532, ""HCP_A3#1"": 0.00012833775949626903, ""HCP_A3#2"": 0.0019713983323900817, ""HCP_A3#3"": 0.0029541165419832674}",0.8,0.005,823.0
0.8,0.005,0.105,0.085,0.005,"{""BCC_B2#1"": 0.9942376475108187, ""FCC_L12#1"": 0.0007445042505080003, ""HCP_A3#1"": 0.00019737943756233112, ""HCP_A3#2"": 0.0018813631956832025, ""HCP_A3#3"": 0.0029391056054278186}",0.8,0.005,823.0
0.8,0.005,0.11,0.08,0.005,"{""BCC_B2#1"": 0.9942824226590034, ""FCC_L12#1"": 0.000737159134982085, ""HCP_A3#1"": 0.0002716995552826206, ""HCP_A3#2"": 0.001785389579485908, ""HCP_A3#3"": 0.0029233290712458826}",0.8,0.005,823.0
0.8,0.005,0.115,0.075,0.005,"{""BCC_B2#1"": 0.9943285288413785, ""FCC_L12#1"": 0.0007297704472631123, ""HCP_A3#1"": 0.00035196636003548715, ""HCP_A3#2"": 0.0016829180927095924, ""HCP_A3#3"": 0.00290681625861337}",0.8,0.005,823.0
0.8,0.005,0.12,0.07,0.005,"{""BCC_B2#1"": 0.9943758167597644, ""FCC_L12#1"": 0.0007223417418904093, ""HCP_A3#1"": 0.00043888255061498685, ""HCP_A3#2"": 0.0015733673860147302, ""HCP_A3#3"": 0.002889591561715547}",0.8,0.005,823.0
0.8,0.005,0.125,0.065,0.005,"{""BCC_B2#1"": 0.9944241288817287, ""FCC_L12#1"": 0.0007148762372811282, ""HCP_A3#1"": 0.0005331886532430115, ""HCP_A3#2"": 0.001456131099823185, ""HCP_A3#3"": 0.0028716751279238488}",0.8,0.005,823.0
0.8,0.005,0.13,0.06,0.005,"{""BCC_B2#1"": 0.9944732996636593, ""FCC_L12#1"": 0.0007073768675999446, ""HCP_A3#1"": 0.000635664966929458, ""HCP_A3#2"": 0.0013305750854891879, ""HCP_A3#3"": 0.0028530834163223466}",0.8,0.005,823.0
0.8,0.005,0.135,0.055,0.005,"{""BCC_B2#1"": 0.9945231575356819, ""FCC_L12#1"": 0.0006998463255754108, ""HCP_A3#1"": 0.0007471316053365752, ""HCP_A3#2"": 0.0011960348685583527, ""HCP_A3#3"": 0.0028338296648479024}",0.8,0.005,823.0
0.8,0.005,0.14,0.05,0.005,"{""BCC_B2#1"": 0.9945735293512432, ""FCC_L12#1"": 0.0006922870981570161, ""HCP_A3#1"": 0.0008684459199705608, ""HCP_A3#2"": 0.0010518133428738397, ""HCP_A3#3"": 0.002813924287755031}",0.8,0.005,823.0
0.8,0.005,0.145,0.045,0.005,"{""BCC_B2#1"": 0.9946242483200517, ""FCC_L12#1"": 0.000684701496454242, ""HCP_A3#1"": 0.0010004962635018037, ""HCP_A3#2"": 0.000897178699688424, ""HCP_A3#3"": 0.0027933752203040405}",0.8,0.005,823.0
0.8,0.005,0.15,0.04,0.005,"{""BCC_B2#1"": 0.9946751668826797, ""FCC_L12#1"": 0.0006770916811310677, ""HCP_A3#1"": 0.0011441906064541482, ""HCP_A3#2"": 0.0007313626056123967, ""HCP_A3#3"": 0.0027721882241225223}",0.8,0.005,823.0
0.8,0.005,0.155,0.035,0.005,"{""BCC_B2#1"": 0.9947261766056925, ""FCC_L12#1"": 0.000669459684179441, ""HCP_A3#1"": 0.0013004378982577624, ""HCP_A3#2"": 0.0005535586478334547, ""HCP_A3#3"": 0.0027503671640370067}",0.8,0.005,823.0
0.8,0.005,0.16,0.03,0.005,"{""BCC_B2#1"": 0.9947772380597655, ""FCC_L12#1"": 0.0006618074278699205, ""HCP_A3#1"": 0.0014701191884798764, ""HCP_A3#2"": 0.00036292105869196247, ""HCP_A3#3"": 0.002727914265193007}",0.8,0.005,823.0
0.8,0.005,0.165,0.025,0.005,"{""BCC_B2#1"": 0.994828424910141, ""FCC_L12#1"": 0.0006541367416970457, ""HCP_A3#1"": 0.00165404427861216, ""HCP_A3#2"": 0.00015856371213314986, ""HCP_A3#3"": 0.002704830357416666}",0.8,0.005,823.0
0.8,0.005,0.17,0.02,0.005,"{""BCC_B2#1"": 0.9948838808418282, ""FCC_L12#1"": 0.0006461486786042135, ""HCP_A3#2"": 0.002675270508687605, ""HCP_A3#3"": 0.0017946999708800748}",0.8,0.005,823.0
0.8,0.005,0.17500000000000002,0.015,0.005,"{""BCC_B2#1"": 0.9949523826196337, ""FCC_L12#1"": 0.0006373382944748259, ""HCP_A3#2"": 0.0026298790760070447, ""HCP_A3#3"": 0.001780400009884728}",0.8,0.005,823.0
0.8,0.005,0.18,0.01,0.005,"{""BCC_B2#1"": 0.9950255305602643, ""FCC_L12#1"": 0.0006285284949372923, ""HCP_A3#2"": 0.0025848908261833473, ""HCP_A3#3"": 0.0017610501186152195}",0.8,0.005,823.0
0.8,0.005,0.185,0.005,0.005,"{""BCC_B2#1"": 0.995105249842074, ""FCC_L12#1"": 0.0006197200829127018, ""HCP_A3#2"": 0.0025402824455523654, ""HCP_A3#3"": 0.0017347476294609268}",0.8,0.005,823.0
0.8,0.005,0.19,0.0,0.005,"{""BCC_B2#1"": 0.995194260557165, ""FCC_L12#1"": 0.0006109137084661324, ""HCP_A3#2"": 0.0024960353002529026, ""HCP_A3#3"": 0.001698790434115867}",0.8,0.005,823.0
0.8,0.01,0.0,0.185,0.005,"{""BCC_B2#1"": 0.9935771516485086, ""FCC_L12#1"": 0.000900782846846242, ""HCP_A3#1"": 0.0018582580370369848, ""HCP_A3#2"": 0.0034007473144747895, ""ZRO2_MONO#1"": 0.0002630601531333869}",0.8,0.005,823.0
0.8,0.01,0.005,0.18,0.005,"{""BCC_B2#1"": 0.9935954962621264, ""FCC_L12#1"": 0.0008926511195259092, ""HCP_A3#1"": 0.003372348596525028, ""HCP_A3#2"": 0.0019066916356467976, ""ZRO2_MONO#1"": 0.00023281238617586366}",0.8,0.005,823.0
0.8,0.01,0.01,0.17500000000000002,0.005,"{""BCC_B2#1"": 0.9936142070267614, ""FCC_L12#1"": 0.0008845198794633846, ""HCP_A3#1"": 0.0019543905456045614, ""HCP_A3#2"": 0.0033439913863031637, ""ZRO2_MONO#1"": 0.0002028911618675306}",0.8,0.005,823.0
0.8,0.01,0.015,0.17,0.005,"{""BCC_B2#1"": 0.9936333260459559, ""FCC_L12#1"": 0.0008763892062616302, ""HCP_A3#1"": 0.0020012862129612234, ""HCP_A3#2"": 0.0033156726626586666, ""ZRO2_MONO#1"": 0.0001733258721628083}",0.8,0.005,823.0
0.8,0.01,0.02,0.165,0.005,"{""BCC_B2#1"": 0.9936528973795394, ""FCC_L12#1"": 0.0008682591811406892, ""HCP_A3#1"": 0.0020473059664794335, ""HCP_A3#2"": 0.0032873892300512653, ""ZRO2_MONO#1"": 0.00014414824278944125}",0.8,0.005,823.0
0.8,0.01,0.025,0.16,0.005,"{""BCC_B2#1"": 0.9936729683193904, ""FCC_L12#1"": 0.0008601298879111934, ""HCP_A3#1"": 0.0020923727686078548, ""HCP_A3#2"": 0.0032591377222073166, ""ZRO2_MONO#1"": 0.00011539130188303146}",0.8,0.005,823.0
0.8,0.01,0.03,0.155,0.005,"{""BCC_B2#1"": 0.9936935889152579, ""FCC_L12#1"": 0.0008520014123242868, ""HCP_A3#1"": 0.0021364050110852747, ""HCP_A3#2"": 0.003230914600368644, ""ZRO2_MONO#1"": 8.709006096400855e-05}",0.8,0.005,823.0
0.8,0.01,0.035,0.15,0.005,"{""BCC_B2#1"": 0.9937148120088788, ""FCC_L12#1"": 0.0008438738419014641, ""HCP_A3#1"": 0.0021793162486588406, ""HCP_A3#2"": 0.003202716153842598, ""ZRO2_MONO#1"": 5.9281746718497254e-05}",0.8,0.005,823.0
0.8,0.01,0.04,0.145,0.005,"{""BCC_B2#1"": 0.9937366937307907, ""FCC_L12#1"": 0.0008357472661262872, ""HCP_A3#1"": 0.0022210149312388086, ""HCP_A3#2"": 0.003174538502658521, ""ZRO2_MONO#1"": 3.20055691856711e-05}",0.8,0.005,823.0
0.8,0.01,0.045,0.14,0.005,"{""BCC_B2#1"": 0.9937592936896769, ""FCC_L12#1"": 0.00082762177634955, ""HCP_A3#1"": 0.002261404102658059, ""HCP_A3#2"": 0.0031463775998682494, ""ZRO2_MONO#1"": 5.302831447154557e-06}",0.8,0.005,823.0
0.8,0.01,0.05,0.135,0.005,"{""BCC_B2#1"": 0.9937960349769931, ""FCC_L12#1"": 0.0008200286445606963, ""HCP_A3#1"": 0.0022575306679098917, ""HCP_A3#2"": 0.0031264057105361747}",0.8,0.005,823.0
0.8,0.01,0.055,0.13,0.005,"{""BCC_B2#1"": 0.9938375446354026, ""FCC_L12#1"": 0.000812517847325307, ""HCP_A3#1"": 0.002242205526815272, ""HCP_A3#2"": 0.0031077319904570574}",0.8,0.005,823.0
0.8,0.01,0.06,0.125,0.005,"{""BCC_B2#1"": 0.9938805057165032, ""FCC_L12#1"": 0.000804951659603691, ""HCP_A3#1"": 0.0022263240021613436, ""HCP_A3#2"": 0.0030882186217319157}",0.8,0.005,823.0
0.8,0.01,0.065,0.12,0.005,"{""BCC_B2#1"": 0.9939249011665894, ""FCC_L12#1"": 0.0007973322223521843, ""HCP_A3#1"": 0.002209890316719122, ""HCP_A3#2"": 0.0030678762943398136}",0.8,0.005,823.0
0.8,0.01,0.07,0.115,0.005,"{""BCC_B2#1"": 0.9939707131774915, ""FCC_L12#1"": 0.0007896615986923738, ""HCP_A3#1"": 0.0021929091289818853, ""HCP_A3#2"": 0.00304671609483423}",0.8,0.005,823.0
0.8,0.01,0.075,0.11,0.005,"{""BCC_B2#1"": 0.9940179229522075, ""FCC_L12#1"": 0.0007819417894510772, ""HCP_A3#1"": 0.002175385460791473, ""HCP_A3#2"": 0.00302474979754994}",0.8,0.005,823.0
0.8,0.01,0.08,0.105,0.005,"{""BCC_B2#1"": 0.9940665106326151, ""FCC_L12#1"": 0.0007741747465427669, ""HCP_A3#1"": 0.002157324500455598, ""HCP_A3#2"": 0.0030019901203865796}",0.8,0.005,823.0
0.8,0.01,0.085,0.1,0.005,"{""BCC_B2#1"": 0.9941164554241854, ""FCC_L12#1"": 0.0007663623850554596, ""HCP_A3#1"": 0.0021387312365433175, ""HCP_A3#2"": 0.002978450954215763}",0.8,0.005,823.0
0.8,0.01,0.09,0.095,0.005,"{""BCC_B2#1"": 0.9941662488994372, ""FCC_L12#1"": 0.0007585941535187134, ""HCP_A3#1"": 7.767212910390256e-06, ""HCP_A3#2"": 0.00211181315989744, ""HCP_A3#3"": 0.002955576574236072}",0.8,0.005,823.0
0.8,0.01,0.095,0.09,0.005,"{""BCC_B2#1"": 0.9942071095282303, ""FCC_L12#1"": 0.0007513951890669959, ""HCP_A3#1"": 7.29112868343994e-05, ""HCP_A3#2"": 0.002026561307695547, ""HCP_A3#3"": 0.002942022688172449}",0.8,0.005,823.0
0.8,0.01,0.1,0.085,0.005,"{""BCC_B2#1"": 0.9942497244774078, ""FCC_L12#1"": 0.0007441401402599206, ""HCP_A3#1"": 0.00014250602122172106, ""HCP_A3#2"": 0.0019360026869833704, ""HCP_A3#3"": 0.0029276266741272935}",0.8,0.005,823.0
0.8,0.01,0.105,0.08,0.005,"{""BCC_B2#1"": 0.9942939490903623, ""FCC_L12#1"": 0.0007368340079014282, ""HCP_A3#1"": 0.00021720914461054438, ""HCP_A3#2"": 0.001839577692372823, ""HCP_A3#3"": 0.0029124300647529145}",0.8,0.005,823.0
0.8,0.01,0.11,0.075,0.005,"{""BCC_B2#1"": 0.9943396350541569, ""FCC_L12#1"": 0.0007294812228271282, ""HCP_A3#1"": 0.00029770660731506674, ""HCP_A3#2"": 0.0017367095084094984, ""HCP_A3#3"": 0.002896467607291326}",0.8,0.005,823.0
0.8,0.01,0.115,0.07,0.005,"{""BCC_B2#1"": 0.9943866275086445, ""FCC_L12#1"": 0.0007220857430799679, ""HCP_A3#1"": 0.0003847182830093493, ""HCP_A3#2"": 0.0016268001620573268, ""HCP_A3#3"": 0.0028797683032087524}",0.8,0.005,823.0
0.8,0.01,0.12,0.065,0.005,"{""BCC_B2#1"": 0.9944347630648648, ""FCC_L12#1"": 0.0007146511318593367, ""HCP_A3#1"": 0.0004790025682274329, ""HCP_A3#2"": 0.0015092269939088957, ""HCP_A3#3"": 0.0028623562411396524}",0.8,0.005,823.0
0.8,0.01,0.125,0.06,0.005,"{""BCC_B2#1"": 0.9944838689415738, ""FCC_L12#1"": 0.0007071806207666875, ""HCP_A3#1"": 0.0005813597030230405, ""HCP_A3#2"": 0.0013833394609263992, ""HCP_A3#3"": 0.002844251273710158}",0.8,0.005,823.0
0.8,0.01,0.13,0.055,0.005,"{""BCC_B2#1"": 0.9945337635831296, ""FCC_L12#1"": 0.0006996771615187656, ""HCP_A3#1"": 0.0006926334622270648, ""HCP_A3#2"": 0.001248456217422072, ""HCP_A3#3"": 0.002825469575702514}",0.8,0.005,823.0
0.8,0.01,0.135,0.05,0.005,"{""BCC_B2#1"": 0.9945842593202111, ""FCC_L12#1"": 0.0006921434687293927, ""HCP_A3#1"": 0.0008137106524143538, ""HCP_A3#2"": 0.0011038624469227904, ""HCP_A3#3"": 0.002806024111722627}",0.8,0.005,823.0
0.8,0.01,0.14,0.045,0.005,"{""BCC_B2#1"": 0.994635167901615, ""FCC_L12#1"": 0.0006845820555481734, ""HCP_A3#1"": 0.0009455175703099374, ""HCP_A3#2"": 0.0009488074374607122, ""HCP_A3#3"": 0.0027859250350660363}",0.8,0.005,823.0
0.8,0.01,0.145,0.04,0.005,"{""BCC_B2#1"": 0.9946863100919743, ""FCC_L12#1"": 0.00067699526361274, ""HCP_A3#1"": 0.0010890122020456186, ""HCP_A3#2"": 0.0007825024077476644, ""HCP_A3#3"": 0.0027651800346195346}",0.8,0.005,823.0
0.8,0.01,0.15,0.035,0.005,"{""BCC_B2#1"": 0.9947375310429439, ""FCC_L12#1"": 0.0006693852885660325, ""HCP_A3#1"": 0.0012451704248551318, ""HCP_A3#2"": 0.0006041186003840937, ""HCP_A3#3"": 0.002743794643250934}",0.8,0.005,823.0
0.8,0.01,0.155,0.03,0.005,"{""BCC_B2#1"": 0.9947887238698109, ""FCC_L12#1"": 0.000661754201980698, ""HCP_A3#1"": 0.0014149637502978655, ""HCP_A3#2"": 0.00041278565941420834, ""HCP_A3#3"": 0.0027217725184962545}",0.8,0.005,823.0
0.8,0.01,0.16,0.025,0.005,"{""BCC_B2#1"": 0.9948398648979092, ""FCC_L12#1"": 0.0006541039706013486, ""HCP_A3#1"": 0.0015993251293292404, ""HCP_A3#2"": 0.0002075902979299513, ""HCP_A3#3"": 0.0026991157042299983}",0.8,0.005,823.0
0.8,0.01,0.165,0.02,0.005,"{""BCC_B2#1"": 0.9948917953432578, ""FCC_L12#1"": 0.000646374442013877, ""HCP_A3#2"": 0.0026746225180783213, ""HCP_A3#3"": 0.0017872076966498633}",0.8,0.005,823.0
0.8,0.01,0.17,0.015,0.005,"{""BCC_B2#1"": 0.99495799864774, ""FCC_L12#1"": 0.0006375644126361794, ""HCP_A3#2"": 0.0026292637561591363, ""HCP_A3#3"": 0.0017751731834646687}",0.8,0.005,823.0
0.7999999999999999,0.01,0.17500000000000002,0.01,0.005,"{""BCC_B2#1"": 0.9950279653385598, ""FCC_L12#1"": 0.0006287550722116937, ""HCP_A3#2"": 0.0025843201834234867, ""HCP_A3#3"": 0.0017589594058048676}",0.8,0.005,823.0
0.8,0.01,0.18,0.005,0.005,"{""BCC_B2#1"": 0.9951032745581428, ""FCC_L12#1"": 0.000619947291110694, ""HCP_A3#2"": 0.0025397660079269522, ""HCP_A3#3"": 0.0017370121428193612}",0.8,0.005,823.0
0.8,0.01,0.185,0.0,0.005,"{""BCC_B2#1"": 0.9951861457356043, ""FCC_L12#1"": 0.0006111417829899452, ""HCP_A3#1"": 0.0017071315927717186, ""HCP_A3#2"": 0.0024955808886338274}",0.8,0.005,823.0
0.8,0.015,0.0,0.18,0.005,"{""BCC_B2#1"": 0.9936028628662086, ""FCC_L12#1"": 0.0008929142714229473, ""HCP_A3#1"": 0.0018950158674515757, ""HCP_A3#2"": 0.003371188175782165, ""ZRO2_MONO#1"": 0.00023801881913487863}",0.8,0.005,823.0
0.8,0.015,0.005,0.17500000000000002,0.005,"{""BCC_B2#1"": 0.9936216317536141, ""FCC_L12#1"": 0.000884782951505892, ""HCP_A3#1"": 0.001942655935081789, ""HCP_A3#2"": 0.003342812432312173, ""ZRO2_MONO#1"": 0.0002081169274863226}",0.8,0.005,823.0
0.8,0.015,0.01,0.17,0.005,"{""BCC_B2#1"": 0.9936408008947115, ""FCC_L12#1"": 0.0008766521762956857, ""HCP_A3#1"": 0.0019895030666270117, ""HCP_A3#2"": 0.0033144773609494575, ""ZRO2_MONO#1"": 0.00017856650141631966}",0.8,0.005,823.0
0.8,0.015,0.015,0.165,0.005,"{""BCC_B2#1"": 0.9936604141231968, ""FCC_L12#1"": 0.0008685220275141851, ""HCP_A3#1"": 0.002035484738460279, ""HCP_A3#2"": 0.0032861798690683812, ""ZRO2_MONO#1"": 0.0001493992417603779}",0.8,0.005,823.0
0.8,0.015,0.02,0.16,0.005,"{""BCC_B2#1"": 0.993680518653977, ""FCC_L12#1"": 0.0008603925897268473, ""HCP_A3#1"": 0.002080524030168458, ""HCP_A3#2"": 0.003257916693746545, ""ZRO2_MONO#1"": 0.00012064803238115658}",0.8,0.005,823.0
0.8,0.015,0.025,0.155,0.005,"{""BCC_B2#1"": 0.9937011640607384, ""FCC_L12#1"": 0.0008522639492362668, ""HCP_A3#1"": 0.002124539407024585, ""HCP_A3#2"": 0.0032296843977983, ""ZRO2_MONO#1"": 9.234818520283838e-05}",0.8,0.005,823.0
0.8,0.015,0.03,0.15,0.005,"{""BCC_B2#1"": 0.9937224031974218, ""FCC_L12#1"": 0.000844136194687851, ""HCP_A3#1"": 0.0021674444627132906, ""HCP_A3#2"": 0.003201479372779833, ""ZRO2_MONO#1"": 6.453677239737007e-05}",0.8,0.005,823.0
0.8,0.015,0.035,0.145,0.005,"{""BCC_B2#1"": 0.9937442921228274, ""FCC_L12#1"": 0.0008360094167875937, ""HCP_A3#1"": 0.0022091476324934754, ""HCP_A3#2"": 0.0031732978392491314, ""ZRO2_MONO#1"": 3.725298864257434e-05}",0.8,0.005,823.0
0.8,0.015,0.04,0.14,0.005,"{""BCC_B2#1"": 0.9937668902423279, ""FCC_L12#1"": 0.0008278837081723246, ""HCP_A3#1"": 0.0022495519111907394, ""HCP_A3#2"": 0.0031451358483791775, ""ZRO2_MONO#1"": 1.053828993023121e-05}",0.8,0.005,823.0
0.8,0.015,0.045,0.135,0.005,"{""BCC_B2#1"": 0.9938001957260904, ""FCC_L12#1"": 0.0008201595294041103, ""HCP_A3#1"": 0.002256494373868817, ""HCP_A3#2"": 0.0031231503706367525}",0.8,0.005,823.0
0.8,0.015,0.05,0.13,0.005,"{""BCC_B2#1"": 0.993841489815685, ""FCC_L12#1"": 0.000812656957382936, ""HCP_A3#1"": 0.002241248060624821, ""HCP_A3#2"": 0.003104605166307555}",0.8,0.005,823.0
0.8,0.015,0.055,0.125,0.005,"{""BCC_B2#1"": 0.9938842456876903, ""FCC_L12#1"": 0.0008050982776290191, ""HCP_A3#1"": 0.002225441339059629, ""HCP_A3#2"": 0.0030852146956209915}",0.8,0.005,823.0
0.8,0.015,0.06,0.12,0.005,"{""BCC_B2#1"": 0.9939284447699143, ""FCC_L12#1"": 0.000797485700877689, ""HCP_A3#1"": 0.0022090790414506212, ""HCP_A3#2"": 0.003064990487757405}",0.8,0.005,823.0
0.8,0.015,0.065,0.115,0.005,"{""BCC_B2#1"": 0.9939740678677594, ""FCC_L12#1"": 0.0007898213496131352, ""HCP_A3#1"": 0.0021921664524154716, ""HCP_A3#2"": 0.003043944330211847}",0.8,0.005,823.0
0.8,0.015,0.07,0.11,0.005,"{""BCC_B2#1"": 0.9940210948620671, ""FCC_L12#1"": 0.0007821072751023598, ""HCP_A3#1"": 0.0021747092865287278, ""HCP_A3#2"": 0.0030220885763017537}",0.8,0.005,823.0
0.8,0.015,0.075,0.105,0.005,"{""BCC_B2#1"": 0.9940695045612913, ""FCC_L12#1"": 0.0007743454718121385, ""HCP_A3#1"": 0.0021567135577187408, ""HCP_A3#2"": 0.0029994364091778985}",0.8,0.005,823.0
0.8,0.015,0.08,0.1,0.005,"{""BCC_B2#1"": 0.9941192747300672, ""FCC_L12#1"": 0.0007665378900437317, ""HCP_A3#1"": 0.0021381853047608844, ""HCP_A3#2"": 0.002976002075128294}",0.8,0.005,823.0
0.8,0.015,0.085,0.095,0.005,"{""BCC_B2#1"": 0.9941703823403862, ""FCC_L12#1"": 0.0007586864476455137, ""HCP_A3#1"": 0.0021191301172137265, ""HCP_A3#2"": 0.0029518010947543988}",0.8,0.005,823.0
0.8,0.015,0.09,0.09,0.005,"{""BCC_B2#1"": 0.9942201200725902, ""FCC_L12#1"": 0.0007509541277120469, ""HCP_A3#1"": 1.4769749637386852e-05, ""HCP_A3#2"": 0.0020846734924669583, ""HCP_A3#3"": 0.0029294825575937175}",0.8,0.005,823.0
0.8,0.015,0.095,0.085,0.005,"{""BCC_B2#1"": 0.994261918683, ""FCC_L12#1"": 0.0007437452120101511, ""HCP_A3#1"": 8.498649321768526e-05, ""HCP_A3#2"": 0.0019936054744413103, ""HCP_A3#3"": 0.0029157441373309535}",0.8,0.005,823.0
0.8,0.015,0.1,0.08,0.005,"{""BCC_B2#1"": 0.9943054766510205, ""FCC_L12#1"": 0.000736481118438038, ""HCP_A3#1"": 0.0001601113856883503, ""HCP_A3#2"": 0.0018967668431221205, ""HCP_A3#3"": 0.0029011640017308046}",0.8,0.005,823.0
0.8,0.015,0.105,0.075,0.005,"{""BCC_B2#1"": 0.9943506382113968, ""FCC_L12#1"": 0.0007291668434075152, ""HCP_A3#1"": 0.00024084972586273524, ""HCP_A3#2"": 0.0017935618945241784, ""HCP_A3#3"": 0.002885783324808641}",0.8,0.005,823.0
0.8,0.015,0.11,0.07,0.005,"{""BCC_B2#1"": 0.9943972423778455, ""FCC_L12#1"": 0.0007218068188498605, ""HCP_A3#1"": 0.00032793920519535053, ""HCP_A3#2"": 0.0016833750848924017, ""HCP_A3#3"": 0.002869636513216943}",0.8,0.005,823.0
0.8,0.015,0.115,0.065,0.005,"{""BCC_B2#1"": 0.9944451200478371, ""FCC_L12#1"": 0.0007144050090605322, ""HCP_A3#1"": 0.00042215577589133774, ""HCP_A3#2"": 0.0015655669252703302, ""HCP_A3#3"": 0.0028527522419407756}",0.8,0.005,823.0
0.8,0.015,0.12,0.06,0.005,"{""BCC_B2#1"": 0.9944940921174319, ""FCC_L12#1"": 0.0007069649884192666, ""HCP_A3#1"": 0.000524318314727216, ""HCP_A3#2"": 0.001439470294655142, ""HCP_A3#3"": 0.0028351542847664868}",0.8,0.005,823.0
0.8,0.015,0.125,0.055,0.005,"{""BCC_B2#1"": 0.994543968866689, ""FCC_L12#1"": 0.0006994900043915062, ""HCP_A3#1"": 0.0006352918513697123, ""HCP_A3#2"": 0.0013043870877274637, ""HCP_A3#3"": 0.002816862189822376}",0.8,0.005,823.0
0.8,0.015,0.13,0.05,0.005,"{""BCC_B2#1"": 0.9945945510518593, ""FCC_L12#1"": 0.0006919830292021834, ""HCP_A3#1"": 0.0007559889338875606, ""HCP_A3#2"": 0.001159585147577439, ""HCP_A3#3"": 0.002797891837473443}",0.8,0.005,823.0
0.8,0.015,0.135,0.045,0.005,"{""BCC_B2#1"": 0.9946456333696898, ""FCC_L12#1"": 0.000684446802532563, ""HCP_A3#1"": 0.0008873684590239095, ""HCP_A3#2"": 0.0010042954600930193, ""HCP_A3#3"": 0.002778255908660325}",0.8,0.005,823.0
0.7999999999999999,0.015,0.14,0.04,0.005,"{""BCC_B2#1"": 0.9946970112678868, ""FCC_L12#1"": 0.0006768838671290054, ""HCP_A3#1"": 0.001030430973022874, ""HCP_A3#2"": 0.0008377096066800498, ""HCP_A3#3"": 0.0027579642852811432}",0.8,0.005,823.0
0.8,0.015,0.145,0.035,0.005,"{""BCC_B2#1"": 0.9947484925023289, ""FCC_L12#1"": 0.000669296598872037, ""HCP_A3#1"": 0.0011862090129916248, ""HCP_A3#2"": 0.0006589774862948695, ""HCP_A3#3"": 0.002737024399512559}",0.8,0.005,823.0
0.8,0.015,0.15,0.03,0.005,"{""BCC_B2#1"": 0.9947999154394689, ""FCC_L12#1"": 0.0006616872323416427, ""HCP_A3#1"": 0.0013557504582001713, ""HCP_A3#2"": 0.0004672053245596724, ""HCP_A3#3"": 0.0027154415454294636}",0.8,0.005,823.0
0.8,0.015,0.155,0.025,0.005,"{""BCC_B2#1"": 0.9948511769474992, ""FCC_L12#1"": 0.0006540578829929629, ""HCP_A3#1"": 0.0015400920211236253, ""HCP_A3#2"": 0.0002614539845644406, ""HCP_A3#3"": 0.0026932191638197388}",0.8,0.005,823.0
0.8,0.015,0.16,0.02,0.005,"{""BCC_B2#1"": 0.9949022739265775, ""FCC_L12#1"": 0.0006464105667217391, ""HCP_A3#1"": 0.0017402188226945852, ""HCP_A3#2"": 4.0737575379467704e-05, ""HCP_A3#3"": 0.0026703591086268343}",0.8,0.005,823.0
0.8,0.015,0.165,0.015,0.005,"{""BCC_B2#1"": 0.9949644005762187, ""FCC_L12#1"": 0.0006378049512440754, ""HCP_A3#2"": 0.0026289654853517345, ""HCP_A3#3"": 0.0017688289871857763}",0.8,0.005,823.0
0.8,0.015,0.17,0.01,0.005,"{""BCC_B2#1"": 0.995031728833571, ""FCC_L12#1"": 0.000628995859318628, ""HCP_A3#2"": 0.002584051699283116, ""HCP_A3#3"": 0.0017552236078272542}",0.8,0.005,823.0
0.8,0.015,0.17500000000000002,0.005,0.005,"{""BCC_B2#1"": 0.9951033864687736, ""FCC_L12#1"": 0.000620188449274744, ""HCP_A3#2"": 0.0025395381595692884, ""HCP_A3#3"": 0.0017368869223824742}",0.8,0.005,823.0
0.8,0.015,0.18,0.0,0.005,"{""BCC_B2#1"": 0.99518118906957, ""FCC_L12#1"": 0.0006113834977344874, ""HCP_A3#1"": 0.0017120249966296537, ""HCP_A3#2"": 0.0024954024360657875}",0.8,0.005,823.0
0.8,0.02,0.0,0.17500000000000002,0.005,"{""BCC_B2#1"": 0.9915655265085653, ""C15_LAVES#1"": 0.0030921201480820348, ""FCC_L12#1"": 0.0008864768064204071, ""HCP_A3#1"": 0.00012294144659923025, ""HCP_A3#2"": 0.0033419259606936374, ""ZRO2_MONO#1"": 0.0009910091296394363}",0.8,0.005,823.0
0.8,0.02,0.005,0.17,0.005,"{""BCC_B2#1"": 0.9923545568461482, ""C15_LAVES#1"": 0.0019389751796598232, ""FCC_L12#1"": 0.0008778100005503446, ""HCP_A3#1"": 0.00084368392290926, ""HCP_A3#2"": 0.0033134617700102988, ""ZRO2_MONO#1"": 0.0006715122807219721}",0.8,0.005,823.0
0.8,0.02,0.01,0.165,0.005,"{""BCC_B2#1"": 0.9931664791842023, ""C15_LAVES#1"": 0.0007515312385637977, ""FCC_L12#1"": 0.0008691306514050441, ""HCP_A3#1"": 0.0015842135009254234, ""HCP_A3#2"": 0.003285035663571405, ""ZRO2_MONO#1"": 0.0003436097613318554}",0.8,0.005,823.0
0.8,0.02,0.015,0.16,0.005,"{""BCC_B2#1"": 0.9936878024521906, ""FCC_L12#1"": 0.0008606550348040719, ""HCP_A3#1"": 0.0020691529415420725, ""HCP_A3#2"": 0.0032566887548276247, ""ZRO2_MONO#1"": 0.00012570081663565693}",0.8,0.005,823.0
0.8,0.02,0.02,0.155,0.005,"{""BCC_B2#1"": 0.9937084613026265, ""FCC_L12#1"": 0.0008525262158350314, ""HCP_A3#1"": 0.0021131729981517435, ""HCP_A3#2"": 0.0032284465020241096, ""ZRO2_MONO#1"": 9.739298136279394e-05}",0.8,0.005,823.0
0.8,0.02,0.025,0.15,0.005,"{""BCC_B2#1"": 0.9937297042830335, ""FCC_L12#1"": 0.0008443982620856547, ""HCP_A3#1"": 0.0021560948620134145, ""HCP_A3#2"": 0.0032002340734098513, ""ZRO2_MONO#1"": 6.956851945772694e-05}",0.8,0.005,823.0
0.8,0.02,0.03,0.145,0.005,"{""BCC_B2#1"": 0.9937515873333045, ""FCC_L12#1"": 0.0008362712653406887, ""HCP_A3#1"": 0.002197827062842557, ""HCP_A3#2"": 0.003172047790600219, ""ZRO2_MONO#1"": 4.2266547912251924e-05}",0.8,0.005,823.0
0.8,0.02,0.035,0.14,0.005,"{""BCC_B2#1"": 0.9937741696075177, ""FCC_L12#1"": 0.0008281453193746993, ""HCP_A3#1"": 0.002238272647647342, ""HCP_A3#2"": 0.003143883803739965, ""ZRO2_MONO#1"": 1.5528621720195757e-05}",0.8,0.005,823.0
0.8,0.02,0.04,0.135,0.005,"{""BCC_B2#1"": 0.9938042303063562, ""FCC_L12#1"": 0.0008202951261305061, ""HCP_A3#1"": 0.0022555116495004066, ""HCP_A3#2"": 0.0031199629180129543}",0.8,0.005,823.0
0.8,0.02,0.045,0.13,0.005,"{""BCC_B2#1"": 0.9938452949126124, ""FCC_L12#1"": 0.0008128012835025703, ""HCP_A3#1"": 0.0022403498344914234, ""HCP_A3#2"": 0.0031015539693935858}",0.8,0.005,823.0
0.8,0.02,0.05,0.125,0.005,"{""BCC_B2#1"": 0.9938878325004521, ""FCC_L12#1"": 0.0008052505805013495, ""HCP_A3#1"": 0.0022246232304306613, ""HCP_A3#2"": 0.0030822936886159393}",0.8,0.005,823.0
0.8,0.02,0.055,0.12,0.005,"{""BCC_B2#1"": 0.9939318229467728, ""FCC_L12#1"": 0.0007976453021561065, ""HCP_A3#1"": 0.0022083372630247924, ""HCP_A3#2"": 0.0030621944880464386}",0.8,0.005,823.0
0.8,0.02,0.06,0.115,0.005,"{""BCC_B2#1"": 0.9939772456705538, ""FCC_L12#1"": 0.0007899876340131046, ""HCP_A3#1"": 0.002191497804776281, ""HCP_A3#2"": 0.0030412688906566124}",0.8,0.005,823.0
0.8,0.02,0.065,0.11,0.005,"{""BCC_B2#1"": 0.9940240792646688, ""FCC_L12#1"": 0.000782279680926807, ""HCP_A3#1"": 0.002174111197182501, ""HCP_A3#2"": 0.0030195298572219327}",0.8,0.005,823.0
0.8,0.02,0.07,0.105,0.005,"{""BCC_B2#1"": 0.9940723012769348, ""FCC_L12#1"": 0.0007745234827211715, ""HCP_A3#1"": 0.0021561841769178604, ""HCP_A3#2"": 0.0029969910634259013}",0.8,0.005,823.0
0.8,0.02,0.075,0.1,0.005,"{""BCC_B2#1"": 0.9941218881550827, ""FCC_L12#1"": 0.0007667210276317218, ""HCP_A3#1"": 0.002137723678745528, ""HCP_A3#2"": 0.0029736671385401764}",0.8,0.005,823.0
0.8,0.02,0.08,0.095,0.005,"{""BCC_B2#1"": 0.9941728153871563, ""FCC_L12#1"": 0.000758874264337601, ""HCP_A3#1"": 0.0021187364706618905, ""HCP_A3#2"": 0.0029495738778439217}",0.8,0.005,823.0
0.8,0.02,0.085,0.09,0.005,"{""BCC_B2#1"": 0.994225057896718, ""FCC_L12#1"": 0.0007509851134548321, ""HCP_A3#1"": 0.0020992285523995513, ""HCP_A3#2"": 0.002924728437427618}",0.8,0.005,823.0
0.8,0.02,0.09,0.085,0.005,"{""BCC_B2#1"": 0.9942743373798795, ""FCC_L12#1"": 0.0007433160763500417, ""HCP_A3#1"": 2.4705356222490624e-05, ""HCP_A3#2"": 0.0020542298794221535, ""HCP_A3#3"": 0.002903411308125826}",0.8,0.005,823.0
0.8,0.02,0.095,0.08,0.005,"{""BCC_B2#1"": 0.9943170971370772, ""FCC_L12#1"": 0.0007360975732237624, ""HCP_A3#1"": 0.00010031772348814822, ""HCP_A3#2"": 0.0019569975631765556, ""HCP_A3#3"": 0.002889490003034474}",0.8,0.005,823.0
0.8,0.02,0.1,0.075,0.005,"{""BCC_B2#1"": 0.994361616195698, ""FCC_L12#1"": 0.000728824826032, ""HCP_A3#1"": 0.0001813313525119623, ""HCP_A3#2"": 0.0018535002537272045, ""HCP_A3#3"": 0.0028747273720307813}",0.8,0.005,823.0
0.8,0.02,0.105,0.07,0.005,"{""BCC_B2#1"": 0.994407726294936, ""FCC_L12#1"": 0.0007215028288034455, ""HCP_A3#1"": 0.00026850321787737046, ""HCP_A3#2"": 0.001743103436072845, ""HCP_A3#3"": 0.0028591642223105007}",0.8,0.005,823.0
0.8,0.02,0.11,0.065,0.005,"{""BCC_B2#1"": 0.994455252224822, ""FCC_L12#1"": 0.0007141360168272563, ""HCP_A3#1"": 0.0003626272311522017, ""HCP_A3#2"": 0.0016251499161778662, ""HCP_A3#3"": 0.002842834611020618}",0.8,0.005,823.0
0.8,0.02,0.115,0.06,0.005,"{""BCC_B2#1"": 0.9945040089379812, ""FCC_L12#1"": 0.000706728363112065, ""HCP_A3#1"": 0.0004645402763531286, ""HCP_A3#2"": 0.0014989555454144564, ""HCP_A3#3"": 0.0028257668771392544}",0.8,0.005,823.0
0.8,0.02,0.12,0.055,0.005,"{""BCC_B2#1"": 0.9945537997898035, ""FCC_L12#1"": 0.0006992834558732747, ""HCP_A3#1"": 0.0005751269203037948, ""HCP_A3#2"": 0.001363805364503834, ""HCP_A3#3"": 0.002807984469515589}",0.8,0.005,823.0
0.8,0.02,0.125,0.05,0.005,"{""BCC_B2#1"": 0.9946044162279609, ""FCC_L12#1"": 0.0006918045613963284, ""HCP_A3#1"": 0.0006953225029112017, ""HCP_A3#2"": 0.0012189500865257292, ""HCP_A3#3"": 0.0027895066212057494}",0.8,0.005,823.0
0.8,0.02,0.13,0.045,0.005,"{""BCC_B2#1"": 0.9946556394530418, ""FCC_L12#1"": 0.000684294675561295, ""HCP_A3#1"": 0.0008261140905596487, ""HCP_A3#2"": 0.0010636028736138148, ""HCP_A3#3"": 0.002770348907223292}",0.8,0.005,823.0
0.8,0.02,0.135,0.04,0.005,"{""BCC_B2#1"": 0.9947072448365204, ""FCC_L12#1"": 0.0006767565665107866, ""HCP_A3#1"": 0.00096853849476966, ""HCP_A3#2"": 0.0008969363885786072, ""HCP_A3#3"": 0.0027505237136204656}",0.8,0.005,823.0
0.8,0.02,0.14,0.035,0.005,"{""BCC_B2#1"": 0.9947590102404786, ""FCC_L12#1"": 0.000669192810289179, ""HCP_A3#1"": 0.0011236761870269138, ""HCP_A3#2"": 0.0007180801225857959, ""HCP_A3#3"": 0.002730040639619677}",0.8,0.005,823.0
0.8,0.02,0.145,0.03,0.005,"{""BCC_B2#1"": 0.9948107298800052, ""FCC_L12#1"": 0.0006616058209439901, ""HCP_A3#1"": 0.0012926394362921462, ""HCP_A3#2"": 0.0005261180132560008, ""HCP_A3#3"": 0.002708906849502748}",0.8,0.005,823.0
0.8,0.02,0.15,0.025,0.005,"{""BCC_B2#1"": 0.9948622360655142, ""FCC_L12#1"": 0.0006539978762803724, ""HCP_A3#1"": 0.0014765522985335862, ""HCP_A3#2"": 0.0003200863719025937, ""HCP_A3#3"": 0.0026871273877692617}",0.8,0.005,823.0
0.8,0.02,0.155,0.02,0.005,"{""BCC_B2#1"": 0.9949134321491766, ""FCC_L12#1"": 0.0006463711402407096, ""HCP_A3#1"": 0.0016765191125392312, ""HCP_A3#2"": 9.897212980858954e-05, ""HCP_A3#3"": 0.0026647054682351194}",0.8,0.005,823.0
0.8,0.02,0.16,0.015,0.005,"{""BCC_B2#1"": 0.9949713937063704, ""FCC_L12#1"": 0.0006380598451473193, ""HCP_A3#2"": 0.002628982150105299, ""HCP_A3#3"": 0.0017615642983769032}",0.8,0.005,823.0
0.8,0.02,0.165,0.01,0.005,"{""BCC_B2#1"": 0.9950365346274664, ""FCC_L12#1"": 0.0006292508125540768, ""HCP_A3#2"": 0.002584082570838571, ""HCP_A3#3"": 0.0017501319891406225}",0.8,0.005,823.0
0.8,0.02,0.17,0.005,0.005,"{""BCC_B2#1"": 0.9951051662122126, ""FCC_L12#1"": 0.000620443536984325, ""HCP_A3#2"": 0.002539595652740586, ""HCP_A3#3"": 0.0017347945980625034}",0.8,0.005,823.0
0.8,0.02,0.17500000000000002,0.0,0.005,"{""BCC_B2#1"": 0.9951787781040671, ""FCC_L12#1"": 0.0006116388576061685, ""HCP_A3#1"": 0.0017140865961403607, ""HCP_A3#2"": 0.0024954964421863685}",0.8,0.005,823.0
0.8,0.025,0.0,0.17,0.005,"{""BCC_B2#1"": 0.991048790438026, ""C15_LAVES#1"": 0.0038019171511044524, ""FCC_L12#1"": 0.0008741384055014619, ""HCP_A3#2"": 0.003239896080559848, ""ZRO2_MONO#1"": 0.0010352579248085185}",0.8,0.005,823.0
0.8,0.025,0.005,0.165,0.005,"{""BCC_B2#1"": 0.9910530028386527, ""C15_LAVES#1"": 0.0038335382222938518, ""FCC_L12#1"": 0.0008666639747008312, ""HCP_A3#2"": 0.003221135528250206, ""ZRO2_MONO#1"": 0.0010256594361023363}",0.8,0.005,823.0
0.8,0.025,0.01,0.16,0.005,"{""BCC_B2#1"": 0.9910627219100645, ""C15_LAVES#1"": 0.003859511147602489, ""FCC_L12#1"": 0.0008591910850390354, ""HCP_A3#2"": 0.0032025228659880076, ""ZRO2_MONO#1"": 0.00101605299130604}",0.8,0.005,823.0
0.8,0.025,0.015,0.155,0.005,"{""BCC_B2#1"": 0.9910783802053341, ""C15_LAVES#1"": 0.003879411372653548, ""FCC_L12#1"": 0.0008517190835490169, ""HCP_A3#2"": 0.003184051212034873, ""ZRO2_MONO#1"": 0.0010064381264287912}",0.8,0.005,823.0
0.8,0.025,0.02,0.15,0.005,"{""BCC_B2#1"": 0.9911004442258509, ""C15_LAVES#1"": 0.0038927816832633063, ""FCC_L12#1"": 0.0008442473159214534, ""HCP_A3#2"": 0.0031657138900477405, ""ZRO2_MONO#1"": 0.0009968128849163465}",0.8,0.005,823.0
0.8,0.025,0.025,0.145,0.005,"{""BCC_B2#1"": 0.9911294149274102, ""C15_LAVES#1"": 0.003899128476548232, ""FCC_L12#1"": 0.0008367751237810923, ""HCP_A3#2"": 0.003147504474902459, ""ZRO2_MONO#1"": 0.0009871769973579818}",0.8,0.005,823.0
0.8,0.025,0.03,0.14,0.005,"{""BCC_B2#1"": 0.9911658361146458, ""C15_LAVES#1"": 0.003897917390504269, ""FCC_L12#1"": 0.000829301848071562, ""HCP_A3#2"": 0.003129416864928029, ""ZRO2_MONO#1"": 0.0009775277818503915}",0.8,0.005,823.0
0.8,0.025,0.035,0.135,0.005,"{""BCC_B2#1"": 0.9912102939407722, ""C15_LAVES#1"": 0.0038885688298301883, ""FCC_L12#1"": 0.0008218268248489728, ""HCP_A3#2"": 0.0031114453332204235, ""ZRO2_MONO#1"": 0.0009678650713283376}",0.8,0.005,823.0
0.8,0.025,0.04,0.13,0.005,"{""BCC_B2#1"": 0.9919406915255935, ""C15_LAVES#1"": 0.0028364413880790098, ""FCC_L12#1"": 0.0008134400268636863, ""HCP_A3#1"": 0.000638984692015785, ""HCP_A3#2"": 0.0030866063652252125, ""ZRO2_MONO#1"": 0.0006838360022230242}",0.8,0.005,823.0
0.8,0.025,0.045,0.125,0.005,"{""BCC_B2#1"": 0.9930379138204275, ""C15_LAVES#1"": 0.0012259479242526807, ""FCC_L12#1"": 0.0008045875552868995, ""HCP_A3#1"": 0.0016201962092226888, ""HCP_A3#2"": 0.0030583416943330733, ""ZRO2_MONO#1"": 0.00025301279647723556}",0.8,0.005,823.0
0.8,0.025,0.05,0.12,0.005,"{""BCC_B2#1"": 0.9937079029925567, ""C15_LAVES#1"": 0.00027053387836833824, ""FCC_L12#1"": 0.0007963252825900625, ""HCP_A3#1"": 0.0021906622730183656, ""HCP_A3#2"": 0.0030345755734663407}",0.8,0.005,823.0
0.8,0.025,0.055,0.115,0.005,"{""BCC_B2#1"": 0.9937729494247439, ""C15_LAVES#1"": 0.0002453586947013123, ""FCC_L12#1"": 0.0007888710984033817, ""HCP_A3#1"": 0.002175961674438413, ""HCP_A3#2"": 0.003016859107713188}",0.8,0.005,823.0
0.8,0.025,0.06,0.11,0.005,"{""BCC_B2#1"": 0.9938497303108563, ""C15_LAVES#1"": 0.00020838308472093797, ""FCC_L12#1"": 0.0007814117365277109, ""HCP_A3#1"": 0.0021613046036233316, ""HCP_A3#2"": 0.002999170264271559}",0.8,0.005,823.0
0.8,0.025,0.065,0.105,0.005,"{""BCC_B2#1"": 0.9939391889743189, ""C15_LAVES#1"": 0.00015868239279529485, ""FCC_L12#1"": 0.0007739465001398596, ""HCP_A3#1"": 0.0021466844217480625, ""HCP_A3#2"": 0.0029814977109977494}",0.8,0.005,823.0
0.8,0.025,0.07,0.1,0.005,"{""BCC_B2#1"": 0.994042357031632, ""C15_LAVES#1"": 9.52445749225257e-05, ""FCC_L12#1"": 0.0007664746911891591, ""HCP_A3#1"": 0.0021320937924806755, ""HCP_A3#2"": 0.002963829909775745}",0.8,0.005,823.0
0.8,0.025,0.075,0.095,0.005,"{""BCC_B2#1"": 0.9941603632909066, ""C15_LAVES#1"": 1.6961486224242586e-05, ""FCC_L12#1"": 0.0007589956108319725, ""HCP_A3#1"": 0.002117524515561463, ""HCP_A3#2"": 0.0029461550964757204}",0.8,0.005,823.0
0.8,0.025,0.08,0.09,0.005,"{""BCC_B2#1"": 0.9942270980585337, ""FCC_L12#1"": 0.0007511853133281678, ""HCP_A3#1"": 0.0020989907526282607, ""HCP_A3#2"": 0.002922725875509979}",0.8,0.005,823.0
0.8,0.025,0.085,0.085,0.005,"{""BCC_B2#1"": 0.9942804456033072, ""FCC_L12#1"": 0.0007432598349178199, ""HCP_A3#1"": 0.0020790400041992307, ""HCP_A3#2"": 0.002897254557575683}",0.8,0.005,823.0
0.8,0.025,0.09,0.08,0.005,"{""BCC_B2#1"": 0.9943289175356793, ""FCC_L12#1"": 0.000735680023870274, ""HCP_A3#1"": 3.771833763247016e-05, ""HCP_A3#2"": 0.0020203223928446407, ""HCP_A3#3"": 0.0028773617099731455}",0.8,0.005,823.0
0.8,0.025,0.095,0.075,0.005,"{""BCC_B2#1"": 0.9943726601745853, ""FCC_L12#1"": 0.0007284523148143154, ""HCP_A3#1"": 0.00011906963220336551, ""HCP_A3#2"": 0.001916558710214363, ""HCP_A3#3"": 0.002863259168182458}",0.8,0.005,823.0
0.8,0.025,0.1,0.07,0.005,"{""BCC_B2#1"": 0.9944181560822994, ""FCC_L12#1"": 0.0007211713245348128, ""HCP_A3#1"": 0.00020635375922339026, ""HCP_A3#2"": 0.0018060031700328192, ""HCP_A3#3"": 0.0028483156639095624}",0.8,0.005,823.0
0.8,0.025,0.105,0.065,0.005,"{""BCC_B2#1"": 0.9944652229358207, ""FCC_L12#1"": 0.0007138420468884356, ""HCP_A3#1"": 0.0003003838474804272, ""HCP_A3#2"": 0.001687979541219034, ""HCP_A3#3"": 0.0028325716285912588}",0.8,0.005,823.0
0.8,0.025,0.11,0.06,0.005,"{""BCC_B2#1"": 0.9945136695510503, ""FCC_L12#1"": 0.00070646892292557, ""HCP_A3#1"": 0.00040201491650652683, ""HCP_A3#2"": 0.0015617858492794224, ""HCP_A3#3"": 0.002816060760238066}",0.8,0.005,823.0
0.8,0.025,0.115,0.055,0.005,"{""BCC_B2#1"": 0.9945632930153547, ""FCC_L12#1"": 0.0006990559370242595, ""HCP_A3#1"": 0.0005121500780817599, ""HCP_A3#2"": 0.001426689918053241, ""HCP_A3#3"": 0.002798811051485621}",0.8,0.005,823.0
0.8,0.025,0.12,0.05,0.005,"{""BCC_B2#1"": 0.9946138770877672, ""FCC_L12#1"": 0.0006916066941389092, ""HCP_A3#1"": 0.0006317452697270388, ""HCP_A3#2"": 0.0012819253330492572, ""HCP_A3#3"": 0.0027808456153174273}",0.8,0.005,823.0
0.8,0.025,0.125,0.045,0.005,"{""BCC_B2#1"": 0.9946651922580079, ""FCC_L12#1"": 0.0006841244824871063, ""HCP_A3#1"": 0.0007618121510058193, ""HCP_A3#2"": 0.0011266877501958006, ""HCP_A3#3"": 0.0027621833583030705}",0.8,0.005,823.0
0.8,0.025,0.13,0.04,0.005,"{""BCC_B2#1"": 0.9947169980865227, ""FCC_L12#1"": 0.0006766123250088654, ""HCP_A3#1"": 0.0009034185408577462, ""HCP_A3#2"": 0.0009601315093787548, ""HCP_A3#3"": 0.0027428395382317694}",0.8,0.005,823.0
0.8,0.025,0.135,0.035,0.005,"{""BCC_B2#1"": 0.9947690487527013, ""FCC_L12#1"": 0.0006690730219814553, ""HCP_A3#1"": 0.0010576854520848165, ""HCP_A3#2"": 0.0007813665390482996, ""HCP_A3#3"": 0.0027228262341840734}",0.8,0.005,823.0
0.8,0.025,0.14,0.03,0.005,"{""BCC_B2#1"": 0.9948211031547717, ""FCC_L12#1"": 0.000661509186659687, ""HCP_A3#1"": 0.0012257793500557827, ""HCP_A3#2"": 0.0005894555580061239, ""HCP_A3#3"": 0.0027021527505068674}",0.8,0.005,823.0
0.8,0.025,0.145,0.025,0.005,"{""BCC_B2#1"": 0.9948729414824914, ""FCC_L12#1"": 0.0006539232755234361, ""HCP_A3#1"": 0.0014088976786132774, ""HCP_A3#2"": 0.0003834115918132343, ""HCP_A3#3"": 0.0026808259715588763}",0.8,0.005,823.0
0.8,0.025,0.15,0.02,0.005,"{""BCC_B2#1"": 0.9949243909955126, ""FCC_L12#1"": 0.0006463176141623235, ""HCP_A3#1"": 0.0016082448872972769, ""HCP_A3#2"": 0.00016219582240552504, ""HCP_A3#3"": 0.0026588506806222495}",0.8,0.005,823.0
0.8,0.025,0.155,0.015,0.005,"{""BCC_B2#1"": 0.9949788191769346, ""FCC_L12#1"": 0.0006383290206065874, ""HCP_A3#2"": 0.0026293128564974146, ""HCP_A3#3"": 0.0017535389459613995}",0.8,0.005,823.0
0.8,0.025,0.16,0.01,0.005,"{""BCC_B2#1"": 0.9950421495937743, ""FCC_L12#1"": 0.0006295198795627453, ""HCP_A3#2"": 0.0025844110223824657, ""HCP_A3#3"": 0.0017439195042805978}",0.8,0.005,823.0
0.8,0.025,0.165,0.005,0.005,"{""BCC_B2#1"": 0.9951082731005033, ""FCC_L12#1"": 0.0006207125245756322, ""HCP_A3#2"": 0.00253993612243593, ""HCP_A3#3"": 0.0017310782524852136}",0.8,0.005,823.0
0.8,0.025,0.17,0.0,0.005,"{""BCC_B2#1"": 0.9951784160624856, ""FCC_L12#1"": 0.0006119078575770339, ""HCP_A3#1"": 0.0017138159042769353, ""HCP_A3#2"": 0.00249586017566044}",0.8,0.005,823.0
0.8,0.03,0.0,0.165,0.005,"{""BCC_B2#1"": 0.9907600211487786, ""C15_LAVES#1"": 0.004195624100495673, ""FCC_L12#1"": 0.0008625906162869325, ""HCP_A3#2"": 0.003155468820923163, ""ZRO2_MONO#1"": 0.0010262953135155015}",0.8,0.005,823.0
0.8,0.03,0.005,0.16,0.005,"{""BCC_B2#1"": 0.9907535256222386, ""C15_LAVES#1"": 0.00423789808627711, ""FCC_L12#1"": 0.0008551425911125243, ""HCP_A3#2"": 0.0031367118979961964, ""ZRO2_MONO#1"": 0.0010167218023758257}",0.8,0.005,823.0
0.8,0.03,0.01,0.155,0.005,"{""BCC_B2#1"": 0.990752281379944, ""C15_LAVES#1"": 0.004274785654081798, ""FCC_L12#1"": 0.0008476971080332243, ""HCP_A3#2"": 0.003118092774522769, ""ZRO2_MONO#1"": 0.001007143083418447}",0.8,0.005,823.0
0.8,0.03,0.015,0.15,0.005,"{""BCC_B2#1"": 0.9907566954308303, ""C15_LAVES#1"": 0.004305888341889827, ""FCC_L12#1"": 0.0008402535115203594, ""HCP_A3#2"": 0.0030996032479747846, ""ZRO2_MONO#1"": 0.000997559467784667}",0.8,0.005,823.0
0.8,0.03,0.02,0.145,0.005,"{""BCC_B2#1"": 0.9907672074142495, ""C15_LAVES#1"": 0.004330778759154506, ""FCC_L12#1"": 0.000832811147354657, ""HCP_A3#2"": 0.003081235206964483, ""ZRO2_MONO#1"": 0.0009879674722768135}",0.8,0.005,823.0
0.8,0.03,0.025,0.14,0.005,"{""BCC_B2#1"": 0.9907842832531089, ""C15_LAVES#1"": 0.004348996734725597, ""FCC_L12#1"": 0.0008253693540726932, ""HCP_A3#2"": 0.0030629806457812235, ""ZRO2_MONO#1"": 0.0009783700123118897}",0.8,0.005,823.0
0.8,0.03,0.03,0.135,0.005,"{""BCC_B2#1"": 0.9908084329364045, ""C15_LAVES#1"": 0.004360044883047154, ""FCC_L12#1"": 0.0008179274740878579, ""HCP_A3#2"": 0.0030448317523813087, ""ZRO2_MONO#1"": 0.0009687629540792557}",0.8,0.005,823.0
0.8,0.03,0.035,0.13,0.005,"{""BCC_B2#1"": 0.9908402037046232, ""C15_LAVES#1"": 0.004363383875310263, ""FCC_L12#1"": 0.0008104848438811463, ""HCP_A3#2"": 0.003026780922109127, ""ZRO2_MONO#1"": 0.0009591466540763617}",0.8,0.005,823.0
0.8,0.03,0.04,0.125,0.005,"{""BCC_B2#1"": 0.990880189928595, ""C15_LAVES#1"": 0.004358427339069447, ""FCC_L12#1"": 0.0008030407978066255, ""HCP_A3#2"": 0.003008820824281684, ""ZRO2_MONO#1"": 0.000949521110247394}",0.8,0.005,823.0
0.8,0.03,0.045,0.12,0.005,"{""BCC_B2#1"": 0.9909290431935034, ""C15_LAVES#1"": 0.004344535810065922, ""FCC_L12#1"": 0.000795594671012952, ""HCP_A3#2"": 0.0029909444666843675, ""ZRO2_MONO#1"": 0.0009398818587331977}",0.8,0.005,823.0
0.8,0.03,0.05,0.115,0.005,"{""BCC_B2#1"": 0.9909874678467917, ""C15_LAVES#1"": 0.004321010977285465, ""FCC_L12#1"": 0.0007881457909426155, ""HCP_A3#2"": 0.0029731452241056186, ""ZRO2_MONO#1"": 0.0009302301608745663}",0.8,0.005,823.0
0.8,0.03,0.055,0.11,0.005,"{""BCC_B2#1"": 0.9910562388563534, ""C15_LAVES#1"": 0.004287088527199076, ""FCC_L12#1"": 0.000780693485606532, ""HCP_A3#2"": 0.00295541693085947, ""ZRO2_MONO#1"": 0.000920562199981634}",0.8,0.005,823.0
0.8,0.03,0.06,0.105,0.005,"{""BCC_B2#1"": 0.9911362021288674, ""C15_LAVES#1"": 0.004241931047864606, ""FCC_L12#1"": 0.0007732370778522114, ""HCP_A3#2"": 0.0029377539287785874, ""ZRO2_MONO#1"": 0.0009108758166368716}",0.8,0.005,823.0
0.8,0.03,0.065,0.1,0.005,"{""BCC_B2#1"": 0.9916249572995213, ""C15_LAVES#1"": 0.0035764686677050095, ""FCC_L12#1"": 0.0007652915821923216, ""HCP_A3#1"": 0.00037698636677266996, ""HCP_A3#2"": 0.002916803548300021, ""ZRO2_MONO#1"": 0.0007394925355088669}",0.8,0.005,823.0
0.8,0.03,0.07,0.095,0.005,"{""BCC_B2#1"": 0.9914186199921597, ""C15_LAVES#1"": 0.0029716102482491074, ""FCC_L12#1"": 0.0007571804388645376, ""HCP_A3#1"": 0.0009732872169991917, ""HCP_A3#2"": 0.0009834214546190403, ""HCP_A3#3"": 0.002895880649108347}",0.8,0.005,823.0
0.8,0.03,0.075,0.09,0.005,"{""BCC_B2#1"": 0.9903327962344691, ""C15_LAVES#1"": 0.0041593422496311264, ""FCC_L12#1"": 0.0007505826767497634, ""HCP_A3#1"": 0.0015250869391045959, ""HCP_A3#2"": 0.0003476119196619724, ""HCP_A3#3"": 0.0028845799803835248}",0.8,0.005,823.0
0.8,0.03,0.08,0.085,0.005,"{""BCC_B2#1"": 0.9898127484808107, ""C15_LAVES#1"": 0.00475105491703175, ""FCC_L12#1"": 0.0007435733108640923, ""HCP_A3#2"": 0.0028701149298795423, ""HCP_A3#3"": 0.0018225083614136512}",0.8,0.005,823.0
0.8,0.03,0.085,0.08,0.005,"{""BCC_B2#1"": 0.989972673735502, ""C15_LAVES#1"": 0.004625494735329303, ""FCC_L12#1"": 0.0007360728746583995, ""HCP_A3#2"": 0.002851822572654763, ""HCP_A3#3"": 0.0018139360818558376}",0.8,0.005,823.0
0.8,0.03,0.09,0.075,0.005,"{""BCC_B2#1"": 0.9901503633543425, ""C15_LAVES#1"": 0.00448156636510664, ""FCC_L12#1"": 0.0007285644020384686, ""HCP_A3#2"": 0.0028335177594770292, ""HCP_A3#3"": 0.0018059881190355747}",0.8,0.005,823.0
0.8,0.03,0.095,0.07,0.005,"{""BCC_B2#1"": 0.9903474396091787, ""C15_LAVES#1"": 0.004317677857787891, ""FCC_L12#1"": 0.0007210472338822432, ""HCP_A3#2"": 0.002815183882613841, ""HCP_A3#3"": 0.0017986514165376439}",0.8,0.005,823.0
0.8,0.03,0.1,0.065,0.005,"{""BCC_B2#1"": 0.9905656946566083, ""C15_LAVES#1"": 0.004132072510376248, ""FCC_L12#1"": 0.0007135207028275665, ""HCP_A3#2"": 0.002796805359731833, ""HCP_A3#3"": 0.0017919067704563107}",0.8,0.005,823.0
0.8,0.03,0.105,0.06,0.005,"{""BCC_B2#1"": 0.9908071064585744, ""C15_LAVES#1"": 0.00392281439159502, ""FCC_L12#1"": 0.0007059841342440715, ""HCP_A3#2"": 0.0027783672640026803, ""HCP_A3#3"": 0.0017857277515839207}",0.8,0.005,823.0
0.8,0.03,0.11,0.055,0.005,"{""BCC_B2#1"": 0.9910738569454216, ""C15_LAVES#1"": 0.0036877721243864627, ""FCC_L12#1"": 0.0006984368471203863, ""HCP_A3#2"": 0.0027598550543152605, ""HCP_A3#3"": 0.0017800790287561237}",0.8,0.005,823.0
0.8,0.03,0.115,0.05,0.005,"{""BCC_B2#1"": 0.9913683526257684, ""C15_LAVES#1"": 0.003424600932342603, ""FCC_L12#1"": 0.0006908781548920289, ""HCP_A3#1"": 0.0017749139174347605, ""HCP_A3#2"": 0.002741254369562114}",0.8,0.005,823.0
0.8,0.03,0.12,0.045,0.005,"{""BCC_B2#1"": 0.9916932479721029, ""C15_LAVES#1"": 0.0031307229125789354, ""FCC_L12#1"": 0.0006833073662005822, ""HCP_A3#2"": 0.0027225508637766325, ""HCP_A3#3"": 0.0017701708853406363}",0.8,0.005,823.0
0.8,0.03,0.125,0.04,0.005,"{""BCC_B2#1"": 0.9920514720504128, ""C15_LAVES#1"": 0.002803305474949956, ""FCC_L12#1"": 0.0006757237855549801, ""HCP_A3#2"": 0.002703730066272905, ""HCP_A3#3"": 0.0017657686228093484}",0.8,0.005,823.0
0.8,0.03,0.13,0.035,0.005,"{""BCC_B2#1"": 0.9924462590350461, ""C15_LAVES#1"": 0.0024392378822097674, ""FCC_L12#1"": 0.0006681267138450172, ""HCP_A3#2"": 0.002684777255296006, ""HCP_A3#3"": 0.0017615991136029827}",0.8,0.005,823.0
0.8,0.03,0.135,0.03,0.005,"{""BCC_B2#1"": 0.9928811834766165, ""C15_LAVES#1"": 0.002035105841223632, ""FCC_L12#1"": 0.0006605154486337324, ""HCP_A3#2"": 0.0026656773356772342, ""HCP_A3#3"": 0.0017575178978488516}",0.8,0.005,823.0
0.8,0.03,0.14,0.025,0.005,"{""BCC_B2#1"": 0.9933602014969961, ""C15_LAVES#1"": 0.001587164135657739, ""FCC_L12#1"": 0.0006528892841270748, ""HCP_A3#2"": 0.002646414711599593, ""HCP_A3#3"": 0.0017533303716193614}",0.8,0.005,823.0
0.8,0.03,0.145,0.02,0.005,"{""BCC_B2#1"": 0.9938876995059981, ""C15_LAVES#1"": 0.0010913073677847648, ""FCC_L12#1"": 0.0006452475106817858, ""HCP_A3#2"": 0.002626973144844657, ""HCP_A3#3"": 0.0017487724706907158}",0.8,0.005,823.0
0.8,0.03,0.15,0.015,0.005,"{""BCC_B2#1"": 0.9944685526152225, ""C15_LAVES#1"": 0.0005430390109817804, ""FCC_L12#1"": 0.0006375894136631131, ""HCP_A3#2"": 0.0026073355865096305, ""HCP_A3#3"": 0.001743483373623192}",0.8,0.005,823.0
0.8,0.03,0.155,0.01,0.005,"{""BCC_B2#1"": 0.9950483835208126, ""FCC_L12#1"": 0.0006298029994978258, ""HCP_A3#2"": 0.002585036370328591, ""HCP_A3#3"": 0.0017367771093612552}",0.8,0.005,823.0
0.8,0.03,0.16,0.005,0.005,"{""BCC_B2#1"": 0.9951124299364174, ""FCC_L12#1"": 0.0006209953734943192, ""HCP_A3#2"": 0.002540558121840174, ""HCP_A3#3"": 0.0017260165682483149}",0.8,0.005,823.0
0.8,0.03,0.165,0.0,0.005,"{""BCC_B2#1"": 0.9951796996143147, ""FCC_L12#1"": 0.0006121904829100693, ""HCP_A3#1"": 0.0017116182128721887, ""HCP_A3#2"": 0.0024964916899026537}",0.8,0.005,823.0
0.8,0.035,0.0,0.16,0.005,"{""BCC_B2#1"": 0.9905341096144533, ""C15_LAVES#1"": 0.004512820161785572, ""FCC_L12#1"": 0.0008517964448732464, ""HCP_A3#2"": 0.0030840798507687263, ""ZRO2_MONO#1"": 0.0010171939281191395}",0.8,0.005,823.0
0.8,0.035,0.005,0.155,0.005,"{""BCC_B2#1"": 0.990518806084355, ""C15_LAVES#1"": 0.004563824907892719, ""FCC_L12#1"": 0.000844366495743896, ""HCP_A3#2"": 0.003065368825094299, ""ZRO2_MONO#1"": 0.00100763368691428}",0.8,0.005,823.0
0.8,0.035,0.01,0.15,0.005,"{""BCC_B2#1"": 0.9905086433901892, ""C15_LAVES#1"": 0.004609557340036008, ""FCC_L12#1"": 0.0008369400177639177, ""HCP_A3#2"": 0.0030467895908572605, ""ZRO2_MONO#1"": 0.000998069661153946}",0.8,0.005,823.0
0.8,0.035,0.015,0.145,0.005,"{""BCC_B2#1"": 0.9905040127733082, ""C15_LAVES#1"": 0.0046496369468590785, ""FCC_L12#1"": 0.0008295163352172318, ""HCP_A3#2"": 0.0030283329762116114, ""ZRO2_MONO#1"": 0.0009885009684039165}",0.8,0.005,823.0
0.8,0.035,0.02,0.14,0.005,"{""BCC_B2#1"": 0.9905053307669189, ""C15_LAVES#1"": 0.004683658033993069, ""FCC_L12#1"": 0.0008220947727723603, ""HCP_A3#2"": 0.0030099898300842863, ""ZRO2_MONO#1"": 0.000978926596231372}",0.8,0.005,823.0
0.8,0.035,0.025,0.135,0.005,"{""BCC_B2#1"": 0.990513040551431, ""C15_LAVES#1"": 0.004711185521053286, ""FCC_L12#1"": 0.0008146746532818355, ""HCP_A3#2"": 0.0029917510595051542, ""ZRO2_MONO#1"": 0.0009693482147287142}",0.8,0.005,823.0
0.8,0.035,0.03,0.13,0.005,"{""BCC_B2#1"": 0.9905276237892235, ""C15_LAVES#1"": 0.004731750327379746, ""FCC_L12#1"": 0.0008072553036601323, ""HCP_A3#2"": 0.0029736076965573314, ""ZRO2_MONO#1"": 0.0009597628831795254}",0.8,0.005,823.0
0.8,0.035,0.035,0.125,0.005,"{""BCC_B2#1"": 0.9905495969232847, ""C15_LAVES#1"": 0.004744844601484948, ""FCC_L12#1"": 0.0007998360476658613, ""HCP_A3#2"": 0.002955550919770245, ""ZRO2_MONO#1"": 0.000950171507794}",0.8,0.005,823.0
0.8,0.035,0.04,0.12,0.005,"{""BCC_B2#1"": 0.9905795234236765, ""C15_LAVES#1"": 0.004749916041447835, ""FCC_L12#1"": 0.00079241621086976, ""HCP_A3#2"": 0.002937572118046925, ""ZRO2_MONO#1"": 0.0009405722059589122}",0.8,0.005,823.0
0.8,0.035,0.045,0.115,0.005,"{""BCC_B2#1"": 0.9906180169917701, ""C15_LAVES#1"": 0.004746362046677941, ""FCC_L12#1"": 0.0007849951179740992, ""HCP_A3#2"": 0.002919662928264131, ""ZRO2_MONO#1"": 0.0009309629153136798}",0.8,0.005,823.0
0.8,0.035,0.05,0.11,0.005,"{""BCC_B2#1"": 0.9906657454682468, ""C15_LAVES#1"": 0.004733523336332006, ""FCC_L12#1"": 0.0007775720903007554, ""HCP_A3#2"": 0.002901815274007674, ""ZRO2_MONO#1"": 0.0009213438311128243}",0.8,0.005,823.0
0.8,0.035,0.055,0.105,0.005,"{""BCC_B2#1"": 0.9907234440145167, ""C15_LAVES#1"": 0.004710676690385747, ""FCC_L12#1"": 0.0007701464498174283, ""HCP_A3#2"": 0.0028840214283107506, ""ZRO2_MONO#1"": 0.0009117114169696251}",0.8,0.005,823.0
0.8,0.035,0.06,0.1,0.005,"{""BCC_B2#1"": 0.9907919163141683, ""C15_LAVES#1"": 0.00467702763686971, ""FCC_L12#1"": 0.0007627175136635495, ""HCP_A3#2"": 0.0028662740444525677, ""ZRO2_MONO#1"": 0.0009020644908458805}",0.8,0.005,823.0
0.8,0.035,0.065,0.095,0.005,"{""BCC_B2#1"": 0.9900119586103739, ""C15_LAVES#1"": 0.005037490535207375, ""FCC_L12#1"": 0.0007553878591864038, ""HCP_A3#1"": 0.0008801268259786978, ""HCP_A3#2"": 0.002850249542349885, ""ZRO2_MONO#1"": 0.0004647866269039087}",0.8,0.005,823.0
0.8,0.035,0.07,0.09,0.005,"{""BCC_B2#1"": 0.9891809991705973, ""C15_LAVES#1"": 0.005411700948746243, ""FCC_L12#1"": 0.0007480503923758866, ""HCP_A3#1"": 0.001825307291541064, ""HCP_A3#2"": 0.0028339421967394436}",0.8,0.005,823.0
0.8,0.035,0.075,0.085,0.005,"{""BCC_B2#1"": 0.9892968314480971, ""C15_LAVES#1"": 0.005331312994634745, ""FCC_L12#1"": 0.0007405938167112954, ""HCP_A3#1"": 0.0018155199925065663, ""HCP_A3#2"": 0.0028157417480504494}",0.8,0.005,823.0
0.8,0.035,0.08,0.08,0.005,"{""BCC_B2#1"": 0.9894270140668794, ""C15_LAVES#1"": 0.005235934134109264, ""FCC_L12#1"": 0.0007331313312458108, ""HCP_A3#1"": 0.0018063780800480042, ""HCP_A3#2"": 0.0027975423877175864}",0.8,0.005,823.0
0.8,0.035,0.085,0.075,0.005,"{""BCC_B2#1"": 0.989572841621395, ""C15_LAVES#1"": 0.00512429431283094, ""FCC_L12#1"": 0.000725662292471351, ""HCP_A3#2"": 0.0027793280065505546, ""HCP_A3#3"": 0.0017978737667520162}",0.8,0.005,823.0
0.8,0.035,0.09,0.07,0.005,"{""BCC_B2#1"": 0.9897357523045719, ""C15_LAVES#1"": 0.004994983680523523, ""FCC_L12#1"": 0.0007181860448688581, ""HCP_A3#1"": 0.0017899941891507435, ""HCP_A3#2"": 0.002761083780884863}",0.8,0.005,823.0
0.8,0.035,0.095,0.065,0.005,"{""BCC_B2#1"": 0.9899173410644857, ""C15_LAVES#1"": 0.0048464403554992815, ""FCC_L12#1"": 0.0007107019214853233, ""HCP_A3#1"": 0.0017827209233103071, ""HCP_A3#2"": 0.002742795735219536}",0.8,0.005,823.0
0.8,0.035,0.1,0.06,0.005,"{""BCC_B2#1"": 0.9901193748380348, ""C15_LAVES#1"": 0.004676936396209218, ""FCC_L12#1"": 0.0007032092444588978, ""HCP_A3#1"": 0.0017760290818129097, ""HCP_A3#2"": 0.0027244504394840718}",0.8,0.005,823.0
0.8,0.035,0.105,0.055,0.005,"{""BCC_B2#1"": 0.9903438099039252, ""C15_LAVES#1"": 0.00448456206795364, ""FCC_L12#1"": 0.0006957073255061882, ""HCP_A3#1"": 0.001769885913691826, ""HCP_A3#2"": 0.002706034788922914}",0.8,0.005,823.0
0.8,0.035,0.11,0.05,0.005,"{""BCC_B2#1"": 0.9905928115218433, ""C15_LAVES#1"": 0.004267208410177356, ""FCC_L12#1"": 0.0006881954664257775, ""HCP_A3#2"": 0.0026875358352412893, ""HCP_A3#3"": 0.001764248766312316}",0.8,0.005,823.0
0.8,0.035,0.115,0.045,0.005,"{""BCC_B2#1"": 0.9908687761375548, ""C15_LAVES#1"": 0.004022548061351857, ""FCC_L12#1"": 0.0006806729595989697, ""HCP_A3#1"": 0.0017590621921830588, ""HCP_A3#2"": 0.0026689406493112457}",0.8,0.005,823.0
0.8,0.035,0.12,0.04,0.005,"{""BCC_B2#1"": 0.9911743565546195, ""C15_LAVES#1"": 0.0037480142709349225, ""FCC_L12#1"": 0.0006731390884532704, ""HCP_A3#2"": 0.0026502362024662307, ""HCP_A3#3"": 0.0017542538835259556}",0.8,0.005,823.0
0.8,0.035,0.125,0.035,0.005,"{""BCC_B2#1"": 0.9915124906191511, ""C15_LAVES#1"": 0.0034407780172689122, ""FCC_L12#1"": 0.0006655931278724894, ""HCP_A3#2"": 0.002631409257135392, ""HCP_A3#3"": 0.0017497289785718363}",0.8,0.005,823.0
0.8,0.035,0.13,0.03,0.005,"{""BCC_B2#1"": 0.9918864341533014, ""C15_LAVES#1"": 0.003097723154962829, ""FCC_L12#1"": 0.0006580343445009803, ""HCP_A3#2"": 0.0026124462595507477, ""HCP_A3#3"": 0.0017453620876842903}",0.8,0.005,823.0
0.8,0.035,0.135,0.025,0.005,"{""BCC_B2#1"": 0.9922997991262527, ""C15_LAVES#1"": 0.0027154195398830846, ""FCC_L12#1"": 0.0006504619968263895, ""HCP_A3#2"": 0.0025933332278575234, ""HCP_A3#3"": 0.0017409861091802182}",0.8,0.005,823.0
0.8,0.035,0.14,0.02,0.005,"{""BCC_B2#1"": 0.9927565983981324, ""C15_LAVES#1"": 0.0022900941316584466, ""FCC_L12#1"": 0.0006428753349726331, ""HCP_A3#2"": 0.0025740556285484815, ""HCP_A3#3"": 0.0017363765066879192}",0.8,0.005,823.0
0.8,0.035,0.145,0.015,0.005,"{""BCC_B2#1"": 0.9932612988496947, ""C15_LAVES#1"": 0.0018176001667401737, ""FCC_L12#1"": 0.0006352736000351571, ""HCP_A3#2"": 0.002554598232563583, ""HCP_A3#3"": 0.0017312291509661976}",0.8,0.005,823.0
0.8,0.035,0.15,0.01,0.005,"{""BCC_B2#1"": 0.9938188853723979, ""C15_LAVES#1"": 0.0012933846510767035, ""FCC_L12#1"": 0.0006276560227646123, ""HCP_A3#2"": 0.0025349449397651983, ""HCP_A3#3"": 0.0017251290139955351}",0.8,0.005,823.0
0.8,0.035,0.155,0.005,0.005,"{""BCC_B2#1"": 0.9944349391100071, ""C15_LAVES#1"": 0.0007124546754949172, ""FCC_L12#1"": 0.0006200218213249161, ""HCP_A3#2"": 0.002515078556027358, ""HCP_A3#3"": 0.0017175058371455163}",0.8,0.005,823.0
0.8,0.035,0.16,0.0,0.005,"{""BCC_B2#1"": 0.9951157346110471, ""C15_LAVES#1"": 6.934346312127011e-05, ""FCC_L12#1"": 0.0006123701977424991, ""HCP_A3#1"": 0.0017075712274342296, ""HCP_A3#2"": 0.0024949805006548925}",0.8,0.005,823.0
0.8,0.04,0.0,0.155,0.005,"{""BCC_B2#1"": 0.9903513243280757, ""C15_LAVES#1"": 0.004777090104827624, ""FCC_L12#1"": 0.0008415873294644825, ""HCP_A3#2"": 0.00302196882965995, ""ZRO2_MONO#1"": 0.0010080294079722741}",0.8,0.005,823.0
0.8,0.04,0.005,0.15,0.005,"{""BCC_B2#1"": 0.9903285255323913, ""C15_LAVES#1"": 0.004835508865615805, ""FCC_L12#1"": 0.0008341688144389609, ""HCP_A3#2"": 0.0030033208958964146, ""ZRO2_MONO#1"": 0.0009984758916579003}",0.8,0.005,823.0
0.8,0.04,0.01,0.145,0.005,"{""BCC_B2#1"": 0.99031085981701, ""C15_LAVES#1"": 0.004888664771985527, ""FCC_L12#1"": 0.0008267547369665964, ""HCP_A3#2"": 0.002984800794788547, ""ZRO2_MONO#1"": 0.000988919879249377}",0.8,0.005,823.0
0.8,0.04,0.015,0.14,0.005,"{""BCC_B2#1"": 0.990298707889117, ""C15_LAVES#1"": 0.004936189210621279, ""FCC_L12#1"": 0.000819344374659936, ""HCP_A3#2"": 0.002966398483062024, ""ZRO2_MONO#1"": 0.0009793600425394584}",0.8,0.005,823.0
0.8,0.04,0.02,0.135,0.005,"{""BCC_B2#1"": 0.9902924702338677, ""C15_LAVES#1"": 0.004977691959037071, ""FCC_L12#1"": 0.0008119370081368842, ""HCP_A3#2"": 0.002948103900817485, ""ZRO2_MONO#1"": 0.000969796898140664}",0.8,0.005,823.0
0.8,0.04,0.025,0.13,0.005,"{""BCC_B2#1"": 0.9902925755960671, ""C15_LAVES#1"": 0.005012756844917278, ""FCC_L12#1"": 0.0008045319247088354, ""HCP_A3#2"": 0.0029299070349123107, ""ZRO2_MONO#1"": 0.0009602285993945178}",0.8,0.005,823.0
0.8,0.04,0.03,0.125,0.005,"{""BCC_B2#1"": 0.9902994803360965, ""C15_LAVES#1"": 0.005040937016810045, ""FCC_L12#1"": 0.0007971284139012746, ""HCP_A3#2"": 0.00291179795265227, ""ZRO2_MONO#1"": 0.0009506562805397178}",0.8,0.005,823.0
0.8,0.04,0.035,0.12,0.005,"{""BCC_B2#1"": 0.9903136804620498, ""C15_LAVES#1"": 0.005061749406642738, ""FCC_L12#1"": 0.0007897257723196118, ""HCP_A3#2"": 0.0028937668674164094, ""ZRO2_MONO#1"": 0.0009410774915709726}",0.8,0.005,823.0
0.8,0.04,0.04,0.115,0.005,"{""BCC_B2#1"": 0.9903357102429946, ""C15_LAVES#1"": 0.005074669315754007, ""FCC_L12#1"": 0.0007823232975554947, ""HCP_A3#2"": 0.0028758041652723297, ""ZRO2_MONO#1"": 0.0009314929784236584}",0.8,0.005,823.0
0.8,0.04,0.045,0.11,0.005,"{""BCC_B2#1"": 0.9903661559923704, ""C15_LAVES#1"": 0.005079123697975636, ""FCC_L12#1"": 0.0007749202929877381, ""HCP_A3#2"": 0.0028579004677464735, ""ZRO2_MONO#1"": 0.00092189954891973}",0.8,0.005,823.0
0.8,0.04,0.05,0.105,0.005,"{""BCC_B2#1"": 0.990405654165447, ""C15_LAVES#1"": 0.005074484863535094, ""FCC_L12#1"": 0.0007675160603789954, ""HCP_A3#2"": 0.002840046651673684, ""ZRO2_MONO#1"": 0.0009122982589653794}",0.8,0.005,823.0
0.8,0.04,0.055,0.1,0.005,"{""BCC_B2#1"": 0.9904549078959132, ""C15_LAVES#1"": 0.005060062726638194, ""FCC_L12#1"": 0.000760109905687373, ""HCP_A3#2"": 0.002822233913688601, ""ZRO2_MONO#1"": 0.0009026855580727235}",0.8,0.005,823.0
0.8,0.04,0.06,0.095,0.005,"{""BCC_B2#1"": 0.990514688577751, ""C15_LAVES#1"": 0.005035097017470287, ""FCC_L12#1"": 0.0007527011330889081, ""HCP_A3#2"": 0.0028044537921725287, ""ZRO2_MONO#1"": 0.0008930594795172476}",0.8,0.005,823.0
0.8,0.04,0.065,0.09,0.005,"{""BCC_B2#1"": 0.9888037219145397, ""C15_LAVES#1"": 0.005842411460357761, ""FCC_L12#1"": 0.0007454682673144864, ""HCP_A3#1"": 0.0018189518076210955, ""HCP_A3#2"": 0.0027894465501670028}",0.8,0.005,823.0
0.8,0.04,0.07,0.085,0.005,"{""BCC_B2#1"": 0.9888970956020555, ""C15_LAVES#1"": 0.005784937645102489, ""FCC_L12#1"": 0.0007380381599502069, ""HCP_A3#1"": 0.0018086119831608996, ""HCP_A3#2"": 0.002771316609730435}",0.8,0.005,823.0
0.8,0.04,0.075,0.08,0.005,"{""BCC_B2#1"": 0.9890032758433853, ""C15_LAVES#1"": 0.005714002865399646, ""FCC_L12#1"": 0.0007306034667486232, ""HCP_A3#1"": 0.0017989307841912714, ""HCP_A3#2"": 0.0027531870402749915}",0.8,0.005,823.0
0.8,0.04,0.08,0.075,0.005,"{""BCC_B2#1"": 0.9891234029376342, ""C15_LAVES#1"": 0.005628489747824774, ""FCC_L12#1"": 0.0007231635558772729, ""HCP_A3#1"": 0.0017899011355955153, ""HCP_A3#2"": 0.002735042623068057}",0.8,0.005,823.0
0.8,0.04,0.085,0.07,0.005,"{""BCC_B2#1"": 0.9892587492080379, ""C15_LAVES#1"": 0.005527152421471072, ""FCC_L12#1"": 0.0007157177823557129, ""HCP_A3#1"": 0.0017815112187662375, ""HCP_A3#2"": 0.002716869369369083}",0.8,0.005,823.0
0.8,0.04,0.09,0.065,0.005,"{""BCC_B2#1"": 0.9894107313801092, ""C15_LAVES#1"": 0.005408604912363993, ""FCC_L12#1"": 0.0007082654881338694, ""HCP_A3#1"": 0.001773744102700554, ""HCP_A3#2"": 0.002698654116692356}",0.8,0.005,823.0
0.8,0.04,0.095,0.06,0.005,"{""BCC_B2#1"": 0.9895809250163619, ""C15_LAVES#1"": 0.0052713077168209475, ""FCC_L12#1"": 0.0007008060021164242, ""HCP_A3#1"": 0.00176657700937382, ""HCP_A3#2"": 0.002680384255326747}",0.8,0.005,823.0
0.8,0.04,0.1,0.055,0.005,"{""BCC_B2#1"": 0.9897710809988098, ""C15_LAVES#1"": 0.005113552671010464, ""FCC_L12#1"": 0.0006933386402176498, ""HCP_A3#1"": 0.001759980157968477, ""HCP_A3#2"": 0.0026620475319936465}",0.8,0.005,823.0
0.8,0.04,0.105,0.05,0.005,"{""BCC_B2#1"": 0.989983144182788, ""C15_LAVES#1"": 0.004933446135005455, ""FCC_L12#1"": 0.0006858627054707382, ""HCP_A3#1"": 0.001753915077081447, ""HCP_A3#2"": 0.0026436318996540162}",0.8,0.005,823.0
0.8,0.04,0.11,0.045,0.005,"{""BCC_B2#1"": 0.9902192744549415, ""C15_LAVES#1"": 0.004728890451505301, ""FCC_L12#1"": 0.0006783774881594757, ""HCP_A3#1"": 0.0017483322107537747, ""HCP_A3#2"": 0.002625125394639968}",0.8,0.005,823.0
0.8,0.04,0.115,0.04,0.005,"{""BCC_B2#1"": 0.9904818705376942, ""C15_LAVES#1"": 0.004497563605731403, ""FCC_L12#1"": 0.0006708822660301334, ""HCP_A3#2"": 0.0026065160291199024, ""HCP_A3#3"": 0.0017431675614243435}",0.8,0.005,823.0
0.8,0.04,0.12,0.035,0.005,"{""BCC_B2#1"": 0.9907735970078316, ""C15_LAVES#1"": 0.004236896996085437, ""FCC_L12#1"": 0.0006633763044621996, ""HCP_A3#2"": 0.0025877916907147375, ""HCP_A3#3"": 0.0017383380009062632}",0.8,0.005,823.0
0.8,0.04,0.125,0.03,0.005,"{""BCC_B2#1"": 0.9910974151565866, ""C15_LAVES#1"": 0.003944051221890067, ""FCC_L12#1"": 0.0006558588566372529, ""HCP_A3#2"": 0.002568940043141116, ""HCP_A3#3"": 0.0017337347217447723}",0.8,0.005,823.0
0.8,0.04,0.13,0.025,0.005,"{""BCC_B2#1"": 0.9914566185289606, ""C15_LAVES#1"": 0.0036158898074272767, ""FCC_L12#1"": 0.0006483291635937632, ""HCP_A3#2"": 0.0025499484225051006, ""HCP_A3#3"": 0.0017292140775135166}",0.8,0.005,823.0
0.8,0.04,0.135,0.02,0.005,"{""BCC_B2#1"": 0.9918548742661296, ""C15_LAVES#1"": 0.003248950815301079, ""FCC_L12#1"": 0.0006407864541194094, ""HCP_A3#2"": 0.0025308037238015862, ""HCP_A3#3"": 0.0017245847406481948}",0.8,0.005,823.0
0.8,0.04,0.14,0.015,0.005,"{""BCC_B2#1"": 0.9922962717684904, ""C15_LAVES#1"": 0.00283941636669101, ""FCC_L12#1"": 0.0006332299443462512, ""HCP_A3#2"": 0.0025114922711602598, ""HCP_A3#3"": 0.0017195896493118548}",0.8,0.005,823.0
0.8,0.04,0.145,0.01,0.005,"{""BCC_B2#1"": 0.9927853807400475, ""C15_LAVES#1"": 0.0023830801982144844, ""FCC_L12#1"": 0.0006256588369152395, ""HCP_A3#2"": 0.0024919996634241597, ""HCP_A3#3"": 0.0017138805613986154}",0.8,0.005,823.0
0.8,0.04,0.15,0.005,0.005,"{""BCC_B2#1"": 0.993327321428739, ""C15_LAVES#1"": 0.0018753135696866216, ""FCC_L12#1"": 0.0006180723194857024, ""HCP_A3#2"": 0.002472310583506974, ""HCP_A3#3"": 0.0017069820985820253}",0.8,0.005,823.0
0.8,0.04,0.155,0.0,0.005,"{""BCC_B2#1"": 0.9939278509200526, ""C15_LAVES#1"": 0.0013110301353185879, ""FCC_L12#1"": 0.0006104695623300263, ""HCP_A3#1"": 0.0016982408271365886, ""HCP_A3#2"": 0.002452408555162215}",0.8,0.005,823.0
0.8,0.045,0.0,0.15,0.005,"{""BCC_B2#1"": 0.9901993102227238, ""C15_LAVES#1"": 0.0050033033449962605, ""FCC_L12#1"": 0.000831840272723505, ""HCP_A3#2"": 0.0029667126920614076, ""ZRO2_MONO#1"": 0.0009988334674952012}",0.8,0.005,823.0
0.8,0.045,0.005,0.145,0.005,"{""BCC_B2#1"": 0.9901699756713292, ""C15_LAVES#1"": 0.005068177672766251, ""FCC_L12#1"": 0.0008244277652334894, ""HCP_A3#2"": 0.0029481351111701032, ""ZRO2_MONO#1"": 0.0009892837795010968}",0.8,0.005,823.0
0.8,0.045,0.01,0.14,0.005,"{""BCC_B2#1"": 0.9901458415811601, ""C15_LAVES#1"": 0.005127722534878674, ""FCC_L12#1"": 0.0008170207759963115, ""HCP_A3#2"": 0.0029296825982818857, ""ZRO2_MONO#1"": 0.0009797325096831697}",0.8,0.005,823.0
0.8,0.045,0.015,0.135,0.005,"{""BCC_B2#1"": 0.9901272831764316, ""C15_LAVES#1"": 0.005181576072448282, ""FCC_L12#1"": 0.00080961850400542, ""HCP_A3#2"": 0.0029113442540514415, ""ZRO2_MONO#1"": 0.0009701779930634984}",0.8,0.005,823.0
0.8,0.045,0.02,0.13,0.005,"{""BCC_B2#1"": 0.9901146911006109, ""C15_LAVES#1"": 0.005229358851868068, ""FCC_L12#1"": 0.0008022201582319482, ""HCP_A3#2"": 0.0028931091464815596, ""ZRO2_MONO#1"": 0.0009606207428075352}",0.8,0.005,823.0
0.8,0.045,0.025,0.125,0.005,"{""BCC_B2#1"": 0.9901084807279704, ""C15_LAVES#1"": 0.005270669016184602, ""FCC_L12#1"": 0.0007948249615778887, ""HCP_A3#2"": 0.0028749663818814553, ""ZRO2_MONO#1"": 0.0009510589123855738}",0.8,0.005,823.0
0.8,0.045,0.03,0.12,0.005,"{""BCC_B2#1"": 0.9901090924225732, ""C15_LAVES#1"": 0.005305076936858442, ""FCC_L12#1"": 0.0007874321465161286, ""HCP_A3#2"": 0.002856905144576538, ""ZRO2_MONO#1"": 0.0009414933494758356}",0.8,0.005,823.0
0.8,0.045,0.035,0.115,0.005,"{""BCC_B2#1"": 0.990117001287261, ""C15_LAVES#1"": 0.005332119738518436, ""FCC_L12#1"": 0.0007800409578447027, ""HCP_A3#2"": 0.002838914761292284, ""ZRO2_MONO#1"": 0.0009319232550836459}",0.8,0.005,823.0
0.8,0.045,0.04,0.11,0.005,"{""BCC_B2#1"": 0.9901327228338527, ""C15_LAVES#1"": 0.005351294862116414, ""FCC_L12#1"": 0.0007726506509944987, ""HCP_A3#2"": 0.002820984746415156, ""ZRO2_MONO#1"": 0.000922346906621611}",0.8,0.005,823.0
0.8,0.045,0.045,0.105,0.005,"{""BCC_B2#1"": 0.9901568179153772, ""C15_LAVES#1"": 0.005362053565731305, ""FCC_L12#1"": 0.0007652604894919076, ""HCP_A3#2"": 0.002803104843018714, ""ZRO2_MONO#1"": 0.0009127631863808097}",0.8,0.005,823.0
0.8,0.045,0.05,0.1,0.005,"{""BCC_B2#1"": 0.9901898995813407, ""C15_LAVES#1"": 0.005363793812171249, ""FCC_L12#1"": 0.0007578697432928458, ""HCP_A3#2"": 0.002785265064384991, ""ZRO2_MONO#1"": 0.0009031717988100639}",0.8,0.005,823.0
0.8,0.045,0.055,0.095,0.005,"{""BCC_B2#1"": 0.9902326451507292, ""C15_LAVES#1"": 0.005355852312857505, ""FCC_L12#1"": 0.0007504776902899528, ""HCP_A3#2"": 0.002767455743928198, ""ZRO2_MONO#1"": 0.0008935691021952417}",0.8,0.005,823.0
0.8,0.045,0.06,0.09,0.005,"{""BCC_B2#1"": 0.9885063792520369, ""C15_LAVES#1"": 0.006185403400071127, ""FCC_L12#1"": 0.0007432419663398293, ""HCP_A3#1"": 0.0018128622759116533, ""HCP_A3#2"": 0.0027521131056403654}",0.8,0.005,823.0
0.8,0.045,0.065,0.085,0.005,"{""BCC_B2#1"": 0.988581132117447, ""C15_LAVES#1"": 0.006147014954603882, ""FCC_L12#1"": 0.0007358306025532308, ""HCP_A3#1"": 0.0018019829716951292, ""HCP_A3#2"": 0.002734039353700867}",0.8,0.005,823.0
0.8,0.045,0.07,0.08,0.005,"{""BCC_B2#1"": 0.9886674698661096, ""C15_LAVES#1"": 0.0060963711717131825, ""FCC_L12#1"": 0.0007284158639559913, ""HCP_A3#1"": 0.0017917756968252826, ""HCP_A3#2"": 0.002715967401395973}",0.8,0.005,823.0
0.8,0.045,0.075,0.075,0.005,"{""BCC_B2#1"": 0.9887663946814355, ""C15_LAVES#1"": 0.006032491358218873, ""FCC_L12#1"": 0.0007209971283363043, ""HCP_A3#1"": 0.0017822346672087502, ""HCP_A3#2"": 0.0026978821648004454}",0.8,0.005,823.0
0.8,0.045,0.08,0.07,0.005,"{""BCC_B2#1"": 0.988879030183138, ""C15_LAVES#1"": 0.00595427662782578, ""FCC_L12#1"": 0.0007135737610377316, ""HCP_A3#1"": 0.0017733495721393479, ""HCP_A3#2"": 0.0026797698558591898}",0.8,0.005,823.0
0.8,0.045,0.085,0.065,0.005,"{""BCC_B2#1"": 0.9890066328583536, ""C15_LAVES#1"": 0.0058604991209568885, ""FCC_L12#1"": 0.0007061451144319941, ""HCP_A3#1"": 0.0017651053314365177, ""HCP_A3#2"": 0.002661617574820938}",0.8,0.005,823.0
0.8,0.045,0.09,0.06,0.005,"{""BCC_B2#1"": 0.9891506055989358, ""C15_LAVES#1"": 0.005749789311666763, ""FCC_L12#1"": 0.0006987105274209366, ""HCP_A3#1"": 0.0017574815186007912, ""HCP_A3#2"": 0.0026434130433758626}",0.8,0.005,823.0
0.8,0.045,0.095,0.055,0.005,"{""BCC_B2#1"": 0.9893125132585626, ""C15_LAVES#1"": 0.005620621580376308, ""FCC_L12#1"": 0.0006912693249462859, ""HCP_A3#1"": 0.001750451418207828, ""HCP_A3#2"": 0.002625144417907182}",0.8,0.005,823.0
0.8,0.045,0.1,0.05,0.005,"{""BCC_B2#1"": 0.9894941003002793, ""C15_LAVES#1"": 0.005471298099323727, ""FCC_L12#1"": 0.0006838208176377468, ""HCP_A3#1"": 0.0017439806339257704, ""HCP_A3#2"": 0.0026068001488334896}",0.8,0.005,823.0
0.8,0.045,0.105,0.045,0.005,"{""BCC_B2#1"": 0.9896973107202341, ""C15_LAVES#1"": 0.0052999310035790415, ""FCC_L12#1"": 0.0006763643015300695, ""HCP_A3#1"": 0.001738025108538979, ""HCP_A3#2"": 0.0025883688661176825}",0.8,0.005,823.0
0.8,0.045,0.11,0.04,0.005,"{""BCC_B2#1"": 0.9899243105376281, ""C15_LAVES#1"": 0.0051044227768716295, ""FCC_L12#1"": 0.0006688990578644029, ""HCP_A3#1"": 0.001732528348905948, ""HCP_A3#2"": 0.002569839278729883}",0.8,0.005,823.0
0.8,0.045,0.115,0.035,0.005,"{""BCC_B2#1"": 0.990177513252913, ""C15_LAVES#1"": 0.004882444757203203, ""FCC_L12#1"": 0.0006614243529828064, ""HCP_A3#1"": 0.001727417556753442, ""HCP_A3#2"": 0.00255120008014741}",0.8,0.005,823.0
0.8,0.045,0.12,0.03,0.005,"{""BCC_B2#1"": 0.9904596088123652, ""C15_LAVES#1"": 0.004631413657211826, ""FCC_L12#1"": 0.0006539394382254529, ""HCP_A3#1"": 0.001722598238018322, ""HCP_A3#2"": 0.002532439854179453}",0.8,0.005,823.0
0.8,0.045,0.125,0.025,0.005,"{""BCC_B2#1"": 0.9907735967936072, ""C15_LAVES#1"": 0.004348465997694528, ""FCC_L12#1"": 0.0006464435498463174, ""HCP_A3#2"": 0.002513546976624269, ""HCP_A3#3"": 0.001717946682227414}",0.8,0.005,823.0
0.8,0.045,0.13,0.02,0.005,"{""BCC_B2#1"": 0.9911228247641938, ""C15_LAVES#1"": 0.004030430372987008, ""FCC_L12#1"": 0.0006389359088363439, ""HCP_A3#2"": 0.002494509508255029, ""HCP_A3#3"": 0.0017132994457275568}",0.8,0.005,823.0
0.8,0.045,0.135,0.015,0.005,"{""BCC_B2#1"": 0.9915110330892685, ""C15_LAVES#1"": 0.0036737975113899897, ""FCC_L12#1"": 0.0006314157206067017, ""HCP_A3#2"": 0.0024753150741677805, ""HCP_A3#3"": 0.0017084386045670987}",0.8,0.005,823.0
0.8,0.045,0.14,0.01,0.005,"{""BCC_B2#1"": 0.9919424079121038, ""C15_LAVES#1"": 0.0032746881729249773, ""FCC_L12#1"": 0.0006238821744006307, ""HCP_A3#2"": 0.002455950723191044, ""HCP_A3#3"": 0.0017030710173797322}",0.8,0.005,823.0
0.8,0.045,0.145,0.005,0.005,"{""BCC_B2#1"": 0.9924216446496772, ""C15_LAVES#1"": 0.0028288190623031477, ""FCC_L12#1"": 0.0006163344423189341, ""HCP_A3#2"": 0.002436402758630612, ""HCP_A3#3"": 0.0016967990870697352}",0.8,0.005,823.0
0.8,0.045,0.15,0.0,0.005,"{""BCC_B2#1"": 0.992954025203632, ""C15_LAVES#1"": 0.002331467154019385, ""FCC_L12#1"": 0.0006087716776707084, ""HCP_A3#1"": 0.0016890794365068266, ""HCP_A3#2"": 0.0024166565281714754}",0.8,0.005,823.0
0.8,0.05,0.0,0.145,0.005,"{""BCC_B2#1"": 0.9900699981158403, ""C15_LAVES#1"": 0.005201245936923927, ""FCC_L12#1"": 0.0008224635355646328, ""HCP_A3#2"": 0.0029166732900352856, ""ZRO2_MONO#1"": 0.0009896191216361267}",0.8,0.005,823.0
0.8,0.05,0.005,0.14,0.005,"{""BCC_B2#1"": 0.9900348656762343, ""C15_LAVES#1"": 0.005271839805617695, ""FCC_L12#1"": 0.0008150525406988413, ""HCP_A3#2"": 0.0028981689972855727, ""ZRO2_MONO#1"": 0.000980072980163481}",0.8,0.005,823.0
0.8,0.05,0.01,0.135,0.005,"{""BCC_B2#1"": 0.9900050589546593, ""C15_LAVES#1"": 0.005336981218624822, ""FCC_L12#1"": 0.0008076483099825378, ""HCP_A3#2"": 0.002879787757194468, ""ZRO2_MONO#1"": 0.0009705237595389604}",0.8,0.005,823.0
0.8,0.05,0.015,0.13,0.005,"{""BCC_B2#1"": 0.9899809483529758, ""C15_LAVES#1"": 0.005396310933835541, ""FCC_L12#1"": 0.0008002499238655709, ""HCP_A3#2"": 0.0028615177925112568, ""ZRO2_MONO#1"": 0.0009609729968119314}",0.8,0.005,823.0
0.8,0.05,0.02,0.125,0.005,"{""BCC_B2#1"": 0.9899629209051107, ""C15_LAVES#1"": 0.005449456412679734, ""FCC_L12#1"": 0.0007928564885599174, ""HCP_A3#2"": 0.002843347305081847, ""ZRO2_MONO#1"": 0.0009514188885676646}",0.8,0.005,823.0
0.8,0.05,0.025,0.12,0.005,"{""BCC_B2#1"": 0.9899513805991695, ""C15_LAVES#1"": 0.005496026263878177, ""FCC_L12#1"": 0.000785467131866492, ""HCP_A3#2"": 0.0028252645261569124, ""ZRO2_MONO#1"": 0.0009418614789288074}",0.8,0.005,823.0
0.8,0.05,0.03,0.115,0.005,"{""BCC_B2#1"": 0.9899467559986544, ""C15_LAVES#1"": 0.005535604536842478, ""FCC_L12#1"": 0.0007780810040427927, ""HCP_A3#2"": 0.002807257783121509, ""ZRO2_MONO#1"": 0.0009323006773387439}",0.8,0.005,823.0
0.8,0.05,0.035,0.11,0.005,"{""BCC_B2#1"": 0.9899495086379386, ""C15_LAVES#1"": 0.005567744556934344, ""FCC_L12#1"": 0.0007706972782109769, ""HCP_A3#2"": 0.0027893155622784006, ""ZRO2_MONO#1"": 0.0009227339646377177}",0.8,0.005,823.0
0.8,0.05,0.04,0.105,0.005,"{""BCC_B2#1"": 0.9899601331974093, ""C15_LAVES#1"": 0.005591962121384988, ""FCC_L12#1"": 0.000763315143428094, ""HCP_A3#2"": 0.0027714265420638495, ""ZRO2_MONO#1"": 0.0009131629957138949}",0.8,0.005,823.0
0.8,0.05,0.045,0.1,0.005,"{""BCC_B2#1"": 0.9899791733627908, ""C15_LAVES#1"": 0.005607728312067792, ""FCC_L12#1"": 0.000755933809342128, ""HCP_A3#2"": 0.002753579665060805, ""ZRO2_MONO#1"": 0.0009035848507383255}",0.8,0.005,823.0
0.8,0.05,0.05,0.095,0.005,"{""BCC_B2#1"": 0.990007223038856, ""C15_LAVES#1"": 0.0056144620068581275, ""FCC_L12#1"": 0.0007485524989844975, ""HCP_A3#2"": 0.002735764164384092, ""ZRO2_MONO#1"": 0.0008939982909171003}",0.8,0.005,823.0
0.8,0.05,0.055,0.09,0.005,"{""BCC_B2#1"": 0.9900449376457842, ""C15_LAVES#1"": 0.0056115215359778415, ""FCC_L12#1"": 0.0007411704485729363, ""HCP_A3#2"": 0.0027179696109711025, ""ZRO2_MONO#1"": 0.0008844007586938107}",0.8,0.005,823.0
0.8,0.05,0.06,0.085,0.005,"{""BCC_B2#1"": 0.9883277569795507, ""C15_LAVES#1"": 0.006440519608520782, ""FCC_L12#1"": 0.0007339129131717747, ""HCP_A3#1"": 0.0017957055005603634, ""HCP_A3#2"": 0.0027021049981963245}",0.8,0.005,823.0
0.8,0.05,0.065,0.08,0.005,"{""BCC_B2#1"": 0.9883972898869444, ""C15_LAVES#1"": 0.006407139361227999, ""FCC_L12#1"": 0.0007265119530042582, ""HCP_A3#1"": 0.0017849748240721418, ""HCP_A3#2"": 0.002684083974751059}",0.8,0.005,823.0
0.8,0.05,0.07,0.075,0.005,"{""BCC_B2#1"": 0.9884783247805103, ""C15_LAVES#1"": 0.006361589040238973, ""FCC_L12#1"": 0.0007191081382893574, ""HCP_A3#1"": 0.001774925582226436, ""HCP_A3#2"": 0.0026660524587349293}",0.8,0.005,823.0
0.8,0.05,0.075,0.07,0.005,"{""BCC_B2#1"": 0.9885718521351247, ""C15_LAVES#1"": 0.006302901395717184, ""FCC_L12#1"": 0.0007117008386430963, ""HCP_A3#1"": 0.0017655492580440416, ""HCP_A3#2"": 0.002647996372470844}",0.8,0.005,823.0
0.8,0.05,0.08,0.065,0.005,"{""BCC_B2#1"": 0.9886789846842385, ""C15_LAVES#1"": 0.006229990442014932, ""FCC_L12#1"": 0.0007042894128352596, ""HCP_A3#1"": 0.0017568328163978587, ""HCP_A3#2"": 0.002629902644513409}",0.8,0.005,823.0
0.8,0.05,0.085,0.06,0.005,"{""BCC_B2#1"": 0.98880096995368, ""C15_LAVES#1"": 0.00614163963031558, ""FCC_L12#1"": 0.0006968732075566824, ""HCP_A3#1"": 0.0017487582781135593, ""HCP_A3#2"": 0.0026117589303342828}",0.8,0.005,823.0
0.8,0.05,0.09,0.055,0.005,"{""BCC_B2#1"": 0.9889392048392135, ""C15_LAVES#1"": 0.006036488214190212, ""FCC_L12#1"": 0.0006894515563552416, ""HCP_A3#1"": 0.0017413019655707442, ""HCP_A3#2"": 0.002593553424669945}",0.8,0.005,823.0
0.8,0.05,0.095,0.05,0.005,"{""BCC_B2#1"": 0.9890952522258931, ""C15_LAVES#1"": 0.005913015908945108, ""FCC_L12#1"": 0.0006820237786517564, ""HCP_A3#1"": 0.0017344333619910082, ""HCP_A3#2"": 0.0025752747245190058}",0.8,0.005,823.0
0.8,0.05,0.1,0.045,0.005,"{""BCC_B2#1"": 0.9892708597825238, ""C15_LAVES#1"": 0.005769525842251003, ""FCC_L12#1"": 0.0006745891789573385, ""HCP_A3#1"": 0.0017281134765341976, ""HCP_A3#2"": 0.0025569117197332836}",0.8,0.005,823.0
0.8,0.05,0.105,0.04,0.005,"{""BCC_B2#1"": 0.9894679811717652, ""C15_LAVES#1"": 0.005604125735267631, ""FCC_L12#1"": 0.0006671470461872427, ""HCP_A3#1"": 0.0017222925491172149, ""HCP_A3#2"": 0.0025384534976627842}",0.8,0.005,823.0
0.8,0.05,0.11,0.035,0.005,"{""BCC_B2#1"": 0.9896888000207561, ""C15_LAVES#1"": 0.005414707219653539, ""FCC_L12#1"": 0.0006596966531483305, ""HCP_A3#1"": 0.0017169068530065667, ""HCP_A3#2"": 0.0025198892534353083}",0.8,0.005,823.0
0.8,0.05,0.115,0.03,0.005,"{""BCC_B2#1"": 0.9899357571166332, ""C15_LAVES#1"": 0.005198923178164906, ""FCC_L12#1"": 0.0006522372560994648, ""HCP_A3#1"": 0.0017118742488214588, ""HCP_A3#2"": 0.00250120820028093}",0.8,0.005,823.0
0.8,0.05,0.12,0.025,0.005,"{""BCC_B2#1"": 0.9902115814408745, ""C15_LAVES#1"": 0.00495416299239034, ""FCC_L12#1"": 0.0006447680943864586, ""HCP_A3#1"": 0.0017070879967167095, ""HCP_A3#2"": 0.002482399475632053}",0.8,0.005,823.0
0.8,0.05,0.125,0.02,0.005,"{""BCC_B2#1"": 0.9905193258542964, ""C15_LAVES#1"": 0.004677525590732559, ""FCC_L12#1"": 0.0006372883900972779, ""HCP_A3#1"": 0.0017024081256193052, ""HCP_A3#2"": 0.002463452039254436}",0.8,0.005,823.0
0.8,0.05,0.13,0.015,0.005,"{""BCC_B2#1"": 0.9908624085127686, ""C15_LAVES#1"": 0.004365790218560648, ""FCC_L12#1"": 0.0006297973476823961, ""HCP_A3#1"": 0.0016976493615585057, ""HCP_A3#2"": 0.002444354559429818}",0.8,0.005,823.0
0.8,0.05,0.135,0.01,0.005,"{""BCC_B2#1"": 0.9912446614616869, ""C15_LAVES#1"": 0.004015384908502895, ""FCC_L12#1"": 0.0006222941534326312, ""HCP_A3#1"": 0.0016925641941440345, ""HCP_A3#2"": 0.0024250952822337307}",0.8,0.005,823.0
0.8,0.05,0.14,0.005,0.005,"{""BCC_B2#1"": 0.9916703883663148, ""C15_LAVES#1"": 0.003622352726119934, ""FCC_L12#1"": 0.000614777974768896, ""HCP_A3#1"": 0.001686819055322639, ""HCP_A3#2"": 0.0024056618774736}",0.8,0.005,823.0
0.8,0.05,0.145,0.0,0.005,"{""BCC_B2#1"": 0.9921444340391122, ""C15_LAVES#1"": 0.0031823160286954077, ""FCC_L12#1"": 0.0006072479591209765, ""HCP_A3#1"": 0.001679960721108205, ""HCP_A3#2"": 0.002386041251963366}",0.8,0.005,823.0
0.8,0.055,0.0,0.14,0.005,"{""BCC_B2#1"": 0.989957919239153, ""C15_LAVES#1"": 0.0053775972269488196, ""FCC_L12#1"": 0.000813387203142251, ""HCP_A3#2"": 0.0028707014211868556, ""ZRO2_MONO#1"": 0.0009803949095693223}",0.8,0.005,823.0
0.8,0.055,0.005,0.135,0.005,"{""BCC_B2#1"": 0.9899175860096684, ""C15_LAVES#1"": 0.005453318242877831, ""FCC_L12#1"": 0.000805973994175264, ""HCP_A3#2"": 0.0028522713133414474, ""ZRO2_MONO#1"": 0.000970850439937004}",0.8,0.005,823.0
0.8,0.055,0.01,0.13,0.005,"{""BCC_B2#1"": 0.9898827430747259, ""C15_LAVES#1"": 0.005523421705972514, ""FCC_L12#1"": 0.0007985689832287144, ""HCP_A3#2"": 0.0028339626986998655, ""ZRO2_MONO#1"": 0.0009613035373732174}",0.8,0.005,823.0
0.8,0.055,0.015,0.125,0.005,"{""BCC_B2#1"": 0.9898537639718314, ""C15_LAVES#1"": 0.00558754724246832, ""FCC_L12#1"": 0.000791171094486281, ""HCP_A3#2"": 0.002815762917142227, ""ZRO2_MONO#1"": 0.0009517547740718358}",0.8,0.005,823.0
0.8,0.055,0.02,0.12,0.005,"{""BCC_B2#1"": 0.9898310327144995, ""C15_LAVES#1"": 0.005645325788596414, ""FCC_L12#1"": 0.0007837792931145873, ""HCP_A3#2"": 0.0027976592871338125, ""ZRO2_MONO#1"": 0.0009422029166555235}",0.8,0.005,823.0
0.8,0.055,0.025,0.115,0.005,"{""BCC_B2#1"": 0.9898149472080452, ""C15_LAVES#1"": 0.0056963735061605165, ""FCC_L12#1"": 0.0007763925825009605, ""HCP_A3#2"": 0.0027796391720406096, ""ZRO2_MONO#1"": 0.0009326475312527834}",0.8,0.005,823.0
0.8,0.055,0.03,0.11,0.005,"{""BCC_B2#1"": 0.9898059258386456, ""C15_LAVES#1"": 0.00574028530055218, ""FCC_L12#1"": 0.0007690100027145649, ""HCP_A3#2"": 0.0027616900478964505, ""ZRO2_MONO#1"": 0.0009230888101914062}",0.8,0.005,823.0
0.8,0.055,0.035,0.105,0.005,"{""BCC_B2#1"": 0.9898044170219633, ""C15_LAVES#1"": 0.00577662757716615, ""FCC_L12#1"": 0.0007616306299127473, ""HCP_A3#2"": 0.00274379957071009, ""ZRO2_MONO#1"": 0.0009135252002478705}",0.8,0.005,823.0
0.8,0.055,0.04,0.1,0.005,"{""BCC_B2#1"": 0.9898109026590259, ""C15_LAVES#1"": 0.005804931248245457, ""FCC_L12#1"": 0.0007542535706286349, ""HCP_A3#2"": 0.0027259556233322816, ""ZRO2_MONO#1"": 0.0009039568987674638}",0.8,0.005,823.0
0.8,0.055,0.045,0.095,0.005,"{""BCC_B2#1"": 0.9898259106306615, ""C15_LAVES#1"": 0.005824683726959696, ""FCC_L12#1"": 0.0007468779619259518, ""HCP_A3#2"": 0.0027081463782661474, ""ZRO2_MONO#1"": 0.000894381302186643}",0.8,0.005,823.0
0.8,0.055,0.05,0.09,0.005,"{""BCC_B2#1"": 0.9898500187932826, ""C15_LAVES#1"": 0.005835320937298982, ""FCC_L12#1"": 0.0007395029647956359, ""HCP_A3#2"": 0.0026903603329059226, ""ZRO2_MONO#1"": 0.0008847969717167393}",0.8,0.005,823.0
0.8,0.055,0.055,0.085,0.005,"{""BCC_B2#1"": 0.9881227008259709, ""C15_LAVES#1"": 0.00668096975182334, ""FCC_L12#1"": 0.0007322397399080686, ""HCP_A3#1"": 0.0017898099860666802, ""HCP_A3#2"": 0.002674279696231055}",0.8,0.005,823.0
0.8,0.055,0.06,0.08,0.005,"{""BCC_B2#1"": 0.9881776539434054, ""C15_LAVES#1"": 0.006662641938254397, ""FCC_L12#1"": 0.0007248475601201406, ""HCP_A3#1"": 0.0017785515974484945, ""HCP_A3#2"": 0.0026563049607715296}",0.8,0.005,823.0
0.8,0.055,0.065,0.075,0.005,"{""BCC_B2#1"": 0.9882432492620469, ""C15_LAVES#1"": 0.006632983102674317, ""FCC_L12#1"": 0.0007174536289445724, ""HCP_A3#1"": 0.0017679900326928104, ""HCP_A3#2"": 0.002638323973641648}",0.8,0.005,823.0
0.8,0.055,0.07,0.07,0.005,"{""BCC_B2#1"": 0.9883203577701446, ""C15_LAVES#1"": 0.006591144194761155, ""FCC_L12#1"": 0.000710057309082293, ""HCP_A3#1"": 0.001758118778356258, ""HCP_A3#2"": 0.0026203219476554074}",0.8,0.005,823.0
0.8,0.055,0.075,0.065,0.005,"{""BCC_B2#1"": 0.9884099631685859, ""C15_LAVES#1"": 0.006536166642371117, ""FCC_L12#1"": 0.0007026579568260114, ""HCP_A3#1"": 0.0017489269625681127, ""HCP_A3#2"": 0.0026022852696489544}",0.8,0.005,823.0
0.8,0.055,0.08,0.06,0.005,"{""BCC_B2#1"": 0.988513173258078, ""C15_LAVES#1"": 0.006466971553782737, ""FCC_L12#1"": 0.0006952549199689723, ""HCP_A3#1"": 0.0017403990820735334, ""HCP_A3#2"": 0.0025842011860964967}",0.8,0.005,823.0
0.8,0.055,0.085,0.055,0.005,"{""BCC_B2#1"": 0.9886312334731625, ""C15_LAVES#1"": 0.006382346968256455, ""FCC_L12#1"": 0.0006878475358915624, ""HCP_A3#1"": 0.0017325144191210667, ""HCP_A3#2"": 0.0025660576035683074}",0.8,0.005,823.0
0.8,0.055,0.09,0.05,0.005,"{""BCC_B2#1"": 0.9887655424512315, ""C15_LAVES#1"": 0.0062809333513812425, ""FCC_L12#1"": 0.0006804351298521142, ""HCP_A3#1"": 0.0017252461174892915, ""HCP_A3#2"": 0.002547842950045844}",0.8,0.005,823.0
0.8,0.055,0.095,0.045,0.005,"{""BCC_B2#1"": 0.988917669702464, ""C15_LAVES#1"": 0.006161207378302406, ""FCC_L12#1"": 0.00067301701350112, ""HCP_A3#1"": 0.001718559837597527, ""HCP_A3#2"": 0.0025295460681350355}",0.8,0.005,823.0
0.8,0.055,0.1,0.04,0.005,"{""BCC_B2#1"": 0.9890893755688939, ""C15_LAVES#1"": 0.006021463964286184, ""FCC_L12#1"": 0.0006655924836199134, ""HCP_A3#1"": 0.0017124118592890276, ""HCP_A3#2"": 0.002511156123911151}",0.8,0.005,823.0
0.8,0.055,0.105,0.035,0.005,"{""BCC_B2#1"": 0.9892826337653815, ""C15_LAVES#1"": 0.005859796454463551, ""FCC_L12#1"": 0.0006581608210607972, ""HCP_A3#1"": 0.0017067464372827624, ""HCP_A3#2"": 0.002492662521811125}",0.8,0.005,823.0
0.8,0.055,0.11,0.03,0.005,"{""BCC_B2#1"": 0.9894996569039823, ""C15_LAVES#1"": 0.005674074858032896, ""FCC_L12#1"": 0.0006507212898589287, ""HCP_A3#1"": 0.001701492128608607, ""HCP_A3#2"": 0.00247405481951738}",0.8,0.005,823.0
0.8,0.055,0.115,0.025,0.005,"{""BCC_B2#1"": 0.9897429255326491, ""C15_LAVES#1"": 0.0054619220000074395, ""FCC_L12#1"": 0.000643273136494001, ""HCP_A3#1"": 0.0016965566922283815, ""HCP_A3#2"": 0.0024553226386211883}",0.8,0.005,823.0
0.8,0.055,0.12,0.02,0.005,"{""BCC_B2#1"": 0.9900152213855619, ""C15_LAVES#1"": 0.005220687464737664, ""FCC_L12#1"": 0.0006358155892475628, ""HCP_A3#1"": 0.001691819992773039, ""HCP_A3#2"": 0.0024364555676797037}",0.8,0.005,823.0
0.8,0.055,0.125,0.015,0.005,"{""BCC_B2#1"": 0.9903196657654109, ""C15_LAVES#1"": 0.004947419221765856, ""FCC_L12#1"": 0.0006283478576351768, ""HCP_A3#1"": 0.0016871241008930735, ""HCP_A3#2"": 0.002417443054294946}",0.8,0.005,823.0
0.8,0.055,0.13,0.01,0.005,"{""BCC_B2#1"": 0.9906597642813749, ""C15_LAVES#1"": 0.004638832862698314, ""FCC_L12#1"": 0.0006208691318208028, ""HCP_A3#1"": 0.0016822594416993695, ""HCP_A3#2"": 0.0023982742824066178}",0.8,0.005,823.0
0.8,0.055,0.135,0.005,0.005,"{""BCC_B2#1"": 0.9910394595848167, ""C15_LAVES#1"": 0.004291278447435309, ""FCC_L12#1"": 0.0006133785819642574, ""HCP_A3#1"": 0.001676945356027692, ""HCP_A3#2"": 0.0023789380297561443}",0.8,0.005,823.0
0.8,0.055,0.14,0.0,0.005,"{""BCC_B2#1"": 0.9914631943233572, ""C15_LAVES#1"": 0.0039007050768698126, ""FCC_L12#1"": 0.0006058753574004858, ""HCP_A3#1"": 0.0016708027438492848, ""HCP_A3#2"": 0.0023594224985230253}",0.8,0.005,823.0
0.8,0.06,0.0,0.135,0.005,"{""BCC_B2#1"": 0.9898592514747702, ""C15_LAVES#1"": 0.005537061097795952, ""FCC_L12#1"": 0.0008045569357815824, ""HCP_A3#2"": 0.0028279662595000923, ""ZRO2_MONO#1"": 0.0009711642321522695}",0.8,0.005,823.0
0.8,0.06,0.005,0.13,0.005,"{""BCC_B2#1"": 0.9898142171754386, ""C15_LAVES#1"": 0.005617413400938147, ""FCC_L12#1"": 0.0007971384512838348, ""HCP_A3#2"": 0.0028096101625440222, ""ZRO2_MONO#1"": 0.0009616208097955945}",0.8,0.005,823.0
0.8,0.06,0.01,0.125,0.005,"{""BCC_B2#1"": 0.9897748697299735, ""C15_LAVES#1"": 0.005691951116647596, ""FCC_L12#1"": 0.0007897297965499127, ""HCP_A3#2"": 0.0027913742729449597, ""ZRO2_MONO#1"": 0.0009520750838839136}",0.8,0.005,823.0
0.8,0.06,0.015,0.12,0.005,"{""BCC_B2#1"": 0.9897415883385775, ""C15_LAVES#1"": 0.005760309386275025, ""FCC_L12#1"": 0.0007823296948849924, ""HCP_A3#2"": 0.002773245031004968, ""ZRO2_MONO#1"": 0.0009425275492577784}",0.8,0.005,823.0
0.8,0.06,0.02,0.115,0.005,"{""BCC_B2#1"": 0.9897147577314456, ""C15_LAVES#1"": 0.005822119863035418, ""FCC_L12#1"": 0.0007749369335978225, ""HCP_A3#2"": 0.0027552088673190593, ""ZRO2_MONO#1"": 0.000932976604602318}",0.8,0.005,823.0
0.8,0.06,0.025,0.11,0.005,"{""BCC_B2#1"": 0.9896947704879115, ""C15_LAVES#1"": 0.005877003892292045, ""FCC_L12#1"": 0.0007675503583901563, ""HCP_A3#2"": 0.002737252272514586, ""ZRO2_MONO#1"": 0.0009234229888914238}",0.8,0.005,823.0
0.8,0.06,0.03,0.105,0.005,"{""BCC_B2#1"": 0.989682038963327, ""C15_LAVES#1"": 0.0059245646124739, ""FCC_L12#1"": 0.0007601688732680795, ""HCP_A3#2"": 0.00271936188112697, ""ZRO2_MONO#1"": 0.0009138656698039673}",0.8,0.005,823.0
0.8,0.06,0.035,0.1,0.005,"{""BCC_B2#1"": 0.9896770009128179, ""C15_LAVES#1"": 0.005964379328232938, ""FCC_L12#1"": 0.0007527914347883356, ""HCP_A3#2"": 0.0027015245324799016, ""ZRO2_MONO#1"": 0.0009043037916808539}",0.8,0.005,823.0
0.8,0.06,0.04,0.095,0.005,"{""BCC_B2#1"": 0.9896801280726186, ""C15_LAVES#1"": 0.005995991359132226, ""FCC_L12#1"": 0.0007454170476556835, ""HCP_A3#2"": 0.002683727331680166, ""ZRO2_MONO#1"": 0.0008947361889132307}",0.8,0.005,823.0
0.8,0.06,0.045,0.09,0.005,"{""BCC_B2#1"": 0.9896919342390588, ""C15_LAVES#1"": 0.006018901612139077, ""FCC_L12#1"": 0.000738044759400204, ""HCP_A3#2"": 0.0026659577027011534, ""ZRO2_MONO#1"": 0.0008851616867009059}",0.8,0.005,823.0
0.8,0.06,0.05,0.085,0.005,"{""BCC_B2#1"": 0.9897129862451105, ""C15_LAVES#1"": 0.006032559705295342, ""FCC_L12#1"": 0.0007306736567141909, ""HCP_A3#2"": 0.0026482034421343938, ""ZRO2_MONO#1"": 0.0008755769507455889}",0.8,0.005,823.0
0.8,0.06,0.055,0.08,0.005,"{""BCC_B2#1"": 0.9879981180929106, ""C15_LAVES#1"": 0.006874223170781787, ""FCC_L12#1"": 0.0007233877979617656, ""HCP_A3#1"": 0.0017725179298081583, ""HCP_A3#2"": 0.0026317530085376243}",0.8,0.005,823.0
0.8,0.06,0.06,0.075,0.005,"{""BCC_B2#1"": 0.9880500867959582, ""C15_LAVES#1"": 0.006858659326127543, ""FCC_L12#1"": 0.0007159995792476125, ""HCP_A3#1"": 0.0017614347417553384, ""HCP_A3#2"": 0.002613819556911115}",0.8,0.005,823.0
0.8,0.06,0.065,0.07,0.005,"{""BCC_B2#1"": 0.9881127879150016, ""C15_LAVES#1"": 0.006831672668944488, ""FCC_L12#1"": 0.0007086100528107104, ""HCP_A3#1"": 0.001751059369820804, ""HCP_A3#2"": 0.0025958699934222227}",0.8,0.005,823.0
0.8,0.06,0.07,0.065,0.005,"{""BCC_B2#1"": 0.9881870889579817, ""C15_LAVES#1"": 0.006792419456366725, ""FCC_L12#1"": 0.0007012185589720515, ""HCP_A3#1"": 0.001741383196852318, ""HCP_A3#2"": 0.0025778898298273504}",0.8,0.005,823.0
0.8,0.06,0.075,0.06,0.005,"{""BCC_B2#1"": 0.9882739718635924, ""C15_LAVES#1"": 0.006739944905030974, ""FCC_L12#1"": 0.000693824435714034, ""HCP_A3#1"": 0.0017323931975754391, ""HCP_A3#2"": 0.002559865598087044}",0.8,0.005,823.0
0.8,0.06,0.08,0.055,0.005,"{""BCC_B2#1"": 0.9883745453948605, ""C15_LAVES#1"": 0.0066731714457287945, ""FCC_L12#1"": 0.0006864270156590901, ""HCP_A3#1"": 0.0017240715200387943, ""HCP_A3#2"": 0.0025417846237123748}",0.8,0.005,823.0
0.8,0.06,0.085,0.05,0.005,"{""BCC_B2#1"": 0.9884900596273867, ""C15_LAVES#1"": 0.006590885116847601, ""FCC_L12#1"": 0.000679025623349502, ""HCP_A3#1"": 0.0017163947537256446, ""HCP_A3#2"": 0.0025236348786903833}",0.8,0.005,823.0
0.8,0.06,0.09,0.045,0.005,"{""BCC_B2#1"": 0.9886219224997443, ""C15_LAVES#1"": 0.0064917202210317635, ""FCC_L12#1"": 0.000671619572879768, ""HCP_A3#1"": 0.0017093328317679094, ""HCP_A3#2"": 0.0025054048745763438}",0.8,0.005,823.0
0.8,0.06,0.095,0.04,0.005,"{""BCC_B2#1"": 0.9887717185507356, ""C15_LAVES#1"": 0.006374142242290625, ""FCC_L12#1"": 0.0006642081658368266, ""HCP_A3#1"": 0.0017028474664211972, ""HCP_A3#2"": 0.0024870835747157543}",0.8,0.005,823.0
0.8,0.06,0.1,0.035,0.005,"{""BCC_B2#1"": 0.9889412300838429, ""C15_LAVES#1"": 0.006236428951048356, ""FCC_L12#1"": 0.0006567906895517761, ""HCP_A3#1"": 0.0016968899617576497, ""HCP_A3#2"": 0.002468660313799526}",0.8,0.005,823.0
0.8,0.06,0.105,0.03,0.005,"{""BCC_B2#1"": 0.9891324611042399, ""C15_LAVES#1"": 0.0060766495854811, ""FCC_L12#1"": 0.000649366415613038, ""HCP_A3#1"": 0.0016913981768876508, ""HCP_A3#2"": 0.0024501247177783226}",0.8,0.005,823.0
0.8,0.06,0.11,0.025,0.005,"{""BCC_B2#1"": 0.9893476644897243, ""C15_LAVES#1"": 0.0058926419765459705, ""FCC_L12#1"": 0.0006419345986189515, ""HCP_A3#1"": 0.001686292315488934, ""HCP_A3#2"": 0.0024314666196218484}",0.8,0.005,823.0
0.8,0.06,0.115,0.02,0.005,"{""BCC_B2#1"": 0.989589372998687, ""C15_LAVES#1"": 0.005681987477248634, ""FCC_L12#1"": 0.0006344944751424621, ""HCP_A3#1"": 0.0016814690813007885, ""HCP_A3#2"": 0.002412675967620935}",0.8,0.005,823.0
0.8,0.06,0.12,0.015,0.005,"{""BCC_B2#1"": 0.989860434905147, ""C15_LAVES#1"": 0.005441983562951876, ""FCC_L12#1"": 0.0006270452628090373, ""HCP_A3#1"": 0.0016767935457724994, ""HCP_A3#2"": 0.002393742723319483}",0.8,0.005,823.0
0.8,0.06,0.125,0.01,0.005,"{""BCC_B2#1"": 0.9901640553016193, ""C15_LAVES#1"": 0.005169613993684195, ""FCC_L12#1"": 0.0006195861595643665, ""HCP_A3#1"": 0.0016720877991909064, ""HCP_A3#2"": 0.0023746567459411944}",0.8,0.005,823.0
0.8,0.06,0.13,0.005,0.005,"{""BCC_B2#1"": 0.9905038444551478, ""C15_LAVES#1"": 0.004861516478092207, ""FCC_L12#1"": 0.0006121163428839155, ""HCP_A3#1"": 0.0016671150644795964, ""HCP_A3#2"": 0.0023554076593964497}",0.8,0.005,823.0
0.8,0.06,0.135,0.0,0.005,"{""BCC_B2#1"": 0.9908838750768838, ""C15_LAVES#1"": 0.0045139478642857314, ""FCC_L12#1"": 0.0006046349690616013, ""HCP_A3#1"": 0.0016615573931808556, ""HCP_A3#2"": 0.002335984696588071}",0.8,0.005,823.0
0.8,0.065,0.0,0.13,0.005,"{""BCC_B2#1"": 0.9897712475543717, ""C15_LAVES#1"": 0.005683041699054543, ""FCC_L12#1"": 0.0007959297674837685, ""HCP_A3#2"": 0.0027878517044517123, ""ZRO2_MONO#1"": 0.0009619292746383156}",0.8,0.005,823.0
0.8,0.065,0.005,0.125,0.005,"{""BCC_B2#1"": 0.9897219444511228, ""C15_LAVES#1"": 0.00576759672125515, ""FCC_L12#1"": 0.0007885035459536801, ""HCP_A3#2"": 0.002769568804465566, ""ZRO2_MONO#1"": 0.0009523864772025969}",0.8,0.005,823.0
0.8,0.065,0.01,0.12,0.005,"{""BCC_B2#1"": 0.9896785489305785, ""C15_LAVES#1"": 0.005846115718127386, ""FCC_L12#1"": 0.0007810889757513712, ""HCP_A3#2"": 0.0027514049680883754, ""ZRO2_MONO#1"": 0.0009428414074539356}",0.8,0.005,823.0
0.8,0.065,0.015,0.115,0.005,"{""BCC_B2#1"": 0.9896414498525793, ""C15_LAVES#1"": 0.005918226150934377, ""FCC_L12#1"": 0.000773684534853963, ""HCP_A3#2"": 0.002733345728771703, ""ZRO2_MONO#1"": 0.0009332937328605308}",0.8,0.005,823.0
0.8,0.065,0.02,0.11,0.005,"{""BCC_B2#1"": 0.989611031615531, ""C15_LAVES#1"": 0.005983558200408932, ""FCC_L12#1"": 0.000766288792383241, ""HCP_A3#2"": 0.0027153766171934264, ""ZRO2_MONO#1"": 0.0009237447744836038}",0.8,0.005,823.0
0.8,0.065,0.025,0.105,0.005,"{""BCC_B2#1"": 0.9895876887728094, ""C15_LAVES#1"": 0.006041736134508108, ""FCC_L12#1"": 0.0007589004088454207, ""HCP_A3#2"": 0.002697483266889519, ""ZRO2_MONO#1"": 0.0009141914169473145}",0.8,0.005,823.0
0.8,0.065,0.03,0.1,0.005,"{""BCC_B2#1"": 0.9895718260937374, ""C15_LAVES#1"": 0.006092369682364191, ""FCC_L12#1"": 0.0007515181236446432, ""HCP_A3#2"": 0.0026796514697917805, ""ZRO2_MONO#1"": 0.0009046346304618087}",0.8,0.005,823.0
0.8,0.065,0.035,0.095,0.005,"{""BCC_B2#1"": 0.9895638739710965, ""C15_LAVES#1"": 0.006135044979139651, ""FCC_L12#1"": 0.0007441407532399425, ""HCP_A3#2"": 0.002661867263663087, ""ZRO2_MONO#1"": 0.0008950730328610118}",0.8,0.005,823.0
0.8,0.065,0.04,0.09,0.005,"{""BCC_B2#1"": 0.9895642953207163, ""C15_LAVES#1"": 0.006169315594497543, ""FCC_L12#1"": 0.0007367671822524579, ""HCP_A3#2"": 0.0026441169897427714, ""ZRO2_MONO#1"": 0.0008855049127909132}",0.8,0.005,823.0
0.8,0.065,0.045,0.085,0.005,"{""BCC_B2#1"": 0.9895735936665218, ""C15_LAVES#1"": 0.006194693358873227, ""FCC_L12#1"": 0.0007293963551816571, ""HCP_A3#2"": 0.0026263873467477434, ""ZRO2_MONO#1"": 0.0008759292726756369}",0.8,0.005,823.0
0.8,0.065,0.05,0.08,0.005,"{""BCC_B2#1"": 0.9892309156495553, ""C15_LAVES#1"": 0.006384760437910115, ""FCC_L12#1"": 0.000722042392787056, ""HCP_A3#1"": 0.0026088862593733287, ""HCP_A3#2"": 0.000366742381536451, ""ZRO2_MONO#1"": 0.0006866528788374948}",0.8,0.005,823.0
0.8,0.065,0.055,0.075,0.005,"{""BCC_B2#1"": 0.9878909839914216, ""C15_LAVES#1"": 0.007047135993154127, ""FCC_L12#1"": 0.0007147187731909035, ""HCP_A3#1"": 0.0017552658855683645, ""HCP_A3#2"": 0.0025918953566648915}",0.8,0.005,823.0
0.8,0.065,0.06,0.07,0.005,"{""BCC_B2#1"": 0.9879407782044796, ""C15_LAVES#1"": 0.007033520382695966, ""FCC_L12#1"": 0.0007073324984962658, ""HCP_A3#1"": 0.001744373069397771, ""HCP_A3#2"": 0.0025739958449304324}",0.8,0.005,823.0
0.8,0.065,0.065,0.065,0.005,"{""BCC_B2#1"": 0.9880014530271548, ""C15_LAVES#1"": 0.007008331236860568, ""FCC_L12#1"": 0.000699945324723551, ""HCP_A3#1"": 0.0017341991828646443, ""HCP_A3#2"": 0.0025560712283961553}",0.8,0.005,823.0
0.8,0.065,0.07,0.06,0.005,"{""BCC_B2#1"": 0.9880738766008392, ""C15_LAVES#1"": 0.006970726109836512, ""FCC_L12#1"": 0.000692556564765445, ""HCP_A3#1"": 0.001724733680399757, ""HCP_A3#2"": 0.002538107044158947}",0.8,0.005,823.0
0.8,0.065,0.075,0.055,0.005,"{""BCC_B2#1"": 0.9881590340758373, ""C15_LAVES#1"": 0.0069197491347464035, ""FCC_L12#1"": 0.0006851655340428106, ""HCP_A3#1"": 0.0017159614845104684, ""HCP_A3#2"": 0.002520089770862901}",0.8,0.005,823.0
0.8,0.065,0.08,0.05,0.005,"{""BCC_B2#1"": 0.9882580409605034, ""C15_LAVES#1"": 0.006854318398201552, ""FCC_L12#1"": 0.0006777715464383164, ""HCP_A3#1"": 0.0017078624320648443, ""HCP_A3#2"": 0.0025020066627916373}",0.8,0.005,823.0
0.8,0.065,0.085,0.045,0.005,"{""BCC_B2#1"": 0.988372158550639, ""C15_LAVES#1"": 0.006773211508009426, ""FCC_L12#1"": 0.0006703739106959999, ""HCP_A3#1"": 0.0017004103918600816, ""HCP_A3#2"": 0.0024838456387955023}",0.8,0.005,823.0
0.8,0.065,0.09,0.04,0.005,"{""BCC_B2#1"": 0.9885028114747048, ""C15_LAVES#1"": 0.006675049419952471, ""FCC_L12#1"": 0.000662971927313485, ""HCP_A3#1"": 0.0016935719813697746, ""HCP_A3#2"": 0.002465595196659676}",0.8,0.005,823.0
0.8,0.065,0.095,0.035,0.005,"{""BCC_B2#1"": 0.9886516075345961, ""C15_LAVES#1"": 0.006558278481824893, ""FCC_L12#1"": 0.0006555648858660392, ""HCP_A3#1"": 0.0016873047603361798, ""HCP_A3#2"": 0.0024472443373766625}",0.8,0.005,823.0
0.8,0.065,0.1,0.03,0.005,"{""BCC_B2#1"": 0.9888203601334966, ""C15_LAVES#1"": 0.006421150594277497, ""FCC_L12#1"": 0.000648152062728549, ""HCP_A3#1"": 0.0016815547188423117, ""HCP_A3#2"": 0.0024287824906547785}",0.8,0.005,823.0
0.8,0.065,0.105,0.025,0.005,"{""BCC_B2#1"": 0.9890111136912397, ""C15_LAVES#1"": 0.00626170135549719, ""FCC_L12#1"": 0.0006407327191684537, ""HCP_A3#1"": 0.0016762527976002875, ""HCP_A3#2"": 0.002410199436494451}",0.8,0.005,823.0
0.8,0.065,0.11,0.02,0.005,"{""BCC_B2#1"": 0.9892261725724213, ""C15_LAVES#1"": 0.00607772604140271, ""FCC_L12#1"": 0.0006333060997254685, ""HCP_A3#1"": 0.0016713100670607056, ""HCP_A3#2"": 0.0023914852193899316}",0.8,0.005,823.0
0.8,0.065,0.115,0.015,0.005,"{""BCC_B2#1"": 0.9894681342099936, ""C15_LAVES#1"": 0.00586675327061085, ""FCC_L12#1"": 0.0006258714308684261, ""HCP_A3#1"": 0.001666611036088658, ""HCP_A3#2"": 0.0023726300524385367}",0.8,0.005,823.0
0.8,0.065,0.12,0.01,0.005,"{""BCC_B2#1"": 0.9897399273164206, ""C15_LAVES#1"": 0.005626016216356338, ""FCC_L12#1"": 0.0006184279198696735, ""HCP_A3#1"": 0.0016620043386324404, ""HCP_A3#2"": 0.0023536242087210356}",0.8,0.005,823.0
0.8,0.065,0.125,0.005,0.005,"{""BCC_B2#1"": 0.9900448563580418, ""C15_LAVES#1"": 0.0053524212596832285, ""FCC_L12#1"": 0.0006109747538539309, ""HCP_A3#1"": 0.0016572897315333987, ""HCP_A3#2"": 0.002334457896887799}",0.8,0.005,823.0
0.8,0.065,0.13,0.0,0.005,"{""BCC_B2#1"": 0.9903866538592335, ""C15_LAVES#1"": 0.005042514039411081, ""FCC_L12#1"": 0.000603511098965447, ""HCP_A3#1"": 0.0016521998855631847, ""HCP_A3#2"": 0.0023151211168267087}",0.8,0.005,823.0
0.8,0.07,0.0,0.125,0.005,"{""BCC_B2#1"": 0.9896918847113685, ""C15_LAVES#1"": 0.0058180619613002315, ""FCC_L12#1"": 0.0007874712355676178, ""HCP_A3#2"": 0.002749890755192228, ""ZRO2_MONO#1"": 0.000952691336571869}",0.8,0.005,823.0
0.8,0.07,0.005,0.12,0.005,"{""BCC_B2#1"": 0.9896386956540574, ""C15_LAVES#1"": 0.005906439908811387, ""FCC_L12#1"": 0.0007800353644001896, ""HCP_A3#2"": 0.0027316797855623798, ""ZRO2_MONO#1"": 0.0009431492871685276}",0.8,0.005,823.0
0.8,0.07,0.01,0.115,0.005,"{""BCC_B2#1"": 0.989591654576528, ""C15_LAVES#1"": 0.00598854139060872, ""FCC_L12#1"": 0.0007726131365976729, ""HCP_A3#2"": 0.002713586794416955, ""ZRO2_MONO#1"": 0.0009336041018485224}",0.8,0.005,823.0
0.8,0.07,0.015,0.11,0.005,"{""BCC_B2#1"": 0.989551159771645, ""C15_LAVES#1"": 0.0060639835070886855, ""FCC_L12#1"": 0.0007652027379426885, ""HCP_A3#2"": 0.002695596395540092, ""ZRO2_MONO#1"": 0.0009240575877834649}",0.8,0.005,823.0
0.8,0.07,0.02,0.105,0.005,"{""BCC_B2#1"": 0.9895176039491167, ""C15_LAVES#1"": 0.006132392716211745, ""FCC_L12#1"": 0.0007578024878565143, ""HCP_A3#2"": 0.0026776932368898867, ""ZRO2_MONO#1"": 0.0009145076099251562}",0.8,0.005,823.0
0.8,0.07,0.025,0.1,0.005,"{""BCC_B2#1"": 0.989491377087719, ""C15_LAVES#1"": 0.006193394811776273, ""FCC_L12#1"": 0.0007504108258306969, ""HCP_A3#2"": 0.00265986207836251, ""ZRO2_MONO#1"": 0.0009049551963117166}",0.8,0.005,823.0
0.8,0.07,0.03,0.095,0.005,"{""BCC_B2#1"": 0.9894728839726263, ""C15_LAVES#1"": 0.006246604377302508, ""FCC_L12#1"": 0.0007430263072694532, ""HCP_A3#2"": 0.0026420878939293372, ""ZRO2_MONO#1"": 0.0008953974488722026}",0.8,0.005,823.0
0.8,0.07,0.035,0.09,0.005,"{""BCC_B2#1"": 0.9894625459015172, ""C15_LAVES#1"": 0.006291614834858444, ""FCC_L12#1"": 0.0007356475868765416, ""HCP_A3#2"": 0.0026243559237382626, ""ZRO2_MONO#1"": 0.0008858357530096829}",0.8,0.005,823.0
0.8,0.07,0.04,0.085,0.005,"{""BCC_B2#1"": 0.9894608197090923, ""C15_LAVES#1"": 0.006327988162724849, ""FCC_L12#1"": 0.000728273414549172, ""HCP_A3#2"": 0.0026066517632114153, ""ZRO2_MONO#1"": 0.0008762669504222896}",0.8,0.005,823.0
0.8,0.07,0.045,0.08,0.005,"{""BCC_B2#1"": 0.9894682021136932, ""C15_LAVES#1"": 0.006355244909247656, ""FCC_L12#1"": 0.0007209026204882648, ""HCP_A3#2"": 0.0025889614073819644, ""ZRO2_MONO#1"": 0.0008666889491887442}",0.8,0.005,823.0
0.8,0.07,0.05,0.075,0.005,"{""BCC_B2#1"": 0.9877602867716295, ""C15_LAVES#1"": 0.007204562889231528, ""FCC_L12#1"": 0.0007135892527916123, ""HCP_A3#1"": 0.0025720688150290905, ""HCP_A3#2"": 0.0017494922713182429}",0.8,0.005,823.0
0.8,0.07,0.055,0.07,0.005,"{""BCC_B2#1"": 0.9877982831667966, ""C15_LAVES#1"": 0.007203233098561387, ""FCC_L12#1"": 0.0007062031391511284, ""HCP_A3#1"": 0.0017380653939868683, ""HCP_A3#2"": 0.002554215201503964}",0.8,0.005,823.0
0.8,0.07,0.06,0.065,0.005,"{""BCC_B2#1"": 0.9878465918799131, ""C15_LAVES#1"": 0.00719087015550948, ""FCC_L12#1"": 0.0006988172326216649, ""HCP_A3#1"": 0.0017273769659425337, ""HCP_A3#2"": 0.0025363437660129097}",0.8,0.005,823.0
0.8,0.07,0.065,0.06,0.005,"{""BCC_B2#1"": 0.9879059775207452, ""C15_LAVES#1"": 0.007166733949045937, ""FCC_L12#1"": 0.0006914308007164195, ""HCP_A3#1"": 0.0017174189472827551, ""HCP_A3#2"": 0.002518438782210049}",0.8,0.005,823.0
0.8,0.07,0.07,0.055,0.005,"{""BCC_B2#1"": 0.9879773129924934, ""C15_LAVES#1"": 0.007129979284753629, ""FCC_L12#1"": 0.0006840431249820215, ""HCP_A3#1"": 0.0017081789603301128, ""HCP_A3#2"": 0.002500485637440831}",0.8,0.005,823.0
0.8,0.07,0.075,0.05,0.005,"{""BCC_B2#1"": 0.9880615915723678, ""C15_LAVES#1"": 0.007079644388891832, ""FCC_L12#1"": 0.0006766534950350603, ""HCP_A3#1"": 0.0016996399142410277, ""HCP_A3#2"": 0.0024824706294642855}",0.8,0.005,823.0
0.8,0.07,0.08,0.045,0.005,"{""BCC_B2#1"": 0.9881599411950639, ""C15_LAVES#1"": 0.007014637439729707, ""FCC_L12#1"": 0.0006692612033392301, ""HCP_A3#1"": 0.0016917793176665396, ""HCP_A3#2"": 0.00246438084420096}",0.8,0.005,823.0
0.7999999999999999,0.07,0.085,0.04,0.005,"{""BCC_B2#1"": 0.9882736408307986, ""C15_LAVES#1"": 0.006933721320864856, ""FCC_L12#1"": 0.0006618655406443231, ""HCP_A3#1"": 0.0016845682376386449, ""HCP_A3#2"": 0.0024462040700536417}",0.8,0.005,823.0
0.8,0.07,0.09,0.035,0.005,"{""BCC_B2#1"": 0.9884041390553794, ""C15_LAVES#1"": 0.006835496612437176, ""FCC_L12#1"": 0.0006544657920611437, ""HCP_A3#1"": 0.0016779698134479265, ""HCP_A3#2"": 0.0024279287266745207}",0.8,0.005,823.0
0.8,0.07,0.095,0.03,0.005,"{""BCC_B2#1"": 0.9885530750452091, ""C15_LAVES#1"": 0.0067183827436841995, ""FCC_L12#1"": 0.0006470612337405977, ""HCP_A3#1"": 0.0016719371807220934, ""HCP_A3#2"": 0.00240954379664392}",0.8,0.005,823.0
0.8,0.07,0.1,0.025,0.005,"{""BCC_B2#1"": 0.9887223023412095, ""C15_LAVES#1"": 0.006580597181051444, ""FCC_L12#1"": 0.0006396511300472164, ""HCP_A3#1"": 0.0016664105940073551, ""HCP_A3#2"": 0.0023910387536844376}",0.8,0.005,823.0
0.8,0.07,0.105,0.02,0.005,"{""BCC_B2#1"": 0.9889139158402763, ""C15_LAVES#1"": 0.0064201324994936915, ""FCC_L12#1"": 0.00063223473119637, ""HCP_A3#1"": 0.001661313445473106, ""HCP_A3#2"": 0.002372403483560793}",0.8,0.005,823.0
0.8,0.07,0.11,0.015,0.005,"{""BCC_B2#1"": 0.9891302826085752, ""C15_LAVES#1"": 0.006234731174252318, ""FCC_L12#1"": 0.0006248112712799784, ""HCP_A3#1"": 0.0016565467509226438, ""HCP_A3#2"": 0.002353628194970224}",0.8,0.005,823.0
0.8,0.07,0.115,0.01,0.005,"{""BCC_B2#1"": 0.9893740772870797, ""C15_LAVES#1"": 0.006021857933211394, ""FCC_L12#1"": 0.0006173799666570291, ""HCP_A3#1"": 0.0016519814949253002, ""HCP_A3#2"": 0.0023347033181264185}",0.8,0.005,823.0
0.8,0.07,0.12,0.005,0.005,"{""BCC_B2#1"": 0.9896483230943266, ""C15_LAVES#1"": 0.005778669529875301, ""FCC_L12#1"": 0.0006099400146060112, ""HCP_A3#1"": 0.0016474479726691737, ""HCP_A3#2"": 0.002315619388522655}",0.8,0.005,823.0
0.8,0.07,0.125,0.0,0.005,"{""BCC_B2#1"": 0.9899564397530423, ""C15_LAVES#1"": 0.005501981838516564, ""FCC_L12#1"": 0.0006024905922739091, ""HCP_A3#1"": 0.0016427209034782719, ""HCP_A3#2"": 0.002296366912688958}",0.8,0.005,823.0
0.8,0.075,0.0,0.12,0.005,"{""BCC_B2#1"": 0.98961964107071, ""C15_LAVES#1"": 0.005944031378942018, ""FCC_L12#1"": 0.0007791533767677483, ""HCP_A3#2"": 0.002713722527743289, ""ZRO2_MONO#1"": 0.0009434516458367867}",0.8,0.005,823.0
0.8,0.075,0.005,0.115,0.005,"{""BCC_B2#1"": 0.9895629137612575, ""C15_LAVES#1"": 0.0060358890880985415, ""FCC_L12#1"": 0.0007717064483919538, ""HCP_A3#2"": 0.0026955818596062766, ""ZRO2_MONO#1"": 0.0009339088426458719}",0.8,0.005,823.0
0.8,0.075,0.01,0.11,0.005,"{""BCC_B2#1"": 0.989512587045375, ""C15_LAVES#1"": 0.006121214974570897, ""FCC_L12#1"": 0.0007642752938773388, ""HCP_A3#2"": 0.0026775580843454955, ""ZRO2_MONO#1"": 0.00092436460183115}",0.8,0.005,823.0
0.8,0.075,0.015,0.105,0.005,"{""BCC_B2#1"": 0.9894690769071727, ""C15_LAVES#1"": 0.006199613192440173, ""FCC_L12#1"": 0.0007568577688127018, ""HCP_A3#2"": 0.0026596349084686034, ""ZRO2_MONO#1"": 0.0009148172231060872}",0.8,0.005,823.0
0.8,0.075,0.02,0.1,0.005,"{""BCC_B2#1"": 0.9894327796545057, ""C15_LAVES#1"": 0.006270704879577605, ""FCC_L12#1"": 0.000749451904199595, ""HCP_A3#2"": 0.0026417960818910188, ""ZRO2_MONO#1"": 0.0009052674798260696}",0.8,0.005,823.0
0.8,0.075,0.025,0.095,0.005,"{""BCC_B2#1"": 0.9894040885704536, ""C15_LAVES#1"": 0.006334115735586917, ""FCC_L12#1"": 0.0007420558966518512, ""HCP_A3#2"": 0.0026240255135301094, ""ZRO2_MONO#1"": 0.0008957142837772606}",0.8,0.005,823.0
0.8,0.075,0.03,0.09,0.005,"{""BCC_B2#1"": 0.989383403779528, ""C15_LAVES#1"": 0.0063894640959664285, ""FCC_L12#1"": 0.0007346680922936683, ""HCP_A3#2"": 0.002606307353816408, ""ZRO2_MONO#1"": 0.0008861566783952738}",0.8,0.005,823.0
0.8,0.075,0.035,0.085,0.005,"{""BCC_B2#1"": 0.989371144368628, ""C15_LAVES#1"": 0.006436349188065898, ""FCC_L12#1"": 0.0007272869719537908, ""HCP_A3#2"": 0.002588626072312526, ""ZRO2_MONO#1"": 0.0008765933990398106}",0.8,0.005,823.0
0.8,0.075,0.04,0.08,0.005,"{""BCC_B2#1"": 0.9893677594007537, ""C15_LAVES#1"": 0.0064743399134073445, ""FCC_L12#1"": 0.0007199111359502771, ""HCP_A3#2"": 0.0025709665255440233, ""ZRO2_MONO#1"": 0.0008670230243448187}",0.8,0.005,823.0
0.8,0.075,0.045,0.075,0.005,"{""BCC_B2#1"": 0.9893737408178939, ""C15_LAVES#1"": 0.0065029635380747415, ""FCC_L12#1"": 0.000712539290674954, ""HCP_A3#2"": 0.002553314022012442, ""ZRO2_MONO#1"": 0.0008574423313440684}",0.8,0.005,823.0
0.8,0.075,0.05,0.07,0.005,"{""BCC_B2#1"": 0.9876808783340748, ""C15_LAVES#1"": 0.00734561257832462, ""FCC_L12#1"": 0.000705204440670584, ""HCP_A3#1"": 0.0025361584263304533, ""HCP_A3#2"": 0.00173214622059983}",0.8,0.005,823.0
0.8,0.075,0.055,0.065,0.005,"{""BCC_B2#1"": 0.987717755179993, ""C15_LAVES#1"": 0.007345168470750583, ""FCC_L12#1"": 0.0006978170857607841, ""HCP_A3#1"": 0.0025183357528745683, ""HCP_A3#2"": 0.0017209235106210763}",0.8,0.005,823.0
0.8,0.075,0.06,0.06,0.005,"{""BCC_B2#1"": 0.9877651757961832, ""C15_LAVES#1"": 0.0073334535725418535, ""FCC_L12#1"": 0.000690430316411616, ""HCP_A3#1"": 0.0025004873774542658, ""HCP_A3#2"": 0.0017104529374095154}",0.8,0.005,823.0
0.8,0.075,0.065,0.055,0.005,"{""BCC_B2#1"": 0.9878239105530188, ""C15_LAVES#1"": 0.007309723942210296, ""FCC_L12#1"": 0.0006830433585086205, ""HCP_A3#1"": 0.0017007247811030464, ""HCP_A3#2"": 0.002482597365159242}",0.8,0.005,823.0
0.8,0.075,0.07,0.05,0.005,"{""BCC_B2#1"": 0.9878948412480208, ""C15_LAVES#1"": 0.007273127576228065, ""FCC_L12#1"": 0.0006756554595978013, ""HCP_A3#1"": 0.0016917248774085021, ""HCP_A3#2"": 0.002464650838744927}",0.8,0.005,823.0
0.8,0.075,0.075,0.045,0.005,"{""BCC_B2#1"": 0.9879789741577126, ""C15_LAVES#1"": 0.007222692009830092, ""FCC_L12#1"": 0.0006682658813856526, ""HCP_A3#1"": 0.001683434119206376, ""HCP_A3#2"": 0.0024466338318650496}",0.8,0.005,823.0
0.8,0.075,0.08,0.04,0.005,"{""BCC_B2#1"": 0.9880774552546161, ""C15_LAVES#1"": 0.007157310023248214, ""FCC_L12#1"": 0.0006608738932286731, ""HCP_A3#1"": 0.0016758276299057918, ""HCP_A3#2"": 0.0024285331990012596}",0.8,0.005,823.0
0.8,0.075,0.085,0.035,0.005,"{""BCC_B2#1"": 0.9881915875553762, ""C15_LAVES#1"": 0.007075723579104211, ""FCC_L12#1"": 0.0006534787665214454, ""HCP_A3#1"": 0.0016688735510936466, ""HCP_A3#2"": 0.0024103365479044058}",0.8,0.005,823.0
0.8,0.075,0.09,0.03,0.005,"{""BCC_B2#1"": 0.9883228507584353, ""C15_LAVES#1"": 0.006976505962078059, ""FCC_L12#1"": 0.0006460797699470519, ""HCP_A3#1"": 0.0016625313315918094, ""HCP_A3#2"": 0.0023920321779478805}",0.8,0.005,823.0
0.8,0.075,0.095,0.025,0.005,"{""BCC_B2#1"": 0.9884729234564317, ""C15_LAVES#1"": 0.006858042013144909, ""FCC_L12#1"": 0.0006386761654325895, ""HCP_A3#1"": 0.0016567493491071446, ""HCP_A3#2"": 0.0023736090158836282}",0.8,0.005,823.0
0.8,0.075,0.1,0.02,0.005,"{""BCC_B2#1"": 0.9886437083221271, ""C15_LAVES#1"": 0.006718506308679252, ""FCC_L12#1"": 0.0006312672047843223, ""HCP_A3#1"": 0.001651461620020937, ""HCP_A3#2"": 0.002355056544388282}",0.8,0.005,823.0
0.8,0.075,0.105,0.015,0.005,"{""BCC_B2#1"": 0.9888373607883147, ""C15_LAVES#1"": 0.006555839114526193, ""FCC_L12#1"": 0.0006238521268698574, ""HCP_A3#1"": 0.0016465832497640554, ""HCP_A3#2"": 0.0023363647205253465}",0.8,0.005,823.0
0.8,0.075,0.11,0.01,0.005,"{""BCC_B2#1"": 0.9890563218917562, ""C15_LAVES#1"": 0.006367719939298623, ""FCC_L12#1"": 0.0006164301553100454, ""HCP_A3#1"": 0.0016420041316067154, ""HCP_A3#2"": 0.0023175238820284643}",0.8,0.005,823.0
0.8,0.075,0.115,0.005,0.005,"{""BCC_B2#1"": 0.9893033561473455, ""C15_LAVES#1"": 0.006151538520389998, ""FCC_L12#1"": 0.0006090004966041964, ""HCP_A3#1"": 0.001637580196396737, ""HCP_A3#2"": 0.0022985246392635103}",0.8,0.005,823.0
0.8,0.075,0.12,0.0,0.005,"{""BCC_B2#1"": 0.9895815955835406, ""C15_LAVES#1"": 0.005904363103126163, ""FCC_L12#1"": 0.0006015623386640056, ""HCP_A3#1"": 0.0016331212241911942, ""HCP_A3#2"": 0.0022793577504779164}",0.8,0.005,823.0
0.8,0.08,0.0,0.115,0.005,"{""BCC_B2#1"": 0.989553351765883, ""C15_LAVES#1"": 0.006062422195553911, ""FCC_L12#1"": 0.00077095329830086, ""HCP_A3#2"": 0.0026790632999035982, ""ZRO2_MONO#1"": 0.0009342094403586774}",0.8,0.005,823.0
0.8,0.08,0.005,0.11,0.005,"{""BCC_B2#1"": 0.9894934024149137, ""C15_LAVES#1"": 0.006157445273187969, ""FCC_L12#1"": 0.0007634943613989054, ""HCP_A3#2"": 0.0026609909748743538, ""ZRO2_MONO#1"": 0.0009246669756249967}",0.8,0.005,823.0
0.8,0.08,0.01,0.105,0.005,"{""BCC_B2#1"": 0.9894401209007069, ""C15_LAVES#1"": 0.006245669070402203, ""FCC_L12#1"": 0.0007560534355066196, ""HCP_A3#2"": 0.0026430344492811334, ""ZRO2_MONO#1"": 0.0009151221441032232}",0.8,0.005,823.0
0.8,0.08,0.015,0.1,0.005,"{""BCC_B2#1"": 0.9893939383987139, ""C15_LAVES#1"": 0.006326682572334901, ""FCC_L12#1"": 0.0007486280036355093, ""HCP_A3#2"": 0.0026251765059298066, ""ZRO2_MONO#1"": 0.0009055745193858156}",0.8,0.005,823.0
0.8,0.08,0.02,0.095,0.005,"{""BCC_B2#1"": 0.9893552594029816, ""C15_LAVES#1"": 0.006400100071918586, ""FCC_L12#1"": 0.0007412157808208778, ""HCP_A3#2"": 0.002607400005930492, ""ZRO2_MONO#1"": 0.0008960247383485102}",0.8,0.005,823.0
0.8,0.08,0.025,0.09,0.005,"{""BCC_B2#1"": 0.9893244803392176, ""C15_LAVES#1"": 0.006465546150555109, ""FCC_L12#1"": 0.0007338146970723859, ""HCP_A3#2"": 0.0025896880094322294, ""ZRO2_MONO#1"": 0.0008864708037226836}",0.8,0.005,823.0
0.8,0.08,0.03,0.085,0.005,"{""BCC_B2#1"": 0.9893019994459737, ""C15_LAVES#1"": 0.006522641842186143, ""FCC_L12#1"": 0.0007264228734064105, ""HCP_A3#2"": 0.0025720238569215256, ""ZRO2_MONO#1"": 0.0008769119815124482}",0.8,0.005,823.0
0.8,0.08,0.035,0.08,0.005,"{""BCC_B2#1"": 0.9892882318866466, ""C15_LAVES#1"": 0.006570991036032828, ""FCC_L12#1"": 0.00071903860196298, ""HCP_A3#2"": 0.002554391251754654, ""ZRO2_MONO#1"": 0.0008673472236026075}",0.8,0.005,823.0
0.8,0.08,0.04,0.075,0.005,"{""BCC_B2#1"": 0.9892836241625939, ""C15_LAVES#1"": 0.006610167920493944, ""FCC_L12#1"": 0.0007116603268824496, ""HCP_A3#2"": 0.0025367743347545248, ""ZRO2_MONO#1"": 0.0008577732552751686}",0.8,0.005,823.0
0.8,0.08,0.045,0.07,0.005,"{""BCC_B2#1"": 0.9891998375899174, ""C15_LAVES#1"": 0.00668267132380387, ""FCC_L12#1"": 0.0007042881326639537, ""HCP_A3#1"": 0.002519173717188406, ""HCP_A3#2"": 9.002810519225263e-05, ""ZRO2_MONO#1"": 0.0008040011312339602}",0.8,0.005,823.0
0.8,0.08,0.05,0.065,0.005,"{""BCC_B2#1"": 0.9876114182584811, ""C15_LAVES#1"": 0.007475040930402098, ""FCC_L12#1"": 0.0006969307320019052, ""HCP_A3#1"": 0.0025017592760446317, ""HCP_A3#2"": 0.0017148508030700954}",0.8,0.005,823.0
0.8,0.08,0.055,0.06,0.005,"{""BCC_B2#1"": 0.9876476705251026, ""C15_LAVES#1"": 0.007474980599032771, ""FCC_L12#1"": 0.0006895412130635192, ""HCP_A3#1"": 0.0024839626965630075, ""HCP_A3#2"": 0.0017038449662380045}",0.8,0.005,823.0
0.8,0.08,0.06,0.055,0.005,"{""BCC_B2#1"": 0.9876947301912844, ""C15_LAVES#1"": 0.007463378771628044, ""FCC_L12#1"": 0.0006821526202021571, ""HCP_A3#1"": 0.0024661328727921743, ""HCP_A3#2"": 0.0016936055440933716}",0.8,0.005,823.0
0.8,0.08,0.065,0.05,0.005,"{""BCC_B2#1"": 0.9877533768106641, ""C15_LAVES#1"": 0.007439484309926514, ""FCC_L12#1"": 0.0006747641358711399, ""HCP_A3#1"": 0.0016841211935385199, ""HCP_A3#2"": 0.002448253549999719}",0.8,0.005,823.0
0.8,0.08,0.07,0.045,0.005,"{""BCC_B2#1"": 0.9878245052226127, ""C15_LAVES#1"": 0.007402434318581229, ""FCC_L12#1"": 0.0006673749722944892, ""HCP_A3#1"": 0.0016753759760357583, ""HCP_A3#2"": 0.002430309510475848}",0.8,0.005,823.0
0.8,0.08,0.075,0.04,0.005,"{""BCC_B2#1"": 0.9879091395614439, ""C15_LAVES#1"": 0.0073512408725883846, ""FCC_L12#1"": 0.0006599843622925047, ""HCP_A3#1"": 0.0016673487337337805, ""HCP_A3#2"": 0.002412286469941351}",0.8,0.005,823.0
0.8,0.08,0.08,0.035,0.005,"{""BCC_B2#1"": 0.9880084494169518, ""C15_LAVES#1"": 0.00728477590401701, ""FCC_L12#1"": 0.0006525915514035462, ""HCP_A3#1"": 0.001660012116165894, ""HCP_A3#2"": 0.002394171011462256}",0.8,0.005,823.0
0.8,0.08,0.085,0.03,0.005,"{""BCC_B2#1"": 0.9881237681866063, ""C15_LAVES#1"": 0.007201754312569835, ""FCC_L12#1"": 0.0006451957911777533, ""HCP_A3#1"": 0.0016533311789079404, ""HCP_A3#2"": 0.0023759505307383486}",0.8,0.005,823.0
0.8,0.08,0.09,0.025,0.005,"{""BCC_B2#1"": 0.9882566138339434, ""C15_LAVES#1"": 0.007100715230355252, ""FCC_L12#1"": 0.0006377963335292467, ""HCP_A3#1"": 0.0016472614217302045, ""HCP_A3#2"": 0.002357613180442291}",0.8,0.005,823.0
0.8,0.08,0.095,0.02,0.005,"{""BCC_B2#1"": 0.9884087123929264, ""C15_LAVES#1"": 0.006980001303787096, ""FCC_L12#1"": 0.0006303924259937108, ""HCP_A3#1"": 0.001641746069758155, ""HCP_A3#2"": 0.0023391478075348504}",0.8,0.005,823.0
0.8,0.08,0.1,0.015,0.005,"{""BCC_B2#1"": 0.9885820246743475, ""C15_LAVES#1"": 0.006837735821132873, ""FCC_L12#1"": 0.0006229833078032962, ""HCP_A3#1"": 0.0016367123164143622, ""HCP_A3#2"": 0.0023205438803018297}",0.8,0.005,823.0
0.8,0.08,0.105,0.01,0.005,"{""BCC_B2#1"": 0.9887787767614553, ""C15_LAVES#1"": 0.006671797499299387, ""FCC_L12#1"": 0.0006155682066334164, ""HCP_A3#1"": 0.001632066129595516, ""HCP_A3#2"": 0.002301791403016456}",0.8,0.005,823.0
0.8,0.08,0.11,0.005,0.005,"{""BCC_B2#1"": 0.9890014950471324, ""C15_LAVES#1"": 0.006479792743461292, ""FCC_L12#1"": 0.0006081463359968281, ""HCP_A3#1"": 0.0016276850569100904, ""HCP_A3#2"": 0.00228288081649939}",0.8,0.005,823.0
0.8,0.08,0.115,0.0,0.005,"{""BCC_B2#1"": 0.9892530467852487, ""C15_LAVES#1"": 0.0062590252080893475, ""FCC_L12#1"": 0.0006007168931485876, ""HCP_A3#1"": 0.0016234082308943694, ""HCP_A3#2"": 0.002263802882619403}",0.8,0.005,823.0
0.8,0.085,0.0,0.11,0.005,"{""BCC_B2#1"": 0.9894921064168829, ""C15_LAVES#1"": 0.006174388619971984, ""FCC_L12#1"": 0.0007628521283652328, ""HCP_A3#2"": 0.0026456865070148697, ""ZRO2_MONO#1"": 0.0009249663277650847}",0.8,0.005,823.0
0.8,0.085,0.005,0.105,0.005,"{""BCC_B2#1"": 0.989429229692535, ""C15_LAVES#1"": 0.006272285759563444, ""FCC_L12#1"": 0.0007553806439063372, ""HCP_A3#2"": 0.0026276802810982747, ""ZRO2_MONO#1"": 0.0009154236228970176}",0.8,0.005,823.0
0.8,0.085,0.01,0.1,0.005,"{""BCC_B2#1"": 0.98937329712535, ""C15_LAVES#1"": 0.006363106209576613, ""FCC_L12#1"": 0.0007479294717629628, ""HCP_A3#2"": 0.0026097887448123334, ""ZRO2_MONO#1"": 0.0009058784484977563}",0.8,0.005,823.0
0.8,0.085,0.015,0.095,0.005,"{""BCC_B2#1"": 0.9893247575993728, ""C15_LAVES#1"": 0.006446421833744329, ""FCC_L12#1"": 0.000740495689132192, ""HCP_A3#2"": 0.0025919937517353514, ""ZRO2_MONO#1"": 0.0008963311260153529}",0.8,0.005,823.0
0.8,0.085,0.02,0.09,0.005,"{""BCC_B2#1"": 0.9892840271616815, ""C15_LAVES#1"": 0.006521838698099385, ""FCC_L12#1"": 0.0007330766715516743, ""HCP_A3#2"": 0.0025742772772259746, ""ZRO2_MONO#1"": 0.0008867801914415564}",0.8,0.005,823.0
0.8,0.085,0.025,0.085,0.005,"{""BCC_B2#1"": 0.9892515037914916, ""C15_LAVES#1"": 0.006588979538630155, ""FCC_L12#1"": 0.0007256700624980852, ""HCP_A3#2"": 0.002556621529606473, ""ZRO2_MONO#1"": 0.0008772250777733504}",0.8,0.005,823.0
0.8,0.085,0.03,0.08,0.005,"{""BCC_B2#1"": 0.9892275864112174, ""C15_LAVES#1"": 0.006647467012361988, ""FCC_L12#1"": 0.0007182737461417663, ""HCP_A3#2"": 0.0025390090499778826, ""ZRO2_MONO#1"": 0.0008676637803007969}",0.8,0.005,823.0
0.8,0.085,0.035,0.075,0.005,"{""BCC_B2#1"": 0.9892126865330257, ""C15_LAVES#1"": 0.006696908711405832, ""FCC_L12#1"": 0.0007108858165842763, ""HCP_A3#2"": 0.0025214227836878166, ""ZRO2_MONO#1"": 0.0008580961552964167}",0.8,0.005,823.0
0.8,0.085,0.04,0.07,0.005,"{""BCC_B2#1"": 0.9892072474899839, ""C15_LAVES#1"": 0.006736882904986169, ""FCC_L12#1"": 0.0007035045546150832, ""HCP_A3#2"": 0.0025038461634517375, ""ZRO2_MONO#1"": 0.0008485188869631589}",0.8,0.005,823.0
0.8,0.085,0.045,0.065,0.005,"{""BCC_B2#1"": 0.9875249515657208, ""C15_LAVES#1"": 0.007583336683821714, ""FCC_L12#1"": 0.0006961464828869767, ""HCP_A3#1"": 0.0024863893740161153, ""HCP_A3#2"": 0.0017091758935542857}",0.8,0.005,823.0
0.8,0.085,0.05,0.06,0.005,"{""BCC_B2#1"": 0.9875506093723906, ""C15_LAVES#1"": 0.007594391816199276, ""FCC_L12#1"": 0.0006887519566534521, ""HCP_A3#1"": 0.0024686372379557836, ""HCP_A3#2"": 0.0016976096168008269}",0.8,0.005,823.0
0.8,0.085,0.055,0.055,0.005,"{""BCC_B2#1"": 0.9875866814518156, ""C15_LAVES#1"": 0.007594263309763289, ""FCC_L12#1"": 0.0006813595668660631, ""HCP_A3#1"": 0.0024508623551326597, ""HCP_A3#2"": 0.0016868333164223681}",0.8,0.005,823.0
0.8,0.085,0.06,0.05,0.005,"{""BCC_B2#1"": 0.9876338528277093, ""C15_LAVES#1"": 0.007582293446807907, ""FCC_L12#1"": 0.0006739684012883429, ""HCP_A3#1"": 0.002433046896208534, ""HCP_A3#2"": 0.0016768384279860994}",0.8,0.005,823.0
0.8,0.085,0.065,0.045,0.005,"{""BCC_B2#1"": 0.9876929157291047, ""C15_LAVES#1"": 0.00755772044776577, ""FCC_L12#1"": 0.0006665775986051135, ""HCP_A3#1"": 0.0024151742114848405, ""HCP_A3#2"": 0.001667612013039718}",0.8,0.005,823.0
0.7999999999999999,0.085,0.07,0.04,0.005,"{""BCC_B2#1"": 0.987764782221057, ""C15_LAVES#1"": 0.007519666403927257, ""FCC_L12#1"": 0.0006591863356558291, ""HCP_A3#1"": 0.0016591363459452664, ""HCP_A3#2"": 0.002397228693414718}",0.8,0.005,823.0
0.8,0.085,0.075,0.035,0.005,"{""BCC_B2#1"": 0.9878504991684195, ""C15_LAVES#1"": 0.007467123148399939, ""FCC_L12#1"": 0.0006517938164817575, ""HCP_A3#1"": 0.0016513881603281556, ""HCP_A3#2"": 0.0023791957063705447}",0.8,0.005,823.0
0.8,0.085,0.08,0.03,0.005,"{""BCC_B2#1"": 0.987951265362555, ""C15_LAVES#1"": 0.007398936320184604, ""FCC_L12#1"": 0.0006443992630084049, ""HCP_A3#1"": 0.001644337515835195, ""HCP_A3#2"": 0.0023610615384166774}",0.8,0.005,823.0
0.8,0.085,0.085,0.025,0.005,"{""BCC_B2#1"": 0.9880684509199602, ""C15_LAVES#1"": 0.007313787629918064, ""FCC_L12#1"": 0.0006370019072289244, ""HCP_A3#1"": 0.00234281335536392, ""HCP_A3#2"": 0.0016379461875288502}",0.8,0.005,823.0
0.8,0.085,0.09,0.02,0.005,"{""BCC_B2#1"": 0.98820361922463, ""C15_LAVES#1"": 0.007210175219947027, ""FCC_L12#1"": 0.0006296009846296943, ""HCP_A3#1"": 0.0023244391482898728, ""HCP_A3#2"": 0.0016321654225034037}",0.8,0.005,823.0
0.8,0.085,0.095,0.015,0.005,"{""BCC_B2#1"": 0.9883585518098392, ""C15_LAVES#1"": 0.007086391954096002, ""FCC_L12#1"": 0.0006221957287645143, ""HCP_A3#1"": 0.002305927670404287, ""HCP_A3#2"": 0.0016269328368961418}",0.8,0.005,823.0
0.8,0.085,0.1,0.01,0.005,"{""BCC_B2#1"": 0.988535276695991, ""C15_LAVES#1"": 0.006940501445377504, ""FCC_L12#1"": 0.0006147853667704117, ""HCP_A3#1"": 0.0016221681307724424, ""HCP_A3#2"": 0.0022872683610883323}",0.8,0.005,823.0
0.8,0.085,0.105,0.005,0.005,"{""BCC_B2#1"": 0.9887361008439192, ""C15_LAVES#1"": 0.0067703116205189385, ""FCC_L12#1"": 0.000607369115736552, ""HCP_A3#1"": 0.0016177671641829897, ""HCP_A3#2"": 0.0022684512556425587}",0.8,0.005,823.0
0.8,0.085,0.11,0.0,0.005,"{""BCC_B2#1"": 0.988963647566648, ""C15_LAVES#1"": 0.006573345625677833, ""FCC_L12#1"": 0.0005999461798084997, ""HCP_A3#1"": 0.002249466879201535, ""HCP_A3#2"": 0.0016135937486639303}",0.8,0.005,823.0
0.8,0.09,0.0,0.105,0.005,"{""BCC_B2#1"": 0.9894351861254231, ""C15_LAVES#1"": 0.006280848876521822, ""FCC_L12#1"": 0.0007548342358973441, ""HCP_A3#2"": 0.002613408658531482, ""ZRO2_MONO#1"": 0.0009157221036262407}",0.8,0.005,823.0
0.8,0.09,0.005,0.1,0.005,"{""BCC_B2#1"": 0.9893696568560577, ""C15_LAVES#1"": 0.006381348067120599, ""FCC_L12#1"": 0.0007473500261112426, ""HCP_A3#2"": 0.002595466030105361, ""ZRO2_MONO#1"": 0.0009061790206051414}",0.8,0.005,823.0
0.8,0.09,0.01,0.095,0.005,"{""BCC_B2#1"": 0.9893113565683066, ""C15_LAVES#1"": 0.006474484664360549, ""FCC_L12#1"": 0.000739888453308367, ""HCP_A3#2"": 0.0025776369843366607, ""ZRO2_MONO#1"": 0.0008966333296878693}",0.8,0.005,823.0
0.8,0.09,0.015,0.09,0.005,"{""BCC_B2#1"": 0.9892607549021418, ""C15_LAVES#1"": 0.006559811627150341, ""FCC_L12#1"": 0.0007324461622079553, ""HCP_A3#2"": 0.0025599024356530637, ""ZRO2_MONO#1"": 0.0008870848728466729}",0.8,0.005,823.0
0.8,0.09,0.02,0.085,0.005,"{""BCC_B2#1"": 0.9892182775600088, ""C15_LAVES#1"": 0.006636925938073584, ""FCC_L12#1"": 0.000725020167384248, ""HCP_A3#2"": 0.0025422434596955997, ""ZRO2_MONO#1"": 0.0008775328748375637}",0.8,0.005,823.0
0.8,0.09,0.025,0.08,0.005,"{""BCC_B2#1"": 0.9891843269619495, ""C15_LAVES#1"": 0.006705447536226697, ""FCC_L12#1"": 0.0007176078142007511, ""HCP_A3#2"": 0.002524641416731666, ""ZRO2_MONO#1"": 0.0008679762708915358}",0.8,0.005,823.0
0.8,0.09,0.03,0.075,0.005,"{""BCC_B2#1"": 0.9891593018614152, ""C15_LAVES#1"": 0.0067650001687277524, ""FCC_L12#1"": 0.0007102067406174313, ""HCP_A3#2"": 0.0025070780485178905, ""ZRO2_MONO#1"": 0.0008584131807215475}",0.8,0.005,823.0
0.8,0.09,0.035,0.07,0.005,"{""BCC_B2#1"": 0.9891436127881797, ""C15_LAVES#1"": 0.006815194057299436, ""FCC_L12#1"": 0.0007028148390022631, ""HCP_A3#2"": 0.0024895355533740104, ""ZRO2_MONO#1"": 0.0008488427621446949}",0.8,0.005,823.0
0.8,0.09,0.04,0.065,0.005,"{""BCC_B2#1"": 0.989137702052665, ""C15_LAVES#1"": 0.006855610127499839, ""FCC_L12#1"": 0.0006954302248827041, ""HCP_A3#2"": 0.0024719966671402707, ""ZRO2_MONO#1"": 0.0008392609278123808}",0.8,0.005,823.0
0.8,0.09,0.045,0.06,0.005,"{""BCC_B2#1"": 0.9874718469828394, ""C15_LAVES#1"": 0.007694001820743539, ""FCC_L12#1"": 0.0006880529555064128, ""HCP_A3#1"": 0.0016917667428789122, ""HCP_A3#2"": 0.002454331498031745}",0.8,0.005,823.0
0.8,0.09,0.05,0.055,0.005,"{""BCC_B2#1"": 0.9874974238590192, ""C15_LAVES#1"": 0.007704892134017127, ""FCC_L12#1"": 0.0006806547148421068, ""HCP_A3#1"": 0.002436603767114164, ""HCP_A3#2"": 0.0016804255250075064}",0.8,0.005,823.0
0.8,0.09,0.055,0.05,0.005,"{""BCC_B2#1"": 0.9875337203183124, ""C15_LAVES#1"": 0.007704282681712043, ""FCC_L12#1"": 0.0006732589158868612, ""HCP_A3#1"": 0.0024188464957011504, ""HCP_A3#2"": 0.0016698915883875745}",0.8,0.005,823.0
0.8,0.09,0.06,0.045,0.005,"{""BCC_B2#1"": 0.9875814334336316, ""C15_LAVES#1"": 0.007691505648092335, ""FCC_L12#1"": 0.0006658645929117647, ""HCP_A3#1"": 0.002401041433588206, ""HCP_A3#2"": 0.0016601548917761415}",0.8,0.005,823.0
0.8,0.09,0.065,0.04,0.005,"{""BCC_B2#1"": 0.9876413716817105, ""C15_LAVES#1"": 0.007665785081610766, ""FCC_L12#1"": 0.000658470841860897, ""HCP_A3#1"": 0.002383171486024366, ""HCP_A3#2"": 0.001651200908793601}",0.8,0.005,823.0
0.8,0.09,0.07,0.035,0.005,"{""BCC_B2#1"": 0.9877144685929072, ""C15_LAVES#1"": 0.0076262238810862765, ""FCC_L12#1"": 0.0006510768052700474, ""HCP_A3#1"": 0.002365220625023666, ""HCP_A3#2"": 0.001643010095712604}",0.8,0.005,823.0
0.8,0.09,0.075,0.03,0.005,"{""BCC_B2#1"": 0.9878017986776308, ""C15_LAVES#1"": 0.007571788818064313, ""FCC_L12#1"": 0.000643681659457294, ""HCP_A3#1"": 0.0023471738449384995, ""HCP_A3#2"": 0.0016355569999092566}",0.8,0.005,823.0
0.8,0.09,0.08,0.025,0.005,"{""BCC_B2#1"": 0.9879045955500614, ""C15_LAVES#1"": 0.007501293768031761, ""FCC_L12#1"": 0.0006362846037742459, ""HCP_A3#1"": 0.002329017127231648, ""HCP_A3#2"": 0.0016288089509009006}",0.8,0.005,823.0
0.8,0.09,0.085,0.02,0.005,"{""BCC_B2#1"": 0.988024272424649, ""C15_LAVES#1"": 0.007413381107507828, ""FCC_L12#1"": 0.0006288848516157945, ""HCP_A3#1"": 0.002310737400030411, ""HCP_A3#2"": 0.0016227242161969274}",0.8,0.005,823.0
0.8,0.09,0.09,0.015,0.005,"{""BCC_B2#1"": 0.9881624453151893, ""C15_LAVES#1"": 0.0073065011340035756, ""FCC_L12#1"": 0.0006214816229813109, ""HCP_A3#1"": 0.0022923224865422894, ""HCP_A3#2"": 0.0016172494412834185}",0.8,0.005,823.0
0.8,0.09,0.095,0.01,0.005,"{""BCC_B2#1"": 0.9883209593900927, ""C15_LAVES#1"": 0.007178889318719291, ""FCC_L12#1"": 0.000614074138356063, ""HCP_A3#1"": 0.0022737610398113643, ""HCP_A3#2"": 0.0016123161130204848}",0.8,0.005,823.0
0.8,0.09,0.1,0.005,0.005,"{""BCC_B2#1"": 0.9885019190655238, ""C15_LAVES#1"": 0.007028541181212565, ""FCC_L12#1"": 0.0006066616137139363, ""HCP_A3#1"": 0.0022550424625522934, ""HCP_A3#2"": 0.0016078356769973943}",0.8,0.005,823.0
0.8,0.09,0.105,0.0,0.005,"{""BCC_B2#1"": 0.98870772257404, ""C15_LAVES#1"": 0.006853184571872902, ""FCC_L12#1"": 0.0005992432565545347, ""HCP_A3#1"": 0.0022361568109907615, ""HCP_A3#2"": 0.0016036927865417478}",0.8,0.005,823.0
0.8,0.095,0.0,0.1,0.005,"{""BCC_B2#1"": 0.9893820139760631, ""C15_LAVES#1"": 0.006382543270682242, ""FCC_L12#1"": 0.0007468866282949, ""HCP_A3#2"": 0.0025820792117370846, ""ZRO2_MONO#1"": 0.0009064769132228548}",0.8,0.005,823.0
0.8,0.095,0.005,0.095,0.005,"{""BCC_B2#1"": 0.9893140904363873, ""C15_LAVES#1"": 0.006485388954006563, ""FCC_L12#1"": 0.000739389826341219, ""HCP_A3#2"": 0.002564197461839848, ""ZRO2_MONO#1"": 0.0008969333214249076}",0.8,0.005,823.0
0.8,0.095,0.01,0.09,0.005,"{""BCC_B2#1"": 0.9892536877972408, ""C15_LAVES#1"": 0.006580578692603189, ""FCC_L12#1"": 0.0007319179680160119, ""HCP_A3#2"": 0.0025464282172628886, ""ZRO2_MONO#1"": 0.0008873873248775729}",0.8,0.005,823.0
0.8,0.095,0.015,0.085,0.005,"{""BCC_B2#1"": 0.9892012984039269, ""C15_LAVES#1"": 0.006667644986077108, ""FCC_L12#1"": 0.0007244672450665477, ""HCP_A3#2"": 0.002528751432993726, ""ZRO2_MONO#1"": 0.0008778379319356622}",0.8,0.005,823.0
0.8,0.095,0.02,0.08,0.005,"{""BCC_B2#1"": 0.9891573593020404, ""C15_LAVES#1"": 0.006746174927934585, ""FCC_L12#1"": 0.0007170342984580391, ""HCP_A3#2"": 0.0025111472739389913, ""ZRO2_MONO#1"": 0.0008682841976280782}",0.8,0.005,823.0
0.8,0.095,0.025,0.075,0.005,"{""BCC_B2#1"": 0.9891222767451097, ""C15_LAVES#1"": 0.0068157851771158, ""FCC_L12#1"": 0.0007096161669067492, ""HCP_A3#2"": 0.0024935962432719692, ""ZRO2_MONO#1"": 0.0008587256675955303}",0.8,0.005,823.0
0.8,0.095,0.03,0.07,0.005,"{""BCC_B2#1"": 0.9890964500492613, ""C15_LAVES#1"": 0.006876099772035914, ""FCC_L12#1"": 0.0007022102384129249, ""HCP_A3#2"": 0.0024760792824026446, ""ZRO2_MONO#1"": 0.0008491606578872321}",0.8,0.005,823.0
0.8,0.095,0.035,0.065,0.005,"{""BCC_B2#1"": 0.9890802917072892, ""C15_LAVES#1"": 0.006926730693242681, ""FCC_L12#1"": 0.0006948142041077952, ""HCP_A3#2"": 0.0024585778511623407, ""ZRO2_MONO#1"": 0.0008395855441978671}",0.8,0.005,823.0
0.8,0.095,0.04,0.06,0.005,"{""BCC_B2#1"": 0.989074241977776, ""C15_LAVES#1"": 0.006967260309361515, ""FCC_L12#1"": 0.0006874260135104756, ""HCP_A3#2"": 0.002441073989464253, ""ZRO2_MONO#1"": 0.0008299977098876469}",0.8,0.005,823.0
0.8,0.095,0.045,0.055,0.005,"{""BCC_B2#1"": 0.9874251867114913, ""C15_LAVES#1"": 0.007797165845336756, ""FCC_L12#1"": 0.0006800301304628591, ""HCP_A3#1"": 0.002423212309381377, ""HCP_A3#2"": 0.0016744050033279329}",0.8,0.005,823.0
0.8,0.095,0.05,0.05,0.005,"{""BCC_B2#1"": 0.9874510351054021, ""C15_LAVES#1"": 0.0078075309600064, ""FCC_L12#1"": 0.0006726278187963374, ""HCP_A3#1"": 0.002405505029013229, ""HCP_A3#2"": 0.0016633010867819933}",0.8,0.005,823.0
0.8,0.095,0.055,0.045,0.005,"{""BCC_B2#1"": 0.9874879288999009, ""C15_LAVES#1"": 0.007806058717160122, ""FCC_L12#1"": 0.0006652282022623556, ""HCP_A3#1"": 0.002387761517325548, ""HCP_A3#2"": 0.0016530226633511443}",0.8,0.005,823.0
0.8,0.095,0.06,0.04,0.005,"{""BCC_B2#1"": 0.9875365802209235, ""C15_LAVES#1"": 0.007792068226681296, ""FCC_L12#1"": 0.000657830263953641, ""HCP_A3#1"": 0.0023699630461392735, ""HCP_A3#2"": 0.001643558242302092}",0.8,0.005,823.0
0.8,0.095,0.065,0.035,0.005,"{""BCC_B2#1"": 0.9875978174566916, ""C15_LAVES#1"": 0.007764765738073625, ""FCC_L12#1"": 0.0006504330592982919, ""HCP_A3#1"": 0.0023520920436151246, ""HCP_A3#2"": 0.0016348917023213448}",0.8,0.005,823.0
0.8,0.095,0.07,0.03,0.005,"{""BCC_B2#1"": 0.9876725999166516, ""C15_LAVES#1"": 0.007723230703810893, ""FCC_L12#1"": 0.0006430356985847673, ""HCP_A3#1"": 0.002334132044470968, ""HCP_A3#2"": 0.0016270016364819202}",0.8,0.005,823.0
0.8,0.095,0.075,0.025,0.005,"{""BCC_B2#1"": 0.9877620347374114, ""C15_LAVES#1"": 0.007666399953608297, ""FCC_L12#1"": 0.0006356373323074329, ""HCP_A3#1"": 0.0023160676652739967, ""HCP_A3#2"": 0.0016198603113987881}",0.8,0.005,823.0
0.8,0.095,0.08,0.02,0.005,"{""BCC_B2#1"": 0.9878673960422218, ""C15_LAVES#1"": 0.007593050076929829, ""FCC_L12#1"": 0.0006282371389359208, ""HCP_A3#1"": 0.0022978845782290107, ""HCP_A3#2"": 0.0016134321636837245}",0.8,0.005,823.0
0.8,0.095,0.085,0.015,0.005,"{""BCC_B2#1"": 0.987990146595246, ""C15_LAVES#1"": 0.007501777922147072, ""FCC_L12#1"": 0.0006208343148262303, ""HCP_A3#1"": 0.002279569473511626, ""HCP_A3#2"": 0.0016076716942688553}",0.8,0.005,823.0
0.8,0.095,0.09,0.01,0.005,"{""BCC_B2#1"": 0.9881319623394944, ""C15_LAVES#1"": 0.007390979036140224, ""FCC_L12#1"": 0.0006134280659177002, ""HCP_A3#1"": 0.00226111000666553, ""HCP_A3#2"": 0.0016025205517824065}",0.8,0.005,823.0
0.8,0.095,0.095,0.005,0.005,"{""BCC_B2#1"": 0.988294760332795, ""C15_LAVES#1"": 0.007258823830073952, ""FCC_L12#1"": 0.0006060176009585526, ""HCP_A3#1"": 0.0022424947298831147, ""HCP_A3#2"": 0.0015979035062889065}",0.8,0.005,823.0
0.8,0.095,0.1,0.0,0.005,"{""BCC_B2#1"": 0.9884807307332564, ""C15_LAVES#1"": 0.007103231243318614, ""FCC_L12#1"": 0.0005986021260970111, ""HCP_A3#1"": 0.002223713006572225, ""HCP_A3#2"": 0.0015937228907559507}",0.8,0.005,823.0
0.8,0.1,0.0,0.095,0.005,"{""BCC_B2#1"": 0.9893321216766725, ""C15_LAVES#1"": 0.006480075804289206, ""FCC_L12#1"": 0.0007389984814587965, ""HCP_A3#2"": 0.0025515731872609577, ""ZRO2_MONO#1"": 0.0008972308503184012}",0.8,0.005,823.0
0.8,0.1,0.005,0.09,0.005,"{""BCC_B2#1"": 0.9892620477271599, ""C15_LAVES#1"": 0.006585026747609998, ""FCC_L12#1"": 0.0007314894806465613, ""HCP_A3#2"": 0.0025337494245276826, ""ZRO2_MONO#1"": 0.0008876866200555906}",0.8,0.005,823.0
0.8,0.1,0.01,0.085,0.005,"{""BCC_B2#1"": 0.9891997942796582, ""C15_LAVES#1"": 0.006682021502813934, ""FCC_L12#1"": 0.0007240076738550788, ""HCP_A3#2"": 0.0025160371562270548, ""ZRO2_MONO#1"": 0.0008781393874454905}",0.8,0.005,823.0
0.8,0.1,0.015,0.08,0.005,"{""BCC_B2#1"": 0.9891458760110842, ""C15_LAVES#1"": 0.006770571062075956, ""FCC_L12#1"": 0.0007165487852157679, ""HCP_A3#2"": 0.002498415343605609, ""ZRO2_MONO#1"": 0.0008685887980183478}",0.8,0.005,823.0
0.8,0.1,0.02,0.075,0.005,"{""BCC_B2#1"": 0.9891007420220366, ""C15_LAVES#1"": 0.00685025189454141, ""FCC_L12#1"": 0.0007091090750703363, ""HCP_A3#2"": 0.002480863220045665, ""ZRO2_MONO#1"": 0.0008590337883057988}",0.8,0.005,823.0
0.8,0.1,0.025,0.07,0.005,"{""BCC_B2#1"": 0.9890648045581775, ""C15_LAVES#1"": 0.006920676779286763, ""FCC_L12#1"": 0.0007016852742512204, ""HCP_A3#2"": 0.00246336042333911, ""ZRO2_MONO#1"": 0.0008494729649453017}",0.8,0.005,823.0
0.8,0.1,0.03,0.065,0.005,"{""BCC_B2#1"": 0.989038464534688, ""C15_LAVES#1"": 0.006981469608823664, ""FCC_L12#1"": 0.0006942745219446398, ""HCP_A3#2"": 0.0024458870905868617, ""ZRO2_MONO#1"": 0.0008399042439567652}",0.8,0.005,823.0
0.8,0.1,0.035,0.06,0.005,"{""BCC_B2#1"": 0.9890221337969475, ""C15_LAVES#1"": 0.007032243165692004, ""FCC_L12#1"": 0.0006868743082685735, ""HCP_A3#2"": 0.0024284239337458353, ""ZRO2_MONO#1"": 0.0008303247953458886}",0.8,0.005,823.0
0.8,0.1,0.04,0.055,0.005,"{""BCC_B2#1"": 0.9887381055259034, ""C15_LAVES#1"": 0.007207546263137517, ""FCC_L12#1"": 0.0006794808107095264, ""HCP_A3#1"": 0.002410874369786347, ""HCP_A3#2"": 0.0002816970847185024, ""ZRO2_MONO#1"": 0.0006822959457446175}",0.8,0.005,823.0
0.8,0.1,0.045,0.05,0.005,"{""BCC_B2#1"": 0.987384320918003, ""C15_LAVES#1"": 0.007893613184260177, ""FCC_L12#1"": 0.0006720684999406389, ""HCP_A3#1"": 0.0023929045427956417, ""HCP_A3#2"": 0.0016570928550003305}",0.8,0.005,823.0
0.8,0.1,0.05,0.045,0.005,"{""BCC_B2#1"": 0.9874107694517256, ""C15_LAVES#1"": 0.007903115843866283, ""FCC_L12#1"": 0.0006646618625682073, ""HCP_A3#1"": 0.0016462388209480885, ""HCP_A3#2"": 0.0023752140208921566}",0.8,0.005,823.0
0.8,0.1,0.055,0.04,0.005,"{""BCC_B2#1"": 0.9874486083033917, ""C15_LAVES#1"": 0.007900423460626782, ""FCC_L12#1"": 0.0006572581184802433, ""HCP_A3#1"": 0.0023574806051244986, ""HCP_A3#2"": 0.001636229512376794}",0.8,0.005,823.0
0.8,0.1,0.06,0.035,0.005,"{""BCC_B2#1"": 0.9874985677783957, ""C15_LAVES#1"": 0.007884838963636976, ""FCC_L12#1"": 0.0006498562031531477, ""HCP_A3#1"": 0.0023396850505209943, ""HCP_A3#2"": 0.0016270520042933772}",0.8,0.005,823.0
0.8,0.1,0.065,0.03,0.005,"{""BCC_B2#1"": 0.9875614999418284, ""C15_LAVES#1"": 0.007855547070594115, ""FCC_L12#1"": 0.0006424551347203463, ""HCP_A3#1"": 0.0023218092894977615, ""HCP_A3#2"": 0.0016186885633596435}",0.8,0.005,823.0
0.8,0.1,0.07,0.025,0.005,"{""BCC_B2#1"": 0.9876383942856705, ""C15_LAVES#1"": 0.00781159944392954, ""FCC_L12#1"": 0.0006350539941030021, ""HCP_A3#1"": 0.0023038364129077693, ""HCP_A3#2"": 0.0016111158633894756}",0.8,0.005,823.0
0.8,0.1,0.075,0.02,0.005,"{""BCC_B2#1"": 0.987730395638653, ""C15_LAVES#1"": 0.007751898011681337, ""FCC_L12#1"": 0.0006276519085111679, ""HCP_A3#1"": 0.00228575065995347, ""HCP_A3#2"": 0.0016043037812011488}",0.8,0.005,823.0
0.8,0.1,0.08,0.015,0.005,"{""BCC_B2#1"": 0.9878388244080657, ""C15_LAVES#1"": 0.007675176480038203, ""FCC_L12#1"": 0.0006202480377944384, ""HCP_A3#1"": 0.0022675373976191785, ""HCP_A3#2"": 0.001598213676482556}",0.8,0.005,823.0
0.8,0.1,0.085,0.01,0.005,"{""BCC_B2#1"": 0.98796519946013, ""C15_LAVES#1"": 0.007579979900527579, ""FCC_L12#1"": 0.000612841563277012, ""HCP_A3#1"": 0.002249183083491314, ""HCP_A3#2"": 0.001592795992574135}",0.8,0.005,823.0
0.8,0.1,0.09,0.005,0.005,"{""BCC_B2#1"": 0.9881112640884889, ""C15_LAVES#1"": 0.007464642084302306, ""FCC_L12#1"": 0.0006054316786530244, ""HCP_A3#1"": 0.002230675210518122, ""HCP_A3#2"": 0.0015879869380374763}",0.8,0.005,823.0
0.8,0.1,0.095,0.0,0.005,"{""BCC_B2#1"": 0.988279015649706, ""C15_LAVES#1"": 0.007327260626668165, ""FCC_L12#1"": 0.00059801758264377, ""HCP_A3#1"": 0.002212002233626318, ""HCP_A3#2"": 0.0015837039073560608}",0.8,0.005,823.0
0.8,0.105,0.0,0.09,0.005,"{""BCC_B2#1"": 0.9892851245718346, ""C15_LAVES#1"": 0.006573944593116891, ""FCC_L12#1"": 0.0007311607642816128, ""HCP_A3#2"": 0.0025217856998229755, ""ZRO2_MONO#1"": 0.0008879843709439729}",0.8,0.005,823.0
0.8,0.105,0.005,0.085,0.005,"{""BCC_B2#1"": 0.9892131317377991, ""C15_LAVES#1"": 0.006680772233597089, ""FCC_L12#1"": 0.0007236401687357993, ""HCP_A3#2"": 0.0025040169106359134, ""ZRO2_MONO#1"": 0.0008784389492323889}",0.8,0.005,823.0
0.8,0.105,0.01,0.08,0.005,"{""BCC_B2#1"": 0.989149265032014, ""C15_LAVES#1"": 0.006779337030112873, ""FCC_L12#1"": 0.000716148924701407, ""HCP_A3#2"": 0.0024863587048114524, ""ZRO2_MONO#1"": 0.0008688903083601534}",0.8,0.005,823.0
0.8,0.105,0.015,0.075,0.005,"{""BCC_B2#1"": 0.9890940625659337, ""C15_LAVES#1"": 0.00686912747872077, ""FCC_L12#1"": 0.0007086822825592955, ""HCP_A3#2"": 0.0024687890090815162, ""ZRO2_MONO#1"": 0.0008593386637047085}",0.8,0.005,823.0
0.8,0.105,0.02,0.07,0.005,"{""BCC_B2#1"": 0.9890479872370521, ""C15_LAVES#1"": 0.006949708838725469, ""FCC_L12#1"": 0.0007012361220415565, ""HCP_A3#2"": 0.0024512860995202094, ""ZRO2_MONO#1"": 0.0008497817026606477}",0.8,0.005,823.0
0.8,0.105,0.025,0.065,0.005,"{""BCC_B2#1"": 0.9890114569031867, ""C15_LAVES#1"": 0.007020689816386236, ""FCC_L12#1"": 0.0006938068683776425, ""HCP_A3#2"": 0.002433828728856517, ""ZRO2_MONO#1"": 0.0008402176831925216}",0.8,0.005,823.0
0.8,0.105,0.03,0.06,0.005,"{""BCC_B2#1"": 0.9889848739460536, ""C15_LAVES#1"": 0.0070816934335936515, ""FCC_L12#1"": 0.0006863914163237992, ""HCP_A3#2"": 0.0024163962174023846, ""ZRO2_MONO#1"": 0.0008306449866265576}",0.8,0.005,823.0
0.8,0.105,0.035,0.055,0.005,"{""BCC_B2#1"": 0.9889686517668359, ""C15_LAVES#1"": 0.007132332360308302, ""FCC_L12#1"": 0.0006789870620467935, ""HCP_A3#2"": 0.0023989685281084103, ""ZRO2_MONO#1"": 0.0008210602827007824}",0.8,0.005,823.0
0.8,0.105,0.04,0.05,0.005,"{""BCC_B2#1"": 0.9873324708801215, ""C15_LAVES#1"": 0.007963704479198454, ""FCC_L12#1"": 0.0006715754329331598, ""HCP_A3#1"": 0.00238095068242639, ""HCP_A3#2"": 0.001651298525320499}",0.8,0.005,823.0
0.8,0.105,0.045,0.045,0.005,"{""BCC_B2#1"": 0.9873487134585063, ""C15_LAVES#1"": 0.007983992024576655, ""FCC_L12#1"": 0.0006641600294572688, ""HCP_A3#1"": 0.002363301999579721, ""HCP_A3#2"": 0.0016398324878800004}",0.8,0.005,823.0
0.8,0.105,0.05,0.04,0.005,"{""BCC_B2#1"": 0.9873760714375843, ""C15_LAVES#1"": 0.007992313538730604, ""FCC_L12#1"": 0.0006567488866941575, ""HCP_A3#1"": 0.0016292413729236694, ""HCP_A3#2"": 0.002345624764067466}",0.8,0.005,823.0
0.8,0.105,0.055,0.035,0.005,"{""BCC_B2#1"": 0.9874151828676754, ""C15_LAVES#1"": 0.007988063065844736, ""FCC_L12#1"": 0.0006493407779149371, ""HCP_A3#1"": 0.0023278979413276523, ""HCP_A3#2"": 0.0016195153472372981}",0.8,0.005,823.0
0.8,0.105,0.06,0.03,0.005,"{""BCC_B2#1"": 0.9874667994856771, ""C15_LAVES#1"": 0.007970524114910161, ""FCC_L12#1"": 0.0006419345955512907, ""HCP_A3#1"": 0.002310101744514568, ""HCP_A3#2"": 0.0016106400593467799}",0.8,0.005,823.0
0.8,0.105,0.065,0.025,0.005,"{""BCC_B2#1"": 0.98753180090881, ""C15_LAVES#1"": 0.007938856024719727, ""FCC_L12#1"": 0.0006345293244569933, ""HCP_A3#1"": 0.0022922176017801067, ""HCP_A3#2"": 0.0016025961402332132}",0.8,0.005,823.0
0.8,0.105,0.07,0.02,0.005,"{""BCC_B2#1"": 0.9876112113171169, ""C15_LAVES#1"": 0.007892078221741232, ""FCC_L12#1"": 0.0006271240196984224, ""HCP_A3#1"": 0.0022742281613095825, ""HCP_A3#2"": 0.0015953582801335742}",0.8,0.005,823.0
0.8,0.105,0.075,0.015,0.005,"{""BCC_B2#1"": 0.9877062183989838, ""C15_LAVES#1"": 0.0078290526768281, ""FCC_L12#1"": 0.0006197177882461627, ""HCP_A3#1"": 0.0022561172914940773, ""HCP_A3#2"": 0.001588893844447858}",0.8,0.005,823.0
0.8,0.105,0.08,0.01,0.005,"{""BCC_B2#1"": 0.9878181947294656, ""C15_LAVES#1"": 0.0077484645217317525, ""FCC_L12#1"": 0.0006123097740037157, ""HCP_A3#1"": 0.002237870063117607, ""HCP_A3#2"": 0.0015831609116814635}",0.8,0.005,823.0
0.8,0.105,0.085,0.005,0.005,"{""BCC_B2#1"": 0.9879487219536498, ""C15_LAVES#1"": 0.007648800645662594, ""FCC_L12#1"": 0.0006048991456239742, ""HCP_A3#1"": 0.0022194727106810285, ""HCP_A3#2"": 0.001578105544382586}",0.8,0.005,823.0
0.8,0.105,0.09,0.0,0.005,"{""BCC_B2#1"": 0.9880996182877038, ""C15_LAVES#1"": 0.00752832603471158, ""FCC_L12#1"": 0.0005974850866673012, ""HCP_A3#1"": 0.0022009125731375693, ""HCP_A3#2"": 0.0015736580177794146}",0.8,0.005,823.0
0.8,0.11,0.0,0.085,0.005,"{""BCC_B2#1"": 0.98924070557755, ""C15_LAVES#1"": 0.006664564318805229, ""FCC_L12#1"": 0.000723365935974239, ""HCP_A3#2"": 0.0024926278612571805, ""ZRO2_MONO#1"": 0.0008787363064132397}",0.8,0.005,823.0
0.8,0.11,0.005,0.08,0.005,"{""BCC_B2#1"": 0.9891670131322745, ""C15_LAVES#1"": 0.006773051380998142, ""FCC_L12#1"": 0.0007158345123843523, ""HCP_A3#2"": 0.002474910957362868, ""ZRO2_MONO#1"": 0.000869190016980179}",0.8,0.005,823.0
0.8,0.11,0.01,0.075,0.005,"{""BCC_B2#1"": 0.9891017578783871, ""C15_LAVES#1"": 0.006872962902090091, ""FCC_L12#1"": 0.0007083344732086668, ""HCP_A3#2"": 0.0024573038608205204, ""ZRO2_MONO#1"": 0.0008596408854936035}",0.8,0.005,823.0
0.8,0.11,0.015,0.07,0.005,"{""BCC_B2#1"": 0.9890455046608629, ""C15_LAVES#1"": 0.00696376375081021, ""FCC_L12#1"": 0.0007008605976494702, ""HCP_A3#2"": 0.0024397834173629927, ""ZRO2_MONO#1"": 0.0008500875733145754}",0.8,0.005,823.0
0.8,0.11,0.02,0.065,0.005,"{""BCC_B2#1"": 0.98899872893749, ""C15_LAVES#1"": 0.007045007940881024, ""FCC_L12#1"": 0.0006934083888777692, ""HCP_A3#2"": 0.0024223269061223567, ""ZRO2_MONO#1"": 0.000840527826628777}",0.8,0.005,823.0
0.8,0.11,0.025,0.06,0.005,"{""BCC_B2#1"": 0.9889618534140553, ""C15_LAVES#1"": 0.007116299584080196, ""FCC_L12#1"": 0.0006859739731753621, ""HCP_A3#2"": 0.002404912167292844, ""ZRO2_MONO#1"": 0.0008309608613962586}",0.8,0.005,823.0
0.8,0.11,0.03,0.055,0.005,"{""BCC_B2#1"": 0.9889352845676656, ""C15_LAVES#1"": 0.007177260228885477, ""FCC_L12#1"": 0.0006785540110349586, ""HCP_A3#2"": 0.002387517694389117, ""ZRO2_MONO#1"": 0.0008213834980248264}",0.8,0.005,823.0
0.8,0.11,0.035,0.05,0.005,"{""BCC_B2#1"": 0.9889194383741676, ""C15_LAVES#1"": 0.0072275016028647615, ""FCC_L12#1"": 0.000671145613893367, ""HCP_A3#2"": 0.0023701226937805, ""ZRO2_MONO#1"": 0.0008117917152941041}",0.8,0.005,823.0
0.8,0.11,0.04,0.045,0.005,"{""BCC_B2#1"": 0.9873008334140495, ""C15_LAVES#1"": 0.008049662215516961, ""FCC_L12#1"": 0.0006637180563646372, ""HCP_A3#1"": 0.002351947660001022, ""HCP_A3#2"": 0.0016338386540679596}",0.8,0.005,823.0
0.8,0.11,0.045,0.04,0.005,"{""BCC_B2#1"": 0.9873179173371874, ""C15_LAVES#1"": 0.008068843363323593, ""FCC_L12#1"": 0.0006562978888880078, ""HCP_A3#1"": 0.0023343151879278335, ""HCP_A3#2"": 0.001622626222672851}",0.8,0.005,823.0
0.8,0.11,0.05,0.035,0.005,"{""BCC_B2#1"": 0.9873464783659266, ""C15_LAVES#1"": 0.008075679937991164, ""FCC_L12#1"": 0.0006488821141432099, ""HCP_A3#1"": 0.001612311623063854, ""HCP_A3#2"": 0.0023166479588752078}",0.8,0.005,823.0
0.8,0.11,0.055,0.03,0.005,"{""BCC_B2#1"": 0.9873871737254848, ""C15_LAVES#1"": 0.008069548727638818, ""FCC_L12#1"": 0.0006414694556571549, ""HCP_A3#1"": 0.00229892437090858, ""HCP_A3#2"": 0.001602883720310567}",0.8,0.005,823.0
0.8,0.11,0.06,0.025,0.005,"{""BCC_B2#1"": 0.9874407799639612, ""C15_LAVES#1"": 0.008049710446440083, ""FCC_L12#1"": 0.0006340587681560023, ""HCP_A3#1"": 0.0022811240807633685, ""HCP_A3#2"": 0.001594326740679307}",0.8,0.005,823.0
0.8,0.11,0.065,0.02,0.005,"{""BCC_B2#1"": 0.9875082082421276, ""C15_LAVES#1"": 0.008015295086148727, ""FCC_L12#1"": 0.0006266490078248063, ""HCP_A3#1"": 0.0022632280115387217, ""HCP_A3#2"": 0.0015866196523602462}",0.8,0.005,823.0
0.8,0.11,0.07,0.015,0.005,"{""BCC_B2#1"": 0.9875905220455515, ""C15_LAVES#1"": 0.007965285278787725, ""FCC_L12#1"": 0.0006192392078332088, ""HCP_A3#1"": 0.0022452183758024354, ""HCP_A3#2"": 0.001579735092025084}",0.8,0.005,823.0
0.8,0.11,0.075,0.01,0.005,"{""BCC_B2#1"": 0.9876889572047266, ""C15_LAVES#1"": 0.007898497873429932, ""FCC_L12#1"": 0.0006118284583294014, ""HCP_A3#1"": 0.0022270786822203843, ""HCP_A3#2"": 0.001573637781293582}",0.8,0.005,823.0
0.8,0.11,0.08,0.005,0.005,"{""BCC_B2#1"": 0.9878049444718608, ""C15_LAVES#1"": 0.007813563625943471, ""FCC_L12#1"": 0.0006044158902253855, ""HCP_A3#1"": 0.0022087937179832776, ""HCP_A3#2"": 0.0015682822939869722}",0.8,0.005,823.0
0.8,0.11,0.085,0.0,0.005,"{""BCC_B2#1"": 0.9879401350932744, ""C15_LAVES#1"": 0.007708904781626715, ""FCC_L12#1"": 0.0005970006620908594, ""HCP_A3#1"": 0.0021903495069233265, ""HCP_A3#2"": 0.00156360995608454}",0.8,0.005,823.0
0.8,0.115,0.0,0.08,0.005,"{""BCC_B2#1"": 0.9891985974427372, ""C15_LAVES#1"": 0.0067522833463452584, ""FCC_L12#1"": 0.0007156076934525488, ""HCP_A3#2"": 0.002464023656186992, ""ZRO2_MONO#1"": 0.0008694878612779838}",0.8,0.005,823.0
0.8,0.115,0.005,0.075,0.005,"{""BCC_B2#1"": 0.9891234139792299, ""C15_LAVES#1"": 0.0068622229276553365, ""FCC_L12#1"": 0.000708066327551328, ""HCP_A3#2"": 0.002446355526919426, ""ZRO2_MONO#1"": 0.0008599412386439494}",0.8,0.005,823.0
0.8,0.115,0.01,0.07,0.005,"{""BCC_B2#1"": 0.9890569873446955, ""C15_LAVES#1"": 0.00696326792194077, ""FCC_L12#1"": 0.0007005582297987266, ""HCP_A3#2"": 0.0024287966035669395, ""ZRO2_MONO#1"": 0.0008503898999979064}",0.8,0.005,823.0
0.8,0.115,0.015,0.065,0.005,"{""BCC_B2#1"": 0.9889999057633093, ""C15_LAVES#1"": 0.007054859358949569, ""FCC_L12#1"": 0.0006930777133100116, ""HCP_A3#2"": 0.0024113225800709613, ""ZRO2_MONO#1"": 0.000840834584360071}",0.8,0.005,823.0
0.8,0.115,0.02,0.06,0.005,"{""BCC_B2#1"": 0.9889526584126384, ""C15_LAVES#1"": 0.0071365395293447546, ""FCC_L12#1"": 0.0006856199157044713, ""HCP_A3#2"": 0.0023939096962113616, ""ZRO2_MONO#1"": 0.0008312724461010121}",0.8,0.005,823.0
0.8,0.115,0.025,0.055,0.005,"{""BCC_B2#1"": 0.9889156755806209, ""C15_LAVES#1"": 0.007207907681103954, ""FCC_L12#1"": 0.0006781806777938654, ""HCP_A3#2"": 0.002376534855804659, ""ZRO2_MONO#1"": 0.000821701204676808}",0.8,0.005,823.0
0.8,0.115,0.03,0.05,0.005,"{""BCC_B2#1"": 0.9888893661642392, ""C15_LAVES#1"": 0.007268583434116501, ""FCC_L12#1"": 0.0006707564363455869, ""HCP_A3#2"": 0.002359175701233103, ""ZRO2_MONO#1"": 0.0008121182640657071}",0.8,0.005,823.0
0.8,0.115,0.035,0.045,0.005,"{""BCC_B2#1"": 0.9888741502268313, ""C15_LAVES#1"": 0.007318176315736515, ""FCC_L12#1"": 0.0006633441299418319, ""HCP_A3#2"": 0.0023418106715190593, ""ZRO2_MONO#1"": 0.0008025186559712501}",0.8,0.005,823.0
0.8,0.115,0.04,0.04,0.005,"{""BCC_B2#1"": 0.987273365081877, ""C15_LAVES#1"": 0.008130823931590814, ""FCC_L12#1"": 0.0006559011960117252, ""HCP_A3#1"": 0.0023234872980021255, ""HCP_A3#2"": 0.0016164224925182852}",0.8,0.005,823.0
0.8,0.115,0.045,0.035,0.005,"{""BCC_B2#1"": 0.9872915564816087, ""C15_LAVES#1"": 0.008148622670087806, ""FCC_L12#1"": 0.0006484762384952474, ""HCP_A3#1"": 0.0023058680201916153, ""HCP_A3#2"": 0.0016054765896168707}",0.8,0.005,823.0
0.8,0.115,0.05,0.03,0.005,"{""BCC_B2#1"": 0.9873216014041134, ""C15_LAVES#1"": 0.008153682405963796, ""FCC_L12#1"": 0.0006410557405451313, ""HCP_A3#1"": 0.0022882076905871634, ""HCP_A3#2"": 0.001595452758790411}",0.8,0.005,823.0
0.8,0.115,0.055,0.025,0.005,"{""BCC_B2#1"": 0.9873641791459322, ""C15_LAVES#1"": 0.008145359764330005, ""FCC_L12#1"": 0.0006336383828278711, ""HCP_A3#1"": 0.0022704841135574735, ""HCP_A3#2"": 0.001586338593352417}",0.8,0.005,823.0
0.8,0.115,0.06,0.02,0.005,"{""BCC_B2#1"": 0.98742009457464, ""C15_LAVES#1"": 0.008122889152519155, ""FCC_L12#1"": 0.0006262229882486994, ""HCP_A3#1"": 0.002252676383031963, ""HCP_A3#2"": 0.001578116901560447}",0.8,0.005,823.0
0.8,0.115,0.065,0.015,0.005,"{""BCC_B2#1"": 0.9874902945065622, ""C15_LAVES#1"": 0.008085367120606693, ""FCC_L12#1"": 0.000618808489329351, ""HCP_A3#1"": 0.0022347649221539155, ""HCP_A3#2"": 0.001570764961347926}",0.8,0.005,823.0
0.8,0.115,0.07,0.01,0.005,"{""BCC_B2#1"": 0.9875758864698267, ""C15_LAVES#1"": 0.008031734826629677, ""FCC_L12#1"": 0.0006113939015953967, ""HCP_A3#1"": 0.0022167315192399405, ""HCP_A3#2"": 0.0015642532827082572}",0.8,0.005,823.0
0.8,0.115,0.075,0.005,0.005,"{""BCC_B2#1"": 0.9876781598452249, ""C15_LAVES#1"": 0.007960758712783633, ""FCC_L12#1"": 0.0006039783020090542, ""HCP_A3#1"": 0.0021985593375345876, ""HCP_A3#2"": 0.0015585438024477197}",0.8,0.005,823.0
0.8,0.115,0.08,0.0,0.005,"{""BCC_B2#1"": 0.9877986097117653, ""C15_LAVES#1"": 0.007871009232969153, ""FCC_L12#1"": 0.0005965608116126777, ""HCP_A3#1"": 0.0021802328956644296, ""HCP_A3#2"": 0.0015535873479887233}",0.8,0.005,823.0
0.8,0.12,0.0,0.075,0.005,"{""BCC_B2#1"": 0.9891585765904466, ""C15_LAVES#1"": 0.006837396456806573, ""FCC_L12#1"": 0.0007078807673753315, ""HCP_A3#2"": 0.0024359075608304504, ""ZRO2_MONO#1"": 0.0008602386245412342}",0.8,0.005,823.0
0.8,0.12,0.005,0.07,0.005,"{""BCC_B2#1"": 0.9890821029534552, ""C15_LAVES#1"": 0.006948590744171842, ""FCC_L12#1"": 0.0007003304252148345, ""HCP_A3#2"": 0.0024182851247938853, ""ZRO2_MONO#1"": 0.0008506907523643226}",0.8,0.005,823.0
0.8,0.12,0.01,0.065,0.005,"{""BCC_B2#1"": 0.9890147103354946, ""C15_LAVES#1"": 0.007050565353226372, ""FCC_L12#1"": 0.0006928150615303529, ""HCP_A3#2"": 0.002400771486885501, ""ZRO2_MONO#1"": 0.0008411377628631495}",0.8,0.005,823.0
0.8,0.12,0.015,0.06,0.005,"{""BCC_B2#1"": 0.9889570133174997, ""C15_LAVES#1"": 0.007142736956375523, ""FCC_L12#1"": 0.0006853285390272551, ""HCP_A3#2"": 0.002383341123503463, ""ZRO2_MONO#1"": 0.0008315800635937623}",0.8,0.005,823.0
0.8,0.12,0.02,0.055,0.005,"{""BCC_B2#1"": 0.9889095150111393, ""C15_LAVES#1"": 0.007224635893878107, ""FCC_L12#1"": 0.0006778656450126362, ""HCP_A3#2"": 0.0023659691840908813, ""ZRO2_MONO#1"": 0.000822014265879113}",0.8,0.005,823.0
0.8,0.12,0.025,0.05,0.005,"{""BCC_B2#1"": 0.988872651331618, ""C15_LAVES#1"": 0.007295856327951234, ""FCC_L12#1"": 0.0006704219487518536, ""HCP_A3#2"": 0.0023486315961126743, ""ZRO2_MONO#1"": 0.0008124387955663251}",0.8,0.005,823.0
0.8,0.12,0.03,0.045,0.005,"{""BCC_B2#1"": 0.9888468366571237, ""C15_LAVES#1"": 0.0073560151657933405, ""FCC_L12#1"": 0.0006629936796916339, ""HCP_A3#2"": 0.002331305133413843, ""ZRO2_MONO#1"": 0.0008028493639774942}",0.8,0.005,823.0
0.8,0.12,0.035,0.04,0.005,"{""BCC_B2#1"": 0.9888324955519786, ""C15_LAVES#1"": 0.007404718876605713, ""FCC_L12#1"": 0.0006555776168922028, ""HCP_A3#2"": 0.00231396745253522, ""ZRO2_MONO#1"": 0.0007932405019883064}",0.8,0.005,823.0
0.8,0.12,0.04,0.035,0.005,"{""BCC_B2#1"": 0.9872497573280766, ""C15_LAVES#1"": 0.008207566477121007, ""FCC_L12#1"": 0.000648119810400171, ""HCP_A3#1"": 0.0022955041809300616, ""HCP_A3#2"": 0.0015990522034720676}",0.8,0.005,823.0
0.8,0.12,0.045,0.03,0.005,"{""BCC_B2#1"": 0.9872693120149196, ""C15_LAVES#1"": 0.008223716266609369, ""FCC_L12#1"": 0.0006406900574305251, ""HCP_A3#1"": 0.0022778952802869393, ""HCP_A3#2"": 0.0015883863807533345}",0.8,0.005,823.0
0.8,0.12,0.05,0.025,0.005,"{""BCC_B2#1"": 0.9873011113391508, ""C15_LAVES#1"": 0.008226716668363223, ""FCC_L12#1"": 0.0006332647662619284, ""HCP_A3#1"": 0.002260238901991566, ""HCP_A3#2"": 0.001578668324232613}",0.8,0.005,823.0
0.8,0.12,0.055,0.02,0.005,"{""BCC_B2#1"": 0.9873458597058765, ""C15_LAVES#1"": 0.008215901084834297, ""FCC_L12#1"": 0.0006258425820799561, ""HCP_A3#1"": 0.0022425122396057054, ""HCP_A3#2"": 0.0015698843876033907}",0.8,0.005,823.0
0.8,0.12,0.06,0.015,0.005,"{""BCC_B2#1"": 0.9874043939388787, ""C15_LAVES#1"": 0.008190473965850932, ""FCC_L12#1"": 0.0006184223021830343, ""HCP_A3#1"": 0.002224693824182864, ""HCP_A3#2"": 0.0015620159689042948}",0.8,0.005,823.0
0.8,0.12,0.065,0.01,0.005,"{""BCC_B2#1"": 0.9874777007453751, ""C15_LAVES#1"": 0.008149494194362719, ""FCC_L12#1"": 0.0006110028406500422, ""HCP_A3#1"": 0.0022067635883938935, ""HCP_A3#2"": 0.0015550386312179747}",0.8,0.005,823.0
0.8,0.12,0.07,0.005,0.005,"{""BCC_B2#1"": 0.9875669365582738, ""C15_LAVES#1"": 0.008091856646669462, ""FCC_L12#1"": 0.0006035831997616197, ""HCP_A3#1"": 0.0021887029107252667, ""HCP_A3#2"": 0.0015489206845695975}",0.8,0.005,823.0
0.8,0.12,0.075,0.0,0.005,"{""BCC_B2#1"": 0.9876734498516833, ""C15_LAVES#1"": 0.008016271942486925, ""FCC_L12#1"": 0.0005961624470226585, ""HCP_A3#1"": 0.002170494625379325, ""HCP_A3#2"": 0.0015436211334280147}",0.8,0.005,823.0
0.8,0.125,0.0,0.07,0.005,"{""BCC_B2#1"": 0.9891204531201007, ""C15_LAVES#1"": 0.00692015488180104, ""FCC_L12#1"": 0.0007001807480683921, ""HCP_A3#2"": 0.0024082226823276417, ""ZRO2_MONO#1"": 0.0008509885677021252}",0.8,0.005,823.0
0.8,0.125,0.005,0.065,0.005,"{""BCC_B2#1"": 0.9890428804097472, ""C15_LAVES#1"": 0.007032414579497865, ""FCC_L12#1"": 0.0006926224387241288, ""HCP_A3#2"": 0.0023906429247103097, ""ZRO2_MONO#1"": 0.0008414396473205283}",0.8,0.005,823.0
0.8,0.125,0.01,0.06,0.005,"{""BCC_B2#1"": 0.9889747195835163, ""C15_LAVES#1"": 0.007135123375926671, ""FCC_L12#1"": 0.000685100629918239, ""HCP_A3#2"": 0.0023731717787934983, ""ZRO2_MONO#1"": 0.0008318846318452262}",0.8,0.005,823.0
0.8,0.125,0.015,0.055,0.005,"{""BCC_B2#1"": 0.9889166123644284, ""C15_LAVES#1"": 0.007227672987076232, ""FCC_L12#1"": 0.0006776087534372196, ""HCP_A3#2"": 0.002355782423269213, ""ZRO2_MONO#1"": 0.0008223234717887305}",0.8,0.005,823.0
0.8,0.125,0.02,0.05,0.005,"{""BCC_B2#1"": 0.9888690733079668, ""C15_LAVES#1"": 0.00730958192916843, ""FCC_L12#1"": 0.0006701412640058801, ""HCP_A3#2"": 0.0023384488549186597, ""ZRO2_MONO#1"": 0.0008127546439402094}",0.8,0.005,823.0
0.8,0.125,0.025,0.045,0.005,"{""BCC_B2#1"": 0.9888325485745686, ""C15_LAVES#1"": 0.0073804389097076595, ""FCC_L12#1"": 0.0006626934807296035, ""HCP_A3#2"": 0.002321145996026804, ""ZRO2_MONO#1"": 0.0008031730389673018}",0.8,0.005,823.0
0.8,0.125,0.03,0.04,0.005,"{""BCC_B2#1"": 0.9888074550027461, ""C15_LAVES#1"": 0.007439857515296957, ""FCC_L12#1"": 0.0006552614402571495, ""HCP_A3#2"": 0.0023038497175720215, ""ZRO2_MONO#1"": 0.0007935763241278999}",0.8,0.005,823.0
0.8,0.125,0.035,0.035,0.005,"{""BCC_B2#1"": 0.9882228010760244, ""C15_LAVES#1"": 0.007765305129947316, ""FCC_L12#1"": 0.000647828367343969, ""HCP_A3#1"": 0.00228613819613344, ""HCP_A3#2"": 0.000578447991840338, ""ZRO2_MONO#1"": 0.0004994792387102026}",0.8,0.005,823.0
0.8,0.125,0.04,0.03,0.005,"{""BCC_B2#1"": 0.987229746503637, ""C15_LAVES#1"": 0.008280211967179358, ""FCC_L12#1"": 0.0006403695507270541, ""HCP_A3#1"": 0.0022679418197316197, ""HCP_A3#2"": 0.0015817301587250693}",0.8,0.005,823.0
0.8,0.125,0.045,0.025,0.005,"{""BCC_B2#1"": 0.9872509117732027, ""C15_LAVES#1"": 0.008294453875999381, ""FCC_L12#1"": 0.0006329350053736755, ""HCP_A3#1"": 0.0022503406599045867, ""HCP_A3#2"": 0.0015713586855196828}",0.8,0.005,823.0
0.8,0.125,0.05,0.02,0.005,"{""BCC_B2#1"": 0.9872847276917727, ""C15_LAVES#1"": 0.008295119758205505, ""FCC_L12#1"": 0.0006255048610597175, ""HCP_A3#1"": 0.002232685432709061, ""HCP_A3#2"": 0.0015619622562531097}",0.8,0.005,823.0
0.8,0.125,0.055,0.015,0.005,"{""BCC_B2#1"": 0.987331926946918, ""C15_LAVES#1"": 0.008281516583576207, ""FCC_L12#1"": 0.0006180777351322515, ""HCP_A3#1"": 0.002214952711091393, ""HCP_A3#2"": 0.0015535260232823007}",0.8,0.005,823.0
0.8,0.125,0.06,0.01,0.005,"{""BCC_B2#1"": 0.9873933820824439, ""C15_LAVES#1"": 0.008252815054404287, ""FCC_L12#1"": 0.0006106524056273155, ""HCP_A3#1"": 0.0021971204679733184, ""HCP_A3#2"": 0.0015460299895510216}",0.8,0.005,823.0
0.8,0.125,0.065,0.005,0.005,"{""BCC_B2#1"": 0.9874701240564929, ""C15_LAVES#1"": 0.008208032026718118, ""FCC_L12#1"": 0.0006032277734695634, ""HCP_A3#1"": 0.0021791681581731794, ""HCP_A3#2"": 0.0015394479851461812}",0.8,0.005,823.0
0.8,0.125,0.07,0.0,0.005,"{""BCC_B2#1"": 0.9875633631985851, ""C15_LAVES#1"": 0.00814601115280068, ""FCC_L12#1"": 0.0005958028321090102, ""HCP_A3#1"": 0.0021610767666867727, ""HCP_A3#2"": 0.0015337460498183546}",0.8,0.005,823.0
0.8,0.13,0.0,0.065,0.005,"{""BCC_B2#1"": 0.9890840650656343, ""C15_LAVES#1"": 0.007000774042000795, ""FCC_L12#1"": 0.0006925039412363674, ""HCP_A3#2"": 0.0023809193047800007, ""ZRO2_MONO#1"": 0.000841737646348605}",0.8,0.005,823.0
0.8,0.13,0.005,0.06,0.005,"{""BCC_B2#1"": 0.9890055781420798, ""C15_LAVES#1"": 0.0071139175430419725, ""FCC_L12#1"": 0.0006849386880589983, ""HCP_A3#2"": 0.0023633793219567565, ""ZRO2_MONO#1"": 0.0008321863048624495}",0.8,0.005,823.0
0.8,0.13,0.01,0.055,0.005,"{""BCC_B2#1"": 0.9889368388266184, ""C15_LAVES#1"": 0.007217172513684076, ""FCC_L12#1"": 0.0006774112564830727, ""HCP_A3#2"": 0.002345947997580408, ""ZRO2_MONO#1"": 0.0008226294056340212}",0.8,0.005,823.0
0.8,0.13,0.015,0.05,0.005,"{""BCC_B2#1"": 0.9888785171047955, ""C15_LAVES#1"": 0.007309905656888247, ""FCC_L12#1"": 0.0006699146720578792, ""HCP_A3#2"": 0.002328597127234957, ""ZRO2_MONO#1"": 0.0008130654390235001}",0.8,0.005,823.0
0.8,0.13,0.02,0.045,0.005,"{""BCC_B2#1"": 0.988831142241566, ""C15_LAVES#1"": 0.007391623429534104, ""FCC_L12#1"": 0.0006624430817749717, ""HCP_A3#2"": 0.002311299500554867, ""ZRO2_MONO#1"": 0.0008034917465700784}",0.8,0.005,823.0
0.8,0.13,0.025,0.04,0.005,"{""BCC_B2#1"": 0.9887951661025015, ""C15_LAVES#1"": 0.007461908754573508, ""FCC_L12#1"": 0.0006549915721386355, ""HCP_A3#2"": 0.002294028981072124, ""ZRO2_MONO#1"": 0.0007939045897139713}",0.8,0.005,823.0
0.8,0.13,0.03,0.035,0.005,"{""BCC_B2#1"": 0.9887710137774403, ""C15_LAVES#1"": 0.007520371100419512, ""FCC_L12#1"": 0.000647556009006705, ""HCP_A3#2"": 0.0022767605205679777, ""ZRO2_MONO#1"": 0.000784298592565685}",0.8,0.005,823.0
0.8,0.13,0.035,0.03,0.005,"{""BCC_B2#1"": 0.987202528514752, ""C15_LAVES#1"": 0.00832353182235464, ""FCC_L12#1"": 0.0006400918819352977, ""HCP_A3#1"": 0.0022583115776306194, ""HCP_A3#2"": 0.0015755362033272903}",0.8,0.005,823.0
0.8,0.13,0.04,0.025,0.005,"{""BCC_B2#1"": 0.9872131060321291, ""C15_LAVES#1"": 0.008349037247478052, ""FCC_L12#1"": 0.0006326466459005003, ""HCP_A3#1"": 0.0022407511098514366, ""HCP_A3#2"": 0.001564458964641141}",0.8,0.005,823.0
0.8,0.13,0.045,0.02,0.005,"{""BCC_B2#1"": 0.9872361221947263, ""C15_LAVES#1"": 0.008361118358847964, ""FCC_L12#1"": 0.0006252073103023909, ""HCP_A3#1"": 0.002223155219886628, ""HCP_A3#2"": 0.001554396916236988}",0.8,0.005,823.0
0.8,0.13,0.05,0.015,0.005,"{""BCC_B2#1"": 0.9872722102853533, ""C15_LAVES#1"": 0.008359180064856047, ""FCC_L12#1"": 0.000617772254430446, ""HCP_A3#1"": 0.002205498482463251, ""HCP_A3#2"": 0.0015453389128971332}",0.8,0.005,823.0
0.8,0.13,0.055,0.01,0.005,"{""BCC_B2#1"": 0.9873221345797721, ""C15_LAVES#1"": 0.008342499544636613, ""FCC_L12#1"": 0.0006103400754560637, ""HCP_A3#1"": 0.002187756845838444, ""HCP_A3#2"": 0.0015372689542966912}",0.8,0.005,823.0
0.8,0.13,0.06,0.005,0.005,"{""BCC_B2#1"": 0.9873868072304776, ""C15_LAVES#1"": 0.008310209823083161, ""FCC_L12#1"": 0.000602909538485653, ""HCP_A3#1"": 0.002169907733093362, ""HCP_A3#2"": 0.0015301656748603516}",0.8,0.005,823.0
0.8,0.13,0.065,0.0,0.005,"{""BCC_B2#1"": 0.9874673079316447, ""C15_LAVES#1"": 0.008261281232027476, ""FCC_L12#1"": 0.0005954795364945959, ""HCP_A3#1"": 0.0021519301358194185, ""HCP_A3#2"": 0.0015240011640137569}",0.8,0.005,823.0
0.8,0.135,0.0,0.06,0.005,"{""BCC_B2#1"": 0.9890492735577598, ""C15_LAVES#1"": 0.007079439658521132, ""FCC_L12#1"": 0.0006848472466022737, ""HCP_A3#2"": 0.0023539537369823334, ""ZRO2_MONO#1"": 0.0008324858001344817}",0.8,0.005,823.0
0.8,0.135,0.005,0.055,0.005,"{""BCC_B2#1"": 0.9889700481669584, ""C15_LAVES#1"": 0.007193292475068712, ""FCC_L12#1"": 0.0006772760589752309, ""HCP_A3#2"": 0.002336450760375875, ""ZRO2_MONO#1"": 0.0008229325386220543}",0.8,0.005,823.0
0.8,0.135,0.01,0.05,0.005,"{""BCC_B2#1"": 0.9889009143012528, ""C15_LAVES#1"": 0.007296912542270169, ""FCC_L12#1"": 0.000669743808594011, ""HCP_A3#2"": 0.0023190567407422136, ""ZRO2_MONO#1"": 0.0008133726071408868}",0.8,0.005,823.0
0.8,0.135,0.015,0.045,0.005,"{""BCC_B2#1"": 0.9888425681186279, ""C15_LAVES#1"": 0.007389641422153751, ""FCC_L12#1"": 0.0006622431409732269, ""HCP_A3#2"": 0.002301741991135032, ""ZRO2_MONO#1"": 0.0008038053271100454}",0.8,0.005,823.0
0.8,0.135,0.02,0.04,0.005,"{""BCC_B2#1"": 0.9887955541555709, ""C15_LAVES#1"": 0.007470973440759281, ""FCC_L12#1"": 0.0006547679210766704, ""HCP_A3#2"": 0.0022844780298123695, ""ZRO2_MONO#1"": 0.0007942264527806695}",0.8,0.005,823.0
0.8,0.135,0.025,0.035,0.005,"{""BCC_B2#1"": 0.988760331991979, ""C15_LAVES#1"": 0.007540485448287177, ""FCC_L12#1"": 0.0006473130265935111, ""HCP_A3#2"": 0.002267237621221318, ""ZRO2_MONO#1"": 0.0007846319119192846}",0.8,0.005,823.0
0.8,0.135,0.03,0.03,0.005,"{""BCC_B2#1"": 0.9887373340244057, ""C15_LAVES#1"": 0.0075977818793129285, ""FCC_L12#1"": 0.000639874171082112, ""HCP_A3#2"": 0.0022499947640330625, ""ZRO2_MONO#1"": 0.0007750151611665277}",0.8,0.005,823.0
0.8,0.135,0.035,0.025,0.005,"{""BCC_B2#1"": 0.9871873866779284, ""C15_LAVES#1"": 0.008390750157244135, ""FCC_L12#1"": 0.0006323976833714499, ""HCP_A3#1"": 0.0022314403183727634, ""HCP_A3#2"": 0.0015580251630833897}",0.8,0.005,823.0
0.8,0.135,0.04,0.02,0.005,"{""BCC_B2#1"": 0.9871996402766354, ""C15_LAVES#1"": 0.008414281323042618, ""FCC_L12#1"": 0.0006249478087423866, ""HCP_A3#1"": 0.0022138891115977325, ""HCP_A3#2"": 0.001547241479981977}",0.8,0.005,823.0
0.8,0.135,0.045,0.015,0.005,"{""BCC_B2#1"": 0.9872247419636457, ""C15_LAVES#1"": 0.008423953358405206, ""FCC_L12#1"": 0.0006175036770300606, ""HCP_A3#1"": 0.002196296172892867, ""HCP_A3#2"": 0.0015375048280257203}",0.8,0.005,823.0
0.8,0.135,0.05,0.01,0.005,"{""BCC_B2#1"": 0.9872633526303015, ""C15_LAVES#1"": 0.008419145229996493, ""FCC_L12#1"": 0.0006100636462231191, ""HCP_A3#1"": 0.0021786353949071495, ""HCP_A3#2"": 0.0015288030985718048}",0.8,0.005,823.0
0.8,0.135,0.055,0.005,0.005,"{""BCC_B2#1"": 0.9873162715727224, ""C15_LAVES#1"": 0.008399100822611232, ""FCC_L12#1"": 0.0006026263008731661, ""HCP_A3#1"": 0.0021608821015412895, ""HCP_A3#2"": 0.0015211192022518854}",0.8,0.005,823.0
0.8,0.135,0.06,0.0,0.005,"{""BCC_B2#1"": 0.9873844545626367, ""C15_LAVES#1"": 0.008362911413654613, ""FCC_L12#1"": 0.0005951903992965166, ""HCP_A3#1"": 0.0021430131767274647, ""HCP_A3#2"": 0.0015144304476850162}",0.8,0.005,823.0
0.8,0.14,0.0,0.055,0.005,"{""BCC_B2#1"": 0.9890159589836748, ""C15_LAVES#1"": 0.0071563126173548415, ""FCC_L12#1"": 0.0006772080560419354, ""HCP_A3#2"": 0.0023272873908557535, ""ZRO2_MONO#1"": 0.0008232329520728464}",0.8,0.005,823.0
0.8,0.14,0.005,0.05,0.005,"{""BCC_B2#1"": 0.9889361651048417, ""C15_LAVES#1"": 0.0072707066895463844, ""FCC_L12#1"": 0.0006696319100650123, ""HCP_A3#2"": 0.002309818819039747, ""ZRO2_MONO#1"": 0.0008136774765073556}",0.8,0.005,823.0
0.8,0.14,0.01,0.045,0.005,"{""BCC_B2#1"": 0.9888668127631829, ""C15_LAVES#1"": 0.007374516994594026, ""FCC_L12#1"": 0.000662095607628514, ""HCP_A3#2"": 0.0022924597547017336, ""ZRO2_MONO#1"": 0.0008041148798928103}",0.8,0.005,823.0
0.7999999999999999,0.14,0.015,0.04,0.005,"{""BCC_B2#1"": 0.9888086271384315, ""C15_LAVES#1"": 0.007467059951997204, ""FCC_L12#1"": 0.0006545914467454933, ""HCP_A3#2"": 0.00227517893603952, ""ZRO2_MONO#1"": 0.0007945425267860893}",0.8,0.005,823.0
0.8,0.14,0.02,0.035,0.005,"{""BCC_B2#1"": 0.9887621648434162, ""C15_LAVES#1"": 0.0075478176307426075, ""FCC_L12#1"": 0.0006471130354302912, ""HCP_A3#2"": 0.002257946534268001, ""ZRO2_MONO#1"": 0.000784957956143088}",0.8,0.005,823.0
0.8,0.14,0.025,0.03,0.005,"{""BCC_B2#1"": 0.9887278955981227, ""C15_LAVES#1"": 0.007616360296852634, ""FCC_L12#1"": 0.0006396550676173794, ""HCP_A3#2"": 0.002240734173327944, ""ZRO2_MONO#1"": 0.0007753548640793091}",0.8,0.005,823.0
0.8,0.14,0.03,0.025,0.005,"{""BCC_B2#1"": 0.9887062594212859, ""C15_LAVES#1"": 0.007672286652127253, ""FCC_L12#1"": 0.0006322131246513056, ""HCP_A3#2"": 0.002223514867575101, ""ZRO2_MONO#1"": 0.0007657259343606317}",0.8,0.005,823.0
0.8,0.14,0.035,0.02,0.005,"{""BCC_B2#1"": 0.9871750333384894, ""C15_LAVES#1"": 0.008454824106259803, ""FCC_L12#1"": 0.0006247246284316674, ""HCP_A3#1"": 0.0022048619841404174, ""HCP_A3#2"": 0.0015405559426788001}",0.8,0.005,823.0
0.8,0.14,0.04,0.015,0.005,"{""BCC_B2#1"": 0.9871891796796579, ""C15_LAVES#1"": 0.008476151255292027, ""FCC_L12#1"": 0.0006172701592002499, ""HCP_A3#1"": 0.002187318076356516, ""HCP_A3#2"": 0.0015300808294932652}",0.8,0.005,823.0
0.8,0.14,0.045,0.01,0.005,"{""BCC_B2#1"": 0.9872165969663366, ""C15_LAVES#1"": 0.008483169373645336, ""FCC_L12#1"": 0.0006098212123326963, ""HCP_A3#1"": 0.0021697259112798957, ""HCP_A3#2"": 0.0015206865364051554}",0.8,0.005,823.0
0.8,0.14,0.05,0.005,0.005,"{""BCC_B2#1"": 0.9872579766664694, ""C15_LAVES#1"": 0.00847522842463589, ""FCC_L12#1"": 0.0006023761335374346, ""HCP_A3#1"": 0.0021520586862191207, ""HCP_A3#2"": 0.0015123600891383381}",0.8,0.005,823.0
0.8,0.14,0.055,0.0,0.005,"{""BCC_B2#1"": 0.9873141566493752, ""C15_LAVES#1"": 0.008451535351298233, ""FCC_L12#1"": 0.0005949335020166681, ""HCP_A3#1"": 0.0021342911042632616, ""HCP_A3#2"": 0.001505083393046692}",0.8,0.005,823.0
0.8,0.145,0.0,0.05,0.005,"{""BCC_B2#1"": 0.988984017908909, ""C15_LAVES#1"": 0.007231532878454805, ""FCC_L12#1"": 0.0006695841681709747, ""HCP_A3#2"": 0.0023008860372328546, ""ZRO2_MONO#1"": 0.0008139790072323246}",0.8,0.005,823.0
0.8,0.145,0.005,0.045,0.005,"{""BCC_B2#1"": 0.9889038195176855, ""C15_LAVES#1"": 0.0073463060794294694, ""FCC_L12#1"": 0.0006620039893702651, ""HCP_A3#2"": 0.0022834494536714636, ""ZRO2_MONO#1"": 0.0008044209598433329}",0.8,0.005,823.0
0.8,0.145,0.01,0.04,0.005,"{""BCC_B2#1"": 0.9888344201615443, ""C15_LAVES#1"": 0.007450137490575779, ""FCC_L12#1"": 0.0006544643532354885, ""HCP_A3#2"": 0.002266123183681131, ""ZRO2_MONO#1"": 0.000794854810963581}",0.8,0.005,823.0
0.8,0.145,0.015,0.035,0.005,"{""BCC_B2#1"": 0.9887765730681408, ""C15_LAVES#1"": 0.007542318248108353, ""FCC_L12#1"": 0.0006469572422507659, ""HCP_A3#2"": 0.002248874285583284, ""ZRO2_MONO#1"": 0.0007852771559170367}",0.8,0.005,823.0
0.8,0.145,0.02,0.03,0.005,"{""BCC_B2#1"": 0.988730847964285, ""C15_LAVES#1"": 0.007622318261754033, ""FCC_L12#1"": 0.0006394760367423337, ""HCP_A3#2"": 0.002231671516743899, ""ZRO2_MONO#1"": 0.0007756862204745733}",0.8,0.005,823.0
0.8,0.145,0.025,0.025,0.005,"{""BCC_B2#1"": 0.9886977263773145, ""C15_LAVES#1"": 0.007689700603012259, ""FCC_L12#1"": 0.0006320152719553406, ""HCP_A3#2"": 0.002214485316428541, ""ZRO2_MONO#1"": 0.0007660724312896015}",0.8,0.005,823.0
0.8,0.145,0.03,0.02,0.005,"{""BCC_B2#1"": 0.9886776549499341, ""C15_LAVES#1"": 0.007744057263113082, ""FCC_L12#1"": 0.0006245704163007887, ""HCP_A3#2"": 0.0021972876797268603, ""ZRO2_MONO#1"": 0.0007564296909256009}",0.8,0.005,823.0
0.8,0.145,0.035,0.015,0.005,"{""BCC_B2#1"": 0.9871653252749952, ""C15_LAVES#1"": 0.008515930418580578, ""FCC_L12#1"": 0.0006170702020352232, ""HCP_A3#1"": 0.0021785430836432705, ""HCP_A3#2"": 0.0015231310207453757}",0.8,0.005,823.0
0.8,0.145,0.04,0.01,0.005,"{""BCC_B2#1"": 0.9871815768662896, ""C15_LAVES#1"": 0.008534826894621324, ""FCC_L12#1"": 0.0006096111612744307, ""HCP_A3#1"": 0.0021610046620995304, ""HCP_A3#2"": 0.0015129804157151372}",0.8,0.005,823.0
0.8,0.145,0.045,0.005,0.005,"{""BCC_B2#1"": 0.9872115362405576, ""C15_LAVES#1"": 0.00853894863705675, ""FCC_L12#1"": 0.0006021573634562636, ""HCP_A3#1"": 0.002143411223867954, ""HCP_A3#2"": 0.0015039465350614345}",0.8,0.005,823.0
0.8,0.145,0.05,0.0,0.005,"{""BCC_B2#1"": 0.9872559285327089, ""C15_LAVES#1"": 0.008527613394989588, ""FCC_L12#1"": 0.0005947071506314741, ""HCP_A3#1"": 0.0021257352622878196, ""HCP_A3#2"": 0.0014960156593822607}",0.8,0.005,823.0
0.8,0.15,0.0,0.045,0.005,"{""BCC_B2#1"": 0.9889533605875471, ""C15_LAVES#1"": 0.007305222645578794, ""FCC_L12#1"": 0.0006619737169062474, ""HCP_A3#2"": 0.0022747191990934407, ""ZRO2_MONO#1"": 0.0008047238508745522}",0.8,0.005,823.0
0.8,0.15,0.005,0.04,0.005,"{""BCC_B2#1"": 0.9888729161650238, ""C15_LAVES#1"": 0.007420218224782039, ""FCC_L12#1"": 0.000654390367483597, ""HCP_A3#2"": 0.002257312385581974, ""ZRO2_MONO#1"": 0.0007951628571282495}",0.8,0.005,823.0
0.8,0.15,0.01,0.035,0.005,"{""BCC_B2#1"": 0.9888036360170955, ""C15_LAVES#1"": 0.007523906759011971, ""FCC_L12#1"": 0.0006468480572485416, ""HCP_A3#2"": 0.0022400169441479426, ""ZRO2_MONO#1"": 0.0007855922224963041}",0.8,0.005,823.0
0.8,0.15,0.015,0.03,0.005,"{""BCC_B2#1"": 0.9887462993960525, ""C15_LAVES#1"": 0.00761555412254446, ""FCC_L12#1"": 0.000639338485877344, ""HCP_A3#2"": 0.002222798144134096, ""ZRO2_MONO#1"": 0.0007760098513914644}",0.8,0.005,823.0
0.8,0.15,0.02,0.025,0.005,"{""BCC_B2#1"": 0.988701494542558, ""C15_LAVES#1"": 0.007694617684550338, ""FCC_L12#1"": 0.0006318548384178803, ""HCP_A3#2"": 0.0022056232701784264, ""ZRO2_MONO#1"": 0.0007664096642956598}",0.8,0.005,823.0
0.8,0.15,0.025,0.02,0.005,"{""BCC_B2#1"": 0.9886697093096568, ""C15_LAVES#1"": 0.007760653049364992, ""FCC_L12#1"": 0.0006243915121797623, ""HCP_A3#2"": 0.002188461517660904, ""ZRO2_MONO#1"": 0.000756784611137794}",0.8,0.005,823.0
0.8,0.15,0.03,0.015,0.005,"{""BCC_B2#1"": 0.9886514025815427, ""C15_LAVES#1"": 0.007813244404516709, ""FCC_L12#1"": 0.000616943885886394, ""HCP_A3#2"": 0.0021712838423027497, ""ZRO2_MONO#1"": 0.0007471252857514549}",0.8,0.005,823.0
0.8,0.15,0.035,0.01,0.005,"{""BCC_B2#1"": 0.9871581375165426, ""C15_LAVES#1"": 0.008574223316270141, ""FCC_L12#1"": 0.0006094321837362741, ""HCP_A3#1"": 0.0021524539076875787, ""HCP_A3#2"": 0.0015057530757636472}",0.8,0.005,823.0
0.8,0.15,0.04,0.005,0.005,"{""BCC_B2#1"": 0.9871767034842773, ""C15_LAVES#1"": 0.008590464717882416, ""FCC_L12#1"": 0.0006019685710435472, ""HCP_A3#1"": 0.002134919295926413, ""HCP_A3#2"": 0.0014959439308706217}",0.8,0.005,823.0
0.8,0.15,0.045,0.0,0.005,"{""BCC_B2#1"": 0.9872094286841852, ""C15_LAVES#1"": 0.008591449073425858, ""FCC_L12#1"": 0.0005945098674154574, ""HCP_A3#1"": 0.0021173226594423437, ""HCP_A3#2"": 0.001487289715531316}",0.8,0.005,823.0
0.8,0.155,0.0,0.04,0.005,"{""BCC_B2#1"": 0.9889239089311553, ""C15_LAVES#1"": 0.0073774889586209254, ""FCC_L12#1"": 0.0006543751119147232, ""HCP_A3#2"": 0.0022487596522727947, ""ZRO2_MONO#1"": 0.0007954673460363765}",0.8,0.005,823.0
0.8,0.155,0.005,0.035,0.005,"{""BCC_B2#1"": 0.9888433715699645, ""C15_LAVES#1"": 0.0074925551308045735, ""FCC_L12#1"": 0.0006467893814180854, ""HCP_A3#2"": 0.0022313805963803334, ""ZRO2_MONO#1"": 0.0007859033214322661}",0.8,0.005,823.0
0.8,0.155,0.01,0.03,0.005,"{""BCC_B2#1"": 0.98877437138163, ""C15_LAVES#1"": 0.007595941491807365, ""FCC_L12#1"": 0.0006392449909857908, ""HCP_A3#2"": 0.0022141142162153613, ""ZRO2_MONO#1"": 0.0007763279193615054}",0.8,0.005,823.0
0.8,0.155,0.015,0.025,0.005,"{""BCC_B2#1"": 0.9887177153136874, ""C15_LAVES#1"": 0.007686888608768024, ""FCC_L12#1"": 0.0006317333931919684, ""HCP_A3#2"": 0.0021969238901244333, ""ZRO2_MONO#1"": 0.000766738794228224}",0.8,0.005,823.0
0.8,0.155,0.02,0.02,0.005,"{""BCC_B2#1"": 0.988674006787348, ""C15_LAVES#1"": 0.007764841187345056, ""FCC_L12#1"": 0.0006242476047175158, ""HCP_A3#2"": 0.002179775352321069, ""ZRO2_MONO#1"": 0.0007571290682685831}",0.8,0.005,823.0
0.8,0.155,0.025,0.015,0.005,"{""BCC_B2#1"": 0.988643744446166, ""C15_LAVES#1"": 0.007829346660497819, ""FCC_L12#1"": 0.0006167819116012396, ""HCP_A3#2"": 0.002162636517183958, ""ZRO2_MONO#1"": 0.0007474904645510535}",0.8,0.005,823.0
0.8,0.155,0.03,0.01,0.005,"{""BCC_B2#1"": 0.9877965836281278, ""C15_LAVES#1"": 0.008284470572162543, ""FCC_L12#1"": 0.0006093024168523913, ""HCP_A3#1"": 0.0021446522572360406, ""HCP_A3#2"": 0.000840815118571656, ""ZRO2_MONO#1"": 0.0003241760070494087}",0.8,0.005,823.0
0.8,0.155,0.035,0.005,0.005,"{""BCC_B2#1"": 0.9871533608479965, ""C15_LAVES#1"": 0.008629837549525926, ""FCC_L12#1"": 0.0006018086036359544, ""HCP_A3#1"": 0.0021265680053593927, ""HCP_A3#2"": 0.0014884249934821968}",0.8,0.005,823.0
0.8,0.155,0.04,0.0,0.005,"{""BCC_B2#1"": 0.9871744476142116, ""C15_LAVES#1"": 0.008643200970110976, ""FCC_L12#1"": 0.0005943403937372319, ""HCP_A3#1"": 0.002109035651754312, ""HCP_A3#2"": 0.0014789753701857642}",0.8,0.005,823.0
0.8,0.16,0.0,0.035,0.005,"{""BCC_B2#1"": 0.9888955948388547, ""C15_LAVES#1"": 0.007448425830595211, ""FCC_L12#1"": 0.0006467869891581119, ""HCP_A3#2"": 0.0022229830108586313, ""ZRO2_MONO#1"": 0.0007862093305334346}",0.8,0.005,823.0
0.8,0.16,0.005,0.03,0.005,"{""BCC_B2#1"": 0.9888151145181168, ""C15_LAVES#1"": 0.007563415306441327, ""FCC_L12#1"": 0.0006391995897105581, ""HCP_A3#2"": 0.0022056299132617503, ""ZRO2_MONO#1"": 0.0007766406724695705}",0.8,0.005,823.0
0.8,0.16,0.01,0.025,0.005,"{""BCC_B2#1"": 0.9887465507536923, ""C15_LAVES#1"": 0.007666344488549738, ""FCC_L12#1"": 0.0006316536439276534, ""HCP_A3#2"": 0.0021883910282617888, ""ZRO2_MONO#1"": 0.0007670600855683791}",0.8,0.005,823.0
0.8,0.16,0.015,0.02,0.005,"{""BCC_B2#1"": 0.9886907402523469, ""C15_LAVES#1"": 0.007756428449278007, ""FCC_L12#1"": 0.0006241403931533359, ""HCP_A3#2"": 0.0021712277415729987, ""ZRO2_MONO#1"": 0.0007574631636486687}",0.8,0.005,823.0
0.8,0.16,0.02,0.015,0.005,"{""BCC_B2#1"": 0.9886483016699608, ""C15_LAVES#1"": 0.007833099096807506, ""FCC_L12#1"": 0.0006166527144108898, ""HCP_A3#2"": 0.002154104167890419, ""ZRO2_MONO#1"": 0.0007478423509303715}",0.8,0.005,823.0
0.8,0.16,0.025,0.01,0.005,"{""BCC_B2#1"": 0.988619744996159, ""C15_LAVES#1"": 0.007895894994009278, ""FCC_L12#1"": 0.0006091848059327396, ""HCP_A3#2"": 0.00213698689596236, ""ZRO2_MONO#1"": 0.0007381883079365441}",0.8,0.005,823.0
0.8,0.16,0.03,0.005,0.005,"{""BCC_B2#1"": 0.9871415147035187, ""C15_LAVES#1"": 0.008656992203859366, ""FCC_L12#1"": 0.000601676606148302, ""HCP_A3#1"": 0.0021183478150630644, ""HCP_A3#2"": 0.001481468671410053}",0.8,0.005,823.0
0.8,0.16,0.035,0.0,0.005,"{""BCC_B2#1"": 0.9871508997501054, ""C15_LAVES#1"": 0.008682890917458438, ""FCC_L12#1"": 0.0005941977059020087, ""HCP_A3#1"": 0.0021008617513443816, ""HCP_A3#2"": 0.0014711498751896596}",0.8,0.005,823.0
0.8,0.165,0.0,0.03,0.005,"{""BCC_B2#1"": 0.9888683588145337, ""C15_LAVES#1"": 0.007518116022136728, ""FCC_L12#1"": 0.000639208170045764, ""HCP_A3#2"": 0.002197367379944584, ""ZRO2_MONO#1"": 0.0007769496133392309}",0.8,0.005,823.0
0.8,0.165,0.005,0.025,0.005,"{""BCC_B2#1"": 0.9887880795186194, ""C15_LAVES#1"": 0.007632885707196543, ""FCC_L12#1"": 0.0006316197310208013, ""HCP_A3#2"": 0.0021800386464714645, ""ZRO2_MONO#1"": 0.000767376396691941}",0.8,0.005,823.0
0.8,0.165,0.01,0.02,0.005,"{""BCC_B2#1"": 0.9887201051769874, ""C15_LAVES#1"": 0.007735206486588507, ""FCC_L12#1"": 0.0006240726842472934, ""HCP_A3#2"": 0.002162825890021649, ""ZRO2_MONO#1"": 0.0007577897621552457}",0.8,0.005,823.0
0.8,0.165,0.015,0.015,0.005,"{""BCC_B2#1"": 0.9886653021276692, ""C15_LAVES#1"": 0.007824267962421336, ""FCC_L12#1"": 0.0006165580938323712, ""HCP_A3#2"": 0.002145688398211405, ""ZRO2_MONO#1"": 0.0007481834178657053}",0.8,0.005,823.0
0.8,0.165,0.02,0.01,0.005,"{""BCC_B2#1"": 0.9886243040640322, ""C15_LAVES#1"": 0.007899488909703826, ""FCC_L12#1"": 0.0006090687247865033, ""HCP_A3#2"": 0.0021285885977145196, ""ZRO2_MONO#1"": 0.0007385497037629547}",0.8,0.005,823.0
0.8,0.165,0.025,0.005,0.005,"{""BCC_B2#1"": 0.9885976340250877, ""C15_LAVES#1"": 0.00796039828243571, ""FCC_L12#1"": 0.0006015987107520826, ""HCP_A3#2"": 0.002111491711079859, ""ZRO2_MONO#1"": 0.000728877270644625}",0.8,0.005,823.0
0.8,0.165,0.03,0.0,0.005,"{""BCC_B2#1"": 0.9871388197872025, ""C15_LAVES#1"": 0.008710408915445864, ""FCC_L12#1"": 0.0005940810471911647, ""HCP_A3#1"": 0.0020927935780152753, ""HCP_A3#2"": 0.0014638966721451658}",0.8,0.005,823.0
0.8,0.17,0.0,0.025,0.005,"{""BCC_B2#1"": 0.9888421484557712, ""C15_LAVES#1"": 0.007586632539660492, ""FCC_L12#1"": 0.00063163762759185, ""HCP_A3#2"": 0.002171893061652977, ""ZRO2_MONO#1"": 0.0007676883153233104}",0.8,0.005,823.0
0.8,0.17,0.005,0.02,0.005,"{""BCC_B2#1"": 0.9887622111381359, ""C15_LAVES#1"": 0.007701043004525014, ""FCC_L12#1"": 0.0006240486962592248, ""HCP_A3#2"": 0.0021545873044394514, ""ZRO2_MONO#1"": 0.0007581098566402482}",0.8,0.005,823.0
0.8,0.17,0.01,0.015,0.005,"{""BCC_B2#1"": 0.9886949764596014, ""C15_LAVES#1"": 0.007802607656083865, ""FCC_L12#1"": 0.0006165009327372336, ""HCP_A3#2"": 0.002137399505119969, ""ZRO2_MONO#1"": 0.0007485154464576873}",0.8,0.005,823.0
0.8,0.17,0.015,0.01,0.005,"{""BCC_B2#1"": 0.9886413389595364, ""C15_LAVES#1"": 0.007890490516169956, ""FCC_L12#1"": 0.0006089852560662496, ""HCP_A3#2"": 0.0021202867460318317, ""ZRO2_MONO#1"": 0.0007388985221955544}",0.8,0.005,823.0
0.8,0.17,0.02,0.005,0.005,"{""BCC_B2#1"": 0.9886019497239134, ""C15_LAVES#1"": 0.007964096719144548, ""FCC_L12#1"": 0.0006014943472884508, ""HCP_A3#2"": 0.0021032097044876795, ""ZRO2_MONO#1"": 0.0007292495051659418}",0.8,0.005,823.0
0.8,0.17,0.025,0.0,0.005,"{""BCC_B2#1"": 0.9885773445621117, ""C15_LAVES#1"": 0.00802294493989788, ""FCC_L12#1"": 0.0005940222962842531, ""HCP_A3#2"": 0.0020861321940884967, ""ZRO2_MONO#1"": 0.0007195560076176653}",0.8,0.005,823.0
0.8,0.17500000000000002,0.0,0.02,0.005,"{""BCC_B2#1"": 0.9888169189281527, ""C15_LAVES#1"": 0.007654039823508301, ""FCC_L12#1"": 0.0006240744598631374, ""HCP_A3#2"": 0.002146542308658667, ""ZRO2_MONO#1"": 0.0007584244798174391}",0.8,0.005,823.0
0.8,0.17500000000000002,0.005,0.015,0.005,"{""BCC_B2#1"": 0.9887374611343449, ""C15_LAVES#1"": 0.00776795509036431, ""FCC_L12#1"": 0.0006164855018352892, ""HCP_A3#2"": 0.0021292583377052507, ""ZRO2_MONO#1"": 0.0007488399357503165}",0.8,0.005,823.0
0.7999999999999999,0.17500000000000002,0.01,0.01,0.005,"{""BCC_B2#1"": 0.9886711118690447, ""C15_LAVES#1"": 0.007868619051059532, ""FCC_L12#1"": 0.000608937335976482, ""HCP_A3#2"": 0.002112094507583388, ""ZRO2_MONO#1"": 0.0007392372363361209}",0.8,0.005,823.0
0.8,0.17500000000000002,0.015,0.005,0.005,"{""BCC_B2#1"": 0.9886187960483378, ""C15_LAVES#1"": 0.007955169844179539, ""FCC_L12#1"": 0.0006014207692696997, ""HCP_A3#2"": 0.0020950055973523664, ""ZRO2_MONO#1"": 0.0007296077408607812}",0.8,0.005,823.0
0.8,0.17500000000000002,0.02,0.0,0.005,"{""BCC_B2#1"": 0.9885811807501382, ""C15_LAVES#1"": 0.008026998781033134, ""FCC_L12#1"": 0.000593928423266678, ""HCP_A3#2"": 0.0020779504685522433, ""ZRO2_MONO#1"": 0.0007199415770100833}",0.8,0.005,823.0
0.8,0.18,0.0,0.015,0.005,"{""BCC_B2#1"": 0.9887926303374691, ""C15_LAVES#1"": 0.007720394876836756, ""FCC_L12#1"": 0.0006165178665021902, ""HCP_A3#2"": 0.00212129910655758, ""ZRO2_MONO#1"": 0.0007491578126343448}",0.8,0.005,823.0
0.8,0.18,0.005,0.01,0.005,"{""BCC_B2#1"": 0.9887137865679471, ""C15_LAVES#1"": 0.00783368202160906, ""FCC_L12#1"": 0.0006089292680787609, ""HCP_A3#2"": 0.0021040359204123568, ""ZRO2_MONO#1"": 0.0007395662219526102}",0.8,0.005,823.0
0.8,0.18,0.01,0.005,0.005,"{""BCC_B2#1"": 0.9886484668033749, ""C15_LAVES#1"": 0.007933303464947514, ""FCC_L12#1"": 0.0006013809486756405, ""HCP_A3#2"": 0.002086895251392374, ""ZRO2_MONO#1"": 0.0007299535316093375}",0.8,0.005,823.0
0.8,0.18,0.015,0.0,0.005,"{""BCC_B2#1"": 0.9885976254626346, ""C15_LAVES#1"": 0.00801837132258974, ""FCC_L12#1"": 0.0005938636328286078, ""HCP_A3#2"": 0.0020698294732387997, ""ZRO2_MONO#1"": 0.0007203101087081428}",0.8,0.005,823.0
0.8,0.185,0.0,0.01,0.005,"{""BCC_B2#1"": 0.9887692470879771, ""C15_LAVES#1"": 0.007785748157948856, ""FCC_L12#1"": 0.0006089671307619828, ""HCP_A3#2"": 0.002096148989700379, ""ZRO2_MONO#1"": 0.0007398886336114425}",0.8,0.005,823.0
0.8,0.185,0.005,0.005,0.005,"{""BCC_B2#1"": 0.988691149145234, ""C15_LAVES#1"": 0.007898277034900255, ""FCC_L12#1"": 0.0006013792024383153, ""HCP_A3#2"": 0.002078905764743362, ""ZRO2_MONO#1"": 0.0007302888526840676}",0.8,0.005,823.0
0.8,0.185,0.01,0.0,0.005,"{""BCC_B2#1"": 0.9886270002614608, ""C15_LAVES#1"": 0.007996716652162488, ""FCC_L12#1"": 0.000593830915394491, ""HCP_A3#2"": 0.002061787615896693, ""ZRO2_MONO#1"": 0.0007206645550856095}",0.8,0.005,823.0
0.8,0.19,0.0,0.005,0.005,"{""BCC_B2#1"": 0.9887467387130439, ""C15_LAVES#1"": 0.007850144283688862, ""FCC_L12#1"": 0.000601421605890516, ""HCP_A3#2"": 0.002071078884209655, ""ZRO2_MONO#1"": 0.0007306165131671114}",0.8,0.005,823.0
0.8,0.19,0.005,0.0,0.005,"{""BCC_B2#1"": 0.9886695163552807, ""C15_LAVES#1"": 0.00796178717052242, ""FCC_L12#1"": 0.0005938345868301373, ""HCP_A3#2"": 0.002053854963251415, ""ZRO2_MONO#1"": 0.0007210069241152531}",0.8,0.005,823.0
0.8,0.195,0.0,0.0,0.005,"{""BCC_B2#1"": 0.988725079680724, ""C15_LAVES#1"": 0.007913622666383537, ""FCC_L12#1"": 0.0005938807037724655, ""HCP_A3#2"": 0.002046076969123554, ""ZRO2_MONO#1"": 0.0007213399799966676}",0.8,0.005,823.0
0.8,0.0,0.0,0.195,0.005,"{""BCC_B2#1"": 0.9948857490164579, ""FCC_L12#1"": 0.0007077192972216558, ""HCP_A3#2"": 0.0018286392973035244, ""HCP_A3#3"": 0.0025778923890168817}",0.8,0.005,873.0
0.8,0.0,0.005,0.19,0.005,"{""BCC_B2#1"": 0.9948970955088332, ""FCC_L12#1"": 0.0007073651308123352, ""HCP_A3#2"": 0.002572028332490796, ""HCP_A3#3"": 0.001823511027863766}",0.8,0.005,873.0
0.8,0.0,0.01,0.185,0.005,"{""BCC_B2#1"": 0.9949085312338075, ""FCC_L12#1"": 0.0007070031041334612, ""HCP_A3#2"": 0.0018183399196198278, ""HCP_A3#3"": 0.0025661257424392622}",0.8,0.005,873.0
0.8,0.0,0.015,0.18,0.005,"{""BCC_B2#1"": 0.9949200508129666, ""FCC_L12#1"": 0.0007066332476917398, ""HCP_A3#2"": 0.0018131287929305762, ""HCP_A3#3"": 0.002560187146410698}",0.8,0.005,873.0
0.8,0.0,0.02,0.17500000000000002,0.005,"{""BCC_B2#1"": 0.9949316487559181, ""FCC_L12#1"": 0.0007062556002279208, ""HCP_A3#2"": 0.001807880507479506, ""HCP_A3#3"": 0.0025542151363745365}",0.8,0.005,873.0
0.8,0.0,0.025,0.17,0.005,"{""BCC_B2#1"": 0.9949433194714754, ""FCC_L12#1"": 0.0007058702087597234, ""HCP_A3#2"": 0.0018025979522791307, ""HCP_A3#3"": 0.0025482123674857578}",0.8,0.005,873.0
0.8,0.0,0.03,0.165,0.005,"{""BCC_B2#1"": 0.9949550572820742, ""FCC_L12#1"": 0.0007054771285884082, ""HCP_A3#2"": 0.001797284032750847, ""HCP_A3#3"": 0.00254218155658649}",0.8,0.005,873.0
0.8,0.0,0.035,0.16,0.005,"{""BCC_B2#1"": 0.9949668564425592, ""FCC_L12#1"": 0.0007050764232744308, ""HCP_A3#2"": 0.0017919416535306513, ""HCP_A3#3"": 0.002536125480635686}",0.8,0.005,873.0
0.8,0.0,0.04,0.155,0.005,"{""BCC_B2#1"": 0.9949787111651612, ""FCC_L12#1"": 0.0007046681645920144, ""HCP_A3#2"": 0.0017865736949019047, ""HCP_A3#3"": 0.0025300469753447357}",0.8,0.005,873.0
0.8,0.0,0.045,0.15,0.005,"{""BCC_B2#1"": 0.9949906156534883, ""FCC_L12#1"": 0.0007042524324790701, ""HCP_A3#2"": 0.0017811829796072001, ""HCP_A3#3"": 0.0025239489344252423}",0.8,0.005,873.0
0.8,0.0,0.05,0.145,0.005,"{""BCC_B2#1"": 0.9950025641499274, ""FCC_L12#1"": 0.0007038293150113125, ""HCP_A3#2"": 0.002517834310042478, ""HCP_A3#3"": 0.001775772225019013}",0.8,0.005,873.0
0.8,0.0,0.055,0.14,0.005,"{""BCC_B2#1"": 0.9950145510032941, ""FCC_L12#1"": 0.0007033989084461805, ""HCP_A3#2"": 0.0025117061153439265, ""HCP_A3#3"": 0.0017703439729159659}",0.8,0.005,873.0
0.8,0.0,0.06,0.135,0.005,"{""BCC_B2#1"": 0.9950265707673571, ""FCC_L12#1"": 0.0007029613174094483, ""HCP_A3#2"": 0.0025055674303406015, ""HCP_A3#3"": 0.0017649004848925628}",0.8,0.005,873.0
0.8,0.0,0.065,0.13,0.005,"{""BCC_B2#1"": 0.9950386183467139, ""FCC_L12#1"": 0.0007025166553407613, ""HCP_A3#2"": 0.0024994214130229864, ""HCP_A3#3"": 0.0017594435849224142}",0.8,0.005,873.0
0.8,0.0,0.07,0.125,0.005,"{""BCC_B2#1"": 0.9950506892155889, ""FCC_L12#1"": 0.0007020650453775976, ""HCP_A3#2"": 0.0024932713184917126, ""HCP_A3#3"": 0.0017539744205419517}",0.8,0.005,873.0
0.8,0.0,0.075,0.12,0.005,"{""BCC_B2#1"": 0.9950627797494838, ""FCC_L12#1"": 0.0007016066219596037, ""HCP_A3#2"": 0.0024871205299238095, ""HCP_A3#3"": 0.001748493098632868}",0.8,0.005,873.0
0.8,0.0,0.08,0.115,0.005,"{""BCC_B2#1"": 0.9950748877321937, ""FCC_L12#1"": 0.0007011415335976064, ""HCP_A3#2"": 0.0017429981278960054, ""HCP_A3#3"": 0.002480972606312707}",0.8,0.005,873.0
0.8,0.0,0.085,0.11,0.005,"{""BCC_B2#1"": 0.9950870131284834, ""FCC_L12#1"": 0.000700669947419518, ""HCP_A3#2"": 0.002474831361804661, ""HCP_A3#3"": 0.0017374855622925775}",0.8,0.005,873.0
0.8,0.0,0.09,0.105,0.005,"{""BCC_B2#1"": 0.995099159277094, ""FCC_L12#1"": 0.0007001920565832376, ""HCP_A3#2"": 0.0024687009821364237, ""HCP_A3#3"": 0.00173194768418599}",0.8,0.005,873.0
0.8,0.0,0.095,0.1,0.005,"{""BCC_B2#1"": 0.9951113347295206, ""FCC_L12#1"": 0.0006997080920830236, ""HCP_A3#2"": 0.0024625862019560696, ""HCP_A3#3"": 0.0017263709764401705}",0.8,0.005,873.0
0.8,0.0,0.1,0.095,0.005,"{""BCC_B2#1"": 0.9951235560886635, ""FCC_L12#1"": 0.000699218341321594, ""HCP_A3#2"": 0.0017207329978425883, ""HCP_A3#3"": 0.0024564925721720587}",0.8,0.005,873.0
0.8,0.0,0.105,0.09,0.005,"{""BCC_B2#1"": 0.9951358523938377, ""FCC_L12#1"": 0.0006987231770498409, ""HCP_A3#2"": 0.0024504268602010873, ""HCP_A3#3"": 0.0017149975689113445}",0.8,0.005,873.0
0.8,0.0,0.11,0.085,0.005,"{""BCC_B2#1"": 0.9951482718919052, ""FCC_L12#1"": 0.0006982231020898974, ""HCP_A3#2"": 0.0024443976462929285, ""HCP_A3#3"": 0.0017091073597120853}",0.8,0.005,873.0
0.8,0.0,0.115,0.08,0.005,"{""BCC_B2#1"": 0.9951608924780461, ""FCC_L12#1"": 0.0006977188179282203, ""HCP_A3#2"": 0.0024384162075237656, ""HCP_A3#3"": 0.0017029724965020045}",0.8,0.005,873.0
0.8,0.0,0.12,0.075,0.005,"{""BCC_B2#1"": 0.9951738377494976, ""FCC_L12#1"": 0.000697211329085157, ""HCP_A3#2"": 0.002432497820236954, ""HCP_A3#3"": 0.0016964531011800542}",0.8,0.005,873.0
0.8,0.0,0.125,0.07,0.005,"{""BCC_B2#1"": 0.9951829406509005, ""FCC_L12#1"": 0.0006971342873698976, ""HCP_A3#1"": 5.587419214143733e-05, ""HCP_A3#2"": 0.002432666794149733, ""HCP_A3#3"": 0.0016313840754383826}",0.8,0.005,873.0
0.8,0.0,0.13,0.065,0.005,"{""BCC_B2#1"": 0.9951839541084266, ""FCC_L12#1"": 0.0006979262599874239, ""HCP_A3#1"": 0.00023139879854358313, ""HCP_A3#2"": 0.0024449035575582674, ""HCP_A3#3"": 0.0014418172754839054}",0.8,0.005,873.0
0.8,0.0,0.135,0.06,0.005,"{""BCC_B2#1"": 0.9951857602004908, ""FCC_L12#1"": 0.0006987037441746743, ""HCP_A3#1"": 0.00041637238287502593, ""HCP_A3#2"": 0.0024568616521503397, ""HCP_A3#3"": 0.0012423020203093862}",0.8,0.005,873.0
0.8,0.0,0.14,0.055,0.005,"{""BCC_B2#1"": 0.9951883192009959, ""FCC_L12#1"": 0.0006994684482260658, ""HCP_A3#1"": 0.0006115121352496108, ""HCP_A3#2"": 0.002468540967230409, ""HCP_A3#3"": 0.001032159248298086}",0.8,0.005,873.0
0.8,0.0,0.145,0.05,0.005,"{""BCC_B2#1"": 0.9951916544533638, ""FCC_L12#1"": 0.0007002219721537588, ""HCP_A3#1"": 0.0008106772186249601, ""HCP_A3#2"": 0.000817506951107902, ""HCP_A3#3"": 0.0024799394047494983}",0.8,0.005,873.0
0.8,0.0,0.15,0.045,0.005,"{""BCC_B2#1"": 0.9951958828157446, ""FCC_L12#1"": 0.0007009658255038123, ""HCP_A3#1"": 0.0010349888073166568, ""HCP_A3#2"": 0.0024910530207979155, ""HCP_A3#3"": 0.0005771095306369709}",0.8,0.005,873.0
0.8,0.0,0.155,0.04,0.005,"{""BCC_B2#1"": 0.9952012579973207, ""FCC_L12#1"": 0.0007017014443414197, ""HCP_A3#1"": 0.0012644913401995916, ""HCP_A3#2"": 0.002501876148808995, ""HCP_A3#3"": 0.0003306730693291578}",0.8,0.005,873.0
0.8,0.0,0.16,0.035,0.005,"{""BCC_B2#1"": 0.9952082319555016, ""FCC_L12#1"": 0.0007024302088010561, ""HCP_A3#1"": 7.054575117621881e-05, ""HCP_A3#2"": 0.0015063905754055045, ""HCP_A3#3"": 0.00251240150911572}",0.8,0.005,873.0
0.8,0.0,0.165,0.03,0.005,"{""BCC_B2#1"": 0.9952206494177354, ""FCC_L12#1"": 0.0007020267183432118, ""HCP_A3#2"": 0.0015716592968130095, ""HCP_A3#3"": 0.002505664567108363}",0.8,0.005,873.0
0.8,0.0,0.17,0.025,0.005,"{""BCC_B2#1"": 0.9952386676039823, ""FCC_L12#1"": 0.0007012141598181344, ""HCP_A3#2"": 0.0015667948666015896, ""HCP_A3#3"": 0.0024933233695982136}",0.8,0.005,873.0
0.8,0.0,0.17500000000000002,0.02,0.005,"{""BCC_B2#1"": 0.9952633081570004, ""FCC_L12#1"": 0.00070039197787471, ""HCP_A3#2"": 0.002481437980249892, ""HCP_A3#3"": 0.0015548618848747072}",0.8,0.005,873.0
0.8,0.0,0.18,0.015,0.005,"{""BCC_B2#1"": 0.9952973287769611, ""FCC_L12#1"": 0.0006995598657342131, ""HCP_A3#2"": 0.0024699443162468546, ""HCP_A3#3"": 0.0015331670410578006}",0.8,0.005,873.0
0.8,0.0,0.185,0.01,0.005,"{""BCC_B2#1"": 0.995344555858519, ""FCC_L12#1"": 0.0006987174536659231, ""HCP_A3#2"": 0.0024587896102161366, ""HCP_A3#3"": 0.0014979370775992575}",0.8,0.005,873.0
0.8,0.0,0.19,0.005,0.005,"{""BCC_B2#1"": 0.9954103211492054, ""FCC_L12#1"": 0.0006978644663043837, ""HCP_A3#2"": 0.002447928836024498, ""HCP_A3#3"": 0.0014438855484658214}",0.8,0.005,873.0
0.8,0.0,0.195,0.0,0.005,"{""BCC_B2#1"": 0.9955020779253267, ""FCC_L12#1"": 0.0006970009757396575, ""HCP_A3#2"": 0.0024373218322622267, ""HCP_A3#3"": 0.00136359926667129}",0.8,0.005,873.0
0.8,0.005,0.0,0.19,0.005,"{""BCC_B2#1"": 0.9949004305334948, ""FCC_L12#1"": 0.0007073359356449825, ""HCP_A3#2"": 0.0025695654134756506, ""HCP_A3#3"": 0.0018226681173844116}",0.8,0.005,873.0
0.8,0.005,0.005,0.185,0.005,"{""BCC_B2#1"": 0.9949118927940703, ""FCC_L12#1"": 0.0007069733986136888, ""HCP_A3#2"": 0.0025636397371940852, ""HCP_A3#3"": 0.0018174940701221095}",0.8,0.005,873.0
0.8,0.005,0.01,0.18,0.005,"{""BCC_B2#1"": 0.9949234375309884, ""FCC_L12#1"": 0.000706603006785486, ""HCP_A3#2"": 0.0025576792561201236, ""HCP_A3#3"": 0.0018122802061057638}",0.8,0.005,873.0
0.8,0.005,0.015,0.17500000000000002,0.005,"{""BCC_B2#1"": 0.994935059141814, ""FCC_L12#1"": 0.0007062248004076673, ""HCP_A3#2"": 0.0025516866410689653, ""HCP_A3#3"": 0.0018070294167091636}",0.8,0.005,873.0
0.8,0.005,0.02,0.17,0.005,"{""BCC_B2#1"": 0.9949467519226769, ""FCC_L12#1"": 0.0007058388281345482, ""HCP_A3#2"": 0.002545664624795357, ""HCP_A3#3"": 0.001801744624393383}",0.8,0.005,873.0
0.8,0.005,0.025,0.165,0.005,"{""BCC_B2#1"": 0.9949585100815281, ""FCC_L12#1"": 0.0007054451470389208, ""HCP_A3#2"": 0.0025396160003019128, ""HCP_A3#3"": 0.0017964287711309992}",0.8,0.005,873.0
0.8,0.005,0.03,0.16,0.005,"{""BCC_B2#1"": 0.9949703277551333, ""FCC_L12#1"": 0.0007050438225886895, ""HCP_A3#2"": 0.00253354361899087, ""HCP_A3#3"": 0.001791084803287063}",0.8,0.005,873.0
0.8,0.005,0.035,0.155,0.005,"{""BCC_B2#1"": 0.9949821990312552, ""FCC_L12#1"": 0.0007046349285982462, ""HCP_A3#2"": 0.002527450388895277, ""HCP_A3#3"": 0.001785715651251444}",0.8,0.005,873.0
0.8,0.005,0.04,0.15,0.005,"{""BCC_B2#1"": 0.9949941179783308, ""FCC_L12#1"": 0.000704218547167388, ""HCP_A3#2"": 0.002521339273329307, ""HCP_A3#3"": 0.0017803242011725858}",0.8,0.005,873.0
0.8,0.005,0.045,0.145,0.005,"{""BCC_B2#1"": 0.9950060786862253, ""FCC_L12#1"": 0.0007037947686309728, ""HCP_A3#2"": 0.002515213290452101, ""HCP_A3#3"": 0.0017749132546915605}",0.8,0.005,873.0
0.8,0.005,0.05,0.14,0.005,"{""BCC_B2#1"": 0.9950180753236394, ""FCC_L12#1"": 0.0007033636915563344, ""HCP_A3#2"": 0.00250907551446777, ""HCP_A3#3"": 0.001769485470336693}",0.8,0.005,873.0
0.8,0.005,0.055,0.135,0.005,"{""BCC_B2#1"": 0.9950301022208499, ""FCC_L12#1"": 0.0007029254228480716, ""HCP_A3#2"": 0.002502929079518683, ""HCP_A3#3"": 0.0017640432767835007}",0.8,0.005,873.0
0.8,0.005,0.06,0.13,0.005,"{""BCC_B2#1"": 0.9950421539912669, ""FCC_L12#1"": 0.0007024800780544508, ""HCP_A3#2"": 0.0024967771878269362, ""HCP_A3#3"": 0.0017585887428515027}",0.8,0.005,873.0
0.8,0.005,0.065,0.125,0.005,"{""BCC_B2#1"": 0.9950542257127301, ""FCC_L12#1"": 0.0007020277820224298, ""HCP_A3#2"": 0.0024906231243765767, ""HCP_A3#3"": 0.0017531233808710405}",0.8,0.005,873.0
0.8,0.005,0.07,0.12,0.005,"{""BCC_B2#1"": 0.9950663132010167, ""FCC_L12#1"": 0.0007015686701297623, ""HCP_A3#2"": 0.002484470281525653, ""HCP_A3#3"": 0.0017476478473280406}",0.8,0.005,873.0
0.8,0.005,0.075,0.115,0.005,"{""BCC_B2#1"": 0.9950784134271715, ""FCC_L12#1"": 0.0007011028904591225, ""HCP_A3#2"": 0.0024783221971865395, ""HCP_A3#3"": 0.001742161485182586}",0.8,0.005,873.0
0.8,0.005,0.08,0.11,0.005,"{""BCC_B2#1"": 0.9950905251539457, ""FCC_L12#1"": 0.0007006306074342943, ""HCP_A3#2"": 0.0024721826172716985, ""HCP_A3#3"": 0.0017366616213485917}",0.8,0.005,873.0
0.8,0.005,0.085,0.105,0.005,"{""BCC_B2#1"": 0.9951026499134784, ""FCC_L12#1"": 0.0007001520077560748, ""HCP_A3#2"": 0.0024660555923510497, ""HCP_A3#3"": 0.0017311424864146759}",0.8,0.005,873.0
0.8,0.005,0.09,0.1,0.005,"{""BCC_B2#1"": 0.9951147935170255, ""FCC_L12#1"": 0.00069966730995531, ""HCP_A3#2"": 0.0024599456214808293, ""HCP_A3#3"": 0.0017255935515384673}",0.8,0.005,873.0
0.8,0.005,0.095,0.095,0.005,"{""BCC_B2#1"": 0.9951269683844657, ""FCC_L12#1"": 0.0006991767794768561, ""HCP_A3#2"": 0.0024538578708994912, ""HCP_A3#3"": 0.0017199969651577633}",0.8,0.005,873.0
0.8,0.005,0.1,0.09,0.005,"{""BCC_B2#1"": 0.9951391971439556, ""FCC_L12#1"": 0.000698680752266575, ""HCP_A3#2"": 0.0024477985022186943, ""HCP_A3#3"": 0.0017143236015587683}",0.8,0.005,873.0
0.8,0.005,0.105,0.085,0.005,"{""BCC_B2#1"": 0.9951515181943564, ""FCC_L12#1"": 0.0006981796713335372, ""HCP_A3#2"": 0.002441775162455717, ""HCP_A3#3"": 0.0017085269718542686}",0.8,0.005,873.0
0.8,0.005,0.11,0.08,0.005,"{""BCC_B2#1"": 0.9951639942927293, ""FCC_L12#1"": 0.0006976741429923115, ""HCP_A3#2"": 0.0024357977121673645, ""HCP_A3#3"": 0.0017025338521110703}",0.8,0.005,873.0
0.8,0.005,0.115,0.075,0.005,"{""BCC_B2#1"": 0.9951767257838977, ""FCC_L12#1"": 0.0006971650227260696, ""HCP_A3#2"": 0.002429879301426159, ""HCP_A3#3"": 0.0016962298919500685}",0.8,0.005,873.0
0.8,0.005,0.12,0.07,0.005,"{""BCC_B2#1"": 0.9951898709040754, ""FCC_L12#1"": 0.0006966535451641769, ""HCP_A3#2"": 0.0024240379484932553, ""HCP_A3#3"": 0.0016894376022672133}",0.8,0.005,873.0
0.8,0.005,0.125,0.065,0.005,"{""BCC_B2#1"": 0.9951910832088056, ""FCC_L12#1"": 0.0006974340855159133, ""HCP_A3#1"": 0.0015043573097307424, ""HCP_A3#2"": 0.00017104299612620777, ""HCP_A3#3"": 0.002436082399821766}",0.8,0.005,873.0
0.8,0.005,0.13,0.06,0.005,"{""BCC_B2#1"": 0.9951928070525476, ""FCC_L12#1"": 0.0006982345167615611, ""HCP_A3#1"": 0.0013045686492224688, ""HCP_A3#2"": 0.00035605646573984816, ""HCP_A3#3"": 0.0024483333157287028}",0.8,0.005,873.0
0.8,0.005,0.135,0.055,0.005,"{""BCC_B2#1"": 0.9951953133728596, ""FCC_L12#1"": 0.0006990211869145541, ""HCP_A3#1"": 0.0010941110745238689, ""HCP_A3#2"": 0.0005512530243387648, ""HCP_A3#3"": 0.0024603013413632227}",0.8,0.005,873.0
0.8,0.005,0.14,0.05,0.005,"{""BCC_B2#1"": 0.9951985761778862, ""FCC_L12#1"": 0.0006997958576002588, ""HCP_A3#1"": 0.002471986065694121, ""HCP_A3#2"": 0.0007573860015712345, ""HCP_A3#3"": 0.0008722558972480568}",0.8,0.005,873.0
0.8,0.005,0.145,0.045,0.005,"{""BCC_B2#1"": 0.9952026434000838, ""FCC_L12#1"": 0.0007005601859628351, ""HCP_A3#1"": 0.0006382387016849545, ""HCP_A3#2"": 0.0009751726450751764, ""HCP_A3#3"": 0.002483385067193197}",0.8,0.005,873.0
0.8,0.005,0.15,0.04,0.005,"{""BCC_B2#1"": 0.9952076722740251, ""FCC_L12#1"": 0.0007013157435176873, ""HCP_A3#1"": 0.0012052607771121631, ""HCP_A3#2"": 0.00039125714826669406, ""HCP_A3#3"": 0.0024944940570781966}",0.8,0.005,873.0
0.8,0.005,0.155,0.035,0.005,"{""BCC_B2#1"": 0.995213979634077, ""FCC_L12#1"": 0.0007020640345444679, ""HCP_A3#1"": 0.0014481806860809291, ""HCP_A3#2"": 0.00013046864101830944, ""HCP_A3#3"": 0.0025053070042794353}",0.8,0.005,873.0
0.8,0.005,0.16,0.03,0.005,"{""BCC_B2#1"": 0.9952237939659848, ""FCC_L12#1"": 0.0007020039592579826, ""HCP_A3#2"": 0.002503769855680379, ""HCP_A3#3"": 0.0015704322190767323}",0.8,0.005,873.0
0.8,0.005,0.165,0.025,0.005,"{""BCC_B2#1"": 0.9952386827663234, ""FCC_L12#1"": 0.00070119349527876, ""HCP_A3#2"": 0.0024914307484903775, ""HCP_A3#3"": 0.001568692989907181}",0.8,0.005,873.0
0.8,0.005,0.17,0.02,0.005,"{""BCC_B2#1"": 0.9952589579835079, ""FCC_L12#1"": 0.000700373804259121, ""HCP_A3#2"": 0.0024795652910782695, ""HCP_A3#3"": 0.0015611029211546202}",0.8,0.005,873.0
0.8,0.005,0.17500000000000002,0.015,0.005,"{""BCC_B2#1"": 0.9952869034983669, ""FCC_L12#1"": 0.0006995446536919142, ""HCP_A3#2"": 0.0024681060955749836, ""HCP_A3#3"": 0.0015454457523661578}",0.8,0.005,873.0
0.8,0.005,0.18,0.01,0.005,"{""BCC_B2#1"": 0.9953256784057085, ""FCC_L12#1"": 0.0006987057117286677, ""HCP_A3#2"": 0.0024569983520807736, ""HCP_A3#3"": 0.0015186175304819423}",0.8,0.005,873.0
0.8,0.005,0.185,0.005,0.005,"{""BCC_B2#1"": 0.9953796735866917, ""FCC_L12#1"": 0.0006978566764238963, ""HCP_A3#2"": 0.002446195997255511, ""HCP_A3#3"": 0.0014762737396286157}",0.8,0.005,873.0
0.8,0.005,0.19,0.0,0.005,"{""BCC_B2#1"": 0.9954550145453884, ""FCC_L12#1"": 0.0006969974801482987, ""HCP_A3#2"": 0.001412329265589915, ""HCP_A3#3"": 0.002435658708873334}",0.8,0.005,873.0
0.8,0.01,0.0,0.185,0.005,"{""BCC_B2#1"": 0.9946225981143862, ""C15_LAVES#1"": 0.00033779950086594763, ""FCC_L12#1"": 0.0007057158215451801, ""HCP_A3#2"": 0.001798367745523512, ""HCP_A3#3"": 0.002535518817679193}",0.8,0.005,873.0
0.8,0.01,0.005,0.18,0.005,"{""BCC_B2#1"": 0.9948116255314817, ""C15_LAVES#1"": 0.00013230098425322522, ""FCC_L12#1"": 0.0007061082949390155, ""HCP_A3#2"": 0.0018045087473775652, ""HCP_A3#3"": 0.002545456441948407}",0.8,0.005,873.0
0.8,0.01,0.01,0.17500000000000002,0.005,"{""BCC_B2#1"": 0.9949381006794631, ""FCC_L12#1"": 0.0007062040216387446, ""HCP_A3#2"": 0.0018063272811458448, ""HCP_A3#3"": 0.002549368017752605}",0.8,0.005,873.0
0.8,0.01,0.015,0.17,0.005,"{""BCC_B2#1"": 0.9949498161817751, ""FCC_L12#1"": 0.0007058175818489329, ""HCP_A3#2"": 0.0018010398524470463, ""HCP_A3#3"": 0.0025433263839288733}",0.8,0.005,873.0
0.8,0.01,0.02,0.165,0.005,"{""BCC_B2#1"": 0.9949615955540092, ""FCC_L12#1"": 0.0007054234105109065, ""HCP_A3#2"": 0.0017957215886284035, ""HCP_A3#3"": 0.0025372594468515905}",0.8,0.005,873.0
0.8,0.01,0.025,0.16,0.005,"{""BCC_B2#1"": 0.9949734328201622, ""FCC_L12#1"": 0.000705021574771843, ""HCP_A3#2"": 0.0017903754747776485, ""HCP_A3#3"": 0.0025311701302881203}",0.8,0.005,873.0
0.8,0.01,0.03,0.155,0.005,"{""BCC_B2#1"": 0.9949853219497884, ""FCC_L12#1"": 0.0007046121502597481, ""HCP_A3#2"": 0.0017850044869340696, ""HCP_A3#3"": 0.0025250614130175883}",0.8,0.005,873.0
0.8,0.01,0.035,0.15,0.005,"{""BCC_B2#1"": 0.9949972568841043, ""FCC_L12#1"": 0.0007041952210148831, ""HCP_A3#2"": 0.0017796115678735866, ""HCP_A3#3"": 0.0025189363270075866}",0.8,0.005,873.0
0.8,0.01,0.04,0.145,0.005,"{""BCC_B2#1"": 0.9950092315712414, ""FCC_L12#1"": 0.0007037708794212218, ""HCP_A3#2"": 0.0017741995930725285, ""HCP_A3#3"": 0.0025127979562648665}",0.8,0.005,873.0
0.8,0.01,0.045,0.14,0.005,"{""BCC_B2#1"": 0.9950212400151943, ""FCC_L12#1"": 0.0007033392261680489, ""HCP_A3#2"": 0.0017687713216769407, ""HCP_A3#3"": 0.0025066494369604493}",0.8,0.005,873.0
0.8,0.01,0.05,0.135,0.005,"{""BCC_B2#1"": 0.9950332763455252, ""FCC_L12#1"": 0.0007029003702893788, ""HCP_A3#2"": 0.0017633293244794647, ""HCP_A3#3"": 0.0025004939597060506}",0.8,0.005,873.0
0.8,0.01,0.055,0.13,0.005,"{""BCC_B2#1"": 0.9950453349188322, ""FCC_L12#1"": 0.0007024544293591995, ""HCP_A3#2"": 0.0017578758765419028, ""HCP_A3#3"": 0.002494334775266486}",0.8,0.005,873.0
0.8,0.01,0.06,0.125,0.005,"{""BCC_B2#1"": 0.9950574104690758, ""FCC_L12#1"": 0.0007020015299611073, ""HCP_A3#2"": 0.0017524127953640668, ""HCP_A3#3"": 0.0024881752055987993}",0.8,0.005,873.0
0.8,0.01,0.065,0.12,0.005,"{""BCC_B2#1"": 0.9950694983332868, ""FCC_L12#1"": 0.0007015418086198248, ""HCP_A3#2"": 0.0017469411950841178, ""HCP_A3#3"": 0.0024820186630092993}",0.8,0.005,873.0
0.8,0.01,0.07,0.115,0.005,"{""BCC_B2#1"": 0.9950815947941655, ""FCC_L12#1"": 0.0007010754134854487, ""HCP_A3#2"": 0.0017414611111396625, ""HCP_A3#3"": 0.002475868681209146}",0.8,0.005,873.0
0.8,0.01,0.075,0.11,0.005,"{""BCC_B2#1"": 0.9950936976043813, ""FCC_L12#1"": 0.0007006025072264793, ""HCP_A3#2"": 0.00173597092500421, ""HCP_A3#3"": 0.0024697289633882286}",0.8,0.005,873.0
0.8,0.01,0.08,0.105,0.005,"{""BCC_B2#1"": 0.9951058067867476, ""FCC_L12#1"": 0.0007001232717632404, ""HCP_A3#2"": 0.001730466479426989, ""HCP_A3#3"": 0.002463603462062068}",0.8,0.005,873.0
0.8,0.01,0.085,0.1,0.005,"{""BCC_B2#1"": 0.9951179258711926, ""FCC_L12#1"": 0.0006996379159612876, ""HCP_A3#2"": 0.0017249397167910642, ""HCP_A3#3"": 0.002457496496055097}",0.8,0.005,873.0
0.8,0.01,0.09,0.095,0.005,"{""BCC_B2#1"": 0.9951300638031559, ""FCC_L12#1"": 0.0006991466878478173, ""HCP_A3#2"": 0.001719376580207653, ""HCP_A3#3"": 0.002451412928788452}",0.8,0.005,873.0
0.8,0.01,0.095,0.09,0.005,"{""BCC_B2#1"": 0.9951422378926439, ""FCC_L12#1"": 0.000698649893784796, ""HCP_A3#2"": 0.0017137537766620376, ""HCP_A3#3"": 0.002445358436909088}",0.8,0.005,873.0
0.8,0.01,0.1,0.085,0.005,"{""BCC_B2#1"": 0.9951544783737131, ""FCC_L12#1"": 0.0006981479282848955, ""HCP_A3#2"": 0.001708033785730422, ""HCP_A3#3"": 0.002439339912271569}",0.8,0.005,873.0
0.8,0.01,0.105,0.08,0.005,"{""BCC_B2#1"": 0.9951668354504409, ""FCC_L12#1"": 0.0006976413200100039, ""HCP_A3#2"": 0.0017021571689947964, ""HCP_A3#3"": 0.002433366060554373}",0.8,0.005,873.0
0.8,0.01,0.11,0.075,0.005,"{""BCC_B2#1"": 0.9951793901687082, ""FCC_L12#1"": 0.0006971308022143495, ""HCP_A3#2"": 0.0016960307409255035, ""HCP_A3#3"": 0.0024274482881518817}",0.8,0.005,873.0
0.8,0.01,0.115,0.07,0.005,"{""BCC_B2#1"": 0.9951922711417921, ""FCC_L12#1"": 0.0006966174197769301, ""HCP_A3#2"": 0.0016895094304606743, ""HCP_A3#3"": 0.002421602007969995}",0.8,0.005,873.0
0.8,0.01,0.12,0.065,0.005,"{""BCC_B2#1"": 0.9951980126961064, ""FCC_L12#1"": 0.0006969205145012612, ""HCP_A3#1"": 0.00010721424393025485, ""HCP_A3#2"": 0.0015708054041061823, ""HCP_A3#3"": 0.00242704714135588}",0.8,0.005,873.0
0.8,0.01,0.125,0.06,0.005,"{""BCC_B2#1"": 0.9951996122749991, ""FCC_L12#1"": 0.0006977450026684165, ""HCP_A3#1"": 0.0002921345292394505, ""HCP_A3#2"": 0.0013709048525796027, ""HCP_A3#3"": 0.0024396033405135525}",0.8,0.005,873.0
0.8,0.01,0.13,0.055,0.005,"{""BCC_B2#1"": 0.9952020512224304, ""FCC_L12#1"": 0.0006985545678535057, ""HCP_A3#1"": 0.0004872094658534107, ""HCP_A3#2"": 0.001160313892908035, ""HCP_A3#3"": 0.0024518708509541974}",0.8,0.005,873.0
0.8,0.01,0.135,0.05,0.005,"{""BCC_B2#1"": 0.9952052624263622, ""FCC_L12#1"": 0.0006993511506221618, ""HCP_A3#1"": 0.0006932479113530321, ""HCP_A3#2"": 0.0009382873631899237, ""HCP_A3#3"": 0.00246385114847244}",0.8,0.005,873.0
0.8,0.01,0.14,0.045,0.005,"{""BCC_B2#1"": 0.9952092365519235, ""FCC_L12#1"": 0.0007001365701213791, ""HCP_A3#1"": 0.0009110399302588165, ""HCP_A3#2"": 0.0007040434429605157, ""HCP_A3#3"": 0.002475543504735685}",0.8,0.005,873.0
0.8,0.01,0.145,0.04,0.005,"{""BCC_B2#1"": 0.9952140507772654, ""FCC_L12#1"": 0.0007009125453828481, ""HCP_A3#1"": 0.0011413302358821, ""HCP_A3#2"": 0.00045676128501503786, ""HCP_A3#3"": 0.0024869451564548234}",0.8,0.005,873.0
0.8,0.01,0.15,0.035,0.005,"{""BCC_B2#1"": 0.9952199098680005, ""FCC_L12#1"": 0.0007016807153274659, ""HCP_A3#1"": 0.0013847793991016322, ""HCP_A3#2"": 0.00019557856725682906, ""HCP_A3#3"": 0.002498051450313739}",0.8,0.005,873.0
0.8,0.01,0.155,0.03,0.005,"{""BCC_B2#1"": 0.9952278609003145, ""FCC_L12#1"": 0.0007019961647232846, ""HCP_A3#2"": 0.002502168242843695, ""HCP_A3#3"": 0.0015679746921185833}",0.8,0.005,873.0
0.8,0.01,0.16,0.025,0.005,"{""BCC_B2#1"": 0.9952401660755877, ""FCC_L12#1"": 0.0007011875783285059, ""HCP_A3#2"": 0.0024898138926811872, ""HCP_A3#3"": 0.001568832453402791}",0.8,0.005,873.0
0.8,0.01,0.165,0.02,0.005,"{""BCC_B2#1"": 0.9952568276615797, ""FCC_L12#1"": 0.0007003700968766277, ""HCP_A3#2"": 0.0024779534920512047, ""HCP_A3#3"": 0.0015648487494924446}",0.8,0.005,873.0
0.8,0.01,0.17,0.015,0.005,"{""BCC_B2#1"": 0.9952797401231722, ""FCC_L12#1"": 0.0006995435682896377, ""HCP_A3#2"": 0.002466515598598265, ""HCP_A3#3"": 0.0015542007099396916}",0.8,0.005,873.0
0.7999999999999999,0.01,0.17500000000000002,0.01,0.005,"{""BCC_B2#1"": 0.9953115147384742, ""FCC_L12#1"": 0.0006987077113793478, ""HCP_A3#2"": 0.002455442786719159, ""HCP_A3#3"": 0.001534334763427187}",0.8,0.005,873.0
0.8,0.01,0.18,0.005,0.005,"{""BCC_B2#1"": 0.9953557708153887, ""FCC_L12#1"": 0.0006978622235514839, ""HCP_A3#2"": 0.0024446874816332186, ""HCP_A3#3"": 0.001501679479426584}",0.8,0.005,873.0
0.8,0.01,0.185,0.0,0.005,"{""BCC_B2#1"": 0.9954175459274276, ""FCC_L12#1"": 0.0006970069466911914, ""HCP_A3#2"": 0.002434208766964548, ""HCP_A3#3"": 0.0014512383589166216}",0.8,0.005,873.0
0.8,0.015,0.0,0.18,0.005,"{""BCC_B2#1"": 0.993648789082681, ""C15_LAVES#1"": 0.0014787351589746678, ""FCC_L12#1"": 0.000700713554749833, ""HCP_A3#2"": 0.0024403017011381018, ""HCP_A3#3"": 0.0017314605024561455}",0.8,0.005,873.0
0.8,0.015,0.005,0.17500000000000002,0.005,"{""BCC_B2#1"": 0.9938016394993725, ""C15_LAVES#1"": 0.0013114888082516334, ""FCC_L12#1"": 0.0007011076356356304, ""HCP_A3#2"": 0.002449080250061105, ""HCP_A3#3"": 0.0017366838066790481}",0.8,0.005,873.0
0.8,0.015,0.01,0.17,0.005,"{""BCC_B2#1"": 0.9939648710060586, ""C15_LAVES#1"": 0.0011334520934062065, ""FCC_L12#1"": 0.0007015073196780244, ""HCP_A3#2"": 0.0024581127691445962, ""HCP_A3#3"": 0.0017420568117125703}",0.8,0.005,873.0
0.8,0.015,0.015,0.165,0.005,"{""BCC_B2#1"": 0.994139228692299, ""C15_LAVES#1"": 0.0009438789699461295, ""FCC_L12#1"": 0.0007019122921670703, ""HCP_A3#2"": 0.0024673998424118047, ""HCP_A3#3"": 0.0017475802031759688}",0.8,0.005,873.0
0.8,0.015,0.02,0.16,0.005,"{""BCC_B2#1"": 0.9943255131256424, ""C15_LAVES#1"": 0.0007419682713936552, ""FCC_L12#1"": 0.0007023222265782245, ""HCP_A3#2"": 0.002476941844453659, ""HCP_A3#3"": 0.0017532545319320161}",0.8,0.005,873.0
0.8,0.015,0.025,0.155,0.005,"{""BCC_B2#1"": 0.9945245847357647, ""C15_LAVES#1"": 0.0005268593682783892, ""FCC_L12#1"": 0.0007027367844365402, ""HCP_A3#2"": 0.002486738917509505, ""HCP_A3#3"": 0.0017590801940111178}",0.8,0.005,873.0
0.8,0.015,0.03,0.15,0.005,"{""BCC_B2#1"": 0.9947373685698933, ""C15_LAVES#1"": 0.000297627460675177, ""FCC_L12#1"": 0.0007031556152128513, ""HCP_A3#2"": 0.002496790946222219, ""HCP_A3#3"": 0.0017650574079968013}",0.8,0.005,873.0
0.8,0.015,0.035,0.145,0.005,"{""BCC_B2#1"": 0.9949648594516953, ""C15_LAVES#1"": 5.327847284441236e-05, ""FCC_L12#1"": 0.0007035783562570177, ""HCP_A3#2"": 0.00250709752983886, ""HCP_A3#3"": 0.0017711861893646883}",0.8,0.005,873.0
0.8,0.015,0.04,0.14,0.005,"{""BCC_B2#1"": 0.9950240518795787, ""FCC_L12#1"": 0.0007033254214334712, ""HCP_A3#2"": 0.002504423356508442, ""HCP_A3#3"": 0.0017681993424793151}",0.8,0.005,873.0
0.8,0.015,0.045,0.135,0.005,"{""BCC_B2#1"": 0.9950360998594598, ""FCC_L12#1"": 0.0007028860681485917, ""HCP_A3#2"": 0.0024982575784168143, ""HCP_A3#3"": 0.0017627564939753071}",0.8,0.005,873.0
0.8,0.015,0.05,0.13,0.005,"{""BCC_B2#1"": 0.995048167741929, ""FCC_L12#1"": 0.0007024396169476645, ""HCP_A3#2"": 0.0024920897180415033, ""HCP_A3#3"": 0.00175730292308188}",0.8,0.005,873.0
0.8,0.015,0.055,0.125,0.005,"{""BCC_B2#1"": 0.995060249960854, ""FCC_L12#1"": 0.0007019861961358909, ""HCP_A3#2"": 0.0024859231399458085, ""HCP_A3#3"": 0.0017518407030644202}",0.8,0.005,873.0
0.8,0.015,0.06,0.12,0.005,"{""BCC_B2#1"": 0.9950723414417495, ""FCC_L12#1"": 0.0007015259435171482, ""HCP_A3#2"": 0.002479761285335404, ""HCP_A3#3"": 0.0017463713293977676}",0.8,0.005,873.0
0.8,0.015,0.065,0.115,0.005,"{""BCC_B2#1"": 0.9950844378832208, ""FCC_L12#1"": 0.0007010590076840813, ""HCP_A3#2"": 0.0024736076967689868, ""HCP_A3#3"": 0.00174089541232597}",0.8,0.005,873.0
0.8,0.015,0.07,0.11,0.005,"{""BCC_B2#1"": 0.9950965361870139, ""FCC_L12#1"": 0.0007005855502864989, ""HCP_A3#2"": 0.002467466056448425, ""HCP_A3#3"": 0.0017354122062511195}",0.8,0.005,873.0
0.8,0.015,0.075,0.105,0.005,"{""BCC_B2#1"": 0.9951086351144759, ""FCC_L12#1"": 0.0007001057498082727, ""HCP_A3#2"": 0.0024613402491898786, ""HCP_A3#3"": 0.0017299188865260607}",0.8,0.005,873.0
0.8,0.015,0.08,0.1,0.005,"{""BCC_B2#1"": 0.9951207362966774, ""FCC_L12#1"": 0.0006996198077184791, ""HCP_A3#2"": 0.0024552344593503543, ""HCP_A3#3"": 0.0017244094362536707}",0.8,0.005,873.0
0.8,0.015,0.085,0.095,0.005,"{""BCC_B2#1"": 0.99513284579559, ""FCC_L12#1"": 0.0006991279583368841, ""HCP_A3#2"": 0.002449153315304128, ""HCP_A3#3"": 0.0017188729307687533}",0.8,0.005,873.0
0.8,0.015,0.09,0.09,0.005,"{""BCC_B2#1"": 0.995144976515505, ""FCC_L12#1"": 0.0006986304843754488, ""HCP_A3#2"": 0.002443102108921369, ""HCP_A3#3"": 0.0017132908911978708}",0.8,0.005,873.0
0.8,0.015,0.095,0.085,0.005,"{""BCC_B2#1"": 0.9951571519326154, ""FCC_L12#1"": 0.0006981277411905007, ""HCP_A3#2"": 0.0024370871247571227, ""HCP_A3#3"": 0.0017076332014370242}",0.8,0.005,873.0
0.8,0.015,0.1,0.08,0.005,"{""BCC_B2#1"": 0.9951694118628576, ""FCC_L12#1"": 0.0006976201943106853, ""HCP_A3#2"": 0.0024311161313101807, ""HCP_A3#3"": 0.0017018518115212394}",0.8,0.005,873.0
0.8,0.015,0.105,0.075,0.005,"{""BCC_B2#1"": 0.9951818213728697, ""FCC_L12#1"": 0.0006971084770766818, ""HCP_A3#2"": 0.0024251991105668233, ""HCP_A3#3"": 0.001695871039486629}",0.8,0.005,873.0
0.8,0.015,0.11,0.07,0.005,"{""BCC_B2#1"": 0.9951944845162026, ""FCC_L12#1"": 0.0006965934785157254, ""HCP_A3#2"": 0.0024193493353544845, ""HCP_A3#3"": 0.0016895726699270343}",0.8,0.005,873.0
0.8,0.015,0.115,0.065,0.005,"{""BCC_B2#1"": 0.995204776733586, ""FCC_L12#1"": 0.0006963839978932059, ""HCP_A3#1"": 0.0016411369997644681, ""HCP_A3#2"": 3.992573698470267e-05, ""HCP_A3#3"": 0.0024177765317713977}",0.8,0.005,873.0
0.8,0.015,0.12,0.06,0.005,"{""BCC_B2#1"": 0.9952061927274004, ""FCC_L12#1"": 0.0006972338447192927, ""HCP_A3#1"": 0.0024306523623559, ""HCP_A3#2"": 0.00022464461612370384, ""HCP_A3#3"": 0.0014412764494007894}",0.8,0.005,873.0
0.8,0.015,0.125,0.055,0.005,"{""BCC_B2#1"": 0.9952085293669892, ""FCC_L12#1"": 0.0006980674027691203, ""HCP_A3#1"": 0.0012307246905549907, ""HCP_A3#2"": 0.0004194467624562402, ""HCP_A3#3"": 0.0024432317772305995}",0.8,0.005,873.0
0.8,0.015,0.13,0.05,0.005,"{""BCC_B2#1"": 0.9952116851294731, ""FCC_L12#1"": 0.0006988868128685863, ""HCP_A3#1"": 0.001008720465587931, ""HCP_A3#2"": 0.0006251892135173034, ""HCP_A3#3"": 0.002455518378553182}",0.8,0.005,873.0
0.8,0.015,0.135,0.045,0.005,"{""BCC_B2#1"": 0.9952156030326136, ""FCC_L12#1"": 0.0006996940737247257, ""HCP_A3#1"": 0.0007744650904806755, ""HCP_A3#2"": 0.0008427244691583767, ""HCP_A3#3"": 0.0024675133340227133}",0.8,0.005,873.0
0.7999999999999999,0.015,0.14,0.04,0.005,"{""BCC_B2#1"": 0.9952202938064836, ""FCC_L12#1"": 0.0007004910665493376, ""HCP_A3#1"": 0.002479215579585948, ""HCP_A3#2"": 0.0010728796643022795, ""HCP_A3#3"": 0.0005271198830792386}",0.8,0.005,873.0
0.8,0.015,0.145,0.035,0.005,"{""BCC_B2#1"": 0.9952258692825666, ""FCC_L12#1"": 0.0007012795773785014, ""HCP_A3#1"": 0.00026580356230786846, ""HCP_A3#2"": 0.0013164255874729735, ""HCP_A3#3"": 0.0024906219902737555}",0.8,0.005,873.0
0.8,0.015,0.15,0.03,0.005,"{""BCC_B2#1"": 0.9952326414853195, ""FCC_L12#1"": 0.0007020032871899811, ""HCP_A3#2"": 0.001564495466662968, ""HCP_A3#3"": 0.0025008597608274785}",0.8,0.005,873.0
0.8,0.015,0.155,0.025,0.005,"{""BCC_B2#1"": 0.995242820785833, ""FCC_L12#1"": 0.0007011963971604719, ""HCP_A3#2"": 0.0015675112241459758, ""HCP_A3#3"": 0.002488471592860464}",0.8,0.005,873.0
0.8,0.015,0.16,0.02,0.005,"{""BCC_B2#1"": 0.9952564961442962, ""FCC_L12#1"": 0.0007003808801244297, ""HCP_A3#2"": 0.0015665224094433294, ""HCP_A3#3"": 0.002476600566135822}",0.8,0.005,873.0
0.8,0.015,0.165,0.015,0.005,"{""BCC_B2#1"": 0.9952752419183465, ""FCC_L12#1"": 0.000699556669717222, ""HCP_A3#2"": 0.001560031099994384, ""HCP_A3#3"": 0.002465170311941622}",0.8,0.005,873.0
0.8,0.015,0.17,0.01,0.005,"{""BCC_B2#1"": 0.9953012195582941, ""FCC_L12#1"": 0.0006987235451818884, ""HCP_A3#2"": 0.0015459367535355208, ""HCP_A3#3"": 0.0024541201429883917}",0.8,0.005,873.0
0.8,0.015,0.17500000000000002,0.005,0.005,"{""BCC_B2#1"": 0.9953374155418164, ""FCC_L12#1"": 0.0006978812231658774, ""HCP_A3#2"": 0.0015213027739780806, ""HCP_A3#3"": 0.0024434004610393986}",0.8,0.005,873.0
0.8,0.015,0.18,0.0,0.005,"{""BCC_B2#1"": 0.995387976049529, ""FCC_L12#1"": 0.0006970294933804305, ""HCP_A3#2"": 0.0014820251452230292, ""HCP_A3#3"": 0.002432969311867602}",0.8,0.005,873.0
0.8,0.02,0.0,0.17500000000000002,0.005,"{""BCC_B2#1"": 0.9929733877360943, ""C15_LAVES#1"": 0.0022741958666409037, ""FCC_L12#1"": 0.0006966376870293098, ""HCP_A3#2"": 0.0016842233505363327, ""HCP_A3#3"": 0.0023715553596992812}",0.8,0.005,873.0
0.8,0.02,0.005,0.17,0.005,"{""BCC_B2#1"": 0.9931015839349556, ""C15_LAVES#1"": 0.0021327615771473186, ""FCC_L12#1"": 0.000697036197886643, ""HCP_A3#2"": 0.0016889170208252925, ""HCP_A3#3"": 0.0023797012691847384}",0.8,0.005,873.0
0.8,0.02,0.01,0.165,0.005,"{""BCC_B2#1"": 0.9932390604425104, ""C15_LAVES#1"": 0.001981651166857069, ""FCC_L12#1"": 0.000697441732016516, ""HCP_A3#2"": 0.0023880925870217, ""HCP_A3#3"": 0.0016937540715942605}",0.8,0.005,873.0
0.8,0.02,0.015,0.16,0.005,"{""BCC_B2#1"": 0.9933865139203331, ""C15_LAVES#1"": 0.0018201667256616907, ""FCC_L12#1"": 0.000697854008387652, ""HCP_A3#2"": 0.002396729882103582, ""HCP_A3#3"": 0.0016987354635139347}",0.8,0.005,873.0
0.8,0.02,0.02,0.155,0.005,"{""BCC_B2#1"": 0.9935446944841759, ""C15_LAVES#1"": 0.0016475571794654464, ""FCC_L12#1"": 0.0006982727336474035, ""HCP_A3#2"": 0.002405613549145235, ""HCP_A3#3"": 0.0017038620535657608}",0.8,0.005,873.0
0.8,0.02,0.025,0.15,0.005,"{""BCC_B2#1"": 0.9937144101506563, ""C15_LAVES#1"": 0.00146301387918092, ""FCC_L12#1"": 0.0006986976018610572, ""HCP_A3#2"": 0.0024147437927784753, ""HCP_A3#3"": 0.0017091345755231495}",0.8,0.005,873.0
0.8,0.02,0.03,0.145,0.005,"{""BCC_B2#1"": 0.9938965316767298, ""C15_LAVES#1"": 0.0012656658021878515, ""FCC_L12#1"": 0.0006991282942623596, ""HCP_A3#2"": 0.0024241206098092848, ""HCP_A3#3"": 0.0017145536170107918}",0.8,0.005,873.0
0.8,0.02,0.035,0.14,0.005,"{""BCC_B2#1"": 0.9940919978248823, ""C15_LAVES#1"": 0.0010545743344225653, ""FCC_L12#1"": 0.0006995644790199299, ""HCP_A3#2"": 0.002433743769405531, ""HCP_A3#3"": 0.0017201195922693093}",0.8,0.005,873.0
0.8,0.02,0.04,0.135,0.005,"{""BCC_B2#1"": 0.9943018210900939, ""C15_LAVES#1"": 0.0008287275984306874, ""FCC_L12#1"": 0.0007000058110241333, ""HCP_A3#2"": 0.0024436127909707563, ""HCP_A3#3"": 0.0017258327094802194}",0.8,0.005,873.0
0.8,0.02,0.045,0.13,0.005,"{""BCC_B2#1"": 0.9945270939279978, ""C15_LAVES#1"": 0.0005870342896994861, ""FCC_L12#1"": 0.0007004519316996785, ""HCP_A3#2"": 0.0024537269194641613, ""HCP_A3#3"": 0.0017316929311393158}",0.8,0.005,873.0
0.8,0.02,0.05,0.125,0.005,"{""BCC_B2#1"": 0.9947689955274577, ""C15_LAVES#1"": 0.00032831698030064214, ""FCC_L12#1"": 0.000700902468850017, ""HCP_A3#2"": 0.0024640850979156174, ""HCP_A3#3"": 0.0017376999254762183}",0.8,0.005,873.0
0.8,0.02,0.055,0.12,0.005,"{""BCC_B2#1"": 0.9950287991748431, ""C15_LAVES#1"": 5.130484548371672e-05, ""FCC_L12#1"": 0.0007013570365405824, ""HCP_A3#2"": 0.0024746859368760944, ""HCP_A3#3"": 0.0017438530062566823}",0.8,0.005,873.0
0.8,0.02,0.06,0.115,0.005,"{""BCC_B2#1"": 0.9950869485865462, ""FCC_L12#1"": 0.0007010535748911713, ""HCP_A3#2"": 0.0024715350257026, ""HCP_A3#3"": 0.0017404628128600116}",0.8,0.005,873.0
0.8,0.02,0.065,0.11,0.005,"{""BCC_B2#1"": 0.9950990464892971, ""FCC_L12#1"": 0.0007005796373809944, ""HCP_A3#2"": 0.002465389705017797, ""HCP_A3#3"": 0.0017349841683037845}",0.8,0.005,873.0
0.8,0.02,0.07,0.105,0.005,"{""BCC_B2#1"": 0.9951111400551532, ""FCC_L12#1"": 0.0007000993409681239, ""HCP_A3#2"": 0.0024592617761159696, ""HCP_A3#3"": 0.0017294988277626972}",0.8,0.005,873.0
0.8,0.02,0.075,0.1,0.005,"{""BCC_B2#1"": 0.9951232293345819, ""FCC_L12#1"": 0.000699612881557246, ""HCP_A3#2"": 0.0024531553263929654, ""HCP_A3#3"": 0.0017240024574676767}",0.8,0.005,873.0
0.8,0.02,0.08,0.095,0.005,"{""BCC_B2#1"": 0.995135317997796, ""FCC_L12#1"": 0.0006991204827809405, ""HCP_A3#2"": 0.0024470748051740304, ""HCP_A3#3"": 0.001718486714248802}",0.8,0.005,873.0
0.8,0.02,0.085,0.09,0.005,"{""BCC_B2#1"": 0.995147415303154, ""FCC_L12#1"": 0.0006986224085613208, ""HCP_A3#2"": 0.0024410252024620166, ""HCP_A3#3"": 0.0017129370858225865}",0.8,0.005,873.0
0.8,0.02,0.09,0.085,0.005,"{""BCC_B2#1"": 0.9951595391418107, ""FCC_L12#1"": 0.0006981189827846806, ""HCP_A3#2"": 0.002435012318057511, ""HCP_A3#3"": 0.001707329557347267}",0.8,0.005,873.0
0.8,0.02,0.095,0.08,0.005,"{""BCC_B2#1"": 0.9951717207489605, ""FCC_L12#1"": 0.0006976106198423969, ""HCP_A3#2"": 0.0024290431640299963, ""HCP_A3#3"": 0.0017016254671675193}",0.8,0.005,873.0
0.8,0.02,0.1,0.075,0.005,"{""BCC_B2#1"": 0.9951840119897816, ""FCC_L12#1"": 0.0006970978716752883, ""HCP_A3#2"": 0.00242312656370384, ""HCP_A3#3"": 0.0016957635748391852}",0.8,0.005,873.0
0.8,0.02,0.105,0.07,0.005,"{""BCC_B2#1"": 0.9951964966088922, ""FCC_L12#1"": 0.000696581499718298, ""HCP_A3#2"": 0.0024172740385296713, ""HCP_A3#3"": 0.0016896478528595927}",0.8,0.005,873.0
0.8,0.02,0.11,0.065,0.005,"{""BCC_B2#1"": 0.9952093075465767, ""FCC_L12#1"": 0.0006960625840753275, ""HCP_A3#2"": 0.0024115011128732883, ""HCP_A3#3"": 0.0016831287564747059}",0.8,0.005,873.0
0.8,0.02,0.115,0.06,0.005,"{""BCC_B2#1"": 0.995212578791007, ""FCC_L12#1"": 0.0006966995019582845, ""HCP_A3#1"": 0.0015156498319993182, ""HCP_A3#2"": 0.0001536128098956821, ""HCP_A3#3"": 0.002421459065139764}",0.8,0.005,873.0
0.8,0.02,0.12,0.055,0.005,"{""BCC_B2#1"": 0.9952147591777243, ""FCC_L12#1"": 0.0006975583441297057, ""HCP_A3#1"": 0.001305299492637845, ""HCP_A3#2"": 0.0003480182875883127, ""HCP_A3#3"": 0.0024343646979199775}",0.8,0.005,873.0
0.8,0.02,0.125,0.05,0.005,"{""BCC_B2#1"": 0.995217833122332, ""FCC_L12#1"": 0.0006984016670783699, ""HCP_A3#1"": 0.001083501639369235, ""HCP_A3#2"": 0.0005532935868219687, ""HCP_A3#3"": 0.0024469699843986596}",0.8,0.005,873.0
0.8,0.02,0.13,0.045,0.005,"{""BCC_B2#1"": 0.9952217038786514, ""FCC_L12#1"": 0.000699231670613272, ""HCP_A3#1"": 0.0008494411707040159, ""HCP_A3#2"": 0.0007703450490415924, ""HCP_A3#3"": 0.0024592782309896285}",0.8,0.005,873.0
0.8,0.02,0.135,0.04,0.005,"{""BCC_B2#1"": 0.9952263269741454, ""FCC_L12#1"": 0.0007000504159486763, ""HCP_A3#1"": 0.0006022621766713203, ""HCP_A3#2"": 0.0010000701544043394, ""HCP_A3#3"": 0.0024712902788303717}",0.8,0.005,873.0
0.8,0.02,0.14,0.035,0.005,"{""BCC_B2#1"": 0.995231737172105, ""FCC_L12#1"": 0.0007008598512267759, ""HCP_A3#1"": 0.0012433331213379968, ""HCP_A3#2"": 0.00034106514723554736, ""HCP_A3#3"": 0.0024830047080948983}",0.8,0.005,873.0
0.8,0.02,0.145,0.03,0.005,"{""BCC_B2#1"": 0.9952380872313145, ""FCC_L12#1"": 0.0007016618350921966, ""HCP_A3#1"": 0.001500928818996533, ""HCP_A3#2"": 6.490410413294853e-05, ""HCP_A3#3"": 0.002494418010464028}",0.8,0.005,873.0
0.8,0.02,0.15,0.025,0.005,"{""BCC_B2#1"": 0.9952464006858948, ""FCC_L12#1"": 0.0007012199237144564, ""HCP_A3#2"": 0.0024874038413515123, ""HCP_A3#3"": 0.0015649755490393087}",0.8,0.005,873.0
0.8,0.02,0.155,0.02,0.005,"{""BCC_B2#1"": 0.9952576147420498, ""FCC_L12#1"": 0.0007004061618048717, ""HCP_A3#2"": 0.002475505460508295, ""HCP_A3#3"": 0.0015664736356367675}",0.8,0.005,873.0
0.8,0.02,0.16,0.015,0.005,"{""BCC_B2#1"": 0.9952729154400896, ""FCC_L12#1"": 0.0006995840015459147, ""HCP_A3#2"": 0.0024640685122298044, ""HCP_A3#3"": 0.0015634320461347501}",0.8,0.005,873.0
0.8,0.02,0.165,0.01,0.005,"{""BCC_B2#1"": 0.995294094771962, ""FCC_L12#1"": 0.0006987532904834785, ""HCP_A3#2"": 0.0024530283042493027, ""HCP_A3#3"": 0.001554123633305142}",0.8,0.005,873.0
0.8,0.02,0.17,0.005,0.005,"{""BCC_B2#1"": 0.9953236200661134, ""FCC_L12#1"": 0.0006979137798072318, ""HCP_A3#2"": 0.0024423326475067095, ""HCP_A3#3"": 0.0015361335065722848}",0.8,0.005,873.0
0.8,0.02,0.17500000000000002,0.0,0.005,"{""BCC_B2#1"": 0.9953649070738947, ""FCC_L12#1"": 0.0006970652366843375, ""HCP_A3#2"": 0.0024319380819753512, ""HCP_A3#3"": 0.0015060896074459112}",0.8,0.005,873.0
0.8,0.025,0.0,0.17,0.005,"{""BCC_B2#1"": 0.9924849920987038, ""C15_LAVES#1"": 0.0028530196103623132, ""FCC_L12#1"": 0.0006932771570586589, ""HCP_A3#2"": 0.002319537081834923, ""HCP_A3#3"": 0.0016491740520406123}",0.8,0.005,873.0
0.8,0.025,0.005,0.165,0.005,"{""BCC_B2#1"": 0.9925951865327639, ""C15_LAVES#1"": 0.0027303145268284664, ""FCC_L12#1"": 0.0006936800299931861, ""HCP_A3#2"": 0.0016535196300385207, ""HCP_A3#3"": 0.0023272992803757943}",0.8,0.005,873.0
0.8,0.025,0.01,0.16,0.005,"{""BCC_B2#1"": 0.9927138871062334, ""C15_LAVES#1"": 0.002598715878067712, ""FCC_L12#1"": 0.0006940910163047485, ""HCP_A3#2"": 0.0023353018364181805, ""HCP_A3#3"": 0.0016580041629761046}",0.8,0.005,873.0
0.8,0.025,0.015,0.155,0.005,"{""BCC_B2#1"": 0.9928417562768165, ""C15_LAVES#1"": 0.0024575598942787554, ""FCC_L12#1"": 0.0006945098588559178, ""HCP_A3#2"": 0.0023435452131053774, ""HCP_A3#3"": 0.0016626287569434556}",0.8,0.005,873.0
0.8,0.025,0.02,0.15,0.005,"{""BCC_B2#1"": 0.9929795082422053, ""C15_LAVES#1"": 0.0023061313338874553, ""FCC_L12#1"": 0.0006949362878791235, ""HCP_A3#2"": 0.0023520297135057504, ""HCP_A3#3"": 0.0016673944225225658}",0.8,0.005,873.0
0.8,0.025,0.025,0.145,0.005,"{""BCC_B2#1"": 0.9931279134469653, ""C15_LAVES#1"": 0.002143659010020805, ""FCC_L12#1"": 0.0006953700206661202, ""HCP_A3#2"": 0.0023607554699150352, ""HCP_A3#3"": 0.001672302052432573}",0.8,0.005,873.0
0.8,0.025,0.03,0.14,0.005,"{""BCC_B2#1"": 0.9932878035050261, ""C15_LAVES#1"": 0.001969310907872244, ""FCC_L12#1"": 0.0006958107612496691, ""HCP_A3#2"": 0.002369722431641561, ""HCP_A3#3"": 0.0016773523942103241}",0.8,0.005,873.0
0.8,0.025,0.035,0.135,0.005,"{""BCC_B2#1"": 0.9934600765716515, ""C15_LAVES#1"": 0.001782188860719098, ""FCC_L12#1"": 0.0006962582000821305, ""HCP_A3#2"": 0.0023789303510373494, ""HCP_A3#3"": 0.0016825460165098593}",0.8,0.005,873.0
0.8,0.025,0.04,0.13,0.005,"{""BCC_B2#1"": 0.9936457032017514, ""C15_LAVES#1"": 0.0015813227498637646, ""FCC_L12#1"": 0.0006967120137161923, ""HCP_A3#2"": 0.002388378767514062, ""HCP_A3#3"": 0.0016878832671543198}",0.8,0.005,873.0
0.8,0.025,0.045,0.125,0.005,"{""BCC_B2#1"": 0.9938457327345498, ""C15_LAVES#1"": 0.001365664191191359, ""FCC_L12#1"": 0.0006971718644941407, ""HCP_A3#2"": 0.0023980669892911003, ""HCP_A3#3"": 0.0016933642204736532}",0.8,0.005,873.0
0.8,0.025,0.05,0.12,0.005,"{""BCC_B2#1"": 0.9940613002479438, ""C15_LAVES#1"": 0.0011340796686566353, ""FCC_L12#1"": 0.000697637400253449, ""HCP_A3#2"": 0.002407994072485368, ""HCP_A3#3"": 0.001698988610660645}",0.8,0.005,873.0
0.8,0.025,0.055,0.115,0.005,"{""BCC_B2#1"": 0.9942936341298008, ""C15_LAVES#1"": 0.0008853430719945362, ""FCC_L12#1"": 0.0006981082540593878, ""HCP_A3#2"": 0.002418158797336429, ""HCP_A3#3"": 0.0017047557468088702}",0.8,0.005,873.0
0.8,0.025,0.06,0.11,0.005,"{""BCC_B2#1"": 0.9945440643184844, ""C15_LAVES#1"": 0.0006181275914846411, ""FCC_L12#1"": 0.0006985840439741892, ""HCP_A3#2"": 0.0024285596422061566, ""HCP_A3#3"": 0.0017106644038506907}",0.8,0.005,873.0
0.8,0.025,0.065,0.105,0.005,"{""BCC_B2#1"": 0.994814031265494, ""C15_LAVES#1"": 0.00033099692658392576, ""FCC_L12#1"": 0.000699064372879608, ""HCP_A3#2"": 0.002439194753315642, ""HCP_A3#3"": 0.001716712681726916}",0.8,0.005,873.0
0.8,0.025,0.07,0.1,0.005,"{""BCC_B2#1"": 0.9951050956810652, ""C15_LAVES#1"": 2.2395756880932774e-05, ""FCC_L12#1"": 0.0006995488283706241, ""HCP_A3#2"": 0.0024500619111534985, ""HCP_A3#3"": 0.0017228978225295503}",0.8,0.005,873.0
0.8,0.025,0.075,0.095,0.005,"{""BCC_B2#1"": 0.9951374841865801, ""FCC_L12#1"": 0.0006991241526338228, ""HCP_A3#2"": 0.002445173353411068, ""HCP_A3#3"": 0.0017182183073748776}",0.8,0.005,873.0
0.8,0.025,0.08,0.09,0.005,"{""BCC_B2#1"": 0.9951495568830508, ""FCC_L12#1"": 0.0006986255520281052, ""HCP_A3#2"": 0.0024391236109533487, ""HCP_A3#3"": 0.001712693953967466}",0.8,0.005,873.0
0.8,0.025,0.085,0.085,0.005,"{""BCC_B2#1"": 0.9951616409109055, ""FCC_L12#1"": 0.0006981215292844636, ""HCP_A3#2"": 0.002433111261316305, ""HCP_A3#3"": 0.0017071262984935656}",0.8,0.005,873.0
0.8,0.025,0.09,0.08,0.005,"{""BCC_B2#1"": 0.9951737604292729, ""FCC_L12#1"": 0.000697612457539079, ""HCP_A3#2"": 0.0024271427099064728, ""HCP_A3#3"": 0.0017014844032813459}",0.8,0.005,873.0
0.8,0.025,0.095,0.075,0.005,"{""BCC_B2#1"": 0.9951859564187062, ""FCC_L12#1"": 0.000697098822643973, ""HCP_A3#2"": 0.0024212258420600007, ""HCP_A3#3"": 0.0016957189165895856}",0.8,0.005,873.0
0.8,0.025,0.1,0.07,0.005,"{""BCC_B2#1"": 0.9951982958700113, ""FCC_L12#1"": 0.0006965812819145668, ""HCP_A3#2"": 0.0024153707516286213, ""HCP_A3#3"": 0.0016897520964458386}",0.8,0.005,873.0
0.8,0.025,0.105,0.065,0.005,"{""BCC_B2#1"": 0.9952108859574473, ""FCC_L12#1"": 0.0006960607535805013, ""HCP_A3#2"": 0.0024095908161517205, ""HCP_A3#3"": 0.0016834624728203408}",0.8,0.005,873.0
0.8,0.025,0.11,0.06,0.005,"{""BCC_B2#1"": 0.9952188145853874, ""FCC_L12#1"": 0.0006961402187731843, ""HCP_A3#1"": 0.0015939937737890774, ""HCP_A3#2"": 7.905156404161985e-05, ""HCP_A3#3"": 0.0024119998580086088}",0.8,0.005,873.0
0.8,0.025,0.115,0.055,0.005,"{""BCC_B2#1"": 0.9952207665083108, ""FCC_L12#1"": 0.0006970258595665627, ""HCP_A3#1"": 0.0024252482181910196, ""HCP_A3#2"": 0.0002729644004924592, ""HCP_A3#3"": 0.0013839950134390338}",0.8,0.005,873.0
0.8,0.025,0.12,0.05,0.005,"{""BCC_B2#1"": 0.9952237112842988, ""FCC_L12#1"": 0.0006978943758328928, ""HCP_A3#1"": 0.0011625764312141117, ""HCP_A3#2"": 0.00047763143695840675, ""HCP_A3#3"": 0.0024381864716959754}",0.8,0.005,873.0
0.8,0.025,0.125,0.045,0.005,"{""BCC_B2#1"": 0.9952275187876546, ""FCC_L12#1"": 0.0006987481949809591, ""HCP_A3#1"": 0.000928906825630199, ""HCP_A3#2"": 0.0006940058353384386, ""HCP_A3#3"": 0.0024508203563958133}",0.8,0.005,873.0
0.8,0.025,0.13,0.04,0.005,"{""BCC_B2#1"": 0.9952320985843197, ""FCC_L12#1"": 0.0006995895800038168, ""HCP_A3#1"": 0.00068211357310894, ""HCP_A3#2"": 0.0009230453979614646, ""HCP_A3#3"": 0.0024631528646061143}",0.8,0.005,873.0
0.8,0.025,0.135,0.035,0.005,"{""BCC_B2#1"": 0.9952374214949818, ""FCC_L12#1"": 0.0007004206592924558, ""HCP_A3#1"": 0.0024751844908223763, ""HCP_A3#2"": 0.0011656937503187936, ""HCP_A3#3"": 0.000421279604584579}",0.8,0.005,873.0
0.8,0.025,0.14,0.03,0.005,"{""BCC_B2#1"": 0.995243550931061, ""FCC_L12#1"": 0.0007012434532206625, ""HCP_A3#1"": 0.00014544036599827887, ""HCP_A3#2"": 0.0014228518120770132, ""HCP_A3#3"": 0.002486913437643216}",0.8,0.005,873.0
0.8,0.025,0.145,0.025,0.005,"{""BCC_B2#1"": 0.9952507011087206, ""FCC_L12#1"": 0.0007012581136089897, ""HCP_A3#2"": 0.0015614288112504246, ""HCP_A3#3"": 0.002486611966420066}",0.8,0.005,873.0
0.8,0.025,0.15,0.02,0.005,"{""BCC_B2#1"": 0.9952598943388549, ""FCC_L12#1"": 0.0007004459331503257, ""HCP_A3#2"": 0.001564991559097791, ""HCP_A3#3"": 0.0024746681688969934}",0.8,0.005,873.0
0.8,0.025,0.155,0.015,0.005,"{""BCC_B2#1"": 0.9952723523299892, ""FCC_L12#1"": 0.0006996255905334273, ""HCP_A3#2"": 0.0015648127641943257, ""HCP_A3#3"": 0.002463209315282888}",0.8,0.005,873.0
0.8,0.025,0.16,0.01,0.005,"{""BCC_B2#1"": 0.9952895635550945, ""FCC_L12#1"": 0.0006987970083845893, ""HCP_A3#2"": 0.001559473599941143, ""HCP_A3#3"": 0.0024521658365799486}",0.8,0.005,873.0
0.8,0.025,0.165,0.005,0.005,"{""BCC_B2#1"": 0.9953135693355871, ""FCC_L12#1"": 0.0006979599843855814, ""HCP_A3#2"": 0.0015469883709674911, ""HCP_A3#3"": 0.0024414823090594985}",0.8,0.005,873.0
0.8,0.025,0.17,0.0,0.005,"{""BCC_B2#1"": 0.9953471867750497, ""FCC_L12#1"": 0.0006971142861856372, ""HCP_A3#2"": 0.0015245856800010103, ""HCP_A3#3"": 0.0024311132587636715}",0.8,0.005,873.0
0.8,0.03,0.0,0.165,0.005,"{""BCC_B2#1"": 0.9907748034561624, ""C15_LAVES#1"": 0.0053279051312659555, ""FCC_L12#1"": 0.0006924227754169807, ""HCP_A3#2"": 0.0003781134759099216, ""HCP_A3#3"": 0.002286593930794341, ""ZRO2_MONO#1"": 0.0005401612304507303}",0.8,0.005,873.0
0.8,0.03,0.005,0.16,0.005,"{""BCC_B2#1"": 0.9919539994392167, ""C15_LAVES#1"": 0.0035784057071391777, ""FCC_L12#1"": 0.0006912668093157319, ""HCP_A3#2"": 0.0013825839432351583, ""HCP_A3#3"": 0.0022879201907231588, ""ZRO2_MONO#1"": 0.00010582391037014455}",0.8,0.005,873.0
0.8,0.03,0.01,0.155,0.005,"{""BCC_B2#1"": 0.9923214108552176, ""C15_LAVES#1"": 0.0030625199021320367, ""FCC_L12#1"": 0.0006913025938923939, ""HCP_A3#2"": 0.001630604391810915, ""HCP_A3#3"": 0.0022941622569469834}",0.8,0.005,873.0
0.8,0.03,0.015,0.15,0.005,"{""BCC_B2#1"": 0.9924343722051959, ""C15_LAVES#1"": 0.002936776948619844, ""FCC_L12#1"": 0.0006917264974643736, ""HCP_A3#2"": 0.0016349729317400707, ""HCP_A3#3"": 0.0023021514169797737}",0.8,0.005,873.0
0.8,0.03,0.02,0.145,0.005,"{""BCC_B2#1"": 0.9925566097081395, ""C15_LAVES#1"": 0.0028013744549428062, ""FCC_L12#1"": 0.0006921588919021175, ""HCP_A3#2"": 0.0016394789850000206, ""HCP_A3#3"": 0.0023103779600155963}",0.8,0.005,873.0
0.8,0.03,0.025,0.14,0.005,"{""BCC_B2#1"": 0.992688866567389, ""C15_LAVES#1"": 0.002655568578977771, ""FCC_L12#1"": 0.0006925995111345809, ""HCP_A3#2"": 0.0016441234801049152, ""HCP_A3#3"": 0.002318841862393713}",0.8,0.005,873.0
0.8,0.03,0.03,0.135,0.005,"{""BCC_B2#1"": 0.9928319458110143, ""C15_LAVES#1"": 0.0024985560063286822, ""FCC_L12#1"": 0.0006930480756931868, ""HCP_A3#2"": 0.0016489071775837591, ""HCP_A3#3"": 0.002327542929379701}",0.8,0.005,873.0
0.8,0.03,0.035,0.13,0.005,"{""BCC_B2#1"": 0.9929867157759803, ""C15_LAVES#1"": 0.0023294685207821786, ""FCC_L12#1"": 0.0006935042923733982, ""HCP_A3#2"": 0.0016538306247213515, ""HCP_A3#3"": 0.0023364807861429335}",0.8,0.005,873.0
0.8,0.03,0.04,0.125,0.005,"{""BCC_B2#1"": 0.9931541161047959, ""C15_LAVES#1"": 0.0021473670759136394, ""FCC_L12#1"": 0.0006939678538767786, ""HCP_A3#2"": 0.0016588940978579803, ""HCP_A3#3"": 0.002345654867555456}",0.8,0.005,873.0
0.8,0.03,0.045,0.12,0.005,"{""BCC_B2#1"": 0.9933351642931683, ""C15_LAVES#1"": 0.001951235334910783, ""FCC_L12#1"": 0.0006944384384449233, ""HCP_A3#2"": 0.0016640975284279583, ""HCP_A3#3"": 0.002355064405047832}",0.8,0.005,873.0
0.8,0.03,0.05,0.115,0.005,"{""BCC_B2#1"": 0.9935309628337533, ""C15_LAVES#1"": 0.001739972637690681, ""FCC_L12#1"": 0.0006949157094946689, ""HCP_A3#2"": 0.0016694404076561457, ""HCP_A3#3"": 0.0023647084114053157}",0.8,0.005,873.0
0.8,0.03,0.055,0.11,0.005,"{""BCC_B2#1"": 0.993742707002601, ""C15_LAVES#1"": 0.0015123863559883992, ""FCC_L12#1"": 0.0006953993152681337, ""HCP_A3#2"": 0.0016749216631983272, ""HCP_A3#3"": 0.0023745856629442193}",0.8,0.005,873.0
0.8,0.03,0.06,0.105,0.005,"{""BCC_B2#1"": 0.9939716933384686, ""C15_LAVES#1"": 0.001267183595417031, ""FCC_L12#1"": 0.0006958888885144343, ""HCP_A3#2"": 0.0016805394988228198, ""HCP_A3#3"": 0.002384694678776983}",0.8,0.005,873.0
0.8,0.03,0.065,0.1,0.005,"{""BCC_B2#1"": 0.9942193288684843, ""C15_LAVES#1"": 0.0010029622030711671, ""FCC_L12#1"": 0.0006963840462243078, ""HCP_A3#2"": 0.0016862911853213647, ""HCP_A3#3"": 0.002395033696898679}",0.8,0.005,873.0
0.8,0.03,0.07,0.095,0.005,"{""BCC_B2#1"": 0.9944871411365092, ""C15_LAVES#1"": 0.0007182010402608524, ""FCC_L12#1"": 0.0006968843894443473, ""HCP_A3#2"": 0.0016921727869628875, ""HCP_A3#3"": 0.0024056006468230447}",0.8,0.005,873.0
0.8,0.03,0.075,0.09,0.005,"{""BCC_B2#1"": 0.9947767890929544, ""C15_LAVES#1"": 0.0004112494826854831, ""FCC_L12#1"": 0.0006973895032051537, ""HCP_A3#2"": 0.0016981788026443425, ""HCP_A3#3"": 0.0024163931185106993}",0.8,0.005,873.0
0.8,0.03,0.08,0.085,0.005,"{""BCC_B2#1"": 0.9950900749062266, ""C15_LAVES#1"": 8.031611580409091e-05, ""FCC_L12#1"": 0.0006978989566074862, ""HCP_A3#2"": 0.0017043016940171568, ""HCP_A3#3"": 0.00242740832734471}",0.8,0.005,873.0
0.8,0.03,0.085,0.08,0.005,"{""BCC_B2#1"": 0.9951755301486451, ""FCC_L12#1"": 0.0006976255739086645, ""HCP_A3#2"": 0.0017014336893961975, ""HCP_A3#3"": 0.0024254105880497294}",0.8,0.005,873.0
0.8,0.03,0.09,0.075,0.005,"{""BCC_B2#1"": 0.9951876505872521, ""FCC_L12#1"": 0.000697111176669958, ""HCP_A3#2"": 0.0016957457538929032, ""HCP_A3#3"": 0.0024194924821850927}",0.8,0.005,873.0
0.8,0.03,0.095,0.07,0.005,"{""BCC_B2#1"": 0.995199873194262, ""FCC_L12#1"": 0.0006965926404278936, ""HCP_A3#2"": 0.0016898996071213989, ""HCP_A3#3"": 0.002413634558188808}",0.8,0.005,873.0
0.8,0.03,0.1,0.065,0.005,"{""BCC_B2#1"": 0.9952122839149794, ""FCC_L12#1"": 0.0006960707511343658, ""HCP_A3#2"": 0.0016837968935780186, ""HCP_A3#3"": 0.002407848440307955}",0.8,0.005,873.0
0.8,0.03,0.105,0.06,0.005,"{""BCC_B2#1"": 0.9952249585366248, ""FCC_L12#1"": 0.0006955539871201941, ""HCP_A3#1"": 9.574872941028923e-07, ""HCP_A3#2"": 0.001676281505339487, ""HCP_A3#3"": 0.0024022484836214056}",0.8,0.005,873.0
0.8,0.03,0.11,0.055,0.005,"{""BCC_B2#1"": 0.9952265917837076, ""FCC_L12#1"": 0.0006964682007515667, ""HCP_A3#1"": 0.00019431083562431839, ""HCP_A3#2"": 0.0014667705331960156, ""HCP_A3#3"": 0.002415858646720448}",0.8,0.005,873.0
0.8,0.03,0.115,0.05,0.005,"{""BCC_B2#1"": 0.9952293400813285, ""FCC_L12#1"": 0.0006973634157963865, ""HCP_A3#1"": 0.00039825892986594484, ""HCP_A3#2"": 0.0012458912194885906, ""HCP_A3#3"": 0.002429146353520847}",0.8,0.005,873.0
0.8,0.03,0.12,0.045,0.005,"{""BCC_B2#1"": 0.995233044989808, ""FCC_L12#1"": 0.0006982423199668493, ""HCP_A3#1"": 0.0006137961524040467, ""HCP_A3#2"": 0.001012796408269229, ""HCP_A3#3"": 0.002442120129551859}",0.8,0.005,873.0
0.8,0.03,0.125,0.04,0.005,"{""BCC_B2#1"": 0.9952375776339343, ""FCC_L12#1"": 0.0006991074047949376, ""HCP_A3#1"": 0.0008419323978495891, ""HCP_A3#2"": 0.0007665971488402134, ""HCP_A3#3"": 0.0024547854145809543}",0.8,0.005,873.0
0.8,0.03,0.13,0.035,0.005,"{""BCC_B2#1"": 0.9952428557021601, ""FCC_L12#1"": 0.0006999610009771004, ""HCP_A3#1"": 0.00108367903608288, ""HCP_A3#2"": 0.0005063593939206252, ""HCP_A3#3"": 0.0024671448668590707}",0.8,0.005,873.0
0.8,0.03,0.135,0.03,0.005,"{""BCC_B2#1"": 0.9952488685582527, ""FCC_L12#1"": 0.0007008053090962531, ""HCP_A3#1"": 0.0013400267792079896, ""HCP_A3#2"": 0.00023110074101042385, ""HCP_A3#3"": 0.0024791986124326486}",0.8,0.005,873.0
0.8,0.03,0.14,0.025,0.005,"{""BCC_B2#1"": 0.9952555514691539, ""FCC_L12#1"": 0.0007013109058922086, ""HCP_A3#2"": 0.00248609881661703, ""HCP_A3#3"": 0.001557038808337053}",0.8,0.005,873.0
0.8,0.03,0.145,0.02,0.005,"{""BCC_B2#1"": 0.9952630948097344, ""FCC_L12#1"": 0.000700500168924394, ""HCP_A3#2"": 0.0024740898477150206, ""HCP_A3#3"": 0.0015623151736264055}",0.8,0.005,873.0
0.8,0.03,0.15,0.015,0.005,"{""BCC_B2#1"": 0.9952732142693373, ""FCC_L12#1"": 0.0006996814465888246, ""HCP_A3#2"": 0.002462592748871603, ""HCP_A3#3"": 0.0015645115352021844}",0.8,0.005,873.0
0.8,0.03,0.155,0.01,0.005,"{""BCC_B2#1"": 0.9952871489348977, ""FCC_L12#1"": 0.0006988547431572516, ""HCP_A3#2"": 0.0024515320343206424, ""HCP_A3#3"": 0.001562464287624397}",0.8,0.005,873.0
0.8,0.03,0.16,0.005,0.005,"{""BCC_B2#1"": 0.9953065904466051, ""FCC_L12#1"": 0.0006980199125382738, ""HCP_A3#2"": 0.0024408482987044195, ""HCP_A3#3"": 0.0015545413421524817}",0.8,0.005,873.0
0.8,0.03,0.165,0.0,0.005,"{""BCC_B2#1"": 0.9953338651313426, ""FCC_L12#1"": 0.0006971767408032889, ""HCP_A3#2"": 0.0024304934870940996, ""HCP_A3#3"": 0.001538464640760041}",0.8,0.005,873.0
0.8,0.035,0.0,0.16,0.005,"{""BCC_B2#1"": 0.9901147730549333, ""C15_LAVES#1"": 0.006236276361806418, ""FCC_L12#1"": 0.0006905190933652511, ""HCP_A3#2"": 0.0022543210685225866, ""ZRO2_MONO#1"": 0.000704110421372534}",0.8,0.005,873.0
0.8,0.035,0.005,0.155,0.005,"{""BCC_B2#1"": 0.9901978212725628, ""C15_LAVES#1"": 0.006145378907331317, ""FCC_L12#1"": 0.0006909376842017189, ""HCP_A3#2"": 0.0022618402724992282, ""ZRO2_MONO#1"": 0.0007040218634050382}",0.8,0.005,873.0
0.8,0.035,0.01,0.15,0.005,"{""BCC_B2#1"": 0.990288345749983, ""C15_LAVES#1"": 0.006046748032428218, ""FCC_L12#1"": 0.0006913661311375645, ""HCP_A3#2"": 0.0022696165562166386, ""ZRO2_MONO#1"": 0.0007039235302348871}",0.8,0.005,873.0
0.8,0.035,0.015,0.145,0.005,"{""BCC_B2#1"": 0.9903869738715056, ""C15_LAVES#1"": 0.005939754251303703, ""FCC_L12#1"": 0.000691804215031036, ""HCP_A3#2"": 0.0022776535975915727, ""ZRO2_MONO#1"": 0.0007038140645682321}",0.8,0.005,873.0
0.8,0.035,0.02,0.14,0.005,"{""BCC_B2#1"": 0.9904943850747802, ""C15_LAVES#1"": 0.00582371749758, ""FCC_L12#1"": 0.0006922517052385191, ""HCP_A3#2"": 0.002285955432170739, ""ZRO2_MONO#1"": 0.0007036902902307628}",0.8,0.005,873.0
0.8,0.035,0.025,0.135,0.005,"{""BCC_B2#1"": 0.9906113110591921, ""C15_LAVES#1"": 0.005697902376876846, ""FCC_L12#1"": 0.0006927083561304077, ""HCP_A3#2"": 0.0022945265146792036, ""ZRO2_MONO#1"": 0.0007035516931212605}",0.8,0.005,873.0
0.8,0.035,0.03,0.13,0.005,"{""BCC_B2#1"": 0.9918490660853724, ""C15_LAVES#1"": 0.003870278520163229, ""FCC_L12#1"": 0.0006916119729565496, ""HCP_A3#2"": 0.0022973092962896677, ""HCP_A3#3"": 0.001035554484704671, ""ZRO2_MONO#1"": 0.0002561796405135013}",0.8,0.005,873.0
0.8,0.035,0.035,0.125,0.005,"{""BCC_B2#1"": 0.9926227020995815, ""C15_LAVES#1"": 0.0027520698090047636, ""FCC_L12#1"": 0.0006911901921894527, ""HCP_A3#2"": 0.0023027579853528287, ""HCP_A3#3"": 0.0016312799138715858}",0.8,0.005,873.0
0.8,0.035,0.04,0.12,0.005,"{""BCC_B2#1"": 0.9927760083688513, ""C15_LAVES#1"": 0.0025844516044579136, ""FCC_L12#1"": 0.0006916611054835385, ""HCP_A3#2"": 0.002311747510360827, ""HCP_A3#3"": 0.0016361314108463405}",0.8,0.005,873.0
0.8,0.035,0.045,0.115,0.005,"{""BCC_B2#1"": 0.9929424206820313, ""C15_LAVES#1"": 0.002403352202658196, ""FCC_L12#1"": 0.000692139851202137, ""HCP_A3#2"": 0.0023209687155608285, ""HCP_A3#3"": 0.0016411185485472749}",0.8,0.005,873.0
0.8,0.035,0.05,0.11,0.005,"{""BCC_B2#1"": 0.9931230178542143, ""C15_LAVES#1"": 0.0022076953060751266, ""FCC_L12#1"": 0.0006926261036349441, ""HCP_A3#2"": 0.0023304204687019194, ""HCP_A3#3"": 0.001646240267373818}",0.8,0.005,873.0
0.8,0.035,0.055,0.105,0.005,"{""BCC_B2#1"": 0.9933189711814499, ""C15_LAVES#1"": 0.001996313138873103, ""FCC_L12#1"": 0.0006931195220630773, ""HCP_A3#2"": 0.0023401014300237066, ""HCP_A3#3"": 0.0016514947275904752}",0.8,0.005,873.0
0.8,0.035,0.06,0.1,0.005,"{""BCC_B2#1"": 0.9935315531612389, ""C15_LAVES#1"": 0.0017679379757863625, ""FCC_L12#1"": 0.000693619750414566, ""HCP_A3#2"": 0.0023500100367395502, ""HCP_A3#3"": 0.0016568790758207262}",0.8,0.005,873.0
0.8,0.035,0.065,0.095,0.005,"{""BCC_B2#1"": 0.9937621469785239, ""C15_LAVES#1"": 0.0015211929808002756, ""FCC_L12#1"": 0.0006941264169771377, ""HCP_A3#2"": 0.0023601444844159906, ""HCP_A3#3"": 0.0016623891392828333}",0.8,0.005,873.0
0.8,0.035,0.07,0.09,0.005,"{""BCC_B2#1"": 0.994012256809297, ""C15_LAVES#1"": 0.0012545823268388723, ""FCC_L12#1"": 0.0006946391342061749, ""HCP_A3#2"": 0.0023705027049704666, ""HCP_A3#3"": 0.0016680190246875896}",0.8,0.005,873.0
0.8,0.035,0.075,0.085,0.005,"{""BCC_B2#1"": 0.9942835189942419, ""C15_LAVES#1"": 0.0009664805747758077, ""FCC_L12#1"": 0.0006951574986760926, ""HCP_A3#2"": 0.002381082341028557, ""HCP_A3#3"": 0.0016737605912773494}",0.8,0.005,873.0
0.8,0.035,0.08,0.08,0.005,"{""BCC_B2#1"": 0.9945777141333657, ""C15_LAVES#1"": 0.000655121301396698, ""FCC_L12#1"": 0.0006956810912373625, ""HCP_A3#2"": 0.0023918807163908823, ""HCP_A3#3"": 0.0016796027576095611}",0.8,0.005,873.0
0.8,0.035,0.085,0.075,0.005,"{""BCC_B2#1"": 0.9948967801486296, ""C15_LAVES#1"": 0.000318584982985864, ""FCC_L12#1"": 0.0006962094774600426, ""HCP_A3#2"": 0.002402894802396387, ""HCP_A3#3"": 0.001685530588527897}",0.8,0.005,873.0
0.8,0.035,0.09,0.07,0.005,"{""BCC_B2#1"": 0.9952012215503594, ""FCC_L12#1"": 0.0006966154044345388, ""HCP_A3#2"": 0.0024120609239511232, ""HCP_A3#3"": 0.0016901021212549542}",0.8,0.005,873.0
0.8,0.035,0.095,0.065,0.005,"{""BCC_B2#1"": 0.9952134879373824, ""FCC_L12#1"": 0.0006960923655783476, ""HCP_A3#2"": 0.002406268880138457, ""HCP_A3#3"": 0.0016841508169009678}",0.8,0.005,873.0
0.8,0.035,0.1,0.06,0.005,"{""BCC_B2#1"": 0.9952260005277229, ""FCC_L12#1"": 0.0006955666150217654, ""HCP_A3#2"": 0.0024005596470380026, ""HCP_A3#3"": 0.0016778732102175}",0.8,0.005,873.0
0.8,0.035,0.105,0.055,0.005,"{""BCC_B2#1"": 0.9952322904664398, ""FCC_L12#1"": 0.0006958833654152499, ""HCP_A3#1"": 0.0015535900467686594, ""HCP_A3#2"": 0.0001120665189380044, ""HCP_A3#3"": 0.0024061696024382916}",0.8,0.005,873.0
0.8,0.035,0.11,0.05,0.005,"{""BCC_B2#1"": 0.9952347555038465, ""FCC_L12#1"": 0.0006968070464237753, ""HCP_A3#1"": 0.0024198258252817076, ""HCP_A3#2"": 0.000315216461700298, ""HCP_A3#3"": 0.0013333951627471868}",0.8,0.005,873.0
0.8,0.035,0.115,0.045,0.005,"{""BCC_B2#1"": 0.9952382965711197, ""FCC_L12#1"": 0.0006977125317449649, ""HCP_A3#1"": 0.0011010452743114877, ""HCP_A3#2"": 0.0005297896651477524, ""HCP_A3#3"": 0.0024331559576758702}",0.8,0.005,873.0
0.8,0.035,0.12,0.04,0.005,"{""BCC_B2#1"": 0.9952427523692471, ""FCC_L12#1"": 0.0006986025744782512, ""HCP_A3#1"": 0.0008556353176573857, ""HCP_A3#2"": 0.0007568414917393768, ""HCP_A3#3"": 0.002446168246877515}",0.8,0.005,873.0
0.8,0.035,0.125,0.035,0.005,"{""BCC_B2#1"": 0.9952479962871843, ""FCC_L12#1"": 0.000699479734651498, ""HCP_A3#1"": 0.0005962147224560794, ""HCP_A3#2"": 0.0009974414408390534, ""HCP_A3#3"": 0.0024588678148691687}",0.8,0.005,873.0
0.8,0.035,0.13,0.03,0.005,"{""BCC_B2#1"": 0.9952539562646394, ""FCC_L12#1"": 0.0007003464154658279, ""HCP_A3#1"": 0.00032178388183003176, ""HCP_A3#2"": 0.00125265647391335, ""HCP_A3#3"": 0.0024712569641514325}",0.8,0.005,873.0
0.8,0.035,0.135,0.025,0.005,"{""BCC_B2#1"": 0.9952606439967553, ""FCC_L12#1"": 0.0007012048951262716, ""HCP_A3#1"": 0.002483335428568641, ""HCP_A3#2"": 0.001523525047467885, ""HCP_A3#3"": 3.1290632082232895e-05}",0.8,0.005,873.0
0.8,0.035,0.14,0.02,0.005,"{""BCC_B2#1"": 0.9952670162508758, ""FCC_L12#1"": 0.0007005688272701273, ""HCP_A3#2"": 0.001558641947226962, ""HCP_A3#3"": 0.0024737729746274672}",0.8,0.005,873.0
0.8,0.035,0.145,0.015,0.005,"{""BCC_B2#1"": 0.9952752205377523, ""FCC_L12#1"": 0.0006997515628525459, ""HCP_A3#2"": 0.0015628080450698408, ""HCP_A3#3"": 0.002462219854325368}",0.8,0.005,873.0
0.8,0.035,0.15,0.01,0.005,"{""BCC_B2#1"": 0.995286456103554, ""FCC_L12#1"": 0.0006989265221136014, ""HCP_A3#2"": 0.0015634903887310537, ""HCP_A3#3"": 0.002451126985601229}",0.8,0.005,873.0
0.8,0.035,0.155,0.005,0.005,"{""BCC_B2#1"": 0.9953021274769641, ""FCC_L12#1"": 0.0006980936236416468, ""HCP_A3#2"": 0.0015593488015153065, ""HCP_A3#3"": 0.002440430097879115}",0.8,0.005,873.0
0.8,0.035,0.16,0.0,0.005,"{""BCC_B2#1"": 0.9953241585077098, ""FCC_L12#1"": 0.0006972526862368574, ""HCP_A3#2"": 0.001548510899829958, ""HCP_A3#3"": 0.002430077906223355}",0.8,0.005,873.0
0.8,0.04,0.0,0.155,0.005,"{""BCC_B2#1"": 0.9899209076144401, ""C15_LAVES#1"": 0.0064599770270194826, ""FCC_L12#1"": 0.0006884103519952419, ""HCP_A3#3"": 0.002226331132870862, ""ZRO2_MONO#1"": 0.0007043738736743838}",0.8,0.005,873.0
0.8,0.04,0.005,0.15,0.005,"{""BCC_B2#1"": 0.9899951845569265, ""C15_LAVES#1"": 0.0063780102432315034, ""FCC_L12#1"": 0.0006888290706443717, ""HCP_A3#3"": 0.002233667219188428, ""ZRO2_MONO#1"": 0.0007043089100090381}",0.8,0.005,873.0
0.8,0.04,0.01,0.145,0.005,"{""BCC_B2#1"": 0.9900766322659307, ""C15_LAVES#1"": 0.006288622728388768, ""FCC_L12#1"": 0.0006892583089399606, ""HCP_A3#3"": 0.00224125104086663, ""ZRO2_MONO#1"": 0.0007042356558739465}",0.8,0.005,873.0
0.8,0.04,0.015,0.14,0.005,"{""BCC_B2#1"": 0.990165863786543, ""C15_LAVES#1"": 0.006191199321905798, ""FCC_L12#1"": 0.0006896978523282984, ""HCP_A3#3"": 0.002249085058494561, ""ZRO2_MONO#1"": 0.000704153980728351}",0.8,0.005,873.0
0.8,0.04,0.02,0.135,0.005,"{""BCC_B2#1"": 0.9902635436131015, ""C15_LAVES#1"": 0.006085075708996466, ""FCC_L12#1"": 0.0006901474753697315, ""HCP_A3#3"": 0.0022571719505517225, ""ZRO2_MONO#1"": 0.0007040612519803166}",0.8,0.005,873.0
0.8,0.04,0.025,0.13,0.005,"{""BCC_B2#1"": 0.990370387978904, ""C15_LAVES#1"": 0.005969533468981719, ""FCC_L12#1"": 0.0006906069383244975, ""HCP_A3#2"": 0.0022655146575891547, ""ZRO2_MONO#1"": 0.0007039569562008838}",0.8,0.005,873.0
0.8,0.04,0.03,0.125,0.005,"{""BCC_B2#1"": 0.9904871738942117, ""C15_LAVES#1"": 0.005843794724773373, ""FCC_L12#1"": 0.000691075989379863, ""HCP_A3#3"": 0.002274116451808569, ""ZRO2_MONO#1"": 0.0007038389398266541}",0.8,0.005,873.0
0.8,0.04,0.035,0.12,0.005,"{""BCC_B2#1"": 0.9906147434682485, ""C15_LAVES#1"": 0.005707016149324725, ""FCC_L12#1"": 0.0006915543630617839, ""HCP_A3#2"": 0.0022829810017666293, ""ZRO2_MONO#1"": 0.0007037050175983722}",0.8,0.005,873.0
0.8,0.04,0.04,0.115,0.005,"{""BCC_B2#1"": 0.9907540104798636, ""C15_LAVES#1"": 0.005558282510991468, ""FCC_L12#1"": 0.0006920417797417158, ""HCP_A3#2"": 0.00229211244984906, ""ZRO2_MONO#1"": 0.0007035527795542884}",0.8,0.005,873.0
0.8,0.04,0.045,0.11,0.005,"{""BCC_B2#1"": 0.9909059695664124, ""C15_LAVES#1"": 0.00539659931392078, ""FCC_L12#1"": 0.0006925379462225823, ""HCP_A3#2"": 0.002301515502974209, ""ZRO2_MONO#1"": 0.0007033776704700971}",0.8,0.005,873.0
0.8,0.04,0.05,0.105,0.005,"{""BCC_B2#1"": 0.9920936360984999, ""C15_LAVES#1"": 0.0036595729394290864, ""FCC_L12#1"": 0.0006916479941869579, ""HCP_A3#2"": 0.002306102298663947, ""HCP_A3#3"": 0.0009600688294450849, ""ZRO2_MONO#1"": 0.0002889718397750495}",0.8,0.005,873.0
0.8,0.04,0.055,0.1,0.005,"{""BCC_B2#1"": 0.9929864621453768, ""C15_LAVES#1"": 0.0023773800757716577, ""FCC_L12#1"": 0.0006911865372905001, ""HCP_A3#2"": 0.0023122758655901533, ""HCP_A3#3"": 0.00163269537597075}",0.8,0.005,873.0
0.8,0.04,0.06,0.095,0.005,"{""BCC_B2#1"": 0.9931863391737192, ""C15_LAVES#1"": 0.0021620384049850752, ""FCC_L12#1"": 0.0006916949602173871, ""HCP_A3#2"": 0.0023220459452094424, ""HCP_A3#3"": 0.0016378815158689078}",0.8,0.005,873.0
0.8,0.04,0.065,0.09,0.005,"{""BCC_B2#1"": 0.9934037843299006, ""C15_LAVES#1"": 0.0019287848702871527, ""FCC_L12#1"": 0.0006922105393247896, ""HCP_A3#2"": 0.0023320378170615186, ""HCP_A3#3"": 0.001643182443426065}",0.8,0.005,873.0
0.8,0.04,0.07,0.085,0.005,"{""BCC_B2#1"": 0.9936402864432172, ""C15_LAVES#1"": 0.0016761419537015775, ""FCC_L12#1"": 0.0006927328956081615, ""HCP_A3#2"": 0.002342249314040265, ""HCP_A3#3"": 0.0016485893934327196}",0.8,0.005,873.0
0.8,0.04,0.075,0.08,0.005,"{""BCC_B2#1"": 0.9938974674097265, ""C15_LAVES#1"": 0.0014025025232791383, ""FCC_L12#1"": 0.0006932616351423461, ""HCP_A3#2"": 0.0023526780215292723, ""HCP_A3#3"": 0.0016540904103224585}",0.8,0.005,873.0
0.8,0.04,0.08,0.075,0.005,"{""BCC_B2#1"": 0.9941770945247693, ""C15_LAVES#1"": 0.001106118516068273, ""FCC_L12#1"": 0.00069379634940722, ""HCP_A3#2"": 0.0023633212527278315, ""HCP_A3#3"": 0.001659669357027579}",0.8,0.005,873.0
0.8,0.04,0.085,0.07,0.005,"{""BCC_B2#1"": 0.994481093750119, ""C15_LAVES#1"": 0.0007850890024747696, ""FCC_L12#1"": 0.0006943366159922705, ""HCP_A3#2"": 0.0023741760198771017, ""HCP_A3#3"": 0.0016653046115367826}",0.8,0.005,873.0
0.8,0.04,0.09,0.065,0.005,"{""BCC_B2#1"": 0.9948115639307351, ""C15_LAVES#1"": 0.00043734771641913716, ""FCC_L12#1"": 0.0006948819998262653, ""HCP_A3#2"": 0.0023852390011998023, ""HCP_A3#3"": 0.0016709673518195424}",0.8,0.005,873.0
0.8,0.04,0.095,0.06,0.005,"{""BCC_B2#1"": 0.9951707919546153, ""C15_LAVES#1"": 6.065018886876237e-05, ""FCC_L12#1"": 0.0006954320551184217, ""HCP_A3#2"": 0.0023965065034501284, ""HCP_A3#3"": 0.0016766192979473689}",0.8,0.005,873.0
0.8,0.04,0.1,0.055,0.005,"{""BCC_B2#1"": 0.9952379339378856, ""FCC_L12#1"": 0.0006952690506271626, ""HCP_A3#1"": 0.0016444247458911076, ""HCP_A3#2"": 2.622073277825095e-05, ""HCP_A3#3"": 0.002396151532817943}",0.8,0.005,873.0
0.8,0.04,0.105,0.05,0.005,"{""BCC_B2#1"": 0.9952400094126018, ""FCC_L12#1"": 0.0006962232716945896, ""HCP_A3#1"": 0.0024101983698705588, ""HCP_A3#2"": 0.0002285265221255404, ""HCP_A3#3"": 0.001425042423707698}",0.8,0.005,873.0
0.8,0.04,0.11,0.045,0.005,"{""BCC_B2#1"": 0.9952433042339538, ""FCC_L12#1"": 0.0006971570980304462, ""HCP_A3#1"": 0.0011935918050398173, ""HCP_A3#2"": 0.00044204295327924983, ""HCP_A3#3"": 0.0024239039096965974}",0.8,0.005,873.0
0.8,0.04,0.115,0.04,0.005,"{""BCC_B2#1"": 0.9952476293522081, ""FCC_L12#1"": 0.00069807358521857, ""HCP_A3#1"": 0.0006678657169847155, ""HCP_A3#2"": 0.0009491516969409062, ""HCP_A3#3"": 0.0024372796486475954}",0.8,0.005,873.0
0.8,0.04,0.12,0.035,0.005,"{""BCC_B2#1"": 0.9952528209735425, ""FCC_L12#1"": 0.0006989755559539201, ""HCP_A3#1"": 0.0009071146448321103, ""HCP_A3#2"": 0.0006907552891986557, ""HCP_A3#3"": 0.0024503335364727953}",0.8,0.005,873.0
0.8,0.04,0.125,0.03,0.005,"{""BCC_B2#1"": 0.9952587559619795, ""FCC_L12#1"": 0.0006998656434044356, ""HCP_A3#1"": 0.0011609217459638615, ""HCP_A3#2"": 0.00041738629269290795, ""HCP_A3#3"": 0.0024630703559591835}",0.8,0.005,873.0
0.8,0.04,0.13,0.025,0.005,"{""BCC_B2#1"": 0.9952653750054574, ""FCC_L12#1"": 0.0007007463284442238, ""HCP_A3#1"": 0.0014304114763203104, ""HCP_A3#2"": 0.00012797515951071796, ""HCP_A3#3"": 0.002475492030267283}",0.8,0.005,873.0
0.8,0.04,0.135,0.02,0.005,"{""BCC_B2#1"": 0.9952714917002488, ""FCC_L12#1"": 0.0007006518494531944, ""HCP_A3#2"": 0.0024737215619218167, ""HCP_A3#3"": 0.001554134888376377}",0.8,0.005,873.0
0.8,0.04,0.14,0.015,0.005,"{""BCC_B2#1"": 0.9952781377175035, ""FCC_L12#1"": 0.0006998359157709139, ""HCP_A3#2"": 0.002462092824147526, ""HCP_A3#3"": 0.001559933542577744}",0.8,0.005,873.0
0.8,0.04,0.145,0.01,0.005,"{""BCC_B2#1"": 0.9952871578084092, ""FCC_L12#1"": 0.0006990123556295006, ""HCP_A3#2"": 0.00245095166231663, ""HCP_A3#3"": 0.0015628781736445779}",0.8,0.005,873.0
0.8,0.04,0.15,0.005,0.005,"{""BCC_B2#1"": 0.9952997207190919, ""FCC_L12#1"": 0.0006981811603958409, ""HCP_A3#2"": 0.002440227876676708, ""HCP_A3#3"": 0.0015618702438357386}",0.8,0.005,873.0
0.8,0.04,0.155,0.0,0.005,"{""BCC_B2#1"": 0.995317420116424, ""FCC_L12#1"": 0.0006973421933383806, ""HCP_A3#2"": 0.002429866192531633, ""HCP_A3#3"": 0.0015553714977058386}",0.8,0.005,873.0
0.8,0.045,0.0,0.15,0.005,"{""BCC_B2#1"": 0.9897681735039751, ""C15_LAVES#1"": 0.00663734125081656, ""FCC_L12#1"": 0.0006866210021096628, ""HCP_A3#2"": 0.0022033282138530026, ""ZRO2_MONO#1"": 0.0007045360292455231}",0.8,0.005,873.0
0.8,0.045,0.005,0.145,0.005,"{""BCC_B2#1"": 0.9898352450384847, ""C15_LAVES#1"": 0.006562682086659506, ""FCC_L12#1"": 0.000687038832841466, ""HCP_A3#2"": 0.002210548645420486, ""ZRO2_MONO#1"": 0.0007044853965941345}",0.8,0.005,873.0
0.8,0.045,0.01,0.14,0.005,"{""BCC_B2#1"": 0.9899092790510885, ""C15_LAVES#1"": 0.0064808142022001825, ""FCC_L12#1"": 0.0006874678148493663, ""HCP_A3#2"": 0.0022180110233360234, ""ZRO2_MONO#1"": 0.000704427908525582}",0.8,0.005,873.0
0.8,0.045,0.015,0.135,0.005,"{""BCC_B2#1"": 0.9899908808006245, ""C15_LAVES#1"": 0.006391130941776349, ""FCC_L12#1"": 0.0006879077298868462, ""HCP_A3#2"": 0.0022257169377451432, ""ZRO2_MONO#1"": 0.0007043635899672225}",0.8,0.005,873.0
0.8,0.045,0.02,0.13,0.005,"{""BCC_B2#1"": 0.9900807055709115, ""C15_LAVES#1"": 0.006292977602852397, ""FCC_L12#1"": 0.0006883583488705861, ""HCP_A3#2"": 0.002233668104714459, ""ZRO2_MONO#1"": 0.0007042903726506412}",0.8,0.005,873.0
0.8,0.045,0.025,0.125,0.005,"{""BCC_B2#1"": 0.9901794603982773, ""C15_LAVES#1"": 0.006185646609533175, ""FCC_L12#1"": 0.0006888194297523161, ""HCP_A3#2"": 0.002241866406741922, ""ZRO2_MONO#1"": 0.0007042071556953997}",0.8,0.005,873.0
0.8,0.045,0.03,0.12,0.005,"{""BCC_B2#1"": 0.9902879112787148, ""C15_LAVES#1"": 0.006068371779273015, ""FCC_L12#1"": 0.0006892907183653469, ""HCP_A3#2"": 0.002250313947109875, ""ZRO2_MONO#1"": 0.0007041122765363375}",0.8,0.005,873.0
0.8,0.045,0.035,0.115,0.005,"{""BCC_B2#1"": 0.9904068893171354, ""C15_LAVES#1"": 0.005940322279876541, ""FCC_L12#1"": 0.0006897719481434384, ""HCP_A3#2"": 0.0022590131065998442, ""ZRO2_MONO#1"": 0.000704003348244905}",0.8,0.005,873.0
0.8,0.045,0.04,0.11,0.005,"{""BCC_B2#1"": 0.9905372958608002, ""C15_LAVES#1"": 0.005800595957971967, ""FCC_L12#1"": 0.0006902628385246036, ""HCP_A3#2"": 0.0022679666020180285, ""ZRO2_MONO#1"": 0.0007038787406851833}",0.8,0.005,873.0
0.8,0.045,0.045,0.105,0.005,"{""BCC_B2#1"": 0.9906801129218176, ""C15_LAVES#1"": 0.005648211875269108, ""FCC_L12#1"": 0.0006907630962836288, ""HCP_A3#2"": 0.0022771775609598606, ""ZRO2_MONO#1"": 0.0007037345456699132}",0.8,0.005,873.0
0.8,0.045,0.05,0.1,0.005,"{""BCC_B2#1"": 0.9908364094011709, ""C15_LAVES#1"": 0.005482102354561547, ""FCC_L12#1"": 0.0006912724134281117, ""HCP_A3#2"": 0.0022866495937732888, ""ZRO2_MONO#1"": 0.0007035662370662232}",0.8,0.005,873.0
0.8,0.045,0.055,0.095,0.005,"{""BCC_B2#1"": 0.991007349758058, ""C15_LAVES#1"": 0.005301104179658895, ""FCC_L12#1"": 0.0006917904659974639, ""HCP_A3#2"": 0.0022963868774614296, ""ZRO2_MONO#1"": 0.000703368718824016}",0.8,0.005,873.0
0.8,0.045,0.06,0.09,0.005,"{""BCC_B2#1"": 0.9911942051970083, ""C15_LAVES#1"": 0.005103949104896455, ""FCC_L12#1"": 0.000692316913895979, ""HCP_A3#2"": 0.002306394253979907, ""ZRO2_MONO#1"": 0.0007031345302189947}",0.8,0.005,873.0
0.8,0.045,0.065,0.085,0.005,"{""BCC_B2#1"": 0.9920649092374167, ""C15_LAVES#1"": 0.0038683118255499293, ""FCC_L12#1"": 0.0006919664465459514, ""HCP_A3#2"": 0.002313636318814564, ""HCP_A3#3"": 0.0006298111248166413, ""ZRO2_MONO#1"": 0.0004313650468562304}",0.8,0.005,873.0
0.8,0.045,0.07,0.08,0.005,"{""BCC_B2#1"": 0.9933447532451308, ""C15_LAVES#1"": 0.0020123066369211766, ""FCC_L12#1"": 0.0006911046800689697, ""HCP_A3#2"": 0.002319171542411337, ""HCP_A3#3"": 0.0016326638954676114}",0.8,0.005,873.0
0.8,0.045,0.075,0.075,0.005,"{""BCC_B2#1"": 0.9935911521768447, ""C15_LAVES#1"": 0.0017497794682493246, ""FCC_L12#1"": 0.000691641598592938, ""HCP_A3#2"": 0.0023294944544475942, ""HCP_A3#3"": 0.0016379323018653202}",0.8,0.005,873.0
0.8,0.045,0.08,0.07,0.005,"{""BCC_B2#1"": 0.9938596855065867, ""C15_LAVES#1"": 0.0014648534869719295, ""FCC_L12#1"": 0.0006921851335790622, ""HCP_A3#2"": 0.002340027567016408, ""HCP_A3#3"": 0.001643248305846151}",0.8,0.005,873.0
0.8,0.045,0.085,0.065,0.005,"{""BCC_B2#1"": 0.9929799740417538, ""C15_LAVES#1"": 0.0023888063839583753, ""FCC_L12#1"": 0.0006935898494627915, ""HCP_A3#1"": 0.00103897874470103, ""HCP_A3#2"": 0.0005444785379084718, ""HCP_A3#3"": 0.002354172442215644}",0.8,0.005,873.0
0.8,0.045,0.09,0.06,0.005,"{""BCC_B2#1"": 0.9920219798645211, ""C15_LAVES#1"": 0.0033958428254756037, ""FCC_L12#1"": 0.0006950814021546189, ""HCP_A3#1"": 0.00038025773575204376, ""HCP_A3#2"": 0.001137935965011892, ""HCP_A3#3"": 0.0023689022070843817}",0.8,0.005,873.0
0.8,0.045,0.095,0.055,0.005,"{""BCC_B2#1"": 0.9916275698265425, ""C15_LAVES#1"": 0.003809540064072169, ""FCC_L12#1"": 0.0006961856627896673, ""HCP_A3#2"": 0.0014844912915254306, ""HCP_A3#3"": 0.00238221315507045}",0.8,0.005,873.0
0.8,0.045,0.1,0.05,0.005,"{""BCC_B2#1"": 0.9919946161785071, ""C15_LAVES#1"": 0.0034217893358385594, ""FCC_L12#1"": 0.0006967530159611683, ""HCP_A3#2"": 0.0014934409953223972, ""HCP_A3#3"": 0.002393400474370705}",0.8,0.005,873.0
0.8,0.045,0.105,0.045,0.005,"{""BCC_B2#1"": 0.9923956136121734, ""C15_LAVES#1"": 0.0029995407808283, ""FCC_L12#1"": 0.000697325078705621, ""HCP_A3#2"": 0.0015027091422615893, ""HCP_A3#3"": 0.0024048113860308906}",0.8,0.005,873.0
0.8,0.045,0.11,0.04,0.005,"{""BCC_B2#1"": 0.9928337604333985, ""C15_LAVES#1"": 0.002539696612454131, ""FCC_L12#1"": 0.0006979013351681105, ""HCP_A3#2"": 0.0015122024407136702, ""HCP_A3#3"": 0.002416439178265604}",0.8,0.005,873.0
0.8,0.045,0.115,0.035,0.005,"{""BCC_B2#1"": 0.9933125910677236, ""C15_LAVES#1"": 0.0020388605490242804, ""FCC_L12#1"": 0.0006984812295316161, ""HCP_A3#2"": 0.0015217898255479759, ""HCP_A3#3"": 0.002428277328172645}",0.8,0.005,873.0
0.8,0.045,0.12,0.03,0.005,"{""BCC_B2#1"": 0.9938360164733583, ""C15_LAVES#1"": 0.0014933107675040634, ""FCC_L12#1"": 0.0006990641637751437, ""HCP_A3#2"": 0.0015312893665640507, ""HCP_A3#3"": 0.0024403192287984154}",0.8,0.005,873.0
0.8,0.045,0.125,0.025,0.005,"{""BCC_B2#1"": 0.9944083716548088, ""C15_LAVES#1"": 0.0008989706915029158, ""FCC_L12#1"": 0.0006996494951147443, ""HCP_A3#2"": 0.0015404502290979917, ""HCP_A3#3"": 0.002452557929475604}",0.8,0.005,873.0
0.8,0.045,0.13,0.02,0.005,"{""BCC_B2#1"": 0.9950344720030712, ""C15_LAVES#1"": 0.0002513777726391718, ""FCC_L12#1"": 0.0007002365330111212, ""HCP_A3#2"": 0.001548927825516014, ""HCP_A3#3"": 0.002464985865762617}",0.8,0.005,873.0
0.8,0.045,0.135,0.015,0.005,"{""BCC_B2#1"": 0.9952817711630274, ""FCC_L12#1"": 0.0006999344649422189, ""HCP_A3#2"": 0.0015560791857716417, ""HCP_A3#3"": 0.002462215186258566}",0.8,0.005,873.0
0.8,0.045,0.14,0.01,0.005,"{""BCC_B2#1"": 0.9952889822771087, ""FCC_L12#1"": 0.00069911223726384, ""HCP_A3#2"": 0.0015608974448491231, ""HCP_A3#3"": 0.0024510080407781874}",0.8,0.005,873.0
0.8,0.045,0.145,0.005,0.005,"{""BCC_B2#1"": 0.995298989542451, ""FCC_L12#1"": 0.0006982825486554504, ""HCP_A3#2"": 0.0015624853341391104, ""HCP_A3#3"": 0.002440242574754565}",0.8,0.005,873.0
0.8,0.045,0.15,0.0,0.005,"{""BCC_B2#1"": 0.9953131156610402, ""FCC_L12#1"": 0.0006974453171435713, ""HCP_A3#2"": 0.0015595804055384868, ""HCP_A3#3"": 0.0024298586162778673}",0.8,0.005,873.0
0.8,0.05,0.0,0.145,0.005,"{""BCC_B2#1"": 0.989646289887989, ""C15_LAVES#1"": 0.006779820666356516, ""FCC_L12#1"": 0.0006850959113799477, ""HCP_A3#3"": 0.0021841516925220996, ""ZRO2_MONO#1"": 0.0007046418417522698}",0.8,0.005,873.0
0.8,0.05,0.005,0.14,0.005,"{""BCC_B2#1"": 0.9897073435274675, ""C15_LAVES#1"": 0.0067112425789775864, ""FCC_L12#1"": 0.0006855118825084536, ""HCP_A3#3"": 0.0021913017925296136, ""ZRO2_MONO#1"": 0.0007046002185169174}",0.8,0.005,873.0
0.8,0.05,0.01,0.135,0.005,"{""BCC_B2#1"": 0.9897752279725085, ""C15_LAVES#1"": 0.006635588854163142, ""FCC_L12#1"": 0.0006859396416768027, ""HCP_A3#3"": 0.0021986901994097, ""ZRO2_MONO#1"": 0.0007045533322418148}",0.8,0.005,873.0
0.8,0.05,0.015,0.13,0.005,"{""BCC_B2#1"": 0.9898505469598186, ""C15_LAVES#1"": 0.006552256606525839, ""FCC_L12#1"": 0.0006863789578174486, ""HCP_A3#3"": 0.0022063178165976794, ""ZRO2_MONO#1"": 0.0007044996592402738}",0.8,0.005,873.0
0.8,0.05,0.02,0.125,0.005,"{""BCC_B2#1"": 0.9899339496507052, ""C15_LAVES#1"": 0.006460596083190072, ""FCC_L12#1"": 0.0006868295873354098, ""HCP_A3#3"": 0.002214185602339372, ""ZRO2_MONO#1"": 0.0007044390764298051}",0.8,0.005,873.0
0.8,0.05,0.025,0.12,0.005,"{""BCC_B2#1"": 0.9900261390943841, ""C15_LAVES#1"": 0.006359905383608408, ""FCC_L12#1"": 0.0006872912765689199, ""HCP_A3#3"": 0.0022222946202779086, ""ZRO2_MONO#1"": 0.0007043696251604028}",0.8,0.005,873.0
0.8,0.05,0.03,0.115,0.005,"{""BCC_B2#1"": 0.9901278763304158, ""C15_LAVES#1"": 0.0062494248013810075, ""FCC_L12#1"": 0.0006877637607335454, ""HCP_A3#3"": 0.0022306460829431283, ""ZRO2_MONO#1"": 0.0007042890245267277}",0.8,0.005,873.0
0.8,0.05,0.035,0.11,0.005,"{""BCC_B2#1"": 0.990239985438183, ""C15_LAVES#1"": 0.0061283305606708765, ""FCC_L12#1"": 0.0006882467628354884, ""HCP_A3#2"": 0.002239241399214404, ""ZRO2_MONO#1"": 0.0007041958390964118}",0.8,0.005,873.0
0.8,0.05,0.04,0.105,0.005,"{""BCC_B2#1"": 0.9903633615535322, ""C15_LAVES#1"": 0.005995727827655661, ""FCC_L12#1"": 0.0006887399938859477, ""HCP_A3#2"": 0.002248082230282897, ""ZRO2_MONO#1"": 0.0007040883946430893}",0.8,0.005,873.0
0.8,0.05,0.045,0.1,0.005,"{""BCC_B2#1"": 0.9904989819045037, ""C15_LAVES#1"": 0.005850643059977709, ""FCC_L12#1"": 0.0006892431545085095, ""HCP_A3#2"": 0.0022571705551492722, ""ZRO2_MONO#1"": 0.0007039613258610488}",0.8,0.005,873.0
0.8,0.05,0.05,0.095,0.005,"{""BCC_B2#1"": 0.9906479083992775, ""C15_LAVES#1"": 0.005692015767983093, ""FCC_L12#1"": 0.0006897559300373533, ""HCP_A3#2"": 0.0022665087207660193, ""ZRO2_MONO#1"": 0.000703811181935725}",0.8,0.005,873.0
0.8,0.05,0.055,0.09,0.005,"{""BCC_B2#1"": 0.9908113002738057, ""C15_LAVES#1"": 0.0055186895679124924, ""FCC_L12#1"": 0.0006902779918055141, ""HCP_A3#2"": 0.0022760995186263395, ""ZRO2_MONO#1"": 0.0007036326478498667}",0.8,0.005,873.0
0.8,0.05,0.06,0.085,0.005,"{""BCC_B2#1"": 0.9909904256652684, ""C15_LAVES#1"": 0.005329402128787451, ""FCC_L12#1"": 0.0006908089966655847, ""HCP_A3#2"": 0.002285946262245906, ""ZRO2_MONO#1"": 0.0007034169470326894}",0.8,0.005,873.0
0.8,0.05,0.065,0.08,0.005,"{""BCC_B2#1"": 0.9911866699028419, ""C15_LAVES#1"": 0.005122774847308119, ""FCC_L12#1"": 0.0006913485836714536, ""HCP_A3#2"": 0.002296052864560312, ""ZRO2_MONO#1"": 0.0007031538016182554}",0.8,0.005,873.0
0.8,0.05,0.07,0.075,0.005,"{""BCC_B2#1"": 0.9914015494761965, ""C15_LAVES#1"": 0.004897301336459416, ""FCC_L12#1"": 0.0006918963734878176, ""HCP_A3#2"": 0.002306423933019648, ""ZRO2_MONO#1"": 0.0007028288808364183}",0.8,0.005,873.0
0.8,0.05,0.075,0.07,0.005,"{""BCC_B2#1"": 0.9902106415258106, ""C15_LAVES#1"": 0.0053234834803050765, ""FCC_L12#1"": 0.0006924563950430671, ""HCP_A3#2"": 0.0023181486734390917, ""HCP_A3#3"": 0.0014552699254020238}",0.8,0.005,873.0
0.8,0.05,0.08,0.065,0.005,"{""BCC_B2#1"": 0.9904598894713942, ""C15_LAVES#1"": 0.005056182988866471, ""FCC_L12#1"": 0.0006930057331683493, ""HCP_A3#2"": 0.0023283240989446807, ""HCP_A3#3"": 0.0014625977076261724}",0.8,0.005,873.0
0.8,0.05,0.085,0.06,0.005,"{""BCC_B2#1"": 0.9907328459009915, ""C15_LAVES#1"": 0.00476445149254556, ""FCC_L12#1"": 0.0006935620905527637, ""HCP_A3#2"": 0.002338738239229878, ""HCP_A3#3"": 0.0014704022766806827}",0.8,0.005,873.0
0.8,0.05,0.09,0.055,0.005,"{""BCC_B2#1"": 0.9910316936522452, ""C15_LAVES#1"": 0.004446135954184593, ""FCC_L12#1"": 0.000694125103074785, ""HCP_A3#2"": 0.0023493820076817564, ""HCP_A3#3"": 0.0014786632828135788}",0.8,0.005,873.0
0.8,0.05,0.095,0.05,0.005,"{""BCC_B2#1"": 0.9913588455992527, ""C15_LAVES#1"": 0.0040988662797889425, ""FCC_L12#1"": 0.0006946943721975698, ""HCP_A3#2"": 0.002360247722290335, ""HCP_A3#3"": 0.0014873460264703772}",0.8,0.005,873.0
0.8,0.05,0.1,0.045,0.005,"{""BCC_B2#1"": 0.9917169683058674, ""C15_LAVES#1"": 0.0037200361487918113, ""FCC_L12#1"": 0.0006952694631493882, ""HCP_A3#2"": 0.002371328589689001, ""HCP_A3#3"": 0.0014963974925021916}",0.8,0.005,873.0
0.8,0.05,0.105,0.04,0.005,"{""BCC_B2#1"": 0.9921090096026436, ""C15_LAVES#1"": 0.0033067814577613613, ""FCC_L12#1"": 0.0006958499029484792, ""HCP_A3#2"": 0.0023826183285277458, ""HCP_A3#3"": 0.0015057407081187195}",0.8,0.005,873.0
0.8,0.05,0.11,0.035,0.005,"{""BCC_B2#1"": 0.9925382306058226, ""C15_LAVES#1"": 0.002855956454686077, ""FCC_L12#1"": 0.0006964351783365279, ""HCP_A3#2"": 0.002394110875084389, ""HCP_A3#3"": 0.001515266886070263}",0.8,0.005,873.0
0.8,0.05,0.115,0.03,0.005,"{""BCC_B2#1"": 0.9930082429583952, ""C15_LAVES#1"": 0.002364107596684279, ""FCC_L12#1"": 0.0006970247335344163, ""HCP_A3#2"": 0.002405800133750685, ""HCP_A3#3"": 0.0015248245776355676}",0.8,0.005,873.0
0.8,0.05,0.12,0.025,0.005,"{""BCC_B2#1"": 0.9935230523730685, ""C15_LAVES#1"": 0.0018274451685483094, ""FCC_L12#1"": 0.0006976179678162641, ""HCP_A3#2"": 0.00241767974566676, ""HCP_A3#3"": 0.0015342047449001294}",0.8,0.005,873.0
0.8,0.05,0.125,0.02,0.005,"{""BCC_B2#1"": 0.9940871099312799, ""C15_LAVES#1"": 0.001241812750830097, ""FCC_L12#1"": 0.0006982142327999163, ""HCP_A3#2"": 0.0024297428538707457, ""HCP_A3#3"": 0.0015431202312190004}",0.8,0.005,873.0
0.8,0.05,0.13,0.015,0.005,"{""BCC_B2#1"": 0.9947053730737079, ""C15_LAVES#1"": 0.0006026547351648474, ""FCC_L12#1"": 0.0006988128293395634, ""HCP_A3#2"": 0.002441981844794231, ""HCP_A3#3"": 0.0015511775169936301}",0.8,0.005,873.0
0.8,0.05,0.135,0.01,0.005,"{""BCC_B2#1"": 0.9952917032284816, ""FCC_L12#1"": 0.0006992261437135081, ""HCP_A3#2"": 0.002451299262080836, ""HCP_A3#3"": 0.0015577713657242375}",0.8,0.005,873.0
0.8,0.05,0.14,0.005,0.005,"{""BCC_B2#1"": 0.9952996182455986, ""FCC_L12#1"": 0.0006983977974642411, ""HCP_A3#2"": 0.002440476008267171, ""HCP_A3#3"": 0.0015615079486699095}",0.8,0.005,873.0
0.8,0.05,0.145,0.0,0.005,"{""BCC_B2#1"": 0.9953108032546453, ""FCC_L12#1"": 0.0006975620964424306, ""HCP_A3#2"": 0.0024300561155405067, ""HCP_A3#3"": 0.0015615785333718693}",0.8,0.005,873.0
0.8,0.055,0.0,0.14,0.005,"{""BCC_B2#1"": 0.9895480734309015, ""C15_LAVES#1"": 0.0068954374618224856, ""FCC_L12#1"": 0.0006837912769295952, ""HCP_A3#2"": 0.002167984919822118, ""ZRO2_MONO#1"": 0.0007047129105242587}",0.8,0.005,873.0
0.8,0.055,0.005,0.135,0.005,"{""BCC_B2#1"": 0.9896040354146098, ""C15_LAVES#1"": 0.006831984965263115, ""FCC_L12#1"": 0.00068420450066414, ""HCP_A3#2"": 0.0021750972058761624, ""ZRO2_MONO#1"": 0.0007046779135867382}",0.8,0.005,873.0
0.8,0.055,0.01,0.13,0.005,"{""BCC_B2#1"": 0.9896667597922962, ""C15_LAVES#1"": 0.0067615265370409815, ""FCC_L12#1"": 0.0006846301816770557, ""HCP_A3#2"": 0.0021824455725422505, ""ZRO2_MONO#1"": 0.0007046379164433449}",0.8,0.005,873.0
0.8,0.055,0.015,0.125,0.005,"{""BCC_B2#1"": 0.9897368504278695, ""C15_LAVES#1"": 0.006683459122999038, ""FCC_L12#1"": 0.00068506806292897, ""HCP_A3#2"": 0.0021900303312876396, ""ZRO2_MONO#1"": 0.0007045920549144677}",0.8,0.005,873.0
0.8,0.055,0.02,0.12,0.005,"{""BCC_B2#1"": 0.989814957348258, ""C15_LAVES#1"": 0.006597133694051811, ""FCC_L12#1"": 0.0006855178772707527, ""HCP_A3#2"": 0.00219785180439993, ""ZRO2_MONO#1"": 0.0007045392760190854}",0.8,0.005,873.0
0.8,0.055,0.025,0.115,0.005,"{""BCC_B2#1"": 0.9899017817803556, ""C15_LAVES#1"": 0.0065018499859839885, ""FCC_L12#1"": 0.000685979347854992, ""HCP_A3#2"": 0.0022059103676622446, ""ZRO2_MONO#1"": 0.0007044785181432805}",0.8,0.005,873.0
0.8,0.055,0.03,0.11,0.005,"{""BCC_B2#1"": 0.9899980837731746, ""C15_LAVES#1"": 0.006396850360392205, ""FCC_L12#1"": 0.0006864521893737154, ""HCP_A3#2"": 0.00221420649834525, ""ZRO2_MONO#1"": 0.0007044071787143156}",0.8,0.005,873.0
0.8,0.055,0.035,0.105,0.005,"{""BCC_B2#1"": 0.9901046855341891, ""C15_LAVES#1"": 0.006281313518889612, ""FCC_L12#1"": 0.0006869361058729277, ""HCP_A3#2"": 0.002222740816163453, ""ZRO2_MONO#1"": 0.0007043240248849696}",0.8,0.005,873.0
0.8,0.055,0.04,0.1,0.005,"{""BCC_B2#1"": 0.9902224820429236, ""C15_LAVES#1"": 0.006154347122046971, ""FCC_L12#1"": 0.0006874307925222277, ""HCP_A3#2"": 0.002231514139592019, ""ZRO2_MONO#1"": 0.0007042259029150642}",0.8,0.005,873.0
0.8,0.055,0.045,0.095,0.005,"{""BCC_B2#1"": 0.9903524474717673, ""C15_LAVES#1"": 0.00601497991037165, ""FCC_L12#1"": 0.0006879359338136842, ""HCP_A3#2"": 0.0022405275346972283, ""ZRO2_MONO#1"": 0.0007041091493499841}",0.8,0.005,873.0
0.8,0.055,0.05,0.09,0.005,"{""BCC_B2#1"": 0.9904956447197976, ""C15_LAVES#1"": 0.005862153235512017, ""FCC_L12#1"": 0.0006884512031726144, ""HCP_A3#2"": 0.002249782372671244, ""ZRO2_MONO#1"": 0.0007039684688461706}",0.8,0.005,873.0
0.8,0.055,0.055,0.085,0.005,"{""BCC_B2#1"": 0.9906532335098543, ""C15_LAVES#1"": 0.00569471156317015, ""FCC_L12#1"": 0.0006889762605514402, ""HCP_A3#2"": 0.0022592803847452016, ""ZRO2_MONO#1"": 0.0007037982816789439}",0.8,0.005,873.0
0.8,0.055,0.06,0.08,0.005,"{""BCC_B2#1"": 0.9908264843764162, ""C15_LAVES#1"": 0.005511392446813277, ""FCC_L12#1"": 0.0006895107533426955, ""HCP_A3#2"": 0.002269023733173593, ""ZRO2_MONO#1"": 0.0007035886902542695}",0.8,0.005,873.0
0.8,0.055,0.065,0.075,0.005,"{""BCC_B2#1"": 0.9910167870956372, ""C15_LAVES#1"": 0.005310815610602879, ""FCC_L12#1"": 0.0006900543124301232, ""HCP_A3#2"": 0.002279015071600165, ""ZRO2_MONO#1"": 0.0007033279097294548}",0.8,0.005,873.0
0.8,0.055,0.07,0.07,0.005,"{""BCC_B2#1"": 0.9902950079451672, ""C15_LAVES#1"": 0.005532639019170991, ""FCC_L12#1"": 0.0006906017339785981, ""HCP_A3#2"": 0.0022900251156896824, ""HCP_A3#3"": 0.000948157717138778, ""ZRO2_MONO#1"": 0.00024356846885473682}",0.8,0.005,873.0
0.8,0.055,0.075,0.065,0.005,"{""BCC_B2#1"": 0.9900236266130563, ""C15_LAVES#1"": 0.005527471453648335, ""FCC_L12#1"": 0.0006911461655044169, ""HCP_A3#2"": 0.0023003939924708537, ""HCP_A3#3"": 0.0014573617753197935}",0.8,0.005,873.0
0.8,0.055,0.08,0.06,0.005,"{""BCC_B2#1"": 0.9902667620173335, ""C15_LAVES#1"": 0.005266166976552188, ""FCC_L12#1"": 0.0006916993927147849, ""HCP_A3#2"": 0.002310543036041642, ""HCP_A3#3"": 0.0014648285773578794}",0.8,0.005,873.0
0.8,0.055,0.085,0.055,0.005,"{""BCC_B2#1"": 0.9905335742141456, ""C15_LAVES#1"": 0.004980472554256569, ""FCC_L12#1"": 0.0006922601751060296, ""HCP_A3#2"": 0.0023209157835112127, ""HCP_A3#3"": 0.0014727772729801485}",0.8,0.005,873.0
0.8,0.055,0.09,0.05,0.005,"{""BCC_B2#1"": 0.9908262814209143, ""C15_LAVES#1"": 0.00466820477281415, ""FCC_L12#1"": 0.0006928281567488244, ""HCP_A3#2"": 0.0023315046181439916, ""HCP_A3#3"": 0.0014811810313788555}",0.8,0.005,873.0
0.8,0.055,0.095,0.045,0.005,"{""BCC_B2#1"": 0.9911473387982006, ""C15_LAVES#1"": 0.004326958072090175, ""FCC_L12#1"": 0.0006934029460392003, ""HCP_A3#2"": 0.002342302882585384, ""HCP_A3#3"": 0.0014899973010847958}",0.8,0.005,873.0
0.8,0.055,0.1,0.04,0.005,"{""BCC_B2#1"": 0.9914994639998475, ""C15_LAVES#1"": 0.003954084233358556, ""FCC_L12#1"": 0.0006939841135504331, ""HCP_A3#2"": 0.0023533044939466263, ""HCP_A3#3"": 0.0014991631592966967}",0.8,0.005,873.0
0.8,0.055,0.105,0.035,0.005,"{""BCC_B2#1"": 0.9918856668333198, ""C15_LAVES#1"": 0.003546669518747082, ""FCC_L12#1"": 0.0006945711898245774, ""HCP_A3#2"": 0.002364503653071531, ""HCP_A3#3"": 0.0015085888050371267}",0.8,0.005,873.0
0.8,0.055,0.11,0.03,0.005,"{""BCC_B2#1"": 0.992309283662615, ""C15_LAVES#1"": 0.0031015095002878005, ""FCC_L12#1"": 0.0006951636630762047, ""HCP_A3#2"": 0.0023758946064730037, ""HCP_A3#3"": 0.0015181485675479318}",0.8,0.005,873.0
0.8,0.055,0.115,0.025,0.005,"{""BCC_B2#1"": 0.9927740174547582, ""C15_LAVES#1"": 0.002615081596032387, ""FCC_L12#1"": 0.0006957609768074657, ""HCP_A3#2"": 0.002387471432744058, ""HCP_A3#3"": 0.0015276685396576827}",0.8,0.005,873.0
0.8,0.055,0.12,0.02,0.005,"{""BCC_B2#1"": 0.9932839846938637, ""C15_LAVES#1"": 0.0020835153543916395, ""FCC_L12#1"": 0.000696362527252778, ""HCP_A3#2"": 0.0023992278322782093, ""HCP_A3#3"": 0.001536909592213696}",0.8,0.005,873.0
0.8,0.055,0.125,0.015,0.005,"{""BCC_B2#1"": 0.9938437707953235, ""C15_LAVES#1"": 0.0015025606013567287, ""FCC_L12#1"": 0.00069696766059439, ""HCP_A3#2"": 0.002411156901889785, ""HCP_A3#3"": 0.0015455440408356585}",0.8,0.005,873.0
0.8,0.055,0.13,0.01,0.005,"{""BCC_B2#1"": 0.9944584961849663, ""C15_LAVES#1"": 0.000867553700846178, ""FCC_L12#1"": 0.0006975756698678881, ""HCP_A3#2"": 0.002423250875840045, ""HCP_A3#3"": 0.0015531235684796856}",0.8,0.005,873.0
0.8,0.055,0.135,0.005,0.005,"{""BCC_B2#1"": 0.9951338959085981, ""C15_LAVES#1"": 0.00017338240360755534, ""FCC_L12#1"": 0.0006981857913259685, ""HCP_A3#2"": 0.002435500811880972, ""HCP_A3#3"": 0.0015590350845873313}",0.8,0.005,873.0
0.8,0.055,0.14,0.0,0.005,"{""BCC_B2#1"": 0.9953101168585072, ""FCC_L12#1"": 0.0006976925535508653, ""HCP_A3#2"": 0.0024304603922597947, ""HCP_A3#3"": 0.0015617301956820275}",0.8,0.005,873.0
0.8,0.06,0.0,0.135,0.005,"{""BCC_B2#1"": 0.9894683863612271, ""C15_LAVES#1"": 0.006989945083871624, ""FCC_L12#1"": 0.0006826719389860962, ""HCP_A3#2"": 0.002154233783244034, ""ZRO2_MONO#1"": 0.0007047628326711989}",0.8,0.005,873.0
0.8,0.06,0.005,0.13,0.005,"{""BCC_B2#1"": 0.9895199995258557, ""C15_LAVES#1"": 0.006930853878956107, ""FCC_L12#1"": 0.0006830816347307999, ""HCP_A3#2"": 0.002161332795249851, ""ZRO2_MONO#1"": 0.000704732165207497}",0.8,0.005,873.0
0.8,0.06,0.01,0.125,0.005,"{""BCC_B2#1"": 0.9895783575542489, ""C15_LAVES#1"": 0.006864774422040061, ""FCC_L12#1"": 0.0006835045060023247, ""HCP_A3#2"": 0.002168666644539458, ""ZRO2_MONO#1"": 0.0007046968731691625}",0.8,0.005,873.0
0.8,0.06,0.015,0.12,0.005,"{""BCC_B2#1"": 0.9896440688930809, ""C15_LAVES#1"": 0.0067911000214303, ""FCC_L12#1"": 0.0006839402576102448, ""HCP_A3#2"": 0.002176235109846685, ""ZRO2_MONO#1"": 0.0007046557180317382}",0.8,0.005,873.0
0.8,0.06,0.02,0.115,0.005,"{""BCC_B2#1"": 0.9897177859612067, ""C15_LAVES#1"": 0.00670917894468887, ""FCC_L12#1"": 0.0006843885855956231, ""HCP_A3#2"": 0.0021840379412319706, ""ZRO2_MONO#1"": 0.0007046085672766391}",0.8,0.005,873.0
0.8,0.06,0.025,0.11,0.005,"{""BCC_B2#1"": 0.9898002140529201, ""C15_LAVES#1"": 0.006618308789120395, ""FCC_L12#1"": 0.0006848491803517797, ""HCP_A3#2"": 0.0021920749110236515, ""ZRO2_MONO#1"": 0.0007045530665843945}",0.8,0.005,873.0
0.8,0.06,0.03,0.105,0.005,"{""BCC_B2#1"": 0.9898921143012919, ""C15_LAVES#1"": 0.006517730393578627, ""FCC_L12#1"": 0.0006853217248516916, ""HCP_A3#2"": 0.0022003458520099438, ""ZRO2_MONO#1"": 0.0007044877282677737}",0.8,0.005,873.0
0.8,0.06,0.035,0.1,0.005,"{""BCC_B2#1"": 0.989994311932664, ""C15_LAVES#1"": 0.006406620949521342, ""FCC_L12#1"": 0.000685805895515272, ""HCP_A3#2"": 0.0022088507063056477, ""ZRO2_MONO#1"": 0.0007044105159936093}",0.8,0.005,873.0
0.8,0.06,0.04,0.095,0.005,"{""BCC_B2#1"": 0.9901077052450572, ""C15_LAVES#1"": 0.006284086444293491, ""FCC_L12#1"": 0.0006863013626952293, ""HCP_A3#2"": 0.002217589575646102, ""ZRO2_MONO#1"": 0.000704317372307872}",0.8,0.005,873.0
0.8,0.06,0.045,0.09,0.005,"{""BCC_B2#1"": 0.9902332710824404, ""C15_LAVES#1"": 0.00614915356508123, ""FCC_L12#1"": 0.0006868077879542964, ""HCP_A3#2"": 0.002226562764346866, ""ZRO2_MONO#1"": 0.0007042048001772807}",0.8,0.005,873.0
0.8,0.06,0.05,0.085,0.005,"{""BCC_B2#1"": 0.9903720754262851, ""C15_LAVES#1"": 0.006000760715268725, ""FCC_L12#1"": 0.0006873248238687723, ""HCP_A3#2"": 0.0022357708329328505, ""ZRO2_MONO#1"": 0.0007040682016446385}",0.8,0.005,873.0
0.8,0.06,0.055,0.08,0.005,"{""BCC_B2#1"": 0.990525287197304, ""C15_LAVES#1"": 0.005837748207515584, ""FCC_L12#1"": 0.0006878521150868999, ""HCP_A3#2"": 0.002245214658808306, ""ZRO2_MONO#1"": 0.0007038978212850112}",0.8,0.005,873.0
0.8,0.06,0.06,0.075,0.005,"{""BCC_B2#1"": 0.9906941818488769, ""C15_LAVES#1"": 0.0056588480149299784, ""FCC_L12#1"": 0.0006883892915585581, ""HCP_A3#2"": 0.0022548954752572544, ""ZRO2_MONO#1"": 0.0007036853693770986}",0.8,0.005,873.0
0.8,0.06,0.065,0.07,0.005,"{""BCC_B2#1"": 0.9908801605182744, ""C15_LAVES#1"": 0.005462672414934854, ""FCC_L12#1"": 0.0006889359712810185, ""HCP_A3#2"": 0.002264814944061846, ""ZRO2_MONO#1"": 0.0007034161514476745}",0.8,0.005,873.0
0.8,0.06,0.07,0.065,0.005,"{""BCC_B2#1"": 0.9896569546155798, ""C15_LAVES#1"": 0.005925602127589879, ""FCC_L12#1"": 0.0006894621405215212, ""HCP_A3#2"": 0.002275785835932057, ""HCP_A3#3"": 0.0014521952803765766}",0.8,0.005,873.0
0.8,0.06,0.075,0.06,0.005,"{""BCC_B2#1"": 0.989874124490827, ""C15_LAVES#1"": 0.005690847720507023, ""FCC_L12#1"": 0.0006900098622194583, ""HCP_A3#2"": 0.0022856995153714386, ""HCP_A3#3"": 0.0014593184110750998}",0.8,0.005,873.0
0.8,0.06,0.08,0.055,0.005,"{""BCC_B2#1"": 0.9901130331620484, ""C15_LAVES#1"": 0.005433621928599745, ""FCC_L12#1"": 0.0006905659330320914, ""HCP_A3#2"": 0.0022958334267491297, ""HCP_A3#3"": 0.0014669455495708403}",0.8,0.005,873.0
0.8,0.06,0.085,0.05,0.005,"{""BCC_B2#1"": 0.9903757200940464, ""C15_LAVES#1"": 0.005151913241495594, ""FCC_L12#1"": 0.0006911300373167689, ""HCP_A3#2"": 0.002306179698157026, ""HCP_A3#3"": 0.0014750569289843803}",0.8,0.005,873.0
0.8,0.06,0.09,0.045,0.005,"{""BCC_B2#1"": 0.9906644462509246, ""C15_LAVES#1"": 0.00484350119206388, ""FCC_L12#1"": 0.0006917018250311069, ""HCP_A3#2"": 0.0023167315537583584, ""HCP_A3#3"": 0.0014836191782217772}",0.8,0.005,873.0
0.8,0.06,0.095,0.04,0.005,"{""BCC_B2#1"": 0.9909817176838891, ""C15_LAVES#1"": 0.004505936993101552, ""FCC_L12#1"": 0.0006922809093502779, ""HCP_A3#2"": 0.0023274828966289014, ""HCP_A3#3"": 0.001492581517030274}",0.8,0.005,873.0
0.8,0.06,0.1,0.035,0.005,"{""BCC_B2#1"": 0.9913303129919262, ""C15_LAVES#1"": 0.004136521756836661, ""FCC_L12#1"": 0.0006928668642524296, ""HCP_A3#2"": 0.002338428006482184, ""HCP_A3#3"": 0.0015018703805025888}",0.8,0.005,873.0
0.8,0.06,0.105,0.03,0.005,"{""BCC_B2#1"": 0.9917133151445497, ""C15_LAVES#1"": 0.0037322823626808896, ""FCC_L12#1"": 0.0006934592221066724, ""HCP_A3#2"": 0.002349561302427436, ""HCP_A3#3"": 0.00151138196823545}",0.8,0.005,873.0
0.8,0.06,0.11,0.025,0.005,"{""BCC_B2#1"": 0.992134148407897, ""C15_LAVES#1"": 0.0032899449884407263, ""FCC_L12#1"": 0.0006940574712273281, ""HCP_A3#2"": 0.002360877138764905, ""HCP_A3#3"": 0.0015209719936698474}",0.8,0.005,873.0
0.8,0.06,0.115,0.02,0.005,"{""BCC_B2#1"": 0.9925966214003537, ""C15_LAVES#1"": 0.002805906318270126, ""FCC_L12#1"": 0.0006946610533840922, ""HCP_A3#2"": 0.0023723696113375813, ""HCP_A3#3"": 0.001530441616654675}",0.8,0.005,873.0
0.8,0.06,0.12,0.015,0.005,"{""BCC_B2#1"": 0.9931049776548091, ""C15_LAVES#1"": 0.002276202483145254, ""FCC_L12#1"": 0.0006952693612085237, ""HCP_A3#2"": 0.0023840323565310507, ""HCP_A3#3"": 0.0015395181443060245}",0.8,0.005,873.0
0.8,0.06,0.125,0.01,0.005,"{""BCC_B2#1"": 0.9936639555143997, ""C15_LAVES#1"": 0.0016964758856783193, ""FCC_L12#1"": 0.0006958817354302899, ""HCP_A3#2"": 0.002395858326167408, ""HCP_A3#3"": 0.001547828538324548}",0.8,0.005,873.0
0.8,0.06,0.13,0.005,0.005,"{""BCC_B2#1"": 0.994278859778322, ""C15_LAVES#1"": 0.0010619402265794812, ""FCC_L12#1"": 0.0006964974618808946, ""HCP_A3#2"": 0.0024078395203556554, ""HCP_A3#3"": 0.0015548630128617142}",0.8,0.005,873.0
0.8,0.06,0.135,0.0,0.005,"{""BCC_B2#1"": 0.994955648289582, ""C15_LAVES#1"": 0.00036734431918266974, ""FCC_L12#1"": 0.0006971157680671538, ""HCP_A3#2"": 0.002419966656526574, ""HCP_A3#3"": 0.0015599249666418233}",0.8,0.005,873.0
0.8,0.065,0.0,0.13,0.005,"{""BCC_B2#1"": 0.9894034802062486, ""C15_LAVES#1"": 0.007067557114187387, ""FCC_L12#1"": 0.0006817093834751591, ""HCP_A3#2"": 0.0021424546502805996, ""ZRO2_MONO#1"": 0.0007047986458081489}",0.8,0.005,873.0
0.8,0.065,0.005,0.125,0.005,"{""BCC_B2#1"": 0.9894513532822171, ""C15_LAVES#1"": 0.007012201192106031, ""FCC_L12#1"": 0.0006821148902450407, ""HCP_A3#2"": 0.002149559637162727, ""ZRO2_MONO#1"": 0.0007047709982690646}",0.8,0.005,873.0
0.8,0.065,0.01,0.12,0.005,{},0.8,0.005,873.0
0.8,0.065,0.015,0.115,0.005,"{""BCC_B2#1"": 0.9895680256241352, ""C15_LAVES#1"": 0.006879833785821378, ""FCC_L12#1"": 0.0006829674160511458, ""HCP_A3#2"": 0.002164471827646483, ""ZRO2_MONO#1"": 0.0007047013463455644}",0.8,0.005,873.0
0.8,0.065,0.02,0.11,0.005,"{""BCC_B2#1"": 0.9896381005755462, ""C15_LAVES#1"": 0.006801551234309762, ""FCC_L12#1"": 0.0006834137354204985, ""HCP_A3#2"": 0.0021722775322837056, ""ZRO2_MONO#1"": 0.0007046569224398757}",0.8,0.005,873.0
0.8,0.065,0.025,0.105,0.005,"{""BCC_B2#1"": 0.9897169306818373, ""C15_LAVES#1"": 0.006714276018767061, ""FCC_L12#1"": 0.0006838729523739277, ""HCP_A3#2"": 0.0021803152624886904, ""ZRO2_MONO#1"": 0.0007046050845328755}",0.8,0.005,873.0
0.8,0.065,0.03,0.1,0.005,"{""BCC_B2#1"": 0.9898052840723616, ""C15_LAVES#1"": 0.006617244104051398, ""FCC_L12#1"": 0.0006843447094945513, ""HCP_A3#2"": 0.0021885842709673847, ""ZRO2_MONO#1"": 0.0007045428431250918}",0.8,0.005,873.0
0.8,0.065,0.035,0.095,0.005,"{""BCC_B2#1"": 0.989903991784328, ""C15_LAVES#1"": 0.006509627716503832, ""FCC_L12#1"": 0.0006848286457125161, ""HCP_A3#2"": 0.0021970838903584266, ""ZRO2_MONO#1"": 0.0007044679630973027}",0.8,0.005,873.0
0.8,0.065,0.04,0.09,0.005,"{""BCC_B2#1"": 0.9900139574640549, ""C15_LAVES#1"": 0.006390527654496941, ""FCC_L12#1"": 0.0006853243970507171, ""HCP_A3#2"": 0.0022058135840078365, ""ZRO2_MONO#1"": 0.0007043769003896213}",0.8,0.005,873.0
0.8,0.065,0.045,0.085,0.005,"{""BCC_B2#1"": 0.9901361658910546, ""C15_LAVES#1"": 0.006258964497752716, ""FCC_L12#1"": 0.0006858315953534263, ""HCP_A3#2"": 0.0022147729917841525, ""ZRO2_MONO#1"": 0.0007042650240553862}",0.8,0.005,873.0
0.8,0.065,0.05,0.08,0.005,"{""BCC_B2#1"": 0.9902716927005526, ""C15_LAVES#1"": 0.006113869521197125, ""FCC_L12#1"": 0.0006863498671072342, ""HCP_A3#2"": 0.002223961978777571, ""ZRO2_MONO#1"": 0.0007041259323651358}",0.8,0.005,873.0
0.8,0.065,0.055,0.075,0.005,"{""BCC_B2#1"": 0.9904217150401355, ""C15_LAVES#1"": 0.005954074478334069, ""FCC_L12#1"": 0.0006868788316831189, ""HCP_A3#2"": 0.0022333806835762434, ""ZRO2_MONO#1"": 0.0007039509662709597}",0.8,0.005,873.0
0.8,0.065,0.06,0.07,0.005,"{""BCC_B2#1"": 0.9905875232486484, ""C15_LAVES#1"": 0.005778300853902123, ""FCC_L12#1"": 0.0006874180993860434, ""HCP_A3#2"": 0.002243029568106799, ""ZRO2_MONO#1"": 0.000703728229956746}",0.8,0.005,873.0
0.8,0.065,0.065,0.065,0.005,"{""BCC_B2#1"": 0.9902782882417906, ""C15_LAVES#1"": 0.005819957383556967, ""FCC_L12#1"": 0.0006879538563584637, ""HCP_A3#2"": 0.0022532021724135623, ""HCP_A3#3"": 0.0005001268894963445, ""ZRO2_MONO#1"": 0.0004604714563840911}",0.8,0.005,873.0
0.8,0.065,0.07,0.06,0.005,"{""BCC_B2#1"": 0.9895407018956366, ""C15_LAVES#1"": 0.006053370628839866, ""FCC_L12#1"": 0.0006884724249494567, ""HCP_A3#2"": 0.0022635218405674187, ""HCP_A3#3"": 0.0014539332100067595}",0.8,0.005,873.0
0.8,0.065,0.075,0.055,0.005,"{""BCC_B2#1"": 0.9897550744710994, ""C15_LAVES#1"": 0.005821233638847444, ""FCC_L12#1"": 0.000689021768089785, ""HCP_A3#2"": 0.002273442279530407, ""HCP_A3#3"": 0.0014612278424330572}",0.8,0.005,873.0
0.8,0.065,0.08,0.05,0.005,"{""BCC_B2#1"": 0.9899913610824675, ""C15_LAVES#1"": 0.005566453619255894, ""FCC_L12#1"": 0.0006895798871787722, ""HCP_A3#2"": 0.0022835731179448857, ""HCP_A3#3"": 0.0014690322931525436}",0.8,0.005,873.0
0.8,0.065,0.085,0.045,0.005,"{""BCC_B2#1"": 0.9902516441466356, ""C15_LAVES#1"": 0.0052869808562226546, ""FCC_L12#1"": 0.0006901464707140064, ""HCP_A3#2"": 0.0022939072145731812, ""HCP_A3#3"": 0.0014773213118545042}",0.8,0.005,873.0
0.8,0.065,0.09,0.04,0.005,"{""BCC_B2#1"": 0.9905382350871519, ""C15_LAVES#1"": 0.004980550814228487, ""FCC_L12#1"": 0.0006907211721430278, ""HCP_A3#2"": 0.0023044382545181572, ""HCP_A3#3"": 0.0014860546719583831}",0.8,0.005,873.0
0.8,0.065,0.095,0.035,0.005,"{""BCC_B2#1"": 0.9908536996947247, ""C15_LAVES#1"": 0.0046446635276907525, ""FCC_L12#1"": 0.0006913036071994572, ""HCP_A3#2"": 0.0023151604172779675, ""HCP_A3#3"": 0.0014951727531070562}",0.8,0.005,873.0
0.8,0.065,0.1,0.03,0.005,"{""BCC_B2#1"": 0.9912008875638517, ""C15_LAVES#1"": 0.004276560578660693, ""FCC_L12#1"": 0.0006918933512811906, ""HCP_A3#2"": 0.002326068128837927, ""HCP_A3#3"": 0.0015045903773685822}",0.8,0.005,873.0
0.8,0.065,0.105,0.025,0.005,"{""BCC_B2#1"": 0.9915829661958607, ""C15_LAVES#1"": 0.003873199695185405, ""FCC_L12#1"": 0.0006924899368595634, ""HCP_A3#2"": 0.002337155858663222, ""HCP_A3#3"": 0.00151418831343108}",0.8,0.005,873.0
0.8,0.065,0.11,0.02,0.005,"{""BCC_B2#1"": 0.9920034606206344, ""C15_LAVES#1"": 0.003431226973163851, ""FCC_L12#1"": 0.0006930928509481809, ""HCP_A3#2"": 0.002348417935905171, ""HCP_A3#3"": 0.0015238016193482881}",0.8,0.005,873.0
0.8,0.065,0.115,0.015,0.005,"{""BCC_B2#1"": 0.9924662996954133, ""C15_LAVES#1"": 0.0029469467400707935, ""FCC_L12#1"": 0.0006937015325639027, ""HCP_A3#2"": 0.0023598483659124387, ""HCP_A3#3"": 0.0015332036660395479}",0.8,0.005,873.0
0.8,0.065,0.12,0.01,0.005,"{""BCC_B2#1"": 0.9929758706236196, ""C15_LAVES#1"": 0.002416289140236335, ""FCC_L12#1"": 0.0006943153701677401, ""HCP_A3#2"": 0.002371440630937666, ""HCP_A3#3"": 0.0015420842350386626}",0.8,0.005,873.0
0.8,0.065,0.125,0.005,0.005,"{""BCC_B2#1"": 0.9935370837333526, ""C15_LAVES#1"": 0.001834775641527977, ""FCC_L12#1"": 0.0006949336990605164, ""HCP_A3#2"": 0.0023831874592231544, ""HCP_A3#3"": 0.0015500194668357174}",0.8,0.005,873.0
0.8,0.065,0.13,0.0,0.005,"{""BCC_B2#1"": 0.9941554502084223, ""C15_LAVES#1"": 0.0011974828640192543, ""FCC_L12#1"": 0.0006955557985802912, ""HCP_A3#2"": 0.0023950805441203056, ""HCP_A3#3"": 0.0015564305848578814}",0.8,0.005,873.0
0.8,0.07,0.0,0.125,0.005,"{""BCC_B2#1"": 0.989350567644137, ""C15_LAVES#1"": 0.007131418209079766, ""FCC_L12#1"": 0.0006808802559877649, ""HCP_A3#2"": 0.0021323090749300337, ""ZRO2_MONO#1"": 0.0007048248158657138}",0.8,0.005,873.0
0.8,0.07,0.005,0.12,0.005,"{""BCC_B2#1"": 0.989395210266141, ""C15_LAVES#1"": 0.007079273886209341, ""FCC_L12#1"": 0.0006812810408169508, ""HCP_A3#2"": 0.0021394355940194715, ""ZRO2_MONO#1"": 0.0007047992128133471}",0.8,0.005,873.0
0.8,0.07,0.01,0.115,0.005,"{""BCC_B2#1"": 0.9894466850998533, ""C15_LAVES#1"": 0.007020052661015116, ""FCC_L12#1"": 0.000681696620695843, ""HCP_A3#2"": 0.00214679644835198, ""ZRO2_MONO#1"": 0.0007047691700837899}",0.8,0.005,873.0
0.8,0.07,0.015,0.11,0.005,"{""BCC_B2#1"": 0.9895056174513174, ""C15_LAVES#1"": 0.006953131497927301, ""FCC_L12#1"": 0.000682126580675244, ""HCP_A3#2"": 0.0021543904335722445, ""ZRO2_MONO#1"": 0.0007047340365074195}",0.8,0.005,873.0
0.8,0.07,0.02,0.105,0.005,"{""BCC_B2#1"": 0.9895726771314745, ""C15_LAVES#1"": 0.006877844233905835, ""FCC_L12#1"": 0.0006825705070509629, ""HCP_A3#2"": 0.002162216269332791, ""ZRO2_MONO#1"": 0.0007046918582354538}",0.8,0.005,873.0
0.8,0.07,0.025,0.1,0.005,"{""BCC_B2#1"": 0.9896485827654936, ""C15_LAVES#1"": 0.00679347527322927, ""FCC_L12#1"": 0.0006830279872929462, ""HCP_A3#2"": 0.0021702726431044937, ""ZRO2_MONO#1"": 0.0007046413308796947}",0.8,0.005,873.0
0.8,0.07,0.03,0.095,0.005,"{""BCC_B2#1"": 0.9897341104348719, ""C15_LAVES#1"": 0.006699252775905332, ""FCC_L12#1"": 0.000683498611785212, ""HCP_A3#2"": 0.0021785582614220257, ""ZRO2_MONO#1"": 0.0007045799160152863}",0.8,0.005,873.0
0.8,0.07,0.035,0.09,0.005,"{""BCC_B2#1"": 0.9898300997587424, ""C15_LAVES#1"": 0.0065943410724977536, ""FCC_L12#1"": 0.0006839819725711016, ""HCP_A3#2"": 0.002187071893101011, ""ZRO2_MONO#1"": 0.0007045053030874212}",0.8,0.005,873.0
0.8,0.07,0.04,0.085,0.005,"{""BCC_B2#1"": 0.9899374643699782, ""C15_LAVES#1"": 0.006477832339424174, ""FCC_L12#1"": 0.0006844776639675721, ""HCP_A3#2"": 0.0021958124198015456, ""ZRO2_MONO#1"": 0.0007044132068286191}",0.8,0.005,873.0
0.8,0.07,0.045,0.08,0.005,"{""BCC_B2#1"": 0.9900571999225514, ""C15_LAVES#1"": 0.006348737673104015, ""FCC_L12#1"": 0.0006849852804833539, ""HCP_A3#2"": 0.0022047788795366416, ""ZRO2_MONO#1"": 0.0007042982443246881}",0.8,0.005,873.0
0.8,0.07,0.05,0.075,0.005,"{""BCC_B2#1"": 0.9901903946343359, ""C15_LAVES#1"": 0.006205977355089649, ""FCC_L12#1"": 0.0006855044153647547, ""HCP_A3#2"": 0.0022139705133579542, ""ZRO2_MONO#1"": 0.000704153081851854}",0.8,0.005,873.0
0.8,0.07,0.055,0.07,0.005,"{""BCC_B2#1"": 0.990338240467112, ""C15_LAVES#1"": 0.006048370470752945, ""FCC_L12#1"": 0.0006860346585785946, ""HCP_A3#2"": 0.002223386811424767, ""ZRO2_MONO#1"": 0.0007039675921313913}",0.8,0.005,873.0
0.8,0.07,0.06,0.065,0.005,"{""BCC_B2#1"": 0.9905020456860136, ""C15_LAVES#1"": 0.005874623569276969, ""FCC_L12#1"": 0.0006865755945137562, ""HCP_A3#2"": 0.0022330275587225923, ""ZRO2_MONO#1"": 0.0007037275914729953}",0.8,0.005,873.0
0.8,0.07,0.065,0.06,0.005,"{""BCC_B2#1"": 0.9892557722973219, ""C15_LAVES#1"": 0.006364942386260056, ""FCC_L12#1"": 0.0006870695303083043, ""HCP_A3#2"": 0.0022435063710730843, ""HCP_A3#3"": 0.0014487094150368136}",0.8,0.005,873.0
0.8,0.07,0.07,0.055,0.005,"{""BCC_B2#1"": 0.9894483697706227, ""C15_LAVES#1"": 0.006155127069220452, ""FCC_L12#1"": 0.0006876104925963217, ""HCP_A3#2"": 0.002253233336855301, ""HCP_A3#3"": 0.0014556593307054242}",0.8,0.005,873.0
0.8,0.07,0.075,0.05,0.005,"{""BCC_B2#1"": 0.9896612364095947, ""C15_LAVES#1"": 0.005924290882939977, ""FCC_L12#1"": 0.0006881608971942614, ""HCP_A3#2"": 0.0022631704080669844, ""HCP_A3#3"": 0.0014631414022037892}",0.8,0.005,873.0
0.8,0.07,0.08,0.045,0.005,"{""BCC_B2#1"": 0.9898962901678242, ""C15_LAVES#1"": 0.005670541892692754, ""FCC_L12#1"": 0.0006887204667842239, ""HCP_A3#2"": 0.0022733098166305586, ""HCP_A3#3"": 0.0014711376560683279}",0.8,0.005,873.0
0.7999999999999999,0.07,0.085,0.04,0.005,"{""BCC_B2#1"": 0.9901556632720527, ""C15_LAVES#1"": 0.005391785900370437, ""FCC_L12#1"": 0.0006892888915476008, ""HCP_A3#2"": 0.0022836448231193032, ""HCP_A3#3"": 0.0014796171129101668}",0.8,0.005,873.0
0.8,0.07,0.09,0.035,0.005,"{""BCC_B2#1"": 0.9904417255136216, ""C15_LAVES#1"": 0.005085707134365552, ""FCC_L12#1"": 0.0006898658261466489, ""HCP_A3#2"": 0.0022941693300136926, ""HCP_A3#3"": 0.0014885321958521122}",0.8,0.005,873.0
0.8,0.07,0.095,0.03,0.005,"{""BCC_B2#1"": 0.9907571114325683, ""C15_LAVES#1"": 0.004749746421101329, ""FCC_L12#1"": 0.0006904508868002678, ""HCP_A3#2"": 0.0023048776083921547, ""HCP_A3#3"": 0.001497813651137996}",0.8,0.005,873.0
0.8,0.07,0.1,0.025,0.005,"{""BCC_B2#1"": 0.9911047518288778, ""C15_LAVES#1"": 0.0043810769211324475, ""FCC_L12#1"": 0.0006910436484653645, ""HCP_A3#2"": 0.002315764086713638, ""HCP_A3#3"": 0.0015073635148107308}",0.8,0.005,873.0
0.8,0.07,0.105,0.02,0.005,"{""BCC_B2#1"": 0.9914879102921388, ""C15_LAVES#1"": 0.003976577443470097, ""FCC_L12#1"": 0.0006916436421343403, ""HCP_A3#2"": 0.002326823169965378, ""HCP_A3#3"": 0.001517045452291162}",0.8,0.005,873.0
0.8,0.07,0.11,0.015,0.005,"{""BCC_B2#1"": 0.9919102257174329, ""C15_LAVES#1"": 0.0035328033376469683, ""FCC_L12#1"": 0.0006922503522440713, ""HCP_A3#2"": 0.002338049067597507, ""HCP_A3#3"": 0.0015266715250784378}",0.8,0.005,873.0
0.8,0.07,0.115,0.01,0.005,"{""BCC_B2#1"": 0.9923757621086255, ""C15_LAVES#1"": 0.0030459549940254856, ""FCC_L12#1"": 0.0006928632141948386, ""HCP_A3#2"": 0.002349435613642657, ""HCP_A3#3"": 0.0015359840695115894}",0.8,0.005,873.0
0.8,0.07,0.12,0.005,0.005,"{""BCC_B2#1"": 0.9928890673923103, ""C15_LAVES#1"": 0.002511844065332601, ""FCC_L12#1"": 0.0006934816119146453, ""HCP_A3#2"": 0.002360976064018284, ""HCP_A3#3"": 0.0015446308664242112}",0.8,0.005,873.0
0.8,0.07,0.125,0.0,0.005,"{""BCC_B2#1"": 0.9934552435159493, ""C15_LAVES#1"": 0.0019258576696332777, ""FCC_L12#1"": 0.0006941048754860086, ""HCP_A3#2"": 0.002372662855123914, ""HCP_A3#3"": 0.0015521310838076134}",0.8,0.005,873.0
0.8,0.075,0.0,0.12,0.005,"{""BCC_B2#1"": 0.9893075408458215, ""C15_LAVES#1"": 0.0071839156426824575, ""FCC_L12#1"": 0.000680165256541885, ""HCP_A3#2"": 0.00212353410243958, ""ZRO2_MONO#1"": 0.0007048441525146857}",0.8,0.005,873.0
0.8,0.075,0.005,0.115,0.005,"{""BCC_B2#1"": 0.9893493881921146, ""C15_LAVES#1"": 0.007134536313276687, ""FCC_L12#1"": 0.000680560918663137, ""HCP_A3#2"": 0.0021306950234722647, ""ZRO2_MONO#1"": 0.0007048195524732179}",0.8,0.005,873.0
0.8,0.075,0.01,0.11,0.005,"{""BCC_B2#1"": 0.9893981608224213, ""C15_LAVES#1"": 0.007077985074923186, ""FCC_L12#1"": 0.0006809722806465263, ""HCP_A3#2"": 0.002138090731689471, ""ZRO2_MONO#1"": 0.0007047910903195222}",0.8,0.005,873.0
0.8,0.075,0.015,0.105,0.005,"{""BCC_B2#1"": 0.989454498114306, ""C15_LAVES#1"": 0.007013626793203266, ""FCC_L12#1"": 0.0006813988463786654, ""HCP_A3#2"": 0.002145719554508317, ""ZRO2_MONO#1"": 0.0007047566916037063}",0.8,0.005,873.0
0.8,0.075,0.02,0.1,0.005,"{""BCC_B2#1"": 0.9895190806910951, ""C15_LAVES#1"": 0.0069407841540459455, ""FCC_L12#1"": 0.0006818401261326408, ""HCP_A3#2"": 0.002153579719548304, ""ZRO2_MONO#1"": 0.0007047153091781394}",0.8,0.005,873.0
0.8,0.075,0.025,0.095,0.005,"{""BCC_B2#1"": 0.9895926391350508, ""C15_LAVES#1"": 0.006858731056732916, ""FCC_L12#1"": 0.00068229563930456, ""HCP_A3#3"": 0.002161669410281178, ""ZRO2_MONO#1"": 0.0007046647586307348}",0.8,0.005,873.0
0.8,0.075,0.03,0.09,0.005,"{""BCC_B2#1"": 0.9896759598106711, ""C15_LAVES#1"": 0.006766685327799417, ""FCC_L12#1"": 0.000682764913734148, ""HCP_A3#3"": 0.0021699868119864586, ""ZRO2_MONO#1"": 0.0007046031358087626}",0.8,0.005,873.0
0.8,0.075,0.035,0.085,0.005,"{""BCC_B2#1"": 0.9897698950602076, ""C15_LAVES#1"": 0.006663800481279503, ""FCC_L12#1"": 0.0006832474865368955, ""HCP_A3#3"": 0.0021785301632183942, ""ZRO2_MONO#1"": 0.000704526808757334}",0.8,0.005,873.0
0.8,0.075,0.04,0.08,0.005,"{""BCC_B2#1"": 0.9898753705652891, ""C15_LAVES#1"": 0.00654915721206031, ""FCC_L12#1"": 0.0006837429020103012, ""HCP_A3#2"": 0.0021872977995058534, ""ZRO2_MONO#1"": 0.0007044315211345688}",0.8,0.005,873.0
0.8,0.075,0.045,0.075,0.005,"{""BCC_B2#1"": 0.9899933968401576, ""C15_LAVES#1"": 0.006421753833176209, ""FCC_L12#1"": 0.0006842507110259561, ""HCP_A3#2"": 0.00219628820218584, ""ZRO2_MONO#1"": 0.0007043104134541849}",0.8,0.005,873.0
0.8,0.075,0.05,0.07,0.005,"{""BCC_B2#1"": 0.990125077682192, ""C15_LAVES#1"": 0.006280496232940942, ""FCC_L12#1"": 0.0006847704673390297, ""HCP_A3#2"": 0.002205500038343503, ""ZRO2_MONO#1"": 0.0007041555791844664}",0.8,0.005,873.0
0.8,0.075,0.055,0.065,0.005,"{""BCC_B2#1"": 0.9902716248793733, ""C15_LAVES#1"": 0.006124186875131425, ""FCC_L12#1"": 0.0006853017269538863, ""HCP_A3#2"": 0.002214932210516344, ""ZRO2_MONO#1"": 0.000703954308025286}",0.8,0.005,873.0
0.8,0.075,0.06,0.06,0.005,"{""BCC_B2#1"": 0.9904343670868976, ""C15_LAVES#1"": 0.0059515134328263115, ""FCC_L12#1"": 0.0006858440425287538, ""HCP_A3#2"": 0.002224583890733638, ""ZRO2_MONO#1"": 0.0007036915470136144}",0.8,0.005,873.0
0.8,0.075,0.065,0.055,0.005,"{""BCC_B2#1"": 0.989184243881072, ""C15_LAVES#1"": 0.006444353468076998, ""FCC_L12#1"": 0.0006863176541974094, ""HCP_A3#2"": 0.0014502635781903758, ""HCP_A3#3"": 0.002234821418463363}",0.8,0.005,873.0
0.8,0.075,0.07,0.05,0.005,"{""BCC_B2#1"": 0.9893761567349855, ""C15_LAVES#1"": 0.006234995310081632, ""FCC_L12#1"": 0.0006868589122501533, ""HCP_A3#2"": 0.0014574071599619352, ""HCP_A3#3"": 0.0022445818827209175}",0.8,0.005,873.0
0.8,0.075,0.075,0.045,0.005,"{""BCC_B2#1"": 0.9895886516201381, ""C15_LAVES#1"": 0.006004302341531895, ""FCC_L12#1"": 0.0006874099689743202, ""HCP_A3#2"": 0.001465090875644793, ""HCP_A3#3"": 0.0022545451937108253}",0.8,0.005,873.0
0.8,0.075,0.08,0.04,0.005,"{""BCC_B2#1"": 0.9898236954593509, ""C15_LAVES#1"": 0.005750338086062186, ""FCC_L12#1"": 0.0006879705465293527, ""HCP_A3#2"": 0.0014732919449287492, ""HCP_A3#3"": 0.0022647039631287147}",0.8,0.005,873.0
0.8,0.075,0.085,0.035,0.005,"{""BCC_B2#1"": 0.9900834773208254, ""C15_LAVES#1"": 0.005470957439275718, ""FCC_L12#1"": 0.000688540334593374, ""HCP_A3#2"": 0.001481973270722357, ""HCP_A3#3"": 0.002275051634583243}",0.8,0.005,873.0
0.8,0.075,0.09,0.03,0.005,"{""BCC_B2#1"": 0.9903704334159894, ""C15_LAVES#1"": 0.005163786146127906, ""FCC_L12#1"": 0.0006891189870210952, ""HCP_A3#2"": 0.0014910792871805037, ""HCP_A3#3"": 0.0022855821636811047}",0.8,0.005,873.0
0.8,0.075,0.095,0.025,0.005,"{""BCC_B2#1"": 0.9906872761880681, ""C15_LAVES#1"": 0.004826197753152801, ""FCC_L12#1"": 0.0006897061186752461, ""HCP_A3#2"": 0.0015005301540357966, ""HCP_A3#3"": 0.0022962897860684516}",0.8,0.005,873.0
0.8,0.075,0.1,0.02,0.005,"{""BCC_B2#1"": 0.9910370280216454, ""C15_LAVES#1"": 0.004455288087353227, ""FCC_L12#1"": 0.0006903013024646533, ""HCP_A3#2"": 0.001510213757183611, ""HCP_A3#3"": 0.002307168831353228}",0.8,0.005,873.0
0.8,0.075,0.105,0.015,0.005,"{""BCC_B2#1"": 0.9914230603677887, ""C15_LAVES#1"": 0.004047847263329146, ""FCC_L12#1"": 0.0006909040665611354, ""HCP_A3#2"": 0.0015199747460723117, ""HCP_A3#3"": 0.0023182135562487636}",0.8,0.005,873.0
0.8,0.075,0.11,0.01,0.005,"{""BCC_B2#1"": 0.9918491393767856, ""C15_LAVES#1"": 0.0036003292204811704, ""FCC_L12#1"": 0.0006915138918286763, ""HCP_A3#2"": 0.0015295995325832886, ""HCP_A3#3"": 0.00232941797832111}",0.8,0.005,873.0
0.8,0.075,0.115,0.005,0.005,"{""BCC_B2#1"": 0.9923194794931798, ""C15_LAVES#1"": 0.0031088188416901093, ""FCC_L12#1"": 0.0006921302094467726, ""HCP_A3#2"": 0.0015387957605909075, ""HCP_A3#3"": 0.0023407756950923303}",0.8,0.005,873.0
0.8,0.075,0.12,0.0,0.005,"{""BCC_B2#1"": 0.9928388069347412, ""C15_LAVES#1"": 0.0025689968085870277, ""FCC_L12#1"": 0.0006927523987299023, ""HCP_A3#2"": 0.0015471641840232341, ""HCP_A3#3"": 0.0023522796739188483}",0.8,0.005,873.0
0.8,0.08,0.0,0.115,0.005,"{""BCC_B2#1"": 0.9892727807821685, ""C15_LAVES#1"": 0.007226889967976817, ""FCC_L12#1"": 0.0006795483104352135, ""HCP_A3#3"": 0.0021159221468282194, ""ZRO2_MONO#1"": 0.0007048587925912561}",0.8,0.005,873.0
0.8,0.08,0.005,0.11,0.005,"{""BCC_B2#1"": 0.9893122099704965, ""C15_LAVES#1"": 0.007179888198814222, ""FCC_L12#1"": 0.0006799385809116843, ""HCP_A3#3"": 0.0021231283115952615, ""ZRO2_MONO#1"": 0.0007048349381823991}",0.8,0.005,873.0
0.8,0.08,0.01,0.105,0.005,"{""BCC_B2#1"": 0.9893586865377055, ""C15_LAVES#1"": 0.007125591160457329, ""FCC_L12#1"": 0.0006803455160956527, ""HCP_A3#3"": 0.002130570070779421, ""ZRO2_MONO#1"": 0.000704806714962282}",0.8,0.005,873.0
0.8,0.08,0.015,0.1,0.005,"{""BCC_B2#1"": 0.9894128646923702, ""C15_LAVES#1"": 0.007063349208635948, ""FCC_L12#1"": 0.000680768522411006, ""HCP_A3#2"": 0.0021382452838603276, ""ZRO2_MONO#1"": 0.0007047722927224726}",0.8,0.005,873.0
0.8,0.08,0.02,0.095,0.005,"{""BCC_B2#1"": 0.9894754385335544, ""C15_LAVES#1"": 0.006992471708576621, ""FCC_L12#1"": 0.0006812070212909494, ""HCP_A3#3"": 0.0021461516954042956, ""ZRO2_MONO#1"": 0.0007047310411738096}",0.8,0.005,873.0
0.8,0.08,0.025,0.09,0.005,"{""BCC_B2#1"": 0.989547152619706, ""C15_LAVES#1"": 0.006912219704148105, ""FCC_L12#1"": 0.0006816604525357161, ""HCP_A3#3"": 0.002154286996243464, ""ZRO2_MONO#1"": 0.0007046802273664574}",0.8,0.005,873.0
0.8,0.08,0.03,0.085,0.005,"{""BCC_B2#1"": 0.9896288086764634, ""C15_LAVES#1"": 0.006821798170666972, ""FCC_L12#1"": 0.0006821282735207942, ""HCP_A3#3"": 0.0021626488724338535, ""ZRO2_MONO#1"": 0.0007046160069148332}",0.8,0.005,873.0
0.8,0.08,0.035,0.08,0.005,"{""BCC_B2#1"": 0.9897212710871122, ""C15_LAVES#1"": 0.006720347455855585, ""FCC_L12#1"": 0.0006826099560405416, ""HCP_A3#3"": 0.0021712350470357994, ""ZRO2_MONO#1"": 0.0007045364539557632}",0.8,0.005,873.0
0.8,0.08,0.04,0.075,0.005,"{""BCC_B2#1"": 0.9898254830560521, ""C15_LAVES#1"": 0.006606933873150203, ""FCC_L12#1"": 0.0006831049890534542, ""HCP_A3#3"": 0.0021800433408294983, ""ZRO2_MONO#1"": 0.0007044347409147389}",0.8,0.005,873.0
0.8,0.08,0.045,0.07,0.005,"{""BCC_B2#1"": 0.9899424701195316, ""C15_LAVES#1"": 0.006480540110379278, ""FCC_L12#1"": 0.0006836128718268774, ""HCP_A3#3"": 0.0021890717035183793, ""ZRO2_MONO#1"": 0.0007043051947438402}",0.8,0.005,873.0
0.8,0.08,0.05,0.065,0.005,"{""BCC_B2#1"": 0.9900733584061684, ""C15_LAVES#1"": 0.006340054303715392, ""FCC_L12#1"": 0.0006841331156652608, ""HCP_A3#3"": 0.00219831827149361, ""ZRO2_MONO#1"": 0.0007041359029572281}",0.8,0.005,873.0
0.8,0.08,0.055,0.06,0.005,"{""BCC_B2#1"": 0.9902193800758501, ""C15_LAVES#1"": 0.006184258843921297, ""FCC_L12#1"": 0.0006846652359407594, ""HCP_A3#3"": 0.002207781394699839, ""ZRO2_MONO#1"": 0.0007039144495882226}",0.8,0.005,873.0
0.8,0.08,0.06,0.055,0.005,"{""BCC_B2#1"": 0.9889559766817528, ""C15_LAVES#1"": 0.006695924873870532, ""FCC_L12#1"": 0.0006851310121676323, ""HCP_A3#2"": 0.0014450587931946937, ""HCP_A3#3"": 0.002217908639014179}",0.8,0.005,873.0
0.8,0.08,0.065,0.05,0.005,"{""BCC_B2#1"": 0.989128984305804, ""C15_LAVES#1"": 0.006506000733514901, ""FCC_L12#1"": 0.0006856619246453504, ""HCP_A3#2"": 0.0014518473567048664, ""HCP_A3#3"": 0.0022275056793307317}",0.8,0.005,873.0
0.8,0.08,0.07,0.045,0.005,"{""BCC_B2#1"": 0.9893211486744656, ""C15_LAVES#1"": 0.006296141864743992, ""FCC_L12#1"": 0.0006862032158272723, ""HCP_A3#2"": 0.001459198611446637, ""HCP_A3#3"": 0.0022373076335160773}",0.8,0.005,873.0
0.8,0.08,0.075,0.04,0.005,"{""BCC_B2#1"": 0.9895342837088765, ""C15_LAVES#1"": 0.0060645582787444445, ""FCC_L12#1"": 0.000686754633818771, ""HCP_A3#2"": 0.001467097180320011, ""HCP_A3#3"": 0.0022473061982401154}",0.8,0.005,873.0
0.8,0.08,0.08,0.035,0.005,"{""BCC_B2#1"": 0.9897704115168429, ""C15_LAVES#1"": 0.005809263242441177, ""FCC_L12#1"": 0.0006873158982591017, ""HCP_A3#2"": 0.0014755151833046353, ""HCP_A3#3"": 0.0022574941591520215}",0.8,0.005,873.0
0.8,0.08,0.085,0.03,0.005,"{""BCC_B2#1"": 0.9900317851789949, ""C15_LAVES#1"": 0.005528054232860665, ""FCC_L12#1"": 0.0006878866964648354, ""HCP_A3#2"": 0.0014844089006426442, ""HCP_A3#3"": 0.002267864991036671}",0.8,0.005,873.0
0.8,0.08,0.09,0.025,0.005,"{""BCC_B2#1"": 0.9903209155161828, ""C15_LAVES#1"": 0.005218491206577375, ""FCC_L12#1"": 0.0006884666797844424, ""HCP_A3#2"": 0.0014937140107007779, ""HCP_A3#3"": 0.0022784125867543435}",0.8,0.005,873.0
0.8,0.08,0.095,0.02,0.005,"{""BCC_B2#1"": 0.9906406021859462, ""C15_LAVES#1"": 0.004877872318186985, ""FCC_L12#1"": 0.0006890554602170467, ""HCP_A3#2"": 0.0015033389807303937, ""HCP_A3#3"": 0.002289131054919555}",0.8,0.005,873.0
0.8,0.08,0.1,0.015,0.005,"{""BCC_B2#1"": 0.9909939697340491, ""C15_LAVES#1"": 0.0045032071176617314, ""FCC_L12#1"": 0.0006896526073233683, ""HCP_A3#2"": 0.0015131559900341603, ""HCP_A3#3"": 0.002300014550931617}",0.8,0.005,873.0
0.8,0.08,0.105,0.01,0.005,"{""BCC_B2#1"": 0.991384509505362, ""C15_LAVES#1"": 0.004091187221564019, ""FCC_L12#1"": 0.0006902576454349933, ""HCP_A3#2"": 0.0015229885091890053, ""HCP_A3#3"": 0.002311057118449759}",0.8,0.005,873.0
0.8,0.08,0.11,0.005,0.005,"{""BCC_B2#1"": 0.9918161286382667, ""C15_LAVES#1"": 0.0036381544700074928, ""FCC_L12#1"": 0.0006908700511557409, ""HCP_A3#2"": 0.0015325943159784897, ""HCP_A3#3"": 0.002322252524591408}",0.8,0.005,873.0
0.8,0.08,0.115,0.0,0.005,"{""BCC_B2#1"": 0.9922932077662046, ""C15_LAVES#1"": 0.0031400666483641856, ""FCC_L12#1"": 0.0006914892512156231, ""HCP_A3#2"": 0.0015416422598013009, ""HCP_A3#3"": 0.0023335940744142747}",0.8,0.005,873.0
0.8,0.085,0.0,0.11,0.005,"{""BCC_B2#1"": 0.9892450278575083, ""C15_LAVES#1"": 0.007261780218343679, ""FCC_L12#1"": 0.0006790159411929772, ""HCP_A3#3"": 0.002109306993384371, ""ZRO2_MONO#1"": 0.0007048689895704025}",0.8,0.005,873.0
0.8,0.085,0.005,0.105,0.005,"{""BCC_B2#1"": 0.9892823709302493, ""C15_LAVES#1"": 0.007216814683397334, ""FCC_L12#1"": 0.0006794006800198241, ""HCP_A3#3"": 0.002116567672495765, ""ZRO2_MONO#1"": 0.0007048460338376875}",0.8,0.005,873.0
0.8,0.085,0.01,0.1,0.005,"{""BCC_B2#1"": 0.9893269089637416, ""C15_LAVES#1"": 0.007164405076271276, ""FCC_L12#1"": 0.0006798031008621412, ""HCP_A3#3"": 0.0021240650551839872, ""ZRO2_MONO#1"": 0.0007048178039410015}",0.8,0.005,873.0
0.8,0.085,0.015,0.095,0.005,"{""BCC_B2#1"": 0.9893793125973829, ""C15_LAVES#1"": 0.00710388510016368, ""FCC_L12#1"": 0.0006802224974172468, ""HCP_A3#2"": 0.0021317965308823576, ""ZRO2_MONO#1"": 0.0007047832741536034}",0.8,0.005,873.0
0.8,0.085,0.02,0.09,0.005,"{""BCC_B2#1"": 0.9894402935511712, ""C15_LAVES#1"": 0.007034548555402422, ""FCC_L12#1"": 0.0006806581909759618, ""HCP_A3#3"": 0.002139759367721477, ""ZRO2_MONO#1"": 0.0007047403347291346}",0.8,0.005,873.0
0.8,0.085,0.025,0.085,0.005,"{""BCC_B2#1"": 0.9895106105619916, ""C15_LAVES#1"": 0.006955641601027498, ""FCC_L12#1"": 0.0006811095298217358, ""HCP_A3#3"": 0.0021479507665132683, ""ZRO2_MONO#1"": 0.0007046875406455863}",0.8,0.005,873.0
0.8,0.085,0.03,0.08,0.005,"{""BCC_B2#1"": 0.9895910813439583, ""C15_LAVES#1"": 0.006866354204608934, ""FCC_L12#1"": 0.000681575890861068, ""HCP_A3#2"": 0.002156367921137593, ""ZRO2_MONO#1"": 0.0007046206394340224}",0.8,0.005,873.0
0.8,0.085,0.035,0.075,0.005,"{""BCC_B2#1"": 0.9896825890474442, ""C15_LAVES#1"": 0.006765811028224793, ""FCC_L12#1"": 0.0006820566759651372, ""HCP_A3#2"": 0.0021650080623087766, ""ZRO2_MONO#1"": 0.0007045351860569702}",0.8,0.005,873.0
0.8,0.085,0.04,0.07,0.005,"{""BCC_B2#1"": 0.9897860928012782, ""C15_LAVES#1"": 0.006653061698927294, ""FCC_L12#1"": 0.0006825513097442365, ""HCP_A3#2"": 0.0021738685057270876, ""ZRO2_MONO#1"": 0.0007044256843231834}",0.8,0.005,873.0
0.8,0.085,0.045,0.065,0.005,"{""BCC_B2#1"": 0.9899026404188486, ""C15_LAVES#1"": 0.006527070219690263, ""FCC_L12#1"": 0.000683059237443821, ""HCP_A3#2"": 0.002182946700173598, ""ZRO2_MONO#1"": 0.000704283423843583}",0.8,0.005,873.0
0.8,0.085,0.05,0.06,0.005,"{""BCC_B2#1"": 0.9900333793972214, ""C15_LAVES#1"": 0.00638670399869501, ""FCC_L12#1"": 0.0006835799206567938, ""HCP_A3#2"": 0.002192240268319615, ""ZRO2_MONO#1"": 0.0007040964151073952}",0.8,0.005,873.0
0.8,0.085,0.055,0.055,0.005,"{""BCC_B2#1"": 0.9901795689370886, ""C15_LAVES#1"": 0.006230721985799373, ""FCC_L12#1"": 0.0006841128324244426, ""HCP_A3#2"": 0.002201747044117879, ""ZRO2_MONO#1"": 0.0007038492005693602}",0.8,0.005,873.0
0.8,0.085,0.06,0.05,0.005,"{""BCC_B2#1"": 0.9889141206064924, ""C15_LAVES#1"": 0.0067431379127168515, ""FCC_L12#1"": 0.0006845596811659185, ""HCP_A3#2"": 0.0022117040012807577, ""HCP_A3#3"": 0.0014464777983439361}",0.8,0.005,873.0
0.8,0.085,0.065,0.045,0.005,"{""BCC_B2#1"": 0.9890878196913405, ""C15_LAVES#1"": 0.0065522576857807375, ""FCC_L12#1"": 0.0006850901489087781, ""HCP_A3#2"": 0.0022213558376835197, ""HCP_A3#3"": 0.0014534766362860091}",0.8,0.005,873.0
0.7999999999999999,0.085,0.07,0.04,0.005,"{""BCC_B2#1"": 0.9892810813248092, ""C15_LAVES#1"": 0.006341031573199976, ""FCC_L12#1"": 0.0006856313015890843, ""HCP_A3#2"": 0.002231206881403772, ""HCP_A3#3"": 0.001461048918997903}",0.8,0.005,873.0
0.8,0.085,0.075,0.035,0.005,"{""BCC_B2#1"": 0.9894957728680812, ""C15_LAVES#1"": 0.006107620220345981, ""FCC_L12#1"": 0.0006861828824986663, ""HCP_A3#2"": 0.002241249023000817, ""HCP_A3#3"": 0.001469175006073367}",0.8,0.005,873.0
0.8,0.085,0.08,0.03,0.005,"{""BCC_B2#1"": 0.9897339779729515, ""C15_LAVES#1"": 0.005849980815526573, ""FCC_L12#1"": 0.000686744607155383, ""HCP_A3#2"": 0.0022514750756543137, ""HCP_A3#3"": 0.0014778215287123866}",0.8,0.005,873.0
0.8,0.085,0.085,0.025,0.005,"{""BCC_B2#1"": 0.9899980210399151, ""C15_LAVES#1"": 0.005565846829654082, ""FCC_L12#1"": 0.0006873161590387575, ""HCP_A3#2"": 0.0022618784357956428, ""HCP_A3#3"": 0.0014869375355965866}",0.8,0.005,873.0
0.8,0.085,0.09,0.02,0.005,"{""BCC_B2#1"": 0.9902904958394844, ""C15_LAVES#1"": 0.005252705066925923, ""FCC_L12#1"": 0.0006878971856585313, ""HCP_A3#2"": 0.002272452848353602, ""HCP_A3#3"": 0.0014964490595773356}",0.8,0.005,873.0
0.8,0.085,0.095,0.015,0.005,"{""BCC_B2#1"": 0.9906142987380983, ""C15_LAVES#1"": 0.004907770125900673, ""FCC_L12#1"": 0.0006884872949912613, ""HCP_A3#2"": 0.002283192225773942, ""HCP_A3#3"": 0.001506251615235864}",0.8,0.005,873.0
0.8,0.085,0.1,0.01,0.005,"{""BCC_B2#1"": 0.9909726672541229, ""C15_LAVES#1"": 0.004527956285065471, ""FCC_L12#1"": 0.0006890860523113651, ""HCP_A3#2"": 0.0022940904904090523, ""HCP_A3#3"": 0.0015161999180914065}",0.8,0.005,873.0
0.8,0.085,0.105,0.005,0.005,"{""BCC_B2#1"": 0.9913692249639778, ""C15_LAVES#1"": 0.004109846807813298, ""FCC_L12#1"": 0.0006896929774455022, ""HCP_A3#2"": 0.002305141420073315, ""HCP_A3#3"": 0.0015260938306899256}",0.8,0.005,873.0
0.8,0.085,0.11,0.0,0.005,"{""BCC_B2#1"": 0.991808034127023, ""C15_LAVES#1"": 0.0036496606946008893, ""FCC_L12#1"": 0.000690307542452696, ""HCP_A3#2"": 0.0023163384812936744, ""HCP_A3#3"": 0.0015356591546295702}",0.8,0.005,873.0
0.8,0.09,0.0,0.105,0.005,"{""BCC_B2#1"": 0.9892232864912184, ""C15_LAVES#1"": 0.007289726068183145, ""FCC_L12#1"": 0.0006785567861793374, ""HCP_A3#2"": 0.0021035538323736155, ""ZRO2_MONO#1"": 0.0007048768220453783}",0.8,0.005,873.0
0.8,0.09,0.005,0.1,0.005,"{""BCC_B2#1"": 0.9892588420878611, ""C15_LAVES#1"": 0.007246491805156568, ""FCC_L12#1"": 0.0006789359777069337, ""HCP_A3#2"": 0.002110877057572613, ""ZRO2_MONO#1"": 0.0007048530717025424}",0.8,0.005,873.0
0.8,0.09,0.01,0.095,0.005,"{""BCC_B2#1"": 0.9893017615163849, ""C15_LAVES#1"": 0.007195641567500094, ""FCC_L12#1"": 0.0006793339104539719, ""HCP_A3#2"": 0.0021184383602967814, ""ZRO2_MONO#1"": 0.0007048246453643424}",0.8,0.005,873.0
0.8,0.09,0.015,0.09,0.005,"{""BCC_B2#1"": 0.9893527366177919, ""C15_LAVES#1"": 0.007136490261943337, ""FCC_L12#1"": 0.0006797497529666684, ""HCP_A3#2"": 0.0021262346602286173, ""ZRO2_MONO#1"": 0.0007047887070695753}",0.8,0.005,873.0
0.8,0.09,0.02,0.085,0.005,"{""BCC_B2#1"": 0.9894124958044055, ""C15_LAVES#1"": 0.007068314198867816, ""FCC_L12#1"": 0.0006801827126043709, ""HCP_A3#2"": 0.0021342627412798943, ""ZRO2_MONO#1"": 0.0007047445428423988}",0.8,0.005,873.0
0.8,0.09,0.025,0.08,0.005,"{""BCC_B2#1"": 0.9894818179853043, ""C15_LAVES#1"": 0.0069903425826912235, ""FCC_L12#1"": 0.0006806320390655747, ""HCP_A3#2"": 0.0021425193244815374, ""ZRO2_MONO#1"": 0.0007046880684574365}",0.8,0.005,873.0
0.8,0.09,0.03,0.075,0.005,"{""BCC_B2#1"": 0.9895615366988416, ""C15_LAVES#1"": 0.006901748374358832, ""FCC_L12#1"": 0.0006810970192806967, ""HCP_A3#2"": 0.0021510011123974638, ""ZRO2_MONO#1"": 0.0007046167951209563}",0.8,0.005,873.0
0.8,0.09,0.035,0.07,0.005,"{""BCC_B2#1"": 0.9896525555238594, ""C15_LAVES#1"": 0.006801638393305531, ""FCC_L12#1"": 0.000681576978285166, ""HCP_A3#2"": 0.0021597048511558903, ""ZRO2_MONO#1"": 0.0007045242533941735}",0.8,0.005,873.0
0.8,0.09,0.04,0.065,0.005,"{""BCC_B2#1"": 0.9897558540543783, ""C15_LAVES#1"": 0.00668904294968545, ""FCC_L12#1"": 0.0006820712722774003, ""HCP_A3#2"": 0.0021686273674029013, ""ZRO2_MONO#1"": 0.0007044043562558861}",0.8,0.005,873.0
0.8,0.09,0.045,0.06,0.005,"{""BCC_B2#1"": 0.9898725032748011, ""C15_LAVES#1"": 0.006562904935187743, ""FCC_L12#1"": 0.0006825792869446683, ""HCP_A3#2"": 0.002177765620835311, ""ZRO2_MONO#1"": 0.0007042468822309382}",0.8,0.005,873.0
0.8,0.09,0.05,0.055,0.005,"{""BCC_B2#1"": 0.9900036765884354, ""C15_LAVES#1"": 0.006422067948941433, ""FCC_L12#1"": 0.0006831004314281497, ""HCP_A3#2"": 0.002187116741407719, ""ZRO2_MONO#1"": 0.0007040382897871992}",0.8,0.005,873.0
0.8,0.09,0.055,0.05,0.005,"{""BCC_B2#1"": 0.9901506638540801, ""C15_LAVES#1"": 0.006265264364728038, ""FCC_L12#1"": 0.0006836341335225487, ""HCP_A3#2"": 0.00219667806880771, ""ZRO2_MONO#1"": 0.000703759578861391}",0.8,0.005,873.0
0.8,0.09,0.06,0.045,0.005,"{""BCC_B2#1"": 0.9888839368429182, ""C15_LAVES#1"": 0.006777563746083128, ""FCC_L12#1"": 0.0006840621143221205, ""HCP_A3#2"": 0.0022064968261919587, ""HCP_A3#3"": 0.0014479404704843303}",0.8,0.005,873.0
0.8,0.09,0.065,0.04,0.005,"{""BCC_B2#1"": 0.9890590408917608, ""C15_LAVES#1"": 0.0065849941255542305, ""FCC_L12#1"": 0.0006845920610085488, ""HCP_A3#2"": 0.00221620990818263, ""HCP_A3#3"": 0.001455163013493998}",0.8,0.005,873.0
0.8,0.09,0.07,0.035,0.005,"{""BCC_B2#1"": 0.9892541744918859, ""C15_LAVES#1"": 0.0063716059825087434, ""FCC_L12#1"": 0.0006851329742331411, ""HCP_A3#2"": 0.0022261171600315315, ""HCP_A3#3"": 0.001462969391340756}",0.8,0.005,873.0
0.8,0.09,0.075,0.03,0.005,"{""BCC_B2#1"": 0.9894712640524698, ""C15_LAVES#1"": 0.00613550542494569, ""FCC_L12#1"": 0.0006856845911882266, ""HCP_A3#2"": 0.0022362105184657124, ""HCP_A3#3"": 0.0014713354129302979}",0.8,0.005,873.0
0.8,0.09,0.08,0.025,0.005,"{""BCC_B2#1"": 0.9897124612688418, ""C15_LAVES#1"": 0.005874587646307902, ""FCC_L12#1"": 0.0006862466220792035, ""HCP_A3#2"": 0.002246482716494336, ""HCP_A3#3"": 0.0014802217462767536}",0.8,0.005,873.0
0.8,0.09,0.085,0.02,0.005,"{""BCC_B2#1"": 0.9899801693176193, ""C15_LAVES#1"": 0.0055865154462913765, ""FCC_L12#1"": 0.0006868187454708072, ""HCP_A3#2"": 0.002256926990326551, ""HCP_A3#3"": 0.0014895695002921348}",0.8,0.005,873.0
0.8,0.09,0.09,0.015,0.005,"{""BCC_B2#1"": 0.9902770734332379, ""C15_LAVES#1"": 0.005268695041969137, ""FCC_L12#1"": 0.0006874006040834613, ""HCP_A3#2"": 0.0022675368718556577, ""HCP_A3#3"": 0.0014992940488540816}",0.8,0.005,873.0
0.8,0.09,0.095,0.01,0.005,"{""BCC_B2#1"": 0.9906061764014777, ""C15_LAVES#1"": 0.004918249241672181, ""FCC_L12#1"": 0.0006879918010815495, ""HCP_A3#2"": 0.0022783060229063234, ""HCP_A3#3"": 0.0015092765328622415}",0.8,0.005,873.0
0.8,0.09,0.1,0.005,0.005,"{""BCC_B2#1"": 0.9909708397994693, ""C15_LAVES#1"": 0.004531987985625996, ""FCC_L12#1"": 0.0006885918968950117, ""HCP_A3#2"": 0.002289228084669456, ""HCP_A3#3"": 0.0015193522333402701}",0.8,0.005,873.0
0.8,0.09,0.105,0.0,0.005,"{""BCC_B2#1"": 0.9913748321271274, ""C15_LAVES#1"": 0.004106376253966752, ""FCC_L12#1"": 0.0006892004065691694, ""HCP_A3#2"": 0.002300296523984637, ""HCP_A3#3"": 0.0015292946883518647}",0.8,0.005,873.0
0.8,0.095,0.0,0.1,0.005,"{""BCC_B2#1"": 0.9892067643331608, ""C15_LAVES#1"": 0.007311640506190429, ""FCC_L12#1"": 0.0006781612246524904, ""HCP_A3#2"": 0.0020985520500840633, ""ZRO2_MONO#1"": 0.000704881885912244}",0.8,0.005,873.0
0.8,0.095,0.005,0.095,0.005,"{""BCC_B2#1"": 0.9892408011077785, ""C15_LAVES#1"": 0.007269861810249335, ""FCC_L12#1"": 0.0006785349666206264, ""HCP_A3#2"": 0.0021059448515854708, ""ZRO2_MONO#1"": 0.0007048572637659862}",0.8,0.005,873.0
0.8,0.095,0.01,0.09,0.005,"{""BCC_B2#1"": 0.9892823924692713, ""C15_LAVES#1"": 0.007220273838159595, ""FCC_L12#1"": 0.0006789285417467366, ""HCP_A3#2"": 0.002113577354657402, ""ZRO2_MONO#1"": 0.0007048277961649666}",0.8,0.005,873.0
0.8,0.095,0.015,0.085,0.005,"{""BCC_B2#1"": 0.9893322518477236, ""C15_LAVES#1"": 0.007162170694970809, ""FCC_L12#1"": 0.0006793409790658569, ""HCP_A3#2"": 0.002121445996506603, ""ZRO2_MONO#1"": 0.0007047904817332778}",0.8,0.005,873.0
0.8,0.095,0.02,0.08,0.005,"{""BCC_B2#1"": 0.9893911289086795, ""C15_LAVES#1"": 0.007094809342768326, ""FCC_L12#1"": 0.0006797713630682774, ""HCP_A3#3"": 0.002129547076899232, ""ZRO2_MONO#1"": 0.000704743308584777}",0.8,0.005,873.0
0.8,0.095,0.025,0.075,0.005,"{""BCC_B2#1"": 0.9894598207147137, ""C15_LAVES#1"": 0.007017400252919355, ""FCC_L12#1"": 0.0006802188335911731, ""HCP_A3#3"": 0.0021378768269439846, ""ZRO2_MONO#1"": 0.0007046833718319309}",0.8,0.005,873.0
0.8,0.095,0.03,0.07,0.005,"{""BCC_B2#1"": 0.9895391832783095, ""C15_LAVES#1"": 0.006929097301130235, ""FCC_L12#1"": 0.0006806825837937963, ""HCP_A3#3"": 0.0021464314689674064, ""ZRO2_MONO#1"": 0.000704605367799286}",0.8,0.005,873.0
0.8,0.095,0.035,0.065,0.005,"{""BCC_B2#1"": 0.9896301392117551, ""C15_LAVES#1"": 0.006828987444984158, ""FCC_L12#1"": 0.0006811618539894738, ""HCP_A3#3"": 0.0021552072616834827, ""ZRO2_MONO#1"": 0.0007045042275876854}",0.8,0.005,873.0
0.8,0.095,0.04,0.06,0.005,"{""BCC_B2#1"": 0.9897336927056444, ""C15_LAVES#1"": 0.006716079435973285, ""FCC_L12#1"": 0.0006816559288468613, ""HCP_A3#3"": 0.0021642005540796943, ""ZRO2_MONO#1"": 0.0007043713754554477}",0.8,0.005,873.0
0.8,0.095,0.045,0.055,0.005,"{""BCC_B2#1"": 0.9898509407126758, ""C15_LAVES#1"": 0.006589292342995411, ""FCC_L12#1"": 0.0006821641310086623, ""HCP_A3#3"": 0.0021734078266749017, ""ZRO2_MONO#1"": 0.0007041949866452855}",0.8,0.005,873.0
0.8,0.095,0.05,0.05,0.005,"{""BCC_B2#1"": 0.9899830850454079, ""C15_LAVES#1"": 0.006447443284444447, ""FCC_L12#1"": 0.0006826858140967033, ""HCP_A3#3"": 0.0021828257284559026, ""ZRO2_MONO#1"": 0.000703960127595264}",0.8,0.005,873.0
0.8,0.095,0.055,0.045,0.005,"{""BCC_B2#1"": 0.9887057259397999, ""C15_LAVES#1"": 0.006975981457567416, ""FCC_L12#1"": 0.0006831116262501226, ""HCP_A3#2"": 0.0014426061514579882, ""HCP_A3#3"": 0.0021925748249247176}",0.8,0.005,873.0
0.8,0.095,0.06,0.04,0.005,"{""BCC_B2#1"": 0.9888641202812234, ""C15_LAVES#1"": 0.006800637771521315, ""FCC_L12#1"": 0.000683629556878684, ""HCP_A3#2"": 0.0014494559415516681, ""HCP_A3#3"": 0.002202156448824711}",0.8,0.005,873.0
0.8,0.095,0.065,0.035,0.005,"{""BCC_B2#1"": 0.9890412897628653, ""C15_LAVES#1"": 0.006605698843332863, ""FCC_L12#1"": 0.0006841589602002847, ""HCP_A3#2"": 0.0014569155164314315, ""HCP_A3#3"": 0.0022119369171702246}",0.8,0.005,873.0
0.8,0.095,0.07,0.03,0.005,"{""BCC_B2#1"": 0.9892390141053866, ""C15_LAVES#1"": 0.006389410281019959, ""FCC_L12#1"": 0.0006846995869753712, ""HCP_A3#2"": 0.001464969018692351, ""HCP_A3#3"": 0.0022219070079255343}",0.8,0.005,873.0
0.8,0.095,0.075,0.025,0.005,"{""BCC_B2#1"": 0.9894592845218335, ""C15_LAVES#1"": 0.006149818369443239, ""FCC_L12#1"": 0.0006852511674505039, ""HCP_A3#2"": 0.0014735873479108511, ""HCP_A3#3"": 0.0022320585933619814}",0.8,0.005,873.0
0.8,0.095,0.08,0.02,0.005,"{""BCC_B2#1"": 0.9897043274002759, ""C15_LAVES#1"": 0.005884750295535881, ""FCC_L12#1"": 0.0006858134057455878, ""HCP_A3#2"": 0.0014827246538606893, ""HCP_A3#3"": 0.002242384244582099}",0.8,0.005,873.0
0.8,0.095,0.085,0.015,0.005,"{""BCC_B2#1"": 0.9899766323177573, ""C15_LAVES#1"": 0.005591791434951595, ""FCC_L12#1"": 0.0006863859748242367, ""HCP_A3#2"": 0.0014923132982061205, ""HCP_A3#3"": 0.002252876974260672}",0.8,0.005,873.0
0.8,0.095,0.09,0.01,0.005,"{""BCC_B2#1"": 0.9902789846881952, ""C15_LAVES#1"": 0.005268259896301547, ""FCC_L12#1"": 0.0006869685120403252, ""HCP_A3#2"": 0.0015022568538914185, ""HCP_A3#3"": 0.0022635300495713337}",0.8,0.005,873.0
0.8,0.095,0.095,0.005,0.005,"{""BCC_B2#1"": 0.9906145036771145, ""C15_LAVES#1"": 0.004911178373993109, ""FCC_L12#1"": 0.0006875606153395608, ""HCP_A3#2"": 0.0015124204965051584, ""HCP_A3#3"": 0.0022743368370478022}",0.8,0.005,873.0
0.8,0.095,0.1,0.0,0.005,"{""BCC_B2#1"": 0.9909866863227498, ""C15_LAVES#1"": 0.004517243309657515, ""FCC_L12#1"": 0.0006881618401151486, ""HCP_A3#2"": 0.0015226178718656354, ""HCP_A3#3"": 0.0022852906556122435}",0.8,0.005,873.0
0.8,0.1,0.0,0.095,0.005,"{""BCC_B2#1"": 0.9891948213292413, ""C15_LAVES#1"": 0.0073282628223703475, ""FCC_L12#1"": 0.0006778210794951286, ""HCP_A3#3"": 0.0020942099041042998, ""ZRO2_MONO#1"": 0.0007048848647886015}",0.8,0.005,873.0
0.8,0.1,0.005,0.09,0.005,"{""BCC_B2#1"": 0.9892275846361807, ""C15_LAVES#1"": 0.0072876876668847585, ""FCC_L12#1"": 0.0006781895734130788, ""HCP_A3#3"": 0.002101678502284688, ""ZRO2_MONO#1"": 0.0007048596212368195}",0.8,0.005,873.0
0.8,0.1,0.01,0.085,0.005,"{""BCC_B2#1"": 0.9892681145183108, ""C15_LAVES#1"": 0.007239089799192538, ""FCC_L12#1"": 0.0006785790140295696, ""HCP_A3#3"": 0.002109388668079617, ""ZRO2_MONO#1"": 0.0007048280003876797}",0.8,0.005,873.0
0.8,0.1,0.015,0.08,0.005,"{""BCC_B2#1"": 0.9893171462977783, ""C15_LAVES#1"": 0.007181740765425814, ""FCC_L12#1"": 0.0006789882778301698, ""HCP_A3#3"": 0.0021173363398699243, ""ZRO2_MONO#1"": 0.000704788319095689}",0.8,0.005,873.0
0.8,0.1,0.02,0.075,0.005,"{""BCC_B2#1"": 0.9893754520718827, ""C15_LAVES#1"": 0.00711487636285903, ""FCC_L12#1"": 0.0006794163164855616, ""HCP_A3#3"": 0.002125517322397681, ""ZRO2_MONO#1"": 0.0007047379263749022}",0.8,0.005,873.0
0.8,0.1,0.025,0.07,0.005,"{""BCC_B2#1"": 0.9894438518693386, ""C15_LAVES#1"": 0.007037686497987667, ""FCC_L12#1"": 0.0006798621545706638, ""HCP_A3#3"": 0.0021339273574563587, ""ZRO2_MONO#1"": 0.0007046721206465265}",0.8,0.005,873.0
0.8,0.1,0.03,0.065,0.005,"{""BCC_B2#1"": 0.989523221529933, ""C15_LAVES#1"": 0.006949304244771894, ""FCC_L12#1"": 0.0006803248827192341, ""HCP_A3#3"": 0.002142562175569467, ""ZRO2_MONO#1"": 0.0007045871670063473}",0.8,0.005,873.0
0.8,0.1,0.035,0.06,0.005,"{""BCC_B2#1"": 0.9896145094730262, ""C15_LAVES#1"": 0.006848794532593669, ""FCC_L12#1"": 0.000680803655273791, ""HCP_A3#3"": 0.0021514175585937265, ""ZRO2_MONO#1"": 0.000704474780512688}",0.8,0.005,873.0
0.8,0.1,0.04,0.055,0.005,"{""BCC_B2#1"": 0.9897187439541306, ""C15_LAVES#1"": 0.006735142454690785, ""FCC_L12#1"": 0.000681297680143604, ""HCP_A3#3"": 0.002160489375577232, ""ZRO2_MONO#1"": 0.0007043265354578328}",0.8,0.005,873.0
0.8,0.1,0.045,0.05,0.005,"{""BCC_B2#1"": 0.9898370516393189, ""C15_LAVES#1"": 0.0066072407066896655, ""FCC_L12#1"": 0.00068180621510758, ""HCP_A3#3"": 0.002169773635926847, ""ZRO2_MONO#1"": 0.0007041278029568694}",0.8,0.005,873.0
0.8,0.1,0.05,0.045,0.005,"{""BCC_B2#1"": 0.989970666539121, ""C15_LAVES#1"": 0.006463877185497746, ""FCC_L12#1"": 0.0006823285568346165, ""HCP_A3#2"": 0.0021792665172099355, ""ZRO2_MONO#1"": 0.0007038612013365087}",0.8,0.005,873.0
0.8,0.1,0.055,0.04,0.005,"{""BCC_B2#1"": 0.9886930651473834, ""C15_LAVES#1"": 0.006991335305014412, ""FCC_L12#1"": 0.0006827373842112044, ""HCP_A3#2"": 0.002188916967993062, ""HCP_A3#3"": 0.001443945195397573}",0.8,0.005,873.0
0.8,0.1,0.06,0.035,0.005,"{""BCC_B2#1"": 0.9888536235395947, ""C15_LAVES#1"": 0.006813514360516095, ""FCC_L12#1"": 0.0006832545488165127, ""HCP_A3#2"": 0.0021985759536134776, ""HCP_A3#3"": 0.0014510315974589011}",0.8,0.005,873.0
0.8,0.1,0.065,0.03,0.005,"{""BCC_B2#1"": 0.9890334769920393, ""C15_LAVES#1"": 0.0066155683131668055, ""FCC_L12#1"": 0.0006837834268718835, ""HCP_A3#2"": 0.0022084296220889134, ""HCP_A3#3"": 0.0014587416458332614}",0.8,0.005,873.0
0.8,0.1,0.07,0.025,0.005,"{""BCC_B2#1"": 0.9892344668669324, ""C15_LAVES#1"": 0.006395685198769245, ""FCC_L12#1"": 0.0006843237603724732, ""HCP_A3#2"": 0.002218468726816843, ""HCP_A3#3"": 0.0014670554471089053}",0.8,0.005,873.0
0.8,0.1,0.075,0.02,0.005,"{""BCC_B2#1"": 0.9894586550898176, ""C15_LAVES#1"": 0.006151846080678913, ""FCC_L12#1"": 0.0006848752721992172, ""HCP_A3#2"": 0.0022286849904315387, ""HCP_A3#3"": 0.001475938566872525}",0.8,0.005,873.0
0.8,0.1,0.08,0.015,0.005,"{""BCC_B2#1"": 0.9897083495552205, ""C15_LAVES#1"": 0.005881804024635118, ""FCC_L12#1"": 0.0006854376600190645, ""HCP_A3#2"": 0.0022390707581909797, ""HCP_A3#3"": 0.0014853380019345106}",0.8,0.005,873.0
0.8,0.1,0.085,0.01,0.005,"{""BCC_B2#1"": 0.9899861340550238, ""C15_LAVES#1"": 0.005583060128543643, ""FCC_L12#1"": 0.0006860105908721631, ""HCP_A3#2"": 0.002249618768584331, ""HCP_A3#3"": 0.0014951764569759495}",0.8,0.005,873.0
0.8,0.1,0.09,0.005,0.005,"{""BCC_B2#1"": 0.9902949031279906, ""C15_LAVES#1"": 0.005252836767585388, ""FCC_L12#1"": 0.0006865936965441359, ""HCP_A3#2"": 0.002260321981509691, ""HCP_A3#3"": 0.0015053444263700224}",0.8,0.005,873.0
0.8,0.1,0.095,0.0,0.005,"{""BCC_B2#1"": 0.9906379025644866, ""C15_LAVES#1"": 0.004888048090252673, ""FCC_L12#1"": 0.0006871865697112839, ""HCP_A3#2"": 0.002271173430050473, ""HCP_A3#3"": 0.0015156893454990822}",0.8,0.005,873.0
0.8,0.105,0.0,0.09,0.005,"{""BCC_B2#1"": 0.9891869366462598, ""C15_LAVES#1"": 0.007340197422852844, ""FCC_L12#1"": 0.0006775293815904903, ""HCP_A3#2"": 0.002090450553020261, ""ZRO2_MONO#1"": 0.0007048859962766876}",0.8,0.005,873.0
0.8,0.105,0.005,0.085,0.005,"{""BCC_B2#1"": 0.9892186540072373, ""C15_LAVES#1"": 0.007300593133361299, ""FCC_L12#1"": 0.0006778929217719104, ""HCP_A3#2"": 0.0020980005116832423, ""ZRO2_MONO#1"": 0.0007048594259467493}",0.8,0.005,873.0
0.8,0.105,0.01,0.08,0.005,"{""BCC_B2#1"": 0.9892583675392028, ""C15_LAVES#1"": 0.007252733697885014, ""FCC_L12#1"": 0.0006782785302294461, ""HCP_A3#2"": 0.002105794138923788, ""ZRO2_MONO#1"": 0.0007048260937589495}",0.8,0.005,873.0
0.8,0.105,0.015,0.075,0.005,"{""BCC_B2#1"": 0.9893068386413608, ""C15_LAVES#1"": 0.007195866172742541, ""FCC_L12#1"": 0.0006786849218476642, ""HCP_A3#2"": 0.002113826861474506, ""ZRO2_MONO#1"": 0.0007047834025746394}",0.8,0.005,873.0
0.8,0.105,0.02,0.07,0.005,"{""BCC_B2#1"": 0.989364863608895, ""C15_LAVES#1"": 0.007129203585045637, ""FCC_L12#1"": 0.000679110907471486, ""HCP_A3#2"": 0.0021220939761878626, ""ZRO2_MONO#1"": 0.0007047279224000445}",0.8,0.005,873.0
0.8,0.105,0.025,0.065,0.005,"{""BCC_B2#1"": 0.9894332839275428, ""C15_LAVES#1"": 0.007051913615109251, ""FCC_L12#1"": 0.0006795553881332705, ""HCP_A3#2"": 0.0021305907195882665, ""ZRO2_MONO#1"": 0.0007046563496262003}",0.8,0.005,873.0
0.8,0.105,0.03,0.06,0.005,"{""BCC_B2#1"": 0.9895130014559331, ""C15_LAVES#1"": 0.006963106722781732, ""FCC_L12#1"": 0.0006800173504224502, ""HCP_A3#2"": 0.0021393123341028122, ""ZRO2_MONO#1"": 0.0007045621367600931}",0.8,0.005,873.0
0.8,0.105,0.035,0.055,0.005,"{""BCC_B2#1"": 0.9896049895792939, ""C15_LAVES#1"": 0.006861823927983524, ""FCC_L12#1"": 0.0006804958575440533, ""HCP_A3#2"": 0.002148254116349717, ""ZRO2_MONO#1"": 0.0007044365188284123}",0.8,0.005,873.0
0.8,0.105,0.04,0.05,0.005,"{""BCC_B2#1"": 0.9897103049973148, ""C15_LAVES#1"": 0.006747024311047199, ""FCC_L12#1"": 0.000680990039661436, ""HCP_A3#2"": 0.002157411459630754, ""ZRO2_MONO#1"": 0.0007042691923457124}",0.8,0.005,873.0
0.8,0.105,0.045,0.045,0.005,"{""BCC_B2#1"": 0.989830105184732, ""C15_LAVES#1"": 0.006617571930498902, ""FCC_L12#1"": 0.0006814990870937679, ""HCP_A3#2"": 0.0021667799016400102, ""ZRO2_MONO#1"": 0.0007040438960351645}",0.8,0.005,873.0
0.8,0.105,0.05,0.04,0.005,"{""BCC_B2#1"": 0.9899656601332257, ""C15_LAVES#1"": 0.006472222713296318, ""FCC_L12#1"": 0.0006820222388942692, ""HCP_A3#2"": 0.0021763551539934574, ""ZRO2_MONO#1"": 0.0007037397605900884}",0.8,0.005,873.0
0.8,0.105,0.055,0.035,0.005,"{""BCC_B2#1"": 0.9886883406732361, ""C15_LAVES#1"": 0.006997982618232076, ""FCC_L12#1"": 0.000682414226451885, ""HCP_A3#2"": 0.002185925385714558, ""HCP_A3#3"": 0.0014453370963655413}",0.8,0.005,873.0
0.8,0.105,0.06,0.03,0.005,"{""BCC_B2#1"": 0.9888515989286889, ""C15_LAVES#1"": 0.0068171297146246415, ""FCC_L12#1"": 0.0006829306973523074, ""HCP_A3#2"": 0.0021956668765944327, ""HCP_A3#3"": 0.0014526737827396923}",0.8,0.005,873.0
0.8,0.105,0.065,0.025,0.005,"{""BCC_B2#1"": 0.9890347218071757, ""C15_LAVES#1"": 0.00661557181928931, ""FCC_L12#1"": 0.0006834590972849363, ""HCP_A3#2"": 0.002205599247666866, ""HCP_A3#3"": 0.0014606480285835222}",0.8,0.005,873.0
0.8,0.105,0.07,0.02,0.005,"{""BCC_B2#1"": 0.9892396175350209, ""C15_LAVES#1"": 0.006391434577990328, ""FCC_L12#1"": 0.0006839991594573898, ""HCP_A3#2"": 0.00221571313471928, ""HCP_A3#3"": 0.0014692355928120886}",0.8,0.005,873.0
0.8,0.105,0.075,0.015,0.005,"{""BCC_B2#1"": 0.9894684248216203, ""C15_LAVES#1"": 0.00614262831726895, ""FCC_L12#1"": 0.0006845505993892393, ""HCP_A3#2"": 0.002226000043365779, ""HCP_A3#3"": 0.0014783962183554816}",0.8,0.005,873.0
0.8,0.105,0.08,0.01,0.005,"{""BCC_B2#1"": 0.9897235400631309, ""C15_LAVES#1"": 0.005866825753825091, ""FCC_L12#1"": 0.0006851131082692133, ""HCP_A3#2"": 0.002236452041457045, ""HCP_A3#3"": 0.0014880690333177425}",0.8,0.005,873.0
0.8,0.105,0.085,0.005,0.005,"{""BCC_B2#1"": 0.9900076492938218, ""C15_LAVES#1"": 0.005561436739041402, ""FCC_L12#1"": 0.0006856863472595217, ""HCP_A3#2"": 0.0022470615514151946, ""HCP_A3#3"": 0.0014981660684620578}",0.8,0.005,873.0
0.8,0.105,0.09,0.0,0.005,"{""BCC_B2#1"": 0.9903237653811718, ""C15_LAVES#1"": 0.005223580169716329, ""FCC_L12#1"": 0.0006862699427106411, ""HCP_A3#2"": 0.0022578211894824455, ""HCP_A3#3"": 0.001508563316918923}",0.8,0.005,873.0
0.8,0.11,0.0,0.085,0.005,"{""BCC_B2#1"": 0.9891826828490536, ""C15_LAVES#1"": 0.007347942818419263, ""FCC_L12#1"": 0.0006772801779830881, ""HCP_A3#2"": 0.0020872090490460663, ""ZRO2_MONO#1"": 0.0007048851054979604}",0.8,0.005,873.0
0.8,0.11,0.005,0.08,0.005,"{""BCC_B2#1"": 0.9892135655557301, ""C15_LAVES#1"": 0.007309092807829004, ""FCC_L12#1"": 0.000677639137843242, ""HCP_A3#2"": 0.0020948453952846367, ""ZRO2_MONO#1"": 0.0007048571033129089}",0.8,0.005,873.0
0.8,0.11,0.01,0.075,0.005,"{""BCC_B2#1"": 0.9892526928752532, ""C15_LAVES#1"": 0.007261736852738527, ""FCC_L12#1"": 0.0006780212851658109, ""HCP_A3#2"": 0.002102727753436415, ""ZRO2_MONO#1"": 0.0007048212334061723}",0.8,0.005,873.0
0.8,0.11,0.015,0.07,0.005,"{""BCC_B2#1"": 0.9893008534476442, ""C15_LAVES#1"": 0.007205095915077211, ""FCC_L12#1"": 0.0006784251639139018, ""HCP_A3#2"": 0.0021108510158455765, ""ZRO2_MONO#1"": 0.0007047744575193173}",0.8,0.005,873.0
0.8,0.11,0.02,0.065,0.005,"{""BCC_B2#1"": 0.9893588678297481, ""C15_LAVES#1"": 0.0071383585759848085, ""FCC_L12#1"": 0.0006788494363905312, ""HCP_A3#3"": 0.0021192099510007143, ""ZRO2_MONO#1"": 0.0007047142068758449}",0.8,0.005,873.0
0.8,0.11,0.025,0.06,0.005,"{""BCC_B2#1"": 0.989427604983027, ""C15_LAVES#1"": 0.007060668651700437, ""FCC_L12#1"": 0.0006792928783730672, ""HCP_A3#3"": 0.0021277992868914725, ""ZRO2_MONO#1"": 0.0007046342000078963}",0.8,0.005,873.0
0.8,0.11,0.03,0.055,0.005,"{""BCC_B2#1"": 0.9895079907086599, ""C15_LAVES#1"": 0.006971112248078008, ""FCC_L12#1"": 0.0006797543665408283, ""HCP_A3#3"": 0.0021366137609715578, ""ZRO2_MONO#1"": 0.000704528915749499}",0.8,0.005,873.0
0.8,0.11,0.035,0.05,0.005,"{""BCC_B2#1"": 0.9896010264476541, ""C15_LAVES#1"": 0.006868704579410637, ""FCC_L12#1"": 0.0006802328715819569, ""HCP_A3#3"": 0.0021456481815502215, ""ZRO2_MONO#1"": 0.0007043879198030293}",0.8,0.005,873.0
0.8,0.11,0.04,0.045,0.005,"{""BCC_B2#1"": 0.9897078003990654, ""C15_LAVES#1"": 0.006752376621792854, ""FCC_L12#1"": 0.0006807274451530005, ""HCP_A3#3"": 0.0021548974651133994, ""ZRO2_MONO#1"": 0.0007041980688751805}",0.8,0.005,873.0
0.8,0.11,0.045,0.04,0.005,"{""BCC_B2#1"": 0.9898295026049446, ""C15_LAVES#1"": 0.006620961462714759, ""FCC_L12#1"": 0.0006812372087589108, ""HCP_A3#3"": 0.0021643566750664547, ""ZRO2_MONO#1"": 0.0007039420485156826}",0.8,0.005,873.0
0.8,0.11,0.05,0.035,0.005,"{""BCC_B2#1"": 0.989343725801828, ""C15_LAVES#1"": 0.006774488660374235, ""FCC_L12#1"": 0.0006817029684285552, ""HCP_A3#2"": 0.0006304681958672057, ""HCP_A3#3"": 0.0021739487657071056, ""ZRO2_MONO#1"": 0.0003956656077951613}",0.8,0.005,873.0
0.8,0.11,0.055,0.03,0.005,"{""BCC_B2#1"": 0.9886908863562495, ""C15_LAVES#1"": 0.006996663428551608, ""FCC_L12#1"": 0.0006821366252986944, ""HCP_A3#2"": 0.0014467872367996222, ""HCP_A3#3"": 0.0021835263531006428}",0.8,0.005,873.0
0.8,0.11,0.06,0.025,0.005,"{""BCC_B2#1"": 0.9888573553248957, ""C15_LAVES#1"": 0.006812248618534221, ""FCC_L12#1"": 0.0006826524949680546, ""HCP_A3#2"": 0.0014543882567764816, ""HCP_A3#3"": 0.0021933553048252103}",0.8,0.005,873.0
0.8,0.11,0.065,0.02,0.005,"{""BCC_B2#1"": 0.989044307113547, ""C15_LAVES#1"": 0.006606499957428652, ""FCC_L12#1"": 0.0006831804834818908, ""HCP_A3#2"": 0.001462640843882128, ""HCP_A3#3"": 0.0022033716016603825}",0.8,0.005,873.0
0.8,0.11,0.07,0.015,0.005,"{""BCC_B2#1"": 0.9892537221978802, ""C15_LAVES#1"": 0.006377475753112475, ""FCC_L12#1"": 0.0006837203156608792, ""HCP_A3#2"": 0.0014715160459823056, ""HCP_A3#3"": 0.0022135656873640904}",0.8,0.005,873.0
0.8,0.11,0.075,0.01,0.005,"{""BCC_B2#1"": 0.9894878223172792, ""C15_LAVES#1"": 0.006123009956245912, ""FCC_L12#1"": 0.0006842716999873003, ""HCP_A3#2"": 0.0014809672307521055, ""HCP_A3#3"": 0.002223928795735813}",0.8,0.005,873.0
0.8,0.11,0.08,0.005,0.005,"{""BCC_B2#1"": 0.9897490995640055, ""C15_LAVES#1"": 0.005840688582250253, ""FCC_L12#1"": 0.0006848343215155604, ""HCP_A3#2"": 0.0014909248578466538, ""HCP_A3#3"": 0.0022344526743818243}",0.8,0.005,873.0
0.8,0.11,0.085,0.0,0.005,"{""BCC_B2#1"": 0.9900403504785809, ""C15_LAVES#1"": 0.005527823138305404, ""FCC_L12#1"": 0.000685407835883234, ""HCP_A3#2"": 0.0015012891534400819, ""HCP_A3#3"": 0.0022451293937904146}",0.8,0.005,873.0
0.8,0.115,0.0,0.08,0.005,"{""BCC_B2#1"": 0.9891817051401989, ""C15_LAVES#1"": 0.007351913559162733, ""FCC_L12#1"": 0.00067706837367852, ""HCP_A3#3"": 0.002084430033093045, ""ZRO2_MONO#1"": 0.0007048828938667197}",0.8,0.005,873.0
0.8,0.115,0.005,0.075,0.005,"{""BCC_B2#1"": 0.9892119521471708, ""C15_LAVES#1"": 0.00731361454184992, ""FCC_L12#1"": 0.00067742319362725, ""HCP_A3#3"": 0.002092157362513708, ""ZRO2_MONO#1"": 0.00070485275483828}",0.8,0.005,873.0
0.8,0.115,0.01,0.07,0.005,"{""BCC_B2#1"": 0.9892507095326953, ""C15_LAVES#1"": 0.007266541185274483, ""FCC_L12#1"": 0.0006778023060678214, ""HCP_A3#3"": 0.0021001332954083203, ""ZRO2_MONO#1"": 0.0007048136805539429}",0.8,0.005,873.0
0.8,0.115,0.015,0.065,0.005,"{""BCC_B2#1"": 0.989298794625423, ""C15_LAVES#1"": 0.007209886448112937, ""FCC_L12#1"": 0.0006782040764426371, ""HCP_A3#2"": 0.0021083521623935716, ""ZRO2_MONO#1"": 0.0007047626876275531}",0.8,0.005,873.0
0.8,0.115,0.02,0.06,0.005,"{""BCC_B2#1"": 0.9893570558884384, ""C15_LAVES#1"": 0.007142812981355636, ""FCC_L12#1"": 0.0006786270149152228, ""HCP_A3#3"": 0.002116808187398098, ""ZRO2_MONO#1"": 0.0007046959278924924}",0.8,0.005,873.0
0.8,0.115,0.025,0.055,0.005,"{""BCC_B2#1"": 0.9894263891593565, ""C15_LAVES#1"": 0.007064439177521456, ""FCC_L12#1"": 0.000679069767205399, ""HCP_A3#3"": 0.0021254955694558196, ""ZRO2_MONO#1"": 0.000704606326460701}",0.8,0.005,873.0
0.8,0.115,0.03,0.05,0.005,"{""BCC_B2#1"": 0.9895077473571323, ""C15_LAVES#1"": 0.006973825064613512, ""FCC_L12#1"": 0.0006795310990434452, ""HCP_A3#3"": 0.002134408532429994, ""ZRO2_MONO#1"": 0.0007044879467805357}",0.8,0.005,873.0
0.8,0.115,0.035,0.045,0.005,"{""BCC_B2#1"": 0.9896021620767795, ""C15_LAVES#1"": 0.006869958259245875, ""FCC_L12#1"": 0.0006800098876971209, ""HCP_A3#3"": 0.0021435413885962933, ""ZRO2_MONO#1"": 0.0007043283876808729}",0.8,0.005,873.0
0.8,0.115,0.04,0.04,0.005,"{""BCC_B2#1"": 0.9897107541062858, ""C15_LAVES#1"": 0.006751739514448813, ""FCC_L12#1"": 0.0006805051050849258, ""HCP_A3#3"": 0.0021528885694956593, ""ZRO2_MONO#1"": 0.0007041127046846654}",0.8,0.005,873.0
0.8,0.115,0.045,0.035,0.005,"{""BCC_B2#1"": 0.989834751785396, ""C15_LAVES#1"": 0.006617968525203637, ""FCC_L12#1"": 0.000681015806000564, ""HCP_A3#3"": 0.0021624446671480125, ""ZRO2_MONO#1"": 0.0007038192162519464}",0.8,0.005,873.0
0.8,0.115,0.05,0.03,0.005,"{""BCC_B2#1"": 0.9885493015846433, ""C15_LAVES#1"": 0.007156264957634877, ""FCC_L12#1"": 0.0006813969856882, ""HCP_A3#2"": 0.0014411049685088082, ""HCP_A3#3"": 0.0021719315035246883}",0.8,0.005,873.0
0.8,0.115,0.055,0.025,0.005,"{""BCC_B2#1"": 0.988700154805452, ""C15_LAVES#1"": 0.0069879870519262925, ""FCC_L12#1"": 0.0006818997997099016, ""HCP_A3#2"": 0.0014483005879542563, ""HCP_A3#3"": 0.002181657754957491}",0.8,0.005,873.0
0.8,0.115,0.06,0.02,0.005,"{""BCC_B2#1"": 0.9888703257030084, ""C15_LAVES#1"": 0.006799499670813465, ""FCC_L12#1"": 0.0006824151727307238, ""HCP_A3#2"": 0.0014561805003840596, ""HCP_A3#3"": 0.002191578953063346}",0.8,0.005,873.0
0.8,0.115,0.065,0.015,0.005,"{""BCC_B2#1"": 0.9890616456778168, ""C15_LAVES#1"": 0.00658900122243632, ""FCC_L12#1"": 0.0006829428282242617, ""HCP_A3#2"": 0.0014647261130813244, ""HCP_A3#3"": 0.0022016841584407624}",0.8,0.005,873.0
0.8,0.115,0.07,0.01,0.005,"{""BCC_B2#1"": 0.9892761730100333, ""C15_LAVES#1"": 0.006354477595567846, ""FCC_L12#1"": 0.0006834824833684531, ""HCP_A3#2"": 0.0014739033492170417, ""HCP_A3#3"": 0.002211963561813397}",0.8,0.005,873.0
0.8,0.115,0.075,0.005,0.005,"{""BCC_B2#1"": 0.9895162189028833, ""C15_LAVES#1"": 0.006093680593994286, ""FCC_L12#1"": 0.0006840338402736958, ""HCP_A3#2"": 0.0014836585834472206, ""HCP_A3#3"": 0.002222408079401429}",0.8,0.005,873.0
0.8,0.115,0.08,0.0,0.005,"{""BCC_B2#1"": 0.9897843785564779, ""C15_LAVES#1"": 0.005804103044168605, ""FCC_L12#1"": 0.0006845965784790042, ""HCP_A3#2"": 0.0014939127190632163, ""HCP_A3#3"": 0.0022330091018110637}",0.8,0.005,873.0
0.8,0.12,0.0,0.075,0.005,"{""BCC_B2#1"": 0.9891837085283098, ""C15_LAVES#1"": 0.007352456859639054, ""FCC_L12#1"": 0.0006768896026215245, ""HCP_A3#3"": 0.0020820659577312946, ""ZRO2_MONO#1"": 0.0007048790516982447}",0.8,0.005,873.0
0.8,0.12,0.005,0.07,0.005,"{""BCC_B2#1"": 0.989213507530133, ""C15_LAVES#1"": 0.007314516937219159, ""FCC_L12#1"": 0.0006772407766894869, ""HCP_A3#3"": 0.0020898885200543705, ""ZRO2_MONO#1"": 0.000704846235904226}",0.8,0.005,873.0
0.8,0.12,0.01,0.065,0.005,"{""BCC_B2#1"": 0.9892521002888894, ""C15_LAVES#1"": 0.007267516780295316, ""FCC_L12#1"": 0.0006776173239818488, ""HCP_A3#3"": 0.0020979625363610325, ""ZRO2_MONO#1"": 0.0007048030704722548}",0.8,0.005,873.0
0.8,0.12,0.015,0.06,0.005,"{""BCC_B2#1"": 0.9893003339055838, ""C15_LAVES#1"": 0.007210619952879713, ""FCC_L12#1"": 0.0006780174255810528, ""HCP_A3#2"": 0.002106281744137136, ""ZRO2_MONO#1"": 0.0007047469718184129}",0.8,0.005,873.0
0.8,0.12,0.02,0.055,0.005,"{""BCC_B2#1"": 0.9893590870473067, ""C15_LAVES#1"": 0.007142961567568236, ""FCC_L12#1"": 0.0006784394364795881, ""HCP_A3#3"": 0.002114839799676726, ""ZRO2_MONO#1"": 0.000704672148968843}",0.8,0.005,873.0
0.8,0.12,0.025,0.05,0.005,"{""BCC_B2#1"": 0.9894292821399275, ""C15_LAVES#1"": 0.007063633072897468, ""FCC_L12#1"": 0.0006788818691411022, ""HCP_A3#3"": 0.0021236303502213364, ""ZRO2_MONO#1"": 0.0007045725678122473}",0.8,0.005,873.0
0.8,0.12,0.03,0.045,0.005,"{""BCC_B2#1"": 0.9895119043674694, ""C15_LAVES#1"": 0.006971666768961838, ""FCC_L12#1"": 0.0006793433798817885, ""HCP_A3#3"": 0.0021326470990047277, ""ZRO2_MONO#1"": 0.0007044383846821253}",0.8,0.005,873.0
0.8,0.12,0.035,0.04,0.005,"{""BCC_B2#1"": 0.9896080159413384, ""C15_LAVES#1"": 0.006866020710369436, ""FCC_L12#1"": 0.0006798227514206338, ""HCP_A3#3"": 0.002141883848074638, ""ZRO2_MONO#1"": 0.0007042567487966921}",0.8,0.005,873.0
0.8,0.12,0.04,0.035,0.005,"{""BCC_B2#1"": 0.9897187726696788, ""C15_LAVES#1"": 0.006745563496806575, ""FCC_L12#1"": 0.0006803188765738362, ""HCP_A3#3"": 0.0021513345366996513, ""ZRO2_MONO#1"": 0.0007040104202412736}",0.8,0.005,873.0
0.8,0.12,0.045,0.03,0.005,"{""BCC_B2#1"": 0.9898454423486182, ""C15_LAVES#1"": 0.006609059054221386, ""FCC_L12#1"": 0.0006808307430788148, ""HCP_A3#3"": 0.0021609932760403208, ""ZRO2_MONO#1"": 0.0007036745780411267}",0.8,0.005,873.0
0.8,0.12,0.05,0.025,0.005,"{""BCC_B2#1"": 0.9885613038117471, ""C15_LAVES#1"": 0.007144647552811575, ""FCC_L12#1"": 0.0006811973131196016, ""HCP_A3#2"": 0.0014424105907454886, ""HCP_A3#3"": 0.0021704407315760134}",0.8,0.005,873.0
0.8,0.12,0.055,0.02,0.005,"{""BCC_B2#1"": 0.988715693640911, ""C15_LAVES#1"": 0.0069724579730311015, ""FCC_L12#1"": 0.0006816995948773618, ""HCP_A3#2"": 0.0014498819377528733, ""HCP_A3#3"": 0.002180266853427485}",0.8,0.005,873.0
0.8,0.12,0.06,0.015,0.005,"{""BCC_B2#1"": 0.9888900423987761, ""C15_LAVES#1"": 0.006779402150131549, ""FCC_L12#1"": 0.0006822145812324901, ""HCP_A3#2"": 0.0014580559306176936, ""HCP_A3#3"": 0.0021902849392419774}",0.8,0.005,873.0
0.8,0.12,0.065,0.01,0.005,"{""BCC_B2#1"": 0.9890862543333993, ""C15_LAVES#1"": 0.00656360993625187, ""FCC_L12#1"": 0.0006827419872930808, ""HCP_A3#2"": 0.0014669099067168485, ""HCP_A3#3"": 0.002200483836338893}",0.8,0.005,873.0
0.8,0.12,0.07,0.005,0.005,"{""BCC_B2#1"": 0.9893064712627512, ""C15_LAVES#1"": 0.00632298958154206, ""FCC_L12#1"": 0.0006832815236415173, ""HCP_A3#2"": 0.0014764042008780906, ""HCP_A3#3"": 0.002210853431187191}",0.8,0.005,873.0
0.8,0.12,0.075,0.0,0.005,"{""BCC_B2#1"": 0.9895531004887465, ""C15_LAVES#1"": 0.006055204831568213, ""FCC_L12#1"": 0.0006838328869575716, ""HCP_A3#2"": 0.0014864775096415604, ""HCP_A3#3"": 0.002221384283086475}",0.8,0.005,873.0
0.8,0.125,0.0,0.07,0.005,"{""BCC_B2#1"": 0.9891884451121777, ""C15_LAVES#1"": 0.007349865542268994, ""FCC_L12#1"": 0.0006767401179123901, ""HCP_A3#3"": 0.002080075693555468, ""ZRO2_MONO#1"": 0.0007048735340854952}",0.8,0.005,873.0
0.8,0.125,0.005,0.065,0.005,"{""BCC_B2#1"": 0.9892179742176075, ""C15_LAVES#1"": 0.007312102272902788, ""FCC_L12#1"": 0.0006770881812916959, ""HCP_A3#3"": 0.0020879974669395025, ""ZRO2_MONO#1"": 0.0007048378612585974}",0.8,0.005,873.0
0.8,0.125,0.01,0.06,0.005,"{""BCC_B2#1"": 0.9892565975048001, ""C15_LAVES#1"": 0.007264975866750525, ""FCC_L12#1"": 0.0006774626647737917, ""HCP_A3#3"": 0.002096173815329695, ""ZRO2_MONO#1"": 0.0007047901483457634}",0.8,0.005,873.0
0.8,0.125,0.015,0.055,0.005,"{""BCC_B2#1"": 0.9893051942241087, ""C15_LAVES#1"": 0.007207618753308907, ""FCC_L12#1"": 0.0006778615616575664, ""HCP_A3#3"": 0.002104597849063361, ""ZRO2_MONO#1"": 0.0007047276118616842}",0.8,0.005,873.0
0.8,0.125,0.02,0.05,0.005,"{""BCC_B2#1"": 0.9893646735501194, ""C15_LAVES#1"": 0.007139137076905953, ""FCC_L12#1"": 0.000678283068980322, ""HCP_A3#2"": 0.0021132626262736695, ""ZRO2_MONO#1"": 0.0007046436777207074}",0.8,0.005,873.0
0.8,0.125,0.025,0.045,0.005,"{""BCC_B2#1"": 0.9894359891425759, ""C15_LAVES#1"": 0.007058593760423998, ""FCC_L12#1"": 0.0006787255673853199, ""HCP_A3#2"": 0.002122161226901256, ""ZRO2_MONO#1"": 0.0007045303027135447}",0.8,0.005,873.0
0.8,0.125,0.03,0.04,0.005,"{""BCC_B2#1"": 0.9895201550449351, ""C15_LAVES#1"": 0.006964991903939961, ""FCC_L12#1"": 0.0006791876006615826, ""HCP_A3#2"": 0.0021312868061150454, ""ZRO2_MONO#1"": 0.0007043786443484303}",0.8,0.005,873.0
0.8,0.125,0.035,0.035,0.005,"{""BCC_B2#1"": 0.9896182695107046, ""C15_LAVES#1"": 0.006857258101561312, ""FCC_L12#1"": 0.0006796678601848478, ""HCP_A3#2"": 0.0021406326498682217, ""ZRO2_MONO#1"": 0.0007041718776808965}",0.8,0.005,873.0
0.8,0.125,0.04,0.03,0.005,"{""BCC_B2#1"": 0.9897315268230029, ""C15_LAVES#1"": 0.006734226664607846, ""FCC_L12#1"": 0.000680165161636065, ""HCP_A3#2"": 0.00215019219723686, ""ZRO2_MONO#1"": 0.0007038891535163277}",0.8,0.005,873.0
0.8,0.125,0.045,0.025,0.005,"{""BCC_B2#1"": 0.9898612357702782, ""C15_LAVES#1"": 0.006594623650342745, ""FCC_L12#1"": 0.0006806784263313644, ""HCP_A3#2"": 0.0021599590681464684, ""ZRO2_MONO#1"": 0.0007035030849011196}",0.8,0.005,873.0
0.8,0.125,0.05,0.02,0.005,"{""BCC_B2#1"": 0.9885787793873401, ""C15_LAVES#1"": 0.007127038357299924, ""FCC_L12#1"": 0.0006810304966114514, ""HCP_A3#2"": 0.0021693782082167247, ""HCP_A3#3"": 0.0014437735505317157}",0.8,0.005,873.0
0.8,0.125,0.055,0.015,0.005,"{""BCC_B2#1"": 0.988737127209291, ""C15_LAVES#1"": 0.006950495783225227, ""FCC_L12#1"": 0.0006815323838256718, ""HCP_A3#2"": 0.002179308569241551, ""HCP_A3#3"": 0.0014515360544165282}",0.8,0.005,873.0
0.8,0.125,0.06,0.01,0.005,"{""BCC_B2#1"": 0.9889161180503024, ""C15_LAVES#1"": 0.006752386728303722, ""FCC_L12#1"": 0.000682047093346795, ""HCP_A3#2"": 0.002189428069096568, ""HCP_A3#3"": 0.001460020058950291}",0.8,0.005,873.0
0.8,0.125,0.065,0.005,0.005,"{""BCC_B2#1"": 0.9891177340853432, ""C15_LAVES#1"": 0.006530767798278789, ""FCC_L12#1"": 0.0006825743334091653, ""HCP_A3#2"": 0.002199725281598041, ""HCP_A3#3"": 0.0014691985013709258}",0.8,0.005,873.0
0.8,0.125,0.07,0.0,0.005,"{""BCC_B2#1"": 0.9893442065907131, ""C15_LAVES#1"": 0.006283464241069868, ""FCC_L12#1"": 0.0006831138093038612, ""HCP_A3#2"": 0.002210189744840215, ""HCP_A3#3"": 0.001479025614073137}",0.8,0.005,873.0
0.8,0.13,0.0,0.065,0.005,"{""BCC_B2#1"": 0.9891957055490266, ""C15_LAVES#1"": 0.007344388052110717, ""FCC_L12#1"": 0.0006766167003879456, ""HCP_A3#2"": 0.002078423433678626, ""ZRO2_MONO#1"": 0.0007048662647961896}",0.8,0.005,873.0
0.8,0.13,0.005,0.06,0.005,"{""BCC_B2#1"": 0.9892251362989273, ""C15_LAVES#1"": 0.007306627081617497, ""FCC_L12#1"": 0.0006769622189594676, ""HCP_A3#2"": 0.0020864481929947654, ""ZRO2_MONO#1"": 0.0007048262075010301}",0.8,0.005,873.0
0.8,0.13,0.01,0.055,0.005,"{""BCC_B2#1"": 0.9892639769271062, ""C15_LAVES#1"": 0.0072591832216396274, ""FCC_L12#1"": 0.0006773351611920592, ""HCP_A3#3"": 0.002094730928151834, ""ZRO2_MONO#1"": 0.000704773761910523}",0.8,0.005,873.0
0.8,0.13,0.015,0.05,0.005,"{""BCC_B2#1"": 0.9893131428423958, ""C15_LAVES#1"": 0.00720115611495041, ""FCC_L12#1"": 0.0006777333319942389, ""HCP_A3#3"": 0.00210326408742556, ""ZRO2_MONO#1"": 0.0007047036232341232}",0.8,0.005,873.0
0.8,0.13,0.02,0.045,0.005,"{""BCC_B2#1"": 0.9893735750104742, ""C15_LAVES#1"": 0.007131621415199246, ""FCC_L12#1"": 0.0006781547697248152, ""HCP_A3#3"": 0.0021120400986152804, ""ZRO2_MONO#1"": 0.0007046087059861752}",0.8,0.005,873.0
0.8,0.13,0.025,0.04,0.005,"{""BCC_B2#1"": 0.9894462577067143, ""C15_LAVES#1"": 0.0070496122012216784, ""FCC_L12#1"": 0.0006785977223849732, ""HCP_A3#3"": 0.0021210514454102275, ""ZRO2_MONO#1"": 0.0007044809242687483}",0.8,0.005,873.0
0.8,0.13,0.03,0.035,0.005,"{""BCC_B2#1"": 0.9895322406555719, ""C15_LAVES#1"": 0.006954100520164717, ""FCC_L12#1"": 0.0006790606259107229, ""HCP_A3#3"": 0.002130290725934739, ""ZRO2_MONO#1"": 0.0007043074724180857}",0.8,0.005,873.0
0.8,0.13,0.035,0.03,0.005,"{""BCC_B2#1"": 0.9896326566971477, ""C15_LAVES#1"": 0.006843979851081423, ""FCC_L12#1"": 0.0006795420797789518, ""HCP_A3#3"": 0.0021397506879260266, ""ZRO2_MONO#1"": 0.0007040706840658593}",0.8,0.005,873.0
0.8,0.13,0.04,0.025,0.005,"{""BCC_B2#1"": 0.9897487394594003, ""C15_LAVES#1"": 0.006718048187944907, ""FCC_L12#1"": 0.0006800408234003226, ""HCP_A3#3"": 0.0021494242548680976, ""ZRO2_MONO#1"": 0.0007037472743863808}",0.8,0.005,873.0
0.8,0.13,0.045,0.02,0.005,"{""BCC_B2#1"": 0.9892545570635862, ""C15_LAVES#1"": 0.006878740675848703, ""FCC_L12#1"": 0.0006804867196165458, ""HCP_A3#2"": 0.0006335235361255799, ""HCP_A3#3"": 0.002159092674819551, ""ZRO2_MONO#1"": 0.0003935993300031306}",0.8,0.005,873.0
0.8,0.13,0.05,0.015,0.005,"{""BCC_B2#1"": 0.9886014240610458, ""C15_LAVES#1"": 0.007103779442103298, ""FCC_L12#1"": 0.0006808933607708155, ""HCP_A3#2"": 0.001445197922191338, ""HCP_A3#3"": 0.002168705213888898}",0.8,0.005,873.0
0.8,0.13,0.055,0.01,0.005,"{""BCC_B2#1"": 0.988764142366005, ""C15_LAVES#1"": 0.006922450694935184, ""FCC_L12#1"": 0.000681394986515699, ""HCP_A3#2"": 0.0014532678098939985, ""HCP_A3#3"": 0.0021787441426501823}",0.8,0.005,873.0
0.8,0.13,0.06,0.005,0.005,"{""BCC_B2#1"": 0.9889482307622016, ""C15_LAVES#1"": 0.006718811600678464, ""FCC_L12#1"": 0.0006819095243457709, ""HCP_A3#2"": 0.0014620786148040919, ""HCP_A3#3"": 0.0021889694979698895}",0.8,0.005,873.0
0.8,0.13,0.065,0.0,0.005,"{""BCC_B2#1"": 0.9891557546067435, ""C15_LAVES#1"": 0.006490840680755816, ""FCC_L12#1"": 0.0006824366773470108, ""HCP_A3#2"": 0.0014715985069351791, ""HCP_A3#3"": 0.002199369528218462}",0.8,0.005,873.0
0.8,0.135,0.0,0.06,0.005,"{""BCC_B2#1"": 0.989205312102437, ""C15_LAVES#1"": 0.007336236419320723, ""FCC_L12#1"": 0.0006765165811191831, ""HCP_A3#3"": 0.0020770778228302454, ""ZRO2_MONO#1"": 0.0007048570742930508}",0.8,0.005,873.0
0.8,0.135,0.005,0.055,0.005,"{""BCC_B2#1"": 0.989234807310426, ""C15_LAVES#1"": 0.007298310464753326, ""FCC_L12#1"": 0.0006768601386174275, ""HCP_A3#2"": 0.0020852091894111233, ""ZRO2_MONO#1"": 0.0007048128967920538}",0.8,0.005,873.0
0.8,0.135,0.01,0.05,0.005,"{""BCC_B2#1"": 0.9892740469493356, ""C15_LAVES#1"": 0.007250364887164621, ""FCC_L12#1"": 0.00067723207519302, ""HCP_A3#3"": 0.0020936022328740724, ""ZRO2_MONO#1"": 0.0007047538554329903}",0.8,0.005,873.0
0.8,0.135,0.015,0.045,0.005,"{""BCC_B2#1"": 0.9893239813205404, ""C15_LAVES#1"": 0.007191465112681716, ""FCC_L12#1"": 0.0006776300048875788, ""HCP_A3#3"": 0.0021022486896095207, ""ZRO2_MONO#1"": 0.0007046748722808644}",0.8,0.005,873.0
0.8,0.135,0.02,0.04,0.005,"{""BCC_B2#1"": 0.9893855854539906, ""C15_LAVES#1"": 0.007120654949642024, ""FCC_L12#1"": 0.0006780518087185933, ""HCP_A3#3"": 0.0021111403239505123, ""ZRO2_MONO#1"": 0.0007045674636986192}",0.8,0.005,873.0
0.8,0.135,0.025,0.035,0.005,"{""BCC_B2#1"": 0.9894598772588796, ""C15_LAVES#1"": 0.007036935993422116, ""FCC_L12#1"": 0.0006784956046635207, ""HCP_A3#3"": 0.002120268998704978, ""ZRO2_MONO#1"": 0.000704422144330231}",0.8,0.005,873.0
0.8,0.135,0.03,0.03,0.005,"{""BCC_B2#1"": 0.9895479417471457, ""C15_LAVES#1"": 0.006939247733512656, ""FCC_L12#1"": 0.0006789597215937535, ""HCP_A3#3"": 0.0021296267291983826, ""ZRO2_MONO#1"": 0.000704224068549602}",0.8,0.005,873.0
0.8,0.135,0.035,0.025,0.005,"{""BCC_B2#1"": 0.9896509502015831, ""C15_LAVES#1"": 0.006826448662551778, ""FCC_L12#1"": 0.0006794426707346639, ""HCP_A3#3"": 0.002139205711610768, ""ZRO2_MONO#1"": 0.0007039527535197722}",0.8,0.005,873.0
0.8,0.135,0.04,0.02,0.005,"{""BCC_B2#1"": 0.989770179481344, ""C15_LAVES#1"": 0.006697298467833988, ""FCC_L12#1"": 0.0006799431187130495, ""HCP_A3#3"": 0.0021489983430979394, ""ZRO2_MONO#1"": 0.000703580589011044}",0.8,0.005,873.0
0.8,0.135,0.045,0.015,0.005,"{""BCC_B2#1"": 0.9884817212865391, ""C15_LAVES#1"": 0.007240477007552401, ""FCC_L12#1"": 0.0006802949123616266, ""HCP_A3#2"": 0.0014390730668357849, ""HCP_A3#3"": 0.002158433726710961}",0.8,0.005,873.0
0.8,0.135,0.05,0.01,0.005,"{""BCC_B2#1"": 0.9886289826668884, ""C15_LAVES#1"": 0.007075158078559312, ""FCC_L12#1"": 0.0006807831142274833, ""HCP_A3#2"": 0.0014466878675131018, ""HCP_A3#3"": 0.0021683882728115505}",0.8,0.005,873.0
0.8,0.135,0.055,0.005,0.005,"{""BCC_B2#1"": 0.9887964773130419, ""C15_LAVES#1"": 0.006888615726367026, ""FCC_L12#1"": 0.0006812846030309202, ""HCP_A3#2"": 0.0014550822784758577, ""HCP_A3#3"": 0.0021785400790842527}",0.8,0.005,873.0
0.8,0.135,0.06,0.0,0.005,"{""BCC_B2#1"": 0.9889861124461006, ""C15_LAVES#1"": 0.006678975163263866, ""FCC_L12#1"": 0.0006817990659394448, ""HCP_A3#2"": 0.0014642376486743872, ""HCP_A3#3"": 0.0021888756760213555}",0.8,0.005,873.0
0.8,0.14,0.0,0.055,0.005,"{""BCC_B2#1"": 0.9892171128127502, ""C15_LAVES#1"": 0.007325592440761067, ""FCC_L12#1"": 0.0006764373753269222, ""HCP_A3#3"": 0.002076011258812063, ""ZRO2_MONO#1"": 0.0007048461123494227}",0.8,0.005,873.0
0.8,0.14,0.005,0.05,0.005,"{""BCC_B2#1"": 0.9892468311352391, ""C15_LAVES#1"": 0.007287340138185282, ""FCC_L12#1"": 0.0006767795660808776, ""HCP_A3#2"": 0.002084252756759013, ""ZRO2_MONO#1"": 0.0007047964037360251}",0.8,0.005,873.0
0.8,0.14,0.01,0.045,0.005,"{""BCC_B2#1"": 0.9892866443687528, ""C15_LAVES#1"": 0.007238714614975403, ""FCC_L12#1"": 0.0006771510352724878, ""HCP_A3#3"": 0.0020927599404157874, ""ZRO2_MONO#1"": 0.00070473004058361}",0.8,0.005,873.0
0.7999999999999999,0.14,0.015,0.04,0.005,"{""BCC_B2#1"": 0.9893375410556058, ""C15_LAVES#1"": 0.007178745540174198, ""FCC_L12#1"": 0.0006775492081239239, ""HCP_A3#3"": 0.0021015237895977727, ""ZRO2_MONO#1"": 0.0007046404064982036}",0.8,0.005,873.0
0.8,0.14,0.02,0.035,0.005,"{""BCC_B2#1"": 0.9894005305974071, ""C15_LAVES#1"": 0.0071064434432527215, ""FCC_L12#1"": 0.000677971809499589, ""HCP_A3#3"": 0.00211053536455542, ""ZRO2_MONO#1"": 0.0007045187852850091}",0.8,0.005,873.0
0.8,0.14,0.025,0.03,0.005,"{""BCC_B2#1"": 0.9894766672486776, ""C15_LAVES#1"": 0.007020776992327099, ""FCC_L12#1"": 0.0006784168308033847, ""HCP_A3#3"": 0.0021197858798826085, ""ZRO2_MONO#1"": 0.0007043530483094345}",0.8,0.005,873.0
0.8,0.14,0.03,0.025,0.005,"{""BCC_B2#1"": 0.9895670725987727, ""C15_LAVES#1"": 0.006920651461391443, ""FCC_L12#1"": 0.0006788824964784686, ""HCP_A3#3"": 0.002129266743551712, ""ZRO2_MONO#1"": 0.0007041266998056896}",0.8,0.005,873.0
0.8,0.14,0.035,0.02,0.005,"{""BCC_B2#1"": 0.9896729589628817, ""C15_LAVES#1"": 0.006804888657311845, ""FCC_L12#1"": 0.0006793672329418014, ""HCP_A3#3"": 0.002138969582715474, ""ZRO2_MONO#1"": 0.0007038155641492274}",0.8,0.005,873.0
0.8,0.14,0.04,0.015,0.005,"{""BCC_B2#1"": 0.9897956497218078, ""C15_LAVES#1"": 0.006672207834322709, ""FCC_L12#1"": 0.0006798696374330068, ""HCP_A3#3"": 0.0021488862540500384, ""ZRO2_MONO#1"": 0.0007033865523863018}",0.8,0.005,873.0
0.8,0.14,0.045,0.01,0.005,"{""BCC_B2#1"": 0.988509533963072, ""C15_LAVES#1"": 0.007211617738901205, ""FCC_L12#1"": 0.000680209152945815, ""HCP_A3#2"": 0.001440314823843108, ""HCP_A3#3"": 0.0021583243212376494}",0.8,0.005,873.0
0.8,0.14,0.05,0.005,0.005,"{""BCC_B2#1"": 0.9886612406532631, ""C15_LAVES#1"": 0.007041416024096437, ""FCC_L12#1"": 0.0006806972934239823, ""HCP_A3#2"": 0.0014482477150666903, ""HCP_A3#3"": 0.002168398314149288}",0.8,0.005,873.0
0.8,0.14,0.055,0.0,0.005,"{""BCC_B2#1"": 0.9888339127585801, ""C15_LAVES#1"": 0.006849236351318686, ""FCC_L12#1"": 0.0006811987581346236, ""HCP_A3#2"": 0.0014569848207824068, ""HCP_A3#3"": 0.002178667311184056}",0.8,0.005,873.0
0.8,0.145,0.0,0.05,0.005,"{""BCC_B2#1"": 0.9892309787582475, ""C15_LAVES#1"": 0.0073126126984156, ""FCC_L12#1"": 0.0006763770274510544, ""HCP_A3#3"": 0.0020751993329088817, ""ZRO2_MONO#1"": 0.0007048321829771344}",0.8,0.005,873.0
0.8,0.145,0.005,0.045,0.005,"{""BCC_B2#1"": 0.9892610725285136, ""C15_LAVES#1"": 0.007273877843787207, ""FCC_L12#1"": 0.0006767184459178679, ""HCP_A3#2"": 0.0020835544260064003, ""ZRO2_MONO#1"": 0.0007047767557751978}",0.8,0.005,873.0
0.8,0.145,0.01,0.04,0.005,"{""BCC_B2#1"": 0.9893016293614135, ""C15_LAVES#1"": 0.007224399289362307, ""FCC_L12#1"": 0.0006770899824819796, ""HCP_A3#3"": 0.002092179538527002, ""ZRO2_MONO#1"": 0.000704701828215059}",0.8,0.005,873.0
0.8,0.145,0.015,0.035,0.005,"{""BCC_B2#1"": 0.9893536767658797, ""C15_LAVES#1"": 0.007163169364036537, ""FCC_L12#1"": 0.0006774888751176024, ""HCP_A3#3"": 0.002101064839349805, ""ZRO2_MONO#1"": 0.0007046001556160979}",0.8,0.005,873.0
0.8,0.145,0.02,0.03,0.005,"{""BCC_B2#1"": 0.989418261474901, ""C15_LAVES#1"": 0.007089163834575313, ""FCC_L12#1"": 0.0006779126965652906, ""HCP_A3#3"": 0.0021102006465074756, ""ZRO2_MONO#1"": 0.0007044613474509023}",0.8,0.005,873.0
0.8,0.145,0.025,0.025,0.005,"{""BCC_B2#1"": 0.9894964741955218, ""C15_LAVES#1"": 0.007001317080707318, ""FCC_L12#1"": 0.0006783593142166426, ""HCP_A3#3"": 0.002119577491465343, ""ZRO2_MONO#1"": 0.0007042719180893644}",0.8,0.005,873.0
0.8,0.145,0.03,0.02,0.005,"{""BCC_B2#1"": 0.9895894760745223, ""C15_LAVES#1"": 0.006898498567849798, ""FCC_L12#1"": 0.0006788268525367765, ""HCP_A3#3"": 0.002129186152168368, ""ZRO2_MONO#1"": 0.0007040123529228648}",0.8,0.005,873.0
0.8,0.145,0.035,0.015,0.005,"{""BCC_B2#1"": 0.9896985221184776, ""C15_LAVES#1"": 0.006779491568440185, ""FCC_L12#1"": 0.0006793136563140457, ""HCP_A3#3"": 0.002139017665298714, ""ZRO2_MONO#1"": 0.0007036549914693675}",0.8,0.005,873.0
0.8,0.145,0.04,0.01,0.005,"{""BCC_B2#1"": 0.9898249842732385, ""C15_LAVES#1"": 0.0066429730144833095, ""FCC_L12#1"": 0.0006798182563783949, ""HCP_A3#3"": 0.0021490633290771072, ""ZRO2_MONO#1"": 0.0007031611268225438}",0.8,0.005,873.0
0.8,0.145,0.045,0.005,0.005,"{""BCC_B2#1"": 0.988541506873912, ""C15_LAVES#1"": 0.0071782225488210396, ""FCC_L12#1"": 0.000680145508597237, ""HCP_A3#2"": 0.0014416127754487734, ""HCP_A3#3"": 0.002158512293220952}",0.8,0.005,873.0
0.8,0.145,0.05,0.0,0.005,"{""BCC_B2#1"": 0.988698017328276, ""C15_LAVES#1"": 0.007002756927111437, ""FCC_L12#1"": 0.0006806337157602242, ""HCP_A3#2"": 0.0014498820285438131, ""HCP_A3#3"": 0.0021687100003084086}",0.8,0.005,873.0
0.8,0.15,0.0,0.045,0.005,"{""BCC_B2#1"": 0.9892467975698298, ""C15_LAVES#1"": 0.007297432647453512, ""FCC_L12#1"": 0.0006763337613665704, ""HCP_A3#3"": 0.0020746203661447314, ""ZRO2_MONO#1"": 0.000704815655205519}",0.8,0.005,873.0
0.8,0.15,0.005,0.04,0.005,"{""BCC_B2#1"": 0.9892774154530632, ""C15_LAVES#1"": 0.00725806356752212, ""FCC_L12#1"": 0.0006766749961826184, ""HCP_A3#2"": 0.002083092499739797, ""ZRO2_MONO#1"": 0.0007047534834921351}",0.8,0.005,873.0
0.8,0.15,0.01,0.035,0.005,"{""BCC_B2#1"": 0.9893188817130072, ""C15_LAVES#1"": 0.007207563202763199, ""FCC_L12#1"": 0.0006770471248986593, ""HCP_A3#3"": 0.002091839323325747, ""ZRO2_MONO#1"": 0.000704668636005591}",0.8,0.005,873.0
0.8,0.15,0.015,0.03,0.005,"{""BCC_B2#1"": 0.9893722648877052, ""C15_LAVES#1"": 0.00714488506876989, ""FCC_L12#1"": 0.000677447201949963, ""HCP_A3#3"": 0.0021008501396075504, ""ZRO2_MONO#1"": 0.0007045527019673987}",0.8,0.005,873.0
0.8,0.15,0.02,0.025,0.005,"{""BCC_B2#1"": 0.9894386493921106, ""C15_LAVES#1"": 0.00706896889285969, ""FCC_L12#1"": 0.0006778726512350141, ""HCP_A3#3"": 0.002110114478410953, ""ZRO2_MONO#1"": 0.000704394585383488}",0.8,0.005,873.0
0.8,0.15,0.025,0.02,0.005,"{""BCC_B2#1"": 0.9895191654935056, ""C15_LAVES#1"": 0.006978713116183829, ""FCC_L12#1"": 0.0006783212212940885, ""HCP_A3#3"": 0.002119622156801997, ""ZRO2_MONO#1"": 0.000704178012214338}",0.8,0.005,873.0
0.8,0.15,0.03,0.015,0.005,"{""BCC_B2#1"": 0.9896150162669146, ""C15_LAVES#1"": 0.006872949869868714, ""FCC_L12#1"": 0.0006787909411803696, ""HCP_A3#3"": 0.0021293632972333204, ""ZRO2_MONO#1"": 0.0007038796248029469}",0.8,0.005,873.0
0.8,0.15,0.035,0.01,0.005,"{""BCC_B2#1"": 0.9897275014603054, ""C15_LAVES#1"": 0.006750422126354147, ""FCC_L12#1"": 0.0006792800778895134, ""HCP_A3#3"": 0.002139328324022522, ""ZRO2_MONO#1"": 0.0007034680114280987}",0.8,0.005,873.0
0.8,0.15,0.04,0.005,0.005,"{""BCC_B2#1"": 0.9898580436999955, ""C15_LAVES#1"": 0.006609762599517323, ""FCC_L12#1"": 0.0006797870990440701, ""HCP_A3#3"": 0.0021495079575411173, ""ZRO2_MONO#1"": 0.0007028986439021407}",0.8,0.005,873.0
0.8,0.15,0.045,0.0,0.005,"{""BCC_B2#1"": 0.9885774901599836, ""C15_LAVES#1"": 0.007140461760771357, ""FCC_L12#1"": 0.0006801020551292255, ""HCP_A3#2"": 0.0014429706015239977, ""HCP_A3#3"": 0.002158975422591933}",0.8,0.005,873.0
0.8,0.155,0.0,0.04,0.005,"{""BCC_B2#1"": 0.9892644722334404, ""C15_LAVES#1"": 0.007280169844893164, ""FCC_L12#1"": 0.0006763060407174304, ""HCP_A3#3"": 0.002074255038019786, ""ZRO2_MONO#1"": 0.0007047968429290191}",0.8,0.005,873.0
0.8,0.155,0.005,0.035,0.005,"{""BCC_B2#1"": 0.9892957601395017, ""C15_LAVES#1"": 0.007240018682066995, ""FCC_L12#1"": 0.0006766476686873902, ""HCP_A3#2"": 0.0020828476724272164, ""ZRO2_MONO#1"": 0.0007047258373166122}",0.8,0.005,873.0
0.8,0.155,0.01,0.03,0.005,"{""BCC_B2#1"": 0.9893382977751005, ""C15_LAVES#1"": 0.007188331532455043, ""FCC_L12#1"": 0.0006770208990701758, ""HCP_A3#3"": 0.0020917200154300774, ""ZRO2_MONO#1"": 0.0007046297779439401}",0.8,0.005,873.0
0.8,0.155,0.015,0.025,0.005,"{""BCC_B2#1"": 0.9893931974563096, ""C15_LAVES#1"": 0.007124021516599205, ""FCC_L12#1"": 0.0006774226079210179, ""HCP_A3#3"": 0.0021008604457792074, ""ZRO2_MONO#1"": 0.0007044979733909125}",0.8,0.005,873.0
0.8,0.155,0.02,0.02,0.005,"{""BCC_B2#1"": 0.9894615846256964, ""C15_LAVES#1"": 0.007045990787148648, ""FCC_L12#1"": 0.0006778500762526231, ""HCP_A3#3"": 0.002110257662289759, ""ZRO2_MONO#1"": 0.0007043168486124484}",0.8,0.005,873.0
0.8,0.155,0.025,0.015,0.005,"{""BCC_B2#1"": 0.9895446292968527, ""C15_LAVES#1"": 0.0069531005915242266, ""FCC_L12#1"": 0.0006783009376912826, ""HCP_A3#3"": 0.002119900729194048, ""ZRO2_MONO#1"": 0.0007040684447380047}",0.8,0.005,873.0
0.8,0.155,0.03,0.01,0.005,"{""BCC_B2#1"": 0.9896435782409999, ""C15_LAVES#1"": 0.006844144096700265, ""FCC_L12#1"": 0.0006787731303792223, ""HCP_A3#3"": 0.002129779084999255, ""ZRO2_MONO#1"": 0.0007037254469214621}",0.8,0.005,873.0
0.8,0.155,0.035,0.005,0.005,"{""BCC_B2#1"": 0.9897597790521048, ""C15_LAVES#1"": 0.0067178221802013825, ""FCC_L12#1"": 0.0006792648482656138, ""HCP_A3#3"": 0.0021398825205630506, ""ZRO2_MONO#1"": 0.0007032513988653496}",0.8,0.005,873.0
0.8,0.155,0.04,0.0,0.005,"{""BCC_B2#1"": 0.9886045496265257, ""C15_LAVES#1"": 0.007198536623762661, ""FCC_L12#1"": 0.000679617127307889, ""HCP_A3#2"": 0.0013020668543741048, ""HCP_A3#3"": 0.0021495053493875297, ""ZRO2_MONO#1"": 6.57244186420664e-05}",0.8,0.005,873.0
0.8,0.16,0.0,0.035,0.005,"{""BCC_B2#1"": 0.9892839200978178, ""C15_LAVES#1"": 0.007260926570195322, ""FCC_L12#1"": 0.0006762925350382164, ""HCP_A3#3"": 0.0020740860805238326, ""ZRO2_MONO#1"": 0.0007047747164248972}",0.8,0.005,873.0
0.8,0.16,0.005,0.03,0.005,"{""BCC_B2#1"": 0.989316018723151, ""C15_LAVES#1"": 0.007219848945845797, ""FCC_L12#1"": 0.000676635114118414, ""HCP_A3#2"": 0.002082802714161779, ""ZRO2_MONO#1"": 0.0007046945027234591}",0.8,0.005,873.0
0.8,0.16,0.01,0.025,0.005,"{""BCC_B2#1"": 0.9893597879951513, ""C15_LAVES#1"": 0.007166813172672433, ""FCC_L12#1"": 0.0006770099373695406, ""HCP_A3#3"": 0.0020918044433674834, ""ZRO2_MONO#1"": 0.0007045844514392833}",0.8,0.005,873.0
0.8,0.16,0.015,0.02,0.005,"{""BCC_B2#1"": 0.9894163831681636, ""C15_LAVES#1"": 0.00710069057224078, ""FCC_L12#1"": 0.0006774137061181636, ""HCP_A3#3"": 0.00210107865451303, ""ZRO2_MONO#1"": 0.0007044338989643484}",0.8,0.005,873.0
0.8,0.16,0.02,0.015,0.005,"{""BCC_B2#1"": 0.989486972120153, ""C15_LAVES#1"": 0.007020344364539234, ""FCC_L12#1"": 0.0006778435638755864, ""HCP_A3#3"": 0.0021106131665017346, ""ZRO2_MONO#1"": 0.000704226784930566}",0.8,0.005,873.0
0.8,0.16,0.025,0.01,0.005,"{""BCC_B2#1"": 0.9895727684663203, ""C15_LAVES#1"": 0.006924597019002589, ""FCC_L12#1"": 0.0006782970360492232, ""HCP_A3#3"": 0.0021203962576650166, ""ZRO2_MONO#1"": 0.0007039412209633063}",0.8,0.005,873.0
0.8,0.16,0.03,0.005,0.005,"{""BCC_B2#1"": 0.9896750635131681, ""C15_LAVES#1"": 0.006812201230380167, ""FCC_L12#1"": 0.0006787719740527448, ""HCP_A3#3"": 0.002130416651120155, ""ZRO2_MONO#1"": 0.0007035466312792816}",0.8,0.005,873.0
0.8,0.16,0.035,0.0,0.005,"{""BCC_B2#1"": 0.9897952555459549, ""C15_LAVES#1"": 0.006681814160237919, ""FCC_L12#1"": 0.0006792665035798631, ""HCP_A3#3"": 0.0021406634817452658, ""ZRO2_MONO#1"": 0.0007030003084822431}",0.8,0.005,873.0
0.8,0.165,0.0,0.03,0.005,"{""BCC_B2#1"": 0.9893050693444099, ""C15_LAVES#1"": 0.007239792085536206, ""FCC_L12#1"": 0.0006762920890557046, ""HCP_A3#3"": 0.002074098019008352, ""ZRO2_MONO#1"": 0.0007047484619898812}",0.8,0.005,873.0
0.8,0.165,0.005,0.025,0.005,"{""BCC_B2#1"": 0.9893381182392085, ""C15_LAVES#1"": 0.007197646463290752, ""FCC_L12#1"": 0.000676636156674299, ""HCP_A3#2"": 0.0020829422210455785, ""ZRO2_MONO#1"": 0.0007046569197812855}",0.8,0.005,873.0
0.8,0.165,0.01,0.02,0.005,"{""BCC_B2#1"": 0.9893832752340288, ""C15_LAVES#1"": 0.00714310303856576, ""FCC_L12#1"": 0.0006770130405487626, ""HCP_A3#3"": 0.002092077281582554, ""ZRO2_MONO#1"": 0.0007045314052741689}",0.8,0.005,873.0
0.8,0.165,0.015,0.015,0.005,"{""BCC_B2#1"": 0.9894417423336388, ""C15_LAVES#1"": 0.007074989716940138, ""FCC_L12#1"": 0.0006774192747035736, ""HCP_A3#3"": 0.002101489532101131, ""ZRO2_MONO#1"": 0.0007043591426164961}",0.8,0.005,873.0
0.8,0.165,0.02,0.01,0.005,"{""BCC_B2#1"": 0.9895147309723338, ""C15_LAVES#1"": 0.006992129335039727, ""FCC_L12#1"": 0.000677851870764335, ""HCP_A3#3"": 0.0021111658597309994, ""ZRO2_MONO#1"": 0.0007041219621311799}",0.8,0.005,873.0
0.8,0.165,0.025,0.005,0.005,"{""BCC_B2#1"": 0.9896035002981017, ""C15_LAVES#1"": 0.006893304281463209, ""FCC_L12#1"": 0.0006783082517756671, ""HCP_A3#3"": 0.0021210937189044886, ""ZRO2_MONO#1"": 0.0007037934497550009}",0.8,0.005,873.0
0.8,0.165,0.03,0.0,0.005,"{""BCC_B2#1"": 0.9897093880427908, ""C15_LAVES#1"": 0.006777225191678753, ""FCC_L12#1"": 0.0006787861874397625, ""HCP_A3#3"": 0.0021312610867792814, ""ZRO2_MONO#1"": 0.0007033394913112326}",0.8,0.005,873.0
0.8,0.17,0.0,0.025,0.005,"{""BCC_B2#1"": 0.9893278574478853, ""C15_LAVES#1"": 0.007216844358705625, ""FCC_L12#1"": 0.0006763036974800684, ""HCP_A3#3"": 0.002074276958696495, ""ZRO2_MONO#1"": 0.0007047175372325524}",0.8,0.005,873.0
0.8,0.17,0.005,0.02,0.005,"{""BCC_B2#1"": 0.9893619924471145, ""C15_LAVES#1"": 0.007173491814481606, ""FCC_L12#1"": 0.0006766497655189402, ""HCP_A3#2"": 0.002083252385706033, ""ZRO2_MONO#1"": 0.0007046135871787445}",0.8,0.005,873.0
0.8,0.17,0.01,0.015,0.005,"{""BCC_B2#1"": 0.9894086914777763, ""C15_LAVES#1"": 0.0071172840204255005, ""FCC_L12#1"": 0.0006770291532865683, ""HCP_A3#3"": 0.0020925248279968097, ""ZRO2_MONO#1"": 0.0007044705205151365}",0.8,0.005,873.0
0.8,0.17,0.015,0.01,0.005,"{""BCC_B2#1"": 0.9894692051783015, ""C15_LAVES#1"": 0.007047003922954598, ""FCC_L12#1"": 0.0006774382342255346, ""HCP_A3#3"": 0.002102079492578785, ""ZRO2_MONO#1"": 0.0007042731719395901}",0.8,0.005,873.0
0.8,0.17,0.02,0.005,0.005,"{""BCC_B2#1"": 0.9895447906951033, ""C15_LAVES#1"": 0.006961432647181029, ""FCC_L12#1"": 0.0006778738948341927, ""HCP_A3#3"": 0.0021119022833927547, ""ZRO2_MONO#1"": 0.0007040004794887889}",0.8,0.005,873.0
0.8,0.17,0.025,0.0,0.005,"{""BCC_B2#1"": 0.989636753050392, ""C15_LAVES#1"": 0.006859310967118412, ""FCC_L12#1"": 0.0006783334606352087, ""HCP_A3#3"": 0.002121979787803622, ""ZRO2_MONO#1"": 0.0007036227340510914}",0.8,0.005,873.0
0.8,0.17500000000000002,0.0,0.02,0.005,"{""BCC_B2#1"": 0.989352229586667, ""C15_LAVES#1"": 0.007192151531658136, ""FCC_L12#1"": 0.0006763264834432524, ""HCP_A3#3"": 0.002074610405131721, ""ZRO2_MONO#1"": 0.0007046819930998031}",0.8,0.005,873.0
0.8,0.17500000000000002,0.005,0.015,0.005,{},0.8,0.005,873.0
0.7999999999999999,0.17500000000000002,0.01,0.01,0.005,"{""BCC_B2#1"": 0.9894359801193404, ""C15_LAVES#1"": 0.007089428479136275, ""FCC_L12#1"": 0.0006770573468713394, ""HCP_A3#3"": 0.0020931348278182002, ""ZRO2_MONO#1"": 0.000704399226833813}",0.8,0.005,873.0
0.8,0.17500000000000002,0.015,0.005,0.005,"{""BCC_B2#1"": 0.9894987130915807, ""C15_LAVES#1"": 0.007016807323592253, ""FCC_L12#1"": 0.0006774696303552818, ""HCP_A3#3"": 0.002102836417647689, ""ZRO2_MONO#1"": 0.0007041735368244269}",0.8,0.005,873.0
0.8,0.17500000000000002,0.02,0.0,0.005,"{""BCC_B2#1"": 0.9895770911011386, ""C15_LAVES#1"": 0.0069283298643522985, ""FCC_L12#1"": 0.000677908657461315, ""HCP_A3#3"": 0.0021128104661264813, ""ZRO2_MONO#1"": 0.0007038599109215244}",0.8,0.005,873.0
0.8,0.18,0.0,0.015,0.005,"{""BCC_B2#1"": 0.9893781392591576, ""C15_LAVES#1"": 0.007165773208055564, ""FCC_L12#1"": 0.0006763596815866981, ""HCP_A3#3"": 0.0020750871171180095, ""ZRO2_MONO#1"": 0.000704640734082082}",0.8,0.005,873.0
0.8,0.18,0.005,0.01,0.005,{},0.8,0.005,873.0
0.8,0.18,0.01,0.005,0.005,"{""BCC_B2#1"": 0.989465089928978, ""C15_LAVES#1"": 0.007059599576845286, ""FCC_L12#1"": 0.000677096799234125, ""HCP_A3#3"": 0.0020938963086967817, ""ZRO2_MONO#1"": 0.0007043173862460621}",0.8,0.005,873.0
0.8,0.18,0.015,0.0,0.005,"{""BCC_B2#1"": 0.9895302158559394, ""C15_LAVES#1"": 0.00698446443813849, ""FCC_L12#1"": 0.0006775126166496929, ""HCP_A3#3"": 0.0021037494967758815, ""ZRO2_MONO#1"": 0.0007040575924966635}",0.8,0.005,873.0
0.8,0.185,0.0,0.01,0.005,"{""BCC_B2#1"": 0.989405546127539, ""C15_LAVES#1"": 0.00713776135931945, ""FCC_L12#1"": 0.0006764026219213177, ""HCP_A3#3"": 0.0020756969763867554, ""ZRO2_MONO#1"": 0.0007045929148338881}",0.8,0.005,873.0
0.8,0.185,0.005,0.005,0.005,{},0.8,0.005,873.0
0.8,0.185,0.01,0.0,0.005,"{""BCC_B2#1"": 0.989495979110375, ""C15_LAVES#1"": 0.00702785228831338, ""FCC_L12#1"": 0.0006771467843202187, ""HCP_A3#3"": 0.002094799460447438, ""ZRO2_MONO#1"": 0.0007042223565441427}",0.8,0.005,873.0
0.8,0.19,0.0,0.005,0.005,"{""BCC_B2#1"": 0.9894344159985157, ""C15_LAVES#1"": 0.007108161128761091, ""FCC_L12#1"": 0.0006764547175115963, ""HCP_A3#3"": 0.0020764308808632064, ""ZRO2_MONO#1"": 0.000704537274348663}",0.8,0.005,873.0
0.8,0.19,0.005,0.0,0.005,"{""BCC_B2#1"": 0.9894742253034567, ""C15_LAVES#1"": 0.0070586315522282485, ""FCC_L12#1"": 0.0006768133548218828, ""HCP_A3#2"": 0.002085970250159899, ""ZRO2_MONO#1"": 0.0007043595393335466}",0.8,0.005,873.0
0.8,0.195,0.0,0.0,0.005,"{""BCC_B2#1"": 0.9894647189659301, ""C15_LAVES#1"": 0.007077011612163117, ""FCC_L12#1"": 0.0006765154529767564, ""HCP_A3#2"": 0.002077280650219146, ""ZRO2_MONO#1"": 0.0007044733187110104}",0.8,0.005,873.0
