V,Cr,Ti,W,Zr,dose_d30,dose_d365,dose_d1825,dose_d36500,He_2y,H_2y,dose_d30_pass,dose_d365_pass,dose_d1825_pass,dose_d36500_pass,He_2y_pass,H_2y_pass,all_pass
0.847,0.115,0.013000000000000001,0.004,0.021,737.4952886860369,0.033143632854925935,4.060326263824414e-06,3.816156738327497e-07,274.9528152593832,773.4032432107066,True,True,True,True,True,True,True
0.8069999999999999,0.116,0.002,0.038,0.037,1169.9351477743141,0.08652688579659819,8.254116233900229e-06,5.55181403853528e-08,263.3793375065567,743.840791786428,False,True,True,True,True,True,False
0.9279999999999999,0.014,0.003,0.01,0.045,1531.1401923889432,0.06171727078934367,3.176182494477449e-06,8.823385106343317e-08,245.5777986849243,644.1271273660609,False,True,True,True,True,True,False
0.956,0.003,0.011,0.005,0.025,876.626273541354,0.038052398547110934,3.7209747562662927e-06,3.234458177489084e-07,247.75851177405693,643.4378768699712,True,True,True,True,True,True,True
0.85,0.066,0.044,0.023,0.017,570.1306000071964,0.06544506988368981,1.4142005729815857e-05,1.2275518011214877e-06,267.469644264923,732.2121819292216,True,True,True,True,True,True,True
0.963,0.001,0.003,0.015,0.018000000000000002,616.8241065166344,0.041525321547220044,4.019050603483645e-06,8.899873737712189e-08,243.5061358914414,629.6831002231731,True,True,True,True,True,True,True
0.852,0.051000000000000004,0.017,0.033,0.047,1499.5301216407122,0.09526000516190772,1.0304939885380511e-05,4.542058583254298e-07,252.4246670108082,683.8406480928776,False,True,True,True,True,True,False
0.964,0.007,0.019,0.006,0.004,142.48842640400068,0.02059905924163896,5.586502875968969e-06,5.635015628810098e-07,252.15539658351565,656.4122148498758,True,True,True,True,True,True,True
0.914,0.022,0.001,0.023,0.04,1317.6777452334065,0.07207603421904105,5.26929056835811e-06,3.077329971601931e-08,244.3619760682641,644.6052073967464,False,True,True,True,True,True,False
0.842,0.051000000000000004,0.059000000000000004,0.03,0.018000000000000002,592.6874775290687,0.08011835422881584,1.8342500330328226e-05,1.616054408350335e-06,266.1515934801719,723.1070624329748,True,True,True,True,True,True,True
0.962,0.001,0.009000000000000001,0.028,0.0,0.9532300175482032,0.04297454961366418,7.713961161360084e-06,2.541510078927685e-07,243.4925136065724,629.1188302722712,True,True,True,True,True,True,True
0.846,0.059000000000000004,0.054,0.019,0.022,743.472772314135,0.06894348361536926,1.5549847156944475e-05,1.5172725532631216e-06,268.9246780304121,734.0917765313068,True,True,True,True,True,True,True
0.868,0.018000000000000002,0.065,0.026000000000000002,0.023,763.59760046065,0.08233397928440747,1.8920018196526044e-05,1.7950269348884406e-06,260.5142864568949,692.2008397788325,True,True,True,True,True,True,True
0.891,0.03,0.002,0.05,0.027,836.5174804907392,0.09105178539896325,1.0189242077411566e-05,5.473927290721151e-08,241.35568270543524,640.2977503026483,True,True,True,True,True,True,True
0.959,0.021,0.003,0.0,0.017,607.7877667937587,0.019527134645942835,8.687209158226974e-07,9.270250083998436e-08,251.66480535521333,661.3007019138136,True,True,True,True,True,True,True
0.945,0.009000000000000001,0.024,0.008,0.014,491.23805075004765,0.035730129643018034,7.118774704783552e-06,7.015094844880677e-07,252.67161568946733,660.3602144949929,True,True,True,True,True,True,True
0.87,0.038,0.04,0.033,0.019,619.8499893473237,0.07791665700397013,1.4940802235308031e-05,1.0872455577173273e-06,257.4773308874536,691.0700024128292,True,True,True,True,True,True,True
0.983,0.001,0.001,0.002,0.013000000000000001,463.90587275699653,0.017471037718351082,8.163687392742765e-07,3.351236899689221e-08,246.33924880878112,636.2634920708464,True,True,True,True,True,True,True
0.971,0.006,0.001,0.001,0.021,746.6902399344848,0.0244778892729924,6.581622985988699e-07,3.334499184137808e-08,247.10740952101042,641.5642968944395,True,True,True,True,True,True,True
0.876,0.002,0.019,0.08600000000000001,0.017,487.286710529274,0.12387365100208725,1.8614031241954605e-05,4.571693248538973e-07,231.7757764761218,602.413589800474,True,True,True,True,True,True,True
0.8200000000000001,0.06,0.032,0.054,0.034,1037.876377455092,0.11089175605393797,1.6539130178969765e-05,8.168235050768824e-07,254.61424242974707,695.5165946392601,False,True,True,True,True,True,False
0.859,0.016,0.009000000000000001,0.094,0.022,616.094517438156,0.13169898720954104,1.787667342142731e-05,2.1331733987569145e-07,230.2646215525918,604.9465715588765,True,True,True,True,True,True,True
0.912,0.014,0.046,0.019,0.009000000000000001,308.0572778070827,0.053481706209720814,1.3864537054608192e-05,1.3075501271807122e-06,257.38005691106787,678.04199174843,True,True,True,True,True,True,True
0.831,0.07100000000000001,0.054,0.007,0.037,1277.3722934886025,0.06860710429294282,1.3439766595732483e-05,1.5486082882683526e-06,273.2886540522703,752.9313018354441,False,True,True,True,True,True,False
0.885,0.017,0.057,0.01,0.031,1068.5856693788382,0.06772113197899324,1.45886426627445e-05,1.6325664184350437e-06,261.2418879172784,692.968697390598,False,True,True,True,True,True,False
0.903,0.007,0.001,0.073,0.016,472.817396393813,0.10516615044203789,1.3557145753073082e-05,2.7661923355042037e-08,231.35483722477352,601.2323855911759,True,True,True,True,True,True,True
0.967,0.0,0.001,0.001,0.031,1094.047997998482,0.034946383158166554,7.310903167199539e-07,3.308349450862969e-08,244.93132849701342,633.5412025716558,False,True,True,True,True,True,False
0.996,0.0,0.0,0.0,0.004,144.57912968250736,0.004392596077848466,6.333050236356583e-08,4.051714712247209e-09,247.00192393576432,636.5681836102747,True,True,True,True,True,True,True
0.905,0.041,0.011,0.019,0.024,808.6509467901086,0.055437141614684,6.549234424198309e-06,3.110629695562877e-07,253.52183766456557,678.5665641580484,True,True,True,True,True,True,True
0.949,0.015,0.02,0.0,0.016,573.1584496965297,0.02494142256619907,4.602635062385385e-06,5.971690591029592e-07,254.7089575075048,668.3732149896301,True,True,True,True,True,True,True
0.838,0.016,0.099,0.004,0.043000000000000003,1496.818040445625,0.0876582743827589,2.2536417794814897e-05,2.8588260813140787e-06,272.23007448537055,727.9100422374612,False,True,True,True,True,True,False
0.869,0.024,0.09,0.004,0.013000000000000001,463.19345606148994,0.0540575449814153,2.0825058710721927e-05,2.6574424467161513e-06,274.1184301727843,733.3265604753115,True,True,True,True,True,True,True
0.98,0.001,0.0,0.0,0.019,678.6809357070191,0.020526825172927775,1.8673548581485122e-07,3.941785626920184e-09,246.06898453193318,635.8990260754301,True,True,True,True,True,True,True
0.927,0.008,0.017,0.008,0.04,1375.0130757577936,0.05938440731266717,5.696797906457099e-06,4.881593377598119e-07,248.6189079247329,650.4220270884175,False,True,True,True,True,True,False
0.943,0.008,0.02,0.004,0.025,879.3512007580683,0.04003594079612511,5.470220447646721e-06,5.866635805763856e-07,251.4661017051335,656.9963391123429,True,True,True,True,True,True,True
0.993,0.002,0.001,0.001,0.003,108.25079538439509,0.005226384059877865,5.115703617220421e-07,3.3906105764650546e-08,247.57768730931937,639.1880766089164,True,True,True,True,True,True,True
0.898,0.034,0.043000000000000003,0.01,0.015,522.9592057760423,0.04651156807960702,1.1630525918836162e-05,1.2457234523335914e-06,262.85584845713487,702.8760834086949,True,True,True,True,True,True,True
0.983,0.0,0.002,0.001,0.014,500.6732131304988,0.017440005499183252,8.146528615696589e-07,6.320730237025788e-08,246.51223084186424,636.3999657372341,True,True,True,True,True,True,True
0.977,0.002,0.0,0.001,0.02,711.7659661525801,0.02304717848538986,4.229193805957964e-07,3.916006017280624e-09,245.99679579680043,636.3293368595648,True,True,True,True,True,True,True
0.827,0.015,0.026000000000000002,0.123,0.009000000000000001,239.81582560678055,0.15128874212180854,2.429942363178505e-05,5.789383306569234e-07,228.81452947385017,602.2035528956959,True,True,True,True,True,True,True
0.901,0.001,0.068,0.023,0.007,238.05837916104775,0.0646107347223588,1.915830100487192e-05,1.9163626606845064e-06,259.2426641873755,678.9919280676163,True,True,True,True,True,True,True
0.867,0.019,0.028,0.081,0.005,147.46922705874164,0.11254161532165204,1.964832320945404e-05,6.850129427531266e-07,240.12859752836644,633.3960635601915,True,True,True,True,True,True,True
0.962,0.002,0.004,0.0,0.032,1131.7967065390576,0.03570847630844112,1.1646725510186202e-06,1.2102755876307015e-07,246.31870232069375,638.707862512249,False,True,True,True,True,True,False
0.978,0.0,0.0,0.0,0.022,784.0467301550093,0.023708470599907907,2.0938936146838864e-07,3.925037248448174e-09,245.60220143868202,634.4004381952229,True,True,True,True,True,True,True
0.869,0.036000000000000004,0.048,0.001,0.046,1606.1294475026325,0.06778180532388621,1.1030530290828243e-05,1.3918439554536108e-06,264.24408751110417,710.7197438549556,False,True,True,True,True,True,False
0.891,0.025,0.013000000000000001,0.04,0.031,983.1400213176242,0.08742475241295795,1.0667262135652169e-05,3.4625671545784833e-07,244.97777003384587,648.8879918770638,True,True,True,True,True,True,True
0.8089999999999999,0.048,0.101,0.013000000000000001,0.029,993.6925669202027,0.08553670201253448,2.446601590955153e-05,2.8728374277279217e-06,279.25396194984575,762.3222474213935,True,True,True,True,True,True,True
0.845,0.002,0.114,0.039,0.0,1.7742833538132068,0.0933074389902451,3.093296913962213e-05,3.100609714320201e-06,268.1979188669076,708.8834114419997,True,True,True,True,True,True,True
0.956,0.009000000000000001,0.003,0.008,0.024,834.5338317839243,0.03815329161842989,2.6355849276849806e-06,9.023324820837177e-08,246.49625862094112,642.1427693992497,True,True,True,True,True,True,True
0.919,0.004,0.023,0.036000000000000004,0.018000000000000002,583.3200663316833,0.07467447665700644,1.1988619122376875e-05,6.227534599447464e-07,244.5684403875962,637.0268395069934,True,True,True,True,True,True,True
0.911,0.024,0.012,0.041,0.012,385.36133853386383,0.07115980957820654,1.0640332145286437e-05,3.233650885177553e-07,245.7418090184741,648.6484405443639,True,True,True,True,True,True,True
0.981,0.007,0.001,0.01,0.001,35.587225582754144,0.016472790650232397,2.4783256902346293e-06,3.306572638862005e-08,246.85251715746898,639.854649560892,True,True,True,True,True,True,True
0.9390000000000001,0.037,0.003,0.014,0.007,242.54049629470978,0.02903206872145928,3.8086038783888954e-06,8.97491341886453e-08,252.9943065360627,672.5117957983082,True,True,True,True,True,True,True
0.971,0.011,0.014,0.001,0.003,108.35966728874017,0.010206338682843031,3.4150192768334922e-06,4.222789739101368e-07,253.01686396785502,659.9497396028362,True,True,True,True,True,True,True
0.884,0.033,0.042,0.008,0.033,1140.64108141184,0.061584616406079394,1.1039258672229572e-05,1.2069735295372972e-06,261.422806556309,699.9288285960093,False,True,True,True,True,True,False
0.827,0.014,0.021,0.097,0.041,1126.3242148287513,0.1517659088677652,2.0229224022729924e-05,4.853800589954792e-07,230.72231510651133,608.3537701945286,False,True,True,True,True,True,False
0.953,0.014,0.0,0.006,0.027,941.6760143767974,0.03736190278260583,1.5951247857025255e-06,3.748080247015015e-09,247.1157019426124,646.2023988268966,True,True,True,True,True,True,True
0.897,0.026000000000000002,0.001,0.07200000000000001,0.004,120.61261892025468,0.09430308771802498,1.3441221184242363e-05,2.7903143703390338e-08,236.94798771830185,624.8574416541784,True,True,True,True,True,True,True
0.982,0.0,0.001,0.001,0.016,571.2686175639333,0.019189030099388462,6.091694996829856e-07,3.3525602164437667e-08,246.09801805591616,635.349624156062,True,True,True,True,True,True,True
0.846,0.055,0.009000000000000001,0.059000000000000004,0.031,935.8600998793,0.10593544673764335,1.2952846756207571e-05,2.2941206811944136e-07,246.63368667247008,668.6427551809973,True,True,True,True,True,True,True
0.899,0.025,0.011,0.023,0.042,1382.007477349727,0.07745530721833155,7.314980823569785e-06,3.0433625715653557e-07,247.47885525809258,655.8769511016302,False,True,True,True,True,True,False
0.949,0.02,0.02,0.005,0.006,213.70568477800788,0.021627248443979945,5.622045420361616e-06,5.933367975751668e-07,255.5153582166968,672.3381873285631,True,True,True,True,True,True,True
0.9279999999999999,0.028,0.013000000000000001,0.014,0.017,584.3306037866619,0.042809994099775386,5.971440584171686e-06,3.741482272674981e-07,252.68391343791814,669.1780452937965,True,True,True,True,True,True,True
0.942,0.002,0.006,0.004,0.046,1591.5594311192428,0.05614811420368267,2.561445529589262e-06,1.7573878676908763e-07,244.83155328929755,636.3025823543029,False,True,True,True,True,True,False
0.895,0.032,0.014,0.018000000000000002,0.041,1368.3497018825112,0.07162559827634069,7.031347711880124e-06,3.9159201598437577e-07,251.0973818051983,669.3053040228594,False,True,True,True,True,True,False
0.875,0.057,0.044,0.01,0.014,488.0929713200173,0.04582865820950216,1.1862652054107656e-05,1.2743376751715312e-06,268.5594253070334,729.943944267997,True,True,True,True,True,True,True
0.829,0.05,0.004,0.111,0.006,164.70826540267157,0.13290321112159398,1.9255375174886978e-05,9.352850910169301e-08,234.29787077157792,631.5394932174754,True,True,True,True,True,True,True
0.985,0.0,0.0,0.0,0.015,537.4932263848984,0.016262547564137583,1.53094289186597e-07,3.973914239772092e-09,246.14608420399568,635.2430105284315,True,True,True,True,True,True,True
0.884,0.018000000000000002,0.04,0.02,0.038,1266.3132617066785,0.08048219262615208,1.2731746818883404e-05,1.1100985206700023e-06,254.28694806924426,673.6469266319514,False,True,True,True,True,True,False
0.884,0.093,0.014,0.005,0.004,142.3633687638103,0.017200513518898196,4.382736700055613e-06,4.154766390287564e-07,271.16892004683183,750.6792562783545,True,True,True,True,True,True,True
0.888,0.017,0.035,0.038,0.022,707.0302401357594,0.08468810696222928,1.4706840992948676e-05,9.383949712295866e-07,249.91957078898048,659.8716957614173,True,True,True,True,True,True,True
0.904,0.034,0.005,0.028,0.029,949.9649248707433,0.06910539107013111,6.987571148642113e-06,1.394553248932166e-07,247.90944667220424,659.8891073932277,True,True,True,True,True,True,True
0.984,0.0,0.002,0.003,0.011,392.08743685682384,0.017197301836506317,1.240900467529249e-06,6.30055254852671e-08,246.28826893080122,635.5925341938965,True,True,True,True,True,True,True
0.9339999999999999,0.016,0.003,0.003,0.044,1527.9129182454703,0.051687677001265475,1.7151087368382046e-06,8.999120172281642e-08,247.71555565034924,650.6120210993822,False,True,True,True,True,True,False
0.9390000000000001,0.001,0.03,0.023,0.007,237.46148970307885,0.050890611840801285,1.1189576167234475e-05,8.461370838287915e-07,249.4805039073178,648.2095555499488,True,True,True,True,True,True,True
0.926,0.006,0.022,0.011,0.035,1197.9479052433842,0.06011463495768063,7.3251021497076524e-06,6.281338958269772e-07,249.1427879035988,651.0475717233892,False,True,True,True,True,True,False
0.906,0.039,0.026000000000000002,0.011,0.018000000000000002,623.55779915962,0.044578579797885216,8.17467109299464e-06,7.501949367316533e-07,259.1930338477404,693.8401017766632,True,True,True,True,True,True,True
0.978,0.002,0.0,0.0,0.02,713.8172105217665,0.021588077815561654,1.9615628707515706e-07,3.930681533026271e-09,246.22492223404635,636.9143699722748,True,True,True,True,True,True,True
0.865,0.017,0.044,0.074,0.0,1.9599214590922849,0.10676531113127127,2.1705260484362368e-05,1.0966276541660434e-06,245.7549171330427,648.77837289545,True,True,True,True,True,True,True
0.91,0.004,0.019,0.046,0.021,661.3936386199041,0.08726719739584012,1.282285103111672e-05,5.011459715939936e-07,241.03250528853422,627.5793659712649,True,True,True,True,True,True,True
0.978,0.0,0.0,0.0,0.022,784.0467301550093,0.023708470599907907,2.0938936146838864e-07,3.925037248448174e-09,245.60220143868202,634.4004381952229,True,True,True,True,True,True,True
0.979,0.0,0.0,0.0,0.021,748.987919611141,0.02264980935451691,2.070018718938866e-07,3.93199080366606e-09,245.67815604170463,634.519643353208,True,True,True,True,True,True,True
0.823,0.018000000000000002,0.033,0.125,0.001,28.892940711687324,0.14929389928136044,2.57414900897527e-05,7.345577095179847e-07,231.48288375691948,611.0822905115401,True,True,True,True,True,True,True
0.961,0.003,0.0,0.0,0.036000000000000004,1269.068816425167,0.038351094074885114,3.333194861646097e-07,3.8165074518144816e-09,245.2127139646236,636.1203498586506,False,True,True,True,True,True,False
0.991,0.003,0.0,0.0,0.006,216.4966650898631,0.006566165585206,8.511329256555081e-08,4.024926858243188e-09,247.54496260263275,639.7377923728446,True,True,True,True,True,True,True
0.991,0.0,0.0,0.0,0.009000000000000001,324.01429143644594,0.009813948939076443,1.0661557419439869e-07,4.016199156849318e-09,246.61401125036335,635.9663759785541,True,True,True,True,True,True,True
0.8360000000000001,0.078,0.041,0.044,0.001,33.476578934675445,0.07442351798446936,1.694912394238137e-05,1.0957461848047128e-06,265.9677837420227,733.0803945802553,True,True,True,True,True,True,True
0.854,0.054,0.011,0.051000000000000004,0.03,924.6792519712075,0.0975735367877261,1.209368396106801e-05,2.8540635017773187e-07,248.81106465750668,673.9227629829575,True,True,True,True,True,True,True
0.964,0.002,0.017,0.007,0.01,353.0321583220446,0.027575612032963527,5.371112134790246e-06,5.009491691656393e-07,249.77830615885745,647.8008204385717,True,True,True,True,True,True,True
0.991,0.0,0.003,0.0,0.006,216.5692558097751,0.0077165306921684156,7.48623566650757e-07,9.37087046620497e-08,247.61622572591995,638.7586963078963,True,True,True,True,True,True,True
0.967,0.005,0.011,0.014,0.003,104.78638947206969,0.027930868514631377,5.466362812516501e-06,3.2090252310683305e-07,247.8889236991583,643.104290426049,True,True,True,True,True,True,True
0.845,0.039,0.004,0.081,0.031,887.992202450326,0.12536927176109472,1.5228731509288328e-05,9.847594206794588e-08,236.60792733071665,633.5522674355569,True,True,True,True,True,True,True
0.942,0.004,0.008,0.018000000000000002,0.028,944.3636156147451,0.057059211075363866,5.701413794068982e-06,2.275473792799043e-07,244.03060652514105,634.1859003951529,True,True,True,True,True,True,True
0.972,0.008,0.004,0.001,0.015,535.8989837752192,0.019260509391468165,1.2807328419288757e-06,1.2228776852933227e-07,248.81344826487268,646.9913648230798,True,True,True,True,True,True,True
0.974,0.004,0.004,0.011,0.007,244.861124937667,0.025255387771042713,3.366665179455457e-06,1.1971558224357158e-07,246.22772860514672,637.5671621273123,True,True,True,True,True,True,True
0.875,0.044,0.022,0.039,0.02,641.0503655844403,0.07947386458990031,1.2305374211256017e-05,5.894226956685741e-07,252.80970003764108,679.6831942788588,True,True,True,True,True,True,True
0.939,0.027,0.026000000000000002,0.007,0.001,35.96944989516085,0.021515271977749696,7.338116394476026e-06,7.688235927744956e-07,258.6274998514229,684.5899470378819,True,True,True,True,True,True,True
0.888,0.041,0.042,0.002,0.027,953.4344741526176,0.04756407512337515,9.895845694358512e-06,1.2320962866138589e-06,265.12001943638234,713.2478046669333,True,True,True,True,True,True,True
0.9390000000000001,0.004,0.01,0.009000000000000001,0.038,1304.3444892048567,0.05612957033267487,4.393775909691881e-06,2.8829172927776087e-07,245.81191871163387,639.8591812205433,False,True,True,True,True,True,False
0.9299999999999999,0.03,0.002,0.013000000000000001,0.025,855.7715815857057,0.045449760157195755,3.4770401482174468e-06,6.038473291113951e-08,249.92918901550618,662.1605947117534,True,True,True,True,True,True,True
0.901,0.053,0.006,0.015,0.025,850.4232054405181,0.04947247885995687,4.745692067400271e-06,1.727989438238305e-07,255.87005140744455,690.3710755787165,True,True,True,True,True,True,True
0.903,0.001,0.08600000000000001,0.005,0.005,179.33590711951072,0.0456607686083938,2.0158259589184308e-05,2.5502269628554994e-06,268.1169802566971,704.32906666684,True,True,True,True,True,True,True
0.945,0.009000000000000001,0.015,0.015,0.016,549.3462848538007,0.04389896304314961,6.567007819936904e-06,4.307523154502593e-07,248.61208128805862,648.7386750651442,True,True,True,True,True,True,True
0.998,0.0,0.0,0.0,0.002,72.41020582004613,0.0022118459087539584,4.683627995141648e-08,4.0659904254795725e-09,247.1593749917262,636.810978675017,True,True,True,True,True,True,True
0.881,0.032,0.068,0.014,0.005,174.5705873318667,0.05101630667926825,1.77417184517159e-05,1.963612132047905e-06,268.68112835334694,719.7194466477921,True,True,True,True,True,True,True
0.865,0.037,0.064,0.0,0.034,1202.4741245142438,0.06034816671315455,1.4309054427016982e-05,1.8780326992409404e-06,269.7478667410663,726.8454174304158,False,True,True,True,True,True,False
0.96,0.006,0.008,0.005,0.021,738.4583370481112,0.03280149397400448,3.0540200014559315e-06,2.369373270070372e-07,247.99920363640996,644.8995559190525,True,True,True,True,True,True,True
0.804,0.067,0.039,0.063,0.027,810.1616468841426,0.11621013042161925,1.9164944617757734e-05,9.782916277790817e-07,256.543396991701,704.7282683030912,True,True,True,True,True,True,True
0.924,0.019,0.023,0.031,0.003,100.44610034209205,0.05460849848040921,1.1156779984223085e-05,6.372093097910791e-07,250.37299437107743,658.803990630048,True,True,True,True,True,True,True
0.971,0.017,0.0,0.007,0.005,177.06592186035255,0.01594108237267644,1.6573984228849362e-06,3.8704790811812976e-09,249.30116522911632,651.6809058000532,True,True,True,True,True,True,True
0.943,0.019,0.013000000000000001,0.001,0.024,851.4462605097443,0.0321530160780205,3.320277646625822e-06,3.8581834772505336e-07,252.99320554478228,665.6994350187676,True,True,True,True,True,True,True
0.952,0.001,0.002,0.004,0.041,1423.7267337244703,0.0496467618834892,1.6812467524837802e-06,6.128956324269323e-08,243.96307966723447,632.5302264508476,False,True,True,True,True,True,False
0.85,0.024,0.066,0.058,0.002,63.64639320408147,0.09925880380358038,2.378024781587013e-05,1.7061445567509914e-06,256.5241839723247,683.6636176607601,True,True,True,True,True,True,True
0.833,0.04,0.028,0.076,0.023,671.1301491785756,0.12197560747928622,1.889850314529837e-05,6.844251102491834e-07,244.76865350462256,658.0177025053933,True,True,True,True,True,True,True
0.82,0.114,0.03,0.008,0.028,967.8286892510624,0.051990667134801744,8.547817869562197e-06,8.62789034282416e-07,277.6297191218164,782.8535119211518,True,True,True,True,True,True,True
0.923,0.003,0.009000000000000001,0.021,0.044,1454.643397807173,0.07633507086000309,6.545110789763629e-06,2.5057875650775866e-07,242.12765523631177,630.1783515116557,False,True,True,True,True,True,False
0.964,0.029,0.005,0.002,0.0,0.16264504715400396,0.0050349348721522354,1.6408497119658444e-06,1.5306789414758852e-07,254.91224207763756,672.8920079694473,True,True,True,True,True,True,True
0.882,0.029,0.06,0.029,0.0,1.2864947002487714,0.06237630150344132,1.8482027925352535e-05,1.6707993994647636e-06,262.90454855888214,701.6711600847303,True,True,True,True,True,True,True
0.806,0.075,0.036000000000000004,0.053,0.03,920.3607999696878,0.10778144593873,1.7182678855089742e-05,9.228278662166119e-07,259.6787252255432,716.8679167906324,True,True,True,True,True,True,True
0.858,0.012,0.081,0.002,0.047,1639.2534727637224,0.08243566597424047,1.8299696974449e-05,2.343923524288871e-06,266.8133136737341,709.4696211964894,False,True,True,True,True,True,False
0.855,0.033,0.07200000000000001,0.019,0.021,711.6051045608127,0.0745585754550292,1.929847538503873e-05,2.0271401118181597e-06,267.5591353599695,719.2465164384834,True,True,True,True,True,True,True
0.8049999999999999,0.08600000000000001,0.052000000000000005,0.043000000000000003,0.014,446.36265688572956,0.08868028715199286,1.891668525743361e-05,1.3799920126532387e-06,269.8756398933145,750.0971772685104,True,True,True,True,True,True,True
0.976,0.012,0.003,0.008,0.001,35.736403925154306,0.014313629383544715,2.49519923554205e-06,9.188881269900505e-08,248.9909848941456,648.3272651756305,True,True,True,True,True,True,True
0.91,0.017,0.023,0.003,0.047,1629.8429878068018,0.06210730132668177,6.026390757863803e-06,6.645194508545742e-07,252.85125847781114,667.5872870135045,False,True,True,True,True,True,False
0.891,0.037,0.033,0.0,0.039,1371.9295972799089,0.05377232437380865,7.550995434486465e-06,9.650981798736503e-07,261.3944605529749,701.1344236836884,False,True,True,True,True,True,False
0.9259999999999999,0.003,0.045,0.024,0.002,68.73813524691614,0.052693819766262195,1.4517936957531947e-05,1.2693738020358987e-06,253.96377445576155,662.6520126897965,True,True,True,True,True,True,True
0.847,0.041,0.07,0.0,0.042,1476.420125801217,0.07070707045177133,1.5592475411487855e-05,2.041429559112739e-06,271.5997804986664,735.2869353039074,False,True,True,True,True,True,False
0.877,0.0,0.042,0.039,0.042,1327.86265682808,0.10595073648684257,1.6175350426895282e-05,1.1081765433237474e-06,245.96689489044775,643.2263161477025,False,True,True,True,True,True,False
0.8059999999999999,0.019,0.07,0.063,0.042,1250.7666847873422,0.13846760467192806,2.479627199622296e-05,1.741720553310251e-06,252.13668108492894,673.4786762357777,False,True,True,True,True,True,False
0.8069999999999999,0.007,0.063,0.1,0.023,636.5531571731916,0.1536515734734074,2.7946665133195998e-05,1.459657914552293e-06,240.59784713339573,634.840592156353,True,True,True,True,True,True,True
0.814,0.004,0.068,0.08600000000000001,0.028,797.4453661180871,0.14725121137341754,2.7249534470989025e-05,1.6202948596734823e-06,243.98123683545913,643.0604560978755,True,True,True,True,True,True,True
0.833,0.009000000000000001,0.135,0.008,0.015,529.1018709185983,0.07838908925979432,3.127038804306194e-05,3.944841274996918e-06,281.11328014956484,750.1500853516537,True,True,True,True,True,True,True
0.8079999999999999,0.008,0.07100000000000001,0.101,0.012,334.8144193168921,0.14884028723383838,2.9561532189093704e-05,1.6524779175507627e-06,243.51602657612162,643.199021071351,True,True,True,True,True,True,True
0.8109999999999999,0.021,0.136,0.006,0.026000000000000002,913.4155945339678,0.08717994369769937,3.104529246402353e-05,3.960765959912264e-06,283.76735476904753,764.4369068512954,True,True,True,True,True,True,True
0.8029999999999999,0.155,0.02,0.007,0.015,524.2018440691872,0.033695521233822245,6.210777775059956e-06,5.822005841056282e-07,285.86741184789196,823.4881892516263,True,True,True,True,True,True,True
0.822,0.004,0.066,0.073,0.035,1022.6948593239177,0.14071964517974977,2.5343861381125293e-05,1.612590239964324e-06,245.87663553085534,648.1903275272844,False,True,True,True,True,True,False
0.803,0.011,0.091,0.063,0.032,960.732845749726,0.13725597743634585,2.881665932705747e-05,2.280663497383681e-06,256.44232936223557,682.602821292095,True,True,True,True,True,True,True
0.819,0.007,0.004,0.157,0.013000000000000001,321.08908366697915,0.1728816478399307,2.4330027918926833e-05,8.490473653524207e-08,213.24664939114808,554.9316617821219,True,True,True,True,True,True,True
0.8029999999999999,0.004,0.135,0.025,0.033,1094.2879347994617,0.11536735328704792,3.307704655907284e-05,3.7203518607480036e-06,274.6781943115969,732.3678603662877,False,True,True,True,True,True,False
0.802,0.145,0.009000000000000001,0.036000000000000004,0.008,260.2106140244964,0.06026305567272868,9.292015381706824e-06,2.4557497290635657e-07,274.65747956861503,787.1245900080197,True,True,True,True,True,True,True
0.806,0.009000000000000001,0.078,0.07,0.037,1087.7870551218937,0.14338131399138768,2.7159129133478896e-05,1.9165389569295247e-06,250.6543875798433,665.1063633001688,False,True,True,True,True,True,False
0.8059999999999999,0.016,0.136,0.015,0.027,924.202233452993,0.09892869369302713,3.219238810323382e-05,3.863199921207536e-06,280.47717164180796,753.378530458868,True,True,True,True,True,True,True
0.806,0.088,0.016,0.083,0.007,203.87332042750563,0.1120266145554344,1.77633761828944e-05,3.890888931123961e-07,252.5403318719465,700.6866253339662,True,True,True,True,True,True,True
0.8109999999999999,0.027,0.136,0.004,0.022,779.6857102428831,0.08066745466550085,3.0840927834871904e-05,3.9938352833678715e-06,285.9350384970498,772.9062172355764,True,True,True,True,True,True,True
0.8049999999999999,0.101,0.017,0.07,0.007,210.06668665691828,0.09958186687668005,1.6155173609660173e-05,4.2565076589284115e-07,258.7870235574551,723.8641702257815,True,True,True,True,True,True,True
0.8049999999999999,0.006,0.062,0.095,0.032,889.9626521820386,0.1558473450963555,2.7150810257672452e-05,1.4444050011170692e-06,240.54592579127916,634.7293361340572,True,True,True,True,True,True,True
0.802,0.011,0.091,0.049,0.047,1445.8028263294875,0.13647553765556736,2.700316397746647e-05,2.3348755143715626e-06,258.46152757713145,688.9766403487404,False,True,True,True,True,True,False
0.8089999999999999,0.157,0.005,0.006,0.023,800.2284409465747,0.034938428658934206,2.824413360776853e-06,1.47352271540117e-07,282.0865013823685,813.2335263271182,True,True,True,True,True,True,True
0.814,0.021,0.14200000000000002,0.014,0.009000000000000001,314.08061828059203,0.08250079217298156,3.3650616379903475e-05,4.099409028346613e-06,284.81370744073854,766.673869955366,True,True,True,True,True,True,True
0.8049999999999999,0.009000000000000001,0.009000000000000001,0.162,0.015,366.11426034719983,0.17881681252075157,2.558022683068909e-05,1.8610950291469858e-07,213.70442529583184,558.093164902014,True,True,True,True,True,True,True
0.82,0.017,0.14200000000000002,0.011,0.01,351.5412704334077,0.07978010862673879,3.326902922869858e-05,4.1307068755358345e-06,284.4829216559847,763.7583646913442,True,True,True,True,True,True,True
0.815,0.088,0.01,0.079,0.008,234.653853969587,0.107121152934242,1.6127876089234284e-05,2.462386654579536e-07,251.83234450802058,698.0430315311878,True,True,True,True,True,True,True
0.819,0.022,0.137,0.01,0.012,421.92870738928707,0.07862426697369286,3.201219065469269e-05,3.988536538344892e-06,284.4362438343438,765.733897891872,True,True,True,True,True,True,True
0.8069999999999999,0.007,0.083,0.065,0.038,1130.3137412215845,0.14131229222501682,2.749284806384095e-05,2.062270753752606e-06,252.5334552202642,669.6859292230552,False,True,True,True,True,True,False
0.8049999999999999,0.009000000000000001,0.08600000000000001,0.062,0.038,1138.6892132087412,0.13955258280495256,2.7695392339821525e-05,2.151889791337701e-06,254.4514258144505,676.1403124808201,False,True,True,True,True,True,False
0.81,0.092,0.083,0.004,0.011,391.4272345020912,0.04919798939686415,1.933349955910368e-05,2.446811861614842e-06,288.3426892096869,805.162293854978,True,True,True,True,True,True,True
0.803,0.153,0.015,0.022,0.007,236.53387935528437,0.043934182737466874,8.017129803144588e-06,4.226336735015255e-07,281.3252762948557,809.3681621487992,True,True,True,True,True,True,True
0.8029999999999999,0.009000000000000001,0.081,0.096,0.011,310.91496107409824,0.1469291074733501,3.080681109089475e-05,1.9074917729186853e-06,247.53432790018158,655.4798631234189,True,True,True,True,True,True,True
0.8069999999999999,0.005,0.091,0.064,0.033,987.8346858509962,0.13900117176265783,2.8916244718008653e-05,2.2743145721285634e-06,254.73962952554126,675.0808198808311,True,True,True,True,True,True,True
0.804,0.089,0.012,0.085,0.01,288.4553342066113,0.11502060688618194,1.730044077599114e-05,2.905517718154495e-07,251.06006346809156,697.054787435821,True,True,True,True,True,True,True
0.804,0.006,0.085,0.093,0.012,341.17063828279845,0.14636637095539287,3.1194880320679566e-05,2.014205748880532e-06,248.46817624862405,656.943804624834,True,True,True,True,True,True,True
0.838,0.013000000000000001,0.14,0.004,0.005,180.5060867492801,0.06492027834256761,3.199888828954529e-05,4.16877616604172e-06,285.0180996276221,762.2864627980695,True,True,True,True,True,True,True
0.8039999999999999,0.007,0.081,0.068,0.04,1179.4674454877895,0.1449233031329171,2.7447259803496143e-05,1.9958995363807267e-06,251.1818474357162,666.0718339733878,False,True,True,True,True,True,False
0.8029999999999999,0.159,0.02,0.006,0.012,421.54169318961704,0.02920366878932359,6.008219139695991e-06,5.850277841772981e-07,287.26038758152646,828.978028261622,True,True,True,True,True,True,True
0.8109999999999999,0.101,0.076,0.008,0.004,141.94773670070813,0.04479208215504528,1.8522594589614432e-05,2.2264352935072016e-06,288.2773696249477,808.2242942314118,True,True,True,True,True,True,True
0.817,0.088,0.006,0.085,0.004,116.94932897208092,0.10848140131591429,1.6249021043815497e-05,1.471624177530052e-07,249.75194513105853,691.7809861226795,True,True,True,True,True,True,True
0.8049999999999999,0.01,0.065,0.079,0.041,1176.039955433455,0.15017873522242026,2.5800767689541538e-05,1.560291765552318e-06,245.18894819306956,649.9709044203688,False,True,True,True,True,True,False
0.82,0.159,0.007,0.007,0.007,246.1594431437074,0.020574930500134057,3.3775742008045713e-06,2.0699414853855677e-07,284.0842689202507,818.470259074778,True,True,True,True,True,True,True
0.808,0.158,0.008,0.017,0.009000000000000001,307.3384560905775,0.03679838766139179,5.613867921046747e-06,2.2942880306704926e-07,281.6778440022999,812.0622418286626,True,True,True,True,True,True,True
0.8049999999999999,0.007,0.079,0.10300000000000001,0.006,168.57197577131288,0.1485021159893662,3.12247792573778e-05,1.8376024768126731e-06,245.35024641055446,648.0979961449375,True,True,True,True,True,True,True
0.8049999999999999,0.10400000000000001,0.075,0.005,0.011,389.95092691729235,0.047516239463270896,1.7753294680800467e-05,2.203245507436428e-06,288.85762196489134,811.731902770897,True,True,True,True,True,True,True
0.8109999999999999,0.005,0.013000000000000001,0.167,0.004,99.32022372321276,0.17643677100161312,2.6761101377653837e-05,2.6690236944835747e-07,213.5178172469743,555.1917025859666,True,True,True,True,True,True,True
0.835,0.005,0.147,0.006,0.007,250.6876831643764,0.07231068605846362,3.378157662597485e-05,4.3487281667148165e-06,284.3365056891172,757.4545452524447,True,True,True,True,True,True,True
0.819,0.01,0.14100000000000001,0.008,0.022,771.5548260388648,0.08760098527213639,3.2463878138088264e-05,4.099030005290978e-06,282.34108055914254,755.3015148179214,True,True,True,True,True,True,True
0.8069999999999999,0.011,0.145,0.004,0.033,1160.4789317571094,0.09507997550337127,3.263763543635362e-05,4.226825770904782e-06,283.6573559321899,760.6886273109743,False,True,True,True,True,True,False
0.8029999999999999,0.005,0.01,0.166,0.016,387.15490627627804,0.18235708351472552,2.6109853873221007e-05,2.0487738296434537e-07,212.0394837565297,551.8979463836498,True,True,True,True,True,True,True
0.8109999999999999,0.013000000000000001,0.004,0.165,0.007,171.97750254670726,0.17455538909150511,2.5174965869713575e-05,8.383553127142116e-08,213.2946702143882,557.8003442438663,True,True,True,True,True,True,True
0.8029999999999999,0.091,0.088,0.009000000000000001,0.009000000000000001,316.54574345059143,0.055765411195379505,2.1259267743333185e-05,2.563028195019376e-06,288.41209974615293,805.3959054111509,True,True,True,True,True,True,True
0.8109999999999999,0.007,0.154,0.015,0.013000000000000001,450.983070053699,0.09212730971171505,3.628556458178518e-05,4.425083200442056e-06,284.08976881358564,759.4185483418911,True,True,True,True,True,True,True
0.8089999999999999,0.094,0.084,0.008,0.005,177.23508378489612,0.048841112907364266,2.0262899520735398e-05,2.4601734811666144e-06,288.62626183369014,806.6322377353689,True,True,True,True,True,True,True
0.8119999999999999,0.163,0.004,0.01,0.011,382.04087424240214,0.02781915647407474,3.376922448351371e-06,1.1827711812738061e-07,283.253206455402,818.3514287467395,True,True,True,True,True,True,True
0.8029999999999999,0.11,0.076,0.004,0.007,249.84765023274713,0.042363485600294126,1.7827134536018045e-05,2.245202244456561e-06,291.0566978734146,820.4256657202944,True,True,True,True,True,True,True
0.8079999999999999,0.163,0.014,0.011,0.004,139.76834190949688,0.02573065940660515,5.693656585023462e-06,4.0720599099361837e-07,286.13917688147046,826.7071444416644,True,True,True,True,True,True,True
0.8089999999999999,0.097,0.009000000000000001,0.081,0.004,117.994173396633,0.1055285312870513,1.6242725349082855e-05,2.2133661544123532e-07,253.53145681446549,706.7748666081077,True,True,True,True,True,True,True
0.8109999999999999,0.165,0.01,0.006,0.008,281.81166573560927,0.02130215532217312,3.825077374297502e-06,2.9482831721471876e-07,286.40414560565466,828.1787972636787,True,True,True,True,True,True,True
0.804,0.036000000000000004,0.146,0.007,0.007,249.67317936455046,0.07313484338068513,3.368857383522195e-05,4.301262311818976e-06,291.08851654654325,791.2849914638554,True,True,True,True,True,True,True
0.8039999999999999,0.165,0.008,0.012,0.011,379.98965649315926,0.03204608012832764,4.64214221064164e-06,2.3210052666665002e-07,284.29325117893416,822.6943867927603,True,True,True,True,True,True,True
0.8039999999999999,0.013000000000000001,0.156,0.013000000000000001,0.014,487.8552342566649,0.0914213208017172,3.6466149578536534e-05,4.502788681885983e-06,286.380794400591,768.9032621318588,True,True,True,True,True,True,True
0.813,0.006,0.159,0.01,0.012,422.7319126974918,0.08694610859183367,3.681283583369138e-05,4.636114037539682e-06,286.35575888881107,765.3701815181226,True,True,True,True,True,True,True
0.8109999999999999,0.006,0.004,0.17500000000000002,0.004,97.80824197336248,0.17940383238629065,2.616378220432446e-05,8.240234087204018e-08,209.616893606082,544.3583794709175,True,True,True,True,True,True,True
0.8049999999999999,0.015,0.163,0.004,0.013000000000000001,465.30114520987104,0.08190548729547589,3.697224092915754e-05,4.827633176089707e-06,290.771362558539,782.2213875403661,True,True,True,True,True,True,True
0.8099999999999999,0.011,0.168,0.006,0.005,179.9279400384026,0.07827832806229187,3.848084643069333e-05,4.980582676758097e-06,291.28848496256245,781.5200342215509,True,True,True,True,True,True,True
0.874,0.005,0.006,0.068,0.047,1375.326485667833,0.12676566026468322,1.3674259018476113e-05,1.4949504830176593e-07,230.8951044870363,602.1922572504858,False,True,True,True,True,True,False
0.851,0.081,0.007,0.028,0.033,1075.9791441639393,0.0733911143075359,7.455051677672824e-06,1.9282039870492887e-07,259.0833361175808,714.4421808312966,False,True,True,True,True,True,False
0.8340000000000001,0.088,0.023,0.01,0.045,1528.0467456192464,0.06879582698263048,7.456851307902775e-06,6.509675946111065e-07,267.9873626011186,744.4246009374464,False,True,True,True,True,True,False
0.863,0.081,0.004,0.012,0.04,1354.9789232299192,0.059561543100599204,3.83492695411708e-06,1.1571506948580278e-07,261.40676602462713,720.5151460357096,False,True,True,True,True,True,False
0.845,0.101,0.014,0.036000000000000004,0.004,131.32612292741513,0.058372220267443674,1.0256205573685817e-05,3.823200732972752e-07,265.9851242832468,741.6601236240363,True,True,True,True,True,True,True
0.821,0.03,0.093,0.042,0.014,449.3759515795571,0.10179674960386177,2.6897827942729624e-05,2.4813838415697802e-06,267.56701306247135,720.2525861259751,True,True,True,True,True,True,True
0.844,0.088,0.01,0.025,0.033,1084.511059577231,0.07088646043831139,7.519028405963315e-06,2.7615997817445414e-07,262.16780648399066,726.5775897226242,False,True,True,True,True,True,False
0.827,0.042,0.093,0.034,0.004,133.11626766300998,0.08377893647966539,2.5974668709302266e-05,2.549196668085581e-06,272.9667784223645,739.7692424991376,True,True,True,True,True,True,True
0.8029999999999999,0.03,0.004,0.11900000000000001,0.044,1148.3899374687262,0.1658926745980237,2.0008456334846493e-05,8.99396605774485e-08,224.85178613724133,599.5500801940457,False,True,True,True,True,True,False
0.835,0.088,0.008,0.045,0.024,753.391236441274,0.08484825485001654,1.0569662524071596e-05,2.1195919212356872e-07,257.8069108020355,714.3594474249646,True,True,True,True,True,True,True
0.829,0.088,0.017,0.031,0.035,1130.6954767753427,0.08213070470785658,9.993686510955906e-06,4.596010496783726e-07,262.4476725439245,728.5032586593651,False,True,True,True,True,True,False
0.847,0.081,0.011,0.023,0.038,1251.3526331453022,0.07356239201646866,7.371361727745511e-06,3.040497417736334e-07,260.8599001368124,720.0013411065219,False,True,True,True,True,True,False
0.862,0.074,0.009000000000000001,0.007,0.048,1639.7981636303098,0.06291504584229554,3.9185118389675e-06,2.5825759544682465e-07,261.5711288564451,718.5675834577443,False,True,True,True,True,True,False
0.839,0.101,0.02,0.036000000000000004,0.004,131.39106371195334,0.060455811748062416,1.1468463064104833e-05,5.449477436959432e-07,267.52757323929404,746.520102297722,True,True,True,True,True,True,True
0.8079999999999999,0.033,0.109,0.036000000000000004,0.014,456.79995437711176,0.10080518146395491,2.936620258976665e-05,2.953838711726557e-06,273.7416269622714,740.1269270655235,True,True,True,True,True,True,True
0.853,0.08,0.023,0.006,0.038,1312.1994591878574,0.05686360432533943,6.644750023372818e-06,6.616851760805642e-07,267.57401216468577,738.5141468904231,False,True,True,True,True,True,False
0.858,0.089,0.004,0.033,0.016,521.3353601455998,0.062486072796816755,7.717790311528942e-06,1.1142519000993056e-07,260.36516022754796,720.2310244536803,True,True,True,True,True,True,True
0.852,0.083,0.015,0.017,0.033,1108.8027227848993,0.06297942258121632,7.065928899595258e-06,4.2154699676060813e-07,264.10542823863545,729.6203367090393,False,True,True,True,True,True,False
0.814,0.08700000000000001,0.005,0.06,0.034,1020.4356249245591,0.10799788321171007,1.2376024777266115e-05,1.279140387122915e-07,252.61304700720078,700.8256289343457,False,True,True,True,True,True,False
0.802,0.096,0.028,0.027,0.047,1521.5755598766143,0.09230970332513225,1.1536124699011324e-05,7.563362248337561e-07,267.11804404626304,747.3927726235919,False,True,True,True,True,True,False
0.8069999999999999,0.088,0.012,0.045,0.048,1481.5115207014865,0.10692063943292741,1.13454260343307e-05,3.114965399429436e-07,256.9674931657547,714.7065417596889,False,True,True,True,True,True,False
0.834,0.106,0.015,0.036000000000000004,0.009000000000000001,292.89452207430526,0.06335455741972,1.0461677355848086e-05,4.0786281992806876e-07,267.02094522795346,747.5499388097534,True,True,True,True,True,True,True
0.8049999999999999,0.045,0.11,0.034,0.006,198.81123237489885,0.09159741906482806,2.9428640598623257e-05,3.0120330011498375e-06,277.87786758971095,756.7040691162085,True,True,True,True,True,True,True
0.838,0.097,0.008,0.01,0.047,1591.9267460815033,0.06527705360764481,4.315849379989089e-06,2.2796200717651697e-07,266.0777341931306,742.2608857768929,False,True,True,True,True,True,False
0.825,0.105,0.025,0.034,0.011,359.2932877367037,0.06629470650138775,1.2137046180999082e-05,6.805024470377114e-07,269.6556131325399,755.4395321872264,True,True,True,True,True,True,True
0.849,0.10300000000000001,0.006,0.035,0.007,228.88103898817,0.057176364917134126,8.473516749994693e-06,1.6565391586527297e-07,264.38985921426183,737.6756638262923,True,True,True,True,True,True,True
0.8029999999999999,0.004,0.014,0.14,0.039,978.2077465234324,0.18041665682883498,2.3947252479847907e-05,2.9710508678922634e-07,216.96187237837086,566.4243884411444,True,True,True,True,True,True,True
0.823,0.049,0.088,0.036000000000000004,0.004,132.3591222636155,0.08430680062764828,2.5222568092881842e-05,2.398757020992977e-06,272.8584508605058,742.5035449338113,True,True,True,True,True,True,True
0.828,0.084,0.015,0.032,0.041,1315.4120279356043,0.08800210908069164,9.774406765150197e-06,4.0319649140394746e-07,260.3068000513193,721.0300401509911,False,True,True,True,True,True,False
0.806,0.041,0.063,0.08600000000000001,0.004,117.36725986641436,0.12721035949363443,2.660824086571073e-05,1.5218166118961958e-06,253.1981156266734,683.9541621963775,True,True,True,True,True,True,True
0.824,0.04,0.09,0.042,0.004,130.44680124272756,0.09180789889461417,2.641288447359868e-05,2.4170455661189325e-06,269.91018431069796,730.3924482745047,True,True,True,True,True,True,True
0.828,0.029,0.096,0.041,0.006,195.19093556904315,0.09460718458219801,2.74653783106759e-05,2.582626876168344e-06,268.9542300193392,723.0948241232084,True,True,True,True,True,True,True
0.853,0.089,0.006,0.016,0.036000000000000004,1209.4231391132348,0.06138774103900144,5.023387704311484e-06,1.7053568659863494e-07,263.1863571293074,729.3710657724032,False,True,True,True,True,True,False
0.849,0.085,0.005,0.035,0.026000000000000002,836.3121839143461,0.07439197356480293,8.284070042815327e-06,1.368196641458908e-07,258.4529341393155,714.1200972317032,True,True,True,True,True,True,True
0.849,0.082,0.009000000000000001,0.03,0.03,975.1782279184862,0.0736507831548369,8.204109171501137e-06,2.46281479394792e-07,259.60692852070633,716.3913885583696,True,True,True,True,True,True,True
0.816,0.034,0.11,0.034,0.006,198.8886311110913,0.09163640593236944,2.9427234669156297e-05,3.0133595934604764e-06,275.31044906083554,744.2058186224739,True,True,True,True,True,True,True
0.8029999999999999,0.049,0.112,0.032,0.004,133.97357756015302,0.08815679489575676,2.961830256768353e-05,3.0868399479872266e-06,279.9357519986308,764.2783212569924,True,True,True,True,True,True,True
0.829,0.029,0.096,0.038,0.008,261.3341268936637,0.09308055132249628,2.7061990225572093e-05,2.5987305276369405e-06,269.48365092790345,724.6081813225428,True,True,True,True,True,True,True
0.8089999999999999,0.066,0.088,0.031,0.006,199.91480553351002,0.08030237643190358,2.4526959639086842e-05,2.424776837796934e-06,277.81010656733343,764.5028470107342,True,True,True,True,True,True,True
0.828,0.10300000000000001,0.022,0.035,0.012,390.5074115047165,0.06737209962645468,1.1699405977895715e-05,5.972428938812069e-07,268.11228047893184,750.031009449757,True,True,True,True,True,True,True
0.85,0.08600000000000001,0.01,0.033,0.021,681.7823622432988,0.06920525337365843,8.934656283079814e-06,2.729187996561998e-07,260.81689095638603,721.0775795356162,True,True,True,True,True,True,True
0.831,0.111,0.02,0.033,0.005,165.01229168171193,0.057722998412067086,1.0964298167842486e-05,5.485213470713408e-07,270.4660376375494,759.5151670570484,True,True,True,True,True,True,True
0.8029999999999999,0.061,0.085,0.045,0.006,192.86758427905767,0.09510382197235089,2.578627130991798e-05,2.2602796085138025e-06,272.69006936353753,748.214242490501,True,True,True,True,True,True,True
0.859,0.079,0.012,0.006,0.044,1511.8012778293696,0.058783342539334364,4.331033663591938e-06,3.451411480106248e-07,264.04754860352944,727.744785356825,False,True,True,True,True,True,False
0.8260000000000001,0.083,0.006,0.037,0.048,1512.020139723634,0.09659505772125314,8.870293019382494e-06,1.6023268586479872e-07,256.07824373791493,708.8380841393183,False,True,True,True,True,True,False
0.8029999999999999,0.061,0.089,0.039,0.008,260.24946223037995,0.09165383009125702,2.5782905073575542e-05,2.3996067203974762e-06,274.9245853508954,754.7150447627222,True,True,True,True,True,True,True
0.8049999999999999,0.05,0.088,0.052000000000000005,0.005,158.45185698975607,0.1027799169029539,2.726569370584951e-05,2.3024593647038704e-06,269.37866062551126,734.1740290103172,True,True,True,True,True,True,True
0.8029999999999999,0.024,0.006,0.127,0.04,1029.2099520338775,0.16964825018990426,2.126243490080746e-05,1.3186733877396705e-07,222.4530091401631,590.1554325840762,False,True,True,True,True,True,False
0.838,0.08,0.022,0.014,0.046,1544.092738948056,0.07429940229306016,8.004680603388873e-06,6.159935763022186e-07,264.87580576410767,732.0670593536164,False,True,True,True,True,True,False
0.846,0.081,0.022,0.004,0.047,1620.9609991507773,0.06286677061171796,6.061949343785301e-06,6.321428147507557e-07,267.30520822220745,738.925151696896,False,True,True,True,True,True,False
0.829,0.004,0.004,0.129,0.034,874.8901791020071,0.1666658462865553,2.1195776777531846e-05,8.876608397319693e-08,217.2805637954454,565.3534030333153,True,True,True,True,True,True,True
0.843,0.085,0.016,0.018000000000000002,0.038,1268.5364485309478,0.06934338235184115,7.474088436160034e-06,4.46585163130604e-07,264.21322149098216,731.5164754676872,False,True,True,True,True,True,False
0.82,0.007,0.006,0.128,0.039,1002.4999892761821,0.1697964958934165,2.1376543195171362e-05,1.3179180998433467e-07,218.33655363352239,570.367076003963,False,True,True,True,True,True,False
0.852,0.084,0.016,0.008,0.04,1370.7703048667336,0.05884453238162133,5.568977772147059e-06,4.5793966281333377e-07,266.0996837562797,735.9801263850652,False,True,True,True,True,True,False
0.858,0.085,0.013000000000000001,0.004,0.04,1386.054423577039,0.052548142382618526,4.130495014046102e-06,3.7669030093486036e-07,266.4726420509988,737.0249755856426,False,True,True,True,True,True,False
0.844,0.083,0.021,0.009000000000000001,0.043000000000000003,1466.5539286397095,0.06488763901745084,6.830384337988444e-06,5.972096762169493e-07,266.68918653220396,737.9477279201238,False,True,True,True,True,True,False
0.846,0.081,0.015,0.013000000000000001,0.045,1515.2709866226357,0.06960994345708675,6.335784013703812e-06,4.22311233214493e-07,263.61764556810647,728.2396294191465,False,True,True,True,True,True,False
0.856,0.085,0.01,0.009000000000000001,0.04,1366.5030700722784,0.05792822504482811,4.492566822911441e-06,2.8661032593776903e-07,264.5653892905915,731.6744429904196,False,True,True,True,True,True,False
0.843,0.088,0.007,0.016,0.046,1534.1304896711113,0.07131867653562439,5.2666665208432505e-06,1.9696368442318873e-07,262.4344040803862,727.8414598102106,False,True,True,True,True,True,False
0.853,0.08700000000000001,0.005,0.012,0.043000000000000003,1453.0770519168473,0.06282549585979563,4.058917179877897e-06,1.4343602664810914e-07,262.8293430056309,727.7819783745363,False,True,True,True,True,True,False
0.846,0.09,0.005,0.012,0.047,1583.363186277521,0.06668545607913025,4.07764469965688e-06,1.4297431658526906e-07,263.22147122693883,730.7108458300143,False,True,True,True,True,True,False
0.858,0.085,0.004,0.008,0.045,1535.4301323839247,0.0593860208494933,3.0499379765965123e-06,1.1648462770239365e-07,262.86018328435296,726.7945391571499,False,True,True,True,True,True,False
0.804,0.039,0.105,0.044,0.008,257.3834173314204,0.10271451969413545,2.9611729637461125e-05,2.7991598480711684e-06,272.7623072478973,739.7537436434379,True,True,True,True,True,True,True
0.855,0.08600000000000001,0.005,0.006,0.048,1643.3056973974813,0.06015643382721791,2.8802225592089535e-06,1.4522078873371916e-07,263.5708238552846,729.548469086729,False,True,True,True,True,True,False
0.8240000000000001,0.035,0.033,0.06,0.048,1431.1775855118985,0.12859130464037402,1.750311240416558e-05,8.235540083831648e-07,246.57876257925628,662.7203778330042,False,True,True,True,True,True,False
0.826,0.047,0.098,0.004,0.025,881.4141165301885,0.0692669156450571,2.2492341385162754e-05,2.8649958693129696e-06,280.6062634926189,764.4936065041018,True,True,True,True,True,True,True
0.8089999999999999,0.028,0.044,0.10300000000000001,0.016,441.75070751851655,0.1452928075703104,2.5068673937452273e-05,1.0164850590291236e-06,240.48127883442842,642.408513365365,True,True,True,True,True,True,True
0.877,0.016,0.052000000000000005,0.025,0.03,992.7863249039987,0.08310299769614887,1.6049996634786643e-05,1.4325384939680947e-06,256.38955765915665,679.1389893270141,True,True,True,True,True,True,True
0.818,0.081,0.021,0.049,0.031,959.1354897105641,0.0995509825789527,1.3706235399497548e-05,5.439679937399239e-07,258.05990761626305,713.7551352644302,True,True,True,True,True,True,True
0.818,0.005,0.10400000000000001,0.067,0.006,183.31860168590893,0.12417508919744563,3.204178071814112e-05,2.6278508471391023e-06,259.4977973696623,687.1135109751094,True,True,True,True,True,True,True
0.9430000000000001,0.015,0.006,0.006,0.03,1044.1680453796935,0.042646370714519,2.9007759794330414e-06,1.7681005274415803e-07,248.65730109823156,651.8387391325979,False,True,True,True,True,True,False
0.844,0.062,0.018000000000000002,0.07,0.006,180.66893859265332,0.09921636090839031,1.6320070187676488e-05,4.515914167977723e-07,250.02359039927666,680.4758471081902,True,True,True,True,True,True,True
0.834,0.018000000000000002,0.026000000000000002,0.08700000000000001,0.035,987.5771290328975,0.1405037595838091,1.9894318396078498e-05,6.159303413359327e-07,235.6819325671631,623.516328689272,True,True,True,True,True,True,True
0.837,0.02,0.034,0.061,0.048,1428.4908789432911,0.12990869747935954,1.7828016053363323e-05,8.469655589384894e-07,243.1071598884157,645.8974559117546,False,True,True,True,True,True,False
0.808,0.014,0.148,0.004,0.026000000000000002,919.4790364020857,0.08926235720859284,3.340867567816561e-05,4.3373451274080326e-06,285.6735672696612,767.3714033466802,True,True,True,True,True,True,True
0.9319999999999999,0.004,0.007,0.025,0.032,1055.6703186512314,0.06911672762604129,6.822356594709446e-06,1.9532822065079902e-07,241.86787962110313,628.8023433005052,False,True,True,True,True,True,False
0.847,0.007,0.10300000000000001,0.021,0.022,742.6986967800813,0.08918944276179422,2.6075095600534508e-05,2.887937073177154e-06,268.9249650188529,713.5219826230797,True,True,True,True,True,True,True
0.902,0.077,0.007,0.007,0.007,246.93323015119847,0.020631314642028702,3.270845784813434e-06,2.0801973195857558e-07,264.94826177652806,725.2976560189452,True,True,True,True,True,True,True
0.898,0.018000000000000002,0.028,0.045,0.011,350.36645038623936,0.08029280995596651,1.4454985679370502e-05,7.43753126958592e-07,247.61793441096128,652.5719562992592,True,True,True,True,True,True,True
0.831,0.016,0.091,0.047,0.015,475.0577253499534,0.10735073191861448,2.711509410618908e-05,2.397424513027742e-06,262.5716573917742,699.6819485876185,True,True,True,True,True,True,True
0.894,0.019,0.036000000000000004,0.037,0.014,454.10234478829994,0.07662557820353715,1.477335009711866e-05,9.72979236515229e-07,251.49393727074238,664.5029820823889,True,True,True,True,True,True,True
0.853,0.011,0.039,0.068,0.029,860.0692868787443,0.12284707267771644,1.979496618615237e-05,9.677164490462157e-07,242.17853683669898,637.9179894798762,True,True,True,True,True,True,True
0.886,0.07,0.012,0.005,0.027,942.7778808272573,0.04037583554133369,4.0364012646751475e-06,3.507469051712282e-07,263.4966867151333,720.1503029731522,True,True,True,True,True,True,True
0.802,0.059000000000000004,0.058,0.034,0.047,1497.81276731984,0.1103065177892762,1.8578207798183036e-05,1.5402843787118983e-06,264.59758681909904,725.557394397174,False,True,True,True,True,True,False
0.845,0.009000000000000001,0.034,0.07200000000000001,0.04,1165.8992928860748,0.13366966785222437,1.9348067729361523e-05,8.302584177439306e-07,238.66208383242594,627.9322413619851,False,True,True,True,True,True,False
0.808,0.1,0.029,0.034,0.029,933.6801881556594,0.08418211348013904,1.2914100667687892e-05,7.791944114223862e-07,268.1175175992185,750.8284299167233,True,True,True,True,True,True,True
0.821,0.101,0.006,0.041,0.031,977.5636363074311,0.0859134182972288,9.53360687674262e-06,1.603881839625145e-07,260.6928180859554,729.0055995003745,True,True,True,True,True,True,True
0.8049999999999999,0.136,0.047,0.005,0.007,248.41390499631916,0.03275928089154215,1.1661983805862011e-05,1.3825489355959983e-06,289.44529819571085,825.8968623518739,True,True,True,True,True,True,True
0.827,0.053,0.091,0.004,0.025,880.887813932999,0.06661431508619893,2.0958918180989256e-05,2.659095508668186e-06,280.2092237918633,765.641629797884,True,True,True,True,True,True,True
0.8140000000000001,0.042,0.055,0.057,0.032,972.510776559072,0.11977272455157228,2.131120504088834e-05,1.3958268945755025e-06,255.79530333523843,692.1793804832791,True,True,True,True,True,True,True
0.8240000000000001,0.038,0.049,0.044,0.045,1400.0531057584255,0.11585934544038876,1.8292603009499427e-05,1.2723215323868978e-06,255.2663484496141,688.80252928808,False,True,True,True,True,True,False
0.81,0.026000000000000002,0.041,0.099,0.024,664.219981240525,0.1469283545274077,2.4036249987667013e-05,9.509976416495471e-07,239.5298916355742,639.0770983111356,True,True,True,True,True,True,True
0.845,0.068,0.033,0.026000000000000002,0.028,922.8419708989048,0.07554152737550701,1.2369024851626224e-05,9.065775642988581e-07,263.57284611282734,722.4989581386582,True,True,True,True,True,True,True
0.8180000000000001,0.035,0.037,0.063,0.047,1392.3139323300516,0.1318408569679553,1.866290835129545e-05,9.173074976216134e-07,247.00436326098858,664.3285490113504,False,True,True,True,True,True,False
0.976,0.004,0.006,0.004,0.01,355.7586271612652,0.01911428729578542,2.335411462652336e-06,1.8072391966400474e-07,248.1021619795784,642.916196815667,True,True,True,True,True,True,True
0.9299999999999999,0.013000000000000001,0.018000000000000002,0.009000000000000001,0.03,1036.0386773621774,0.051082629471070506,6.071437446650397e-06,5.190581875720838e-07,250.59054453528012,657.5334309059206,False,True,True,True,True,True,False
0.848,0.004,0.036000000000000004,0.074,0.038,1104.1006481550098,0.1345537811862018,1.9990819080066203e-05,8.762536247390157e-07,237.70799873128337,622.940926534333,False,True,True,True,True,True,False
0.848,0.064,0.012,0.045,0.031,969.1461398296535,0.09238814279660959,1.133212577344037e-05,3.153220405353188e-07,252.6871257003611,689.4812192648677,True,True,True,True,True,True,True
0.832,0.035,0.041,0.049,0.043000000000000003,1322.5175231106412,0.1165150236559974,1.747674825002043e-05,1.053446327933987e-06,251.52666464754788,676.231697368186,False,True,True,True,True,True,False
0.888,0.067,0.006,0.011,0.028,960.3956203949524,0.04720545099787616,3.980140032502047e-06,1.741201966216437e-07,259.81440223447737,708.2577091894857,True,True,True,True,True,True,True
0.834,0.01,0.036000000000000004,0.07200000000000001,0.048,1391.7396492101389,0.14050640669243275,1.9661490309912507e-05,8.744879669826792e-07,238.7873008227777,629.7261250711135,False,True,True,True,True,True,False
0.8109999999999999,0.129,0.041,0.015,0.004,138.7889087917378,0.04120697644621018,1.2201771289728653e-05,1.1766518003584865e-06,284.2308349537018,807.6079631724084,True,True,True,True,True,True,True
0.8320000000000001,0.033,0.045,0.046,0.044,1362.9604020686868,0.11570393572352303,1.7796025298575504e-05,1.1638574811925338e-06,252.69383596899155,678.8320235320313,False,True,True,True,True,True,False
0.8300000000000001,0.024,0.032,0.068,0.046,1347.4762220557154,0.13406804413790568,1.8420892102857088e-05,7.852783302085443e-07,242.09171783436304,644.97647089286,False,True,True,True,True,True,False
0.834,0.062,0.025,0.07200000000000001,0.007,209.4435124765268,0.10427122280883873,1.7896512082173736e-05,6.228950254115509e-07,251.28602821963082,684.8558847117125,True,True,True,True,True,True,True
0.841,0.091,0.01,0.048,0.01,315.3102836866646,0.07648594891264053,1.1461974311067929e-05,2.6478914223391745e-07,259.4277610914109,719.3243311224476,True,True,True,True,True,True,True
0.861,0.079,0.03,0.016,0.014,479.23202047219826,0.048576591264138165,9.995074766218895e-06,8.546393271472436e-07,268.7318427638985,740.0975629594878,True,True,True,True,True,True,True
0.863,0.009000000000000001,0.028,0.096,0.004,114.61494041219626,0.12567403241459543,2.155425593070774e-05,6.628377092298557e-07,234.4595273696262,613.386255642167,True,True,True,True,True,True,True
0.825,0.067,0.068,0.032,0.008,264.63412821246027,0.07628170932162191,2.0550222465577323e-05,1.8652721192983368e-06,272.5222314567129,748.615515646034,True,True,True,True,True,True,True
0.935,0.041,0.015,0.004,0.005,178.56190596821776,0.017200471107333973,4.331761404768035e-06,4.4699064251445743e-07,259.4382378231459,692.8596328138709,True,True,True,True,True,True,True
0.8240000000000001,0.041,0.051000000000000004,0.036000000000000004,0.048,1521.2139926696352,0.11094684256496909,1.7479286869158758e-05,1.347679895112203e-06,258.0661595063622,698.1447576085764,False,True,True,True,True,True,False
0.8160000000000001,0.076,0.055,0.026000000000000002,0.027,891.2087733895257,0.08234095460267056,1.687917024991657e-05,1.5107597122161992e-06,271.16843393799,749.5285293812411,True,True,True,True,True,True,True
0.806,0.058,0.04,0.09,0.006,172.80861225843776,0.1252375942838753,2.2947708699911126e-05,9.559450509834584e-07,250.19278314313013,682.0651259930042,True,True,True,True,True,True,True
0.873,0.048,0.009000000000000001,0.039,0.031,984.6814073244464,0.08488910015323475,9.731565614327826e-06,2.4099136222393704e-07,249.54744898862842,672.3726164166713,True,True,True,True,True,True,True
0.806,0.136,0.047,0.005,0.006,213.1797474442117,0.031716233111855195,1.1660443988370505e-05,1.3836135825275983e-06,289.525284318578,826.0183520579812,True,True,True,True,True,True,True
0.8109999999999999,0.04,0.059000000000000004,0.043000000000000003,0.047,1464.4793336142384,0.1198926342971889,2.0074417604249986e-05,1.5335055587832972e-06,258.3721377025764,699.5182384674695,False,True,True,True,True,True,False
0.8069999999999999,0.033,0.037,0.10300000000000001,0.02,550.048790460285,0.1461033348913795,2.3838005335259017e-05,8.527689119478749e-07,239.5373957623146,641.9366892603864,True,True,True,True,True,True,True
0.8109999999999999,0.08600000000000001,0.03,0.043000000000000003,0.03,943.383842859009,0.09533677852812118,1.4526849704935381e-05,7.879840861704327e-07,262.9801169484487,730.3503596575989,True,True,True,True,True,True,True
0.906,0.037,0.006,0.021,0.03,1000.6492432109595,0.061931146852926694,5.899280465353387e-06,1.6959531541774766e-07,250.38017893856784,668.0776284637957,False,True,True,True,True,True,False
0.836,0.034,0.037,0.045,0.048,1485.95821387654,0.11542770743478858,1.6101077994794085e-05,9.568948618251316e-07,250.78758196011893,673.5891998669347,False,True,True,True,True,True,False
0.802,0.005,0.096,0.064,0.033,988.0425305689367,0.1406094011528567,2.984976392138088e-05,2.3995683540055888e-06,256.02259000798347,679.1311606970503,True,True,True,True,True,True,True
0.8200000000000001,0.028,0.06,0.06,0.032,965.9989253588101,0.12434978734477507,2.26423830061308e-05,1.5127115954462618e-06,253.12848505879703,678.5654083061322,True,True,True,True,True,True,True
0.8089999999999999,0.046,0.07100000000000001,0.029,0.045,1456.6927638581756,0.10779489412991854,2.0452316912676447e-05,1.913393125316185e-06,266.19694227646715,724.4757202456113,False,True,True,True,True,True,False
0.806,0.064,0.038,0.088,0.004,116.54381490212633,0.12123511701031309,2.236397174260183e-05,9.132625321600597e-07,251.68941945695508,688.6733157826526,True,True,True,True,True,True,True
0.808,0.067,0.108,0.01,0.007,246.67444857542895,0.06260697037178355,2.5776356415733744e-05,3.146911434392793e-06,287.8795551788502,793.9819299144931,True,True,True,True,True,True,True
0.89,0.052000000000000005,0.018000000000000002,0.012,0.028,958.8454623290439,0.052923825183267686,6.694958391578026e-06,5.146884761215973e-07,259.1684197110977,700.344752693832,True,True,True,True,True,True,True
0.844,0.063,0.078,0.004,0.011,391.7641029822459,0.04735740376137386,1.8215409280269087e-05,2.302014859069709e-06,280.2923817041645,768.1640628676753,True,True,True,True,True,True,True
0.8089999999999999,0.127,0.008,0.008,0.048,1631.7027424431863,0.06368005724915748,3.955979641665165e-06,2.2862249398536794e-07,273.4572153575911,777.3988150661378,False,True,True,True,True,True,False
0.8029999999999999,0.08,0.034,0.05,0.033,1017.5932862923192,0.10658937332482502,1.6353320740307612e-05,8.760540225658909e-07,260.78323315368254,722.3217885153379,False,True,True,True,True,True,False
0.871,0.073,0.017,0.01,0.029,997.0155669797346,0.05090890461758911,6.118212925577502e-06,4.88031205725603e-07,264.19156733428537,724.4492205634939,True,True,True,True,True,True,True
0.8119999999999999,0.094,0.047,0.017,0.03,1011.3782854782418,0.07156997189809229,1.3745895208388834e-05,1.3178979420609947e-06,275.1259328544727,768.3974463419664,False,True,True,True,True,True,False
0.804,0.026000000000000002,0.08600000000000001,0.079,0.005,148.7120088525013,0.12882213692728955,2.9998251082577723e-05,2.1115501192710754e-06,257.11921004662696,689.5053615232266,True,True,True,True,True,True,True
0.815,0.063,0.01,0.08600000000000001,0.026000000000000002,738.331821972053,0.12776049059418143,1.700275969918746e-05,2.3985195796827134e-07,243.00360501318963,663.3715302917055,True,True,True,True,True,True,True
0.8049999999999999,0.065,0.015,0.097,0.018000000000000002,501.5900298045975,0.13290054102108786,1.9340803211491453e-05,3.515662098208545e-07,242.8770933669897,664.2336433861273,True,True,True,True,True,True,True
0.9430000000000001,0.01,0.005,0.011,0.031,1063.229601852944,0.049931202365256,3.7106549569510668e-06,1.4588844250530005e-07,246.01967190674273,642.3033856041732,False,True,True,True,True,True,False
0.896,0.007,0.025,0.039,0.033,1049.0214429804275,0.092239606031271,1.2851078552587811e-05,6.64444893159428e-07,243.93064955060663,638.4941440901408,False,True,True,True,True,True,False
0.96,0.006,0.015,0.015,0.004,139.08412118642428,0.03180815346892405,6.525673159579404e-06,4.347389081210058e-07,248.84523379077845,646.7753838762424,True,True,True,True,True,True,True
0.8089999999999999,0.004,0.11800000000000001,0.043000000000000003,0.026000000000000002,825.8000141161668,0.12198815611789772,3.182670212312561e-05,3.119968224269757e-06,266.76272761881387,708.9277605981708,True,True,True,True,True,True,True
0.901,0.012,0.065,0.009000000000000001,0.013000000000000001,456.24974198623914,0.051385709947488103,1.619679363877217e-05,1.892844651301801e-06,263.75814845190155,696.5187070356717,True,True,True,True,True,True,True
0.834,0.062,0.085,0.01,0.009000000000000001,315.96332013978406,0.05602986190084142,2.0753445563525267e-05,2.4717316740033215e-06,280.64783783800226,769.4327455653719,True,True,True,True,True,True,True
0.906,0.027,0.043000000000000003,0.009000000000000001,0.015,524.5789009336146,0.04517951164760682,1.1438546386544534e-05,1.2495184434039538e-06,261.4517107445101,695.5055319751964,True,True,True,True,True,True,True
0.905,0.07200000000000001,0.008,0.005,0.01,353.847920412601,0.02127410575295353,3.074390034751071e-06,2.380633697464122e-07,264.26151969161293,721.233864200906,True,True,True,True,True,True,True
0.888,0.025,0.049,0.009000000000000001,0.029,1003.3018775963087,0.061495860745251756,1.271388384397788e-05,1.408875237907116e-06,261.43442029777464,696.4040152261424,False,True,True,True,True,True,False
0.813,0.031,0.008,0.133,0.015,387.9463121024061,0.1579174407776756,2.2415463677975154e-05,1.7536575507112204e-07,225.180955983677,599.2397409166368,True,True,True,True,True,True,True
0.836,0.057,0.01,0.063,0.034,1014.2447688892531,0.11266224287967,1.3730797118938992e-05,2.5165499590475773e-07,246.21495917447135,669.0285682449042,False,True,True,True,True,True,False
0.802,0.10200000000000001,0.055,0.021,0.02,672.1839764003231,0.0697153563875804,1.6111523767981124e-05,1.536704423991745e-06,278.91649496367296,782.8342595567018,True,True,True,True,True,True,True
0.803,0.105,0.06,0.027,0.005,168.12439798879566,0.06450378143901346,1.8185216914808746e-05,1.6681908265754504e-06,280.7054800488699,788.5960069356812,True,True,True,True,True,True,True
0.8280000000000001,0.021,0.077,0.029,0.045,1458.4546675009126,0.1099832848916683,2.1655836141745928e-05,2.077404633165921e-06,261.9025394059025,700.9271009663756,False,True,True,True,True,True,False
0.829,0.096,0.052000000000000005,0.016,0.007,241.48128674504855,0.049629674869940986,1.4692154832505682e-05,1.4869274739082266e-06,278.8945313714498,778.0748397246424,True,True,True,True,True,True,True
0.808,0.037,0.009000000000000001,0.138,0.008,206.7202217124972,0.15723523814954712,2.3171128889602308e-05,1.9572261937655681e-07,226.2491321434123,604.7943178415011,True,True,True,True,True,True,True
0.86,0.026000000000000002,0.02,0.06,0.034,1023.2615265630582,0.11306834714814282,1.512874020546646e-05,5.048442979878937e-07,242.2290223916925,643.6485318254068,False,True,True,True,True,True,False
0.881,0.064,0.013000000000000001,0.037,0.005,163.51824750906258,0.060247782451733546,1.0194881939313029e-05,3.546994577438842e-07,256.786663093659,698.0984559435874,True,True,True,True,True,True,True
0.8049999999999999,0.028,0.1,0.029,0.038,1238.831997682759,0.11170973569892906,2.635267338733878e-05,2.7121416539677238e-06,269.9910802440234,728.3542820134273,False,True,True,True,True,True,False
0.887,0.026000000000000002,0.03,0.026000000000000002,0.031,1020.9137852972237,0.0774049207683471,1.1713438628146241e-05,8.240779885378003e-07,252.7666774042939,671.9778753336377,False,True,True,True,True,True,False
0.805,0.037,0.015,0.122,0.021,553.0808048612818,0.1555577076149629,2.229009696405912e-05,3.33027011998131e-07,230.41962383630204,617.4380915461163,True,True,True,True,True,True,True
0.843,0.099,0.046,0.005,0.007,248.75175008881183,0.03242692944500237,1.1407526267289497e-05,1.3553811228912725e-06,280.55711726727594,783.050653779777,True,True,True,True,True,True,True
0.856,0.078,0.049,0.01,0.007,245.58924280098165,0.04052783408639153,1.297123449050125e-05,1.4252942197969954e-06,275.28914680248846,758.6975180581471,True,True,True,True,True,True,True
0.87,0.015,0.077,0.025,0.013000000000000001,436.774283126146,0.07601393726486437,2.131358086588472e-05,2.148201849927616e-06,263.9006534574695,700.3007048281396,True,True,True,True,True,True,True
0.828,0.047,0.057,0.062,0.006,184.7047097504725,0.10374057345746794,2.2551796045743115e-05,1.454019396327345e-06,258.3583892761438,699.6916019634791,True,True,True,True,True,True,True
0.838,0.079,0.005,0.045,0.033,1029.3134537392498,0.09173838772439007,9.997282153701493e-06,1.328153670291167e-07,254.23426651164624,700.6165343687089,False,True,True,True,True,True,False
0.895,0.044,0.004,0.026000000000000002,0.031,1018.9871430181631,0.06821538597648034,6.43411051262941e-06,1.1257139118841272e-07,250.2888178251108,671.373570729075,False,True,True,True,True,True,False
0.898,0.05,0.014,0.009000000000000001,0.029,1000.5917141578658,0.04853782244376055,5.257678480901107e-06,4.0401716468348155e-07,258.2761809460249,696.4639013099898,False,True,True,True,True,True,False
0.8049999999999999,0.10400000000000001,0.055,0.023,0.013000000000000001,437.13627134365066,0.06545464114807176,1.6470656525039957e-05,1.5363434121075297e-06,279.47363559566907,784.7821937899175,True,True,True,True,True,True,True
0.832,0.097,0.047,0.016,0.008,275.53647129657895,0.04879206111832753,1.3622254650024213e-05,1.3429269229814646e-06,277.7680921479642,775.0432002875624,True,True,True,True,True,True,True
0.915,0.025,0.018000000000000002,0.012,0.03,1026.866950557349,0.05495831280579617,6.6806449268565915e-06,5.1458131373163e-07,252.71093286887543,669.4205014541626,False,True,True,True,True,True,False
0.812,0.031,0.09,0.022,0.045,1486.3680676749802,0.10696657330406019,2.328750196740912e-05,2.471889107338767e-06,269.16682759359827,726.9073506665878,False,True,True,True,True,True,False
0.819,0.035,0.113,0.006,0.027,946.1623853455887,0.07948945634238068,2.6038789563221492e-05,3.283736519953699e-06,281.05083918264694,761.5993809654037,True,True,True,True,True,True,True
0.869,0.08,0.007,0.014,0.03,1018.4135776388451,0.05341120248647036,4.805171832724143e-06,2.0048722073120436e-07,262.268637109712,721.8463788842967,False,True,True,True,True,True,False
0.901,0.01,0.049,0.01,0.03,1034.8034248076972,0.06380421678418366,1.2877362276954748e-05,1.4049332430673009e-06,257.63169695053995,678.6542327605202,False,True,True,True,True,True,False
0.827,0.059000000000000004,0.047,0.036000000000000004,0.031,993.7054255380917,0.09452058909391647,1.6776416452184064e-05,1.2558635962129678e-06,262.56145061451764,717.4075811899148,True,True,True,True,True,True,True
0.848,0.006,0.034,0.107,0.005,139.34495813892795,0.1377811642633804,2.3892206968300057e-05,7.848320946340502e-07,232.7199467476949,608.2863518249038,True,True,True,True,True,True,True
0.892,0.053,0.014,0.025,0.016,533.579266803216,0.056296568361356145,8.275741056249915e-06,3.908730356676691e-07,256.34927965927915,692.0928097286766,True,True,True,True,True,True,True
0.854,0.036000000000000004,0.055,0.025,0.03,992.1625234731995,0.08410018168666543,1.668669010681675e-05,1.5139201804626784e-06,261.82769485324974,704.2978847231916,True,True,True,True,True,True,True
0.8089999999999999,0.04,0.081,0.058,0.012,370.27226225715293,0.11262951495274157,2.6568333541517604e-05,2.079099203422393e-06,263.33536254855943,712.7911490845859,True,True,True,True,True,True,True
0.812,0.02,0.06,0.10200000000000001,0.006,168.67622800633342,0.14193623115485182,2.7822081602671362e-05,1.397795049903467e-06,243.7323241835199,648.067839843806,True,True,True,True,True,True,True
0.897,0.042,0.033,0.019,0.009000000000000001,307.4861457653238,0.04869736342439408,1.114108754928221e-05,9.373749642693641e-07,260.5739443598884,699.3311657832753,True,True,True,True,True,True,True
0.841,0.065,0.032,0.05,0.012,376.45649819039363,0.08790443523501108,1.6032198278359777e-05,8.369911001920194e-07,258.4034146310613,706.1873029095717,True,True,True,True,True,True,True
0.872,0.094,0.013000000000000001,0.015,0.006,207.27835118368702,0.032996516890067926,6.20065674792503e-06,3.7499275887897715e-07,268.7172460924533,744.9230235585557,True,True,True,True,True,True,True
0.838,0.10400000000000001,0.046,0.007,0.005,177.1267578344999,0.033155838263494615,1.1792553880067603e-05,1.3496663551616827e-06,281.4207810336547,787.8022339883129,True,True,True,True,True,True,True
0.804,0.065,0.005,0.089,0.037,1035.393799341442,0.13715597853498052,1.6478857499238188e-05,1.1956798550214922e-07,240.6459639963646,658.5145751152427,False,True,True,True,True,True,False
0.825,0.096,0.048,0.012,0.019,655.0972472071445,0.0548919071108117,1.3113160307576905e-05,1.3750508164665693e-06,277.84518494448395,775.7269949421991,True,True,True,True,True,True,True
0.843,0.097,0.044,0.012,0.004,140.08495747459202,0.03830655902365482,1.2275527559259406e-05,1.274787682056817e-06,278.21665997029334,775.431167240692,True,True,True,True,True,True,True
0.86,0.077,0.008,0.024,0.031,1023.3819430280428,0.0671408987933523,6.9133626360381065e-06,2.225813844554401e-07,259.46954700479284,713.2822297474602,False,True,True,True,True,True,False
0.848,0.083,0.055,0.005,0.009000000000000001,319.54455078600336,0.03793020513859159,1.3365729508323666e-05,1.6191782402114706e-06,278.97795002686354,771.9178935231344,True,True,True,True,True,True,True
0.865,0.07100000000000001,0.031,0.005,0.028,977.8182518722805,0.04846608356222992,8.128441209653557e-06,9.005309631045917e-07,268.5345258035799,736.5556140691908,True,True,True,True,True,True,True
0.82,0.066,0.006,0.083,0.025,715.2221065940123,0.12305565322506377,1.5887761902346927e-05,1.4601759802795553e-07,243.43519810430573,665.4130131456832,True,True,True,True,True,True,True
0.9359999999999999,0.019,0.009000000000000001,0.006,0.03,1044.152121146628,0.04375312278150051,3.546216959745562e-06,2.633289434431331e-07,250.3621266483253,658.8153979891737,False,True,True,True,True,True,False
0.826,0.108,0.05,0.004,0.012,425.52322563958546,0.03772682740420773,1.210336563338667e-05,1.4710269785422328e-06,283.5195615179419,796.49561759403,True,True,True,True,True,True,True
0.8059999999999999,0.063,0.004,0.08600000000000001,0.041,1152.2708034821944,0.1372775800867711,1.5902412803965433e-05,9.658094255936421e-08,240.2941507587178,656.702175483057,False,True,True,True,True,True,False
0.802,0.056,0.018000000000000002,0.097,0.027,747.5826189768754,0.14047910341844203,1.9806755116118285e-05,4.1923629480669516e-07,240.84675951089514,655.3501026218814,True,True,True,True,True,True,True
0.808,0.123,0.005,0.056,0.008,247.55350712607307,0.08181609950603691,1.1800839740325795e-05,1.3119017741025382e-07,263.9470613757121,747.2023876368763,True,True,True,True,True,True,True
0.847,0.026000000000000002,0.073,0.024,0.03,996.0699552904115,0.08936200935630366,2.0210277480836646e-05,2.0158507386234098e-06,264.3471306566649,708.0972069623465,True,True,True,True,True,True,True
0.894,0.031,0.061,0.005,0.009000000000000001,320.3203473371506,0.040277341957285336,1.4638805335578728e-05,1.800021056040952e-06,268.385839774889,717.6909612967625,True,True,True,True,True,True,True
0.87,0.006,0.054,0.048,0.022,689.8938119003369,0.10203803641590778,1.994243588240377e-05,1.4121259980131278e-06,249.9613988671042,656.9187115950158,True,True,True,True,True,True,True
0.873,0.004,0.004,0.111,0.008,218.91088166692722,0.13454984438038978,1.922441650478283e-05,9.369081733416546e-08,223.40092952942624,579.0090318656764,True,True,True,True,True,True,True
0.816,0.045,0.1,0.011,0.028,965.6445095958093,0.0817878265421486,2.3958505017572323e-05,2.862132364565615e-06,278.8287443100133,759.3908449250241,True,True,True,True,True,True,True
0.895,0.008,0.044,0.022,0.031,1033.4136019876105,0.07770337880563871,1.3902420633537238e-05,1.2213055851822672e-06,253.07128889135825,665.1987450113759,False,True,True,True,True,True,False
0.815,0.005,0.034,0.115,0.031,824.4056549204455,0.162648772443888,2.4572383686673837e-05,7.597305678235265e-07,228.6463296490069,599.343580006023,True,True,True,True,True,True,True
0.842,0.026000000000000002,0.038,0.06,0.034,1024.0390506188144,0.11887844533222491,1.8499004543250494e-05,9.571554981178412e-07,246.85327173710553,658.229591357706,False,True,True,True,True,True,False
0.802,0.01,0.135,0.047,0.006,192.88575103961242,0.11450675444890854,3.594396456732651e-05,3.58440815109048e-06,273.1764123004305,729.587509907763,True,True,True,True,True,True,True
0.9299999999999999,0.007,0.026000000000000002,0.007,0.03,1042.5657148712542,0.051416495222843,7.402043611884179e-06,7.526542609717472e-07,251.70465722578467,658.3650230781126,False,True,True,True,True,True,False
0.829,0.017,0.083,0.039,0.032,1020.2382569441413,0.11109848251937374,2.432689718955737e-05,2.2041137937403197e-06,261.24723107913354,696.9637882667747,False,True,True,True,True,True,False
0.859,0.005,0.064,0.051000000000000004,0.021,654.3757837035876,0.10764592975337553,2.2301132234708493e-05,1.6626154522242796e-06,251.69264407810917,662.2516987429872,True,True,True,True,True,True,True
0.849,0.048,0.011,0.058,0.034,1027.1356939597156,0.10809705862950506,1.3166934289694796e-05,2.799602820375994e-07,245.506493044931,662.5302100733397,False,True,True,True,True,True,False
0.812,0.006,0.033,0.11800000000000001,0.031,819.0189074890569,0.1646270734197041,2.4732865478616813e-05,7.327907859772101e-07,227.93957890383444,597.9156399477065,True,True,True,True,True,True,True
0.804,0.013000000000000001,0.135,0.044,0.004,130.39469520332548,0.10959304465236856,3.5668600212239134e-05,3.6161340258831564e-06,274.7150429783845,734.9908318644577,True,True,True,True,True,True,True
0.802,0.129,0.015,0.03,0.024,782.4996188683862,0.0700671556839214,9.45536899639868e-06,4.093079086007842e-07,272.5831795672772,775.3799221525384,True,True,True,True,True,True,True
0.843,0.007,0.07100000000000001,0.044,0.035,1098.9561977069538,0.11482063279966492,2.2612217706545408e-05,1.858637276810447e-06,254.4579388745423,672.5957544781362,False,True,True,True,True,True,False
0.872,0.005,0.055,0.058,0.01,309.2232916796798,0.1025087880534832,2.1592524849748358e-05,1.4151078261759754e-06,248.64342381646375,652.195113774073,True,True,True,True,True,True,True
0.962,0.016,0.008,0.005,0.009000000000000001,319.44366150036035,0.020261194940029564,3.0006290111639517e-06,2.3902749673819383e-07,251.26758440814794,657.7122753253811,True,True,True,True,True,True,True
0.875,0.031,0.023,0.063,0.008,244.37621585486696,0.09542876239066249,1.6226297099710753e-05,5.859635334547225e-07,245.50577936844851,653.141920206297,True,True,True,True,True,True,True
0.874,0.016,0.029,0.07,0.011,329.3704000759228,0.10699959246372169,1.831763974965268e-05,7.250356722238601e-07,241.7223498752048,636.5030315094452,True,True,True,True,True,True,True
0.907,0.055,0.027,0.004,0.007,249.54337426990162,0.02385551145024934,6.994985124101476e-06,8.001975724763945e-07,265.6355008806811,718.2502136739035,True,True,True,True,True,True,True
0.909,0.021,0.016,0.023,0.031,1028.7480192235334,0.06890970892001343,8.325207520412042e-06,4.443955485104346e-07,248.68423622247985,656.706492344969,False,True,True,True,True,True,False
0.847,0.026000000000000002,0.033,0.06,0.034,1023.822628179293,0.11726372632230865,1.757053144108438e-05,8.314502313124571e-07,245.56764832623531,654.1787000410209,False,True,True,True,True,True,False
0.879,0.04,0.02,0.057,0.004,125.05780782589608,0.08464251363332123,1.478198670860048e-05,5.185135825541877e-07,248.51211761881578,664.9281371685169,True,True,True,True,True,True,True
0.802,0.009000000000000001,0.133,0.049,0.007,223.39095831346543,0.11676000489088335,3.573753073668232e-05,3.5112084104436375e-06,271.89720576833133,725.5437748997613,True,True,True,True,True,True,True
0.806,0.05,0.127,0.008,0.009000000000000001,318.7147782189476,0.06921806818459846,2.9612255660578293e-05,3.7205116985218135e-06,289.08929093530844,790.9780019867401,True,True,True,True,True,True,True
0.875,0.031,0.025,0.037,0.032,1022.3829139000001,0.08907473645249193,1.2563749483969366e-05,6.675575673913334e-07,250.06891526478947,667.0620651415484,False,True,True,True,True,True,False
0.8140000000000001,0.005,0.033,0.114,0.034,904.3247382938815,0.1636737368210519,2.4272155508478803e-05,7.376910030038604e-07,228.38094657511155,598.7533458349241,True,True,True,True,True,True,True
0.808,0.048,0.048,0.062,0.034,1018.667486963998,0.12392021732161175,2.0658721661677076e-05,1.2019973905106825e-06,254.1021099866211,690.1636804524879,False,True,True,True,True,True,False
0.929,0.006,0.007,0.026000000000000002,0.032,1052.7511844226883,0.07030455182594988,7.026276402323053e-06,1.9479886490555316e-07,242.10651542145592,630.4905076140607,False,True,True,True,True,True,False
0.806,0.13,0.012,0.028,0.024,786.5369938185347,0.06664334818442448,8.494397713205084e-06,3.2968386937305007e-07,272.5025526280513,775.255338707456,True,True,True,True,True,True,True
0.808,0.052000000000000005,0.126,0.01,0.004,142.05105230834846,0.06638007309686741,2.97394899827609e-05,3.68451058924786e-06,289.23490382439354,791.8762943447456,True,True,True,True,True,True,True
0.8240000000000001,0.132,0.006,0.019,0.019,640.263288891587,0.04859647899031535,5.584229119034075e-06,1.70902590378467e-07,273.86247383716227,778.5275899359757,True,True,True,True,True,True,True
0.858,0.006,0.061,0.051000000000000004,0.024,745.9779760263476,0.1092039102681589,2.170511505130551e-05,1.5813617427778432e-06,250.9212602047829,660.5957461694644,True,True,True,True,True,True,True
0.814,0.006,0.029,0.117,0.034,898.3081262506962,0.1647920654477483,2.3947885065190895e-05,6.444106196511287e-07,226.90564324013278,594.8974716289024,True,True,True,True,True,True,True
0.91,0.051000000000000004,0.004,0.006,0.029,1008.5694733174221,0.040831606666742015,2.510264712825532e-06,1.1888303993078237e-07,256.6239440973215,691.2535470107305,False,True,True,True,True,True,False
0.8049999999999999,0.005,0.028,0.12,0.042,1096.9811627805898,0.17215954378381684,2.4056386094379657e-05,6.155523921639843e-07,225.1080780069729,590.2318181213344,False,True,True,True,True,True,False
0.899,0.019,0.017,0.033,0.032,1033.2653584866907,0.08188629221491313,1.0275784746797564e-05,4.5970258207856275e-07,246.11960428696068,649.2784321262712,False,True,True,True,True,True,False
0.91,0.045,0.024,0.006,0.015,528.1134416246601,0.03393666974753032,6.7555658308207e-06,7.036517751456873e-07,261.4523981126265,702.3234400682168,True,True,True,True,True,True,True
0.823,0.14400000000000002,0.008,0.015,0.01,343.20066384902185,0.03513526913815494,5.211325489747477e-06,2.3067560590318664e-07,278.7891279354141,797.2039514109451,True,True,True,True,True,True,True
0.885,0.005,0.024,0.082,0.004,118.19081321333593,0.11151139982940003,1.905364496340959e-05,5.86847821954846e-07,235.68329627494506,613.7794736888188,True,True,True,True,True,True,True
0.87,0.046,0.056,0.012,0.016,554.3612951003787,0.054954229734625444,1.4788890020412524e-05,1.6113045026248782e-06,268.46425195665097,725.7521238316401,True,True,True,True,True,True,True
0.877,0.055,0.013000000000000001,0.043000000000000003,0.012,382.9729475545668,0.0737197687221664,1.1197129098335105e-05,3.477719671337871e-07,252.77585968135426,683.5209127178068,True,True,True,True,True,True,True
0.847,0.009000000000000001,0.126,0.013000000000000001,0.005,175.97310019691645,0.07135959556681484,3.01214133917053e-05,3.6581634002116305e-06,278.44094630116234,741.1440536518451,True,True,True,True,True,True,True
0.916,0.02,0.041,0.008,0.015,526.1497010191329,0.043090388775479285,1.0813325195317343e-05,1.1951092579666779e-06,259.5292921892777,686.5122822741629,True,True,True,True,True,True,True
0.874,0.014,0.039,0.063,0.01,305.0881466238147,0.10236873536584601,1.9234991448846892e-05,9.913941416409123e-07,245.492437080073,646.5405159111451,True,True,True,True,True,True,True
0.973,0.005,0.004,0.012,0.006,209.52787662434338,0.025627876759790492,3.5725230861720677e-06,1.194708453885725e-07,246.31187607212792,638.2409017187151,True,True,True,True,True,True,True
0.916,0.004,0.037,0.027,0.016,532.3339337651562,0.06703914016376426,1.3327859261974862e-05,1.0252119432850285e-06,250.36812065481945,653.866068610268,True,True,True,True,True,True,True
0.951,0.007,0.021,0.014,0.007,243.10862326525756,0.035700394225724005,7.626508510537881e-06,6.07514249398931e-07,250.61605032028262,652.9960793107704,True,True,True,True,True,True,True
0.929,0.006,0.025,0.023,0.017,570.8864066397001,0.05878846196599268,1.0157581136190967e-05,7.002518131754707e-07,248.584092491208,648.6341538848628,True,True,True,True,True,True,True
0.915,0.022,0.028,0.006,0.029,1010.9401488180615,0.04979250949271916,7.646609525508492e-06,8.126035517424826e-07,256.02182156858316,677.7359720770355,False,True,True,True,True,True,False
0.8200000000000001,0.081,0.038,0.029,0.032,1042.8381828947727,0.08442705861120801,1.3880118382586936e-05,1.032123668254823e-06,266.89822816355536,739.0871345815162,False,True,True,True,True,True,False
0.8049999999999999,0.004,0.029,0.116,0.046,1208.9126970651114,0.17223329696740616,2.3736830079985895e-05,6.41315548656949e-07,225.73211965757235,591.7615913964694,False,True,True,True,True,True,False
0.8260000000000001,0.129,0.004,0.023,0.018000000000000002,600.4909994294413,0.052002653863792846,5.932278037581086e-06,1.1387683991767921e-07,271.8176411305048,771.2822719210052,True,True,True,True,True,True,True
0.852,0.044,0.06,0.015,0.029,986.3833864354651,0.07300704136834939,1.609317331468094e-05,1.6962201208773818e-06,267.33037769406263,723.4009419830235,True,True,True,True,True,True,True
0.95,0.01,0.004,0.006,0.03,1044.2771895601313,0.041912167676583095,2.459234072354595e-06,1.1914826768931476e-07,246.97619999305743,644.5355969027969,False,True,True,True,True,True,False
0.84,0.044,0.043000000000000003,0.041,0.032,1012.1388797059212,0.09949133810232937,1.6740139238548804e-05,1.134700135252314e-06,256.81580805181204,694.079778783601,False,True,True,True,True,True,False
0.832,0.005,0.08600000000000001,0.044,0.033,1038.4249522314196,0.11816942791521143,2.5562302337632042e-05,2.255237208462194e-06,258.00232271518774,682.7145446680239,False,True,True,True,True,True,False
0.843,0.009000000000000001,0.059000000000000004,0.055,0.034,1038.363568861425,0.12093176639919818,2.1782182074428372e-05,1.5044468603172059e-06,249.42030940971657,658.8423921271329,False,True,True,True,True,True,False
0.813,0.137,0.004,0.019,0.027,903.9633959302823,0.0556305463720787,5.211095200920547e-06,1.1424207823448674e-07,273.893681471445,781.625285148969,True,True,True,True,True,True,True
0.888,0.049,0.024,0.01,0.029,998.3092645891988,0.053525913273488615,7.59607691261765e-06,6.885372074511621e-07,260.3857037951579,702.8434142280377,True,True,True,True,True,True,True
0.8039999999999999,0.07200000000000001,0.078,0.006,0.04,1383.186538566719,0.07917841779691714,1.839430590765122e-05,2.2386302323033246e-06,279.67940040068294,773.7266927975692,False,True,True,True,True,True,False
0.837,0.019,0.051000000000000004,0.059000000000000004,0.034,1027.3850380484973,0.12215149434115354,2.0799878824434247e-05,1.2876125003208887e-06,248.78782315978773,661.390828693613,False,True,True,True,True,True,False
0.8059999999999999,0.01,0.135,0.039,0.01,325.8937918181029,0.10961045808717514,3.5034810198418396e-05,3.647267907039806e-06,274.68437098519615,733.7785841761474,True,True,True,True,True,True,True
0.91,0.031,0.025,0.005,0.029,1013.298990577094,0.04732030459655932,6.811738094028025e-06,7.27521679323321e-07,257.5787472063585,686.1186826444336,False,True,True,True,True,True,False
0.809,0.024,0.064,0.084,0.019,546.9401774501423,0.13736314217387965,2.6405513223263183e-05,1.5393564111271166e-06,248.77626817246656,664.8048832232084,True,True,True,True,True,True,True
0.8119999999999999,0.096,0.006,0.051000000000000004,0.035,1073.1220510345809,0.1000308642795293,1.1166678852494271e-05,1.5609919970156574e-07,256.94098126312093,717.0008226812258,False,True,True,True,True,True,False
0.812,0.065,0.057,0.051000000000000004,0.015,468.6296746006802,0.0999292790265635,2.101300643049284e-05,1.4832666521552175e-06,264.3625441434113,725.489150814847,True,True,True,True,True,True,True
0.838,0.016,0.075,0.039,0.032,1019.9112768589843,0.10836907895540616,2.2751002360699902e-05,1.9914166307590564e-06,258.9600606262768,689.3495700829646,False,True,True,True,True,True,False
0.806,0.011,0.114,0.022,0.047,1553.0053736857367,0.11738405921478365,2.8192568979278955e-05,3.1313521075731662e-06,270.51030146639266,723.3783390635966,False,True,True,True,True,True,False
0.854,0.031,0.015,0.096,0.004,114.42856962478203,0.12165814571449553,1.9277336710001896e-05,3.5592431057147136e-07,236.25502123618136,627.8586065754558,True,True,True,True,True,True,True
0.829,0.005,0.098,0.025,0.043000000000000003,1412.8466617293982,0.11133419924321558,2.5351080829918783e-05,2.6780809368774424e-06,264.63056680732063,702.3319116967452,False,True,True,True,True,True,False
0.81,0.019,0.018000000000000002,0.147,0.006,153.22940263363333,0.16506709017948185,2.555634295943471e-05,3.828569837275406e-07,222.46793904622876,586.6057633891988,True,True,True,True,True,True,True
0.9339999999999999,0.011,0.014,0.026000000000000002,0.015,500.1001062819851,0.056674327594604564,8.416041930334622e-06,3.909369871531638e-07,246.39599431274675,643.894104515421,True,True,True,True,True,True,True
0.829,0.023,0.054,0.09,0.004,116.31326443537556,0.1281411169647513,2.544994129598563e-05,1.2934833463458551e-06,245.77252815250515,653.8668445708157,True,True,True,True,True,True,True
0.833,0.027,0.112,0.012,0.016,556.4447107212345,0.07574532176426713,2.6808564529552497e-05,3.229547452133574e-06,278.4179712666326,749.5196511272694,True,True,True,True,True,True,True
0.812,0.055,0.081,0.035,0.017,553.3803113217369,0.09258055049730204,2.3544131813957912e-05,2.1923756234194792e-06,271.6778729836848,742.6710383972666,True,True,True,True,True,True,True
0.865,0.008,0.028,0.091,0.008,229.0934476632034,0.12422496840891319,2.090676424795068e-05,6.686440700816667e-07,235.05563658342763,614.6900983522079,True,True,True,True,True,True,True
0.868,0.044,0.018000000000000002,0.052000000000000005,0.018000000000000002,558.8425051743344,0.09067747448288187,1.359728735980204e-05,4.681031404870465e-07,248.98089040390678,669.0881302716246,True,True,True,True,True,True,True
0.865,0.057,0.008,0.054,0.016,494.6216812833725,0.08774473483248008,1.2005688542424094e-05,2.0881821255198063e-07,249.14611275423496,674.834805857409,True,True,True,True,True,True,True
0.901,0.008,0.049,0.012,0.03,1029.0953889115722,0.06634016383099516,1.3225085680376512e-05,1.3975086392556132e-06,256.7087882366057,675.2113545592088,False,True,True,True,True,True,False
0.853,0.038,0.014,0.08600000000000001,0.009000000000000001,259.822384983314,0.11599283149355179,1.777265938291981e-05,3.387552752275952e-07,239.51771261024288,640.2473218105705,True,True,True,True,True,True,True
0.899,0.029,0.006,0.034,0.032,1029.6490815070977,0.07920271879994524,8.262729095370315e-06,1.6382569918135544e-07,245.40233706029917,651.1501230258986,False,True,True,True,True,True,False
0.924,0.029,0.006,0.011,0.03,1028.983596536801,0.049266460164423535,3.948472073416343e-06,1.7426653921943016e-07,250.7882259348285,664.829012741573,False,True,True,True,True,True,False
0.8069999999999999,0.019,0.121,0.007,0.046,1585.4904354632517,0.10230057155155953,2.765865498960618e-05,3.4601628881950594e-06,277.6656286322795,747.0237355746539,False,True,True,True,True,True,False
0.897,0.008,0.006,0.044,0.045,1399.034231764996,0.10163890392567493,9.952154052195554e-06,1.5851018328449794e-07,237.21139915964525,619.8688900708518,False,True,True,True,True,True,False
0.804,0.006,0.053,0.121,0.016,425.16467739685646,0.16229920476045287,2.8499022679564985e-05,1.1790362063483168e-06,233.56396121701113,614.175307188513,True,True,True,True,True,True,True
0.935,0.01,0.018000000000000002,0.007,0.03,1042.0330495054295,0.04844539602571088,5.669138414662466e-06,5.219603942434054e-07,250.34780183115757,655.2932167989874,False,True,True,True,True,True,False
0.8069999999999999,0.037,0.022,0.088,0.046,1284.7180441294647,0.1482291494175692,1.9259154052567967e-05,5.164530073711626e-07,238.00931336160463,639.9639636276968,False,True,True,True,True,True,False
0.845,0.07100000000000001,0.011,0.04,0.033,1043.192797342909,0.08836906312021124,1.0321650116797332e-05,2.923864420219322e-07,255.04732791023324,699.3058790137778,False,True,True,True,True,True,False
0.842,0.028,0.017,0.105,0.008,221.78529385973133,0.13316073105239054,2.0719606283549565e-05,3.9420922504144323e-07,233.71157701483082,620.3295996746597,True,True,True,True,True,True,True
0.95,0.008,0.008,0.004,0.03,1050.5266805234876,0.04068218503571824,2.9032887963463973e-06,2.3591217597033636e-07,247.99274550789102,646.6723549586852,False,True,True,True,True,True,False
0.838,0.038,0.02,0.095,0.009000000000000001,254.6443385630087,0.12602370809575675,2.0003905595154616e-05,4.7316936573238314e-07,239.0120950310715,639.8488454631351,True,True,True,True,True,True,True
0.802,0.093,0.069,0.005,0.031,1081.1128883647068,0.0655967884543692,1.6359900753541634e-05,1.997026500736882e-06,283.19529000013665,791.9662519710107,False,True,True,True,True,True,False
0.8240000000000001,0.026000000000000002,0.057,0.076,0.017,499.33698783383704,0.12639485933485223,2.4215432053201512e-05,1.3979158771508628e-06,249.4193139339354,666.3219277737279,True,True,True,True,True,True,True
0.886,0.031,0.004,0.067,0.012,360.8772833878038,0.09675043744344128,1.3238140641564547e-05,1.0311130168484419e-07,239.40130047696744,634.9286504258723,True,True,True,True,True,True,True
0.817,0.063,0.099,0.015,0.006,208.78724070702464,0.06471867257691628,2.456858224921934e-05,2.847377800803944e-06,283.5731787216804,779.3472674480469,True,True,True,True,True,True,True
0.8029999999999999,0.043000000000000003,0.132,0.017,0.005,173.95315835852037,0.0784951418695857,3.1935329935103433e-05,3.7863168583203665e-06,287.0071923856166,782.3000712417744,True,True,True,True,True,True,True
0.861,0.039,0.012,0.07,0.018000000000000002,534.5548378849076,0.10720127645331491,1.5158026240035663e-05,2.999099645265713e-07,242.17752964114337,648.0284391334009,True,True,True,True,True,True,True
0.937,0.024,0.009000000000000001,0.014,0.016,550.3747098013567,0.04034928892798018,5.114432705756465e-06,2.6035821770961093e-07,250.79907892062968,661.5099612809887,True,True,True,True,True,True,True
0.954,0.007,0.015,0.013000000000000001,0.011,381.4267475074235,0.03618489860221942,6.1545300847377864e-06,4.347714589708545e-07,248.9880306724792,648.2364394666727,True,True,True,True,True,True,True
0.827,0.043000000000000003,0.056,0.056,0.018000000000000002,554.285637434128,0.10741256663829613,2.1474388308877777e-05,1.4379389794006242e-06,257.600419375668,696.3974294336713,True,True,True,True,True,True,True
0.924,0.018000000000000002,0.016,0.032,0.01,329.5743274919517,0.060012161453135676,9.901627452380437e-06,4.408543156454147e-07,247.56925238114204,650.5696258313683,True,True,True,True,True,True,True
0.898,0.014,0.061,0.018000000000000002,0.009000000000000001,309.1822149347959,0.05767013449339595,1.687415474696508e-05,1.7385056533930307e-06,261.45913818419007,690.775364021267,True,True,True,True,True,True,True
0.883,0.057,0.039,0.014,0.007,242.9435907756215,0.04226667427439858,1.1527085279534477e-05,1.1233891784445507e-06,266.91101194096825,724.3998838073516,True,True,True,True,True,True,True
0.816,0.11900000000000001,0.005,0.047,0.013000000000000001,409.16976362564697,0.07626487598500106,1.0343004064654745e-05,1.3369920732907192e-07,264.6739241353235,747.3139105684514,True,True,True,True,True,True,True
0.8069999999999999,0.021,0.11800000000000001,0.024,0.03,998.3615035293325,0.10540097735074669,2.9490880239162546e-05,3.263247190534769e-06,274.73977177470306,738.8640127636982,True,True,True,True,True,True,True
0.814,0.131,0.008,0.012,0.035,1187.921334947759,0.056014853522186894,4.7075164101213835e-06,2.2836117041743237e-07,274.4915394199044,781.1732374836865,False,True,True,True,True,True,False
0.814,0.098,0.052000000000000005,0.005,0.031,1080.0017542753512,0.05925574775945955,1.2681225328696763e-05,1.5043878399820394e-06,279.9985949290579,783.8813977752237,False,True,True,True,True,True,False
0.8049999999999999,0.062,0.028,0.07,0.035,1026.4299036799443,0.12579158715239866,1.8043456273218785e-05,6.880315461706086e-07,250.33340285377065,685.0786543605003,False,True,True,True,True,True,False
0.845,0.032,0.114,0.004,0.005,180.01017061120044,0.05491278155585908,2.621536892152843e-05,3.3884835837124853e-06,282.77281639234315,762.8193725788781,True,True,True,True,True,True,True
0.804,0.046,0.006,0.1,0.044,1196.467377928453,0.1517663978275558,1.804578928293547e-05,1.3909410123592801e-07,233.4204456731274,630.4591484333763,False,True,True,True,True,True,False
0.817,0.008,0.125,0.007,0.043000000000000003,1486.427565494548,0.10093970328167676,2.8561078636553073e-05,3.5847353472083906e-06,276.3620293230086,738.1258524173227,False,True,True,True,True,True,False
0.812,0.025,0.062,0.081,0.02,579.2404130018098,0.13484844856619072,2.5690912826719147e-05,1.5004221823491771e-06,249.10085086589163,665.9538641616097,True,True,True,True,True,True,True
0.842,0.015,0.10200000000000001,0.012,0.029,997.8369672409534,0.08481210062348558,2.451976285564992e-05,2.9131878861166845e-06,272.03568421219876,726.2159563454962,True,True,True,True,True,True,True
0.908,0.011,0.039,0.012,0.03,1028.4768580096438,0.06266963487494843,1.1105351048246952e-05,1.112420134453611e-06,254.83776668602692,670.5194049064272,False,True,True,True,True,True,False
0.818,0.033,0.10300000000000001,0.017,0.029,983.3827693486587,0.0910587599387887,2.5454083375782793e-05,2.900623354050902e-06,275.35779263410967,744.5599241768674,True,True,True,True,True,True,True
0.931,0.005,0.006,0.026000000000000002,0.032,1052.7436238891921,0.06995579723699989,6.8200107644631225e-06,1.67471489903205e-07,241.6189378935565,628.5466581238773,False,True,True,True,True,True,False
0.8029999999999999,0.018000000000000002,0.14400000000000002,0.007,0.028,979.807883936683,0.09338796924192053,3.2892045090683035e-05,4.1777315076380605e-06,284.7387713160293,766.6829311101112,True,True,True,True,True,True,True
0.834,0.055,0.07,0.012,0.029,994.7061109029004,0.07292963858980923,1.771952842961318e-05,1.9942127575448738e-06,273.1499688976729,745.7514836520231,True,True,True,True,True,True,True
0.875,0.004,0.076,0.015,0.03,1022.0056172715476,0.07991622471110033,1.944699067406995e-05,2.1511154342454544e-06,262.02764243088905,690.7821179497297,False,True,True,True,True,True,False
0.878,0.006,0.082,0.008,0.026000000000000002,906.341385243533,0.06952199341834436,1.9635437501385608e-05,2.372369939196328e-06,265.9421435846265,702.4879810691225,True,True,True,True,True,True,True
0.859,0.047,0.006,0.084,0.004,117.35215767997953,0.10767718197698221,1.608897366006615e-05,1.4784062502391944e-07,240.40637705977207,645.7660402589601,True,True,True,True,True,True,True
0.914,0.005,0.042,0.009000000000000001,0.03,1037.5788445297144,0.05995297302559573,1.1198234769060127e-05,1.2079117735447247e-06,254.89441603456083,667.8852111078537,False,True,True,True,True,True,False
0.819,0.039,0.057,0.052000000000000005,0.033,1014.9785621838629,0.1163602109251918,2.1018018461255393e-05,1.4632619302119075e-06,256.6666884005165,693.1889233050259,False,True,True,True,True,True,False
0.887,0.067,0.008,0.008,0.03,1036.211598227684,0.045978323095293566,3.7990711999890643e-06,2.325558275864762e-07,260.85509408690206,711.388274907353,False,True,True,True,True,True,False
0.8240000000000001,0.004,0.105,0.023,0.044,1452.9653776873888,0.11257010420665961,2.6503409723239623e-05,2.8828736962148595e-06,266.5715613100583,707.9133845327108,False,True,True,True,True,True,False
0.945,0.017,0.021,0.013000000000000001,0.004,139.83742187432102,0.031256246917263475,7.437016910004396e-06,6.102695750734277e-07,253.40859676300258,665.3079301996959,True,True,True,True,True,True,True
0.818,0.024,0.026000000000000002,0.095,0.037,1023.5496637238558,0.14866478231074076,2.0870551980138597e-05,6.04275803737903e-07,235.10741869870947,625.4213407711285,False,True,True,True,True,True,False
0.808,0.042,0.03,0.116,0.004,109.77175673495704,0.14320073442178466,2.4242766016303587e-05,6.7896466902916e-07,238.12805505995374,640.8284416759594,True,True,True,True,True,True,True
0.883,0.022,0.016,0.046,0.033,1029.3118879179087,0.09667093616385203,1.2225841863990468e-05,4.186691833553214e-07,243.5286864922319,644.1608880119351,False,True,True,True,True,True,False
0.943,0.004,0.017,0.006,0.03,1045.1942705312015,0.046749850704446566,5.246470541836603e-06,4.946397204782926e-07,248.91860010146536,648.2487993075056,False,True,True,True,True,True,False
0.893,0.004,0.017,0.052000000000000005,0.034,1044.4978000607134,0.10416599959708896,1.3352754927192704e-05,4.382522777216128e-07,238.13936640655922,620.8851010239473,False,True,True,True,True,True,False
0.812,0.048,0.008,0.095,0.037,1022.0463868836327,0.14320127988134207,1.778510336597261e-05,1.8743755409262515e-07,236.0843193047745,638.1180654628818,False,True,True,True,True,True,False
0.888,0.016,0.04,0.025,0.031,1024.5357364113152,0.07979176094908395,1.358002115540088e-05,1.1014033533085253e-06,253.22793629171895,669.2954783968659,False,True,True,True,True,True,False
0.927,0.008,0.007,0.054,0.004,125.95659209466561,0.07713231002720337,1.1787234128632015e-05,1.8512485915070096e-07,238.38678152933144,619.7796152811201,True,True,True,True,True,True,True
0.917,0.022,0.018000000000000002,0.013000000000000001,0.03,1024.1289097587728,0.05624831594570575,6.8636446208967295e-06,5.132770287212155e-07,251.78274352931462,665.4260199866075,False,True,True,True,True,True,False
0.8260000000000001,0.013000000000000001,0.111,0.02,0.03,1009.3081562377189,0.09843407581184908,2.7524883866629283e-05,3.1022890892755644e-06,271.9828273217402,726.4383948327164,False,True,True,True,True,True,False
0.829,0.026000000000000002,0.013000000000000001,0.095,0.037,1022.9687216708064,0.14479103172855612,1.863032016650761e-05,3.0330702322345643e-07,232.23532299203066,617.1636605318173,False,True,True,True,True,True,False
0.942,0.006,0.004,0.017,0.031,1045.7764529793178,0.05726850086177461,4.686284065449464e-06,1.1559129122898537e-07,243.4635532596855,633.4412309515736,False,True,True,True,True,True,False
0.815,0.015,0.019,0.136,0.015,385.900344381366,0.16326487501601852,2.4507269969403174e-05,4.1103140132385515e-07,223.5920748522803,588.2113831234037,True,True,True,True,True,True,True
0.851,0.019,0.054,0.062,0.014,426.5874227165204,0.10955691007872492,2.1912013700460328e-05,1.3716595897284182e-06,250.43082615082335,664.4773286864727,True,True,True,True,True,True,True
0.915,0.021,0.005,0.051000000000000004,0.008,251.51563455003142,0.07660042910593652,1.0923888878244373e-05,1.3367222683473366e-07,241.27863749865335,634.2060634868095,True,True,True,True,True,True,True
0.859,0.056,0.007,0.074,0.004,120.00811224131262,0.09813280652062811,1.4862877006059308e-05,1.7596507827443793e-07,245.04041170348074,662.649682702323,True,True,True,True,True,True,True
0.804,0.029,0.052000000000000005,0.10300000000000001,0.012,332.8011322161006,0.14474536260702028,2.648837515104703e-05,1.2040191538875943e-06,243.08220101643698,650.5072357923036,True,True,True,True,True,True,True
0.9319999999999999,0.047,0.004,0.007,0.01,352.1298519231332,0.02266292138576523,2.600263530950249e-06,1.2038117865460944e-07,256.9424249357974,688.4144653858962,True,True,True,True,True,True,True
0.891,0.058,0.024,0.017,0.01,342.77676217609763,0.04376451510164827,8.890713539617406e-06,6.850886469933311e-07,262.3737246519804,711.2734637726315,True,True,True,True,True,True,True
0.935,0.011,0.004,0.019,0.031,1039.842679362198,0.059761393825038714,5.079514165079216e-06,1.1493555012469492e-07,244.17565397807644,637.9550500363931,False,True,True,True,True,True,False
0.918,0.012,0.018000000000000002,0.021,0.031,1034.8132661771874,0.06722251550361727,8.353744113353073e-06,5.023814444864977e-07,247.5514604500551,649.2650349150939,False,True,True,True,True,True,False
0.804,0.073,0.007,0.111,0.005,137.6466344796458,0.13295346014102102,1.9775769599263318e-05,1.616569691758331e-07,240.5142746976394,660.2297694366904,True,True,True,True,True,True,True
0.844,0.056,0.043000000000000003,0.012,0.045,1522.9077139833923,0.07857751947995655,1.198633967069177e-05,1.2104475673963074e-06,265.2028122790436,723.0933691797958,False,True,True,True,True,True,False
0.804,0.006,0.043000000000000003,0.14300000000000002,0.004,104.17528967855733,0.16775238642484352,2.9147651961457793e-05,9.207804990411529e-07,226.92178711010658,594.6630060019551,True,True,True,True,True,True,True
0.835,0.007,0.081,0.066,0.011,333.5768875806908,0.11983804130449545,2.7529039320077166e-05,2.0435318910872408e-06,253.89242008611888,670.7361154915709,True,True,True,True,True,True,True
0.847,0.026000000000000002,0.004,0.076,0.047,1348.3782739422127,0.1332700113575145,1.4469180499634665e-05,9.865188069152347e-08,233.46737700039984,619.7698446119683,False,True,True,True,True,True,False
0.8119999999999999,0.022,0.048,0.082,0.036000000000000004,1027.7226306354441,0.14365866272099928,2.3166316481845333e-05,1.1475589121769084e-06,243.33172279225874,648.6902459012747,False,True,True,True,True,True,False
0.8089999999999999,0.067,0.056,0.036000000000000004,0.032,1025.1134062645324,0.09846973012667379,1.8566624687781902e-05,1.4947656174111002e-06,266.6617943624261,733.6670615984642,False,True,True,True,True,True,False
0.8089999999999999,0.079,0.04,0.065,0.007,213.03723239118915,0.10198712052947369,1.974208827026833e-05,1.011367260182696e-06,260.70134069338656,720.4150459661992,True,True,True,True,True,True,True
0.8099999999999999,0.022,0.046,0.084,0.038,1078.2491769976746,0.14626101454092671,2.302803639191328e-05,1.0934931518803383e-06,242.20669679448181,645.6600073396704,False,True,True,True,True,True,False
0.924,0.015,0.02,0.011,0.03,1030.251943747229,0.05442026138756643,6.89982028124197e-06,5.732137719426801e-07,251.11673355951115,660.2577669159111,False,True,True,True,True,True,False
0.92,0.01,0.018000000000000002,0.021,0.031,1034.8935794507236,0.0672276550145523,8.351087623960964e-06,5.024284588946876e-07,247.08471806037775,646.991930167036,False,True,True,True,True,True,False
0.846,0.04,0.02,0.06,0.034,1022.7600133678457,0.11301189082156873,1.5138022239382336e-05,5.045452828844678e-07,245.49628547184852,659.5601984428561,False,True,True,True,True,True,False
0.9,0.019,0.026000000000000002,0.024,0.031,1026.521558896572,0.07365342021111634,1.0552083295328505e-05,7.184695718495481e-07,250.55652330455052,661.9477942516619,False,True,True,True,True,True,False
0.861,0.052000000000000005,0.043000000000000003,0.039,0.005,163.11950546722514,0.07303486072681133,1.6551552008894467e-05,1.1617336657000764e-06,261.2392038857229,707.5918239797938,True,True,True,True,True,True,True
0.838,0.007,0.07200000000000001,0.075,0.008,238.3296786531675,0.1231325548398632,2.6935520005617795e-05,1.7816396744037602e-06,249.76350141736214,658.5472793650644,True,True,True,True,True,True,True
0.8069999999999999,0.008,0.055,0.093,0.037,1029.8968239847936,0.15576805950622902,2.566603779335196e-05,1.2829429781363489e-06,239.27849492259267,631.8988965513493,False,True,True,True,True,True,False
0.86,0.058,0.031,0.004,0.047,1623.143623354931,0.06624433133693632,7.971188757051885e-06,8.906362016557488e-07,264.2495644993682,720.0768603351876,False,True,True,True,True,True,False
0.837,0.058,0.037,0.021,0.047,1549.0763875983698,0.08884560618525407,1.230485223127605e-05,1.0159375359074927e-06,261.92699014280566,715.007730694227,False,True,True,True,True,True,False
0.868,0.005,0.038,0.055,0.034,1037.578422971265,0.11407333582048282,1.778692644966095e-05,9.694370529428954e-07,243.08715661046153,637.2821129830065,False,True,True,True,True,True,False
0.933,0.004,0.014,0.018000000000000002,0.031,1043.4764577872709,0.062121241361663526,6.959036514088625e-06,3.947182080299062e-07,245.33887490344745,638.6858355190354,False,True,True,True,True,True,False
0.832,0.074,0.019,0.042,0.033,1038.0794050079048,0.09322767901816595,1.2217989953621744e-05,5.004037607940618e-07,257.3468373307707,708.0265047560998,False,True,True,True,True,True,False
0.833,0.07,0.032,0.033,0.032,1031.990481599685,0.08690104094262002,1.3319144624545708e-05,8.610400573829185e-07,261.8771640053908,719.3893699002253,False,True,True,True,True,True,False
0.883,0.089,0.008,0.012,0.008,277.95905194172593,0.029076700574353336,4.53960465140115e-06,2.3364934102285144e-07,266.79064774807614,736.70247972537,True,True,True,True,True,True,True
0.881,0.035,0.023,0.049,0.012,377.6300908303256,0.08389029706743828,1.4110866870517711e-05,6.04506403153542e-07,249.314426968779,665.3873831354111,True,True,True,True,True,True,True
0.895,0.026000000000000002,0.049,0.024,0.006,203.36917288769058,0.057980372558910954,1.535772669396349e-05,1.3767042173606482e-06,260.0458241163737,691.5478143152931,True,True,True,True,True,True,True
0.867,0.026000000000000002,0.037,0.062,0.008,245.21287662366265,0.09896960802334251,1.8732485079981014e-05,9.437056945836192e-07,248.16532373914924,659.3857968817895,True,True,True,True,True,True,True
0.966,0.004,0.01,0.008,0.012,421.51634850235763,0.028441302895554136,4.0727584333758705e-06,2.948819567767563e-07,248.06255195300216,643.5777431218102,True,True,True,True,True,True,True
0.917,0.037,0.018000000000000002,0.016,0.012,411.8874441365539,0.0422799317855103,7.410318950163885e-06,5.156953283077023e-07,256.0001920620216,682.8894159021091,True,True,True,True,True,True,True
0.96,0.021,0.007,0.004,0.008,284.9218208598622,0.0173647737027621,2.5664642446651333e-06,2.1031280147003749e-07,252.4809941836862,663.2872943458124,True,True,True,True,True,True,True
0.9359999999999999,0.014,0.01,0.01,0.03,1032.6892801085494,0.04945085589386848,4.569676865521852e-06,2.8910582359490974e-07,248.54434600694037,651.6068343900911,False,True,True,True,True,True,False
0.89,0.046,0.019,0.015,0.03,1017.5397845079322,0.059100021303928864,7.4780273444304565e-06,5.381234668001141e-07,257.1855556700291,692.3423730139416,False,True,True,True,True,True,False
0.868,0.005,0.057,0.022,0.048,1581.2451547089158,0.09814390675783433,1.6521134479829968e-05,1.562902986555157e-06,254.3881532804576,670.2692399037716,False,True,True,True,True,True,False
0.804,0.051000000000000004,0.08600000000000001,0.012,0.047,1591.6520245246647,0.09609096521456816,2.0995920327920987e-05,2.418939888737641e-06,274.9274035554358,751.9960903588652,False,True,True,True,True,True,False
0.8300000000000001,0.037,0.08,0.023,0.03,998.679818905159,0.09066630789734567,2.151578711382286e-05,2.2142402703064985e-06,268.9387787732577,726.8520445811141,True,True,True,True,True,True,True
0.834,0.005,0.041,0.097,0.023,640.3318044891209,0.1446350549027511,2.3809865520682813e-05,9.564772248762853e-07,235.16054793108958,616.4959080237235,True,True,True,True,True,True,True
0.883,0.016,0.065,0.007,0.029,1010.1492245999079,0.06487980880796346,1.5789297079770717e-05,1.8799503419147091e-06,263.8996653850981,700.3036403103431,False,True,True,True,True,True,False
0.918,0.009000000000000001,0.022,0.02,0.031,1037.9579155511808,0.06743990956363113,8.998680892473537e-06,6.150358627320454e-07,248.10539366453423,649.6808450575753,False,True,True,True,True,True,False
0.826,0.009000000000000001,0.082,0.069,0.014,420.0915900005475,0.12546597991755354,2.803814667211246e-05,2.0499884981412185e-06,253.6999787526152,671.7032819585058,True,True,True,True,True,True,True
0.83,0.07200000000000001,0.054,0.014,0.03,1021.0236786073713,0.07048598163581227,1.468535204157661e-05,1.527671183873142e-06,272.4754532511808,750.8234220355777,False,True,True,True,True,True,False
0.9299999999999999,0.004,0.006,0.055,0.005,156.60462368122057,0.07879470858607407,1.1749103921767573e-05,1.5867907220188007e-07,236.88790175446195,613.7161577682742,True,True,True,True,True,True,True
0.848,0.053,0.037,0.021,0.041,1357.5307736139903,0.08328718026110601,1.2301490467645349e-05,1.0205506793667525e-06,261.2256144400505,710.0487479178088,False,True,True,True,True,True,False
0.823,0.063,0.038,0.028,0.048,1551.3340729142099,0.09789539753169828,1.3662573716932171e-05,1.023878429459906e-06,261.67995664290834,717.2885853551005,False,True,True,True,True,True,False
0.887,0.05,0.039,0.016,0.008,275.88628196277307,0.04594629685119873,1.1881886169632768e-05,1.1168369906882405e-06,264.7404484812878,715.1547213510323,True,True,True,True,True,True,True
0.866,0.051000000000000004,0.024,0.028,0.031,1014.2047279139556,0.0775603625670162,1.0856637686446981e-05,6.556628100441607e-07,256.6041796115943,694.3589445296191,False,True,True,True,True,True,False
0.89,0.047,0.005,0.01,0.048,1627.591827619681,0.06528716850916716,3.6346295405994362e-06,1.4403915432870904e-07,253.55965022850447,682.8903484540122,False,True,True,True,True,True,False
0.8240000000000001,0.068,0.004,0.056,0.048,1441.9283829092115,0.11532826369190105,1.1536059186429018e-05,1.0301671097956185e-07,247.741019758015,679.0720353832322,False,True,True,True,True,True,False
0.844,0.014,0.07200000000000001,0.038,0.032,1022.5129080438162,0.10629715287310418,2.2008635246058084e-05,1.9166011753421324e-06,257.94834426527234,685.227689399779,False,True,True,True,True,True,False
0.872,0.024,0.034,0.038,0.032,1020.3952242524122,0.09326978295090767,1.4482461544160322e-05,9.050308461497853e-07,250.52019951678406,665.8135919293456,False,True,True,True,True,True,False
0.91,0.026000000000000002,0.039,0.012,0.013000000000000001,451.5174979607643,0.04569611114332554,1.1131743768174922e-05,1.1259499831636369e-06,259.66052616618873,689.6152312499504,True,True,True,True,True,True,True
0.926,0.007,0.045,0.007,0.015,528.0303169804823,0.04324588595445862,1.147829620264807e-05,1.3159383593533208e-06,257.7497380190861,675.5634748618487,True,True,True,True,True,True,True
0.94,0.011,0.007,0.012,0.03,1026.8952833619346,0.050969424419635985,4.330032039873394e-06,2.023888667308737e-07,246.61549910458373,644.5972044004532,False,True,True,True,True,True,False
0.954,0.004,0.004,0.008,0.03,1038.6344230775715,0.04461146364293641,2.868902473079612e-06,1.1854804808545448e-07,245.11969875608156,636.5461045134223,False,True,True,True,True,True,False
0.836,0.127,0.023,0.007,0.007,246.7283304991414,0.026581515770435833,6.806618293234217e-06,6.741248011842062e-07,280.72646725242805,795.0691480164962,True,True,True,True,True,True,True
0.914,0.022,0.03,0.005,0.029,1013.9184626877604,0.04920121652027888,7.881228064052467e-06,8.728418298441288e-07,256.76413834350154,679.9411949486775,False,True,True,True,True,True,False
0.822,0.068,0.074,0.007,0.029,1008.4750392687563,0.06808946688794779,1.775628539342739e-05,2.1358338128605522e-06,278.3485335083859,766.6849211142038,False,True,True,True,True,True,False
0.86,0.016,0.085,0.01,0.029,1002.5944471490496,0.07608780683514921,2.057632019801306e-05,2.4394778347173373e-06,268.35486840006814,714.7514583944364,False,True,True,True,True,True,False
0.882,0.052000000000000005,0.02,0.016,0.03,1014.5404255100592,0.06070549679872668,7.883408985220545e-06,5.646271528972455e-07,258.6175561257764,699.3890344798122,False,True,True,True,True,True,False
0.819,0.085,0.043000000000000003,0.007,0.046,1575.5995900172818,0.07336124014520864,1.1113919737029533e-05,1.22424598126886e-06,273.0286146827461,758.8445045583236,False,True,True,True,True,True,False
0.903,0.006,0.014,0.044,0.033,1035.101982842659,0.0939282951347515,1.151229801641838e-05,3.6878951562914616e-07,239.7350819609114,625.5240922803521,False,True,True,True,True,True,False
0.9239999999999999,0.02,0.044,0.005,0.007,249.47826782052925,0.03176487943090641,1.0897801373702907e-05,1.3010898782644943e-06,261.60467666249485,691.6601570161953,True,True,True,True,True,True,True
0.834,0.077,0.057,0.02,0.012,407.6631220122906,0.06154503928667319,1.6384500582008456e-05,1.6079116047985581e-06,274.4474487006028,757.5970855184075,True,True,True,True,True,True,True
0.827,0.004,0.066,0.068,0.035,1035.0585713357198,0.13624059089242063,2.473051211683197e-05,1.631348551456427e-06,247.01579093916445,651.1144481654686,False,True,True,True,True,True,False
0.8109999999999999,0.115,0.038,0.004,0.032,1115.6199113071448,0.05370324626773646,9.492959524637911e-06,1.1009271575930256e-06,280.51682026820595,792.3238269626183,False,True,True,True,True,True,False
0.873,0.005,0.092,0.026000000000000002,0.004,136.03139253330136,0.07406101494120453,2.466237421449103e-05,2.578829186180815e-06,265.894246533345,701.5878005092925,True,True,True,True,True,True,True
0.836,0.042,0.038,0.078,0.006,177.66776858917663,0.1135069496365295,2.1083970712629084e-05,9.339709870304599e-07,248.6729860273861,669.271402666842,True,True,True,True,True,True,True
0.915,0.04,0.016,0.023,0.006,203.3355768070293,0.044799658524928856,8.29799276023463e-06,4.522128742038284e-07,255.06304150102343,681.3119601816827,True,True,True,True,True,True,True
0.841,0.016,0.025,0.082,0.036000000000000004,1026.9823018323289,0.13663614300117388,1.9079029514843557e-05,5.986659049997185e-07,236.0183332542274,623.2349631325266,False,True,True,True,True,True,False
0.858,0.004,0.004,0.096,0.038,1047.9411440232627,0.14378641965112088,1.7198828044656382e-05,9.500501534731135e-08,224.47906499631137,584.1580274451263,False,True,True,True,True,True,False
0.813,0.015,0.114,0.053,0.005,158.54485895533443,0.11269428958269918,3.246052025585931e-05,2.981554903165959e-06,267.6617829246457,714.8755086520755,True,True,True,True,True,True,True
0.814,0.028,0.025,0.096,0.037,1021.0687647735828,0.14916802276245694,2.0821236959404117e-05,5.797611761266623e-07,235.5557136939909,628.5725221700629,False,True,True,True,True,True,False
0.804,0.024,0.08600000000000001,0.07100000000000001,0.015,447.35137822688324,0.12935945835045218,2.8992927054148176e-05,2.1375212103202974e-06,257.6968360336037,690.7031440333961,True,True,True,True,True,True,True
0.918,0.017,0.037,0.018000000000000002,0.01,342.6405388716756,0.049888655177235404,1.1789094971327447e-05,1.0539329470660749e-06,255.9153690297317,674.623010636395,True,True,True,True,True,True,True
0.931,0.009000000000000001,0.007,0.022,0.031,1031.5894058760873,0.06453347892855399,6.267305801358839e-06,1.9695337627503103e-07,243.79773659892567,636.3610527923606,False,True,True,True,True,True,False
0.8360000000000001,0.076,0.01,0.062,0.016,484.64286645905105,0.09673564913438085,1.3629947218750114e-05,2.5506224077982775e-07,252.2751032046828,693.3729387655925,True,True,True,True,True,True,True
0.832,0.021,0.041,0.07100000000000001,0.035,1025.9538310698783,0.1309842761912799,2.0525013928029785e-05,1.0059193431150185e-06,243.87868445009843,648.4296071106912,False,True,True,True,True,True,False
0.865,0.006,0.073,0.025,0.031,1026.5004956969062,0.09150400942715697,2.0340412202059115e-05,2.010818441231534e-06,259.3722981855359,684.6624359704373,False,True,True,True,True,True,False
0.881,0.021,0.029,0.037,0.032,1022.9466115927481,0.09047601000058583,1.333078948219924e-05,7.742997271168943e-07,248.76374641527275,658.9375897432661,False,True,True,True,True,True,False
0.815,0.046,0.006,0.096,0.037,1019.7294530193681,0.14344957900522667,1.756615328364663e-05,1.409219692224806e-07,234.87656745093622,633.6403343514052,False,True,True,True,True,True,False
0.833,0.051000000000000004,0.038,0.063,0.015,454.65000606094725,0.10607193708344899,1.903470752479235e-05,9.614157116510943e-07,253.4855564846436,687.1788931611513,True,True,True,True,True,True,True
0.864,0.013000000000000001,0.075,0.018000000000000002,0.03,1013.1474049031935,0.08311759103353918,1.970364102419732e-05,2.1051353901291346e-06,263.1906873706673,698.4489033602247,False,True,True,True,True,True,False
0.851,0.059000000000000004,0.053,0.008,0.029,1004.9598689273234,0.06160649167058152,1.3429246041434244e-05,1.5257432162590927e-06,270.6250006008337,738.8646026812388,False,True,True,True,True,True,False
0.869,0.019,0.029,0.035,0.048,1524.985345168175,0.10250058850747366,1.2977699900069654e-05,7.696269739836429e-07,247.50512678548884,655.9037301333898,False,True,True,True,True,True,False
0.938,0.004,0.019,0.009000000000000001,0.03,1036.4631648002442,0.05146892593694587,6.285194085306e-06,5.479489222702208e-07,248.7473685812134,648.1147714952049,False,True,True,True,True,True,False
0.897,0.014,0.018000000000000002,0.062,0.009000000000000001,275.2811209209529,0.09366164237577917,1.511846287640288e-05,4.602997216420036e-07,240.40189039243134,630.2319663464805,True,True,True,True,True,True,True
0.856,0.01,0.014,0.109,0.011,301.04776761991326,0.13792889247916623,2.0665083276488108e-05,3.2193625548862557e-07,227.5942075622323,594.7372221817178,True,True,True,True,True,True,True
0.853,0.038,0.07100000000000001,0.021,0.017,574.6663274541286,0.0727738446334286,1.9435692879851306e-05,1.9938230162744606e-06,268.32586118718774,723.4318378723955,True,True,True,True,True,True,True
0.972,0.004,0.006,0.01,0.008,280.37245462322346,0.025624715102559877,3.5966390584651727e-06,1.7801426104890135e-07,246.89267377484106,639.6513757849297,True,True,True,True,True,True,True
0.963,0.007,0.013000000000000001,0.01,0.007,245.656577759965,0.027195913789855523,5.109320451585936e-06,3.815463939407692e-07,249.47009880447504,648.8536892184592,True,True,True,True,True,True,True
0.833,0.108,0.009000000000000001,0.035,0.015,486.3821335622344,0.06563088709886336,9.096476703969744e-06,2.4544984431097166e-07,265.7064851001573,744.8236443070253,True,True,True,True,True,True,True
0.875,0.033,0.045,0.042,0.005,162.0191746121301,0.07724767231926391,1.7398957765565884e-05,1.207451947296834e-06,256.6374464673721,685.8688783499599,True,True,True,True,True,True,True
0.9,0.01,0.017,0.056,0.017,523.5668553787486,0.09384757935103295,1.4000312265639825e-05,4.3893113882497883e-07,239.95538191781105,627.4171716874071,True,True,True,True,True,True,True
0.91,0.013000000000000001,0.022,0.035,0.02,648.5487647280682,0.07497566669267819,1.1622464624598018e-05,5.962365189129605e-07,246.48348077400317,646.7873622653768,True,True,True,True,True,True,True
0.839,0.006,0.097,0.027,0.031,1022.1123203827913,0.10223961381900676,2.5563927222937664e-05,2.6596564675019533e-06,265.0852403589985,702.9354551479606,False,True,True,True,True,True,False
0.905,0.019,0.012,0.047,0.017,535.294157879952,0.08244207572360775,1.1628686581866116e-05,3.175112501031976e-07,242.81859496195815,638.8552525625494,True,True,True,True,True,True,True
0.804,0.106,0.004,0.064,0.022,659.0703739185132,0.10171272808566265,1.282370702204589e-05,1.0261788096378008e-07,256.81431093784454,720.7145965388073,True,True,True,True,True,True,True
0.812,0.105,0.038,0.013000000000000001,0.032,1088.2018571944905,0.06528700987830266,1.1159459736271295e-05,1.0750146200024343e-06,276.1361386583316,775.7043203535093,False,True,True,True,True,True,False
0.828,0.011,0.068,0.059000000000000004,0.034,1028.4148790269617,0.1277025366053874,2.400467963802799e-05,1.717448566505042e-06,251.28897412902631,666.0684972459782,False,True,True,True,True,True,False
0.821,0.039,0.042,0.08600000000000001,0.012,345.5965266296374,0.12692502841419523,2.2767237643883688e-05,1.0096797630071145e-06,246.7132622369509,663.704816059474,True,True,True,True,True,True,True
0.833,0.074,0.009000000000000001,0.064,0.02,600.8814725885536,0.10178145773247582,1.3741631192435905e-05,2.2815690668314962e-07,250.78607650403896,688.640498645992,True,True,True,True,True,True,True
0.815,0.011,0.044,0.093,0.037,1029.3559877789057,0.1524602362176214,2.375518166746546e-05,1.0263883792787729e-06,237.15379159355726,626.3958173111499,False,True,True,True,True,True,False
0.806,0.112,0.023,0.053,0.006,187.96168419121946,0.08279457084827765,1.4791842266340103e-05,5.990796310840256e-07,266.8440590211353,751.2771168730238,True,True,True,True,True,True,True
0.89,0.045,0.012,0.005,0.048,1651.1769780924276,0.06154264767188207,4.0976108304442926e-06,3.4563573252696344e-07,256.02881541306255,689.2091115763823,False,True,True,True,True,True,False
0.819,0.112,0.012,0.019,0.038,1263.5257496954998,0.0690568971672871,6.8699941096093724e-06,3.34360260750629e-07,269.2589881971428,758.37170359693,False,True,True,True,True,True,False
0.92,0.022,0.024,0.005,0.029,1013.6191500585571,0.046963857541936466,6.577125454651617e-06,6.988307999454052e-07,255.22150101438208,675.0804133799041,False,True,True,True,True,True,False
0.866,0.004,0.094,0.03,0.006,200.96587434776248,0.08145157766262315,2.5610934016400542e-05,2.6038304327850194e-06,265.10969864812324,699.4930199266051,True,True,True,True,True,True,True
0.806,0.136,0.03,0.009000000000000001,0.019,658.9630860037382,0.044225384656017275,8.741689571088402e-06,8.654466537030309e-07,283.2350401785712,808.3487754652568,True,True,True,True,True,True,True
0.895,0.031,0.016,0.027,0.031,1017.3226164302449,0.07364617779257648,9.046901097193811e-06,4.3960314097178724e-07,250.10575970467846,665.7332656788906,False,True,True,True,True,True,False
0.876,0.058,0.005,0.043000000000000003,0.018000000000000002,571.1529397790047,0.07638042873919898,9.631305521032286e-06,1.3508651116408447e-07,250.95778061461937,679.7286900905135,True,True,True,True,True,True,True
0.902,0.05,0.004,0.014,0.03,1019.4730473056758,0.052384535369860985,4.144826824203634e-06,1.1624266253264559e-07,254.49455829013968,685.3238041625843,False,True,True,True,True,True,False
0.854,0.051000000000000004,0.013000000000000001,0.049,0.033,1020.298675699957,0.0987222334497208,1.2145561446792596e-05,3.377728696566153e-07,248.84510106695458,672.9385981031911,False,True,True,True,True,True,False
0.92,0.006,0.009000000000000001,0.033,0.032,1033.3952473300878,0.07916367096621513,8.666520934008137e-06,2.450364767153024e-07,241.02861032157836,628.0211796500929,False,True,True,True,True,True,False
0.861,0.053,0.017,0.037,0.032,1021.1815354381681,0.08627037266919489,1.0989608602213974e-05,4.5437803519174014e-07,253.14588652821766,685.5834656868742,False,True,True,True,True,True,False
0.8029999999999999,0.028,0.135,0.03,0.004,135.0144102984727,0.0941172424840963,3.413770512837276e-05,3.7462912708703203e-06,281.39686010173574,760.2124579672786,True,True,True,True,True,True,True
0.905,0.005,0.038,0.004,0.048,1660.5179240475652,0.06996304360309138,9.40543827672293e-06,1.0930381588418782e-06,253.59953897202456,665.3950574953124,False,True,True,True,True,True,False
0.826,0.077,0.034,0.031,0.032,1037.2806358450202,0.0853191675550978,1.3405197482834938e-05,9.191160119617112e-07,264.4819200936523,730.1329995711183,False,True,True,True,True,True,False
0.849,0.054,0.06,0.008,0.029,1005.5056549433784,0.0642102395045061,1.4915755829259908e-05,1.7276958519487447e-06,271.2579344683319,738.8531333068494,False,True,True,True,True,True,False
0.938,0.014,0.005,0.013000000000000001,0.03,1023.8156712126658,0.05153036273316281,4.11190103380579e-06,1.4517505977494973e-07,246.57581563331146,645.8017850259066,False,True,True,True,True,True,False
0.904,0.014,0.036000000000000004,0.016,0.03,1016.8309573705358,0.06658303279313799,1.120530987303437e-05,1.0159535479693837e-06,253.85992316766743,669.1634023149641,False,True,True,True,True,True,False
0.857,0.113,0.007,0.018000000000000002,0.005,171.4089168190107,0.03383881186281516,5.531908966220616e-06,2.0173971512165953e-07,271.00239402664045,760.0197697108446,True,True,True,True,True,True,True
0.829,0.059000000000000004,0.018000000000000002,0.06,0.034,1021.9944688416768,0.11229109983155464,1.4776628059138121e-05,4.5398114458129453e-07,249.41857511472426,679.5336828160968,False,True,True,True,True,True,False
0.881,0.006,0.021,0.058,0.034,1029.090374434143,0.11150225239170518,1.5009761181450939e-05,5.329300538879289e-07,238.27176317746057,622.8938985232478,False,True,True,True,True,True,False
0.834,0.052000000000000005,0.031,0.05,0.033,1018.4832695854249,0.10570622100947752,1.5752596201171224e-05,7.998326391692344e-07,253.4757856730207,688.0720936408112,False,True,True,True,True,True,False
0.918,0.011,0.005,0.034,0.032,1030.2965478362228,0.07891183690439864,8.045031983755747e-06,1.3722446294312054e-07,240.94437104521398,629.8815412834874,False,True,True,True,True,True,False
0.8140000000000001,0.092,0.033,0.052000000000000005,0.009000000000000001,281.64157925428304,0.08770679039770796,1.6553270408900616e-05,8.596653953909802e-07,264.73652049075304,736.8715895449299,True,True,True,True,True,True,True
0.817,0.008,0.093,0.049,0.033,1025.4421581076613,0.12547895976440115,2.754051041748989e-05,2.4091916374782244e-06,259.3648371547186,688.8744584253319,False,True,True,True,True,True,False
0.882,0.011,0.063,0.04,0.004,130.93439805288293,0.0803164880737442,2.070720543105492e-05,1.7016340500497609e-06,256.65941351331276,676.7341753841066,True,True,True,True,True,True,True
0.922,0.015,0.019,0.025,0.019,633.1565501780018,0.06102708348763747,9.277900854705234e-06,5.291369034528427e-07,248.53275542289006,652.5957362508202,True,True,True,True,True,True,True
0.823,0.1,0.021,0.048,0.008,252.96220574297587,0.07838395466524292,1.3616067260177625e-05,5.535040507682634e-07,264.51014045577494,738.7013871163896,True,True,True,True,True,True,True
0.847,0.05,0.07200000000000001,0.015,0.016,550.1270287542079,0.06468806801019292,1.8706119106058028e-05,2.0550400907376164e-06,272.8253137420587,741.5035632308404,True,True,True,True,True,True,True
0.918,0.008,0.048,0.008,0.018000000000000002,630.3582993634146,0.0487854757183663,1.2319660618842438e-05,1.3964920482823174e-06,258.29436507069363,678.1843584751863,True,True,True,True,True,True,True
0.894,0.018000000000000002,0.06,0.011,0.017,590.9481462550038,0.05619072498510217,1.545481970393616e-05,1.7319218438389548e-06,263.10752863832505,697.6373300916929,True,True,True,True,True,True,True
0.889,0.01,0.066,0.031,0.004,133.98106335573704,0.0707971357876194,1.999268125746505e-05,1.8245539252209023e-06,259.24298933789447,683.2869306152701,True,True,True,True,True,True,True
0.853,0.031,0.076,0.026000000000000002,0.014,468.35415017856815,0.07775061648276432,2.1248197163352177e-05,2.1117755737137553e-06,267.074241021732,716.9695717061386,True,True,True,True,True,True,True
0.868,0.01,0.073,0.044,0.005,161.66561238028646,0.08918508714700084,2.326074499697416e-05,1.950854750900919e-06,258.00796788171243,681.2421416664615,True,True,True,True,True,True,True
0.8320000000000001,0.036000000000000004,0.074,0.041,0.017,544.9517889724593,0.09684197970311989,2.2957419035128303e-05,1.9739394224143045e-06,264.08262015100854,711.9061020038105,True,True,True,True,True,True,True
0.886,0.02,0.013000000000000001,0.048,0.033,1024.0292586518797,0.09778669392769346,1.1963911450823805e-05,3.3909083736185244e-07,241.83721245797986,638.2900404538025,False,True,True,True,True,True,False
0.899,0.012,0.032,0.026000000000000002,0.031,1021.5551779605041,0.07815073446738316,1.2109925050468192e-05,8.793921514661946e-07,250.0112826202963,657.6867922245884,False,True,True,True,True,True,False
0.855,0.096,0.018000000000000002,0.008,0.023,798.1957477560143,0.04255800630416064,5.941370062911278e-06,5.211441053733792e-07,270.73343586465944,753.2837720953884,True,True,True,True,True,True,True
0.874,0.014,0.031,0.048,0.033,1025.0539494428751,0.10379294794260101,1.543126865035893e-05,8.049870198326732e-07,245.0612555946959,646.0519818557663,False,True,True,True,True,True,False
0.817,0.132,0.02,0.025,0.006,201.64878256530403,0.04864348348112694,9.581569479210864e-06,5.591144223413646e-07,277.1051121550594,787.9270830720249,True,True,True,True,True,True,True
0.8069999999999999,0.036000000000000004,0.078,0.048,0.031,965.5435013394315,0.11766536262714192,2.4556942354449417e-05,2.0254246502690973e-06,262.42998003788017,709.3706309576847,True,True,True,True,True,True,True
0.833,0.032,0.074,0.04,0.021,672.7852894910222,0.09932516504874674,2.2779995139893022e-05,1.973707388428339e-06,263.06401164746677,707.4620508053573,True,True,True,True,True,True,True
0.905,0.005,0.035,0.024,0.031,1027.5053273888332,0.07688057788667725,1.2376965415654035e-05,9.669186987457084e-07,249.60349231116027,653.3279906554762,False,True,True,True,True,True,False
0.933,0.018000000000000002,0.016,0.004,0.029,1016.2772855562155,0.04263006428862544,4.631244651732024e-06,4.68336618180123e-07,252.4604159905639,664.637626826834,False,True,True,True,True,True,False
0.849,0.026000000000000002,0.06,0.017,0.048,1601.7862194455722,0.0934957777386649,1.632820191802508e-05,1.6652504544996855e-06,261.19877700124397,699.4888391335497,False,True,True,True,True,True,False
0.8260000000000001,0.038,0.074,0.041,0.021,670.8894142534481,0.10037980570788134,2.291895642395016e-05,1.9682957850310303e-06,264.23590280651143,713.6953943720953,True,True,True,True,True,True,True
0.914,0.042,0.01,0.005,0.029,1012.1012663969116,0.041716302246293815,3.5728441169038242e-06,2.9284830750957913e-07,256.2919656010678,686.4708773487838,False,True,True,True,True,True,False
0.824,0.018000000000000002,0.097,0.03,0.031,1013.4591184019216,0.10547525222723778,2.5958443081210463e-05,2.6379400351954705e-06,267.20235482489073,714.818189936968,False,True,True,True,True,True,False
0.833,0.037,0.021,0.074,0.035,1017.2472501142881,0.1273837951768153,1.730402999188119e-05,5.123743979670043e-07,241.79013745300773,648.6594879121988,False,True,True,True,True,True,False
0.831,0.061,0.068,0.027,0.013000000000000001,433.45853737444287,0.07505925990123632,1.976478257465506e-05,1.8833103224009263e-06,271.86905403827024,744.1156622250174,True,True,True,True,True,True,True
0.88,0.054,0.019,0.03,0.017,559.0351513103727,0.06513246212734662,1.019144759756052e-05,5.221272062585279e-07,256.6545927525676,694.2377215550102,True,True,True,True,True,True,True
0.933,0.014,0.027,0.011,0.015,521.4533032039125,0.04195658129614187,8.355013557333318e-06,7.81605561533066e-07,253.84980255336612,666.600646028979,True,True,True,True,True,True,True
0.937,0.02,0.016,0.019,0.008,273.55426782643195,0.04156614605232679,7.532932828274102e-06,4.568217490058644e-07,251.14945294148765,660.6783909894513,True,True,True,True,True,True,True
0.8240000000000001,0.011,0.057,0.092,0.016,453.3755813892728,0.1399785727283278,2.609825609971916e-05,1.3496967128567824e-06,242.3568132161493,640.0453018994785,True,True,True,True,True,True,True
0.817,0.098,0.011,0.055,0.019,583.6850141828576,0.09223245921610852,1.2757607647898824e-05,2.8416778674693223e-07,259.0261655553342,722.9143026817544,True,True,True,True,True,True,True
0.8140000000000001,0.044,0.046,0.092,0.004,115.66108941496117,0.12740196239611187,2.4263714776261367e-05,1.0961707710994016e-06,248.16556948393443,670.08569991715,True,True,True,True,True,True,True
0.8089999999999999,0.107,0.032,0.041,0.011,352.9300240801739,0.07686434971228395,1.4676816133368306e-05,8.550294186900637e-07,270.32847218819546,759.2924435118443,True,True,True,True,True,True,True
0.836,0.017,0.082,0.06,0.005,155.50308194707728,0.10918216418322645,2.7073558198275284e-05,2.1063610540093134e-06,258.3136896384589,687.1390851700153,True,True,True,True,True,True,True
0.904,0.02,0.031,0.027,0.018000000000000002,597.333361598956,0.06676480526588485,1.21063863196825e-05,8.574828857082653e-07,252.40470802498467,666.9495514857172,True,True,True,True,True,True,True
0.91,0.018000000000000002,0.005,0.051000000000000004,0.016,498.98179464964954,0.0836247500967938,1.0914348982165429e-05,1.3294566489001574e-07,239.95603071465501,629.8330736987874,True,True,True,True,True,True,True
0.927,0.015,0.025,0.004,0.029,1016.8519929556409,0.0459993921986594,6.58568582565151e-06,7.30062238899344e-07,254.07324268042964,668.5201418567667,False,True,True,True,True,True,False
0.86,0.027,0.088,0.021,0.004,137.65955788049874,0.06639135339936589,2.311055642296859e-05,2.4971401788411406e-06,271.13871900067454,726.267884452165,True,True,True,True,True,True,True
0.881,0.015,0.034,0.038,0.032,1020.7352356473812,0.09330109139564428,1.4482812050064002e-05,9.053694239676875e-07,248.41697230302128,655.5819388550356,False,True,True,True,True,True,False
0.849,0.017,0.015,0.083,0.036000000000000004,1024.1491672050581,0.13444854334978254,1.7429124249100075e-05,3.5937044789452127e-07,233.45355587286392,615.6849246178691,False,True,True,True,True,True,False
0.87,0.011,0.10400000000000001,0.01,0.005,177.09410848603125,0.05921785998000289,2.4908844830558243e-05,3.041839832995815e-06,273.9404059476863,727.3534879275128,True,True,True,True,True,True,True
0.858,0.114,0.007,0.016,0.005,172.31533891509855,0.031129291056342115,5.141590552467286e-06,2.0281923240795654e-07,271.69184363118416,762.3256991126148,True,True,True,True,True,True,True
0.922,0.018000000000000002,0.016,0.014,0.03,1021.3476213109568,0.05680617181883488,6.635881594405294e-06,4.5547557785216215e-07,250.1084058443101,658.6755980417862,False,True,True,True,True,True,False
0.842,0.025,0.07100000000000001,0.031,0.031,1009.2903278895883,0.09745515636713771,2.0828396406306303e-05,1.9242127683069515e-06,261.92882688288677,701.1295315842424,False,True,True,True,True,True,False
0.85,0.093,0.015,0.011,0.031,1060.2309888205805,0.05342126850240085,5.918854651057491e-06,4.287578883755398e-07,267.9612642355841,744.7308484968303,False,True,True,True,True,True,False
0.8140000000000001,0.099,0.039,0.044,0.004,129.0136452199029,0.07638874478223924,1.6551158190172422e-05,1.0392848304119341e-06,270.11990124585094,754.9605681220459,True,True,True,True,True,True,True
0.817,0.08600000000000001,0.048,0.018000000000000002,0.031,1041.8061623877245,0.07412163691180478,1.4108616831598277e-05,1.3418576354272485e-06,273.2140390166948,759.4145013110464,False,True,True,True,True,True,False
0.8069999999999999,0.065,0.055,0.069,0.004,121.82190296831601,0.10841491153292984,2.3098171604442023e-05,1.3806796345166645e-06,260.61236546713064,714.6805920407079,True,True,True,True,True,True,True
0.864,0.063,0.029,0.014,0.03,1020.1669216322978,0.061425334668895125,9.416524508014291e-06,8.214292125306243e-07,263.9512961622704,720.3466751074646,False,True,True,True,True,True,False
0.884,0.052000000000000005,0.02,0.014,0.03,1020.1718828003527,0.058183762621335296,7.514691805469579e-06,5.676384589359621e-07,259.07192488683455,700.5552855793927,False,True,True,True,True,True,False
0.914,0.01,0.031,0.015,0.03,1019.568958866015,0.06353487865339323,9.97110072589439e-06,8.776453713213662e-07,251.86757486696519,661.150645258621,False,True,True,True,True,True,False
0.88,0.01,0.016,0.06,0.034,1023.6621998270798,0.11184204360331958,1.4378091559711329e-05,4.047005449716833e-07,237.46627815803853,622.2220389248365,False,True,True,True,True,True,False
0.842,0.076,0.019,0.031,0.032,1036.6127377418343,0.08012500342941734,1.0382966495081744e-05,5.14721239732864e-07,260.3923029857794,716.8460736370952,False,True,True,True,True,True,False
0.929,0.015,0.012,0.014,0.03,1021.2732459337415,0.0553593901303255,5.791163726359714e-06,3.425013832193541e-07,248.3798231074266,652.0252923361766,False,True,True,True,True,True,False
0.81,0.105,0.024,0.028,0.033,1075.8326063051993,0.07924533138355365,1.0910785493759421e-05,6.531701753616226e-07,269.053485484328,755.4840207384451,False,True,True,True,True,True,False
0.837,0.084,0.031,0.035,0.013000000000000001,423.14733417754593,0.07146521858532356,1.3498997566259161e-05,8.406878837209341e-07,265.9129226069939,735.609921374276,True,True,True,True,True,True,True
0.813,0.036000000000000004,0.004,0.109,0.038,1017.0755357764314,0.1541187098573829,1.8839941013522347e-05,9.216618004660763e-08,228.99150609432368,612.9356347717533,False,True,True,True,True,True,False
0.835,0.043000000000000003,0.101,0.012,0.009000000000000001,314.75728942378885,0.06465343428496731,2.4521406538216917e-05,2.9247432786596085e-06,279.8708944055467,759.6346315258195,True,True,True,True,True,True,True
0.822,0.025,0.017,0.099,0.037,1013.9886481024655,0.14926486482421264,1.981656829493185e-05,3.924527220604212e-07,232.11829697864087,616.9293798557707,False,True,True,True,True,True,False
0.843,0.033,0.08600000000000001,0.004,0.034,1190.2243769557138,0.07383309466986232,1.9802295086758723e-05,2.4976213451676772e-06,273.5567599098501,737.7815833840932,False,True,True,True,True,True,False
0.848,0.085,0.033,0.004,0.03,1048.5296206375724,0.04987609464050288,8.391281523172038e-06,9.590460406241104e-07,272.38716215843345,754.427721891008,False,True,True,True,True,True,False
0.904,0.012,0.05,0.005,0.029,1015.3290904680349,0.05668956590013835,1.218574331990047e-05,1.4541887090064012e-06,259.5701470740251,684.7787243035096,False,True,True,True,True,True,False
0.804,0.077,0.027,0.07100000000000001,0.021,620.2775725657847,0.1151972421795505,1.8065257656140846e-05,6.676090667886757e-07,254.43946398892402,702.4206132957657,True,True,True,True,True,True,True
0.8069999999999999,0.07,0.05,0.053,0.02,618.7324306024706,0.1039498154863647,1.9910629340171493e-05,1.2901623268113016e-06,262.88702067762426,723.730107979155,True,True,True,True,True,True,True
0.874,0.041,0.044,0.024,0.017,569.1302548531497,0.06673380544469165,1.4291199483245493e-05,1.2256369878598303e-06,261.4072536575238,703.2189505476393,True,True,True,True,True,True,True
0.832,0.029,0.027,0.1,0.012,334.6309698288998,0.13477855811283812,2.181742842420411e-05,6.300264934462997e-07,237.34041379814605,632.0057734532949,True,True,True,True,True,True,True
0.938,0.012,0.013000000000000001,0.03,0.007,232.74370462669003,0.05365784993862638,8.92470286254981e-06,3.6156634133793114e-07,246.0854605210589,642.8481037022204,True,True,True,True,True,True,True
0.876,0.04,0.061,0.015,0.008,277.13621797479135,0.05273650655266557,1.6395396314652606e-05,1.7519793899039205e-06,268.2910927872625,722.1970684993018,True,True,True,True,True,True,True
0.834,0.004,0.14200000000000002,0.016,0.004,140.2350659790748,0.08010855212952836,3.398225556735068e-05,4.095478839327885e-06,280.782065859303,746.7900209955602,True,True,True,True,True,True,True
0.953,0.023,0.014,0.006,0.004,142.34447906813614,0.018700059411763587,4.508826947470039e-06,4.158116425096004e-07,254.60355617976438,670.5455324195223,True,True,True,True,True,True,True
0.91,0.019,0.058,0.008,0.005,177.3711274451844,0.03918234508603693,1.4526890834162094e-05,1.7034024548118259e-06,264.44523898692654,700.353885386296,True,True,True,True,True,True,True
0.9,0.024,0.058,0.006,0.012,424.7407533116866,0.04364710956167534,1.4153782952604719e-05,1.7033037827305306e-06,265.52131956242715,706.3603209530906,True,True,True,True,True,True,True
0.847,0.022,0.026000000000000002,0.081,0.024,691.9321132486729,0.1268081870850044,1.9186969322749727e-05,6.285198021688105e-07,238.8361651294283,632.89702722877,True,True,True,True,True,True,True
0.933,0.02,0.01,0.026000000000000002,0.011,367.8449779640514,0.05139126440407427,7.592136727294517e-06,2.809071231288866e-07,247.7823666138496,651.3652205113326,True,True,True,True,True,True,True
0.863,0.041,0.062,0.023,0.011,371.6363094388099,0.06620717841045669,1.7901713711042272e-05,1.7390963420575996e-06,266.72819502331384,719.107848611671,True,True,True,True,True,True,True
0.865,0.063,0.019,0.046,0.007,223.04865294376006,0.07466707182065035,1.2881686641249348e-05,5.047112143942922e-07,255.89326079518932,696.3238754831704,True,True,True,True,True,True,True
0.804,0.054,0.042,0.085,0.015,431.45528087014617,0.12826725033533362,2.2624560438283515e-05,1.0094942116961653e-06,250.20843818385936,680.9751888960054,True,True,True,True,True,True,True
0.843,0.009000000000000001,0.005,0.122,0.021,553.3252440376914,0.15286839294470894,2.0641781041468847e-05,1.1280207146620451e-07,221.31226687893522,577.5073294845029,True,True,True,True,True,True,True
0.96,0.005,0.015,0.016,0.004,138.7231683327461,0.03317809377111347,6.720675386004351e-06,4.335817609899788e-07,248.38262728721818,645.0544446184381,True,True,True,True,True,True,True
0.851,0.092,0.027,0.019,0.011,374.21747288782535,0.048400659493458086,9.926518919689219e-06,7.645320285399718e-07,270.5472282578091,751.0504874572837,True,True,True,True,True,True,True
0.865,0.004,0.046,0.069,0.016,478.4517576328805,0.11557364356103658,2.130704279908816e-05,1.1484818798516142e-06,243.12775186132012,636.617618651184,True,True,True,True,True,True,True
0.806,0.07200000000000001,0.013000000000000001,0.08700000000000001,0.022,625.0309596795321,0.1264785305831239,1.7684900660417807e-05,3.110004856228914e-07,245.95948728071622,675.9296708995107,True,True,True,True,True,True,True
0.841,0.032,0.089,0.009000000000000001,0.029,1004.9772265171516,0.07627737784936028,2.128246231247396e-05,2.5597497555588846e-06,273.3454050103293,736.7571205201925,False,True,True,True,True,True,False
0.815,0.113,0.04,0.025,0.007,235.38587992495619,0.05678472433926885,1.3714091516587319e-05,1.116104358971371e-06,277.73359489172987,782.4164779207488,True,True,True,True,True,True,True
0.821,0.015,0.006,0.11900000000000001,0.039,1021.5781976864887,0.1631442929261689,2.0366049758133216e-05,1.3421378044012743e-07,222.25275404900742,584.7218068914086,False,True,True,True,True,True,False
0.806,0.117,0.036000000000000004,0.026000000000000002,0.015,498.67067773025406,0.0642364332726259,1.3037877089965261e-05,9.960430458050259e-07,276.7893371063498,782.173323849053,True,True,True,True,True,True,True
0.896,0.011,0.012,0.048,0.033,1024.3174531875657,0.09748654457575073,1.1772706056156993e-05,3.1337300374123657e-07,239.47960512278104,627.2504271467687,False,True,True,True,True,True,False
0.878,0.023,0.004,0.061,0.034,1020.1688591150107,0.10891185583902707,1.2289217640633809e-05,1.0309070468636909e-07,237.18908563904904,626.6904602467156,False,True,True,True,True,True,False
0.892,0.031,0.041,0.007,0.029,1008.3520596936715,0.05592499179771227,1.0637153961678935e-05,1.18514055761855e-06,261.23499967817645,697.9110267351645,False,True,True,True,True,True,False
0.924,0.006,0.016,0.023,0.031,1029.3429660093818,0.06894905440074947,8.309337202399405e-06,4.4471198693927565e-07,245.18071522013986,639.6552145861252,False,True,True,True,True,True,False
0.8089999999999999,0.017,0.027,0.109,0.038,1018.5580056660781,0.16084217595594102,2.2698490634204568e-05,6.086145212263295e-07,230.46586955463323,609.9720472529838,False,True,True,True,True,True,False
0.904,0.014,0.024,0.027,0.031,1018.3588692634148,0.0765016875499637,1.0661704186718763e-05,6.584292412216265e-07,248.1955036103456,652.8937478383274,False,True,True,True,True,True,False
0.839,0.117,0.006,0.006,0.032,1107.514257007393,0.04450374295240534,3.0306447151028628e-06,1.754099651277021e-07,272.3096869158522,767.5127132824401,False,True,True,True,True,True,False
0.835,0.016,0.112,0.027,0.01,335.87644296877176,0.0880815044693906,2.890033000764235e-05,3.1179993209487575e-06,272.90346280549346,728.9776234753556,True,True,True,True,True,True,True
0.846,0.041,0.089,0.012,0.012,418.1032316147064,0.06319246819727287,2.1898091704795863e-05,2.5707200470943957e-06,276.0851419783609,747.2812477380238,True,True,True,True,True,True,True
0.862,0.032,0.005,0.057,0.044,1323.8081319383805,0.11348791506836062,1.185649152653491e-05,1.2839583897620592e-07,239.6790138063404,638.8626929914157,False,True,True,True,True,True,False
0.91,0.009000000000000001,0.024,0.026000000000000002,0.031,1021.2947521949737,0.0753419707559026,1.0482813958879145e-05,6.602779708686512e-07,247.25677511776016,647.7960290328542,False,True,True,True,True,True,False
0.922,0.005,0.006,0.035,0.032,1027.8687892032146,0.08041029844379517,8.424003923413951e-06,1.6364506123023877e-07,239.57305104982333,623.2870426267657,False,True,True,True,True,True,False
0.83,0.046,0.063,0.03,0.031,1010.8064724827782,0.09347913633519603,1.9081190207149204e-05,1.710120203940254e-06,265.004220644429,719.1002478956228,False,True,True,True,True,True,False
0.825,0.017,0.11900000000000001,0.031,0.008,266.65798074802234,0.09331507042289977,3.088084636300014e-05,3.2838268457785813e-06,274.1842927647466,733.6891366567559,True,True,True,True,True,True,True
0.869,0.033,0.006,0.046,0.046,1420.606812515437,0.10446714411064718,1.0308524320894204e-05,1.5739408769739564e-07,242.5153006538183,646.9954978752114,False,True,True,True,True,True,False
0.839,0.028,0.095,0.009000000000000001,0.029,1005.4333778098598,0.07851402148277083,2.2578993607639616e-05,2.7332584278563387e-06,273.9545773815224,737.0719477248815,False,True,True,True,True,True,False
0.846,0.042,0.097,0.009000000000000001,0.006,212.36874680474534,0.056204446296730666,2.3226307842719832e-05,2.8383504917833978e-06,279.5225221738475,757.3710178020721,True,True,True,True,True,True,True
0.877,0.019,0.056,0.018000000000000002,0.03,1011.9963290429698,0.07624070007132591,1.5730842775136757e-05,1.571058077066884e-06,259.7088582825422,689.8786188089406,False,True,True,True,True,True,False
0.847,0.018000000000000002,0.05,0.037,0.048,1518.497353894635,0.11173608818647354,1.741718614183079e-05,1.3191986188599515e-06,252.21094982383147,670.6082826055049,False,True,True,True,True,True,False
0.858,0.037,0.033,0.04,0.032,1014.5722906783523,0.09505411810108196,1.4611168576992192e-05,8.736239196866435e-07,252.840522632942,678.6078192577716,False,True,True,True,True,True,False
0.869,0.008,0.004,0.083,0.036000000000000004,1024.005387357083,0.13112998833474174,1.5474321893998772e-05,9.790938996851309e-08,228.52709982480013,596.5446927162371,False,True,True,True,True,True,False
0.8029999999999999,0.061,0.052000000000000005,0.073,0.011,326.9164671919714,0.11706259908690098,2.2989039807537352e-05,1.287495039112434e-06,257.45187453270114,704.5243503838295,True,True,True,True,True,True,True
0.884,0.007,0.064,0.015,0.03,1021.2982409046891,0.07553693076383512,1.6917260221792452e-05,1.8108700172547986e-06,259.6454406038071,684.473130832235,False,True,True,True,True,True,False
0.85,0.016,0.052000000000000005,0.038,0.044,1392.504266277805,0.1099787536521742,1.798734026442896e-05,1.3724364495154614e-06,252.34374942274934,669.8541214213312,False,True,True,True,True,True,False
0.832,0.018000000000000002,0.097,0.043000000000000003,0.01,321.74957527393644,0.1007471495122414,2.7867030871818806e-05,2.5903227750176773e-06,265.8796190407936,709.75561006697,True,True,True,True,True,True,True
0.858,0.036000000000000004,0.032,0.028,0.046,1489.9611076817073,0.09411039913027748,1.2442992711142178e-05,8.647052518088408e-07,253.99161775866614,681.9847246734615,False,True,True,True,True,True,False
0.905,0.04,0.006,0.044,0.005,160.7116528087537,0.06620500585488502,9.972173329545555e-06,1.6274431370934297e-07,247.79544076293743,661.0624294887511,True,True,True,True,True,True,True
0.829,0.036000000000000004,0.012,0.114,0.009000000000000001,244.13282834215929,0.13994430151169074,2.094436030943772e-05,2.733847896483351e-07,232.16852063183924,619.992170637239,True,True,True,True,True,True,True
0.806,0.037,0.02,0.112,0.025,670.945403039763,0.15196003853195297,2.1951418332474168e-05,4.5163948746680216e-07,233.66864013752252,626.8508662005445,True,True,True,True,True,True,True
0.808,0.074,0.081,0.02,0.017,575.7386162118315,0.07506585703717589,2.13902557134871e-05,2.277751389890354e-06,279.52356008762274,773.0222830874844,True,True,True,True,True,True,True
0.904,0.01,0.004,0.049,0.033,1021.4058010799321,0.09588724697569556,1.0386185872787492e-05,1.0630286487969581e-07,236.96238579215992,619.0477232543079,False,True,True,True,True,True,False
0.857,0.035,0.035,0.025,0.048,1565.2277931702015,0.09364657285263253,1.2543161163090221e-05,9.51533755899725e-07,255.0550076422575,684.789802429627,False,True,True,True,True,True,False
0.8089999999999999,0.037,0.018000000000000002,0.099,0.037,1013.6394309317468,0.1495004027907128,1.9989315198417905e-05,4.151987306591099e-07,235.17623152387503,631.3791661535546,False,True,True,True,True,True,False
0.856,0.015,0.069,0.029,0.031,1014.9801111662997,0.09457315844777611,2.0123326913616156e-05,1.8803053816702016e-06,259.53598494374444,689.3140878106905,False,True,True,True,True,True,False
0.851,0.029,0.047,0.041,0.032,1012.8778039148011,0.10090263409854035,1.7508540403793572e-05,1.2409087764605677e-06,254.34399290721032,680.2735531042372,False,True,True,True,True,True,False
0.808,0.07100000000000001,0.054,0.035,0.032,1027.5579860301016,0.09668288873923947,1.8025778727814767e-05,1.4447728497887922e-06,267.3089999693437,737.1771632050661,False,True,True,True,True,True,False
0.918,0.013000000000000001,0.017,0.03,0.022,721.6192174516722,0.06921076028152942,9.750718820657228e-06,4.666900955363208e-07,246.17809500466092,645.4167802650713,True,True,True,True,True,True,True
0.875,0.008,0.027,0.07200000000000001,0.018000000000000002,532.9184582880224,0.11402474435804748,1.8187264330317218e-05,6.69196676251828e-07,238.3393249137952,623.7750062428516,True,True,True,True,True,True,True
0.91,0.016,0.004,0.049,0.021,655.607445440616,0.0854783896926605,1.0391939044187269e-05,1.0716509794991841e-07,239.29605410948054,627.3139492723751,True,True,True,True,True,True,True
0.868,0.005,0.09,0.022,0.015,507.70923682496743,0.07902663569096532,2.356278688784012e-05,2.5289750519394325e-06,265.43488280593266,700.9788284046717,True,True,True,True,True,True,True
0.906,0.029,0.007,0.027,0.031,1016.9784459671082,0.07049680683681937,7.21092441436472e-06,1.9417940117653538e-07,247.32752193181133,656.1690398066607,False,True,True,True,True,True,False
0.9,0.01,0.056,0.005,0.029,1015.7111997894731,0.05893750260839959,1.3475666470979217e-05,1.6288167618857782e-06,260.64311110206035,687.3635169459981,False,True,True,True,True,True,False
0.802,0.061,0.044,0.045,0.048,1484.941691428823,0.11763732050988784,1.7462333995181365e-05,1.136446137296235e-06,258.88773196037477,709.94365878101,False,True,True,True,True,True,False
0.829,0.10200000000000001,0.004,0.032,0.033,1063.6450523123845,0.07692556623742093,7.5796029669439015e-06,1.1022264988441199e-07,262.30408283671875,733.5396777890872,False,True,True,True,True,True,False
0.9410000000000001,0.007,0.01,0.012,0.03,1027.2069152411457,0.052072960315612246,4.963027846928691e-06,2.8765800634107464e-07,246.4533875236086,642.4815506349564,False,True,True,True,True,True,False
0.8069999999999999,0.036000000000000004,0.105,0.007,0.045,1549.9919757243244,0.09535795359510435,2.4273773371150638e-05,3.00109669403382e-06,277.59987590910805,753.5014475905799,False,True,True,True,True,True,False
0.8119999999999999,0.015,0.135,0.009000000000000001,0.029,1007.9264129181593,0.09342158091435616,3.1179393467578364e-05,3.8915563148789685e-06,281.19744722523683,754.6971063646524,False,True,True,True,True,True,False
0.905,0.027,0.022,0.016,0.03,1015.6338794660172,0.061486509039807576,8.282994343179765e-06,6.215120548561734e-07,253.29510831234637,672.5950871372019,False,True,True,True,True,True,False
0.844,0.052000000000000005,0.021,0.05,0.033,1018.0424003155769,0.10240147197539802,1.3846933775438082e-05,5.425867833705864e-07,250.9072649964549,679.9711992146134,False,True,True,True,True,True,False
0.8140000000000001,0.04,0.073,0.041,0.032,1013.6395916409601,0.10967955632582715,2.26276236234291e-05,1.926781841679481e-06,263.5923296347008,713.8335162692146,False,True,True,True,True,True,False
0.8089999999999999,0.076,0.08,0.02,0.015,508.828600091375,0.07277530999749743,2.119828757402623e-05,2.252699310546014e-06,279.8905010319003,774.7274521530082,True,True,True,True,True,True,True
0.804,0.08600000000000001,0.007,0.077,0.026000000000000002,753.3602253092861,0.11853348902322255,1.5242514099477554e-05,1.719597148316941e-07,249.64796495773442,692.3393831986403,True,True,True,True,True,True,True
0.849,0.009000000000000001,0.021,0.085,0.036000000000000004,1019.9190144571638,0.1380580167058668,1.8741464665467588e-05,5.000210688081909e-07,232.67591028594248,610.2861312248829,False,True,True,True,True,True,False
0.839,0.049,0.063,0.045,0.004,129.15914066931597,0.08585522135175389,2.1433906586175793e-05,1.6777252267936623e-06,264.38908160013676,716.9978231031823,True,True,True,True,True,True,True
0.808,0.034,0.009000000000000001,0.111,0.038,1012.8955386375306,0.15712312089541813,1.9915031511075618e-05,2.034294480241649e-07,229.35564222285063,613.5444791579024,False,True,True,True,True,True,False
0.962,0.004,0.008,0.009000000000000001,0.017,592.975877078993,0.03423731537899684,3.871940684909133e-06,2.3509590952680734e-07,246.93484102226176,640.7708307299522,True,True,True,True,True,True,True
0.967,0.004,0.012,0.005,0.012,425.14888031241725,0.024932132644574573,3.8750652800529995e-06,3.5606145695610063e-07,249.26228100424856,646.9525594499121,True,True,True,True,True,True,True
0.8300000000000001,0.061,0.011,0.076,0.022,641.5080795403884,0.11578890167768999,1.5823386930092232e-05,2.703577013112256e-07,245.37834755672603,668.2332893824496,True,True,True,True,True,True,True
0.8099999999999999,0.008,0.165,0.006,0.011,392.4310250982338,0.08321473502638732,3.768997463902626e-05,4.8690575012622605e-06,289.34977785297036,774.9587032221674,True,True,True,True,True,True,True
0.9,0.02,0.038,0.029,0.013000000000000001,431.1080094206714,0.06693784947999445,1.3887219700216188e-05,1.048961528937969e-06,254.13910308016906,672.0553565178037,True,True,True,True,True,True,True
0.863,0.046,0.017,0.064,0.01,303.6533402432549,0.09614393322497973,1.5241247406329664e-05,4.3191595930381587e-07,247.0846564223162,664.5036673101233,True,True,True,True,True,True,True
0.856,0.022,0.032,0.073,0.017,502.40916993992874,0.11570703732596196,1.9253291421070208e-05,7.909462796082126e-07,242.74429429712345,643.2750054576286,True,True,True,True,True,True,True
0.817,0.045,0.04,0.083,0.015,433.5555651190673,0.12587616041236988,2.2018737387930876e-05,9.661785695030948e-07,248.0487183079128,670.2955786223671,True,True,True,True,True,True,True
0.87,0.03,0.061,0.033,0.006,198.7619689229106,0.07324158352132774,1.9263919976508265e-05,1.6737295838661475e-06,262.0161863913503,700.5556343509131,True,True,True,True,True,True,True
0.871,0.021,0.061,0.032,0.015,493.15885357808617,0.08045868315610402,1.9051419835561306e-05,1.667893880169632e-06,259.4429806344612,689.8276261161516,True,True,True,True,True,True,True
0.917,0.026000000000000002,0.024,0.013000000000000001,0.02,688.1573012724114,0.048521332077358946,8.120555094234342e-06,6.883471394805166e-07,255.03461686335748,676.0363430622789,True,True,True,True,True,True,True
0.9339999999999999,0.004,0.02,0.03,0.012,397.1031812350179,0.060894796238282096,1.0356954087611452e-05,5.526971082996311e-07,245.62787463850222,638.8248588907281,True,True,True,True,True,True,True
0.856,0.019,0.057,0.045,0.023,726.0060202997375,0.10070147572496672,2.0103778739516723e-05,1.4998553115587883e-06,254.36928102587171,675.7561556135871,True,True,True,True,True,True,True
0.853,0.066,0.005,0.03,0.046,1478.6799296398842,0.08689992126204084,7.415174433041881e-06,1.3674708806915815e-07,253.5995940122367,693.0384422357101,False,True,True,True,True,True,False
0.853,0.009000000000000001,0.066,0.04,0.032,1017.1160697546106,0.10637852239813925,2.1106597439543656e-05,1.7483149636960248e-06,254.78458255916712,673.5183004615212,False,True,True,True,True,True,False
0.878,0.022,0.028,0.04,0.032,1014.9073538616058,0.0934097418805449,1.3615373013018018e-05,7.420620157646318e-07,248.05451976612744,657.5095741080515,False,True,True,True,True,True,False
0.826,0.015,0.037,0.08600000000000001,0.036000000000000004,1018.0059490652492,0.14375263364296556,2.1694036498030834e-05,8.771996924769633e-07,237.95846734318815,629.4826237988964,False,True,True,True,True,True,False
0.831,0.05,0.082,0.008,0.029,1006.7472151708803,0.07237681781003023,1.9631373812706665e-05,2.3625751497501087e-06,275.97351412474546,752.1250942393559,False,True,True,True,True,True,False
0.8109999999999999,0.124,0.015,0.017,0.033,1107.0295547351416,0.0628810170923315,7.116191989162725e-06,4.2071058429617784e-07,273.67491452429795,776.2068814363626,False,True,True,True,True,True,False
0.857,0.064,0.005,0.026000000000000002,0.048,1557.289907719199,0.08422451418523844,6.7116155614876685e-06,1.3796935944377887e-07,253.88936085541482,692.8646532877278,False,True,True,True,True,True,False
0.85,0.029,0.057,0.044,0.02,634.2104641435945,0.09696925961035838,1.9993844917185543e-05,1.5060961360797084e-06,257.16538700018594,688.0670170407803,True,True,True,True,True,True,True
0.925,0.004,0.016,0.024,0.031,1026.6374120487317,0.07015622688048628,8.487509429774017e-06,4.4359730968694246e-07,244.4876616719509,636.8006463344598,False,True,True,True,True,True,False
0.806,0.027,0.005,0.123,0.039,1012.495993137244,0.165770760448218,2.0662302667060966e-05,1.1124669574761588e-07,223.88548200173372,595.2127019837417,False,True,True,True,True,True,False
0.857,0.036000000000000004,0.039,0.02,0.048,1586.6529724409363,0.08941364372059067,1.2530947832070274e-05,1.0737700700647127e-06,257.4543672679295,692.0895493195513,False,True,True,True,True,True,False
0.873,0.065,0.008,0.023,0.031,1026.6233580277708,0.06596466099824404,6.723611628618192e-06,2.2331076542243185e-07,256.89756405263716,700.2304423246036,False,True,True,True,True,True,False
0.804,0.024,0.077,0.047,0.048,1481.4546396115056,0.13070733827189066,2.406825454364176e-05,1.9823194549349585e-06,258.27548507695974,693.4568594429111,False,True,True,True,True,True,False
0.81,0.053,0.089,0.018000000000000002,0.03,1012.2326400249124,0.08803981970936342,2.2658440298641624e-05,2.49480738877942e-06,276.12242171874976,755.2424537526156,False,True,True,True,True,True,False
0.844,0.01,0.098,0.018000000000000002,0.03,1014.3736882123287,0.09144575618064592,2.45271409419162e-05,2.752678055614056e-06,268.3981599142008,713.6680210634629,False,True,True,True,True,True,False
0.933,0.029,0.005,0.004,0.029,1015.2727749267785,0.03850612704695984,2.2670065422068055e-06,1.4874926660423375e-07,252.2020542711492,668.2304277551586,False,True,True,True,True,True,False
0.832,0.043000000000000003,0.052000000000000005,0.041,0.032,1012.5814103494547,0.10254425893678028,1.850517127255552e-05,1.3720869882591595e-06,258.896353535593,700.2341880601016,False,True,True,True,True,True,False
0.9319999999999999,0.006,0.006,0.025,0.031,1023.3144449530338,0.06781893042505788,6.617652258357644e-06,1.6802127798974658e-07,242.15752583657837,630.386880449173,False,True,True,True,True,True,False
0.858,0.062,0.018000000000000002,0.016,0.046,1536.4488576232734,0.07531713034737039,7.506141583695062e-06,5.022817962997368e-07,259.1927787578494,707.2035995401219,False,True,True,True,True,True,False
0.87,0.032,0.033,0.019,0.046,1526.7347953884848,0.0842853096872702,1.1114044512933872e-05,9.126973195557167e-07,255.36353301256892,683.5081607879259,False,True,True,True,True,True,False
0.968,0.008,0.011,0.004,0.009000000000000001,320.5032595039508,0.019945586040380377,3.431917707411347e-06,3.2830854203021166e-07,250.39574231291567,651.6316166180869,True,True,True,True,True,True,True
0.888,0.006,0.035,0.024,0.047,1539.5478088061095,0.09171644904441648,1.2354132059722458e-05,9.558309088002002e-07,248.59313897621772,652.5376392377732,False,True,True,True,True,True,False
0.813,0.005,0.023,0.153,0.006,151.5359616982692,0.17074220485135472,2.693591559355025e-05,4.830753916389032e-07,219.11604473347543,571.2343483244437,True,True,True,True,True,True,True
0.889,0.07100000000000001,0.007,0.021,0.012,405.5109628165777,0.04479714655447287,6.087876123176989e-06,1.9956607860884076e-07,259.9751824448683,709.6991792952161,True,True,True,True,True,True,True
0.817,0.045,0.095,0.025,0.018000000000000002,601.9430275823402,0.08708049105811475,2.5012135331908735e-05,2.6387200694076356e-06,275.13971174942776,748.3696933050198,True,True,True,True,True,True,True
0.8140000000000001,0.057,0.068,0.017,0.044,1471.400571610011,0.09250551331336256,1.8023108322357042e-05,1.8905322580573296e-06,270.80002757069326,741.6758152197954,False,True,True,True,True,True,False
0.806,0.046,0.041,0.076,0.031,899.6643984500097,0.1322686000014311,2.1203202202089484e-05,9.960341089693023e-07,248.88607835958555,674.4027321321431,True,True,True,True,True,True,True
0.828,0.021,0.075,0.052000000000000005,0.024,744.1670916076483,0.11481115253180108,2.453720173983294e-05,1.938781182083324e-06,257.7918705052852,688.400502143709,True,True,True,True,True,True,True
0.851,0.005,0.021,0.101,0.022,606.949395816938,0.14130401268374285,2.083005545342843e-05,4.869305180581049e-07,229.18814857757945,598.07609074481,True,True,True,True,True,True,True
0.861,0.073,0.007,0.047,0.012,378.7167047025453,0.07617860964080601,1.0695538222611268e-05,1.8663206993833522e-07,254.5280988692122,696.7806196224363,True,True,True,True,True,True,True
0.839,0.122,0.004,0.031,0.004,132.78891231999785,0.04866955583758855,7.36174296531028e-06,1.1274331906088114e-07,269.45405365725907,760.3447035812154,True,True,True,True,True,True,True
0.887,0.021,0.04,0.004,0.048,1659.5972582639015,0.07065858192546275,9.840815831594428e-06,1.149663371240734e-06,257.847374998127,685.1989210467117,False,True,True,True,True,True,False
0.867,0.08700000000000001,0.034,0.004,0.008,284.6885176682328,0.027528547330276855,8.57074073264134e-06,1.0047509216794624e-06,274.82102373614686,760.160243527662,True,True,True,True,True,True,True
0.927,0.004,0.021,0.044,0.004,129.2259988009174,0.07050611566288126,1.2916192200475095e-05,5.629862007211696e-07,243.32426233862216,632.4181787686038,True,True,True,True,True,True,True
0.824,0.036000000000000004,0.043000000000000003,0.07200000000000001,0.025,735.9627658256873,0.12456171816778439,2.1095829551709928e-05,1.058673883767105e-06,248.44412674080442,667.7194193486206,True,True,True,True,True,True,True
0.8049999999999999,0.076,0.026000000000000002,0.08700000000000001,0.006,173.73064750100693,0.11812621324764276,2.0082144208995956e-05,6.25792596657858e-07,251.47909551494033,692.9338413538109,True,True,True,True,True,True,True
0.898,0.006,0.041,0.05,0.005,158.92371495974783,0.08496988753335426,1.7788054026850413e-05,1.0796394332912821e-06,247.48813082369938,647.2683694126993,True,True,True,True,True,True,True
0.829,0.051000000000000004,0.022,0.084,0.014,403.6744577026478,0.12043619656911093,1.892137322470129e-05,5.313136519738895e-07,244.67520189114452,662.0686306734511,True,True,True,True,True,True,True
0.855,0.073,0.011,0.044,0.017,538.3431016223087,0.07860130540681035,1.0983566482015393e-05,2.9271261019022504e-07,255.84853352509342,701.1701611382796,True,True,True,True,True,True,True
0.865,0.07200000000000001,0.019,0.029,0.015,495.0814175785234,0.06199812257756224,1.0040752032751882e-05,5.238011110962079e-07,261.2372872913506,715.5175551529661,True,True,True,True,True,True,True
0.835,0.046,0.053,0.02,0.046,1523.1288241666432,0.09248517455147126,1.5398250917708178e-05,1.4603787837020256e-06,263.5404221930598,715.0350173996779,False,True,True,True,True,True,False
0.858,0.1,0.028,0.005,0.009000000000000001,318.7907396189158,0.027728330090080144,7.470100110642651e-06,8.244242748055474e-07,276.0090175384039,769.3684570310259,True,True,True,True,True,True,True
0.843,0.105,0.031,0.01,0.011,383.51177126029114,0.03787841429509232,9.112328580670414e-06,8.984659221958084e-07,276.6533307985712,774.3164189073484,True,True,True,True,True,True,True
0.8130000000000001,0.029,0.075,0.061,0.022,667.8443196630084,0.12198077295818048,2.568830422928676e-05,1.8991634239332215e-06,257.76495057851065,692.4727175780113,True,True,True,True,True,True,True
0.841,0.028,0.077,0.008,0.046,1577.250197968932,0.08723036354554947,1.844944732136233e-05,2.1922536039365267e-06,268.2355061378062,721.028154466693,False,True,True,True,True,True,False
0.804,0.063,0.026000000000000002,0.059000000000000004,0.048,1432.8766915214817,0.12528701219135843,1.610138428060753e-05,6.500946124988476e-07,251.5448892820297,689.4555128231752,False,True,True,True,True,True,False
0.891,0.006,0.054,0.004,0.045,1561.381731303374,0.07292005827812884,1.2841410273542281e-05,1.5562521291738962e-06,258.1800019273186,679.8557327706804,False,True,True,True,True,True,False
0.8240000000000001,0.008,0.052000000000000005,0.07,0.046,1342.836888001903,0.14221348500868586,2.232215107120183e-05,1.27013270288981e-06,243.03997871016773,641.8230585216489,False,True,True,True,True,True,False
0.8049999999999999,0.054,0.032,0.062,0.047,1394.5021315993947,0.12923972882497073,1.760926749766789e-05,7.948471485276968e-07,250.3819076984588,682.455435387562,False,True,True,True,True,True,False
0.817,0.067,0.022,0.088,0.006,173.34304983510083,0.11786144931754881,1.9492942959452023e-05,5.28851780938004e-07,248.12230945423573,678.8803077125436,True,True,True,True,True,True,True
0.8180000000000001,0.047,0.004,0.109,0.022,595.0640345571608,0.14274776713989296,1.8924150542055273e-05,9.30192075589638e-08,232.80573717542168,627.3687691679187,True,True,True,True,True,True,True
0.827,0.073,0.041,0.039,0.02,640.9515929608106,0.08588797240385575,1.6104198804929754e-05,1.0952020587655517e-06,264.46138356008953,728.0302798792002,True,True,True,True,True,True,True
0.886,0.042,0.03,0.038,0.004,131.0992734402738,0.06646229602279939,1.3770977243758731e-05,8.140718133951628e-07,255.87161962117793,686.4029397648352,True,True,True,True,True,True,True
0.837,0.028,0.007,0.107,0.021,571.3670408476918,0.1413481674211772,1.918711364514994e-05,1.618424504363655e-07,229.67331658527073,609.4916874804796,True,True,True,True,True,True,True
0.872,0.08700000000000001,0.031,0.004,0.006,213.91751921925334,0.024288364543596324,7.906818594546452e-06,9.177095657157335e-07,274.2072581441723,757.9730671762393,True,True,True,True,True,True,True
0.846,0.004,0.017,0.10300000000000001,0.03,819.1736654559127,0.1475786859208256,2.0343972724218517e-05,3.910540539438535e-07,226.84984073393576,591.5649661251302,True,True,True,True,True,True,True
0.859,0.06,0.062,0.005,0.014,495.46598081544386,0.04578332525201586,1.4863507056346324e-05,1.8202108144192824e-06,275.02074811618263,750.8496130219446,True,True,True,True,True,True,True
0.876,0.073,0.014,0.025,0.012,401.27723123324415,0.052412518519123125,8.288643612362227e-06,3.916372641398638e-07,261.3294584605197,715.3042708978613,True,True,True,True,True,True,True
0.841,0.032,0.008,0.099,0.02,554.3323921450587,0.13416535993823542,1.83581991707277e-05,1.879168704979011e-07,232.7615932220662,619.6422056172648,True,True,True,True,True,True,True
0.899,0.065,0.005,0.021,0.01,338.5944367066035,0.04212333882938496,5.656405811155147e-06,1.4378686642703445e-07,258.2169093238562,701.50137404488,True,True,True,True,True,True,True
0.802,0.042,0.044,0.077,0.035,1010.81879891387,0.13720892491980144,2.184292079763952e-05,1.0638534847800129e-06,248.18539924493848,671.2217090263965,False,True,True,True,True,True,False
0.831,0.055,0.044,0.049,0.021,655.9123140191015,0.09869673508510825,1.816752193613687e-05,1.1464778469784754e-06,258.67648985229323,704.0407254080145,True,True,True,True,True,True,True
0.905,0.004,0.037,0.045,0.009000000000000001,287.6077189542168,0.08160614058284817,1.6229911553530676e-05,9.84036191362917e-07,246.81825442674503,644.1923951793268,True,True,True,True,True,True,True
0.873,0.074,0.017,0.025,0.011,368.2325606045396,0.05251523505776459,8.912256571948168e-06,4.752935516787625e-07,262.41111386479906,718.9893280587435,True,True,True,True,True,True,True
0.8089999999999999,0.052000000000000005,0.028,0.097,0.014,391.93679016026215,0.13387054479059277,2.162350413690804e-05,6.562286270381824e-07,243.4937724690334,660.4712839532126,True,True,True,True,True,True,True
0.8280000000000001,0.049,0.064,0.013000000000000001,0.046,1553.203722039145,0.08834168711915188,1.653183823329512e-05,1.7960150131719633e-06,268.65607792763086,731.4408650811454,False,True,True,True,True,True,False
0.835,0.018000000000000002,0.044,0.084,0.019,546.5628138485955,0.13122433637146785,2.2823777796181016e-05,1.0586566568156792e-06,242.2360787233744,641.7822647400361,True,True,True,True,True,True,True
0.883,0.014,0.053,0.004,0.046,1594.2739938746302,0.07351528510148791,1.2616699939083961e-05,1.5257541115060615e-06,259.70964853996384,688.0156720821171,False,True,True,True,True,True,False
0.8220000000000001,0.007,0.014,0.109,0.048,1278.3709014727215,0.1641044691982142,2.0444834826528893e-05,3.149284871931212e-07,224.0126690752522,586.8673583236841,False,True,True,True,True,True,False
0.8049999999999999,0.006,0.15,0.034,0.005,166.79543980802123,0.10494989399174892,3.7655722868669516e-05,4.122347839592569e-06,279.13236583075485,744.9074582322667,True,True,True,True,True,True,True
0.878,0.012,0.06,0.004,0.046,1594.9243397663672,0.07611771389171386,1.4133834685325208e-05,1.7274687143404767e-06,261.04264838338304,691.4135321405657,False,True,True,True,True,True,False
0.804,0.075,0.024,0.049,0.048,1468.073612251408,0.11494214656220493,1.4241285540692427e-05,6.144022927251978e-07,256.1045889555771,707.315930542565,False,True,True,True,True,True,False
0.831,0.044,0.006,0.099,0.02,554.0738006597588,0.1335182882970149,1.8019012378177427e-05,1.4150649367014837e-07,235.051015417747,631.6641909567805,True,True,True,True,True,True,True
0.806,0.067,0.066,0.017,0.044,1470.6925297954149,0.09175332102875913,1.7614594771557906e-05,1.8341092767976542e-06,272.618983000119,751.4186169684499,False,True,True,True,True,True,False
0.9,0.004,0.026000000000000002,0.022,0.048,1579.1354949083002,0.0872141373648227,1.0188542150472824e-05,7.138787361327923e-07,246.18961838093176,644.0206497946984,False,True,True,True,True,True,False
0.8089999999999999,0.11,0.03,0.004,0.047,1619.6671841816403,0.06574165074252761,7.79366911057039e-06,8.599623664272738e-07,276.12760491299883,778.356046292469,False,True,True,True,True,True,False
0.8260000000000001,0.006,0.123,0.025,0.02,669.6375524065817,0.09911078479821123,3.079412598593868e-05,3.419953985550755e-06,273.073081711334,726.4878157853682,True,True,True,True,True,True,True
0.833,0.063,0.004,0.096,0.004,114.22716164178726,0.11821418337732521,1.7360417844632907e-05,9.672038120401342e-08,240.90039282897624,655.3201009061784,True,True,True,True,True,True,True
0.804,0.075,0.01,0.07200000000000001,0.039,1133.8715539581956,0.12509012502690692,1.5033029762346352e-05,2.454187878788736e-07,247.97933380102214,683.6242350647112,False,True,True,True,True,True,False
0.81,0.014,0.005,0.14400000000000002,0.027,676.4525776008563,0.17300753273148817,2.30400826186447e-05,1.07411517240036e-07,217.0056222231531,569.6096660309687,True,True,True,True,True,True,True
0.802,0.057,0.073,0.06,0.008,246.67597770940412,0.1085872805855338,2.533026898633542e-05,1.8682429195246646e-06,265.10539310625643,724.9454429280105,True,True,True,True,True,True,True
0.88,0.008,0.061,0.004,0.047,1628.6979588374388,0.07748723283427121,1.4324292334389862e-05,1.7552570356269124e-06,260.2863796949265,687.5563650524009,False,True,True,True,True,True,False
0.8029999999999999,0.059000000000000004,0.029,0.105,0.004,112.27001345904044,0.13363271201883192,2.282149412246214e-05,6.717003396171156e-07,244.34009079107193,665.7661654401151,True,True,True,True,True,True,True
0.8069999999999999,0.07100000000000001,0.096,0.005,0.021,739.8725161843047,0.06570801637714517,2.225858042322124e-05,2.8043018859190968e-06,285.77625619569267,790.0408108575103,True,True,True,True,True,True,True
0.8029999999999999,0.113,0.027,0.01,0.047,1592.2973487778681,0.07211437075489045,8.329427389525e-06,7.617558719203273e-07,274.69492359349,775.8301942730222,False,True,True,True,True,True,False
0.804,0.015,0.051000000000000004,0.10400000000000001,0.026000000000000002,711.0634782022377,0.15544263082661394,2.6289928180378553e-05,1.1689981732237334e-06,238.24030135157898,631.5127434044232,True,True,True,True,True,True,True
0.859,0.016,0.017,0.06,0.048,1431.2000084388944,0.12355323231564709,1.4523014722186484e-05,4.2575518410865476e-07,238.0329983695328,628.1627363171664,False,True,True,True,True,True,False
0.812,0.079,0.096,0.009000000000000001,0.004,141.92609040187477,0.05370899417766817,2.3043370068810912e-05,2.8088374781042506e-06,288.0569073988869,798.8429493353193,True,True,True,True,True,True,True
0.802,0.074,0.042,0.04,0.042,1320.8345405290588,0.10670157595132052,1.6370735481108173e-05,1.1021316397321853e-06,263.0122872309328,726.7420906443383,False,True,True,True,True,True,False
0.815,0.024,0.049,0.065,0.047,1386.7777686932454,0.13752305510234397,2.1153360757508057e-05,1.2092929468871334e-06,247.06542131486808,660.3794967189995,False,True,True,True,True,True,False
0.845,0.105,0.016,0.018000000000000002,0.016,542.8128984976278,0.04802114068579656,7.45087224547315e-06,4.5345080573005154e-07,270.5938628115807,756.8947630774497,True,True,True,True,True,True,True
0.8019999999999999,0.059000000000000004,0.051000000000000004,0.052000000000000005,0.036000000000000004,1103.815819799704,0.11681194048441229,1.9860934518010224e-05,1.305600366514727e-06,259.5619548273943,710.6985364995566,False,True,True,True,True,True,False
0.91,0.031,0.006,0.006,0.047,1613.9065300920638,0.059661780918060216,3.0078816754165824e-06,1.7433659859375755e-07,251.07110220487374,667.9743381362638,False,True,True,True,True,True,False
0.821,0.09,0.066,0.017,0.006,206.9704828485716,0.05508018446529046,1.783529804681713e-05,1.8843052149666155e-06,280.9442956366476,782.133916743196,True,True,True,True,True,True,True
0.855,0.006,0.078,0.016,0.045,1511.55671183136,0.0960770326927724,1.991052410305564e-05,2.177679768020068e-06,261.61679866098365,692.2850915759922,False,True,True,True,True,True,False
0.865,0.059000000000000004,0.033,0.03,0.013000000000000001,429.21710313351826,0.06628294731752,1.3055840810682764e-05,9.073270148138742e-07,261.72849061020304,711.7410058124764,True,True,True,True,True,True,True
0.819,0.10200000000000001,0.036000000000000004,0.025,0.018000000000000002,598.8405156706374,0.06590206765232763,1.2850431504711327e-05,9.971160786979755e-07,273.28347657465935,765.3538406188917,True,True,True,True,True,True,True
0.806,0.149,0.004,0.005,0.036000000000000004,1243.9584399975336,0.04640746307389492,2.4686550323708426e-06,1.1770827498247862e-07,279.1768149233998,802.3513685970554,False,True,True,True,True,True,False
0.8160000000000001,0.091,0.066,0.02,0.007,239.15320563270004,0.059899989051436654,1.8313753488800585e-05,1.867762339375222e-06,280.4148780669153,781.3951142123274,True,True,True,True,True,True,True
0.86,0.007,0.055,0.074,0.004,120.64010053020007,0.11355618774563486,2.3709800992521032e-05,1.3675425259226688e-06,245.93505003324648,645.842052947183,True,True,True,True,True,True,True
0.8089999999999999,0.14200000000000002,0.014,0.008,0.027,932.206696741636,0.04504202905020944,5.1523190156053345e-06,4.038583755170195e-07,280.1301167809908,801.828374691152,True,True,True,True,True,True,True
0.864,0.063,0.032,0.03,0.011,363.8084588058322,0.06403875492340316,1.2858297514743549e-05,8.810119166930828e-07,262.5610456291187,715.7198100028407,True,True,True,True,True,True,True
0.8049999999999999,0.058,0.005,0.124,0.008,212.6100061408231,0.14522854140110175,2.0963364694214917e-05,1.128920044361502e-07,233.3080622352216,633.6036513929063,True,True,True,True,True,True,True
0.832,0.094,0.005,0.062,0.007,214.01306044342752,0.08748204713195058,1.2719140527954156e-05,1.296164382320098e-07,255.89406113394708,710.8660311212122,True,True,True,True,True,True,True
0.866,0.055,0.052000000000000005,0.022,0.005,170.54079726345194,0.05549230511518017,1.5679146582158893e-05,1.4679995885737523e-06,268.1172612780655,728.22402949898,True,True,True,True,True,True,True
0.815,0.08700000000000001,0.069,0.011,0.018000000000000002,623.7730625817337,0.06036386930849935,1.7421669449128973e-05,1.984576223868126e-06,281.4461417584668,783.2126460413882,True,True,True,True,True,True,True
0.8220000000000001,0.089,0.068,0.005,0.016,564.8095702546392,0.05004394060544531,1.6188171280207057e-05,1.9909709089706888e-06,283.17147851788053,788.4193424918176,True,True,True,True,True,True,True
0.815,0.017,0.035,0.111,0.022,593.7656015233853,0.15348836646720038,2.4376504005352598e-05,7.925230077328009e-07,233.3150637582961,617.2151242480429,True,True,True,True,True,True,True
0.8109999999999999,0.025,0.097,0.057,0.01,310.4926715896989,0.11529062426664721,2.9546906271049974e-05,2.5015642202068375e-06,264.3288099067828,709.5308456829201,True,True,True,True,True,True,True
0.856,0.096,0.007,0.02,0.021,705.6327000192132,0.052244694596273754,5.9506783393648035e-06,1.984624894094225e-07,265.33783973353724,737.6079389039746,True,True,True,True,True,True,True
0.845,0.04,0.037,0.053,0.025,770.7886608482454,0.10401791669863208,1.7371729276202642e-05,9.529435104107684e-07,252.15659878758075,678.5050733143695,True,True,True,True,True,True,True
0.806,0.02,0.10300000000000001,0.062,0.009000000000000001,276.5487113630554,0.12140532615832114,3.1268594975846666e-05,2.6270983492975174e-06,263.64457430422726,705.9078320622267,True,True,True,True,True,True,True
0.825,0.091,0.04,0.025,0.019,631.9851898999864,0.06829771750058074,1.3663552964942244e-05,1.1074542831119084e-06,271.6664973588287,755.9728785019215,True,True,True,True,True,True,True
0.8089999999999999,0.022,0.035,0.114,0.02,537.0171803833305,0.1544243697382255,2.4724735825157433e-05,7.88280398822803e-07,233.9554393999432,621.3875301347848,True,True,True,True,True,True,True
0.833,0.081,0.022,0.053,0.011,342.4804469232441,0.08690410674937221,1.4568626489251066e-05,5.719459273527693e-07,258.960486836276,714.6361709331447,True,True,True,True,True,True,True
0.8049999999999999,0.12,0.06,0.005,0.01,354.295919013369,0.04079808727896069,1.448494746520455e-05,1.762224796814302e-06,288.81996693579106,817.8864061054584,True,True,True,True,True,True,True
0.847,0.039,0.032,0.058,0.024,731.1876329967611,0.10663045994852312,1.7146400725991067e-05,8.151308691240117e-07,249.5804043333175,670.5191234968793,True,True,True,True,True,True,True
0.834,0.015,0.004,0.137,0.01,258.1109793782121,0.15654940365939574,2.2240835801131993e-05,8.850855254897639e-08,219.89718037259493,576.076096705792,True,True,True,True,True,True,True
0.893,0.008,0.052000000000000005,0.03,0.017,560.9423491052294,0.07685436065160642,1.6888313039897316e-05,1.4278618586083628e-06,254.3957646552415,668.6916696436521,True,True,True,True,True,True,True
0.858,0.022,0.018000000000000002,0.054,0.048,1452.2576826918857,0.11810621639645688,1.3831325033467721e-05,4.569703078381773e-07,241.05745829025236,639.3002508666358,False,True,True,True,True,True,False
0.8079999999999999,0.081,0.068,0.015,0.028,952.0830843267958,0.07484084305021742,1.7821788932519507e-05,1.921012816451954e-06,278.09926837717836,772.0444619387154,True,True,True,True,True,True,True
0.861,0.058,0.058,0.018000000000000002,0.005,172.4177974853273,0.05252346128661189,1.6283635580905167e-05,1.654791117488324e-06,271.2686796143771,738.8280105342451,True,True,True,True,True,True,True
0.8029999999999999,0.047,0.015,0.127,0.008,211.4614264225775,0.15046211776459953,2.2942632119413306e-05,3.3195465525801746e-07,232.626629057462,627.4487696354206,True,True,True,True,True,True,True
0.836,0.006,0.121,0.01,0.027,936.9493499972515,0.08750140120561377,2.833304071894949e-05,3.483308163367662e-06,275.4271541175204,732.7892732006226,True,True,True,True,True,True,True
0.861,0.021,0.021,0.049,0.048,1470.7324624818057,0.11418072175162286,1.3635897784283093e-05,5.391376695675371e-07,242.73172391610657,643.5155081462349,False,True,True,True,True,True,False
0.8029999999999999,0.115,0.005,0.07,0.007,209.81803014940402,0.0957103352076821,1.3936125960414139e-05,1.269965052088059e-07,258.97526050303514,730.0551985533875,True,True,True,True,True,True,True
0.804,0.026000000000000002,0.053,0.07100000000000001,0.046,1338.86592086388,0.1433145815903722,2.2639572992329245e-05,1.2907212806017361e-06,247.2722844395274,662.5063557635057,False,True,True,True,True,True,False
0.851,0.008,0.117,0.007,0.017,599.7297719520419,0.07234267979555029,2.716770914026689e-05,3.4209596244604742e-06,276.3276224818883,734.7784865691859,True,True,True,True,True,True,True
0.81,0.005,0.096,0.081,0.008,235.34121875181177,0.13623517565558854,3.199723052669846e-05,2.3440554019698257e-06,254.09919779276356,672.2096768202905,True,True,True,True,True,True,True
0.803,0.046,0.031,0.092,0.028,784.2349661501379,0.14092133961022704,2.144729547255931e-05,7.282612709037881e-07,242.91300412814297,657.315996100502,True,True,True,True,True,True,True
0.843,0.02,0.097,0.025,0.015,503.47724610097106,0.08505953517535021,2.545721084235475e-05,2.703065969742868e-06,270.0489352045769,721.9406698711634,True,True,True,True,True,True,True
0.8089999999999999,0.074,0.048,0.021,0.048,1580.6803074683144,0.09359389297460155,1.455708771439572e-05,1.315791008729398e-06,268.40806025014905,741.9777913626097,False,True,True,True,True,True,False
0.843,0.01,0.048,0.053,0.046,1399.4355703364467,0.12531662157944837,1.9339942064498492e-05,1.2200607783117621e-06,246.3468520180221,650.7896747465072,False,True,True,True,True,True,False
0.805,0.006,0.109,0.06,0.02,611.0590819673217,0.13058101472172617,3.20390594208922e-05,2.7750479350822893e-06,261.51537543990634,694.700305502539,True,True,True,True,True,True,True
0.857,0.023,0.022,0.05,0.048,1467.0025916698532,0.11549092740459886,1.3979674103630598e-05,5.632806230084907e-07,243.22748586675075,646.0138184973267,False,True,True,True,True,True,False
0.873,0.021,0.012,0.083,0.011,319.079062056558,0.11419383763888244,1.6995297805183968e-05,2.925909202898463e-07,235.5612726104874,620.815909688728,True,True,True,True,True,True,True
0.806,0.033,0.004,0.153,0.004,101.82835839436143,0.16423773685644968,2.3992363087222953e-05,8.588717451328914e-08,220.92576099415967,587.9101310464919,True,True,True,True,True,True,True
0.804,0.053,0.07200000000000001,0.048,0.023,720.0649466669767,0.10875326723921334,2.346584595134887e-05,1.8783754180872273e-06,265.4763949508948,724.7914115537577,True,True,True,True,True,True,True
0.852,0.009000000000000001,0.073,0.018000000000000002,0.048,1599.4064796237858,0.09933868374477711,1.9176662512444465e-05,2.0225613533566722e-06,260.3432181527394,690.1129900292955,False,True,True,True,True,True,False
0.867,0.067,0.033,0.028,0.005,167.57240115492453,0.05622105792975534,1.2738012775531708e-05,9.170305817822891e-07,264.6736538651165,722.9646602556041,True,True,True,True,True,True,True
0.852,0.007,0.075,0.019,0.047,1563.2306471485936,0.10025458575678468,1.9755227740100774e-05,2.0743119446176534e-06,260.2389470204592,688.9972365305928,False,True,True,True,True,True,False
0.871,0.005,0.027,0.049,0.048,1471.9423678472644,0.11622084199154216,1.4776478612843887e-05,6.929190844450797e-07,240.53783558618863,630.1911066949913,False,True,True,True,True,True,False
0.8089999999999999,0.146,0.033,0.008,0.004,141.19641950500088,0.02860232121088613,9.190346552105867e-06,9.648957704281059e-07,287.73431135691806,824.5307794130778,True,True,True,True,True,True,True
0.8099999999999999,0.14300000000000002,0.016,0.004,0.027,942.8590388542277,0.04038877236114198,4.769054372899924e-06,4.661602492045201e-07,281.78822580863033,806.9223992682295,True,True,True,True,True,True,True
0.8320000000000001,0.044,0.008,0.07,0.046,1338.8485473873186,0.12826305655111275,1.434786475143488e-05,1.9718350137299595e-07,240.13996926241012,647.0965049234811,False,True,True,True,True,True,False
0.802,0.029,0.055,0.066,0.048,1412.021821656085,0.14108038327852362,2.2370490699611804e-05,1.353052895424897e-06,249.46683911306738,670.2164566665945,False,True,True,True,True,True,False
0.8200000000000001,0.051000000000000004,0.006,0.075,0.048,1378.3656733420933,0.13365546654091462,1.470596385364631e-05,1.4662900251075297e-07,239.96567993527566,650.2680774827801,False,True,True,True,True,True,False
0.885,0.011,0.008,0.091,0.005,144.02266284166933,0.11581018808717976,1.7374923596925878e-05,1.9331141578372832e-07,230.8461795959892,602.256560050378,True,True,True,True,True,True,True
0.8260000000000001,0.047,0.005,0.075,0.047,1350.6557064916133,0.13259502573522483,1.4518333280301656e-05,1.2274748489972262e-07,238.85244710523767,645.0328635922567,False,True,True,True,True,True,False
0.88,0.017,0.05,0.044,0.009000000000000001,288.4279479117177,0.08487484618505924,1.8663752904267188e-05,1.3319216381257834e-06,253.42120193736108,670.0835435187696,True,True,True,True,True,True,True
0.858,0.048,0.048,0.016,0.03,1016.0521472045593,0.07083603764661688,1.374323192277699e-05,1.352141802709373e-06,264.8786992584619,717.5230335521043,False,True,True,True,True,True,False
0.9339999999999999,0.012,0.011,0.013000000000000001,0.03,1024.1910611763856,0.05371931066275415,5.384412676141422e-06,3.1513966974671123e-07,247.64925166090333,648.3895253322917,False,True,True,True,True,True,False
0.851,0.052000000000000005,0.005,0.046,0.046,1419.5732280229504,0.10406429362250734,1.0141597768714119e-05,1.3151145511162044e-07,246.69226859462813,667.7794333542752,False,True,True,True,True,True,False
0.845,0.023,0.005,0.123,0.004,108.06085783594952,0.1418037226475395,2.085912081568013e-05,1.1365366485214204e-07,225.6759808571059,594.8853565732948,True,True,True,True,True,True,True
0.815,0.061,0.029,0.061,0.034,1019.8893551289746,0.11679762764039989,1.697534616990407e-05,7.281693850837306e-07,252.4842845274911,690.1335950427825,False,True,True,True,True,True,False
0.808,0.046,0.008,0.101,0.037,1008.4449681974402,0.1481425469357086,1.8543898447453552e-05,1.850217405158807e-07,234.25456744846545,632.3395126880542,False,True,True,True,True,True,False
0.845,0.033,0.051000000000000004,0.064,0.007,214.01995761957556,0.10471013404351089,2.1666517916203003e-05,1.2946071322347443e-06,253.01707852974047,677.6332599454173,True,True,True,True,True,True,True
0.885,0.069,0.033,0.006,0.007,248.13081628114534,0.028975671190072702,8.726232620431692e-06,9.714106070850827e-07,269.9871602410206,737.8498187597387,True,True,True,True,True,True,True
0.879,0.063,0.016,0.012,0.03,1025.2198705053709,0.05414897110538168,6.304992454704776e-06,4.569213620980306e-07,261.06645284315215,710.9851722797595,False,True,True,True,True,True,False
0.8049999999999999,0.128,0.017,0.04,0.01,321.5082699273265,0.0696197445499913,1.1552446656345772e-05,4.5647632476052275e-07,271.6800054310151,771.7103527708138,True,True,True,True,True,True,True
0.917,0.029,0.004,0.028,0.022,724.5945258127784,0.06220802534795242,6.76235320524501e-06,1.1286057345032116e-07,247.02971574204705,654.2414746573216,True,True,True,True,True,True,True
0.837,0.009000000000000001,0.128,0.018000000000000002,0.008,276.37468165081464,0.081282072654264,3.115758381388204e-05,3.658128688386396e-06,277.58465369967917,739.4823821895537,True,True,True,True,True,True,True
0.826,0.047,0.094,0.004,0.029,1018.9911095860948,0.07178734508984352,2.158569278096861e-05,2.739349789886747e-06,279.27022912471125,760.7737278589784,False,True,True,True,True,True,False
0.817,0.026000000000000002,0.046,0.076,0.035,1013.8396129925427,0.13702080389022822,2.2084555832033575e-05,1.1153663429691427e-06,245.19092057573118,655.2398025988834,False,True,True,True,True,True,False
0.8089999999999999,0.067,0.068,0.025,0.031,1023.8604056339284,0.08952109491401572,1.9347171404369267e-05,1.8682607810374843e-06,272.3252458184535,749.9333264343398,False,True,True,True,True,True,False
0.8029999999999999,0.131,0.015,0.018000000000000002,0.033,1103.7024419311765,0.06409626820902123,7.300080175340147e-06,4.1946353006538175e-07,275.0817576308115,783.5790248956619,False,True,True,True,True,True,False
0.824,0.026000000000000002,0.063,0.047,0.04,1240.6424054422343,0.11933405090142221,2.144133915657753e-05,1.630209366036153e-06,255.76807319035368,685.3542490625198,False,True,True,True,True,True,False
0.913,0.036000000000000004,0.018000000000000002,0.004,0.029,1015.6337723558777,0.04334772118078191,5.08475021978465e-06,5.259962200130315e-07,257.1749815064463,686.7144411316133,False,True,True,True,True,True,False
0.804,0.134,0.004,0.042,0.016,508.41251010592396,0.07290427209539589,9.321684946866184e-06,1.0855035802279255e-07,268.8191957930433,766.1062548646236,True,True,True,True,True,True,True
0.8109999999999999,0.033,0.121,0.024,0.011,371.9951656146868,0.08869712723994466,3.0387308494767633e-05,3.391449501071306e-06,279.78849588233817,757.2167624689467,True,True,True,True,True,True,True
0.864,0.043000000000000003,0.048,0.015,0.03,1019.0692686906783,0.06961953877292866,1.3574210546405081e-05,1.3560281512418975e-06,263.9386879020297,712.4251674401472,False,True,True,True,True,True,False
0.8069999999999999,0.008,0.107,0.04,0.038,1204.7712667758315,0.12555417898214988,2.9128758935708945e-05,2.82543011971109e-06,264.6188725370882,704.869626133809,False,True,True,True,True,True,False
0.8049999999999999,0.10200000000000001,0.006,0.04,0.047,1469.1359515723825,0.09883464813527713,9.37367757727107e-06,1.5897716275742834e-07,259.9062599977483,728.7964102365481,False,True,True,True,True,True,False
0.817,0.052000000000000005,0.019,0.082,0.03,858.0903251486556,0.13004744596474604,1.8043596958787994e-05,4.56614288933981e-07,243.34824926224752,660.01683087161,True,True,True,True,True,True,True
0.909,0.05,0.004,0.032,0.005,165.58890522706403,0.05100576841758387,7.477141097877362e-06,1.129449957916495e-07,252.34305122567113,677.8174364161348,True,True,True,True,True,True,True
0.898,0.007,0.024,0.039,0.032,1017.9277536251199,0.0910123459212217,1.2664407863222177e-05,6.384184741332276e-07,243.75353111345567,637.8054859844988,False,True,True,True,True,True,False
0.905,0.011,0.051000000000000004,0.004,0.029,1018.3226437659495,0.055742278534370866,1.2209156505363783e-05,1.4874018353367548e-06,259.81906123614385,685.0343620542786,False,True,True,True,True,True,False
0.848,0.038,0.08,0.005,0.029,1015.7550425599895,0.06784685337192678,1.8696575693299976e-05,2.3249585933687975e-06,273.34248633608314,738.623431154957,False,True,True,True,True,True,False
0.821,0.005,0.036000000000000004,0.09,0.048,1334.8675128045454,0.1556949083605704,2.192759590799895e-05,8.401006814437597e-07,233.5232986827181,613.5229466273829,False,True,True,True,True,True,False
0.829,0.024,0.011,0.099,0.037,1013.7868894764166,0.1475024534370529,1.8795913502733925e-05,2.548262298041775e-07,230.34195939814424,610.9311040681936,False,True,True,True,True,True,False
0.821,0.004,0.06,0.111,0.004,111.28831757970026,0.14802966991497163,2.878661919610318e-05,1.3731521380843332e-06,238.104249642997,624.8624267919897,True,True,True,True,True,True,True
0.841,0.026000000000000002,0.009000000000000001,0.088,0.036000000000000004,1011.8362557158579,0.13693322272739655,1.7037864801647987e-05,2.1419042036576445e-07,232.87493643685556,618.1317692307044,False,True,True,True,True,True,False
0.9339999999999999,0.007,0.017,0.012,0.03,1027.552998520339,0.054630809055443985,6.441000068420925e-06,4.865944498839854e-07,248.2532692463118,648.1529350113855,False,True,True,True,True,True,False
0.8029999999999999,0.048,0.112,0.021,0.016,542.2832548900718,0.08660693346411892,2.8044847366536413e-05,3.149730935293253e-06,281.271880239315,768.1229059168761,True,True,True,True,True,True,True
0.886,0.045,0.017,0.027,0.025,823.7291173064198,0.06835323902670153,9.260655827091164e-06,4.686039038706479e-07,254.0977744125252,683.1774241951908,True,True,True,True,True,True,True
0.8200000000000001,0.111,0.011,0.046,0.012,379.24778924979194,0.07629268920263804,1.134560003033479e-05,2.9172916155388814e-07,264.6523858294516,743.7866619908702,True,True,True,True,True,True,True
0.87,0.031,0.027,0.04,0.032,1014.5259551877084,0.0930392410919882,1.3432767899285594e-05,7.153742975648838e-07,249.9002628254774,666.9283627668538,False,True,True,True,True,True,False
0.871,0.036000000000000004,0.014,0.031,0.048,1539.0604352540747,0.09299672245142752,9.354925868037373e-06,3.7645272523206897e-07,248.52914228039836,665.4114041793927,False,True,True,True,True,True,False
0.859,0.004,0.043000000000000003,0.088,0.006,173.9113464327013,0.1245720507129177,2.3224658618818436e-05,1.0342604269272919e-06,238.81267028634602,624.2890793574832,True,True,True,True,True,True,True
0.851,0.005,0.046,0.094,0.004,115.28701368733495,0.1293605106200332,2.4490318206430648e-05,1.0928342468125977e-06,238.60647028693953,624.59049973405,True,True,True,True,True,True,True
0.869,0.073,0.019,0.009000000000000001,0.03,1033.602225598983,0.05133281576362964,6.350908168814459e-06,5.461504161469602e-07,264.8538182153501,726.5326596286108,False,True,True,True,True,True,False
0.843,0.013000000000000001,0.021,0.08700000000000001,0.036000000000000004,1015.0814253725729,0.13976237968621982,1.8999979591001644e-05,4.977147077511702e-07,233.1521144379639,613.6632543567476,False,True,True,True,True,True,False
0.877,0.004,0.067,0.033,0.019,621.4673341381077,0.08744500128759797,2.0384864632942463e-05,1.8234279539162326e-06,256.47867444726126,674.3011076145651,True,True,True,True,True,True,True
0.858,0.085,0.008,0.018000000000000002,0.031,1039.8881552539679,0.05978089393765293,5.798423973298667e-06,2.2600849971291577e-07,262.7044125924006,725.880950252677,False,True,True,True,True,True,False
0.87,0.045,0.018000000000000002,0.019,0.048,1588.9206233660611,0.08079367339384735,8.049470193343506e-06,4.980338598907653e-07,254.38600666892998,685.890497082444,False,True,True,True,True,True,False
0.827,0.015,0.019,0.115,0.024,640.7862613475519,0.15344393483017707,2.2134869509874368e-05,4.270706127834194e-07,227.67101024160525,599.401068218025,True,True,True,True,True,True,True
0.8069999999999999,0.033,0.035,0.089,0.036000000000000004,1010.3198290687988,0.14559533588743817,2.1723415160836517e-05,8.238083090454632e-07,240.96514696079566,646.5695840325961,False,True,True,True,True,True,False
0.822,0.04,0.039,0.065,0.034,1011.136781970937,0.1239094124890005,1.937840689508458e-05,9.702764801594297e-07,249.2413310352793,672.0298560505229,False,True,True,True,True,True,False
0.828,0.08600000000000001,0.05,0.031,0.005,166.37743499190023,0.06588296714159513,1.6740144850265736e-05,1.3767951714797396e-06,272.7904254964937,756.5710203824971,True,True,True,True,True,True,True
0.8049999999999999,0.039,0.074,0.076,0.006,178.92511681104747,0.12297273454708277,2.744777801832149e-05,1.8271340171436128e-06,257.6769581766826,696.1927535926064,True,True,True,True,True,True,True
0.817,0.122,0.023,0.02,0.018000000000000002,606.1549464089795,0.0550181336809021,9.305627488284817e-06,6.456935431119623e-07,275.7447424074857,780.4683949443738,True,True,True,True,True,True,True
0.839,0.004,0.099,0.04,0.018000000000000002,579.4080204776639,0.10536147628732496,2.77948218798541e-05,2.650544678793094e-06,263.1858001628826,696.253457367053,True,True,True,True,True,True,True
0.857,0.077,0.028,0.008,0.03,1036.7997493814069,0.05332964852164534,8.07778695737813e-06,8.055627597484883e-07,268.3244814880987,738.9490406735346,False,True,True,True,True,True,False
0.945,0.004,0.008,0.013000000000000001,0.03,1024.3686128429133,0.05264271402025751,4.7323171427299265e-06,2.3026038896450506e-07,245.0108751225117,636.8663760482888,False,True,True,True,True,True,False
0.868,0.03,0.018000000000000002,0.051000000000000004,0.033,1016.1496422013867,0.10252386041952223,1.3410590918536468e-05,4.647731489174651e-07,244.77373072342738,651.9525769641119,False,True,True,True,True,True,False
0.806,0.077,0.063,0.05,0.004,127.4731032833952,0.09126727713493041,2.2135163427398697e-05,1.6551300969576742e-06,269.78860600500354,745.8946237362336,True,True,True,True,True,True,True
0.802,0.02,0.025,0.122,0.031,811.4292641933629,0.1652813143925456,2.3862063685711848e-05,5.507283849137078e-07,228.24184955152455,605.0105219071127,True,True,True,True,True,True,True
0.806,0.089,0.02,0.064,0.021,630.419594999367,0.10608323125766819,1.5791297105236716e-05,5.030582376880867e-07,257.0344233868406,714.4760822176654,True,True,True,True,True,True,True
0.833,0.082,0.009000000000000001,0.043000000000000003,0.033,1034.6600927294014,0.09091765929447547,1.0437315233174601e-05,2.378490701183372e-07,256.42002041296536,708.435289517911,False,True,True,True,True,True,False
0.878,0.08,0.006,0.006,0.03,1041.4331073607877,0.04254207063563011,2.9821427491133417e-06,1.7608940266759006e-07,263.8315145135128,725.7100228836767,False,True,True,True,True,True,False
0.804,0.079,0.038,0.046,0.033,1028.1754456042236,0.10380465026938082,1.6521176933658375e-05,9.885521678074794e-07,262.4862064313506,726.761257858219,False,True,True,True,True,True,False
0.817,0.026000000000000002,0.07,0.083,0.004,118.27318646010279,0.12670579321144682,2.7531937773634653e-05,1.7035722937527796e-06,252.17748251493202,674.3290132521983,True,True,True,True,True,True,True
0.925,0.005,0.042,0.024,0.004,136.16520957638323,0.05355939958467003,1.3884408031872102e-05,1.1829958416809402e-06,253.50207556889706,662.254443285949,True,True,True,True,True,True,True
0.856,0.085,0.017,0.035,0.007,229.19020702527482,0.06103840104292218,1.0678662085124781e-05,4.6416114918869415e-07,263.0179052486376,726.1320792547203,True,True,True,True,True,True,True
0.853,0.015,0.08700000000000001,0.015,0.03,1022.0990626015878,0.08388973025864188,2.177313016897776e-05,2.4619801019573505e-06,267.4222544729425,712.1933631964127,False,True,True,True,True,True,False
0.826,0.062,0.052000000000000005,0.023,0.037,1222.482850222103,0.08715304297958029,1.5729178201090292e-05,1.4300117848326552e-06,267.03496102899965,731.7378157093787,False,True,True,True,True,True,False
0.8089999999999999,0.008,0.033,0.135,0.015,387.0127726827443,0.16643319270265902,2.6653339434108808e-05,7.140393590747854e-07,225.78409418780063,592.1835890196767,True,True,True,True,True,True,True
0.895,0.013000000000000001,0.02,0.04,0.032,1014.8827790689974,0.09072552385763584,1.2043021398968751e-05,5.310144909909567e-07,243.8997227340963,640.7993955673959,False,True,True,True,True,True,False
0.842,0.042,0.082,0.005,0.029,1015.690000202,0.06858458741931993,1.9140226594099146e-05,2.3827951490439893e-06,274.78984348734826,744.7885698730366,False,True,True,True,True,True,False
0.92,0.014,0.008,0.027,0.031,1017.6068611519836,0.0708873644178128,7.408005221407964e-06,2.2162771135817666e-07,244.08146694312296,639.9306005741778,False,True,True,True,True,True,False
0.836,0.004,0.05,0.082,0.028,804.3200381971013,0.1382710827506978,2.3578754043537357e-05,1.2021469765532155e-06,240.2638675935835,630.815723006086,True,True,True,True,True,True,True
0.858,0.016,0.014,0.077,0.035,1010.4721082756633,0.12802823787950332,1.6440206546025666e-05,3.404086495364622e-07,234.4060208368451,617.3650957606015,False,True,True,True,True,True,False
0.855,0.10200000000000001,0.026000000000000002,0.005,0.012,423.8342716976795,0.030102986654671905,7.044407680193123e-06,7.638835434942561e-07,275.728149004672,769.6591436122114,True,True,True,True,True,True,True
0.899,0.026000000000000002,0.005,0.046,0.024,753.0550479278194,0.08513149045780821,1.0104535714679254e-05,1.337782262210243e-07,242.33914261447617,640.8826026622696,True,True,True,True,True,True,True
0.836,0.057,0.01,0.063,0.034,1014.2447688892531,0.11266224287967,1.3730797118938992e-05,2.5165499590475773e-07,246.21495917447135,669.0285682449042,False,True,True,True,True,True,False
0.802,0.031,0.095,0.042,0.03,950.4837003478345,0.11648433101453579,2.711862292400989e-05,2.5068306551492334e-06,267.0709396963381,721.0825047837236,True,True,True,True,True,True,True
0.834,0.01,0.058,0.075,0.023,674.289367909919,0.13058945029148714,2.4227497017596862e-05,1.421100107058552e-06,245.70385922363616,648.8086915352878,True,True,True,True,True,True,True
0.8029999999999999,0.056,0.11800000000000001,0.004,0.019,673.6242361256375,0.07073015266791036,2.6931503327068257e-05,3.4665984971927685e-06,288.3107543103563,791.6410127016566,True,True,True,True,True,True,True
0.87,0.083,0.012,0.005,0.03,1044.5664076189298,0.04341172375532756,4.0585256885296745e-06,3.497057722906375e-07,266.29947936323754,734.5637206566496,False,True,True,True,True,True,False
0.815,0.079,0.082,0.005,0.019,669.8052510124216,0.05839425791031463,1.9219637792288604e-05,2.3971933843422354e-06,284.20391235017814,788.0345028620479,True,True,True,True,True,True,True
0.833,0.01,0.053,0.078,0.026000000000000002,754.9692328245294,0.13408381271780204,2.3652109362249057e-05,1.2872263448980406e-06,243.50077381748486,642.6422284600995,True,True,True,True,True,True,True
0.8089999999999999,0.106,0.045,0.009000000000000001,0.031,1067.1662482731172,0.06181082292356278,1.1918332508547545e-05,1.2874421894782748e-06,279.15662059721905,784.9667641541221,False,True,True,True,True,True,False
0.829,0.011,0.10300000000000001,0.026000000000000002,0.031,1024.9599965465893,0.1032382731264422,2.6652841805557202e-05,2.83141349754035e-06,268.0198906322984,714.0623349829937,False,True,True,True,True,True,False
0.832,0.007,0.051000000000000004,0.078,0.032,925.2523980508879,0.13811815275579517,2.3237772601148505e-05,1.2341054921943633e-06,241.81954855545092,636.8880722269666,True,True,True,True,True,True,True
0.913,0.036000000000000004,0.018000000000000002,0.004,0.029,1015.6337723558777,0.04334772118078191,5.08475021978465e-06,5.259962200130315e-07,257.1749815064463,686.7144411316133,False,True,True,True,True,True,False
0.838,0.009000000000000001,0.059000000000000004,0.07200000000000001,0.022,650.1728821345012,0.12735564802965002,2.404509760880055e-05,1.4566673561703137e-06,246.48501637316542,650.3546718242295,True,True,True,True,True,True,True
0.8029999999999999,0.027,0.044,0.12,0.006,162.10239276515182,0.1519197140547172,2.7000216441537794e-05,9.860525461747825e-07,237.16048068992637,632.5442930674045,True,True,True,True,True,True,True
0.915,0.018000000000000002,0.021,0.016,0.03,1015.9450874198886,0.061146229935267304,8.065411346070646e-06,5.936442228617688e-07,250.93776264929815,661.5564397089499,False,True,True,True,True,True,False
0.835,0.004,0.11,0.006,0.045,1556.7468704467965,0.09614925800263989,2.5185430587342153e-05,3.157257592395699e-06,271.64747274321934,721.77483713845,False,True,True,True,True,True,False
0.802,0.029,0.11,0.028,0.031,1019.0839619539214,0.10782740419856304,2.8341480110683796e-05,3.0067433177481853e-06,273.5654971024297,739.0169707319387,False,True,True,True,True,True,False
0.891,0.023,0.026000000000000002,0.029,0.031,1012.6680637626389,0.0795017879605944,1.1408696035809692e-05,7.091333735573741e-07,250.3526835008594,663.5734487696586,False,True,True,True,True,True,False
0.874,0.019,0.01,0.074,0.023,674.282402314766,0.11454111766029125,1.5340742066523957e-05,2.4750144272469725e-07,235.69649068708296,620.7350356805293,True,True,True,True,True,True,True
0.871,0.045,0.039,0.015,0.03,1018.5510293235773,0.06634912204671309,1.1683288922865758e-05,1.1019033298292068e-06,262.0915538692604,707.4073533385103,False,True,True,True,True,True,False
0.81,0.041,0.061,0.07100000000000001,0.017,505.1821915251508,0.12292026289800977,2.434478119743005e-05,1.5126528677171878e-06,255.08536735610852,689.5298214954104,True,True,True,True,True,True,True
0.851,0.024,0.078,0.041,0.006,194.98621915993016,0.08840834109072455,2.384867467340066e-05,2.0978787089783947e-06,263.16415109963845,702.8343341137883,True,True,True,True,True,True,True
0.82,0.073,0.026000000000000002,0.048,0.033,1022.6519065671416,0.10190962050560005,1.4506305830751677e-05,6.738659773210219e-07,257.54787020064117,709.0556316189638,False,True,True,True,True,True,False
0.838,0.079,0.005,0.045,0.033,1029.3134537392498,0.09173838772439007,9.997282153701493e-06,1.328153670291167e-07,254.23426651164624,700.6165343687089,False,True,True,True,True,True,False
0.913,0.037,0.022,0.01,0.018000000000000002,625.2294181300999,0.04176151101015665,7.116874350906831e-06,6.370167367301709e-07,257.92605168933346,688.9117802580898,True,True,True,True,True,True,True
0.833,0.031,0.011,0.097,0.028,775.1304989787013,0.13924995576498406,1.8582651571269042e-05,2.5727639505001664e-07,233.1320005560046,621.1422848820487,True,True,True,True,True,True,True
0.828,0.016,0.076,0.07200000000000001,0.008,240.01342565806445,0.12152218760913489,2.7329246075112295e-05,1.8933390219446176e-06,253.577657877746,673.7707497551382,True,True,True,True,True,True,True
0.817,0.007,0.14100000000000001,0.023,0.012,407.3401624737797,0.09580786170930206,3.4452454163665234e-05,3.966618951565307e-06,279.00942921679206,744.336538822362,True,True,True,True,True,True,True
0.907,0.027,0.053,0.009000000000000001,0.004,141.66712429836164,0.037642311414744355,1.3624470472900403e-05,1.5528867441890385e-06,264.8772386037945,704.9319109649224,True,True,True,True,True,True,True
0.924,0.015,0.016,0.015,0.03,1018.6382261565963,0.05808302749012646,6.827965681062645e-06,4.5432796828405843e-07,249.1801912778316,654.681010252529,False,True,True,True,True,True,False
0.8029999999999999,0.04,0.092,0.035,0.03,967.5551648475792,0.10812047661901766,2.5625464834460544e-05,2.4695700974179547e-06,269.9928660913925,732.9690754640854,True,True,True,True,True,True,True
0.861,0.023,0.075,0.036000000000000004,0.005,164.92197630628968,0.08076133028196361,2.256104841488848e-05,2.0444773317551817e-06,263.37561493010685,702.3099514657423,True,True,True,True,True,True,True
0.841,0.049,0.074,0.03,0.006,200.36479747761985,0.07421046290471221,2.1495585417971596e-05,2.0450704219452205e-06,270.4731106247595,734.4314306982649,True,True,True,True,True,True,True
0.869,0.009000000000000001,0.038,0.051000000000000004,0.033,1017.7942230584506,0.10920730614598521,1.7225337169134716e-05,9.793355824979243e-07,245.00878935389645,644.2861398468247,False,True,True,True,True,True,False
0.931,0.012,0.012,0.015,0.03,1018.5641906340848,0.05664011225428445,5.98533942035277e-06,3.4164038411445665e-07,247.4515922379403,648.0306382732732,False,True,True,True,True,True,False
0.802,0.006,0.033,0.14300000000000002,0.016,405.6946766783721,0.17283850708812226,2.7441709453514592e-05,7.022595580711519e-07,223.41781397872188,585.1125504046928,True,True,True,True,True,True,True
0.83,0.004,0.044,0.08600000000000001,0.036000000000000004,1018.6574340471557,0.14593464369742165,2.2926168471001944e-05,1.0433144451526953e-06,237.18858714867358,622.651192665646,False,True,True,True,True,True,False
0.832,0.075,0.026000000000000002,0.035,0.032,1026.1113339975223,0.0870548153496535,1.2458610687183668e-05,6.963396427874808e-07,261.05062962552967,719.0443615064095,False,True,True,True,True,True,False
0.872,0.044,0.012,0.04,0.032,1013.3632917824186,0.08791068167344937,1.048714538265462e-05,3.19340753026362e-07,249.08016741025887,669.5535485038246,False,True,True,True,True,True,False
0.804,0.088,0.081,0.023,0.004,136.5741159599415,0.06618511449375807,2.19533190994056e-05,2.2800789837638836e-06,283.1198675680124,788.7426456122438,True,True,True,True,True,True,True
0.903,0.029,0.035,0.004,0.029,1016.7736562382061,0.04971375174539466,8.757498110022207e-06,1.0203931919294458e-06,259.90858210922784,692.5315039440437,False,True,True,True,True,True,False
0.85,0.057,0.023,0.038,0.032,1018.6473757898033,0.0894073856778509,1.2332357671342156e-05,6.121334688034123e-07,255.39381362526538,694.404919186394,False,True,True,True,True,True,False
0.833,0.006,0.052000000000000005,0.083,0.026000000000000002,746.2106686694084,0.13822574301764431,2.40748734682905e-05,1.248863000765129e-06,241.17386816758358,634.364461767242,True,True,True,True,True,True,True
0.802,0.046,0.041,0.076,0.035,1012.9510238701707,0.13537190081936318,2.1184138834055583e-05,9.935086846488315e-07,248.57561748836736,673.9222127949334,False,True,True,True,True,True,False
0.8049999999999999,0.131,0.025,0.005,0.034,1178.6750977542172,0.052183231559808294,6.925155990720518e-06,7.21420683586678e-07,280.5289640255739,799.1487811521296,False,True,True,True,True,True,False
0.821,0.061,0.028,0.043000000000000003,0.047,1461.4506180969227,0.10945103263289699,1.4075069991655438e-05,7.278475981945847e-07,255.3089093422197,698.2728330549573,False,True,True,True,True,True,False
0.908,0.022,0.024,0.016,0.03,1015.9304187473506,0.06222142472474121,8.704676449064113e-06,6.779035516654126e-07,252.64254792280556,668.5329303930988,False,True,True,True,True,True,False
0.802,0.02,0.052000000000000005,0.12,0.006,162.21362851451005,0.1542475336583782,2.8336364911913737e-05,1.1654635332231985e-06,237.57836572684388,631.0666057768943,True,True,True,True,True,True,True
0.802,0.035,0.08,0.037,0.046,1458.2423648344231,0.12012519699683598,2.3343203439400844e-05,2.112858391964984e-06,264.0441520947842,714.470984513785,False,True,True,True,True,True,False
0.895,0.02,0.075,0.005,0.005,179.0542948729289,0.04144064380555167,1.7733943618434798e-05,2.2215827137657503e-06,269.72626930579094,717.0118325559133,True,True,True,True,True,True,True
0.877,0.049,0.016,0.027,0.031,1016.6246077916403,0.0735960099819683,9.06702238757963e-06,4.3923095541508243e-07,254.30618302263397,686.1898515721751,False,True,True,True,True,True,False
0.849,0.01,0.044,0.063,0.034,1017.3514445177847,0.12375128848080877,2.0031067867689745e-05,1.1009222211546207e-06,243.97656911484188,643.1515509773498,False,True,True,True,True,True,False
0.803,0.004,0.038,0.136,0.019,487.58198802337233,0.17119960488753166,2.7517596305165088e-05,8.185787678482246e-07,225.59464595907474,590.6195628054949,True,True,True,True,True,True,True
0.887,0.01,0.076,0.02,0.007,240.03387172014135,0.06373433802330052,2.038664151092038e-05,2.158502836911405e-06,264.0819478106723,697.4519240997766,True,True,True,True,True,True,True
0.94,0.005,0.012,0.013000000000000001,0.03,1024.524668477587,0.054098083919182346,5.587329948645433e-06,3.4359595122410624e-07,246.2727704894455,641.2437967833142,False,True,True,True,True,True,False
0.831,0.006,0.079,0.036000000000000004,0.048,1525.017970749396,0.12063509335514161,2.3000072858998237e-05,2.091092025259245e-06,257.089448547272,681.0461583662291,False,True,True,True,True,True,False
0.848,0.043000000000000003,0.023,0.053,0.033,1010.8077857454468,0.10616365342514049,1.4677831431161265e-05,5.899487155217322e-07,248.63578916437143,669.6088387822681,False,True,True,True,True,True,False
0.886,0.046,0.009000000000000001,0.028,0.031,1013.698384505018,0.07233199187469871,7.814514769350362e-06,2.4784555275256553e-07,251.5837648621629,676.5279227726292,False,True,True,True,True,True,False
0.829,0.017,0.083,0.039,0.032,1020.2382569441413,0.11109848251937374,2.432689718955737e-05,2.2041137937403197e-06,261.24723107913354,696.9637882667747,False,True,True,True,True,True,False
0.896,0.045,0.05,0.005,0.004,143.05518457777822,0.030862514390661833,1.2242735308801156e-05,1.4801658419727654e-06,269.2148811208772,725.2913415617522,True,True,True,True,True,True,True
0.8160000000000001,0.037,0.127,0.005,0.015,532.8020046949426,0.07143980719995759,2.9107444080723404e-05,3.736390167369349e-06,286.27419453961323,777.2385726409826,True,True,True,True,True,True,True
0.804,0.076,0.005,0.098,0.017,472.68544998042825,0.12999705898679,1.7748671749984414e-05,1.1862106711214404e-07,242.72483251601585,668.1702086993351,True,True,True,True,True,True,True
0.837,0.07200000000000001,0.073,0.014,0.004,139.81555781301557,0.05178237049929091,1.884631158708421e-05,2.10617333503658e-06,279.37868328819167,769.3421191086989,True,True,True,True,True,True,True
0.955,0.01,0.006,0.017,0.012,410.9053118530767,0.03927324235024473,5.039405844077933e-06,1.7404377555499176e-07,246.38849009943186,641.8969593314649,True,True,True,True,True,True,True
0.847,0.054,0.046,0.041,0.012,385.6470403812978,0.08271480109509269,1.74254905393247e-05,1.2302688094277192e-06,261.47749030696934,710.2841409530539,True,True,True,True,True,True,True
0.825,0.028,0.021,0.09,0.036000000000000004,1007.6160808183097,0.14224629918305015,1.939683756451918e-05,4.941187136711712e-07,235.97011788704194,628.9585365604045,False,True,True,True,True,True,False
0.8029999999999999,0.004,0.111,0.049,0.033,1026.3949349430125,0.13150590691657096,3.102489549201658e-05,2.8773608925296694e-06,263.0536771710146,698.9071822822416,False,True,True,True,True,True,False
0.872,0.034,0.061,0.004,0.029,1017.8713173875069,0.05943853183682431,1.440732110239648e-05,1.7773233597818566e-06,267.7565960383848,719.272294615513,False,True,True,True,True,True,False
0.8029999999999999,0.03,0.026000000000000002,0.136,0.005,131.05644786462597,0.1584628150104028,2.5716806477244526e-05,5.645854737648596e-07,229.6723179230129,612.1406666132665,True,True,True,True,True,True,True
0.871,0.027,0.068,0.005,0.029,1015.6092302054731,0.06338503395677225,1.609455176890167e-05,1.9766460538140494e-06,267.6937025248043,716.4038585501711,False,True,True,True,True,True,False
0.915,0.035,0.017,0.004,0.029,1015.6250000310653,0.04297595576157387,4.869322143580317e-06,4.969806551424625e-07,256.6845316621595,684.7678800268995,False,True,True,True,True,True,False
0.802,0.041,0.033,0.076,0.048,1377.038240545837,0.1429064717644005,1.965531423375262e-05,7.935646952767572e-07,244.33965922545562,660.1899462927574,False,True,True,True,True,True,False
0.824,0.018000000000000002,0.101,0.026000000000000002,0.031,1024.5893189555677,0.10250177293787653,2.6243881226287247e-05,2.775483995458696e-06,269.1389785645857,720.3967280313965,False,True,True,True,True,True,False
0.821,0.035,0.058,0.053,0.033,1012.6207861605665,0.1176965712644091,2.133751050148518e-05,1.4855774977956966e-06,255.7611846515922,688.8689741601024,False,True,True,True,True,True,False
0.825,0.046,0.083,0.016,0.03,1017.8269520631828,0.08352692589106074,2.1096360095858143e-05,2.339279946189033e-06,273.4016018482379,743.597469123809,False,True,True,True,True,True,False
0.899,0.037,0.004,0.029,0.031,1011.1101673444143,0.07178779484200992,6.975641268420873e-06,1.1175366450431702e-07,247.96980532507976,661.6637087800768,False,True,True,True,True,True,False
0.81,0.009000000000000001,0.045,0.129,0.007,185.18538194809224,0.1599427282387096,2.807479294421764e-05,9.89700436913706e-07,231.08789625852634,607.5134617052953,True,True,True,True,True,True,True
0.856,0.038,0.032,0.042,0.032,1009.2592828773026,0.0968609438606312,1.4733422232695108e-05,8.429799820942491e-07,252.36200755597756,677.7651689629868,False,True,True,True,True,True,False
0.815,0.122,0.038,0.008,0.017,592.8010014443935,0.04384177361082018,1.0258742928583069e-05,1.1010803550620567e-06,282.40796711306336,799.7465193320337,True,True,True,True,True,True,True
0.922,0.018000000000000002,0.014,0.016,0.03,1015.6063847655323,0.05861614030299276,6.6031852596854594e-06,3.968363554070609e-07,249.137929978519,655.8852468699051,False,True,True,True,True,True,False
0.835,0.061,0.019,0.052000000000000005,0.033,1012.5200845103391,0.10376314651375582,1.377628242935927e-05,4.885977959527587e-07,252.0388582661236,687.4127754555341,False,True,True,True,True,True,False
0.83,0.051000000000000004,0.013000000000000001,0.097,0.009000000000000001,253.30730468595635,0.12564174844327788,1.9038942735879676e-05,3.0690736343223853e-07,239.7913372777292,647.7837340888443,True,True,True,True,True,True,True
0.806,0.059000000000000004,0.10400000000000001,0.011,0.02,693.9573741935636,0.07537791839438235,2.4909625509173773e-05,2.9931431923683765e-06,283.7441365607919,779.5009590323858,True,True,True,True,True,True,True
0.94,0.008,0.007,0.015,0.03,1018.4816981346734,0.054837150311486726,4.9292682453190505e-06,2.0080075149907281e-07,245.23245854193394,639.4333723925798,False,True,True,True,True,True,False
0.949,0.016,0.005,0.022,0.008,271.1997916971265,0.04153968596459775,5.789516717332711e-06,1.440866621539234e-07,246.70768737103828,645.4691523482993,True,True,True,True,True,True,True
0.846,0.017,0.10400000000000001,0.004,0.029,1020.741918005423,0.07563707767862643,2.3750457364926247e-05,3.0356190340407876e-06,274.8351918382766,734.7828151310028,False,True,True,True,True,True,False
0.8109999999999999,0.05,0.022,0.074,0.043000000000000003,1242.5859158482424,0.13386329937547917,1.744874813474805e-05,5.336473515633568e-07,244.45984157308592,663.2808959765755,False,True,True,True,True,True,False
0.84,0.065,0.02,0.054,0.021,646.7417041784466,0.09595798104611994,1.4296110196933332e-05,5.15766868424023e-07,253.70782714522062,693.0458860023004,True,True,True,True,True,True,True
0.826,0.01,0.066,0.064,0.034,1015.8058779929164,0.13174865942370237,2.424708461057865e-05,1.6473780360391162e-06,249.4052008406873,660.3906359243092,False,True,True,True,True,True,False
0.839,0.044,0.015,0.054,0.048,1450.9493140942952,0.11704009269036798,1.327181471012124e-05,3.808920536547942e-07,245.4203658747755,661.87379638899,False,True,True,True,True,True,False
0.938,0.022,0.015,0.006,0.019,667.0906845240708,0.03472826548711606,4.794808513465043e-06,4.401483559781139e-07,253.4606982906918,668.4109497566697,True,True,True,True,True,True,True
0.898,0.039,0.013000000000000001,0.043000000000000003,0.007,224.84777858593714,0.06924391514969802,1.1187406022836102e-05,3.4926504509095654e-07,249.43000894283938,665.9389548965033,True,True,True,True,True,True,True
0.954,0.021,0.008,0.006,0.011,388.5915901029346,0.023798065043079946,3.2288280327184236e-06,2.3792167250583988e-07,252.05177531830924,662.5700733585765,True,True,True,True,True,True,True
0.915,0.019,0.032,0.026000000000000002,0.008,268.73704820138124,0.056346894523643144,1.2147710076375507e-05,8.938972933626167e-07,253.4364185961903,668.4140507551714,True,True,True,True,True,True,True
0.89,0.054,0.022,0.026000000000000002,0.008,268.2221671213983,0.05270639197093115,1.0102559112631646e-05,6.144315517232299e-07,259.0325726460929,700.0886831466823,True,True,True,True,True,True,True
0.8029999999999999,0.036000000000000004,0.117,0.023,0.021,705.3441695485255,0.09550022218290173,2.928227644484975e-05,3.2632230468242976e-06,278.9125821407242,756.767296726,True,True,True,True,True,True,True
0.812,0.084,0.026000000000000002,0.06,0.018000000000000002,547.2487297263411,0.10151916425942435,1.634683102115911e-05,6.609639169599527e-07,258.55276879848725,716.3515780493625,True,True,True,True,True,True,True
0.808,0.097,0.076,0.015,0.004,139.35931021036583,0.05415224576851114,1.9666461425774798e-05,2.1846007430895674e-06,285.75271392037064,799.5919300573522,True,True,True,True,True,True,True
0.8029999999999999,0.025,0.07,0.07200000000000001,0.03,881.2953351729784,0.1370768611130434,2.599636169300261e-05,1.718520571376233e-06,252.4247368404138,676.4875406943795,True,True,True,True,True,True,True
0.812,0.078,0.029,0.033,0.048,1529.6008590260897,0.1001473125384507,1.2715148209078276e-05,7.715596136836222e-07,261.73008494283727,724.1229023479856,False,True,True,True,True,True,False
0.896,0.04,0.031,0.004,0.029,1016.1188850679748,0.048197316037232,7.901020798895564e-06,9.03586386812879e-07,261.4494987638966,701.7920183825112,False,True,True,True,True,True,False
0.852,0.127,0.006,0.006,0.009000000000000001,317.12899921296736,0.02087669290993618,2.9150462360212983e-06,1.7846007028477045e-07,276.43136194602715,781.64524789192,True,True,True,True,True,True,True
0.823,0.036000000000000004,0.096,0.015,0.03,1021.6904094688132,0.08709929374293637,2.36825332029181e-05,2.7149871370626344e-06,274.635520146794,743.3464137045855,False,True,True,True,True,True,False
0.903,0.019,0.019,0.028,0.031,1015.2059101280998,0.0759041613166618,9.816048173247762e-06,5.204043316860371e-07,247.84861219065303,653.9405208356749,False,True,True,True,True,True,False
0.925,0.004,0.026000000000000002,0.015,0.03,1019.5668445605781,0.06173481839367003,8.916125968510654e-06,7.367146733790507e-07,249.18179380701332,650.2805888453236,False,True,True,True,True,True,False
0.846,0.074,0.067,0.009000000000000001,0.004,141.59852179024801,0.04282484136306414,1.6712716383803233e-05,1.9592996648181716e-06,279.4418038972666,769.6780968486046,True,True,True,True,True,True,True
0.895,0.022,0.023,0.029,0.031,1012.5675163911457,0.07845724457630576,1.080284488323999e-05,6.276512402624484e-07,249.35053964731966,660.0067561472368,False,True,True,True,True,True,False
0.85,0.009000000000000001,0.011,0.124,0.006,160.515694502978,0.14576792563778962,2.1951116317387688e-05,2.4628581149801293e-07,223.56472669459617,583.0084782194496,True,True,True,True,True,True,True
0.804,0.081,0.008,0.098,0.009000000000000001,252.44020141083772,0.12490549051514377,1.8304575716388187e-05,1.8916676448581914e-07,245.2843582082161,677.2468458612302,True,True,True,True,True,True,True
0.835,0.006,0.08,0.033,0.046,1475.1568686396047,0.11616335378200461,2.27939992635018e-05,2.136537865397542e-06,258.1827821543941,683.8506236382955,False,True,True,True,True,True,False
0.886,0.027,0.04,0.017,0.03,1013.7011484888798,0.06922854530520146,1.2222186376345723e-05,1.125011647851248e-06,257.69380061887256,686.5930371311946,False,True,True,True,True,True,False
0.804,0.039,0.127,0.005,0.025,880.468370571544,0.0814920295968083,2.8974483668792365e-05,3.7075859446856733e-06,285.9622015056934,778.3048352940609,True,True,True,True,True,True,True
0.871,0.026000000000000002,0.026000000000000002,0.056,0.021,644.5824143130615,0.10014951648648192,1.5720543560310825e-05,6.67601433878462e-07,245.68913030333957,652.4114087066093,True,True,True,True,True,True,True
0.84,0.044,0.043000000000000003,0.041,0.032,1012.1388797059212,0.09949133810232937,1.6740139238548804e-05,1.134700135252314e-06,256.81580805181204,694.079778783601,False,True,True,True,True,True,False
0.827,0.095,0.028,0.018000000000000002,0.032,1073.2148604168135,0.06787917573738406,9.966107690479473e-06,7.825637249389378e-07,270.0991340709341,753.3225448955687,False,True,True,True,True,True,False
0.814,0.052000000000000005,0.02,0.07100000000000001,0.043000000000000003,1251.2873742249258,0.130536070806976,1.6676463985095514e-05,4.886498585761724e-07,245.09487122269744,665.684958312822,False,True,True,True,True,True,False
0.839,0.058,0.005,0.064,0.034,1011.5302744634456,0.11203430743058783,1.2960440595807532e-05,1.2693220793068102e-07,244.93459531759265,665.5292942164562,False,True,True,True,True,True,False
0.818,0.064,0.074,0.014,0.03,1022.323732116937,0.07778951170371523,1.8890415484377924e-05,2.0947356407430475e-06,275.744756339242,757.9294988216247,False,True,True,True,True,True,False
0.91,0.031,0.025,0.005,0.029,1013.298990577094,0.04732030459655932,6.811738094028025e-06,7.27521679323321e-07,257.5787472063585,686.1186826444336,False,True,True,True,True,True,False
0.804,0.095,0.025,0.052000000000000005,0.024,740.5242053932908,0.09796897047995527,1.4960322711755135e-05,6.4509399762293e-07,262.2174027752433,731.9948444665414,True,True,True,True,True,True,True
0.8049999999999999,0.02,0.107,0.043000000000000003,0.025,793.7869440918145,0.11730556906220618,2.9658556738231478e-05,2.8283701619096642e-06,267.7480094715068,718.3205496738841,True,True,True,True,True,True,True
0.863,0.021,0.044,0.051000000000000004,0.021,653.3919746429674,0.10092138737791687,1.8446733787488545e-05,1.1424278505058755e-06,250.28521698303265,664.2320046601079,True,True,True,True,True,True,True
0.81,0.097,0.034,0.011,0.048,1622.0115939291188,0.07687114355211591,9.945126597659e-06,9.561407256032178e-07,272.45234867448295,762.6145947521017,False,True,True,True,True,True,False
0.896,0.043000000000000003,0.015,0.016,0.03,1014.6577743103496,0.05892115723579177,6.826947152343186e-06,4.2442690325745295e-07,255.23194089574645,685.1106485904321,False,True,True,True,True,True,False
0.869,0.08600000000000001,0.01,0.005,0.03,1044.3376750672348,0.04266459374695378,3.6428053404430948e-06,2.919256907646822e-07,266.48528487689936,736.3526295407067,False,True,True,True,True,True,False
0.919,0.019,0.015,0.017,0.03,1012.8152881969498,0.06023110545033932,6.991697306923505e-06,4.237972305915856e-07,249.39918285434462,657.2475834159034,False,True,True,True,True,True,False
0.935,0.024,0.008,0.004,0.029,1015.6293101527766,0.039633044863937865,2.908857523913369e-06,2.3587689863702456e-07,251.8066004344262,664.9783863279449,False,True,True,True,True,True,False
0.843,0.026000000000000002,0.07,0.03,0.031,1011.8962492619667,0.09599622554480398,2.0487209875335317e-05,1.9018555722421364e-06,262.1305898123311,702.0404689760102,False,True,True,True,True,True,False
0.806,0.065,0.07200000000000001,0.026000000000000002,0.031,1021.3731688622823,0.09207640372029259,2.031266754244175e-05,1.973353717287039e-06,272.6588215218853,750.3158537107348,False,True,True,True,True,True,False
0.846,0.05,0.007,0.08600000000000001,0.011,316.4943170030974,0.11535056332773314,1.6520763415672777e-05,1.7042673224381507e-07,240.36754838243297,647.9746066892776,True,True,True,True,True,True,True
0.855,0.07200000000000001,0.055,0.013000000000000001,0.005,174.60961342762718,0.044793143231550044,1.4801940561822669e-05,1.5895776432904922e-06,274.90268258767816,755.2292638939759,True,True,True,True,True,True,True
0.815,0.094,0.03,0.042,0.019,603.8889566956439,0.08451915091097344,1.4406375673352558e-05,7.957012770323456e-07,265.930487082506,741.350544515648,True,True,True,True,True,True,True
0.832,0.10300000000000001,0.021,0.006,0.038,1310.8611898686675,0.05607651051776096,6.239982071268714e-06,6.037380165917142e-07,272.42602347894467,763.0283731285001,False,True,True,True,True,True,False
0.9279999999999999,0.017,0.009000000000000001,0.016,0.03,1015.4045013380686,0.0568119933484316,5.544485568862047e-06,2.5634620884192047e-07,247.61894894223045,650.6977988894147,False,True,True,True,True,True,False
0.856,0.067,0.021,0.025,0.031,1021.6341550416405,0.07294109963772748,9.737619895722263e-06,5.780839175246433e-07,260.2491739821405,711.8649786725549,False,True,True,True,True,True,False
0.876,0.043000000000000003,0.007,0.042,0.032,1007.9581625264065,0.088412407169035,9.839712427304543e-06,1.8664480235677802e-07,247.10754405254505,663.1965910653182,False,True,True,True,True,True,False
0.836,0.058,0.045,0.057,0.004,125.23694798275022,0.0928471337565686,1.959834292184361e-05,1.1630286110053618e-06,259.13901751956024,705.6378412843611,True,True,True,True,True,True,True
0.8029999999999999,0.019,0.08,0.064,0.034,1016.0837781490461,0.13619798178950804,2.687154171692619e-05,1.9965815334189856e-06,255.10131098576457,681.9613887934098,False,True,True,True,True,True,False
0.821,0.07,0.048,0.057,0.004,125.21936695775096,0.09379816627116733,2.018188710942619e-05,1.2399182975153534e-06,262.71029737473737,721.7044863413872,True,True,True,True,True,True,True
0.832,0.051000000000000004,0.018000000000000002,0.065,0.034,1009.8669038981918,0.11716922399830233,1.549952227378613e-05,4.488206142205785e-07,246.41436888470741,667.5214526075927,False,True,True,True,True,True,False
0.862,0.025,0.04,0.05,0.023,716.0831183362711,0.10024737931779475,1.751656664116933e-05,1.0396581332146268e-06,250.26492876837185,665.8819639881276,True,True,True,True,True,True,True
0.861,0.021,0.045,0.041,0.032,1013.0859098307051,0.10025457048191144,1.712037096366193e-05,1.188529126979147e-06,251.96292697499663,669.5614498167845,False,True,True,True,True,True,False
0.877,0.012,0.025,0.053,0.033,1012.0128169944524,0.10693997280529349,1.5029790166965805e-05,6.418629089965879e-07,241.9154677971309,635.9963767175141,False,True,True,True,True,True,False
0.814,0.08700000000000001,0.026000000000000002,0.068,0.005,151.6271331204802,0.09883650584835499,1.7547597966861112e-05,6.540392480203507e-07,258.4448186086303,716.6551493465732,True,True,True,True,True,True,True
0.822,0.084,0.02,0.068,0.006,181.41905008418362,0.09774940199707105,1.641926077434007e-05,5.033857935715526e-07,256.12627939789337,708.2664496073513,True,True,True,True,True,True,True
0.873,0.054,0.015,0.027,0.031,1016.3852693658964,0.07323186091457756,8.868453265244088e-06,4.11871512717939e-07,255.2213459844727,691.0652567806524,False,True,True,True,True,True,False
0.835,0.07,0.037,0.011,0.047,1591.3159621193956,0.07707709691008945,1.0557258072907382e-05,1.04234445224329e-06,266.9986191744904,734.4833414939197,False,True,True,True,True,True,False
0.846,0.084,0.045,0.004,0.021,739.6423828799778,0.04517858757544818,1.0980278530600465e-05,1.3162777638359335e-06,275.93682679934386,764.0930159069967,True,True,True,True,True,True,True
0.8029999999999999,0.005,0.139,0.008,0.045,1550.0025247563349,0.10920916835046371,3.1654080016680184e-05,3.972068857503506e-06,278.8718047555657,745.2296243481566,False,True,True,True,True,True,False
0.8089999999999999,0.062,0.092,0.019,0.018000000000000002,611.3922533473794,0.0788358414775425,2.3540729965907434e-05,2.5940992234278877e-06,279.6996989335382,768.760399898548,True,True,True,True,True,True,True
0.888,0.025,0.055,0.022,0.01,339.1858205141354,0.06151244664190444,1.6269516360774274e-05,1.5489503108343553e-06,261.49787042380376,695.9583803867688,True,True,True,True,True,True,True
0.916,0.011,0.034,0.024,0.015,503.3415173814926,0.061318281241746174,1.2202649726831032e-05,9.500890063198246e-07,251.99320633310296,661.266822270214,True,True,True,True,True,True,True
0.896,0.02,0.014,0.061,0.009000000000000001,275.8352955730605,0.09128909631404235,1.4215140248164904e-05,3.594242498161897e-07,241.00178400820639,634.3956958230141,True,True,True,True,True,True,True
0.87,0.006,0.006,0.113,0.005,137.31947913952038,0.13464200737396742,1.9824857194616126e-05,1.388232600022338e-07,224.15923932993815,582.0950188273229,True,True,True,True,True,True,True
0.975,0.007,0.004,0.008,0.006,211.8125743657152,0.019946018919562204,2.7384121345615994e-06,1.2078529672931508e-07,247.68783244025724,642.8495773177513,True,True,True,True,True,True,True
0.964,0.014,0.004,0.012,0.006,209.45729385550928,0.02561972791490417,3.580118892596409e-06,1.193917710177514e-07,248.4122262109925,648.4699803362644,True,True,True,True,True,True,True
0.814,0.097,0.044,0.033,0.012,393.12051983475493,0.0726784724545754,1.5812524824262222e-05,1.1988562553441875e-06,272.8159515843562,762.198920331145,True,True,True,True,True,True,True
0.827,0.04,0.041,0.076,0.016,469.8103512817891,0.12051523157305423,2.131224185174584e-05,1.0058493910799486e-06,248.65253081576236,669.3920217813854,True,True,True,True,True,True,True
0.897,0.047,0.029,0.009000000000000001,0.018000000000000002,626.9724513241706,0.04299013940077492,8.444528028785791e-06,8.407034426722878e-07,262.28832451174287,706.530840527222,True,True,True,True,True,True,True
0.821,0.056,0.078,0.015,0.03,1020.0054650508839,0.08047993151405317,1.9886121530306905e-05,2.203023648236829e-06,274.6774033982844,751.4951361951462,False,True,True,True,True,True,False
0.8049999999999999,0.035,0.059000000000000004,0.067,0.034,1007.255035430031,0.1321630803470969,2.3330254576644394e-05,1.4609119224607869e-06,252.75945957668677,681.3808780646235,False,True,True,True,True,True,False
0.876,0.081,0.021,0.005,0.017,598.2909517344284,0.033440378669026403,5.951614213820351e-06,6.157690067828569e-07,269.15557377421703,741.1463401140068,True,True,True,True,True,True,True
0.83,0.05,0.007,0.078,0.035,1006.6605651257004,0.1266207507958552,1.5333283702218795e-05,1.7089562116122576e-07,240.3186882701098,649.7561718589805,False,True,True,True,True,True,False
0.8029999999999999,0.021,0.094,0.04,0.042,1326.3774437464547,0.12451248328648536,2.653118300241692e-05,2.4731744825333553e-06,264.002167395045,708.631598895501,False,True,True,True,True,True,False
0.805,0.005,0.016,0.15,0.024,595.6698374008845,0.17822759077983238,2.5396011831917687e-05,3.3535067919821537e-07,216.59847730232593,565.1454000843527,True,True,True,True,True,True,True
0.904,0.004,0.033,0.028,0.031,1016.4415877163597,0.08085300528411844,1.2651221829161034e-05,9.024486041542072e-07,247.9478011655777,648.23496727935,False,True,True,True,True,True,False
0.804,0.005,0.047,0.108,0.036000000000000004,969.4145012632429,0.16452343538097625,2.5945126203224157e-05,1.0622131993254426e-06,233.18967005804785,613.3631210919538,True,True,True,True,True,True,True
0.8049999999999999,0.105,0.015,0.029,0.046,1481.0558909349957,0.08910166102446775,9.278595117645552e-06,4.044348266664726e-07,265.4986551547443,746.0418491143465,False,True,True,True,True,True,False
0.875,0.02,0.032,0.041,0.032,1012.5378062196329,0.09585297564514961,1.4557641507131781e-05,8.457063604336831e-07,248.38961201156957,657.8931651042024,False,True,True,True,True,True,False
0.905,0.029,0.032,0.005,0.029,1013.7302511367221,0.04993373715605227,8.3187352948581e-06,9.305707730597643e-07,258.9117625153127,689.5165653867098,False,True,True,True,True,True,False
0.881,0.012,0.047,0.029,0.031,1014.0700035683832,0.08687814501977122,1.5663462933855186e-05,1.280862352062333e-06,253.18513584348318,668.0851854213605,False,True,True,True,True,True,False
0.815,0.082,0.067,0.006,0.03,1044.4479417092034,0.0651674964484605,1.6079703428717255e-05,1.9361706010813323e-06,279.9670090067929,777.385255173543,False,True,True,True,True,True,False
0.898,0.03,0.012,0.029,0.031,1011.7501209050207,0.07459578029951368,8.59345495102192e-06,3.288127888550413e-07,248.39320436402224,660.1894159256638,False,True,True,True,True,True,False
0.92,0.026000000000000002,0.021,0.004,0.029,1016.1971623699466,0.044485077054211515,5.722102138681679e-06,6.134235888741649e-07,255.61280832985193,677.7802398023915,False,True,True,True,True,True,False
0.869,0.004,0.10300000000000001,0.004,0.02,709.4285387168655,0.06620749600104947,2.360889449108097e-05,3.0287936927205507e-06,272.2462851856819,720.2856620838866,True,True,True,True,True,True,True
0.927,0.036000000000000004,0.004,0.004,0.029,1014.9340119961777,0.0381231135276394,2.069957653321134e-06,1.1967280622287115e-07,253.57843951216748,675.3756906618579,False,True,True,True,True,True,False
0.875,0.004,0.076,0.015,0.03,1022.0056172715476,0.07991622471110033,1.944699067406995e-05,2.1511154342454544e-06,262.02764243088905,690.7821179497297,False,True,True,True,True,True,False
0.8089999999999999,0.019,0.109,0.043000000000000003,0.02,637.6642194082888,0.11364541911369237,3.012166477013114e-05,2.8915026585593897e-06,268.4166985322434,719.4059471692146,True,True,True,True,True,True,True
0.837,0.07,0.052000000000000005,0.034,0.007,230.4279829274085,0.07208897206501477,1.7599368433461977e-05,1.4197179093263732e-06,268.73289287028274,738.0162406714952,True,True,True,True,True,True,True
0.808,0.005,0.025,0.134,0.028,716.3490295513993,0.17209892170119162,2.5155013379131264e-05,5.385754526655317e-07,222.24230318615452,581.3070469813628,True,True,True,True,True,True,True
0.8109999999999999,0.122,0.008,0.026000000000000002,0.033,1080.1071245414305,0.07127819301289333,7.327707108348424e-06,2.2055897314221926e-07,269.3639384006193,763.009853644104,False,True,True,True,True,True,False
0.933,0.008,0.032,0.019,0.008,273.9558907258112,0.04740679540915225,1.0902390292626575e-05,9.110900177831336e-07,252.46040302950425,660.0025293007967,True,True,True,True,True,True,True
0.807,0.014,0.075,0.079,0.025,725.3341049305968,0.14103107342873297,2.775868088209692e-05,1.8185568097360485e-06,249.94031501657378,664.5486313725925,True,True,True,True,True,True,True
0.85,0.028,0.052000000000000005,0.028,0.042,1365.952048290149,0.0974752513058494,1.64736923976805e-05,1.4087042357246326e-06,257.5747889735504,689.5756206543805,False,True,True,True,True,True,False
0.925,0.007,0.023,0.015,0.03,1019.3005977951605,0.060639337758834726,8.278577351933429e-06,6.519560973212814e-07,249.1131055478968,651.2599786522146,False,True,True,True,True,True,False
0.859,0.041,0.039,0.051000000000000004,0.01,313.99391600747913,0.0896639054256223,1.753895378525296e-05,1.0195659791396422e-06,254.52810489841025,684.239265297872,True,True,True,True,True,True,True
0.8360000000000001,0.047,0.031,0.039,0.047,1477.4543939553773,0.10639494151079094,1.4027266492164122e-05,8.140326987193445e-07,253.72134844936377,687.128947421947,False,True,True,True,True,True,False
0.89,0.031,0.018000000000000002,0.03,0.031,1009.2978149423333,0.07784522539562269,9.97387946462048e-06,4.903800584063563e-07,249.94005095827688,665.6025500800685,False,True,True,True,True,True,False
0.8029999999999999,0.02,0.038,0.10200000000000001,0.037,1008.187211798453,0.15786403502875274,2.3759583419236327e-05,8.691562322970136e-07,235.66590714243264,626.5069770637788,False,True,True,True,True,True,False
0.81,0.07200000000000001,0.062,0.037,0.019,613.2377235402806,0.0899780819571735,1.999327161614875e-05,1.6655734441349114e-06,270.1547304613334,745.1918458920576,True,True,True,True,True,True,True
0.911,0.034,0.022,0.004,0.029,1015.916672572081,0.044845054065641675,5.9618208142020976e-06,6.42242740429612e-07,257.7366970654606,687.6819989836503,False,True,True,True,True,True,False
0.818,0.039,0.097,0.016,0.03,1018.7875446794961,0.0886358811636819,2.4032069584297864e-05,2.7357192117396925e-06,275.36442456874295,746.9803695824485,False,True,True,True,True,True,False
0.929,0.03,0.008,0.004,0.029,1015.3816198587928,0.03962412391129622,2.925214623471093e-06,2.3579517684856325e-07,253.2067492370777,671.7973601302249,False,True,True,True,True,True,False
0.802,0.031,0.089,0.055,0.023,708.5445224153651,0.12154371234379271,2.7612224120851275e-05,2.2853487163788915e-06,263.1162341917824,709.4701825503803,True,True,True,True,True,True,True
0.944,0.005,0.007,0.014,0.03,1021.4327463807123,0.053563838197578796,4.7392768052772814e-06,2.013748214335717e-07,244.76045398318297,636.6086631038648,False,True,True,True,True,True,False
0.931,0.005,0.02,0.014,0.03,1022.0681860681957,0.058288898587312836,7.466808834578189e-06,5.688874810351367e-07,248.1005435002781,647.1410108712818,False,True,True,True,True,True,False
0.848,0.008,0.08,0.045,0.019,602.5667694179041,0.1050385848445518,2.465291877611277e-05,2.112412811770932e-06,258.02373777118135,682.3681622633885,True,True,True,True,True,True,True
0.922,0.011,0.022,0.015,0.03,1019.0910082201635,0.06026732571088631,8.082574456472396e-06,6.236262321000768e-07,249.7894507898324,654.9959468630192,False,True,True,True,True,True,False
0.836,0.045,0.074,0.015,0.03,1020.2535646739318,0.07905980452815602,1.9039399292830355e-05,2.090825510107273e-06,271.08274950962556,735.7560457909248,False,True,True,True,True,True,False
0.8109999999999999,0.004,0.12,0.051000000000000004,0.014,440.1517567761697,0.12042682595361509,3.327784441728688e-05,3.136549568463495e-06,266.390078704689,707.3201555823397,True,True,True,True,True,True,True
0.804,0.105,0.019,0.039,0.033,1044.9572731672636,0.08987154217613506,1.175151664377406e-05,5.034512381290149e-07,265.2654663223408,745.007098857122,False,True,True,True,True,True,False
0.832,0.107,0.034,0.01,0.017,589.7051970625026,0.04507158093614649,9.758493899394768e-06,9.806659611001577e-07,277.42326639686485,778.2955219959176,True,True,True,True,True,True,True
0.946,0.01,0.007,0.025,0.012,402.0763703440075,0.05004002912122964,6.780371079007614e-06,1.9816805687750082e-07,244.82830344557263,638.0354555347504,True,True,True,True,True,True,True
0.947,0.005,0.004,0.025,0.019,632.9225592504632,0.05572028357473773,6.172927833928469e-06,1.1420515740277776e-07,242.34316661451143,629.0762560680307,True,True,True,True,True,True,True
0.848,0.02,0.048,0.077,0.007,207.57009152863355,0.11658532803065345,2.2775003762383303e-05,1.1823787802780578e-06,246.25564181667443,652.8327808605649,True,True,True,True,True,True,True
0.835,0.061,0.088,0.006,0.01,354.72914470247963,0.052839928729409374,2.0757202064047994e-05,2.58567793715671e-06,282.0190536521525,772.9434938814297,True,True,True,True,True,True,True
0.911,0.015,0.025,0.037,0.012,389.78820810359394,0.07099626887462726,1.2568236966809648e-05,6.774923165593891e-07,247.88960719727683,651.2877673956466,True,True,True,True,True,True,True
0.9359999999999999,0.008,0.011,0.022,0.023,770.2035001421831,0.058306648812731836,7.084554659233315e-06,3.093640152926423e-07,245.2142072784994,639.4291332344893,True,True,True,True,True,True,True
0.939,0.016,0.004,0.031,0.01,330.2415674731719,0.05457488985516522,7.272625911165795e-06,1.1309274851079254e-07,244.2487833295897,639.1588067829184,True,True,True,True,True,True,True
0.804,0.018000000000000002,0.108,0.05,0.02,626.305263778297,0.12044064522245393,3.073730422635663e-05,2.8157566966427217e-06,266.3355555905972,713.3700698896388,True,True,True,True,True,True,True
0.931,0.022,0.012,0.031,0.004,133.32687707166852,0.05167264804336524,8.90376117661621e-06,3.337072708414398e-07,248.17138900346285,653.1827632123352,True,True,True,True,True,True,True
0.871,0.017,0.076,0.025,0.011,370.2638852060603,0.07374650196918861,2.111717381727658e-05,2.123177646822577e-06,264.264715599866,702.0031885757377,True,True,True,True,True,True,True
0.86,0.005,0.121,0.007,0.007,249.54695172129595,0.0637305440435087,2.817653798761496e-05,3.5661045052140086e-06,277.43051748468895,735.8135047068666,True,True,True,True,True,True,True
0.878,0.019,0.07,0.023,0.01,338.64412004798305,0.06818433191240508,1.9567432806237217e-05,1.9669622662714348e-06,263.7261471011988,700.7062757943146,True,True,True,True,True,True,True
0.9339999999999999,0.022,0.028,0.004,0.012,426.4442747682812,0.02952420256283168,7.20002924604709e-06,8.278012425018519e-07,257.7991173528371,680.9538700373444,True,True,True,True,True,True,True
0.841,0.021,0.078,0.029,0.031,1015.168932329443,0.09770657669978249,2.195385647572688e-05,2.1254012989867128e-06,263.24985693361566,703.4233940634941,False,True,True,True,True,True,False
0.81,0.049,0.078,0.031,0.032,1040.4568244556688,0.10070711377616667,2.2249512148201615e-05,2.11067856471424e-06,269.25116729393966,733.9539008404147,False,True,True,True,True,True,False
0.842,0.1,0.015,0.012,0.031,1056.9865370313935,0.05469375397339684,6.121467122432936e-06,4.274636001857542e-07,269.3663814636968,752.0999206609924,False,True,True,True,True,True,False
0.9299999999999999,0.013000000000000001,0.024,0.004,0.029,1016.8845976246128,0.04562896131445791,6.356837570785282e-06,7.010446042380023e-07,253.349417664618,665.4369943566579,False,True,True,True,True,True,False
0.839,0.019,0.039,0.097,0.006,170.32402446982013,0.131341798949844,2.3593491852114985e-05,9.189576451100051e-07,239.23646956266074,632.8373915889678,True,True,True,True,True,True,True
0.838,0.007,0.065,0.042,0.048,1500.6098664366623,0.12190702307006314,2.1061404186405693e-05,1.6947200939216587e-06,252.3634337872598,667.3387385192633,False,True,True,True,True,True,False
0.852,0.095,0.007,0.015,0.031,1048.042119698195,0.05563155501671587,5.038316494282161e-06,1.9962627989982988e-07,265.4604322247116,738.1848849438845,False,True,True,True,True,True,False
0.8140000000000001,0.084,0.035,0.021,0.046,1515.5678270705405,0.08712690696700245,1.1918789934826545e-05,9.60740350762582e-07,267.5566860241209,743.0534549290207,False,True,True,True,True,True,False
0.81,0.048,0.084,0.027,0.031,1019.8583851092263,0.09749108600183663,2.2910371326601628e-05,2.298508646601936e-06,271.54819262024256,740.1347329407132,False,True,True,True,True,True,False
0.938,0.008,0.009000000000000001,0.015,0.03,1018.5789745991505,0.05556171290671401,5.348055290193784e-06,2.5715721128820894e-07,245.74671801655393,641.0537900237068,False,True,True,True,True,True,False
0.817,0.022,0.122,0.009000000000000001,0.03,1040.903723603447,0.08953603907178478,2.8371233017142077e-05,3.511471834910723e-06,279.4117436310348,752.0027501537551,False,True,True,True,True,True,False
0.83,0.07,0.059000000000000004,0.011,0.03,1029.9291979619154,0.06858750256051212,1.5229205210759323e-05,1.682764743784231e-06,273.9739747800061,754.3514020980602,False,True,True,True,True,True,False
0.8049999999999999,0.067,0.07200000000000001,0.025,0.031,1024.050433905511,0.09093501966284402,2.0167494510802717e-05,1.9782995371588455e-06,273.35350518126717,753.1732363723445,False,True,True,True,True,True,False
0.8260000000000001,0.04,0.075,0.028,0.031,1017.0134713730017,0.0954703983616778,2.1207256118655698e-05,2.0472100665518343e-06,267.1399099957301,723.1691446582956,False,True,True,True,True,True,False
0.8240000000000001,0.039,0.05,0.054,0.033,1009.5970675762319,0.1160391858750382,1.9947765855258657e-05,1.2774131789969696e-06,254.415157621902,686.3522034231759,False,True,True,True,True,True,False
0.919,0.016,0.018000000000000002,0.017,0.03,1013.0788806995537,0.06131945061559986,7.624375618957542e-06,5.079817183428075e-07,249.47044628210858,656.2685222250062,False,True,True,True,True,True,False
0.889,0.016,0.014,0.033,0.048,1532.1537313960778,0.0952477723372406,9.688305821110133e-06,3.749170468082472e-07,243.4054544122007,641.5105740823712,False,True,True,True,True,True,False
0.861,0.004,0.01,0.089,0.036000000000000004,1010.281145240976,0.13819610715795905,1.7334326131001762e-05,2.3740970286258956e-07,227.76784553858198,593.3506871711296,False,True,True,True,True,True,False
0.922,0.009000000000000001,0.009000000000000001,0.029,0.031,1012.417217240522,0.07360788129225651,7.967230797386702e-06,2.476963987344812e-07,242.72096086025692,633.8911285568018,False,True,True,True,True,True,False
0.859,0.047,0.033,0.048,0.013000000000000001,409.7750187020471,0.08699206858312163,1.5910377868802856e-05,8.673986994657975e-07,254.83392963558953,687.5898782661901,True,True,True,True,True,True,True
0.818,0.065,0.04,0.066,0.011,332.2045293288524,0.10636150945000189,1.9847458482599577e-05,1.0068606024283063e-06,256.89459271531797,703.438314728177,True,True,True,True,True,True,True
0.894,0.039,0.02,0.017,0.03,1012.262420001259,0.06198587157513003,8.05529574020088e-06,5.634732449669155e-07,255.35484700163485,684.0311041387906,False,True,True,True,True,True,False
0.859,0.052000000000000005,0.033,0.05,0.006,189.8675435119333,0.08301740331234944,1.62443347476945e-05,8.671064074652715e-07,256.0912400362341,692.9475879411741,True,True,True,True,True,True,True
0.883,0.024,0.06,0.004,0.029,1018.235832080701,0.05908706738677066,1.4182487540493309e-05,1.748930826782483e-06,265.16626009094256,707.0985660655267,False,True,True,True,True,True,False
0.8049999999999999,0.05,0.017,0.114,0.014,377.3116962421829,0.14487501418978266,2.175732475301486e-05,3.849161032377255e-07,236.33093167276488,639.3511370699085,True,True,True,True,True,True,True
0.85,0.035,0.082,0.004,0.029,1018.8854815747629,0.06731404892241472,1.897033866608485e-05,2.3900593628321103e-06,273.3858862654681,737.4187838052819,False,True,True,True,True,True,False
0.888,0.005,0.031,0.057,0.019,583.2340018001747,0.10120668259202004,1.6816166679163394e-05,7.953689035802181e-07,242.00205586822878,632.2528527767988,True,True,True,True,True,True,True
0.9339999999999999,0.006,0.004,0.04,0.016,513.4376467296919,0.07094502373422665,8.875508410694577e-06,1.1008778175727525e-07,239.39856350210894,621.8095305176395,True,True,True,True,True,True,True
0.801,0.011,0.096,0.073,0.019,562.4190327608142,0.13761688329633223,3.101044446266013e-05,2.37050432972327e-06,256.46364143971545,682.3777196755485,True,True,True,True,True,True,True
0.896,0.028,0.016,0.029,0.031,1012.0127784527488,0.0759966751835067,9.40025801364949e-06,4.3740989098119886e-07,248.9549532267903,661.1570485918936,False,True,True,True,True,True,False
0.9259999999999999,0.01,0.023,0.026000000000000002,0.015,500.3558854585687,0.05987511119314034,1.0270789354169795e-05,6.402316315373291e-07,248.4767518795034,650.0493007648239,True,True,True,True,True,True,True
