Cr,Ti,W,Zr,dose_d30_true,dose_d30_q10,dose_d30_q50,dose_d30_q90,dose_d30_pass_true,dose_d30_pass_pred,dose_d365_true,dose_d365_q10,dose_d365_q50,dose_d365_q90,dose_d365_pass_true,dose_d365_pass_pred,dose_d1825_true,dose_d1825_q10,dose_d1825_q50,dose_d1825_q90,dose_d1825_pass_true,dose_d1825_pass_pred,dose_d36500_true,dose_d36500_q10,dose_d36500_q50,dose_d36500_q90,dose_d36500_pass_true,dose_d36500_pass_pred,He_2y_true,He_2y_q10,He_2y_q50,He_2y_q90,He_2y_pass_true,He_2y_pass_pred,H_2y_true,H_2y_q10,H_2y_q50,H_2y_q90,H_2y_pass_true,H_2y_pass_pred,all_pass_true,all_pass_pred
0.115,0.013000000000000001,0.004,0.021,737.4952886860369,735.886222646035,842.4939924151091,1001.6452589779384,True,False,0.033143632854925935,0.03313582715609674,0.03789717450572739,0.04595477871297977,True,True,4.060326263824414e-06,4.05636430095376e-06,4.529583521029223e-06,5.607486253617082e-06,True,True,3.816156738327497e-07,3.815692301531507e-07,3.195220763344378e-07,3.895581135138598e-07,True,True,274.9528152593832,274.9648872132338,275.18396998292684,278.91132536109876,True,True,773.4032432107066,773.442028333357,773.3803548722998,781.2883336322146,True,True,True,False
0.116,0.002,0.038,0.037,1169.9351477743141,836.2263134837432,1239.2928349194065,1321.0493180005126,False,False,0.08652688579659819,0.08326974112552506,0.09045079492566897,0.09283855566253287,True,True,8.254116233900229e-06,6.814426190900857e-06,8.672320491374934e-06,8.83998765231709e-06,True,True,5.55181403853528e-08,3.009695336200169e-08,6.441990378449822e-08,9.557697371207011e-08,True,True,263.3793375065567,259.8795428513878,261.230067211843,263.71140072549144,True,True,743.840791786428,731.9617219961265,738.8700535620239,744.0319333411302,True,True,False,False
0.014,0.003,0.01,0.045,1531.1401923889432,884.8595776225388,1095.0001904598973,1536.7018425846106,False,False,0.06171727078934367,0.035176753088658176,0.05236013340491705,0.06198118028643747,True,True,3.176182494477449e-06,1.7087527804586934e-06,2.5693342045034354e-06,3.159218136378823e-06,True,True,8.823385106343317e-08,4.1270230516095585e-08,8.820760317528254e-08,1.0283847016046624e-07,True,True,245.5777986849243,245.58102604916084,247.65586101774355,248.94143050967543,True,True,644.1271273660609,644.1406868736683,648.3752492132584,660.213364541952,True,True,False,False
0.003,0.011,0.005,0.025,876.626273541354,702.7220288980417,866.9047836055169,1364.586438082959,True,False,0.038052398547110934,0.026925493052407764,0.038334625393322753,0.05581225830953629,True,True,3.7209747562662927e-06,3.1726293608551294e-06,3.7312471425575244e-06,3.7198166395421086e-06,True,True,3.234458177489084e-07,2.3672633932945858e-07,2.515389609986076e-07,3.210967651475202e-07,True,True,247.75851177405693,246.4030086663818,247.28337386870172,247.75855741265863,True,True,643.4378768699712,639.6681935358089,642.4748647982399,644.0880024925527,True,True,True,False
0.066,0.044,0.023,0.017,570.1306000071964,568.0646951295251,572.5102918220846,626.3269831662449,True,True,0.06544506988368981,0.06404788121482233,0.06616426834612961,0.07771145163499768,True,True,1.4142005729815857e-05,1.414596303298384e-05,1.4490115512464569e-05,1.5390542650588713e-05,True,True,1.2275518011214877e-06,1.2275280226704549e-06,1.2980886397779804e-06,1.282134344117082e-06,True,True,267.469644264923,267.4596128956197,267.4748573045887,268.08139254439436,True,True,732.2121819292216,732.2121851979323,733.7848590657757,734.5430732120301,True,True,True,True
0.001,0.003,0.015,0.018000000000000002,616.8241065166344,589.6069062824495,779.5607751358516,1323.8861998216369,True,False,0.041525321547220044,0.04073373078410092,0.04577727360521299,0.07936851925816375,True,True,4.019050603483645e-06,3.7333309944891186e-06,4.198114315477305e-06,4.860284895914179e-06,True,True,8.899873737712189e-08,8.900585169413437e-08,1.0276626340560792e-07,1.4449311103032026e-07,True,True,243.5061358914414,239.20633491101373,240.7750212687537,242.7573141244972,True,True,629.6831002231731,627.8138589915375,626.9746403011261,629.5086584155578,True,True,True,False
0.051000000000000004,0.017,0.033,0.047,1499.5301216407122,1181.6887155220927,1482.8673306592916,1500.3141182647316,False,False,0.09526000516190772,0.07677258509160885,0.08687391862471586,0.09532021962031142,True,True,1.0304939885380511e-05,9.827112529378782e-06,1.0285793062483696e-05,1.0310615743976316e-05,True,True,4.542058583254298e-07,4.182455347985096e-07,4.554444132396658e-07,4.541823710586501e-07,True,True,252.4246670108082,250.41142802493076,252.13000416917237,253.55338376142043,True,True,683.8406480928776,683.8045969851503,682.7311674809646,683.8845241953376,True,True,False,False
0.007,0.019,0.006,0.004,142.48842640400068,141.90546490503615,153.76958093819655,217.54532230328505,True,True,0.02059905924163896,0.021993003728305562,0.024164152926894035,0.04274828964270069,True,True,5.586502875968969e-06,5.515172754964118e-06,6.606890676512279e-06,1.0298733616023595e-05,True,True,5.635015628810098e-07,5.59589979306026e-07,5.788499246461254e-07,8.486667459920653e-07,True,True,252.15539658351565,252.10067631556404,253.84147472450525,260.93275938472175,True,True,656.4122148498758,656.4040662073377,661.8855510844021,692.1872051137888,True,True,True,True
0.022,0.001,0.023,0.04,1317.6777452334065,662.3518384910739,1291.9058984808846,1317.3914497077417,False,False,0.07207603421904105,0.04610927184516027,0.062497836575128786,0.0778588461336178,True,True,5.26929056835811e-06,3.7492807777626904e-06,3.90597262964682e-06,5.244352076419809e-06,True,True,3.077329971601931e-08,1.2589552654305374e-08,3.567430862145569e-08,6.478060587291058e-08,True,True,244.3619760682641,244.31710644863853,246.3055613957613,246.4927704100216,True,True,644.6052073967464,636.6056237909843,651.6399517711432,658.1955578037267,True,True,False,False
0.051000000000000004,0.059000000000000004,0.03,0.018000000000000002,592.6874775290687,549.6211014273028,590.7216435869609,620.18838249302,True,True,0.08011835422881584,0.0737070160662585,0.08000827293714008,0.08923635695232626,True,True,1.8342500330328226e-05,1.83420898048523e-05,1.826283645534471e-05,1.926784364090312e-05,True,True,1.616054408350335e-06,1.5688148137854805e-06,1.6159493207545533e-06,1.6312600239450964e-06,True,True,266.1515934801719,266.1299623814708,265.9253665818569,266.1519360273167,True,True,723.1070624329748,723.0976362647601,720.5637702566976,723.1087969336871,True,True,True,True
0.001,0.009000000000000001,0.028,0.0,0.9532300175482032,1.1306919970025386,57.96743234432103,102.77143983728011,True,True,0.04297454961366418,0.0429740067463767,0.051559691005077846,0.10208527148250857,True,True,7.713961161360084e-06,7.70141424937392e-06,1.0978832279737178e-05,1.861981332892533e-05,True,True,2.541510078927685e-07,2.505923972586411e-07,3.4780938863095187e-07,5.356590046816697e-07,True,True,243.4925136065724,236.0834360794998,239.19903678187842,243.38170431462183,True,True,629.1188302722712,619.4908645645625,623.4188285660326,629.114325858752,True,True,True,True
0.059000000000000004,0.054,0.019,0.022,743.472772314135,672.5713630591737,743.7219473317994,786.1730816970421,True,True,0.06894348361536926,0.06026782939124837,0.06857936424867139,0.07546573501076737,True,True,1.5549847156944475e-05,1.5485255592299778e-05,1.5554545302187554e-05,1.6321403190984744e-05,True,True,1.5172725532631216e-06,1.4634202429731015e-06,1.5157812783090379e-06,1.5172740411445022e-06,True,True,268.9246780304121,268.92218148713044,268.4112936310019,268.9248185969576,True,True,734.0917765313068,733.4531485532706,733.5649878187262,737.2223476515942,True,True,True,True
0.018000000000000002,0.065,0.026000000000000002,0.023,763.59760046065,739.1875517336083,763.3791985427821,776.4227525459195,True,True,0.08233397928440747,0.08233870851817159,0.08232342598900251,0.09164888378493209,True,True,1.8920018196526044e-05,1.8293631705310185e-05,1.884174800021363e-05,2.0140895759107063e-05,True,True,1.7950269348884406e-06,1.7906708130095075e-06,1.7947152775079212e-06,1.8889054841098638e-06,True,True,260.5142864568949,260.50733463581435,260.76761688440973,262.0388939765155,True,True,692.2008397788325,692.075218399561,692.2000859234325,697.0377723187149,True,True,True,True
0.03,0.002,0.05,0.027,836.5174804907392,616.1469932489429,877.8229967680448,997.5819342726039,True,True,0.09105178539896325,0.08982967316231756,0.09211432572021125,0.11788072327610362,True,True,1.0189242077411566e-05,1.0115004758253005e-05,9.624640315630167e-06,1.1960086056026058e-05,True,True,5.473927290721151e-08,4.686872840526941e-08,5.386704708917078e-08,7.193579684824466e-08,True,True,241.35568270543524,237.7869142587513,240.60727330549895,241.43908148273175,True,True,640.2977503026483,629.7141401362752,637.4600762431687,645.455946372221,True,True,True,True
0.021,0.003,0.0,0.017,607.7877667937587,450.1113957858252,769.2109960481557,991.833171707572,True,True,0.019527134645942835,0.012916538615901984,0.022246605052935735,0.03934143583076883,True,True,8.687209158226974e-07,3.588120675839775e-07,8.680427789816329e-07,1.3145694739612373e-06,True,True,9.270250083998436e-08,3.079311696484788e-08,6.038574219190348e-08,1.042713613679124e-07,True,True,251.66480535521333,250.3649994155822,251.36956334183014,252.38982091838216,True,True,661.3007019138136,653.240278203924,655.8880067867761,661.7032879748431,True,True,True,True
0.009000000000000001,0.024,0.008,0.014,491.23805075004765,489.89810444056326,491.15923612233735,646.4458457695777,True,True,0.035730129643018034,0.034609335489324516,0.03646897822178898,0.05065528019053067,True,True,7.118774704783552e-06,7.003876471787458e-06,8.060866765492568e-06,1.0654480907726952e-05,True,True,7.015094844880677e-07,7.010542620944585e-07,7.520014023540819e-07,9.081192886615617e-07,True,True,252.67161568946733,252.59928016754037,253.42370745539574,256.5835533395309,True,True,660.3602144949929,660.1641892683782,659.7126767502281,676.7742933854496,True,True,True,True
0.038,0.04,0.033,0.019,619.8499893473237,619.9809118070849,619.9764963274293,676.7464434726822,True,True,0.07791665700397013,0.07191557653704395,0.07790807211439227,0.09467778296429719,True,True,1.4940802235308031e-05,1.4284084800394321e-05,1.4940838557837229e-05,1.683542246165309e-05,True,True,1.0872455577173273e-06,1.0628438524725678e-06,1.0880104277379106e-06,1.1501808456189779e-06,True,True,257.4773308874536,256.3722524670261,257.4863113224486,257.6938929252163,True,True,691.0700024128292,688.6019397662168,691.0696049258438,693.6474461601662,True,True,True,True
0.001,0.001,0.002,0.013000000000000001,463.90587275699653,455.5359128876477,723.6100505868999,1240.1313637963497,True,False,0.017471037718351082,0.014591641717951279,0.0340496054563202,0.044559356318417474,True,True,8.163687392742765e-07,6.307619343447841e-07,8.117473999226078e-07,1.2082252698787277e-06,True,True,3.351236899689221e-08,3.35108818326522e-08,3.3441809397180715e-08,5.737159247147476e-08,True,True,246.33924880878112,244.59314975875364,245.10182939323246,246.3388232555596,True,True,636.2634920708464,634.9498063512618,633.8225246964234,640.2414802817959,True,True,True,False
0.006,0.001,0.001,0.021,746.6902399344848,554.6604394651458,747.6162988922133,910.6453808512553,True,True,0.0244778892729924,0.016871503294284423,0.027423257487513533,0.03016421192898445,True,True,6.581622985988699e-07,4.073279543435933e-07,6.727958421158934e-07,9.31888553991035e-07,True,True,3.334499184137808e-08,2.0305096593375395e-08,2.075724694997527e-08,5.348218499391869e-08,True,True,247.10740952101042,246.50406577597383,247.11003448690334,247.01160873374656,True,True,641.5642968944395,641.4989306364794,642.0649826407817,641.6483883958132,True,True,True,True
0.002,0.019,0.08600000000000001,0.017,487.286710529274,359.9300254816915,439.8197204665767,618.3243020202158,True,True,0.12387365100208725,0.07275914681325182,0.0797832362143477,0.12693811813890463,True,True,1.8614031241954605e-05,1.1701558081239464e-05,1.7725359214909985e-05,1.9975326899883344e-05,True,True,4.571693248538973e-07,2.797329947680881e-07,4.586141047226379e-07,5.710213275542902e-07,True,True,231.7757764761218,224.3402032262915,226.17183563350466,231.77860953092943,True,True,602.413589800474,589.2182713776986,589.0809432407294,600.4118559891631,True,True,True,True
0.06,0.032,0.054,0.034,1037.876377455092,931.9143063607206,1037.8791842353544,1037.8641418068084,False,False,0.11089175605393797,0.11093885791798481,0.1120270902267639,0.11088448743512913,True,True,1.6539130178969765e-05,1.6541635650135483e-05,1.6539539348482185e-05,1.6547602264704233e-05,True,True,8.168235050768824e-07,8.163851083865903e-07,8.235211705990694e-07,8.759100351118275e-07,True,True,254.61424242974707,254.61413894333373,254.61519818760218,254.61418452340163,True,True,695.5165946392601,693.0619106381491,695.7111003127765,696.5971437274358,True,True,False,False
0.016,0.009000000000000001,0.094,0.022,616.094517438156,616.0877770283672,617.0458325870212,644.865511937231,True,True,0.13169898720954104,0.13170434844519327,0.13186235565584498,0.13191392906193913,True,True,1.787667342142731e-05,1.788263393737305e-05,1.7819552738910452e-05,1.9215379244957647e-05,True,True,2.1331733987569145e-07,2.1334775617334958e-07,2.133491331571138e-07,2.1851445094804227e-07,True,True,230.2646215525918,227.93553747936633,229.99435880795644,230.25691610509807,True,True,604.9465715588765,598.720883019141,605.2662981749531,605.1023753896255,True,True,True,True
0.014,0.046,0.019,0.009000000000000001,308.0572778070827,308.0256671183535,307.91862068117894,348.7060410137231,True,True,0.053481706209720814,0.053203628820258766,0.05376845262123747,0.07123277387781433,True,True,1.3864537054608192e-05,1.3815184706438045e-05,1.3804673979127745e-05,1.706879676125423e-05,True,True,1.3075501271807122e-06,1.3064142824890262e-06,1.3022476358262704e-06,1.3758866509167305e-06,True,True,257.38005691106787,257.19087723954715,257.6528681661736,259.4148346020795,True,True,678.04199174843,676.4678239144927,676.7228956766552,688.4640407916728,True,True,True,True
0.07100000000000001,0.054,0.007,0.037,1277.3722934886025,1138.8631080985842,1276.82194048286,1343.9464915189023,False,False,0.06860710429294282,0.06092523410783323,0.0686322276278244,0.06865777562705273,True,True,1.3439766595732483e-05,1.2387339046094077e-05,1.3442948753393027e-05,1.3754214696639968e-05,True,True,1.5486082882683526e-06,1.5007509270056657e-06,1.526180731636197e-06,1.5486182230878312e-06,True,True,273.2886540522703,273.28870699056523,273.2886482688659,273.29009655954167,True,True,752.9313018354441,752.9321055240272,753.5025621787427,752.9371522958301,True,True,False,False
0.017,0.057,0.01,0.031,1068.5856693788382,1036.1084620511115,1068.9432259456205,1150.4616776478003,False,False,0.06772113197899324,0.063480710314298,0.06640330140119541,0.07180460735047381,True,True,1.45886426627445e-05,1.4587055131190814e-05,1.4608707844699158e-05,1.5710247163974668e-05,True,True,1.6325664184350437e-06,1.5314682113562939e-06,1.6309237354200362e-06,1.8159062297567084e-06,True,True,261.2418879172784,260.0657015208959,260.96476827754555,262.29497131788503,True,True,692.968697390598,688.198308056454,692.0549298185048,695.8668979841432,True,True,False,False
0.007,0.001,0.073,0.016,472.817396393813,460.8186541075528,523.0953072926516,748.4232599311341,True,True,0.10516615044203789,0.09402910425310428,0.10429050155281527,0.14528292141598192,True,True,1.3557145753073082e-05,1.0509961480083163e-05,1.1449804330055904e-05,1.5897719324063713e-05,True,True,2.7661923355042037e-08,2.764745641973373e-08,3.8300851118669814e-08,5.5316778672036205e-08,True,True,231.35483722477352,221.9873890789648,226.0112806061279,234.61328380262486,True,True,601.2323855911759,570.4813925952137,593.8243479175255,617.4354651972756,True,True,True,True
0.0,0.001,0.001,0.031,1094.047997998482,391.6189148279191,593.8252536070446,1294.2975551469165,False,False,0.034946383158166554,0.017205965620441264,0.034718383196715503,0.11120529958677985,True,True,7.310903167199539e-07,7.333370512492286e-07,8.052293912388066e-06,1.5608635495788588e-05,True,True,3.308349450862969e-08,3.322327811763784e-08,4.6515752064200404e-07,1.048048079996909e-06,True,True,244.93132849701342,238.79866274109324,246.09844915416872,249.2279084264176,True,True,633.5412025716558,619.1341516596002,635.5735025048976,646.4818692373656,True,True,False,False
0.0,0.0,0.0,0.004,144.57912968250736,116.28263760671395,537.7133351352254,792.6982740889126,True,True,0.004392596077848466,0.0040331847414850725,0.015517458961309018,0.02526023159194702,True,True,6.333050236356583e-08,6.304224720633994e-08,1.5515841159747849e-07,4.131166101539509e-07,True,True,4.051714712247209e-09,3.417540125045022e-09,3.9396874825562305e-09,3.041987874958096e-08,True,True,247.00192393576432,245.56022172484717,246.14464135097305,247.63026042442124,True,True,636.5681836102747,634.402901665609,635.8878721322662,637.5503652531884,True,True,True,True
0.041,0.011,0.019,0.024,808.6509467901086,811.4826271959258,846.8121505088591,967.9793183972766,True,True,0.055437141614684,0.05543812012582125,0.05958333943075191,0.07004190689642867,True,True,6.549234424198309e-06,6.529897859294834e-06,6.867621858236155e-06,8.473681138933212e-06,True,True,3.110629695562877e-07,3.108241941555667e-07,3.3090352526856027e-07,3.734536349520724e-07,True,True,253.52183766456557,252.71897273801224,253.52186554603068,254.74523053637458,True,True,678.5665641580484,675.4729487419204,679.0020260045559,685.0737986999736,True,True,True,True
0.015,0.02,0.0,0.016,573.1584496965297,578.9714671988604,1098.951128146986,1370.7404985271023,True,False,0.02494142256619907,0.02047061146831792,0.03000276637364951,0.05101833978542463,True,True,4.602635062385385e-06,2.1012562048904227e-06,4.5302495015382955e-06,4.595824146286217e-06,True,True,5.971690591029592e-07,2.1752220073851928e-07,4.49323872578032e-07,5.844657454251226e-07,True,True,254.7089575075048,249.5654418444156,254.77199412796944,254.92868514028982,True,True,668.3732149896301,658.0405976834647,668.3976384828613,668.413273951705,True,True,True,False
0.016,0.099,0.004,0.043000000000000003,1496.818040445625,1174.1857406103857,1535.759840761584,1506.238946876243,False,False,0.0876582743827589,0.0789577913179895,0.08780941781463868,0.0877629239282741,True,True,2.2536417794814897e-05,1.7312788528860164e-05,2.2608056903642325e-05,2.305454178795687e-05,True,True,2.8588260813140787e-06,2.490594103880955e-06,2.8583541315716945e-06,3.1017529761314453e-06,True,True,272.23007448537055,271.1201028615843,272.2168095281373,274.9588791314186,True,True,727.9100422374612,725.3511081576088,725.9324384525966,730.3713837410774,True,True,False,False
0.024,0.09,0.004,0.013000000000000001,463.19345606148994,463.11096450985286,458.72537669800573,543.1477297217657,True,True,0.0540575449814153,0.05404872995280436,0.05917355857377516,0.07237601826173037,True,True,2.0825058710721927e-05,2.0511274099097468e-05,2.080125888657595e-05,2.569148758029558e-05,True,True,2.6574424467161513e-06,2.6659119509736886e-06,2.6573253142040707e-06,3.0465034499264106e-06,True,True,274.1184301727843,274.1611375274985,274.15420794002955,280.2852827952866,True,True,733.3265604753115,733.345865949042,734.3681556126753,756.2447209784765,True,True,True,True
0.001,0.0,0.0,0.019,678.6809357070191,116.28263760671395,537.7133351352254,792.6982740889126,True,True,0.020526825172927775,0.0040331847414850725,0.015517458961309018,0.02526023159194702,True,True,1.8673548581485122e-07,6.304224720633994e-08,1.5515841159747849e-07,4.131166101539509e-07,True,True,3.941785626920184e-09,3.417540125045022e-09,3.9396874825562305e-09,3.041987874958096e-08,True,True,246.06898453193318,245.56022172484717,246.14464135097305,247.63026042442124,True,True,635.8990260754301,634.402901665609,635.8878721322662,637.5503652531884,True,True,True,True
0.008,0.017,0.008,0.04,1375.0130757577936,1286.8289727280608,1388.7940352743565,1374.4891586156027,False,False,0.05938440731266717,0.04978316305623264,0.059386877512928815,0.05949303454856712,True,True,5.696797906457099e-06,5.705178169698817e-06,5.6935978735879936e-06,5.7491846943537994e-06,True,True,4.881593377598119e-07,3.797328187699048e-07,4.881698354578825e-07,5.002935535689395e-07,True,True,248.6189079247329,248.61737456890026,248.80215042967893,250.02372714830335,True,True,650.4220270884175,647.8350897723461,651.5569373366789,654.6246051911207,True,True,False,False
0.008,0.02,0.004,0.025,879.3512007580683,879.3084116720322,882.3614200254983,1065.4839292377605,True,False,0.04003594079612511,0.039387675002712653,0.043306245505361725,0.04787636489631335,True,True,5.470220447646721e-06,5.009197164343195e-06,5.487099491777165e-06,7.595818077653429e-06,True,True,5.866635805763856e-07,5.837324237190285e-07,5.126433871026564e-07,7.008237263572248e-07,True,True,251.4661017051335,250.96664496936756,251.53904375755965,252.63038816136844,True,True,656.9963391123429,656.9480632674796,663.3473638488641,663.4294490509767,True,True,True,False
0.002,0.001,0.001,0.003,108.25079538439509,122.51631516662269,218.7054662815506,510.0519279299012,True,True,0.005226384059877865,0.005232498045641283,0.012165563263095763,0.030776764550874084,True,True,5.115703617220421e-07,5.215094672882089e-07,6.329456734015824e-07,2.781557213852094e-06,True,True,3.3906105764650546e-08,4.7641192761692344e-08,4.5521336512986025e-08,8.595629493484794e-08,True,True,247.57768730931937,247.3875115738166,249.19560007342054,256.4281428627908,True,True,639.1880766089164,640.3554896273346,648.9650292908806,679.0432185587987,True,True,True,True
0.034,0.043000000000000003,0.01,0.015,522.9592057760423,522.7430495508863,522.9798371714181,586.3924967540752,True,True,0.04651156807960702,0.04651040225291726,0.04650646342537661,0.056262924354917754,True,True,1.1630525918836162e-05,1.1623070357958951e-05,1.1620575187968771e-05,1.3472728943718587e-05,True,True,1.2457234523335914e-06,1.245562422491631e-06,1.2455317655436278e-06,1.3252469758152108e-06,True,True,262.85584845713487,262.7817902344465,263.01946853982304,265.22368418868376,True,True,702.8760834086949,702.8017009648415,703.0786973905854,709.1424242260053,True,True,True,True
0.0,0.002,0.001,0.014,500.6732131304988,391.6189148279191,593.8252536070446,1294.2975551469165,True,False,0.017440005499183252,0.017205965620441264,0.034718383196715503,0.11120529958677985,True,True,8.146528615696589e-07,7.333370512492286e-07,8.052293912388066e-06,1.5608635495788588e-05,True,True,6.320730237025788e-08,3.322327811763784e-08,4.6515752064200404e-07,1.048048079996909e-06,True,True,246.51223084186424,238.79866274109324,246.09844915416872,249.2279084264176,True,True,636.3999657372341,619.1341516596002,635.5735025048976,646.4818692373656,True,True,True,False
0.002,0.0,0.001,0.02,711.7659661525801,214.38427908967836,708.6780471414487,990.2263230204222,True,True,0.02304717848538986,0.01639569001943007,0.029808387078598165,0.08717072166597237,True,True,4.229193805957964e-07,3.953214369938828e-07,2.108749823612797e-06,3.959522053511481e-06,True,True,3.916006017280624e-09,3.2505989445746675e-09,1.4733386498107362e-08,3.241346990507311e-08,True,True,245.99679579680043,226.59933337973789,235.32906370472205,245.99367219485774,True,True,636.3293368595648,587.2627284606565,613.1405161481011,636.5666843642716,True,True,True,True
0.015,0.026000000000000002,0.123,0.009000000000000001,239.81582560678055,205.82524533976624,232.91864169065522,239.91233182372034,True,True,0.15128874212180854,0.14313312471091114,0.15128660377618366,0.15113850293498435,True,True,2.429942363178505e-05,2.0579132806952007e-05,2.4306358517653367e-05,2.4299919276152134e-05,True,True,5.789383306569234e-07,5.789406779428503e-07,5.795866141780283e-07,5.800233596124159e-07,True,True,228.81452947385017,228.81558487737158,229.7199692389911,230.52780864606328,True,True,602.2035528956959,600.9748521745686,602.2286266585503,607.4947322839653,True,True,True,True
0.001,0.068,0.023,0.007,238.05837916104775,195.50708532789602,255.11104102238383,378.8083918603271,True,True,0.0646107347223588,0.04456620239447559,0.05916038738302137,0.08780591980669725,True,True,1.915830100487192e-05,1.2570116903944942e-05,1.842918402013565e-05,2.7449469943518403e-05,True,True,1.9163626606845064e-06,7.912228394815837e-07,1.4924360472195114e-06,2.479270016029029e-06,True,True,259.2426641873755,259.67125737004227,265.3593434726461,269.6516487719437,True,True,678.9919280676163,679.9411396165684,693.7442973941073,706.7848859424674,True,True,True,True
0.019,0.028,0.081,0.005,147.46922705874164,90.51511446192465,145.92557104920283,160.0550941037115,True,True,0.11254161532165204,0.11125273454743598,0.1125347895899315,0.13007491167683405,True,True,1.964832320945404e-05,1.9648201854830687e-05,1.965402402744146e-05,2.2613269698514432e-05,True,True,6.850129427531266e-07,6.382742157226372e-07,6.6217186564315e-07,6.850562387828693e-07,True,True,240.12859752836644,239.0123970216689,240.07192689673022,240.13266325218467,True,True,633.3960635601915,631.9207998776997,631.1525923893886,633.7959399475609,True,True,True,True
0.002,0.004,0.0,0.032,1131.7967065390576,242.8334795122403,838.787276272737,1138.483897290643,False,False,0.03570847630844112,0.007802217492671254,0.024849546891279016,0.03640210569334667,True,True,1.1646725510186202e-06,2.8576221793651275e-07,7.36714734516546e-07,1.3290443371440065e-06,True,True,1.2102755876307015e-07,4.802104747292679e-08,6.499400116080497e-08,1.4915659481150955e-07,True,True,246.31870232069375,244.7009786923806,246.27179394367693,249.044427687055,True,True,638.707862512249,636.6789077258622,638.5980854825195,641.832429182104,True,True,False,False
0.0,0.0,0.0,0.022,784.0467301550093,116.28263760671395,537.7133351352254,792.6982740889126,True,True,0.023708470599907907,0.0040331847414850725,0.015517458961309018,0.02526023159194702,True,True,2.0938936146838864e-07,6.304224720633994e-08,1.5515841159747849e-07,4.131166101539509e-07,True,True,3.925037248448174e-09,3.417540125045022e-09,3.9396874825562305e-09,3.041987874958096e-08,True,True,245.60220143868202,245.56022172484717,246.14464135097305,247.63026042442124,True,True,634.4004381952229,634.402901665609,635.8878721322662,637.5503652531884,True,True,True,True
0.036000000000000004,0.048,0.001,0.046,1606.1294475026325,1155.6973454990941,1579.8137690131773,1605.9152697663437,False,False,0.06778180532388621,0.06661631342752147,0.06820111444747448,0.06779115303283353,True,True,1.1030530290828243e-05,7.2963937207127065e-06,1.1080459216036432e-05,1.1736676785034359e-05,True,True,1.3918439554536108e-06,1.0323252729831378e-06,1.4158411230824424e-06,1.6036691859559312e-06,True,True,264.24408751110417,261.52796710897576,263.94565080550575,264.87758738457035,True,True,710.7197438549556,700.7566657713812,710.6292704400585,711.9160563606491,True,True,False,False
0.025,0.013000000000000001,0.04,0.031,983.1400213176242,960.6819757825133,982.4910983020287,1023.2214313848942,True,False,0.08742475241295795,0.08029986336192194,0.08747081658926963,0.09709183293414383,True,True,1.0667262135652169e-05,9.858116727828513e-06,1.0667227532254298e-05,1.2477182586169685e-05,True,True,3.4625671545784833e-07,3.440209369118033e-07,3.4586118107020373e-07,3.5358512407389364e-07,True,True,244.97777003384587,244.4403415909668,244.70525358318397,244.97806333794117,True,True,648.8879918770638,648.8374596281881,645.7503776567642,648.8813648522462,True,True,True,False
0.048,0.101,0.013000000000000001,0.029,993.6925669202027,953.4439964659549,995.1762722214921,1006.674693298402,True,False,0.08553670201253448,0.0801736105831958,0.08505120789262097,0.08554061249119584,True,True,2.446601590955153e-05,2.329494337700566e-05,2.4466766911204964e-05,2.4473601523559062e-05,True,True,2.8728374277279217e-06,2.697495383847658e-06,2.7000164698031794e-06,2.8726906065526005e-06,True,True,279.25396194984575,276.777508454133,279.3281415996981,279.25703731735615,True,True,762.3222474213935,758.2577136269811,762.0694532738055,762.3244482985596,True,True,True,False
0.002,0.114,0.039,0.0,1.7742833538132068,1.694987727806792,74.5624662287258,116.75571012881761,True,True,0.0933074389902451,0.0524727772506596,0.06784942362051903,0.0939621014695939,True,True,3.093296913962213e-05,1.4097821826294084e-05,2.3725986045431335e-05,3.077459097808032e-05,True,True,3.100609714320201e-06,8.565033681742479e-07,2.121224658977755e-06,2.9733137572581437e-06,True,True,268.1979188669076,258.6921563829487,264.8642594184474,268.54993384725987,True,True,708.8834114419997,679.6400837800394,698.5766859627411,709.2455122789044,True,True,True,True
0.009000000000000001,0.003,0.008,0.024,834.5338317839243,834.2916281710889,866.7196760707121,969.2076879912775,True,True,0.03815329161842989,0.03796879771337515,0.03893591701898608,0.04777315486957554,True,True,2.6355849276849806e-06,2.39635957807982e-06,2.634141169898193e-06,2.8390683150599653e-06,True,True,9.023324820837177e-08,8.15093208624348e-08,9.063007621016875e-08,1.1080574095635333e-07,True,True,246.49625862094112,246.46697367927598,246.31611814122803,246.54813427923594,True,True,642.1427693992497,642.0295146586157,641.6580515744565,653.8545415392513,True,True,True,True
0.004,0.023,0.036000000000000004,0.018000000000000002,583.3200663316833,583.3132798147882,583.3633230926974,696.1387086272719,True,True,0.07467447665700644,0.07467437268077493,0.07450500848553922,0.08690727530409573,True,True,1.1988619122376875e-05,1.1988205596603176e-05,1.1986274456437994e-05,1.4523006211916011e-05,True,True,6.227534599447464e-07,6.223680030100161e-07,6.374807159607778e-07,7.144099660862872e-07,True,True,244.5684403875962,243.44685602171788,244.54905973017853,245.39252655070027,True,True,637.0268395069934,635.5341562312342,636.3717260937561,638.7109533160174,True,True,True,True
0.024,0.012,0.041,0.012,385.36133853386383,385.35535383873145,394.92379613084614,474.57025237145933,True,True,0.07115980957820654,0.07118454475744514,0.06933316972137109,0.08938586742657195,True,True,1.0640332145286437e-05,1.0639302502922799e-05,1.0641462160232224e-05,1.342694349412483e-05,True,True,3.233650885177553e-07,3.2330903692981194e-07,3.233603293612097e-07,3.3090522457342376e-07,True,True,245.7418090184741,245.50292497845177,245.74341319193766,245.74451582079132,True,True,648.6484405443639,648.6490537465363,650.7916813780245,651.7437884546633,True,True,True,True
0.007,0.001,0.01,0.001,35.587225582754144,35.3625638636205,64.87819473371287,100.89013620104872,True,True,0.016472790650232397,0.01648414433855582,0.026852771102269492,0.06071847192730685,True,True,2.4783256902346293e-06,2.4488939547859795e-06,3.8197940819255845e-06,7.5998581101541995e-06,True,True,3.306572638862005e-08,3.051258823748217e-08,5.508874857798117e-08,9.56998569738148e-08,True,True,246.85251715746898,246.88657489029458,248.24198498605816,250.32630965050427,True,True,639.854649560892,639.8494754715441,641.6767041924813,667.6455806915083,True,True,True,True
0.037,0.003,0.014,0.007,242.54049629470978,239.22194681515808,248.39072377465507,389.5255296414217,True,True,0.02903206872145928,0.0283256192426523,0.03284317497407713,0.05362371818647564,True,True,3.8086038783888954e-06,3.498239361332602e-06,3.864332831424062e-06,6.657003474791849e-06,True,True,8.97491341886453e-08,8.734402526574834e-08,9.634995149814221e-08,1.222155158991662e-07,True,True,252.9943065360627,252.99341473799714,253.55159279275676,257.78436439753017,True,True,672.5117957983082,672.5119798017972,674.1804718884515,695.3779607543527,True,True,True,True
0.011,0.014,0.001,0.003,108.35966728874017,117.71325655158445,151.036701010229,213.3830808106624,True,True,0.010206338682843031,0.010525826512059851,0.015875862267712523,0.0328698690430184,True,True,3.4150192768334922e-06,3.3287152577960515e-06,4.669586259104954e-06,8.259431128977779e-06,True,True,4.222789739101368e-07,4.2679018285750116e-07,5.174604430820925e-07,6.293730630117534e-07,True,True,253.01686396785502,253.23156733096334,259.6017158510608,264.36192816947715,True,True,659.9497396028362,661.2922570959864,686.2361226008293,713.7685455424127,True,True,True,True
0.033,0.042,0.008,0.033,1140.64108141184,1039.9725406348625,1140.585192878685,1143.965533273642,False,False,0.061584616406079394,0.05562855048796589,0.06142991796646191,0.06158962772342885,True,True,1.1039258672229572e-05,1.1029338680937063e-05,1.1279598092595603e-05,1.1469887218490991e-05,True,True,1.2069735295372972e-06,1.1765903379317001e-06,1.2036804103822125e-06,1.2065273945559245e-06,True,True,261.422806556309,261.2411934764543,261.41392756853577,261.4209190143062,True,True,699.9288285960093,699.0690735652265,699.929159108931,699.9284307373924,True,True,False,False
0.014,0.021,0.097,0.041,1126.3242148287513,1013.0776946200388,1104.8985030050321,1131.684350551324,False,False,0.1517659088677652,0.1482249579297833,0.14921281379063886,0.1523321025878747,True,True,2.0229224022729924e-05,1.8967671039610315e-05,2.094995240243466e-05,2.0273690096839615e-05,True,True,4.853800589954792e-07,4.594876689201872e-07,4.86859779932528e-07,4.866738109187206e-07,True,True,230.72231510651133,230.50873873579354,230.71431884645406,231.55874883583363,True,True,608.3537701945286,607.1319278559881,608.1982006080775,609.9026152036861,True,True,False,False
0.014,0.0,0.006,0.027,941.6760143767974,303.9036360455444,942.3842458276857,987.0450264863822,True,True,0.03736190278260583,0.029987618530182645,0.05281600900804324,0.10929275654166173,True,True,1.5951247857025255e-06,9.54229514271565e-07,4.374965308068094e-06,7.685149465719898e-06,True,True,3.748080247015015e-09,3.5482061229036874e-09,2.568966743485588e-08,4.69147212389237e-08,True,True,247.1157019426124,225.44411142860898,233.03650198485633,247.249580993139,True,True,646.2023988268966,582.6159565309788,614.8410785250486,645.7126041606689,True,True,True,True
0.026000000000000002,0.001,0.07200000000000001,0.004,120.61261892025468,120.60459839436272,145.72317252935778,184.04725029776736,True,True,0.09430308771802498,0.09136607610848452,0.10058121406590502,0.14219969778522062,True,True,1.3441221184242363e-05,1.1223562316495651e-05,1.3189632272198843e-05,1.9509994519180976e-05,True,True,2.7903143703390338e-08,1.6411967753035025e-08,4.351437195253134e-08,6.314592953372366e-08,True,True,236.94798771830185,227.24533953278853,230.37189666357648,236.92729566618377,True,True,624.8574416541784,594.7764413097908,607.2530361128863,624.7598838158303,True,True,True,True
0.0,0.001,0.001,0.016,571.2686175639333,391.6189148279191,593.8252536070446,1294.2975551469165,True,False,0.019189030099388462,0.017205965620441264,0.034718383196715503,0.11120529958677985,True,True,6.091694996829856e-07,7.333370512492286e-07,8.052293912388066e-06,1.5608635495788588e-05,True,True,3.3525602164437667e-08,3.322327811763784e-08,4.6515752064200404e-07,1.048048079996909e-06,True,True,246.09801805591616,238.79866274109324,246.09844915416872,249.2279084264176,True,True,635.349624156062,619.1341516596002,635.5735025048976,646.4818692373656,True,True,True,False
0.055,0.009000000000000001,0.059000000000000004,0.031,935.8600998793,921.687531325456,935.6042851307295,995.3063791264957,True,True,0.10593544673764335,0.10594781173578886,0.10653005970945072,0.10955575191026186,True,True,1.2952846756207571e-05,1.293716289217436e-05,1.2887169353202567e-05,1.3195472961918256e-05,True,True,2.2941206811944136e-07,2.2941069739318221e-07,2.293165898216855e-07,2.4293198340624405e-07,True,True,246.63368667247008,245.79162268888328,246.6410214262669,246.63468961728674,True,True,668.6427551809973,668.1342918797455,669.304691223065,668.6429613018316,True,True,True,True
0.025,0.011,0.023,0.042,1382.007477349727,1171.3930487639275,1302.4921612746243,1381.9956905922413,False,False,0.07745530721833155,0.06605712098787085,0.07145725361065533,0.07726637746830144,True,True,7.314980823569785e-06,6.545221090712753e-06,6.898874489842716e-06,7.2592189958532166e-06,True,True,3.0433625715653557e-07,2.910737158669098e-07,2.9746416409487614e-07,3.0494908288951715e-07,True,True,247.47885525809258,247.47475837692372,247.34196720832873,247.4791203272101,True,True,655.8769511016302,655.8767344758352,653.9854412419674,655.879585273663,True,True,False,False
0.02,0.02,0.005,0.006,213.70568477800788,204.46393919252048,213.56931104478747,251.43839151193512,True,True,0.021627248443979945,0.020762299037001115,0.02120417436229636,0.03080198487801067,True,True,5.622045420361616e-06,5.3507640131382285e-06,5.896519510964823e-06,8.107508888213121e-06,True,True,5.933367975751668e-07,5.786227115079208e-07,6.042081671897157e-07,7.633119057035392e-07,True,True,255.5153582166968,255.47151321131963,256.37660637829595,261.8309065194504,True,True,672.3381873285631,672.2873587000086,680.2732927338986,699.6715249762034,True,True,True,True
0.028,0.013000000000000001,0.014,0.017,584.3306037866619,584.2930136161975,581.806790899778,744.605593573607,True,True,0.042809994099775386,0.04280735697815574,0.04407964628450234,0.052882731368292205,True,True,5.971440584171686e-06,5.967888176493858e-06,6.088258557815617e-06,8.48945033415523e-06,True,True,3.741482272674981e-07,3.741339781631846e-07,3.7407736469998675e-07,4.233195769028266e-07,True,True,252.68391343791814,252.68392865767905,252.68838724830474,255.56377592575006,True,True,669.1780452937965,669.1247011849124,669.1784816667015,682.8465546144818,True,True,True,True
0.002,0.006,0.004,0.046,1591.5594311192428,650.6948111734785,901.352131270562,1573.1119129506135,False,False,0.05614811420368267,0.023727566936647758,0.043508725362225484,0.056111987690121275,True,True,2.561445529589262e-06,1.7177283992168024e-06,2.342026722300036e-06,2.4538212524265503e-06,True,True,1.7573878676908763e-07,8.641679665068355e-08,1.7778794666596909e-07,1.8344698133857564e-07,True,True,244.83155328929755,244.66780293228467,245.31342490264421,246.47635577773863,True,True,636.3025823543029,635.042538350005,636.417035633229,637.0566239546754,True,True,False,False
0.032,0.014,0.018000000000000002,0.041,1368.3497018825112,1137.3125547738587,1302.153839552615,1368.825931992925,False,False,0.07162559827634069,0.05990260484265323,0.07170844888281615,0.07163158999369025,True,True,7.031347711880124e-06,6.315274029091472e-06,6.991849010910717e-06,7.03723511035457e-06,True,True,3.9159201598437577e-07,3.6403118590554055e-07,3.6664485678718043e-07,3.9239705130667256e-07,True,True,251.0973818051983,250.9481153564824,251.09843071743822,251.09717790136892,True,True,669.3053040228594,668.7369870996866,668.810706051487,669.2967750465427,True,True,False,False
0.057,0.044,0.01,0.014,488.0929713200173,488.00794173225256,487.9040730642445,573.9518923521251,True,True,0.04582865820950216,0.04582550753678526,0.04582994003680354,0.05665935756757316,True,True,1.1862652054107656e-05,1.185989128621265e-05,1.1899825791063842e-05,1.4216166097011639e-05,True,True,1.2743376751715312e-06,1.2723985986826947e-06,1.300236224692721e-06,1.3810541606813264e-06,True,True,268.5594253070334,267.97245662698435,268.55336770314926,270.8750108259295,True,True,729.943944267997,729.8836053960734,730.6412948668224,736.8888842073538,True,True,True,True
0.05,0.004,0.111,0.006,164.70826540267157,148.21872976611672,157.11689341894055,172.42644707701797,True,True,0.13290321112159398,0.13167200746548124,0.13285365716799466,0.14246925704168362,True,True,1.9255375174886978e-05,1.8416572547167247e-05,1.9299272519679548e-05,2.0886713445635804e-05,True,True,9.352850910169301e-08,9.039830199068925e-08,9.338288056304121e-08,1.0753339777118676e-07,True,True,234.29787077157792,231.7383429101216,233.8978994371294,239.30620225455112,True,True,631.5394932174754,628.2670017477254,631.5272994095925,638.1192057345618,True,True,True,True
0.0,0.0,0.0,0.015,537.4932263848984,116.28263760671395,537.7133351352254,792.6982740889126,True,True,0.016262547564137583,0.0040331847414850725,0.015517458961309018,0.02526023159194702,True,True,1.53094289186597e-07,6.304224720633994e-08,1.5515841159747849e-07,4.131166101539509e-07,True,True,3.973914239772092e-09,3.417540125045022e-09,3.9396874825562305e-09,3.041987874958096e-08,True,True,246.14608420399568,245.56022172484717,246.14464135097305,247.63026042442124,True,True,635.2430105284315,634.402901665609,635.8878721322662,637.5503652531884,True,True,True,True
0.018000000000000002,0.04,0.02,0.038,1266.3132617066785,1119.1435964048799,1211.3695452075697,1262.8973540252675,False,False,0.08048219262615208,0.06997227675328359,0.07634106911347584,0.08034361265740686,True,True,1.2731746818883404e-05,1.1632169009242544e-05,1.168938038175811e-05,1.2635048887069438e-05,True,True,1.1100985206700023e-06,1.0625664941098075e-06,1.1106224332562586e-06,1.1098893277410917e-06,True,True,254.28694806924426,253.1137110163852,253.09861018735455,254.29815780946,True,True,673.6469266319514,670.2344248750411,668.9741304664348,673.6466372344487,True,True,False,False
0.093,0.014,0.005,0.004,142.3633687638103,140.7088097044663,153.49093275895243,197.88567447783888,True,True,0.017200513518898196,0.01720868479046756,0.022801017369566908,0.0349842304297229,True,True,4.382736700055613e-06,4.373059352674201e-06,5.261622460860251e-06,7.199141675121029e-06,True,True,4.154766390287564e-07,4.152800898535131e-07,4.828570286940639e-07,4.5973636385362324e-07,True,True,271.16892004683183,271.16807006968315,272.0277428339068,279.6440539927707,True,True,750.6792562783545,750.6796567541115,757.0402422771983,780.4350156689525,True,True,True,True
0.017,0.035,0.038,0.022,707.0302401357594,706.9633425862551,728.6965871332216,778.1619998615148,True,True,0.08468810696222928,0.08467940596888508,0.08468895212968694,0.09370642134791422,True,True,1.4706840992948676e-05,1.470694733231113e-05,1.4705347223799333e-05,1.5957926097773667e-05,True,True,9.383949712295866e-07,8.875517757824321e-07,9.382035013229402e-07,9.675430974144344e-07,True,True,249.91957078898048,249.8449762973137,250.04521310324074,249.91968324208966,True,True,659.8716957614173,659.4730638783832,659.9015053359,660.7312894415413,True,True,True,True
0.034,0.005,0.028,0.029,949.9649248707433,949.679759122315,944.6610616015082,1032.5372963277282,True,False,0.06910539107013111,0.06216045201592286,0.06913450950231857,0.09037662114621622,True,True,6.987571148642113e-06,6.664347653903819e-06,7.411847369262586e-06,9.204726098957534e-06,True,True,1.394553248932166e-07,1.2898027528733957e-07,1.3930125678181052e-07,1.5100096262999914e-07,True,True,247.90944667220424,246.25705978744733,247.79207413862957,247.91805600189795,True,True,659.8891073932277,655.2478334608296,656.6205977829148,661.003263206619,True,True,True,False
0.0,0.002,0.003,0.011,392.08743685682384,391.6189148279191,593.8252536070446,1294.2975551469165,True,False,0.017197301836506317,0.017205965620441264,0.034718383196715503,0.11120529958677985,True,True,1.240900467529249e-06,7.333370512492286e-07,8.052293912388066e-06,1.5608635495788588e-05,True,True,6.30055254852671e-08,3.322327811763784e-08,4.6515752064200404e-07,1.048048079996909e-06,True,True,246.28826893080122,238.79866274109324,246.09844915416872,249.2279084264176,True,True,635.5925341938965,619.1341516596002,635.5735025048976,646.4818692373656,True,True,True,False
0.016,0.003,0.003,0.044,1527.9129182454703,760.4260722073742,1057.4476375913705,1520.9837310112434,False,False,0.051687677001265475,0.028725474741599068,0.04169786227645555,0.05136486495137598,True,True,1.7151087368382046e-06,1.1245959433306577e-06,1.646098477668235e-06,1.7198236067434399e-06,True,True,8.999120172281642e-08,5.0108985523050264e-08,7.665416483771117e-08,1.1025421622592476e-07,True,True,247.71555565034924,247.62369947508822,247.68847031338822,250.45281537003558,True,True,650.6120210993822,650.6151695798015,647.2987011611776,660.4165363144349,True,True,False,False
0.001,0.03,0.023,0.007,237.46148970307885,213.9073323048214,270.90179541437675,399.080514733852,True,True,0.050890611840801285,0.045144505993935144,0.05698401880491946,0.09469508845575327,True,True,1.1189576167234475e-05,9.510299350902734e-06,1.3261809835628194e-05,2.105957728086556e-05,True,True,8.461370838287915e-07,5.20033079276513e-07,8.478876015018775e-07,1.296176936214651e-06,True,True,249.4805039073178,249.28745469142928,250.63091623006886,251.42338643212156,True,True,648.2095555499488,647.6974889049299,658.8709554362163,662.8513510436977,True,True,True,True
0.006,0.022,0.011,0.035,1197.9479052433842,1108.1729306597358,1194.2794688478987,1197.9456449288357,False,False,0.06011463495768063,0.05911845488340307,0.05839434136550926,0.06013548906893998,True,True,7.3251021497076524e-06,7.01079400881825e-06,7.325236943693172e-06,7.54083960969589e-06,True,True,6.281338958269772e-07,5.458256396278366e-07,6.368491495033489e-07,6.358859985983489e-07,True,True,249.1427879035988,249.14324612445787,249.2094300258727,249.1667133434367,True,True,651.0475717233892,649.6079867246589,651.1751655489192,651.4560555715268,True,True,False,False
0.039,0.026000000000000002,0.011,0.018000000000000002,623.55779915962,623.24619719047,623.3714399756956,731.0276528972444,True,True,0.044578579797885216,0.04223571364906436,0.04445015725803274,0.05366910886086051,True,True,8.17467109299464e-06,8.175430910732712e-06,8.577370861569847e-06,1.0001985236114184e-05,True,True,7.501949367316533e-07,7.499714643065168e-07,7.484444258632011e-07,7.935333779923811e-07,True,True,259.1930338477404,258.8868628549299,259.1916602490109,260.9614450834899,True,True,693.8401017766632,692.4073589005284,693.8511819595665,706.9306576833915,True,True,True,True
0.002,0.0,0.0,0.02,713.8172105217665,116.01340243522938,593.0586213978676,792.6982740889126,True,True,0.021588077815561654,0.0040448523957512155,0.015517458961309018,0.02526023159194702,True,True,1.9615628707515706e-07,6.333846932324264e-08,1.5515841159747849e-07,4.131166101539509e-07,True,True,3.930681533026271e-09,3.417540125045022e-09,3.9396874825562305e-09,3.041987874958096e-08,True,True,246.22492223404635,245.5609784417047,246.2191476563636,247.63026042442124,True,True,636.9143699722748,634.402901665609,636.8947120381433,637.7561770133889,True,True,True,True
0.017,0.044,0.074,0.0,1.9599214590922849,1.3537907573868764,99.64244034406155,121.22983632913333,True,True,0.10676531113127127,0.10455164691563716,0.10916896499008596,0.11866713746300248,True,True,2.1705260484362368e-05,2.0928573926456683e-05,2.2065410565730847e-05,2.4445191000346372e-05,True,True,1.0966276541660434e-06,1.02571311388762e-06,1.0965913479347645e-06,1.1111260233854988e-06,True,True,245.7549171330427,244.5183094786805,245.75503213195293,246.24215743002807,True,True,648.77837289545,645.8899543157914,650.6673113301326,649.8688626298227,True,True,True,True
0.004,0.019,0.046,0.021,661.3936386199041,660.4966622400617,663.4407334125415,786.2844224940253,True,True,0.08726719739584012,0.08725336761484723,0.08305294079240258,0.09702551005264837,True,True,1.282285103111672e-05,1.2815489996375365e-05,1.272451743561098e-05,1.5602447772609814e-05,True,True,5.011459715939936e-07,5.009935991803437e-07,5.073046512005116e-07,5.19829344886059e-07,True,True,241.03250528853422,238.72801828368182,240.3879809358037,241.34257066225172,True,True,627.5793659712649,626.277257137743,627.5846265663563,627.9703898607665,True,True,True,True
0.0,0.0,0.0,0.022,784.0467301550093,116.28263760671395,537.7133351352254,792.6982740889126,True,True,0.023708470599907907,0.0040331847414850725,0.015517458961309018,0.02526023159194702,True,True,2.0938936146838864e-07,6.304224720633994e-08,1.5515841159747849e-07,4.131166101539509e-07,True,True,3.925037248448174e-09,3.417540125045022e-09,3.9396874825562305e-09,3.041987874958096e-08,True,True,245.60220143868202,245.56022172484717,246.14464135097305,247.63026042442124,True,True,634.4004381952229,634.402901665609,635.8878721322662,637.5503652531884,True,True,True,True
0.0,0.0,0.0,0.021,748.987919611141,116.28263760671395,537.7133351352254,792.6982740889126,True,True,0.02264980935451691,0.0040331847414850725,0.015517458961309018,0.02526023159194702,True,True,2.070018718938866e-07,6.304224720633994e-08,1.5515841159747849e-07,4.131166101539509e-07,True,True,3.93199080366606e-09,3.417540125045022e-09,3.9396874825562305e-09,3.041987874958096e-08,True,True,245.67815604170463,245.56022172484717,246.14464135097305,247.63026042442124,True,True,634.519643353208,634.402901665609,635.8878721322662,637.5503652531884,True,True,True,True
0.018000000000000002,0.033,0.125,0.001,28.892940711687324,2.704085640420119,96.54380350966774,117.75217453133533,True,True,0.14929389928136044,0.13271352848426607,0.14929484549674737,0.14973259409686607,True,True,2.57414900897527e-05,2.5394471411940054e-05,2.507179025920971e-05,2.5755406119299265e-05,True,True,7.345577095179847e-07,7.18011916903395e-07,7.346439921079695e-07,7.46861926461409e-07,True,True,231.48288375691948,230.83742497574474,231.47910859203938,234.70509463620905,True,True,611.0822905115401,610.4768756211467,610.9854757636757,615.730446469039,True,True,True,True
0.003,0.0,0.0,0.036000000000000004,1269.068816425167,145.679401713535,606.2911562341626,793.0177088141529,False,True,0.038351094074885114,0.004608451322758967,0.016853197609794188,0.02601975687921437,True,True,3.333194861646097e-07,7.188109841735177e-08,1.855728149951523e-07,4.5335826208452386e-07,True,True,3.8165074518144816e-09,3.834674161728321e-09,5.499168131000828e-09,3.3043686533480614e-08,True,True,245.2127139646236,245.4915651021497,246.52897844742176,247.6541435271408,True,True,636.1203498586506,635.5048563368317,636.8947120381433,639.0813796847235,True,True,False,True
0.003,0.0,0.0,0.006,216.4966650898631,145.679401713535,606.2911562341626,793.0177088141529,True,True,0.006566165585206,0.004608451322758967,0.016853197609794188,0.02601975687921437,True,True,8.511329256555081e-08,7.188109841735177e-08,1.855728149951523e-07,4.5335826208452386e-07,True,True,4.024926858243188e-09,3.834674161728321e-09,5.499168131000828e-09,3.3043686533480614e-08,True,True,247.54496260263275,245.4915651021497,246.52897844742176,247.6541435271408,True,True,639.7377923728446,635.5048563368317,636.8947120381433,639.0813796847235,True,True,True,True
0.0,0.0,0.0,0.009000000000000001,324.01429143644594,116.28263760671395,537.7133351352254,792.6982740889126,True,True,0.009813948939076443,0.0040331847414850725,0.015517458961309018,0.02526023159194702,True,True,1.0661557419439869e-07,6.304224720633994e-08,1.5515841159747849e-07,4.131166101539509e-07,True,True,4.016199156849318e-09,3.417540125045022e-09,3.9396874825562305e-09,3.041987874958096e-08,True,True,246.61401125036335,245.56022172484717,246.14464135097305,247.63026042442124,True,True,635.9663759785541,634.402901665609,635.8878721322662,637.5503652531884,True,True,True,True
0.078,0.041,0.044,0.001,33.476578934675445,25.733497093179082,128.31581246178214,136.84631551322363,True,True,0.07442351798446936,0.07446122704484902,0.07965722871192382,0.08735661434738452,True,True,1.694912394238137e-05,1.5602775757159903e-05,1.70623064210058e-05,1.8830730187455995e-05,True,True,1.0957461848047128e-06,1.0656590407120547e-06,1.122597007198075e-06,1.0955847836665657e-06,True,True,265.9677837420227,264.672720898779,265.9102074114777,265.9955015316208,True,True,733.0803945802553,727.9164104084012,732.8202399104889,740.332216474414,True,True,True,True
0.054,0.011,0.051000000000000004,0.03,924.6792519712075,905.9532447118693,925.943664604591,990.6486595583813,True,True,0.0975735367877261,0.0965178782895771,0.0975614393293193,0.10357894218732397,True,True,1.209368396106801e-05,1.2094040569712842e-05,1.204097344030672e-05,1.2308084485541545e-05,True,True,2.8540635017773187e-07,2.8540450106160356e-07,2.858387732893037e-07,2.853508721892271e-07,True,True,248.81106465750668,248.76956263712202,248.6701027480883,249.37672897254208,True,True,673.9227629829575,673.1423179384467,672.7354337796885,673.9488694721911,True,True,True,True
0.002,0.017,0.007,0.01,353.0321583220446,318.0720769727993,366.40956932865623,776.6837893056787,True,True,0.027575612032963527,0.02377351006262154,0.03577088761154224,0.058370717715493146,True,True,5.371112134790246e-06,5.173069027391943e-06,5.968177576696272e-06,9.321045823757411e-06,True,True,5.009491691656393e-07,4.1477649188746695e-07,4.704582235104502e-07,7.282415879907488e-07,True,True,249.77830615885745,249.57905292017543,250.3781037607207,253.66356265797052,True,True,647.8008204385717,647.2938182684887,652.1642312359195,667.8743162715482,True,True,True,True
0.0,0.003,0.0,0.006,216.5692558097751,217.14197006618517,652.2141392107435,1389.467848555291,True,False,0.0077165306921684156,0.011049497799952016,0.03917378774614834,0.06283595063037048,True,True,7.48623566650757e-07,7.314715496808813e-07,3.165310407931286e-06,9.331331016110617e-06,True,True,9.37087046620497e-08,1.2969069490158647e-07,3.2152691618009766e-07,1.549195972363489e-06,True,True,247.61622572591995,261.4840787942753,266.20858695763224,273.7172062681766,True,True,638.7586963078963,691.7693149385835,693.5487238795802,709.7910940988587,True,True,True,False
0.005,0.011,0.014,0.003,104.78638947206969,104.37305810221359,111.1269816065946,162.11761552780808,True,True,0.027930868514631377,0.025575039555518434,0.028873902303545498,0.06365509269956171,True,True,5.466362812516501e-06,5.440022803766321e-06,5.722613968170026e-06,1.1349516280125054e-05,True,True,3.2090252310683305e-07,3.2092697345006395e-07,3.4485739017281996e-07,5.081828618494363e-07,True,True,247.8889236991583,247.33850760434655,248.31713881501238,251.94312261123613,True,True,643.104290426049,641.7822849718866,643.7009927064867,666.5637165524992,True,True,True,True
0.039,0.004,0.081,0.031,887.992202450326,845.6951052453416,864.8775599494847,1013.3429390666751,True,False,0.12536927176109472,0.12905491119676332,0.1250072563436478,0.1427916002527328,True,True,1.5228731509288328e-05,1.5365578157567987e-05,1.4649860690007957e-05,1.681766344034353e-05,True,True,9.847594206794588e-08,9.083704316889477e-08,9.565912011809545e-08,1.0552251540413748e-07,True,True,236.60792733071665,234.48460907252402,234.4585587020511,237.32200852949816,True,True,633.5522674355569,633.545874855484,630.8158429359725,633.687558955285,True,True,True,False
0.004,0.008,0.018000000000000002,0.028,944.3636156147451,943.5993482241624,944.4785335012766,1038.4767547596916,True,False,0.057059211075363866,0.05704708179665408,0.05867149051768463,0.0636368280806647,True,True,5.701413794068982e-06,5.55843537731869e-06,5.7031198509375175e-06,6.318036669555188e-06,True,True,2.275473792799043e-07,2.1551937312562146e-07,2.3644816058643789e-07,2.4644238531172263e-07,True,True,244.03060652514105,243.30950813153947,244.03307882807167,244.71482410029603,True,True,634.1859003951529,634.1202547599822,634.8641486381445,634.2271427725276,True,True,True,False
0.008,0.004,0.001,0.015,535.8989837752192,529.7891119095439,711.745371144642,822.8873555423994,True,True,0.019260509391468165,0.019238987030186897,0.025546935234723678,0.035537739811111434,True,True,1.2807328419288757e-06,1.279340221789585e-06,1.669106716613337e-06,2.1628880168608208e-06,True,True,1.2228776852933227e-07,1.2203993098344068e-07,9.532420328599509e-08,1.6871068947893203e-07,True,True,248.81344826487268,248.67552864133273,251.8130751254908,249.09863752089112,True,True,646.9913648230798,646.5097082051744,657.6644535610645,648.6513473183913,True,True,True,True
0.004,0.004,0.011,0.007,244.861124937667,213.5272595506996,230.8803634882455,475.4669107737252,True,True,0.025255387771042713,0.020912478250693502,0.024893178775008813,0.053123641137231475,True,True,3.366665179455457e-06,2.6416972644891085e-06,3.150656952934381e-06,7.026875850514164e-06,True,True,1.1971558224357158e-07,1.1914567074918208e-07,1.176274772656324e-07,1.6792040554932302e-07,True,True,246.22772860514672,245.56082724069685,245.3461753680639,247.16493337087593,True,True,637.5671621273123,632.5040363466521,639.8750422433261,646.9756613749682,True,True,True,True
0.044,0.022,0.039,0.02,641.0503655844403,586.0257227654203,678.62336458281,726.8874431567746,True,True,0.07947386458990031,0.07947525871355221,0.08145366913864407,0.09537344404953386,True,True,1.2305374211256017e-05,1.2304535176343613e-05,1.3080533526002122e-05,1.481121035107302e-05,True,True,5.894226956685741e-07,5.894010325684247e-07,5.948766857758157e-07,5.894171863947284e-07,True,True,252.80970003764108,252.80615702606772,253.15967129891337,252.9996332764684,True,True,679.6831942788588,679.6826738654755,680.9283222708355,682.043698342178,True,True,True,True
0.027,0.026000000000000002,0.007,0.001,35.96944989516085,3.3828433424794184,81.6794368566759,92.54357305109546,True,True,0.021515271977749696,0.019907322790252823,0.022887293470909027,0.034643440345494804,True,True,7.338116394476026e-06,7.251739964858488e-06,7.285903856424211e-06,1.0950540811905468e-05,True,True,7.688235927744956e-07,7.492398509794924e-07,7.681203902924312e-07,9.161555675845162e-07,True,True,258.6274998514229,258.02497085137935,258.6077877146048,264.52036395862285,True,True,684.5899470378819,684.5863347083634,689.4158269827506,704.0139119282838,True,True,True,True
0.041,0.042,0.002,0.027,953.4344741526176,945.7279276772075,1103.138918759533,1269.1322825736008,True,False,0.04756407512337515,0.04747157911968439,0.053365522805037806,0.0647374043865602,True,True,9.895845694358512e-06,7.865444328175382e-06,9.909965216421595e-06,1.1674582290885633e-05,True,True,1.2320962866138589e-06,1.2460003293312145e-06,1.2690731632882368e-06,1.3729923294633165e-06,True,True,265.12001943638234,265.1257436451327,265.3902315492775,266.4177016598587,True,True,713.2478046669333,713.2214610941713,719.0181143536868,720.9041308325483,True,True,True,False
0.004,0.01,0.009000000000000001,0.038,1304.3444892048567,1069.877880981441,1297.7843279216463,1368.6534314704174,False,False,0.05612957033267487,0.046244791612631446,0.05576339087386554,0.05669993372662758,True,True,4.393775909691881e-06,4.361469443679088e-06,4.032630267729912e-06,4.432585823301982e-06,True,True,2.8829172927776087e-07,1.9650561446461645e-07,2.443717285535056e-07,2.936191692925576e-07,True,True,245.81191871163387,245.74246811941828,245.85537320580326,245.8237762925354,True,True,639.8591812205433,638.6212412868696,639.6548829731112,639.9825191922259,True,True,False,False
0.03,0.002,0.013000000000000001,0.025,855.7715815857057,702.8242905110881,918.9325944818521,1230.88146216977,True,False,0.045449760157195755,0.044697506761930544,0.04800190614510795,0.05855143372279506,True,True,3.4770401482174468e-06,2.6697162884331814e-06,3.476546219345807e-06,3.7735370119014273e-06,True,True,6.038473291113951e-08,2.087223932940155e-08,5.02659277970513e-08,7.436338133253785e-08,True,True,249.92918901550618,249.6254405902838,249.99070928565445,252.20342354871565,True,True,662.1605947117534,661.2445429953566,662.1807701520042,673.2462614886781,True,True,True,False
0.053,0.006,0.015,0.025,850.4232054405181,850.3265509524191,850.0959953970477,1055.072444820201,True,False,0.04947247885995687,0.04947205490577755,0.051542525448656715,0.06866527397465035,True,True,4.745692067400271e-06,4.716806311163595e-06,5.146453851070835e-06,6.480390690908505e-06,True,True,1.727989438238305e-07,1.720150852187653e-07,1.7760220041997414e-07,1.8896539881589436e-07,True,True,255.87005140744455,255.3816053703063,255.87229480007076,256.4090752774379,True,True,690.3710755787165,690.194114719752,690.3554838190755,696.7466211518285,True,True,True,False
0.001,0.08600000000000001,0.005,0.005,179.33590711951072,167.24672351902203,206.47281900796077,332.30351240830413,True,True,0.0456607686083938,0.02755612518602075,0.04771933998225049,0.06499326468857393,True,True,2.0158259589184308e-05,1.1229630294336548e-05,1.5440013507873495e-05,2.7486993194214382e-05,True,True,2.5502269628554994e-06,9.246762723804348e-07,1.6283190066826618e-06,2.897486447423557e-06,True,True,268.1169802566971,268.24257058410865,274.10085706585704,281.53243764400986,True,True,704.32906666684,703.4752915360808,721.6545361371186,751.4928798375453,True,True,True,True
0.009000000000000001,0.015,0.015,0.016,549.3462848538007,549.2718735166708,549.2208209590598,698.8793309224596,True,True,0.04389896304314961,0.04389713348707514,0.04543242873045476,0.06569234077981174,True,True,6.567007819936904e-06,6.567337072794335e-06,6.565378257995532e-06,1.004296138998127e-05,True,True,4.307523154502593e-07,4.2880820657969e-07,4.23925288725266e-07,5.150875500484328e-07,True,True,248.61208128805862,248.43833863195397,248.61249347973603,249.7034435685693,True,True,648.7386750651442,648.4831505691575,649.1291461341164,660.2061695891169,True,True,True,True
0.0,0.0,0.0,0.002,72.41020582004613,116.28263760671395,537.7133351352254,792.6982740889126,True,True,0.0022118459087539584,0.0040331847414850725,0.015517458961309018,0.02526023159194702,True,True,4.683627995141648e-08,6.304224720633994e-08,1.5515841159747849e-07,4.131166101539509e-07,True,True,4.0659904254795725e-09,3.417540125045022e-09,3.9396874825562305e-09,3.041987874958096e-08,True,True,247.1593749917262,245.56022172484717,246.14464135097305,247.63026042442124,True,True,636.810978675017,634.402901665609,635.8878721322662,637.5503652531884,True,True,True,True
0.032,0.068,0.014,0.005,174.5705873318667,170.94596119846156,182.67918759477396,230.07221833218765,True,True,0.05101630667926825,0.050847497888692625,0.05542571649720723,0.07271545556278045,True,True,1.77417184517159e-05,1.773705043246929e-05,1.7704440593808655e-05,2.3296488783318682e-05,True,True,1.963612132047905e-06,1.935780419576327e-06,1.9647477587078064e-06,2.2151665809865176e-06,True,True,268.68112835334694,268.6830466134087,268.680789370752,272.09496681663154,True,True,719.7194466477921,718.6688219900716,720.4988257155582,729.396105494443,True,True,True,True
0.037,0.064,0.0,0.034,1202.4741245142438,794.156939016805,1364.7940058299712,1484.7004608941043,False,False,0.06034816671315455,0.0420003807872161,0.060563424698432525,0.0698297750267778,True,True,1.4309054427016982e-05,3.568163909504202e-06,1.4321032407084703e-05,1.4637864288308056e-05,True,True,1.8780326992409404e-06,5.565910356884415e-07,1.3293605368917784e-06,1.9074430433475106e-06,True,True,269.7478667410663,261.24605843861934,266.30208760885847,269.8463661931087,True,True,726.8454174304158,703.482241233186,707.9402080078019,726.8784692737478,True,True,False,False
0.006,0.008,0.005,0.021,738.4583370481112,738.7890429401803,830.0725106282651,993.0025684611772,True,True,0.03280149397400448,0.0327663506742653,0.03526938248193496,0.04497118462686984,True,True,3.0540200014559315e-06,3.1023930120896315e-06,3.2438946946270394e-06,4.246102950197136e-06,True,True,2.369373270070372e-07,2.370075576896639e-07,3.174595974071629e-07,2.9106350199304354e-07,True,True,247.99920363640996,247.99959986619305,248.00019965225522,249.47297793432506,True,True,644.8995559190525,644.900317143919,646.2681123589107,657.5414682719129,True,True,True,True
0.067,0.039,0.063,0.027,810.1616468841426,774.8502352612628,810.8415673497586,815.3475716411392,True,True,0.11621013042161925,0.11315010063914135,0.1162950399763389,0.11620444238674614,True,True,1.9164944617757734e-05,1.752029062168152e-05,1.9165905945430436e-05,1.9165018842103608e-05,True,True,9.782916277790817e-07,9.116110378559982e-07,9.783536818202714e-07,9.78300912059492e-07,True,True,256.543396991701,256.51219118860195,256.62652825833635,256.5436599353103,True,True,704.7282683030912,704.7283350207161,704.7283464894598,705.6378528536321,True,True,True,True
0.019,0.023,0.031,0.003,100.44610034209205,24.28735252168467,109.14327743726157,117.86736487742921,True,True,0.05460849848040921,0.05380297964120176,0.06182781511327985,0.07686149737902288,True,True,1.1156779984223085e-05,1.1156857068554306e-05,1.1870994041311757e-05,1.4713903511811577e-05,True,True,6.372093097910791e-07,6.362344537357135e-07,6.983695984520757e-07,7.64695347027911e-07,True,True,250.37299437107743,250.37149036034074,250.55262427458226,252.21350787572695,True,True,658.803990630048,658.8040990397043,658.622435416858,669.2903283607882,True,True,True,True
0.017,0.0,0.007,0.005,177.06592186035255,297.4023308998109,944.7027954036926,1111.509200550431,True,False,0.01594108237267644,0.03203836524184001,0.05487104457557695,0.12181704336769726,True,True,1.6573984228849362e-06,2.2098292336887564e-06,6.84367125791332e-06,9.344423727185918e-06,True,True,3.8704790811812976e-09,5.114694668504721e-09,2.961395655573324e-08,4.8456252177525964e-08,True,True,249.30116522911632,225.63621668856288,233.23043354690637,247.28507874922684,True,True,651.6809058000532,583.8286286908897,614.4522998438115,648.0904184367674,True,True,True,False
0.019,0.013000000000000001,0.001,0.024,851.4462605097443,781.6246696056533,970.6498822390461,1173.950423109645,True,False,0.0321530160780205,0.03161811663291879,0.03762187641946677,0.04591499233438106,True,True,3.320277646625822e-06,3.3211612007889815e-06,4.069498629319787e-06,4.622520610258946e-06,True,True,3.8581834772505336e-07,3.1412072164902436e-07,4.1605706222405627e-07,4.566591191003753e-07,True,True,252.99320554478228,252.48543477029884,253.03797905465888,253.0148417083613,True,True,665.6994350187676,661.706738843551,667.6683598625877,665.727635836902,True,True,True,False
0.001,0.002,0.004,0.041,1423.7267337244703,359.214304127794,799.922720600057,1423.772553247294,False,False,0.0496467618834892,0.01602562115175778,0.030703499544070208,0.04955810460571264,True,True,1.6812467524837802e-06,1.051075353200828e-06,1.2622909766551483e-06,1.8266571233786231e-06,True,True,6.128956324269323e-08,4.5022369587635784e-08,6.13462173958492e-08,8.90492073375377e-08,True,True,243.96307966723447,243.694027013238,245.32053623677058,245.71044227128044,True,True,632.5302264508476,631.5287132953982,635.5208850215884,633.3408323916607,True,True,False,False
0.024,0.066,0.058,0.002,63.64639320408147,3.3929567849130144,111.07572837539728,126.9185782312571,True,True,0.09925880380358038,0.09849807177870044,0.10250946076874391,0.11584731550318668,True,True,2.378024781587013e-05,2.3039874250708676e-05,2.4504631215102534e-05,2.630075392584135e-05,True,True,1.7061445567509914e-06,1.7028950468625149e-06,1.7061880959368877e-06,1.7322845892784583e-06,True,True,256.5241839723247,255.5442909640517,256.5242184724766,258.6261381677868,True,True,683.6636176607601,679.8546861584965,682.7884739150061,684.0399354185054,True,True,True,True
0.04,0.028,0.076,0.023,671.1301491785756,643.9656748023128,670.4517587970324,672.2611134438018,True,True,0.12197560747928622,0.12196243610507038,0.12184437132688838,0.1260854185392218,True,True,1.889850314529837e-05,1.8898394353146476e-05,1.8899302012289028e-05,2.0218352737267548e-05,True,True,6.844251102491834e-07,6.689985587473236e-07,6.903306916216823e-07,6.843877437600848e-07,True,True,244.76865350462256,244.76841547904698,244.72073422769023,244.76314965266,True,True,658.0177025053933,657.8353595099744,655.3663658211775,659.6200769039831,True,True,True,True
0.114,0.03,0.008,0.028,967.8286892510624,968.0466414554776,997.367486711817,1035.4632991095884,True,False,0.051990667134801744,0.05199176570931165,0.05226121634685658,0.051994027823474655,True,True,8.547817869562197e-06,8.225450287944567e-06,8.562833054106522e-06,9.004501018670535e-06,True,True,8.62789034282416e-07,7.665959727599895e-07,8.749615461330415e-07,9.11844557688265e-07,True,True,277.6297191218164,277.5803956247193,278.1354461806722,278.42889425470895,True,True,782.8535119211518,783.1718575359683,785.3216017784388,782.9523477584925,True,True,True,False
0.003,0.009000000000000001,0.021,0.044,1454.643397807173,774.8229031347254,1035.4416023767803,1487.4462393026665,False,False,0.07633507086000309,0.04364707443045906,0.06426219366081777,0.07672762287589655,True,True,6.545110789763629e-06,4.403728680590953e-06,6.579395371354154e-06,6.604916345692584e-06,True,True,2.5057875650775866e-07,1.577887930994602e-07,2.501800560702508e-07,2.6834442471272924e-07,True,True,242.12765523631177,242.12604739496774,242.62220675920696,243.1889372105648,True,True,630.1783515116557,630.218437861488,632.9012845166825,630.7255331273319,True,True,False,False
0.029,0.005,0.002,0.0,0.16264504715400396,5.926812431568105,56.91534662876225,92.62339504838074,True,True,0.0050349348721522354,0.007979123541904894,0.01186424273097747,0.029620954095098843,True,True,1.6408497119658444e-06,1.7015617406434802e-06,2.7826239590127635e-06,5.686653423871478e-06,True,True,1.5306789414758852e-07,1.5792188382028863e-07,1.1557062135283861e-07,2.197413283115866e-07,True,True,254.91224207763756,254.9123480207092,258.1441326265773,267.8337504496107,True,True,672.8920079694473,672.8236259407967,679.6906870639797,719.88827886151,True,True,True,True
0.029,0.06,0.029,0.0,1.2864947002487714,2.060130903327571,111.32904791577423,124.36643011569517,True,True,0.06237630150344132,0.06229601218977352,0.06565679608956368,0.08295567207010558,True,True,1.8482027925352535e-05,1.8072220331874865e-05,1.9505759748988724e-05,2.1801763709568594e-05,True,True,1.6707993994647636e-06,1.6709499647896907e-06,1.6711356261954385e-06,1.8685259217594083e-06,True,True,262.90454855888214,262.1598443720096,262.91683438427066,264.2609448790913,True,True,701.6711600847303,699.5835545718245,704.7514192635725,715.5214098341933,True,True,True,True
0.075,0.036000000000000004,0.053,0.03,920.3607999696878,881.9360258259638,920.2589917812755,920.4888335629731,True,True,0.10778144593873,0.1076485164868353,0.10749169194131405,0.10855166521809044,True,True,1.7182678855089742e-05,1.651009525821068e-05,1.7182788431016152e-05,1.7317675434371638e-05,True,True,9.228278662166119e-07,8.996798371127705e-07,9.226068512054702e-07,9.775618410004353e-07,True,True,259.6787252255432,259.6779638531308,259.6722676834407,259.9621636381542,True,True,716.8679167906324,714.7154299532577,716.9782235597742,717.5180690773025,True,True,True,True
0.012,0.081,0.002,0.047,1639.2534727637224,1023.2406745694358,1574.3298467111333,1638.9538517109204,False,False,0.08243566597424047,0.07315687827431504,0.08213432713338815,0.0825631776803092,True,True,1.8299696974449e-05,1.2027708039067277e-05,1.8734881525441253e-05,1.8305340345943636e-05,True,True,2.343923524288871e-06,1.7633074610898854e-06,2.5835230361586104e-06,2.3379487197998654e-06,True,True,266.8133136737341,266.50514828094333,268.06943781319563,269.2715730947872,True,True,709.4696211964894,708.138760970971,714.1663886219773,711.1881133690769,True,True,False,False
0.033,0.07200000000000001,0.019,0.021,711.6051045608127,645.036177834884,711.5708540685723,771.7248906840025,True,True,0.0745585754550292,0.07452202812762529,0.07450065050989887,0.08504605064489829,True,True,1.929847538503873e-05,1.8971005123770947e-05,1.9298504415732535e-05,2.1689851410073562e-05,True,True,2.0271401118181597e-06,2.026817464338328e-06,2.0268453479051505e-06,2.0393593159946465e-06,True,True,267.5591353599695,267.54850982579427,268.0463346737231,268.5820368752277,True,True,719.2465164384834,719.2474533457953,720.7734116080702,724.4202925060118,True,True,True,True
0.08600000000000001,0.052000000000000005,0.043000000000000003,0.014,446.36265688572956,400.2925732794986,446.35854302661204,447.1229913574645,True,True,0.08868028715199286,0.0734115582670906,0.08896152935336261,0.08867585348534604,True,True,1.891668525743361e-05,1.8012252996542586e-05,1.712249824609777e-05,1.8916402945531515e-05,True,True,1.3799920126532387e-06,1.337516583712947e-06,1.3644115291934827e-06,1.379996301855611e-06,True,True,269.8756398933145,269.57236665745575,269.50398398938273,269.87575368047015,True,True,750.0971772685104,750.0406354466202,750.133002200807,750.8858549037825,True,True,True,True
0.012,0.003,0.008,0.001,35.736403925154306,10.233751956829375,64.90790442330402,94.49063239786418,True,True,0.014313629383544715,0.01345601178265783,0.019934265765333126,0.0468103678176603,True,True,2.49519923554205e-06,2.3152793268916884e-06,3.2712563910030656e-06,7.457420636181329e-06,True,True,9.188881269900505e-08,8.592365972470421e-08,1.1544846368251927e-07,1.9850651335696523e-07,True,True,248.9909848941456,248.91805223970627,251.9403497571246,257.59751888888593,True,True,648.3272651756305,648.2196552336966,658.5437872345094,693.3176626967567,True,True,True,True
0.017,0.023,0.003,0.047,1629.8429878068018,1185.667394121218,1593.4214239794587,1630.8759485073474,False,False,0.06210730132668177,0.04959956555258763,0.05333197028815731,0.06205015673037436,True,True,6.026390757863803e-06,5.4246287988703545e-06,6.0284213407165e-06,6.0666051472129684e-06,True,True,6.645194508545742e-07,5.109247958305556e-07,6.968248829658633e-07,6.706418561555819e-07,True,True,252.85125847781114,251.8822079871837,253.0109743334199,252.9809598286726,True,True,667.5872870135045,664.399590937325,667.91582682706,667.6132963474738,True,True,False,False
0.037,0.033,0.0,0.039,1371.9295972799089,749.1285864876604,1369.7042727197625,1453.5854311781884,False,False,0.05377232437380865,0.0312174333014113,0.05011976459946739,0.05519895561212245,True,True,7.550995434486465e-06,1.184719258826237e-06,5.699190197497164e-06,7.544051601465825e-06,True,True,9.650981798736503e-07,1.8484645256141734e-07,6.151394471463982e-07,9.703328215593742e-07,True,True,261.3944605529749,255.7135787697882,260.09548442241044,261.36357592339874,True,True,701.1344236836884,688.3052037479214,694.1720464005383,701.2273745513885,True,True,False,False
0.003,0.045,0.024,0.002,68.73813524691614,18.014628184815727,71.95387397987184,118.81421604110163,True,True,0.052693819766262195,0.04292361117366623,0.05224553755826915,0.07936184547499583,True,True,1.4517936957531947e-05,9.642824072748976e-06,1.3530309854495153e-05,2.2968340228979607e-05,True,True,1.2693738020358987e-06,6.636528790708071e-07,1.2562287522038205e-06,1.7661628516308567e-06,True,True,253.96377445576155,253.50646298318114,255.12864426601448,259.7388633467528,True,True,662.6520126897965,660.6166603355541,670.7118508405745,684.4838811105893,True,True,True,True
0.041,0.07,0.0,0.042,1476.420125801217,801.3604147513067,1476.19589289008,1497.9917875749304,False,False,0.07070707045177133,0.04470989809766107,0.066895204066155,0.073621490388397,True,True,1.5592475411487855e-05,3.7835752492287256e-06,1.5681191654463534e-05,1.5926028457975163e-05,True,True,2.041429559112739e-06,5.993626236894198e-07,1.4011550339361868e-06,2.048841250261995e-06,True,True,271.5997804986664,263.5595174136988,267.6430533395466,271.5941647301224,True,True,735.2869353039074,716.1401843669358,716.1955717384549,736.3051283722812,True,True,False,False
0.0,0.042,0.039,0.042,1327.86265682808,391.6189148279191,593.8252536070446,1294.2975551469165,False,False,0.10595073648684257,0.017205965620441264,0.034718383196715503,0.11120529958677985,True,True,1.6175350426895282e-05,7.333370512492286e-07,8.052293912388066e-06,1.5608635495788588e-05,True,True,1.1081765433237474e-06,3.322327811763784e-08,4.6515752064200404e-07,1.048048079996909e-06,True,True,245.96689489044775,238.79866274109324,246.09844915416872,249.2279084264176,True,True,643.2263161477025,619.1341516596002,635.5735025048976,646.4818692373656,True,True,False,False
0.019,0.07,0.063,0.042,1250.7666847873422,1154.636787717809,1160.0410902074148,1252.5490704762644,False,False,0.13846760467192806,0.12569864604895595,0.13481669719439415,0.13844799777268763,True,True,2.479627199622296e-05,2.3857828139210933e-05,2.3687757382709695e-05,2.479631408660552e-05,True,True,1.741720553310251e-06,1.7400582834316423e-06,1.6609072649362926e-06,1.7493436926885088e-06,True,True,252.13668108492894,252.24723222521007,252.13699260775832,252.17862363060473,True,True,673.4786762357777,673.4413756135201,673.4871813778265,674.1218053651514,True,True,False,False
0.007,0.063,0.1,0.023,636.5531571731916,599.8097100370394,636.5245254893064,651.5360849486142,True,True,0.1536515734734074,0.14557170567217642,0.15325150242647717,0.1536462033540434,True,True,2.7946665133195998e-05,2.6166106379358688e-05,2.725707117339585e-05,2.7955784272422154e-05,True,True,1.459657914552293e-06,1.411122187558455e-06,1.4090062520412708e-06,1.477554930545262e-06,True,True,240.59784713339573,240.5999488887896,240.58963784884872,241.88509422588285,True,True,634.840592156353,634.832369160875,634.8377905952996,638.171273262308,True,True,True,True
0.004,0.068,0.08600000000000001,0.028,797.4453661180871,797.0178265648386,817.2427961070105,807.5010210848652,True,True,0.14725121137341754,0.13793451624457212,0.14676514714872793,0.14823074304134953,True,True,2.7249534470989025e-05,2.5790434807799783e-05,2.7315241350405714e-05,2.7550030490810633e-05,True,True,1.6202948596734823e-06,1.620523944041961e-06,1.6220194033012785e-06,1.6229350093690315e-06,True,True,243.98123683545913,243.96940664758932,244.0178393966459,246.03669281383716,True,True,643.0604560978755,643.0613740901341,643.0613419134891,644.0726572817798,True,True,True,True
0.009000000000000001,0.135,0.008,0.015,529.1018709185983,510.44180833780194,530.1116874541422,570.0892608059806,True,True,0.07838908925979432,0.07616013511445344,0.07839443959798485,0.08437312524671807,True,True,3.127038804306194e-05,3.0708312765718386e-05,3.127780257354089e-05,3.338759139330523e-05,True,True,3.944841274996918e-06,3.955591004948621e-06,4.072623836087757e-06,4.038965039926348e-06,True,True,281.11328014956484,281.01158490921546,281.9483781816262,283.82366315997956,True,True,750.1500853516537,750.1469861130644,757.1390900559832,757.4114762187596,True,True,True,True
0.008,0.07100000000000001,0.101,0.012,334.8144193168921,323.6846135293509,337.2542772358302,335.5770443293895,True,True,0.14884028723383838,0.14788440601428485,0.1497570660024285,0.1496283462559429,True,True,2.9561532189093704e-05,2.955891169757226e-05,3.0156372905624356e-05,2.978824912229937e-05,True,True,1.6524779175507627e-06,1.6491779662575856e-06,1.6527565439294724e-06,1.6572021116731023e-06,True,True,243.51602657612162,243.50092234865153,243.5192318316178,243.7161729512123,True,True,643.199021071351,642.8062868787284,643.197405650734,643.3583919485997,True,True,True,True
0.021,0.136,0.006,0.026000000000000002,913.4155945339678,913.4162015456076,913.3710683042453,996.7286813871712,True,True,0.08717994369769937,0.08524355743104693,0.08712717088051304,0.08716182717770188,True,True,3.104529246402353e-05,2.980471947760856e-05,3.1050487493516125e-05,3.10840595096512e-05,True,True,3.960765959912264e-06,3.5468576173040956e-06,3.935599064786329e-06,4.016666552005503e-06,True,True,283.76735476904753,279.194490604978,283.777081706703,283.79826621237845,True,True,764.4369068512954,746.2668716825481,764.4365398027333,764.5475149494122,True,True,True,True
0.155,0.02,0.007,0.015,524.2018440691872,455.84797141888333,516.0444421313767,524.1878438580738,True,True,0.033695521233822245,0.03154279186841862,0.033074481155531237,0.03612422401208348,True,True,6.210777775059956e-06,5.925558423821487e-06,6.2107387158904786e-06,6.255318939653816e-06,True,True,5.822005841056282e-07,5.024205048017982e-07,5.818590119562745e-07,5.81799288105218e-07,True,True,285.86741184789196,279.5810112996296,285.1830337508705,285.8634159503489,True,True,823.4881892516263,798.8524365455495,819.3985185186658,823.4867332027204,True,True,True,True
0.004,0.066,0.073,0.035,1022.6948593239177,1012.7344440075645,1022.6865396671246,1025.2717691351525,False,False,0.14071964517974977,0.1342670165203878,0.13950398734617842,0.14114926342610165,True,True,2.5343861381125293e-05,2.4963210849558324e-05,2.5342340734672437e-05,2.5347246812642538e-05,True,True,1.612590239964324e-06,1.1569573939769418e-06,1.571134904176066e-06,1.6137065686358469e-06,True,True,245.87663553085534,244.7864522063242,245.79640227890516,245.88229042493936,True,True,648.1903275272844,645.1083531479115,646.8181750363408,648.1935786032936,True,True,False,False
0.011,0.091,0.063,0.032,960.732845749726,893.9868357235389,851.4581288705492,966.5098814331055,True,True,0.13725597743634585,0.12727599332548203,0.13709383280479753,0.13725574669907548,True,True,2.881665932705747e-05,2.745785222928114e-05,2.8964427090230775e-05,2.8818368139479138e-05,True,True,2.280663497383681e-06,2.2611937079866085e-06,2.3727411020278267e-06,2.280765210695687e-06,True,True,256.44232936223557,256.4950217668278,257.4325324475598,257.6309708298283,True,True,682.602821292095,682.8452426637534,684.1589228371218,684.1811971991391,True,True,True,True
0.007,0.004,0.157,0.013000000000000001,321.08908366697915,320.9990183053189,293.0680637672212,385.8760649223113,True,True,0.1728816478399307,0.12328723572275611,0.142450328026646,0.17304412865691685,True,True,2.4330027918926833e-05,1.6455744015325566e-05,2.099341123879776e-05,2.42847005512848e-05,True,True,8.490473653524207e-08,8.28705345993216e-08,8.937379966970414e-08,1.0409365035429249e-07,True,True,213.24664939114808,212.37033894751548,216.6799059789377,222.89225033199006,True,True,554.9316617821219,550.0928203039657,563.8573951153594,580.562503335671,True,True,True,True
0.004,0.135,0.025,0.033,1094.2879347994617,1017.5132388988845,1072.0476737050428,1094.317716617499,False,False,0.11536735328704792,0.09426958634569832,0.11209303149360103,0.11477227031570172,True,True,3.307704655907284e-05,2.7036850660139998e-05,2.8799515956042217e-05,3.2383223202524536e-05,True,True,3.7203518607480036e-06,2.512494404737355e-06,3.282877230950126e-06,3.6727916716714936e-06,True,True,274.6781943115969,267.4894126855358,272.2320190180475,273.39025940712213,True,True,732.3678603662877,713.8112390591913,721.4273209046186,724.0920954694417,True,True,False,False
0.145,0.009000000000000001,0.036000000000000004,0.008,260.2106140244964,212.52630450712826,260.1059075911857,260.2015574818253,True,True,0.06026305567272868,0.05155538698976981,0.054573757250360386,0.060233502161770126,True,True,9.292015381706824e-06,8.709770675560101e-06,8.366313985741477e-06,9.292284921734167e-06,True,True,2.4557497290635657e-07,2.1128540900716307e-07,2.399945555706831e-07,2.783777710813983e-07,True,True,274.65747956861503,271.2624401160662,274.6735539360106,275.3147590691812,True,True,787.1245900080197,771.776264975298,786.2238341458504,795.0155213485317,True,True,True,True
0.009000000000000001,0.078,0.07,0.037,1087.7870551218937,1071.2164451309316,1088.734071910619,1090.125538534704,False,False,0.14338131399138768,0.13240694583587173,0.14286135026903685,0.14337583540782142,True,True,2.7159129133478896e-05,2.7156636911111703e-05,2.715915069003468e-05,2.7159366776957213e-05,True,True,1.9165389569295247e-06,1.7499617322531534e-06,1.916228249642569e-06,1.917261412879194e-06,True,True,250.6543875798433,250.66046134610633,250.42049036964173,251.4403855893404,True,True,665.1063633001688,663.7228198408864,665.1040412291109,665.1098782123205,True,True,False,False
0.016,0.136,0.015,0.027,924.202233452993,854.7737042086812,933.8759692256738,927.6033505814747,True,True,0.09892869369302713,0.08843524286317801,0.09814134576786672,0.09895498051380841,True,True,3.219238810323382e-05,2.617501185910977e-05,3.158070001289709e-05,3.219982852815774e-05,True,True,3.863199921207536e-06,3.454308237286738e-06,3.8069530323280758e-06,3.871347423194662e-06,True,True,280.47717164180796,274.99671131592237,280.4772803077675,280.8239134390481,True,True,753.378530458868,733.715479619391,753.5391864415543,753.47707825369,True,True,True,True
0.088,0.016,0.083,0.007,203.87332042750563,188.66737620441336,203.83947522841498,218.28079398712103,True,True,0.1120266145554344,0.1027553664843876,0.11201200435954857,0.1120410330849577,True,True,1.77633761828944e-05,1.66103738449072e-05,1.7760760272881095e-05,1.7890313083269992e-05,True,True,3.890888931123961e-07,3.59687639032131e-07,3.890810917464605e-07,3.9854544529600744e-07,True,True,252.5403318719465,252.50541146916564,252.5446032560464,253.32278780596963,True,True,700.6866253339662,698.5672998080375,700.6839401027728,704.6270858733163,True,True,True,True
0.027,0.136,0.004,0.022,779.6857102428831,779.7018842076844,798.7218584076185,876.0532819042414,True,True,0.08066745466550085,0.08048856055187441,0.08023355279921422,0.08375884797449333,True,True,3.0840927834871904e-05,3.008468802931012e-05,3.0405679543171968e-05,3.0983788640623304e-05,True,True,3.9938352833678715e-06,3.642473030176968e-06,3.720249688704253e-06,4.027477781954985e-06,True,True,285.9350384970498,279.8578471008393,285.64187938956485,286.0654969871257,True,True,772.9062172355764,758.0011720609335,770.0756726018756,774.329304657641,True,True,True,True
0.101,0.017,0.07,0.007,210.06668665691828,195.1849418741545,207.740849474656,221.89425187938812,True,True,0.09958186687668005,0.09225298966969223,0.0905126340508009,0.09959665309274741,True,True,1.6155173609660173e-05,1.6159421024800847e-05,1.4874366231948609e-05,1.6154940837963484e-05,True,True,4.2565076589284115e-07,3.62825537180408e-07,4.2562358975341264e-07,4.2602064262510004e-07,True,True,258.7870235574551,258.7871452984752,258.7887491965795,258.8169808269633,True,True,723.8641702257815,723.8304774956691,724.2812312315889,723.8791573855757,True,True,True,True
0.006,0.062,0.095,0.032,889.9626521820386,822.5084551442358,887.2836223414969,890.1991814099623,True,True,0.1558473450963555,0.14542814783645172,0.15584611928853898,0.15588884640092665,True,True,2.7150810257672452e-05,2.570604198286993e-05,2.7148510754015824e-05,2.715484107599781e-05,True,True,1.4444050011170692e-06,1.3912089409577134e-06,1.4443865506524858e-06,1.4456199351519047e-06,True,True,240.54592579127916,240.49303896240724,240.5417502059367,241.4136905091833,True,True,634.7293361340572,634.5521881062624,634.0947388395034,636.3876063702207,True,True,True,True
0.011,0.091,0.049,0.047,1445.8028263294875,1213.7371555340399,1274.913805953032,1445.8044576301722,False,False,0.13647553765556736,0.11329364022267668,0.12473305770681595,0.13684831933129082,True,True,2.700316397746647e-05,2.4014063531328233e-05,2.6691423629728152e-05,2.7258836689597877e-05,True,True,2.3348755143715626e-06,2.208405273671779e-06,2.284504624411272e-06,2.3350034840907884e-06,True,True,258.46152757713145,258.5014282020444,258.56724199936406,259.33886537248463,True,True,688.9766403487404,686.2265000904657,689.0151264258893,688.9812316518464,True,True,False,False
0.157,0.005,0.006,0.023,800.2284409465747,797.5464981908148,826.2890736828867,903.1274937828622,True,True,0.034938428658934206,0.0330012517027714,0.03472580361160137,0.04089116009553712,True,True,2.824413360776853e-06,2.7996648881436358e-06,2.9953357597913564e-06,4.2785899862200624e-06,True,True,1.47352271540117e-07,1.4738984053773296e-07,1.5377834928475565e-07,1.553102537364587e-07,True,True,282.0865013823685,276.2326526865811,280.25263054139816,282.32938949299256,True,True,813.2335263271182,789.9614225122076,805.1625658525013,813.0983912265858,True,True,True,True
0.021,0.14200000000000002,0.014,0.009000000000000001,314.08061828059203,282.6116269200493,314.2345959737561,313.02683489920634,True,True,0.08250079217298156,0.06931543722453697,0.07898647879117623,0.08255760388373232,True,True,3.3650616379903475e-05,2.852838588702605e-05,3.272760858928488e-05,3.362085796910327e-05,True,True,4.099409028346613e-06,3.2973594656849026e-06,3.962751220067279e-06,4.082385864679795e-06,True,True,284.81370744073854,277.9811902820992,282.1064152685235,284.8202509837009,True,True,766.673869955366,746.8951484421848,758.4472511265946,766.6721135282731,True,True,True,True
0.009000000000000001,0.009000000000000001,0.162,0.015,366.11426034719983,346.22982374585524,361.7981067831757,365.0681655465349,True,True,0.17881681252075157,0.15235688086129864,0.16495490596628856,0.17557308963294319,True,True,2.558022683068909e-05,2.2017017992781655e-05,2.5157695461144812e-05,2.558858751987674e-05,True,True,1.8610950291469858e-07,1.2762261323520409e-07,1.8273187551673713e-07,1.86082825949785e-07,True,True,213.70442529583184,212.9728815245575,216.259395882021,221.46942819179876,True,True,558.093164902014,556.9649164812929,564.4879007203537,579.4304639940215,True,True,True,True
0.017,0.14200000000000002,0.011,0.01,351.5412704334077,282.18146267707357,333.45747363195926,341.26802792141257,True,True,0.07978010862673879,0.06907547800555257,0.07801856645466033,0.0797157559903147,True,True,3.326902922869858e-05,2.6927757494978843e-05,3.324430023400153e-05,3.3259724046585364e-05,True,True,4.1307068755358345e-06,3.793559786521766e-06,4.1312832641649665e-06,4.227257529419687e-06,True,True,284.4829216559847,278.4911567765882,284.6322536759753,284.48274503476193,True,True,763.7583646913442,745.1303695803632,765.4197865375019,763.910570552889,True,True,True,True
0.088,0.01,0.079,0.008,234.653853969587,213.28143735069267,220.93269596123434,234.73954344807896,True,True,0.107121152934242,0.10577630530873273,0.10708597799716899,0.10896193263759577,True,True,1.6127876089234284e-05,1.5730945922879278e-05,1.623726824643935e-05,1.613023830053939e-05,True,True,2.462386654579536e-07,2.3708167265813746e-07,2.515431962259923e-07,2.6252326677660717e-07,True,True,251.83234450802058,251.816034214553,251.82781163157262,251.87912876524695,True,True,698.0430315311878,697.7307900080727,698.0212538192707,698.0427284717442,True,True,True,True
0.022,0.137,0.01,0.012,421.92870738928707,403.0179749182738,401.7101365967639,437.5682441441345,True,True,0.07862426697369286,0.07320510960919228,0.07842793089400686,0.07864205250537395,True,True,3.201219065469269e-05,2.7494679611640626e-05,3.089950676834027e-05,3.201384682059641e-05,True,True,3.988536538344892e-06,3.34133793137124e-06,3.989215253675532e-06,3.988107925002127e-06,True,True,284.4362438343438,279.74851307400036,284.1567705754499,284.4711958065471,True,True,765.733897891872,747.8771596347574,765.5791977123862,765.6859774878244,True,True,True,True
0.007,0.083,0.065,0.038,1130.3137412215845,1024.7966066780339,1130.4143953137948,1132.1250674481012,False,False,0.14131229222501682,0.13598963977108167,0.14140398949034363,0.14340947750906932,True,True,2.749284806384095e-05,2.7455052623153936e-05,2.7536065757811548e-05,2.7800285024598485e-05,True,True,2.062270753752606e-06,1.939081052992832e-06,2.070647535190962e-06,2.0665726322002188e-06,True,True,252.5334552202642,251.88370242628184,253.13021886679854,253.12645803953117,True,True,669.6859292230552,668.7541408154386,669.6850741598142,672.1001560326821,True,True,False,False
0.009000000000000001,0.08600000000000001,0.062,0.038,1138.6892132087412,1098.4500932623005,1129.0406700787119,1156.100105424408,False,False,0.13955258280495256,0.13069919686773118,0.13913457499279303,0.13956397043862,True,True,2.7695392339821525e-05,2.7575470317347235e-05,2.7515157025556176e-05,2.7727325085273564e-05,True,True,2.151889791337701e-06,1.933696847274362e-06,2.1555107987215365e-06,2.1512898539897868e-06,True,True,254.4514258144505,253.75720024443356,254.45150572651727,256.12967258173103,True,True,676.1403124808201,673.8081577422543,675.0356153786715,679.2548312681353,True,True,False,False
0.092,0.083,0.004,0.011,391.4272345020912,378.84451170856863,391.44543968489694,422.2317590582915,True,True,0.04919798939686415,0.048283916966041264,0.04918186021466687,0.05034677844156099,True,True,1.933349955910368e-05,1.9338703833984696e-05,1.9325288113421513e-05,1.933338508381691e-05,True,True,2.446811861614842e-06,2.3487233506864256e-06,2.4473548242753828e-06,2.4446609775873727e-06,True,True,288.3426892096869,284.3893036500966,287.53668222010185,288.3431454990994,True,True,805.162293854978,796.7456872167921,805.158747089186,807.0709501866364,True,True,True,True
0.153,0.015,0.022,0.007,236.53387935528437,229.94218760524313,221.62103138676753,235.86475197625936,True,True,0.043934182737466874,0.03858844427084493,0.04315793602426942,0.04610412563510111,True,True,8.017129803144588e-06,7.43708394848802e-06,8.017884455875451e-06,8.312948774912436e-06,True,True,4.226336735015255e-07,3.625996106362447e-07,4.2071212691104915e-07,4.227283959274792e-07,True,True,281.3252762948557,276.3756331331419,281.30782878667355,281.5353216004625,True,True,809.3681621487992,785.6205808136312,807.040232879118,809.5904459311873,True,True,True,True
0.009000000000000001,0.081,0.096,0.011,310.91496107409824,297.7783597268001,337.87536435552664,327.81019534473324,True,True,0.1469291074733501,0.14646772802925997,0.14692582623521752,0.14714076094759238,True,True,3.080681109089475e-05,2.9181103256993712e-05,3.080606251206309e-05,3.0808950097395744e-05,True,True,1.9074917729186853e-06,1.579027632569028e-06,1.8290859785671726e-06,1.9081129350735737e-06,True,True,247.53432790018158,247.2282269371517,247.3672617635634,247.54967330741036,True,True,655.4798631234189,653.5783251957193,655.4682621077593,655.6895360635391,True,True,True,True
0.005,0.091,0.064,0.033,987.8346858509962,979.7125653698306,985.1792301094749,988.309170167814,True,True,0.13900117176265783,0.12983429024511903,0.13861127093418976,0.1389879562102548,True,True,2.8916244718008653e-05,2.709687934984134e-05,2.7585865759365448e-05,2.892131398606563e-05,True,True,2.2743145721285634e-06,2.1190687793514917e-06,2.202149313197261e-06,2.274291759188128e-06,True,True,254.73962952554126,254.69433132496115,254.64176391995088,255.08750590635734,True,True,675.0808198808311,674.8956155673608,674.3169826553576,675.1045250666305,True,True,True,True
0.089,0.012,0.085,0.01,288.4553342066113,288.44564081754584,294.41943963855715,307.49938353756295,True,True,0.11502060688618194,0.11256108993969365,0.1152610096747837,0.11559817700299573,True,True,1.730044077599114e-05,1.592891868066345e-05,1.75242858743572e-05,1.7384998377208035e-05,True,True,2.905517718154495e-07,2.7958224533870133e-07,2.933687560998841e-07,2.908832979508517e-07,True,True,251.06006346809156,251.05501559344222,250.98306270336312,251.51414719725,True,True,697.054787435821,697.0556341494639,700.4776758035225,700.6167097157297,True,True,True,True
0.006,0.085,0.093,0.012,341.17063828279845,341.1145100784951,331.2189615081735,347.76956049093803,True,True,0.14636637095539287,0.14615494427006437,0.14743183545346142,0.1466130288622218,True,True,3.1194880320679566e-05,2.8776810447702862e-05,3.1195634869846705e-05,3.1382095584162776e-05,True,True,2.014205748880532e-06,2.00215380985546e-06,2.0147939221590897e-06,2.0139732215529e-06,True,True,248.46817624862405,248.46146420733072,248.4684106225595,249.43227206414596,True,True,656.943804624834,656.9344922367752,658.6100584582466,659.2207741112799,True,True,True,True
0.013000000000000001,0.14,0.004,0.005,180.5060867492801,178.7860125168037,180.6088590032176,225.16778724196945,True,True,0.06492027834256761,0.05552996181771464,0.06464964659930375,0.07504480165534282,True,True,3.199888828954529e-05,2.967155117631573e-05,3.327099929447079e-05,3.533903311891587e-05,True,True,4.16877616604172e-06,3.892121902442245e-06,4.225973152458912e-06,4.715520132955568e-06,True,True,285.0180996276221,279.53031584408404,286.5873716479255,289.2176003320746,True,True,762.2864627980695,752.900163741314,764.5126275043777,775.1692314717124,True,True,True,True
0.007,0.081,0.068,0.04,1179.4674454877895,1106.6056394398843,1177.8578573329883,1179.4924849508802,False,False,0.1449233031329171,0.1347435261321083,0.14295945324298387,0.1449222850008516,True,True,2.7447259803496143e-05,2.7045592963933962e-05,2.709657854294288e-05,2.7453903067370456e-05,True,True,1.9958995363807267e-06,1.7485166683341377e-06,1.974936068933304e-06,1.9959170954977908e-06,True,True,251.1818474357162,251.17901258911397,252.16045845386674,251.1820086561378,True,True,666.0718339733878,666.0661602184609,667.0119785268057,666.2843069236746,True,True,False,False
0.159,0.02,0.006,0.012,421.54169318961704,358.29245479040713,410.2735875654527,422.21672748772835,True,True,0.02920366878932359,0.02860046087701702,0.029189384366493466,0.03094194609043809,True,True,6.008219139695991e-06,5.559586775378149e-06,5.9922950624836265e-06,6.24948424989181e-06,True,True,5.850277841772981e-07,5.249289208423973e-07,5.846625756861404e-07,5.99871018558341e-07,True,True,287.26038758152646,280.2963442954801,285.6501162192245,287.17376260837256,True,True,828.978028261622,799.9588124807374,818.1009220766379,828.9327640194028,True,True,True,True
0.101,0.076,0.008,0.004,141.94773670070813,141.69840064049737,140.24936314877579,144.83194438717814,True,True,0.04479208215504528,0.04479181391541664,0.04482620676368741,0.04749347698191096,True,True,1.8522594589614432e-05,1.8256321321362773e-05,1.8521370789692584e-05,1.9257357825811996e-05,True,True,2.2264352935072016e-06,2.032978745757545e-06,2.2265274238989042e-06,2.261491245729294e-06,True,True,288.2773696249477,283.8873748437742,288.28835529681913,289.48340454056313,True,True,808.2242942314118,796.6664954601412,804.8452811508923,811.3292506785672,True,True,True,True
0.088,0.006,0.085,0.004,116.94932897208092,116.96351089620373,133.8994324990672,148.9356794368705,True,True,0.10848140131591429,0.10848126954945657,0.10845333849414648,0.11780461431343382,True,True,1.6249021043815497e-05,1.5220226845799882e-05,1.6249458396314057e-05,1.698302283514798e-05,True,True,1.471624177530052e-07,1.4713976410599984e-07,1.4718229230824056e-07,1.5967618587083043e-07,True,True,249.75194513105853,249.08256069988553,249.4790617163271,250.14362846049528,True,True,691.7809861226795,684.1537852864438,690.1595338060832,691.7889237799217,True,True,True,True
0.01,0.065,0.079,0.041,1176.039955433455,1067.287710666309,1149.6369661465976,1176.234903440504,False,False,0.15017873522242026,0.13756369960998838,0.1451031741460611,0.15018034326786087,True,True,2.5800767689541538e-05,2.5040223550533107e-05,2.498384163590624e-05,2.5831805228464497e-05,True,True,1.560291765552318e-06,1.2680618083886525e-06,1.4960717951778975e-06,1.5605633862655138e-06,True,True,245.18894819306956,244.3937507354634,245.17930053858544,246.21582869936412,True,True,649.9709044203688,649.9082476959383,648.7316008386829,649.991670354647,True,True,False,False
0.159,0.007,0.007,0.007,246.1594431437074,236.83141328100209,249.5090302198773,278.7994391022592,True,True,0.020574930500134057,0.02057747165483312,0.0209784775817301,0.028339804407114675,True,True,3.3775742008045713e-06,3.0541729960849597e-06,3.2282841894654567e-06,4.715248099323859e-06,True,True,2.0699414853855677e-07,1.9677257781631957e-07,2.0322022229489643e-07,2.1517604686159061e-07,True,True,284.0842689202507,278.52818571776186,284.1836587887273,285.423286124216,True,True,818.470259074778,794.3500175984717,815.9995838998204,825.7280087822644,True,True,True,True
0.158,0.008,0.017,0.009000000000000001,307.3384560905775,303.697739822353,298.5038267259865,309.883677402943,True,True,0.03679838766139179,0.03561497878806839,0.034870425924915016,0.04015778185443666,True,True,5.613867921046747e-06,5.604703685076339e-06,5.159813865392835e-06,5.605152541549145e-06,True,True,2.2942880306704926e-07,2.281288521691367e-07,2.274346491038007e-07,2.2973215813671061e-07,True,True,281.6778440022999,276.74499273210927,281.6538709219025,281.6652153412922,True,True,812.0622418286626,786.2339682489379,804.5689581573415,813.3009388698384,True,True,True,True
0.007,0.079,0.10300000000000001,0.006,168.57197577131288,169.51199251351144,168.69662919739434,173.60945694776223,True,True,0.1485021159893662,0.1420824595231098,0.14849944680781715,0.15074821859869286,True,True,3.12247792573778e-05,2.9884173064168164e-05,3.124677042704763e-05,3.138103201260519e-05,True,True,1.8376024768126731e-06,1.8373901289024513e-06,1.8380769951073427e-06,1.8384632355018588e-06,True,True,245.35024641055446,245.3496862634332,245.35068399629023,245.3944333514585,True,True,648.0979961449375,644.7286409151616,647.6645257849159,648.1077491066447,True,True,True,True
0.10400000000000001,0.075,0.005,0.011,389.95092691729235,324.2925694948433,371.2802062808,387.73030263809403,True,True,0.047516239463270896,0.04232304664980211,0.04758360090667738,0.04744481955862918,True,True,1.7753294680800467e-05,1.6698381162345225e-05,1.7758333775956843e-05,1.7869429628674204e-05,True,True,2.203245507436428e-06,2.191143765191087e-06,2.218091915045357e-06,2.2804854417587806e-06,True,True,288.85762196489134,285.25747616457403,288.9336618668718,289.45647429852625,True,True,811.731902770897,801.8932798413256,811.7505985874104,812.8091922674184,True,True,True,True
0.005,0.013000000000000001,0.167,0.004,99.32022372321276,85.01561059185883,101.150201845144,129.61010997004033,True,True,0.17643677100161312,0.1390802084649861,0.16006522782079832,0.17892469521441456,True,True,2.6761101377653837e-05,1.9750853734424656e-05,2.385963578816561e-05,2.7082855249443842e-05,True,True,2.6690236944835747e-07,1.66173498465057e-07,2.701559541872947e-07,2.841589297710802e-07,True,True,213.5178172469743,212.5199387194354,214.75758375554943,224.54694456421058,True,True,555.1917025859666,553.6572065956825,559.2955402117133,583.5033625867233,True,True,True,True
0.005,0.147,0.006,0.007,250.6876831643764,250.11084564344313,250.30016469447335,312.80901506815053,True,True,0.07231068605846362,0.06374395022835404,0.06773215610628665,0.0753132182259923,True,True,3.378157662597485e-05,2.94439865869208e-05,3.3781298484533436e-05,3.5595529678379764e-05,True,True,4.3487281667148165e-06,3.3306719876496813e-06,4.3427281450663225e-06,4.473829845916942e-06,True,True,284.3365056891172,275.79018030473827,283.32199895357064,284.78010383208414,True,True,757.4545452524447,736.959836993615,756.4069624236168,763.2850446991014,True,True,True,True
0.01,0.14100000000000001,0.008,0.022,771.5548260388648,771.5560457018199,777.0335808313201,836.0158944475103,True,True,0.08760098527213639,0.08658995741265552,0.0876084695650669,0.09048200483500424,True,True,3.2463878138088264e-05,3.234876519693072e-05,3.253979895419028e-05,3.262393627538893e-05,True,True,4.099030005290978e-06,3.958011933712645e-06,4.072775899604353e-06,4.098875205120346e-06,True,True,282.34108055914254,281.51757118882887,282.3339550927197,282.3337556654608,True,True,755.3015148179214,750.9839716846296,755.7130967537296,756.5860499112658,True,True,True,True
0.011,0.145,0.004,0.033,1160.4789317571094,1051.566161900362,1161.247016705655,1344.3014351014078,False,False,0.09507997550337127,0.07930922266338733,0.0955966925224862,0.09679127093285109,True,True,3.263763543635362e-05,2.820453577819306e-05,2.9284086949920682e-05,3.263824672940466e-05,True,True,4.226825770904782e-06,3.4435683338921863e-06,4.16815683433727e-06,4.232904966683997e-06,True,True,283.6573559321899,276.21831251324187,281.4627447894253,283.8385776089041,True,True,760.6886273109743,742.4679145962765,752.8034807309538,761.0804305130407,True,True,False,False
0.005,0.01,0.166,0.016,387.15490627627804,370.9220310584949,360.62321856010135,436.45283173817677,True,True,0.18235708351472552,0.13884671861904158,0.15345441441625668,0.18228151760627856,True,True,2.6109853873221007e-05,1.7520995032738647e-05,2.2798887925229142e-05,2.5981156215289172e-05,True,True,2.0487738296434537e-07,1.4230680748597032e-07,2.0139835390919074e-07,2.1635685660339357e-07,True,True,212.0394837565297,212.04148890570772,214.81000081875908,222.23826795488407,True,True,551.8979463836498,551.8942014018489,559.7765065587192,576.7577926077073,True,True,True,True
0.013000000000000001,0.004,0.165,0.007,171.97750254670726,170.44213045543108,171.99001119579864,190.75449337751348,True,True,0.17455538909150511,0.13627598229696944,0.1509050511230644,0.17163672239483607,True,True,2.5174965869713575e-05,1.7579032796424202e-05,2.2996975388762e-05,2.5179569771825905e-05,True,True,8.383553127142116e-08,8.253888247986737e-08,8.785642748974123e-08,1.062902406737605e-07,True,True,213.2946702143882,213.23975722625943,218.07052266838153,226.33717121347726,True,True,557.8003442438663,557.800698952779,567.7612743189501,594.9344816091702,True,True,True,True
0.091,0.088,0.009000000000000001,0.009000000000000001,316.54574345059143,265.8230082942406,296.7995825935666,313.6199922939988,True,True,0.055765411195379505,0.05182697365233062,0.0536417586889356,0.05576715434053703,True,True,2.1259267743333185e-05,2.0168144158827054e-05,1.9663290846431985e-05,2.1259905817691065e-05,True,True,2.563028195019376e-06,2.4037560760736276e-06,2.4598200926945308e-06,2.587816525468732e-06,True,True,288.41209974615293,283.4812047039048,287.49610428923233,288.416548473245,True,True,805.3959054111509,789.8864069976089,796.1829390473645,805.4041002451195,True,True,True,True
0.007,0.154,0.015,0.013000000000000001,450.983070053699,444.9996132360242,450.08860925420515,452.3202915370869,True,True,0.09212730971171505,0.08561409552407971,0.0929558138840644,0.09305891804735016,True,True,3.628556458178518e-05,3.371502326353563e-05,3.689059475363284e-05,3.644952722501724e-05,True,True,4.425083200442056e-06,3.816474123265424e-06,4.256916332834476e-06,4.558891661538255e-06,True,True,284.08976881358564,277.6960621864369,284.0911791109575,284.04158857634957,True,True,759.4185483418911,736.4880654787703,759.43658910253,759.5882258760303,True,True,True,True
0.094,0.084,0.008,0.005,177.23508378489612,177.24078037269433,176.7903984429245,180.2228311854848,True,True,0.048841112907364266,0.04767622348922136,0.047842320403116624,0.049111308076560604,True,True,2.0262899520735398e-05,1.9186286912623172e-05,1.9905955974867924e-05,2.0277412985395775e-05,True,True,2.4601734811666144e-06,2.2722817065434535e-06,2.4600728396347493e-06,2.542760078257896e-06,True,True,288.62626183369014,283.93299093442727,288.43461256006356,289.3112839222091,True,True,806.6322377353689,793.3323627916083,802.6325747445476,807.9699453236517,True,True,True,True
0.163,0.004,0.01,0.011,382.04087424240214,365.51830720061906,381.94298177980454,472.94873845406363,True,True,0.02781915647407474,0.02785990769494092,0.028995759867193677,0.037643022391667925,True,True,3.376922448351371e-06,3.0331957163748868e-06,3.8090413632842017e-06,4.820420269303033e-06,True,True,1.1827711812738061e-07,4.0345793063572575e-08,9.516741794862448e-08,1.3888437902446757e-07,True,True,283.253206455402,277.7020510091336,283.24673417082715,283.6223341041745,True,True,818.3514287467395,789.2221300133328,810.021179520055,819.8809160838891,True,True,True,True
0.11,0.076,0.004,0.007,249.84765023274713,234.61475920339612,252.0830247950937,277.86396650858967,True,True,0.042363485600294126,0.042370097459331096,0.046042786368661964,0.04494075371635695,True,True,1.7827134536018045e-05,1.1673034339196901e-05,1.7824261025594755e-05,1.7915528556329852e-05,True,True,2.245202244456561e-06,2.186906298358506e-06,2.129025880738219e-06,2.2737094522055824e-06,True,True,291.0566978734146,285.53086110336403,289.8603821551153,291.05731463241256,True,True,820.4256657202944,802.1345387355019,817.0586852153199,817.29173381037,True,True,True,True
0.163,0.014,0.011,0.004,139.76834190949688,136.14869356872921,140.22326809459219,165.71422344633726,True,True,0.02573065940660515,0.02468297195907504,0.025393663220633123,0.03426149563907751,True,True,5.693656585023462e-06,5.5671241466705915e-06,5.666135060075444e-06,6.697297434670533e-06,True,True,4.0720599099361837e-07,3.786577794283386e-07,4.326824711817123e-07,4.07461688994567e-07,True,True,286.13917688147046,278.6557126948772,285.0679127530811,286.134260915997,True,True,826.7071444416644,793.1918949030485,814.3347730696089,826.687982468807,True,True,True,True
0.097,0.009000000000000001,0.081,0.004,117.994173396633,117.34358483300568,118.39378098313158,145.82029321554822,True,True,0.1055285312870513,0.1052101337679047,0.10554116258264662,0.10553661603060062,True,True,1.6242725349082855e-05,1.6137764194660058e-05,1.6106311313924222e-05,1.624297037258296e-05,True,True,2.2133661544123532e-07,1.8748415104666088e-07,2.1294157600856017e-07,2.284257431630174e-07,True,True,253.53145681446549,253.5338205159245,253.86034936589317,254.55350720539494,True,True,706.7748666081077,706.7741380464169,708.3363528849871,707.8559751857351,True,True,True,True
0.165,0.01,0.006,0.008,281.81166573560927,238.13568012390678,271.9031508298617,316.3959421776269,True,True,0.02130215532217312,0.02067362854087583,0.021782512172148733,0.028571886113195506,True,True,3.825077374297502e-06,3.5406995004263334e-06,3.821486703221449e-06,5.067428088184788e-06,True,True,2.9482831721471876e-07,2.659640045085305e-07,2.0289020611058295e-07,2.9815320181180614e-07,True,True,286.40414560565466,279.55057415853486,284.9249509850056,287.0577137313008,True,True,828.1787972636787,792.6314481326846,817.0862715295583,828.9494541052143,True,True,True,True
0.036000000000000004,0.146,0.007,0.007,249.67317936455046,218.93391296453143,234.61598417929756,249.56196963684846,True,True,0.07313484338068513,0.05696561427725101,0.06751970806994072,0.07313683871905849,True,True,3.368857383522195e-05,2.8395250093396505e-05,3.035158857450207e-05,3.368243727000151e-05,True,True,4.301262311818976e-06,3.7189651738706246e-06,3.859484305561327e-06,4.300844728013449e-06,True,True,291.08851654654325,283.4176727691352,287.87752857035366,290.99874150721666,True,True,791.2849914638554,765.175059931308,781.1362017427955,791.1630665239555,True,True,True,True
0.165,0.008,0.012,0.011,379.98965649315926,359.5236442422883,363.25176922554465,399.60336046869355,True,True,0.03204608012832764,0.0274528666106179,0.028961166481260767,0.035878358900477754,True,True,4.64214221064164e-06,4.412568571218235e-06,4.37698027552248e-06,4.965056020696382e-06,True,True,2.3210052666665002e-07,2.320722598062359e-07,2.3212733265575563e-07,2.3214903902829961e-07,True,True,284.29325117893416,277.85482250587086,283.70773900551563,284.31308338394786,True,True,822.6943867927603,793.004832973171,813.5854056122382,822.6983078813499,True,True,True,True
0.013000000000000001,0.156,0.013000000000000001,0.014,487.8552342566649,424.4228824324985,477.15689811957805,490.04245857861156,True,True,0.0914213208017172,0.0843455300493665,0.09066005747022098,0.09155607870050865,True,True,3.6466149578536534e-05,3.1266089808261016e-05,3.655719549200081e-05,3.6468453754738614e-05,True,True,4.502788681885983e-06,4.005693719423011e-06,4.505482009510507e-06,4.502548464831287e-06,True,True,286.380794400591,278.8721101214335,284.8385452267754,286.640399803878,True,True,768.9032621318588,740.1499365783824,759.5193833212578,768.9238939921077,True,True,True,True
0.006,0.159,0.01,0.012,422.7319126974918,341.77992559769626,420.0233526608485,420.14225832317504,True,True,0.08694610859183367,0.06955615028779305,0.08401546738644217,0.0868547772525544,True,True,3.681283583369138e-05,3.086958213470007e-05,3.5830832275570355e-05,3.678406949510136e-05,True,True,4.636114037539682e-06,3.6001516241890774e-06,4.357413010112128e-06,4.637211654941543e-06,True,True,286.35575888881107,276.3290780725421,283.3777101631546,286.4912951905712,True,True,765.3701815181226,735.9646466151628,753.9564793726012,765.3392816903015,True,True,True,True
0.006,0.004,0.17500000000000002,0.004,97.80824197336248,97.8070485659431,100.1976809973974,131.6124303989931,True,True,0.17940383238629065,0.11305251029194165,0.14447453665281204,0.17920178306480652,True,True,2.616378220432446e-05,1.748078886837789e-05,2.3169455878609332e-05,2.617123426189666e-05,True,True,8.240234087204018e-08,8.244944591341338e-08,8.334519854328252e-08,1.1279028525900335e-07,True,True,209.616893606082,211.41178975319752,216.26579670032623,223.82156604741905,True,True,544.3583794709175,548.8897753749853,561.0263533771852,583.0670063587477,True,True,True,True
0.015,0.163,0.004,0.013000000000000001,465.30114520987104,429.7976402631913,451.2876728922287,481.64070149796896,True,True,0.08190548729547589,0.06820063985503182,0.08144383606741881,0.08200002863646977,True,True,3.697224092915754e-05,2.973857370362236e-05,3.520953094144266e-05,3.697867690663326e-05,True,True,4.827633176089707e-06,4.223559864763254e-06,4.772847427728198e-06,4.823528285309384e-06,True,True,290.771362558539,280.98318065893574,290.09056622798556,290.7720247742031,True,True,782.2213875403661,754.5513084176764,776.8510869679219,782.2125994467235,True,True,True,True
0.011,0.168,0.006,0.005,179.9279400384026,172.7615648395194,177.1857532699667,206.3084859856594,True,True,0.07827832806229187,0.061533682635638,0.07361766947650718,0.07943013669456005,True,True,3.848084643069333e-05,3.276339471603395e-05,3.830580814039647e-05,3.8505017420505385e-05,True,True,4.980582676758097e-06,4.509339234672137e-06,4.965233413966578e-06,4.980979281844475e-06,True,True,291.28848496256245,283.411032658386,289.509330603593,291.4630790339513,True,True,781.5200342215509,760.4465037685923,773.3087692082319,785.8873129454904,True,True,True,True
0.005,0.006,0.068,0.047,1375.326485667833,1133.40479917024,1358.1936368156516,1410.1733526706673,False,False,0.12676566026468322,0.10388975300533043,0.12684115124938417,0.13385767304216845,True,True,1.3674259018476113e-05,1.0763299573492257e-05,1.389184564834715e-05,1.387885500251085e-05,True,True,1.4949504830176593e-07,1.3750053123164805e-07,1.5877534647680954e-07,1.4987286046626057e-07,True,True,230.8951044870363,225.79508977768796,230.56398073423168,231.14515842956004,True,True,602.1922572504858,591.4234456615537,600.532866093512,602.2682120008134,True,True,False,False
0.081,0.007,0.028,0.033,1075.9791441639393,1029.1721662472914,1078.5040737138643,1121.385796462605,False,False,0.0733911143075359,0.07217103430984209,0.07357182587446347,0.08176288890550144,True,True,7.455051677672824e-06,7.284473610149046e-06,7.4571068245477986e-06,8.196592200019785e-06,True,True,1.9282039870492887e-07,1.9267182309788756e-07,1.9651965599440028e-07,1.9311255412961408e-07,True,True,259.0833361175808,257.34955312545566,259.00813489572323,259.08356293761693,True,True,714.4421808312966,711.7153409720386,711.917279617913,714.4457767506101,True,True,False,False
0.088,0.023,0.01,0.045,1528.0467456192464,1370.7084844095305,1588.755754365909,1596.7552855409745,False,False,0.06879582698263048,0.06207738772273017,0.07130018668060391,0.06974353879812359,True,True,7.456851307902775e-06,7.134372794082659e-06,7.659321602633785e-06,7.459053656528393e-06,True,True,6.509675946111065e-07,5.987174482924994e-07,6.463896533815389e-07,6.595328168842607e-07,True,True,267.9873626011186,267.829074998313,268.1133606778473,268.8110300363767,True,True,744.4246009374464,742.6959594871971,745.9910296992138,744.4812757741191,True,True,False,False
0.081,0.004,0.012,0.04,1354.9789232299192,1334.4363805746495,1384.0360572683237,1432.516161599237,False,False,0.059561543100599204,0.05953441448246127,0.059483897539346305,0.06258543730401524,True,True,3.83492695411708e-06,3.836881300078168e-06,3.8440978302086625e-06,3.9381247340031296e-06,True,True,1.1571506948580278e-07,1.1559875162550397e-07,1.1571216608555604e-07,1.1805392402569494e-07,True,True,261.40676602462713,260.72654427718805,261.9181575553813,264.2039806443578,True,True,720.5151460357096,718.8174103783738,720.9804311117878,723.5767062635913,True,True,False,False
0.101,0.014,0.036000000000000004,0.004,131.32612292741513,125.1008300808994,128.50213438736964,153.66340142513022,True,True,0.058372220267443674,0.05827123268464671,0.05841685677377914,0.07199591683985931,True,True,1.0256205573685817e-05,1.0049151575165457e-05,1.040847267486218e-05,1.2705764205143363e-05,True,True,3.823200732972752e-07,3.824170942346691e-07,3.805553027398907e-07,4.022906601104178e-07,True,True,265.9851242832468,265.9279867737445,266.50891734972356,266.8392452587551,True,True,741.6601236240363,736.6275350278935,741.6560565937577,755.9177614305243,True,True,True,True
0.03,0.093,0.042,0.014,449.3759515795571,423.60685802094525,457.45420644310235,449.8256595919622,True,True,0.10179674960386177,0.10181079887774393,0.10180225502334313,0.10188739527981631,True,True,2.6897827942729624e-05,2.6918566609589213e-05,2.736415256300652e-05,2.7937251471349214e-05,True,True,2.4813838415697802e-06,2.4896785989785345e-06,2.488247996943737e-06,2.4812622686768583e-06,True,True,267.56701306247135,267.5649962172816,267.5704475109069,267.5676255303678,True,True,720.2525861259751,720.4968148313154,721.8771910408632,720.253260209618,True,True,True,True
0.088,0.01,0.025,0.033,1084.511059577231,1084.5223966651222,1091.7954091804456,1086.443475754279,False,False,0.07088646043831139,0.07088635099928232,0.07102210446916302,0.07473817860107541,True,True,7.519028405963315e-06,7.517878663241007e-06,7.573946943845435e-06,8.412978533207347e-06,True,True,2.7615997817445414e-07,2.7616031998563755e-07,2.760244343760286e-07,2.9686365763760744e-07,True,True,262.16780648399066,261.9661320888833,262.05170073233705,262.1647894364637,True,True,726.5775897226242,725.4998211504627,726.5634677863496,729.2811800561325,True,True,False,False
0.042,0.093,0.034,0.004,133.11626766300998,54.5223518747923,133.17022479535217,133.10196809160675,True,True,0.08377893647966539,0.08378019042318467,0.08360105768844789,0.09332175502699552,True,True,2.5974668709302266e-05,2.6016807896698735e-05,2.6585154625798575e-05,2.7441439737546493e-05,True,True,2.549196668085581e-06,2.5554324292054304e-06,2.5486387339188578e-06,2.581290153568778e-06,True,True,272.9667784223645,272.83222498526044,273.5962328371192,272.9672835737556,True,True,739.7692424991376,739.8201435550127,740.0871583554839,748.329071006379,True,True,True,True
0.03,0.004,0.11900000000000001,0.044,1148.3899374687262,1020.1222133827079,1146.7507113349066,1195.724060701906,False,False,0.1658926745980237,0.15033433446391584,0.1639218609920798,0.1659044988317141,True,True,2.0008456334846493e-05,1.7056302145412996e-05,1.91848925394488e-05,2.0376810138452507e-05,True,True,8.99396605774485e-08,8.680541986104479e-08,9.619123952516364e-08,9.023624079702788e-08,True,True,224.85178613724133,225.3767198210751,226.18785629369444,232.47099492863882,True,True,599.5500801940457,599.5989178225027,606.7489582186192,619.1118623321142,True,True,False,False
0.088,0.008,0.045,0.024,753.391236441274,744.3371022104124,753.8158492384789,753.0111365253632,True,True,0.08484825485001654,0.0857433107432324,0.08485337929743365,0.0897339735786671,True,True,1.0569662524071596e-05,1.0173151006334482e-05,1.0556778695560344e-05,1.0687196168130042e-05,True,True,2.1195919212356872e-07,1.8608456785080966e-07,2.1197804853648307e-07,2.1205526204247693e-07,True,True,257.8069108020355,257.80723672739384,257.7298663556199,257.8104411161592,True,True,714.3594474249646,713.1067646585044,714.467682530233,714.359691204704,True,True,True,True
0.088,0.017,0.031,0.035,1130.6954767753427,927.3004848860907,1121.4413799637884,1130.714582541122,False,False,0.08213070470785658,0.07430648691761857,0.0806153801534139,0.08261417686978184,True,True,9.993686510955906e-06,9.513925436316187e-06,9.851497494554405e-06,1.0003010739153938e-05,True,True,4.596010496783726e-07,4.009955725163022e-07,4.5960181813817245e-07,4.670601303974715e-07,True,True,262.4476725439245,262.3627635742721,262.3308574476235,262.447871579722,True,True,728.5032586593651,728.4722172658131,728.4958029411052,728.506601684744,True,True,False,False
0.081,0.011,0.023,0.038,1251.3526331453022,1169.7323319886946,1259.5477164474762,1285.176510671743,False,False,0.07356239201646866,0.0674598050858438,0.07423319374040856,0.07698332031137779,True,True,7.371361727745511e-06,7.207266342891284e-06,7.371542154843838e-06,7.370810700856109e-06,True,True,3.040497417736334e-07,2.844108104196771e-07,3.3460105136430066e-07,3.302499247981696e-07,True,True,260.8599001368124,260.85484224543495,260.85769793701394,260.90473794110227,True,True,720.0013411065219,718.3292687533226,720.0014782028616,722.8402632527967,True,True,False,False
0.074,0.009000000000000001,0.007,0.048,1639.7981636303098,1326.3732425461892,1462.3143483151819,1641.7950845870623,False,False,0.06291504584229554,0.05300122833503497,0.06180290544411377,0.06319376057437187,True,True,3.9185118389675e-06,3.263038779322935e-06,3.696768480369565e-06,3.934505053301452e-06,True,True,2.5825759544682465e-07,1.9162394680036862e-07,2.5815776128409915e-07,2.5847547143223753e-07,True,True,261.5711288564451,261.08329419754216,261.83102010480974,262.66339063367496,True,True,718.5675834577443,718.5886268176796,718.56959102759,718.6005436756154,True,True,False,False
0.101,0.02,0.036000000000000004,0.004,131.39106371195334,131.3626471939501,128.67294977100846,147.85888118792641,True,True,0.060455811748062416,0.06041771490909933,0.060449443051606176,0.06856321456970714,True,True,1.1468463064104833e-05,1.1240948290249193e-05,1.1458813146434832e-05,1.282268151830125e-05,True,True,5.449477436959432e-07,5.443659119340068e-07,5.596520943492527e-07,5.449479124702928e-07,True,True,267.52757323929404,267.4555705039872,267.51507812010607,268.88308926368916,True,True,746.520102297722,743.6984791644045,746.16254063467,752.1516909008949,True,True,True,True
0.033,0.109,0.036000000000000004,0.014,456.79995437711176,390.1937086571101,456.33563414856076,458.7228618698384,True,True,0.10080518146395491,0.0934385718417371,0.10082961842689526,0.10084531414277764,True,True,2.936620258976665e-05,2.722420727916439e-05,2.9371465797587378e-05,2.9366328961913973e-05,True,True,2.953838711726557e-06,2.8015857061246663e-06,2.928510034788486e-06,2.9527255367196362e-06,True,True,273.7416269622714,273.32291119489616,273.74099684352586,273.75206473068715,True,True,740.1269270655235,736.3942642345969,741.1123179819766,740.1398374126123,True,True,True,True
0.08,0.023,0.006,0.038,1312.1994591878574,1217.4874677449664,1342.2100331521397,1377.2867232717488,False,False,0.05686360432533943,0.05477502364911908,0.05718517392315799,0.06471720806440585,True,True,6.644750023372818e-06,6.562035826222185e-06,6.645832181573401e-06,6.760251635983038e-06,True,True,6.616851760805642e-07,6.383323986265416e-07,6.964481655529748e-07,6.611472435049237e-07,True,True,267.57401216468577,266.48350034294396,267.84256993251404,267.5741148994124,True,True,738.5141468904231,734.6589270692901,739.8016996034502,738.5117637325626,True,True,False,False
0.089,0.004,0.033,0.016,521.3353601455998,521.314531240612,524.9223054901366,641.9448624205396,True,True,0.062486072796816755,0.06217783429563239,0.06212782778410666,0.08072799006689499,True,True,7.717790311528942e-06,7.716213764899767e-06,8.602534905766065e-06,9.26812591374577e-06,True,True,1.1142519000993056e-07,1.1142485173149852e-07,1.1400921822595989e-07,1.261454444527753e-07,True,True,260.36516022754796,259.24239750808505,258.4929984440481,260.3674557401893,True,True,720.2310244536803,719.7854498941682,719.2302579986185,728.5841979154707,True,True,True,True
0.083,0.015,0.017,0.033,1108.8027227848993,1078.1905069400818,1108.9183405056592,1110.857088294496,False,False,0.06297942258121632,0.06292732746509859,0.06354802050537088,0.0673185134357383,True,True,7.065928899595258e-06,7.065804582505771e-06,7.065979424173306e-06,7.47700072231434e-06,True,True,4.2154699676060813e-07,4.1861492364963364e-07,4.2861474691996744e-07,4.515045460393761e-07,True,True,264.10542823863545,264.0475707511598,264.10524508163275,264.63772958109627,True,True,729.6203367090393,729.451198187893,729.6311187580517,729.6205158983506,True,True,False,False
0.08700000000000001,0.005,0.06,0.034,1020.4356249245591,947.9696811425708,1021.6725524874801,1048.550313140718,False,False,0.10799788321171007,0.10531759120810084,0.10800034859046011,0.11019955630404427,True,True,1.2376024777266115e-05,1.197893499051014e-05,1.2364520506251794e-05,1.2557946047350819e-05,True,True,1.279140387122915e-07,1.2790727971914308e-07,1.3133714359159245e-07,1.516247823807278e-07,True,True,252.61304700720078,252.21924215497802,252.77941953205104,253.91798109154846,True,True,700.8256289343457,698.2355864708663,700.240884717539,701.051100963447,True,True,False,False
0.096,0.028,0.027,0.047,1521.5755598766143,1276.163479834182,1431.973846612985,1522.228627950998,False,False,0.09230970332513225,0.0773242834983839,0.08821686593283537,0.09279353982645841,True,True,1.1536124699011324e-05,9.958545137950469e-06,1.1066606545286935e-05,1.1536521144621128e-05,True,True,7.563362248337561e-07,7.531910656131796e-07,7.222670444713109e-07,7.715056799044856e-07,True,True,267.11804404626304,267.11624876689046,267.11782005398845,267.5333343135623,True,True,747.3927726235919,746.2788031350022,742.2660089509354,747.3975143965196,True,True,False,False
0.088,0.012,0.045,0.048,1481.5115207014865,1163.8901358347084,1210.385301173848,1481.554036123022,False,False,0.10692063943292741,0.08740624137198592,0.0909026101399703,0.10692995431798244,True,True,1.13454260343307e-05,1.0033219885687849e-05,9.862821032598279e-06,1.1364449017719246e-05,True,True,3.114965399429436e-07,2.684561841887984e-07,3.1144951940246374e-07,3.1149725939683336e-07,True,True,256.9674931657547,256.9668458281286,256.9730177663852,258.48232329691996,True,True,714.7065417596889,714.6893386538312,714.7052600212019,715.4695790505649,True,True,False,False
0.106,0.015,0.036000000000000004,0.009000000000000001,292.89452207430526,293.24393499450014,292.31880118784534,335.1121232524625,True,True,0.06335455741972,0.06192425843518517,0.06346515286921206,0.06812854019112831,True,True,1.0461677355848086e-05,1.0450291719562958e-05,1.0459472381153285e-05,1.1044961222222402e-05,True,True,4.0786281992806876e-07,3.9983379530961966e-07,4.078491715196592e-07,4.078649624061236e-07,True,True,267.02094522795346,266.9523252134395,266.97008172548374,267.03497862818307,True,True,747.5499388097534,747.4432577298436,747.459327978527,756.9320399922273,True,True,True,True
0.045,0.11,0.034,0.006,198.81123237489885,198.77955399109496,189.91756961860892,199.87169738983224,True,True,0.09159741906482806,0.091088257130559,0.09159738780811474,0.0928587785045435,True,True,2.9428640598623257e-05,2.6868626592621614e-05,2.9287006175126192e-05,2.9598287093514445e-05,True,True,3.0120330011498375e-06,2.654035503153306e-06,2.9926554814855662e-06,3.147448206909038e-06,True,True,277.87786758971095,274.6375375648573,277.99866440500415,279.2259508486974,True,True,756.7040691162085,749.5880469089219,756.7221951187231,756.7054004131304,True,True,True,True
0.097,0.008,0.01,0.047,1591.9267460815033,1448.2770228866314,1592.8008819003671,1600.784648323145,False,False,0.06527705360764481,0.05662685418859451,0.06522216723090613,0.06550001070038511,True,True,4.315849379989089e-06,3.951963395951657e-06,4.319369929786162e-06,4.315651628218742e-06,True,True,2.2796200717651697e-07,2.0817241918949102e-07,2.0692448552900722e-07,2.29616767267522e-07,True,True,266.0777341931306,265.87127726695275,266.45523378401793,266.1539416463103,True,True,742.2608857768929,741.4261598170312,743.8304272448144,745.4020651891732,True,True,False,False
0.105,0.025,0.034,0.011,359.2932877367037,326.5767485255114,358.76769709982096,359.2935384291197,True,True,0.06629470650138775,0.06629699785257402,0.06624780746709548,0.06788170751280564,True,True,1.2137046180999082e-05,1.214358219049863e-05,1.2137235094210093e-05,1.233276137800345e-05,True,True,6.805024470377114e-07,6.805035002928432e-07,6.688786536668374e-07,6.805008608589571e-07,True,True,269.6556131325399,269.63697826183153,269.3590540648859,270.79823588232364,True,True,755.4395321872264,753.5466913753055,755.4546031962808,755.4237041159644,True,True,True,True
0.10300000000000001,0.006,0.035,0.007,228.88103898817,228.7036595638683,242.79189862515156,288.80974912199673,True,True,0.057176364917134126,0.05717619559094974,0.057181681761195896,0.07170310230378303,True,True,8.473516749994693e-06,8.311740049912245e-06,8.700307295060838e-06,9.49330983696661e-06,True,True,1.6565391586527297e-07,1.6565721233332558e-07,1.7455549427713593e-07,1.8186213742139345e-07,True,True,264.38985921426183,263.7601444564532,264.0176994973412,264.66194292184707,True,True,737.6756638262923,736.9169943926007,737.6652387708597,737.674179061201,True,True,True,True
0.004,0.014,0.14,0.039,978.2077465234324,923.8737432111039,977.307948091395,988.2369566184444,True,True,0.18041665682883498,0.14211594907823247,0.17803000168602015,0.17972499278438217,True,True,2.3947252479847907e-05,1.5958571417362238e-05,2.231271580970346e-05,2.399728027789075e-05,True,True,2.9710508678922634e-07,1.6590766221288656e-07,2.970811487274807e-07,3.107474686060371e-07,True,True,216.96187237837086,217.05456167761616,221.18458616963426,224.03782001193704,True,True,566.4243884411444,566.4259430955863,578.9383956926575,590.7286119797906,True,True,True,True
0.049,0.088,0.036000000000000004,0.004,132.3591222636155,15.624894892062562,132.05446725112245,132.81115426118723,True,True,0.08430680062764828,0.08432954968799583,0.08568666660379679,0.09305330716938819,True,True,2.5222568092881842e-05,2.5090631891784484e-05,2.5301475297797367e-05,2.660905975556951e-05,True,True,2.398757020992977e-06,2.3472032560482687e-06,2.399135692016175e-06,2.457380421949024e-06,True,True,272.8584508605058,272.5451431923364,273.811752586189,273.5392266834203,True,True,742.5035449338113,742.0871570035874,744.4984151908068,750.0885419602921,True,True,True,True
0.084,0.015,0.032,0.041,1315.4120279356043,1142.080210788991,1314.705316578779,1315.3616693655197,False,False,0.08800210908069164,0.07611963491824532,0.08175700765397803,0.08800085758686832,True,True,9.774406765150197e-06,8.246651108966572e-06,9.747302092272098e-06,9.738139692291042e-06,True,True,4.0319649140394746e-07,3.7858644110351273e-07,4.1350720048642043e-07,4.3081356965666346e-07,True,True,260.3068000513193,260.22603385780565,260.70672006711385,260.32621171849706,True,True,721.0300401509911,720.4023070161472,719.5232530534967,721.8089379563837,True,True,False,False
0.041,0.063,0.08600000000000001,0.004,117.36725986641436,7.7220723793990445,117.15345293374742,128.37786130024222,True,True,0.12721035949363443,0.12210959858732098,0.1272601699016256,0.12765161286928267,True,True,2.660824086571073e-05,2.528899053087774e-05,2.6587545416984625e-05,2.6771719565857042e-05,True,True,1.5218166118961958e-06,1.4367886834178855e-06,1.5075089340121017e-06,1.5233123771379457e-06,True,True,253.1981156266734,253.1879190699054,253.15828788089917,255.29033278781867,True,True,683.9541621963775,682.6178870865624,683.9442727143928,689.5379975430209,True,True,True,True
0.04,0.09,0.042,0.004,130.44680124272756,9.724129649612328,130.407818870703,130.77964217303833,True,True,0.09180789889461417,0.09074122863878016,0.09418528425636118,0.09989605472178159,True,True,2.641288447359868e-05,2.551695169108233e-05,2.6410176131250592e-05,2.750087611388908e-05,True,True,2.4170455661189325e-06,2.4104997350373817e-06,2.434747179595084e-06,2.4560505536941306e-06,True,True,269.91018431069796,269.9470997202672,269.90926809723874,270.5489083909387,True,True,730.3924482745047,730.3922976993837,730.3771612282977,737.6630843433737,True,True,True,True
0.029,0.096,0.041,0.006,195.19093556904315,194.76221173880987,195.19057035696397,195.17987743574884,True,True,0.09460718458219801,0.0946786246690873,0.09460667704418559,0.10085495109762815,True,True,2.74653783106759e-05,2.6143017021860545e-05,2.7465174806664883e-05,2.9038894812548492e-05,True,True,2.582626876168344e-06,2.5280497834757954e-06,2.5790616556309484e-06,2.6532885168426516e-06,True,True,268.9542300193392,268.4097525284836,268.94813720507057,268.9530268997989,True,True,723.0948241232084,723.1108345994535,722.4999037271863,732.7188747535681,True,True,True,True
0.089,0.006,0.016,0.036000000000000004,1209.4231391132348,1210.9438457624676,1211.4486416677146,1367.4673118841513,False,False,0.06138774103900144,0.06139489672992871,0.061381020240618894,0.070778641780069,True,True,5.023387704311484e-06,5.023886318471037e-06,5.033199777757254e-06,5.612819083605212e-06,True,True,1.7053568659863494e-07,1.7047722799266912e-07,1.705748585301719e-07,1.7055124071715437e-07,True,True,263.1863571293074,262.437532794756,262.81693137482597,264.4934409716262,True,True,729.3710657724032,729.3241114022867,731.045004491097,730.7203205436155,True,True,False,False
0.085,0.005,0.035,0.026000000000000002,836.3121839143461,787.027634324911,848.7680687943877,1003.6224698968341,True,False,0.07439197356480293,0.07255241718222759,0.07439858104984143,0.08314821050013126,True,True,8.284070042815327e-06,8.03372172058266e-06,8.513157833969367e-06,8.888902399577694e-06,True,True,1.368196641458908e-07,1.3662555850568138e-07,1.3642876986481023e-07,1.445824846636033e-07,True,True,258.4529341393155,257.20993741911707,257.61779408225766,258.4525860664983,True,True,714.1200972317032,714.1203294713259,714.1084239202473,714.1164072671402,True,True,True,False
0.082,0.009000000000000001,0.03,0.03,975.1782279184862,975.2580155401179,975.1866210056531,1013.338001154217,True,False,0.0736507831548369,0.07366963611389532,0.07357724414592771,0.07851095189887855,True,True,8.204109171501137e-06,8.203606214661175e-06,8.205285571296728e-06,8.204578683796775e-06,True,True,2.46281479394792e-07,2.462275477065257e-07,2.4339061152551656e-07,2.4616250131316766e-07,True,True,259.60692852070633,259.6011075210364,259.60970343658397,259.88061821202774,True,True,716.3913885583696,716.2246791178503,716.0367111285365,724.2128135078157,True,True,True,False
0.034,0.11,0.034,0.006,198.8886311110913,198.92518837461526,199.6792050116367,198.84689807510927,True,True,0.09163640593236944,0.09081475486525428,0.09164772256398104,0.09549807816758835,True,True,2.9427234669156297e-05,2.697587638502886e-05,2.9425525546328157e-05,3.0370574289587425e-05,True,True,3.0133595934604764e-06,2.840016705659089e-06,3.020479907887685e-06,3.0836733255201163e-06,True,True,275.31044906083554,274.4459770273897,275.3255948965141,275.97967539681395,True,True,744.2058186224739,738.6873754958604,744.1930290883445,748.5105736525782,True,True,True,True
0.049,0.112,0.032,0.004,133.97357756015302,15.417095518687503,133.9621079163247,137.53467364007207,True,True,0.08815679489575676,0.08483075463189133,0.08814277353570914,0.08814734210791149,True,True,2.961830256768353e-05,2.5902676014927038e-05,2.962612111397842e-05,2.9620742402746454e-05,True,True,3.0868399479872266e-06,2.599193382520592e-06,3.1031779471402533e-06,3.1934664561520774e-06,True,True,279.9357519986308,275.5025943923938,279.930253308834,280.13287369396375,True,True,764.2783212569924,754.698021100006,764.28537098187,765.4821593102494,True,True,True,True
0.029,0.096,0.038,0.008,261.3341268936637,241.76902134979326,260.8630560474891,261.3534558051678,True,True,0.09308055132249628,0.09016302914357267,0.09307554396516599,0.10003026236629496,True,True,2.7061990225572093e-05,2.6305792425737695e-05,2.7115854786647155e-05,2.8944192738506933e-05,True,True,2.5987305276369405e-06,2.598519902567725e-06,2.6104407238514782e-06,2.6877185510562385e-06,True,True,269.48365092790345,269.0423231646879,269.492952703741,270.42675352469564,True,True,724.6081813225428,723.7701418223811,725.5770845641731,731.9658825000625,True,True,True,True
0.066,0.088,0.031,0.006,199.91480553351002,199.8160089789862,198.68134873228752,201.44984321356833,True,True,0.08030237643190358,0.08005569169301671,0.0805228857231245,0.08044969644655912,True,True,2.4526959639086842e-05,2.2309168413745578e-05,2.4629824192641643e-05,2.4535791685413005e-05,True,True,2.424776837796934e-06,2.2086269933332248e-06,2.4636780877399392e-06,2.4255002398723262e-06,True,True,277.81010656733343,275.5386037457144,277.8151642177369,278.09797967048723,True,True,764.5028470107342,755.308528319482,764.499167281927,766.80419373889,True,True,True,True
0.10300000000000001,0.022,0.035,0.012,390.5074115047165,367.7939987936855,390.7048926390263,409.2889121094277,True,True,0.06737209962645468,0.06739329898456549,0.0677570823342214,0.07032909492606637,True,True,1.1699405977895715e-05,1.1448554192162421e-05,1.172348021819804e-05,1.1841685387934327e-05,True,True,5.972428938812069e-07,5.971179926842336e-07,6.046384006124321e-07,6.200499846236468e-07,True,True,268.11228047893184,267.89105842017966,268.278711587639,268.6825820740652,True,True,750.031009449757,750.0312762752194,750.2124714225338,750.0510466459181,True,True,True,True
0.08600000000000001,0.01,0.033,0.021,681.7823622432988,666.8433120930843,681.6904858117767,788.933864582665,True,True,0.06920525337365843,0.06853487001768147,0.06990849850777338,0.07945100152190951,True,True,8.934656283079814e-06,8.934539910633254e-06,9.279004054223852e-06,9.969289878764493e-06,True,True,2.729187996561998e-07,2.645366307788921e-07,2.836071453425548e-07,2.9962340089609334e-07,True,True,260.81689095638603,260.6915502696677,260.4477419705308,261.48316133646307,True,True,721.0775795356162,721.0699171402617,722.515958912339,725.3635036394268,True,True,True,True
0.111,0.02,0.033,0.005,165.01229168171193,158.18677355924532,173.50125384380917,179.3573788048611,True,True,0.057722998412067086,0.05758473345566737,0.0575559373020653,0.0629831366774647,True,True,1.0964298167842486e-05,1.0964230621880461e-05,1.1111237371253906e-05,1.2301909833363653e-05,True,True,5.485213470713408e-07,5.485156927357194e-07,5.547615021239518e-07,5.54443137801316e-07,True,True,270.4660376375494,270.3728766868894,270.2095331889103,271.72945241817996,True,True,759.5151670570484,758.7681147741586,759.0473680981211,759.5230622749485,True,True,True,True
0.061,0.085,0.045,0.006,192.86758427905767,190.76563221917948,195.89896967829011,192.97205049228654,True,True,0.09510382197235089,0.09360849046060284,0.09510215638099544,0.09516050152979769,True,True,2.578627130991798e-05,2.346165813946814e-05,2.5555188221040284e-05,2.5786293456248895e-05,True,True,2.2602796085138025e-06,2.0686251249179907e-06,2.2516743167646408e-06,2.286090375103727e-06,True,True,272.69006936353753,271.5257098287099,272.85056342823106,272.70105921736075,True,True,748.214242490501,746.9060110646876,749.4406643747503,748.2108792605379,True,True,True,True
0.079,0.012,0.006,0.044,1511.8012778293696,1322.4361665987312,1476.130503086495,1511.891488548938,False,False,0.058783342539334364,0.05134370892781712,0.05742004652172091,0.05881146685529653,True,True,4.331033663591938e-06,3.2953726388743242e-06,4.013670365409095e-06,4.328187842463071e-06,True,True,3.451411480106248e-07,3.103166455350738e-07,3.8753454434017425e-07,3.602990860454988e-07,True,True,264.04754860352944,263.47081978317306,264.04744550289604,264.1603080127178,True,True,727.744785356825,725.1332743511755,727.7753763080442,727.8422383523633,True,True,False,False
0.083,0.006,0.037,0.048,1512.020139723634,1426.3109301280408,1512.0747521938472,1522.1449197216593,False,False,0.09659505772125314,0.08354598858733321,0.09098044096901528,0.0966651834476139,True,True,8.870293019382494e-06,8.27169904284893e-06,8.44175055915725e-06,8.902387537106124e-06,True,True,1.6023268586479872e-07,1.531312827248823e-07,1.6021855330605562e-07,1.6039828732988766e-07,True,True,256.07824373791493,255.67261311044777,256.1250305111838,256.5210936266497,True,True,708.8380841393183,707.4621482446521,709.1396853863714,709.0192249735452,True,True,False,False
0.061,0.089,0.039,0.008,260.24946223037995,242.79755189009157,260.38225651207426,261.7150207055926,True,True,0.09165383009125702,0.09099810474698179,0.09168759088845661,0.09164149758575,True,True,2.5782905073575542e-05,2.4661395033318397e-05,2.5816939104864912e-05,2.5782947851986517e-05,True,True,2.3996067203974762e-06,2.201887641598737e-06,2.399751299213741e-06,2.399610387565326e-06,True,True,274.9245853508954,274.1752787951167,274.9073536940847,274.91918785231377,True,True,754.7150447627222,750.8214904434749,754.2144551139974,754.8389958036896,True,True,True,True
0.05,0.088,0.052000000000000005,0.005,158.45185698975607,158.14443227322673,150.68411249263525,150.82027455707941,True,True,0.1027799169029539,0.10193741209803724,0.10166371182409935,0.10278145557797608,True,True,2.726569370584951e-05,2.6748412759622182e-05,2.726671112986841e-05,2.74747223222532e-05,True,True,2.3024593647038704e-06,2.257078776982806e-06,2.314904909476696e-06,2.303865539626371e-06,True,True,269.37866062551126,268.6522272238197,269.882030887367,269.37872581955605,True,True,734.1740290103172,730.6974678984836,734.1920204341604,738.1153234550682,True,True,True,True
0.024,0.006,0.127,0.04,1029.2099520338775,957.4448987168664,1036.725372376094,1032.3486402167407,False,False,0.16964825018990426,0.16762250024597944,0.16955340833092056,0.1700650907389524,True,True,2.126243490080746e-05,2.000947215518413e-05,2.12620928773435e-05,2.1262744919806653e-05,True,True,1.3186733877396705e-07,1.3195135193037193e-07,1.3189053823628131e-07,1.3186774425904808e-07,True,True,222.4530091401631,221.41421624265823,223.33929843057308,226.12560820149992,True,True,590.1554325840762,588.329719040546,590.6418927665121,600.4388434033456,True,True,False,False
0.08,0.022,0.014,0.046,1544.092738948056,1349.8023789464144,1543.2962329883023,1545.3453790671495,False,False,0.07429940229306016,0.06420890743265628,0.07418323092286327,0.07429999843450726,True,True,8.004680603388873e-06,6.94742039433587e-06,8.006196297627258e-06,8.03129169302987e-06,True,True,6.159935763022186e-07,5.869546163310964e-07,6.114918776461068e-07,6.17078636532413e-07,True,True,264.87580576410767,264.8003422493497,264.9931692273714,265.15379620259955,True,True,732.0670593536164,732.0673277160473,735.975275717747,735.6849891575372,True,True,False,False
0.081,0.022,0.004,0.047,1620.9609991507773,1320.8819419455156,1618.7430944065134,1618.7349257941826,False,False,0.06286677061171796,0.05414353521866991,0.06276995136583693,0.06290329083027302,True,True,6.061949343785301e-06,5.30166825414565e-06,6.017779395759762e-06,6.139040859282524e-06,True,True,6.321428147507557e-07,5.700992885431512e-07,6.390659073785455e-07,6.719421020128597e-07,True,True,267.30520822220745,267.00137068974806,265.3385435442596,267.3064014656211,True,True,738.925151696896,734.6310939207823,734.4611022141759,737.4048935013192,True,True,False,False
0.004,0.004,0.129,0.034,874.8901791020071,871.3902590225559,937.2742760895231,1008.7354118516093,True,False,0.1666658462865553,0.12948202772843068,0.16670066938622946,0.16716822618806423,True,True,2.1195776777531846e-05,1.1757109245377968e-05,1.9364643117028053e-05,2.0885275215865692e-05,True,True,8.876608397319693e-08,8.759333451151603e-08,9.541318595507592e-08,1.0927616891836152e-07,True,True,217.2805637954454,217.2827391105869,223.03008871596387,228.05912260794142,True,True,565.3534030333153,567.8618469025025,580.99106831879,590.7783646226981,True,True,True,False
0.085,0.016,0.018000000000000002,0.038,1268.5364485309478,1217.0580011860814,1290.8958842723862,1307.4507513915946,False,False,0.06934338235184115,0.06427696712855425,0.06934850381315197,0.07187453007765061,True,True,7.474088436160034e-06,7.028092802644236e-06,7.490264596295236e-06,7.655619765082498e-06,True,True,4.46585163130604e-07,3.928689239929853e-07,4.466017368169712e-07,4.4657962045137546e-07,True,True,264.21322149098216,263.8880993619734,264.2399566175925,264.2129802125238,True,True,731.5164754676872,730.3802987377372,731.5732223508373,731.5901199913105,True,True,False,False
0.007,0.006,0.128,0.039,1002.4999892761821,916.9677519933383,1003.5542954297838,1029.742673174599,False,False,0.1697964958934165,0.1426393800036785,0.16671036081785517,0.17152578839673258,True,True,2.1376543195171362e-05,1.59347480189814e-05,1.9729068273926274e-05,2.153869241959039e-05,True,True,1.3179180998433467e-07,9.841907234887327e-08,1.318104007242703e-07,1.3218486549352878e-07,True,True,218.33655363352239,215.92488467258417,220.3663508085712,224.25433986359826,True,True,570.367076003963,564.7770766112378,575.986946983742,587.6158360657753,True,True,False,False
0.084,0.016,0.008,0.04,1370.7703048667336,1291.5584918792897,1385.7647910643548,1397.860507474373,False,False,0.05884453238162133,0.05741197418742054,0.058768662704962636,0.06219117811571188,True,True,5.568977772147059e-06,5.151964796178544e-06,5.55466804772805e-06,5.8047703482965525e-06,True,True,4.5793966281333377e-07,3.68531780844731e-07,4.577465133110516e-07,4.6193989554772126e-07,True,True,266.0996837562797,266.0945250583305,266.1012060502422,266.1114653310776,True,True,735.9801263850652,735.5019484637716,735.9577902987348,736.1020269448991,True,True,False,False
0.085,0.013000000000000001,0.004,0.04,1386.054423577039,1276.1036096383384,1354.583805649414,1420.331503250338,False,False,0.052548142382618526,0.049689335541622213,0.05263327053091361,0.05584869001000911,True,True,4.130495014046102e-06,3.4751993625863956e-06,4.123753875280153e-06,4.405507118229339e-06,True,True,3.7669030093486036e-07,3.401904735106036e-07,3.720197400407461e-07,4.0373440589934445e-07,True,True,266.4726420509988,266.47203231069176,266.20772596202124,266.95701264844047,True,True,737.0249755856426,734.5164333888393,733.6865354569496,738.724257414613,True,True,False,False
0.083,0.021,0.009000000000000001,0.043000000000000003,1466.5539286397095,1313.3108292833117,1488.475535819998,1544.5496001959273,False,False,0.06488763901745084,0.06094873193904859,0.06670059961704648,0.06672916327172418,True,True,6.830384337988444e-06,6.646816532800853e-06,6.876250195475235e-06,6.824950746188655e-06,True,True,5.972096762169493e-07,5.605113786193684e-07,5.972199906811391e-07,6.060832857835829e-07,True,True,266.68918653220396,266.63600179557494,266.6894671961106,266.69766840685065,True,True,737.9477279201238,737.1426200509071,738.1139131349798,738.7809266490101,True,True,False,False
0.081,0.015,0.013000000000000001,0.045,1515.2709866226357,1301.4643271254665,1510.850930360161,1515.1150200290228,False,False,0.06960994345708675,0.06012566386438046,0.06980690993948321,0.06961050127422107,True,True,6.335784013703812e-06,5.933329276378534e-06,6.358467604989923e-06,6.3377841423444375e-06,True,True,4.22311233214493e-07,3.5839367875041335e-07,4.2246710840771956e-07,4.2367104947709854e-07,True,True,263.61764556810647,263.6176113281181,263.6120444422809,263.61759731725084,True,True,728.2396294191465,728.2374731101393,727.134421141962,728.2425298292075,True,True,False,False
0.085,0.01,0.009000000000000001,0.04,1366.5030700722784,1368.6788509216353,1367.8900456522144,1513.881020446328,False,False,0.05792822504482811,0.05792857901507165,0.057922136194361006,0.06156612044095572,True,True,4.492566822911441e-06,4.4635754823387595e-06,4.489317967340829e-06,4.539813607328874e-06,True,True,2.8661032593776903e-07,2.596848373263521e-07,2.905901387631431e-07,2.874200106121027e-07,True,True,264.5653892905915,264.56225803247736,264.57597506345616,265.54544366643023,True,True,731.6744429904196,731.6238900487674,731.7163882443394,734.5798387406559,True,True,False,False
0.088,0.007,0.016,0.046,1534.1304896711113,1449.5017067418898,1533.736543180032,1534.176059073449,False,False,0.07131867653562439,0.06177318083799911,0.07135570648756767,0.07133211950832992,True,True,5.2666665208432505e-06,4.999796714895946e-06,5.235218553702917e-06,5.2677962481211305e-06,True,True,1.9696368442318873e-07,1.7149277418218552e-07,1.9702270410565377e-07,1.9922296338149793e-07,True,True,262.4344040803862,262.1352042404915,262.8474618868884,263.94806936995167,True,True,727.8414598102106,725.4266242424978,727.4963847108265,727.6314185119231,True,True,False,False
0.08700000000000001,0.005,0.012,0.043000000000000003,1453.0770519168473,1393.2247820619564,1452.8277978840008,1537.6101235021574,False,False,0.06282549585979563,0.06220091099543028,0.063130110510881,0.06551013072168893,True,True,4.058917179877897e-06,3.2065547812115025e-06,4.059476979747972e-06,4.064796312564714e-06,True,True,1.4343602664810914e-07,1.4343724864995397e-07,1.4343721858738123e-07,1.4342179344549061e-07,True,True,262.8293430056309,262.8297334117744,262.8498034144087,264.16140083198735,True,True,727.7819783745363,727.1708471708024,727.7248818460185,728.8874862562564,True,True,False,False
0.09,0.005,0.012,0.047,1583.363186277521,1399.6310084501213,1567.362477113535,1584.8269080388245,False,False,0.06668545607913025,0.06465547090051459,0.06544920992292072,0.06671060041274741,True,True,4.07764469965688e-06,3.2554660788778607e-06,3.777201029470144e-06,4.070333629142485e-06,True,True,1.4297431658526906e-07,1.4201722639112397e-07,1.422174860012525e-07,1.4344526215591727e-07,True,True,263.22147122693883,262.0860855881422,263.14123149153073,265.2295234246578,True,True,730.7108458300143,730.5404467934347,731.2534995138706,732.6150185394544,True,True,False,False
0.085,0.004,0.008,0.045,1535.4301323839247,1447.6297315854774,1535.2678967866698,1537.8041827498025,False,False,0.0593860208494933,0.05450667427507895,0.05964266548489105,0.0599658436672415,True,True,3.0499379765965123e-06,2.5350209916458418e-06,3.050163239424717e-06,3.1625744601993794e-06,True,True,1.1648462770239365e-07,1.164197206883135e-07,1.1644717749973207e-07,1.1650844494120306e-07,True,True,262.86018328435296,262.47679040655254,262.8993418383513,262.8812692963947,True,True,726.7945391571499,726.0742960420567,725.3734034327031,726.823992723091,True,True,False,False
0.039,0.105,0.044,0.008,257.3834173314204,240.07319294486877,261.92475059469035,257.35687035735737,True,True,0.10271451969413545,0.09544280042408534,0.09991263202924894,0.10272050525342807,True,True,2.9611729637461125e-05,2.6670110409117186e-05,2.9311303098666263e-05,2.966879582123674e-05,True,True,2.7991598480711684e-06,2.7118813784894404e-06,2.7156654424729674e-06,2.8340229963153244e-06,True,True,272.7623072478973,271.9392306585912,272.3094472495954,272.86881389599625,True,True,739.7537436434379,736.0102697686906,739.3778362593412,739.7253236772094,True,True,True,True
0.08600000000000001,0.005,0.006,0.048,1643.3056973974813,1386.1492972768735,1645.139824407241,1645.538671357962,False,False,0.06015643382721791,0.047596343597611515,0.060156250144028,0.06073786857466114,True,True,2.8802225592089535e-06,2.28280695989205e-06,2.880672642211872e-06,3.234900391115751e-06,True,True,1.4522078873371916e-07,1.3913384117573248e-07,1.4950792556055818e-07,1.5158822807021763e-07,True,True,263.5708238552846,263.4644165445407,263.37380688293325,264.0529206668583,True,True,729.548469086729,726.354103760622,727.3176862560424,729.7991831862751,True,True,False,False
0.035,0.033,0.06,0.048,1431.1775855118985,1204.3839898772424,1414.7062955597605,1431.179867450116,False,False,0.12859130464037402,0.10231146295136306,0.12803208012745207,0.1285197716143315,True,True,1.750311240416558e-05,1.622533954320856e-05,1.634316320292956e-05,1.7494320704583782e-05,True,True,8.235540083831648e-07,7.633794796014588e-07,8.254624043327438e-07,8.401603967833156e-07,True,True,246.57876257925628,246.5143361035219,246.54755204605397,247.42136438220425,True,True,662.7203778330042,661.3130903334027,662.7264987585812,665.8446809255104,True,True,False,False
0.047,0.098,0.004,0.025,881.4141165301885,879.6966443321961,878.3928986443685,926.5661122265521,True,True,0.0692669156450571,0.06906042844723793,0.0699181393595372,0.07171224972254671,True,True,2.2492341385162754e-05,2.2443388749094115e-05,2.2700753423070236e-05,2.295552452883218e-05,True,True,2.8649958693129696e-06,2.803682867724822e-06,2.8460448941554123e-06,2.9333738193066778e-06,True,True,280.6062634926189,277.3728541090463,280.9699908122713,281.51916344721496,True,True,764.4936065041018,760.6736456914224,764.2286125283408,766.9512870217654,True,True,True,True
0.028,0.044,0.10300000000000001,0.016,441.75070751851655,404.9280488215314,441.7947619010989,451.4086953903653,True,True,0.1452928075703104,0.13347923823681943,0.14411426579529812,0.14518438960233918,True,True,2.5068673937452273e-05,2.3682426457805296e-05,2.5074193704216808e-05,2.5065240523911556e-05,True,True,1.0164850590291236e-06,9.469593100458537e-07,1.0166721941447076e-06,1.0165263397955173e-06,True,True,240.48127883442842,240.27634428836984,241.09113374606227,241.66174445212664,True,True,642.408513365365,642.4087217204867,643.2655266363732,643.302936555857,True,True,True,True
0.016,0.052000000000000005,0.025,0.03,992.7863249039987,985.582158119362,992.4018148643531,997.3652507175431,True,True,0.08310299769614887,0.08289274895512634,0.08303118084481605,0.08876216923153157,True,True,1.6049996634786643e-05,1.6050187057229156e-05,1.6317287058004848e-05,1.7969094290767126e-05,True,True,1.4325384939680947e-06,1.4323284803156983e-06,1.4325133578327417e-06,1.4325367687655524e-06,True,True,256.38955765915665,256.3577828571485,256.3898283808156,256.3974993602277,True,True,679.1389893270141,676.9874605418366,679.1358770046028,679.9953690231314,True,True,True,True
0.081,0.021,0.049,0.031,959.1354897105641,816.2393417513147,971.7365304671958,994.0534202871182,True,True,0.0995509825789527,0.09699793780430052,0.09953460333822883,0.0998053700180078,True,True,1.3706235399497548e-05,1.308532544077577e-05,1.3683993511239423e-05,1.4081745539146074e-05,True,True,5.439679937399239e-07,5.43990501132334e-07,5.418246217882042e-07,5.439688993640435e-07,True,True,258.05990761626305,258.05297762365393,257.94424458959116,258.4774959317573,True,True,713.7551352644302,713.7556137925807,715.205501926197,713.8574265376725,True,True,True,True
0.005,0.10400000000000001,0.067,0.006,183.31860168590893,166.6759943574864,183.3769400044874,182.58551823836314,True,True,0.12417508919744563,0.11831952710591712,0.12602711957515805,0.12622321571543757,True,True,3.204178071814112e-05,3.084579991011149e-05,3.287298164989752e-05,3.2614555033002526e-05,True,True,2.6278508471391023e-06,2.607434530830057e-06,2.6572849797016967e-06,2.63425784298942e-06,True,True,259.4977973696623,257.3460906299832,260.3334229646649,259.54220067980344,True,True,687.1135109751094,687.1125933524512,690.870011604235,688.278796766579,True,True,True,True
0.015,0.006,0.006,0.03,1044.1680453796935,905.9720171423463,1043.923058766222,1075.755202914959,False,False,0.042646370714519,0.04264682286548682,0.0425927901181102,0.048601073688273835,True,True,2.9007759794330414e-06,2.8474585150486326e-06,2.898094318626058e-06,3.242242013682248e-06,True,True,1.7681005274415803e-07,1.5995929434969431e-07,1.767232093331116e-07,1.7657487847333468e-07,True,True,248.65730109823156,248.5069238186818,248.63637495390242,249.55087945437288,True,True,651.8387391325979,650.316496644,651.0683939212907,657.2746898818923,True,True,False,False
0.062,0.018000000000000002,0.07,0.006,180.66893859265332,178.8932680413006,180.6487643194555,208.89494776498094,True,True,0.09921636090839031,0.09827374892082998,0.09911447941916852,0.11400205887059969,True,True,1.6320070187676488e-05,1.5635184829971425e-05,1.6302212671219557e-05,1.8305667679525327e-05,True,True,4.515914167977723e-07,4.5146470103885303e-07,4.671204426433601e-07,4.5633837435908284e-07,True,True,250.02359039927666,249.67074043954727,250.02381662667423,250.44856473397158,True,True,680.4758471081902,678.1371716573594,680.4747234878657,681.0036109051167,True,True,True,True
0.018000000000000002,0.026000000000000002,0.08700000000000001,0.035,987.5771290328975,987.6865896263612,987.2351207768982,987.9795744946546,True,True,0.1405037595838091,0.14065786473541747,0.14065383055398203,0.1457480912927619,True,True,1.9894318396078498e-05,1.9736137251889987e-05,2.0372502026887764e-05,2.1179691596213066e-05,True,True,6.159303413359327e-07,5.840518154434654e-07,6.17054256532788e-07,6.183325766069589e-07,True,True,235.6819325671631,234.93439711741215,235.66446661482553,235.6732846435969,True,True,623.516328689272,623.5169132805624,622.5997091054304,623.3523317681244,True,True,True,True
0.02,0.034,0.061,0.048,1428.4908789432911,1211.898352252187,1325.0069097864184,1429.5748227257623,False,False,0.12990869747935954,0.11662607915140423,0.12976947752599513,0.12989842671777344,True,True,1.7828016053363323e-05,1.713967137396659e-05,1.783574684452305e-05,1.7866731288771985e-05,True,True,8.469655589384894e-07,8.469982840936554e-07,8.252704871574298e-07,8.473647921457804e-07,True,True,243.1071598884157,243.10669711062914,243.1053101948457,244.0559712851847,True,True,645.8974559117546,644.348116020776,645.9114184922643,645.9270900148954,True,True,False,False
0.014,0.148,0.004,0.026000000000000002,919.4790364020857,918.7670328407355,911.9551031856589,1001.1292052343647,True,False,0.08926235720859284,0.07822452270304844,0.08926289710692181,0.09020541494355613,True,True,3.340867567816561e-05,2.9244160491841727e-05,3.317489704267473e-05,3.343747319926457e-05,True,True,4.3373451274080326e-06,3.7061467547625032e-06,4.21271693646968e-06,4.3485314318331765e-06,True,True,285.6735672696612,278.4062226481419,284.11894651453593,285.67360565984615,True,True,767.3714033466802,750.2024704434757,764.953341954311,767.3881619119979,True,True,True,False
0.004,0.007,0.025,0.032,1055.6703186512314,1000.0615399766167,1057.825253180444,1056.7339685639456,False,False,0.06911672762604129,0.06487603527611557,0.0633851932708786,0.06912726182208397,True,True,6.822356594709446e-06,6.278515545096541e-06,6.2655890374771046e-06,6.819591942750549e-06,True,True,1.9532822065079902e-07,1.9362682359209663e-07,1.8729349013303355e-07,2.019865734372601e-07,True,True,241.86787962110313,241.80687754668634,241.90071758986642,242.81794718969826,True,True,628.8023433005052,628.790071255191,630.0467764977813,628.9669545461741,True,True,False,False
0.007,0.10300000000000001,0.021,0.022,742.6986967800813,685.7923176718033,742.7446768711463,760.9354785208382,True,True,0.08918944276179422,0.0892044878960895,0.08928507893616541,0.09809805939533524,True,True,2.6075095600534508e-05,2.5948478152589967e-05,2.5575319631367474e-05,2.794562110874118e-05,True,True,2.887937073177154e-06,2.8194023613748037e-06,2.8571467787741824e-06,2.993148725764345e-06,True,True,268.9249650188529,268.77708146335345,268.9231607715419,268.92384326418863,True,True,713.5219826230797,710.8840470299647,714.3703533429359,716.3329371401115,True,True,True,True
0.077,0.007,0.007,0.007,246.93323015119847,244.82622942096108,251.0323622983091,376.09916735156526,True,True,0.020631314642028702,0.019943817341790418,0.021888278491429495,0.03822083344617297,True,True,3.270845784813434e-06,3.226719006717452e-06,3.878832119661639e-06,5.744677326992451e-06,True,True,2.0801973195857558e-07,2.0789189585908258e-07,2.2324724794288471e-07,2.3444106618625887e-07,True,True,264.94826177652806,264.948443543325,265.5207913707657,271.2729527882377,True,True,725.2976560189452,725.2922818327072,732.2479091066826,753.416601585909,True,True,True,True
0.018000000000000002,0.028,0.045,0.011,350.36645038623936,350.303143916008,348.33498731927,383.7816327470143,True,True,0.08029280995596651,0.08035227418854171,0.07994110910053864,0.0938939374310405,True,True,1.4454985679370502e-05,1.4317952603902434e-05,1.4398408351759894e-05,1.614894031758438e-05,True,True,7.43753126958592e-07,7.409361980781827e-07,7.433495101827417e-07,7.853717952305164e-07,True,True,247.61793441096128,246.6257301326497,247.6710763167618,248.5987023286579,True,True,652.5719562992592,652.094185844277,651.8894854288761,653.3982949177823,True,True,True,True
0.016,0.091,0.047,0.015,475.0577253499534,473.0403371082843,448.00424601227735,475.13954176326615,True,True,0.10735073191861448,0.1073506677654592,0.10733496630948847,0.10802153035706355,True,True,2.711509410618908e-05,2.59221746913758e-05,2.7115199935323306e-05,2.7115366724109983e-05,True,True,2.397424513027742e-06,2.278169724102267e-06,2.397272949756317e-06,2.395838354589461e-06,True,True,262.5716573917742,262.28772723678964,262.57238934735784,262.5673513189995,True,True,699.6819485876185,699.6721968669688,699.6880799604675,700.7757550204487,True,True,True,True
0.019,0.036000000000000004,0.037,0.014,454.10234478829994,437.5559199026686,453.53402175758083,465.47301661308825,True,True,0.07662557820353715,0.07661771476108911,0.07633878714027985,0.08909282325654833,True,True,1.477335009711866e-05,1.4744239115301044e-05,1.4772877077529169e-05,1.5905178328554452e-05,True,True,9.72979236515229e-07,9.72984802896522e-07,9.73046619958776e-07,1.0655108180924296e-06,True,True,251.49393727074238,250.8919048053156,251.50832607675434,252.19013623864302,True,True,664.5029820823889,661.2036572607111,664.5043505154819,668.7437682921898,True,True,True,True
0.011,0.039,0.068,0.029,860.0692868787443,860.0680078252393,860.6295358329553,899.0111458508999,True,True,0.12284707267771644,0.12162106881788236,0.12285958803074158,0.13139854609935733,True,True,1.979496618615237e-05,1.9266889298799376e-05,1.999289936008504e-05,2.1163207932882525e-05,True,True,9.677164490462157e-07,9.685374510944475e-07,9.862559995767428e-07,9.74248181977265e-07,True,True,242.17853683669898,242.1776963973519,242.18203563003365,242.84421747405506,True,True,637.9179894798762,637.6962220429698,637.7512632439935,637.8955472626069,True,True,True,True
0.07,0.012,0.005,0.027,942.7778808272573,942.1963328802873,953.7693703435333,1168.3736984496327,True,False,0.04037583554133369,0.04002690506162317,0.04028977742798,0.055812230412106804,True,True,4.0364012646751475e-06,3.967884271043139e-06,4.102176522910737e-06,5.171331635203232e-06,True,True,3.507469051712282e-07,3.506626910185455e-07,3.9811577706358703e-07,3.640440103505768e-07,True,True,263.4966867151333,263.49445559835954,263.56277167630327,263.4989656870505,True,True,720.1503029731522,720.0614906795823,720.1495374042127,724.3003928005227,True,True,True,False
0.059000000000000004,0.058,0.034,0.047,1497.81276731984,1259.7125806332085,1395.024445968013,1498.6256777372005,False,False,0.1103065177892762,0.09664105747537517,0.11062179005126502,0.11056470039091018,True,True,1.8578207798183036e-05,1.792076522502356e-05,1.8578824948099527e-05,1.8583073428966593e-05,True,True,1.5402843787118983e-06,1.5136889857701884e-06,1.573164127010232e-06,1.5405636409237847e-06,True,True,264.59758681909904,264.586076247433,264.597536903067,265.1257824509967,True,True,725.557394397174,724.8687523805992,725.5513569521778,725.8348154695094,True,True,False,False
0.009000000000000001,0.034,0.07200000000000001,0.04,1165.8992928860748,1046.877657733049,1136.888512736226,1166.1706427142417,False,False,0.13366966785222437,0.12228538109498295,0.13379239860550687,0.1336680552357374,True,True,1.9348067729361523e-05,1.765857354116419e-05,1.9290576174919736e-05,1.935139814708606e-05,True,True,8.302584177439306e-07,7.071841314504908e-07,8.181528718667671e-07,8.534783086052913e-07,True,True,238.66208383242594,238.66254420611384,239.04268837482303,240.71304544316644,True,True,627.9322413619851,627.9357650624202,628.2706144344828,630.079787093097,True,True,False,False
0.1,0.029,0.034,0.029,933.6801881556594,869.1366374700461,953.9475037504177,950.7584559735028,True,True,0.08418211348013904,0.08045719240225102,0.08417322350869143,0.084868350459729,True,True,1.2914100667687892e-05,1.2009634862005685e-05,1.2914410163838361e-05,1.2924069081157638e-05,True,True,7.791944114223862e-07,7.792106255066212e-07,7.791837891328006e-07,7.889597241012091e-07,True,True,268.1175175992185,268.1096673375899,268.11693145028653,268.37276243960247,True,True,750.8284299167233,750.161626538316,749.240238245138,750.8324038327162,True,True,True,True
0.101,0.006,0.041,0.031,977.5636363074311,977.2101562599381,989.1859857073475,1005.2702107788473,True,False,0.0859134182972288,0.08289027694811447,0.08668984247144397,0.08672507410194119,True,True,9.53360687674262e-06,9.272063226081192e-06,9.53692479048677e-06,9.894590664650082e-06,True,True,1.603881839625145e-07,1.5479746782126134e-07,1.5762854622249404e-07,1.6630761189467403e-07,True,True,260.6928180859554,260.6939330170222,260.68540419464915,260.6928740188777,True,True,729.0055995003745,728.8984198884818,727.9090086902943,729.0435612323872,True,True,True,False
0.136,0.047,0.005,0.007,248.41390499631916,229.5743603595862,230.94682659367678,252.5361432366425,True,True,0.03275928089154215,0.03242724564454339,0.03249533209077452,0.03579432129035554,True,True,1.1661983805862011e-05,1.0594304266256915e-05,1.1675112251337808e-05,1.166165673183892e-05,True,True,1.3825489355959983e-06,1.3278470340296211e-06,1.2640451515060288e-06,1.3906903198659057e-06,True,True,289.44529819571085,284.0420916402157,288.57484277316775,289.4932475343035,True,True,825.8968623518739,807.0840609109255,826.3065545347621,827.2153354731765,True,True,True,True
0.053,0.091,0.004,0.025,880.887813932999,879.1726643255181,891.9173756570345,949.5809641462187,True,True,0.06661431508619893,0.06638006284466928,0.06655997000674467,0.07046864859662516,True,True,2.0958918180989256e-05,2.0698902326274308e-05,2.091556622053585e-05,2.1361079433692958e-05,True,True,2.659095508668186e-06,2.6575738571377666e-06,2.657581247921418e-06,2.812643650582858e-06,True,True,280.2092237918633,278.6860062605975,280.8100005630404,282.32256227274536,True,True,765.641629797884,762.7118452106457,768.2590216770665,769.622608850405,True,True,True,True
0.042,0.055,0.057,0.032,972.510776559072,938.3130081700975,972.4743199749905,980.1473173174213,True,True,0.11977272455157228,0.11930128437087471,0.11914079598805412,0.11974994583423644,True,True,2.131120504088834e-05,2.1093787201051838e-05,2.1311354300916506e-05,2.1377110583625853e-05,True,True,1.3958268945755025e-06,1.3695961464933717e-06,1.4075085037139201e-06,1.395831283125619e-06,True,True,255.79530333523843,255.7844031698504,255.79489510189543,256.6117057377422,True,True,692.1793804832791,690.9090514001949,692.1761612411646,692.1801940786437,True,True,True,True
0.038,0.049,0.044,0.045,1400.0531057584255,1157.1644899077073,1400.0828760399556,1427.062454135406,False,False,0.11585934544038876,0.09755717205018744,0.11725665207067369,0.11699793147715651,True,True,1.8292603009499427e-05,1.813667722587588e-05,1.8290167177276867e-05,1.8292487207599575e-05,True,True,1.2723215323868978e-06,1.1942184530961616e-06,1.2722019322708444e-06,1.2746263331875e-06,True,True,255.2663484496141,254.90968482703258,255.15095980541298,255.846603478682,True,True,688.80252928808,687.7614638044186,688.9245927556824,688.8044092427435,True,True,False,False
0.026000000000000002,0.041,0.099,0.024,664.219981240525,652.5352055004188,670.3375366113207,664.416341090558,True,True,0.1469283545274077,0.13813147046809926,0.1469331411340995,0.14696472307892045,True,True,2.4036249987667013e-05,2.3984292599274484e-05,2.412952852991526e-05,2.404058072501187e-05,True,True,9.509976416495471e-07,9.270841167124495e-07,9.51007479727537e-07,9.510435759524929e-07,True,True,239.5298916355742,239.52992308580698,239.70080919460884,240.45268511735253,True,True,639.0770983111356,639.0769576228436,639.0767832118714,639.5601061538216,True,True,True,True
0.068,0.033,0.026000000000000002,0.028,922.8419708989048,922.9502148141466,922.5532020602004,991.7086706699483,True,True,0.07554152737550701,0.07554226578694573,0.07634493451152902,0.08476237802860308,True,True,1.2369024851626224e-05,1.2367669915358664e-05,1.2827171769789752e-05,1.3672389076221427e-05,True,True,9.065775642988581e-07,9.065190253678935e-07,9.140166668374087e-07,9.371835304083003e-07,True,True,263.57284611282734,263.52586369955606,263.57250225018225,264.05270968867586,True,True,722.4989581386582,722.130324970597,722.4933867053156,722.5033444202378,True,True,True,True
0.035,0.037,0.063,0.047,1392.3139323300516,1221.4409579136413,1398.8921099730192,1394.880372060131,False,False,0.1318408569679553,0.11054202960173291,0.13270918236507076,0.13490370813054303,True,True,1.866290835129545e-05,1.768900223696118e-05,1.8706908935737738e-05,1.9903869115980474e-05,True,True,9.173074976216134e-07,8.958945086917905e-07,9.045405852829213e-07,9.351773664988945e-07,True,True,247.00436326098858,247.0044304342175,247.12709401076668,247.6820679661467,True,True,664.3285490113504,664.3285875312816,664.3422671351678,667.1875096892813,True,True,False,False
0.004,0.006,0.004,0.01,355.7586271612652,337.73334420748205,408.775560557007,739.5184144080428,True,True,0.01911428729578542,0.01651299305687516,0.02347203077898213,0.040355011652242166,True,True,2.335411462652336e-06,2.06181353818655e-06,2.3338275013576848e-06,4.480680098822713e-06,True,True,1.8072391966400474e-07,1.7933987778153974e-07,1.8185209076764432e-07,2.5086656040952226e-07,True,True,248.1021619795784,248.07609657510756,248.93418514544913,249.95243981729323,True,True,642.916196815667,642.6982688138763,645.097931883744,659.9944768872045,True,True,True,True
0.013000000000000001,0.018000000000000002,0.009000000000000001,0.03,1036.0386773621774,964.0479980623752,1034.9905516528374,1036.0980988823476,False,False,0.051082629471070506,0.04975061899771414,0.0505183842308952,0.051083061417061676,True,True,6.071437446650397e-06,6.069769564047915e-06,6.067054288001214e-06,6.070009623772481e-06,True,True,5.190581875720838e-07,4.964567458398302e-07,5.18715368630005e-07,5.22365911141945e-07,True,True,250.59054453528012,250.54666934743122,250.46501589427797,250.57545039649344,True,True,657.5334309059206,657.3821443457382,656.5466026772804,658.7781736940833,True,True,False,False
0.004,0.036000000000000004,0.074,0.038,1104.1006481550098,995.0883623972652,1104.083099244147,1104.177048726018,False,False,0.1345537811862018,0.12794478229841524,0.13453355323352056,0.1359068793215554,True,True,1.9990819080066203e-05,1.999216107531435e-05,2.0062520734299094e-05,2.016782711770808e-05,True,True,8.762536247390157e-07,8.187505611569118e-07,8.761285126376637e-07,9.108328035299443e-07,True,True,237.70799873128337,237.48711689444872,237.7070693329637,237.93843195358443,True,True,622.940926534333,622.3020891609808,622.8468340798215,622.9622786080554,True,True,False,False
0.064,0.012,0.045,0.031,969.1461398296535,916.5442574535655,969.0695457311606,1014.2148387782033,True,False,0.09238814279660959,0.0830470834083854,0.09239551843501816,0.09555015517652145,True,True,1.133212577344037e-05,1.133272980461707e-05,1.1277370085347574e-05,1.1331787425095599e-05,True,True,3.153220405353188e-07,3.027753003888606e-07,3.153373913447829e-07,3.172655115735923e-07,True,True,252.6871257003611,252.68402322923419,252.7158189985663,253.01581221921256,True,True,689.4812192648677,689.3760351513042,689.4908118019168,689.4842332768907,True,True,True,False
0.035,0.041,0.049,0.043000000000000003,1322.5175231106412,1184.2200356175283,1322.625900793932,1398.1199138138536,False,False,0.1165150236559974,0.10678330501284888,0.1167878289092255,0.11919853200798153,True,True,1.747674825002043e-05,1.7478920843348836e-05,1.757329734813066e-05,1.7852302403387905e-05,True,True,1.053446327933987e-06,1.0372038257286618e-06,1.0534239318812893e-06,1.0535287595304063e-06,True,True,251.52666464754788,251.44611234270647,251.55235404018336,251.55957515155293,True,True,676.231697368186,676.2317804499082,676.4415255145759,676.5361245529735,True,True,False,False
0.067,0.006,0.011,0.028,960.3956203949524,959.8515732232814,971.1164448531363,1201.8585728266971,True,False,0.04720545099787616,0.04714699839426121,0.04850123826905003,0.06283057988935738,True,True,3.980140032502047e-06,3.97434492031879e-06,4.263878562997912e-06,5.5246247757079495e-06,True,True,1.741201966216437e-07,1.7409451847011112e-07,1.7885122185252053e-07,1.886063255047672e-07,True,True,259.81440223447737,259.778682258959,259.7682316344492,261.12247636087113,True,True,708.2577091894857,708.308648279188,708.1533192194412,715.1416307264276,True,True,True,False
0.01,0.036000000000000004,0.07200000000000001,0.048,1391.7396492101389,1134.8598186641316,1289.1167257499826,1396.3025173388935,False,False,0.14050640669243275,0.11863012898427354,0.1357528637210277,0.14067240571198658,True,True,1.9661490309912507e-05,1.7763566150179295e-05,2.011758648050903e-05,1.9733741428579155e-05,True,True,8.744879669826792e-07,7.42225057683951e-07,8.28580705390955e-07,8.745672169772473e-07,True,True,238.7873008227777,238.79005490371506,240.77757430810712,241.3063293470276,True,True,629.7261250711135,629.743520554519,630.3584695104624,633.4680445288055,True,True,False,False
0.129,0.041,0.015,0.004,138.7889087917378,138.49963579566844,138.79553931317488,146.7925775620989,True,True,0.04120697644621018,0.04123178645329796,0.04121722392082491,0.0431623662583004,True,True,1.2201771289728653e-05,1.0384505285903122e-05,1.230246728500983e-05,1.2541639568675395e-05,True,True,1.1766518003584865e-06,1.1768907861977004e-06,1.1745188577276246e-06,1.1943627372352907e-06,True,True,284.2308349537018,281.31761543298336,283.97909681371806,284.66975348962245,True,True,807.6079631724084,797.7946253586408,807.5721342064945,807.5479548400681,True,True,True,True
0.033,0.045,0.046,0.044,1362.9604020686868,1167.6282943947067,1381.1223863889538,1362.9472058727151,False,False,0.11570393572352303,0.1053768600792039,0.1156959473676664,0.11688028123734805,True,True,1.7796025298575504e-05,1.726496840987687e-05,1.7796050718376016e-05,1.779615257250586e-05,True,True,1.1638574811925338e-06,1.1349461709920523e-06,1.1933243413971674e-06,1.164407049472806e-06,True,True,252.69383596899155,252.69283174929024,252.64782427432363,253.46011525681158,True,True,678.8320235320313,678.825461194742,678.2059395736759,679.765959696412,True,True,False,False
0.024,0.032,0.068,0.046,1347.4762220557154,1154.5541359514073,1252.7295881885668,1347.5237648032196,False,False,0.13406804413790568,0.11975579755185256,0.13257138842509902,0.13410100781490203,True,True,1.8420892102857088e-05,1.6434778706500014e-05,1.8419484883007817e-05,1.8383256841454622e-05,True,True,7.852783302085443e-07,7.807493066592698e-07,7.851171169139828e-07,7.854006735960819e-07,True,True,242.09171783436304,242.0918117551452,242.1217254491648,242.9261340298691,True,True,644.97647089286,644.9762807611718,645.017094956102,645.6935787744598,True,True,False,False
0.062,0.025,0.07200000000000001,0.007,209.4435124765268,209.42885117856872,209.47691490562244,233.2519339819345,True,True,0.10427122280883873,0.10427124293585377,0.10607461276097807,0.1197638105912455,True,True,1.7896512082173736e-05,1.7048368063408795e-05,1.7897790874806357e-05,1.9239901716117596e-05,True,True,6.228950254115509e-07,6.228964339543693e-07,6.228937874689052e-07,6.359248832670437e-07,True,True,251.28602821963082,250.27321265249913,250.9480171755527,251.28396893290233,True,True,684.8558847117125,684.7617079158167,684.7218071882131,684.8509657909469,True,True,True,True
0.091,0.01,0.048,0.01,315.3102836866646,315.29188794097615,314.6216432742261,323.95207097044397,True,True,0.07648594891264053,0.07648266181333314,0.0764955067075213,0.08587821903708166,True,True,1.1461974311067929e-05,1.1461660992627902e-05,1.1463443164317531e-05,1.1505295661929902e-05,True,True,2.6478914223391745e-07,2.3185623225678733e-07,2.548689168817988e-07,2.6569940857063876e-07,True,True,259.4277610914109,259.28060915536986,258.77865829138983,259.65873414233874,True,True,719.3243311224476,712.7101045156496,718.0449061769108,719.416241564312,True,True,True,True
0.079,0.03,0.016,0.014,479.23202047219826,479.2463386756232,481.5785250788436,564.4244311736329,True,True,0.048576591264138165,0.04506876178726398,0.04857524019246771,0.05793136734671106,True,True,9.995074766218895e-06,8.927504612194902e-06,1.0352882885738991e-05,1.1089065063269471e-05,True,True,8.546393271472436e-07,8.547125262679464e-07,8.82780542944254e-07,8.819673471002608e-07,True,True,268.7318427638985,267.86001737857026,268.93907608716495,271.73839110805056,True,True,740.0975629594878,738.8912487920816,742.6206428263988,751.5063772931526,True,True,True,True
0.009000000000000001,0.028,0.096,0.004,114.61494041219626,62.15881472792239,111.83619849194427,134.37691908712105,True,True,0.12567403241459543,0.1223748193622106,0.1256744972239008,0.14076555048225176,True,True,2.155425593070774e-05,2.110353780590416e-05,2.1561543439664768e-05,2.338367868469622e-05,True,True,6.628377092298557e-07,6.159419434300388e-07,6.627101582916251e-07,6.818371019840719e-07,True,True,234.4595273696262,233.16834152015153,234.4293488083485,234.4572260921413,True,True,613.386255642167,611.4755590493684,613.3777747072857,616.5319292680709,True,True,True,True
0.067,0.068,0.032,0.008,264.63412821246027,249.34151019425246,264.6749032197501,264.6813613426166,True,True,0.07628170932162191,0.0743938560309837,0.07627917347057542,0.08041168975376654,True,True,2.0550222465577323e-05,1.9816809089969032e-05,2.0548462991573425e-05,2.05505378955248e-05,True,True,1.8652721192983368e-06,1.8263175060814432e-06,1.872262120997645e-06,1.865412496358366e-06,True,True,272.5222314567129,272.2596964749738,272.5169290287058,274.20002122240237,True,True,748.615515646034,748.3415089864109,748.6951197295842,748.625445993649,True,True,True,True
0.041,0.015,0.004,0.005,178.56190596821776,174.67390182652824,208.2753141434473,251.93377050331432,True,True,0.017200471107333973,0.016973306825153918,0.020270133486484633,0.0339440640599018,True,True,4.331761404768035e-06,4.310386808962429e-06,4.892749942193256e-06,7.443852113776331e-06,True,True,4.4699064251445743e-07,4.4676537754757915e-07,5.3176172783857e-07,5.685430550130942e-07,True,True,259.4382378231459,259.4121678147873,261.2431151127733,268.01723893425026,True,True,692.8596328138709,692.8600702429073,702.4455792191891,727.1666484774064,True,True,True,True
0.041,0.051000000000000004,0.036000000000000004,0.048,1521.2139926696352,1197.1728343420966,1513.5516920628993,1522.2030120578129,False,False,0.11094684256496909,0.08881472367485553,0.11055268839955254,0.11104215505336297,True,True,1.7479286869158758e-05,1.7104016590041675e-05,1.7477566503902957e-05,1.7479604589179234e-05,True,True,1.347679895112203e-06,1.2733243290142058e-06,1.3485131905160566e-06,1.3499312934208071e-06,True,True,258.0661595063622,258.02499373624715,258.0670605766702,258.06662027910943,True,True,698.1447576085764,697.2904802641989,698.3974207785092,698.1474070652866,True,True,False,False
0.076,0.055,0.026000000000000002,0.027,891.2087733895257,892.9625753794334,890.9110987952946,891.4940091816302,True,True,0.08234095460267056,0.0806389861704184,0.08272136695497752,0.08541236620140102,True,True,1.687917024991657e-05,1.6071299682379087e-05,1.6873871007677315e-05,1.7160589333581856e-05,True,True,1.5107597122161992e-06,1.5110236265550702e-06,1.510761671579455e-06,1.510755369142365e-06,True,True,271.16843393799,270.80360285519936,271.4294426465196,271.16847606712525,True,True,749.5285293812411,746.7653118736083,749.0104885620453,749.5699335289299,True,True,True,True
0.058,0.04,0.09,0.006,172.80861225843776,172.7809296369161,164.55144987695775,172.81761969004188,True,True,0.1252375942838753,0.11918732050671432,0.12323170127043821,0.12598046359865384,True,True,2.2947708699911126e-05,2.1260151337133492e-05,2.2704479663912398e-05,2.2947447360739947e-05,True,True,9.559450509834584e-07,8.908580527945471e-07,9.5862044920983e-07,9.748684484009984e-07,True,True,250.19278314313013,249.92420803534304,250.14185924953583,250.19261210020184,True,True,682.0651259930042,678.7175409801661,681.6082878238311,683.4814139032162,True,True,True,True
0.048,0.009000000000000001,0.039,0.031,984.6814073244464,984.6405268167529,984.6397404764605,1011.63859811965,True,False,0.08488910015323475,0.08491817405643208,0.08486940731010625,0.09699662856959414,True,True,9.731565614327826e-06,9.73266076331151e-06,9.74338577336403e-06,1.0994795277983657e-05,True,True,2.4099136222393704e-07,2.4062193528736675e-07,2.4099167408508666e-07,2.423073466257696e-07,True,True,249.54744898862842,249.21618548528673,249.54738688729302,250.01754544736517,True,True,672.3726164166713,668.9729205854303,672.3537737516083,672.370668205252,True,True,True,False
0.136,0.047,0.005,0.006,213.1797474442117,212.15426913106506,213.19333865019507,218.32363200637124,True,True,0.031716233111855195,0.03162457073101182,0.03227840412500411,0.03579508703703686,True,True,1.1660443988370505e-05,1.065472716284875e-05,1.1697702178724994e-05,1.1729554802589799e-05,True,True,1.3836135825275983e-06,1.3132068222604099e-06,1.2670025782797188e-06,1.3917771094347314e-06,True,True,289.525284318578,283.80125682441553,288.5987658221903,289.52693910086936,True,True,826.0183520579812,808.2111748100107,826.1951574067886,826.9756538664534,True,True,True,True
0.04,0.059000000000000004,0.043000000000000003,0.047,1464.4793336142384,1185.6074376991091,1462.175168305698,1464.8969198451941,False,False,0.1198926342971889,0.1012077375342065,0.117196678140575,0.11992891300042066,True,True,2.0074417604249986e-05,1.9748578160621214e-05,2.0088899921950146e-05,2.0074639018563e-05,True,True,1.5335055587832972e-06,1.4608695772744363e-06,1.5213419838591352e-06,1.5833798587973625e-06,True,True,258.3721377025764,258.36081383205067,258.35570837007225,258.8212000511954,True,True,699.5182384674695,699.4055470703596,697.4158403862614,700.3200745403385,True,True,False,False
0.033,0.037,0.10300000000000001,0.02,550.048790460285,516.6177064849076,550.0510131924708,550.1378468694254,True,True,0.1461033348913795,0.13858773531712354,0.14611173967568256,0.14613884702735488,True,True,2.3838005335259017e-05,2.315603113573706e-05,2.3838281561547258e-05,2.3850895431748182e-05,True,True,8.527689119478749e-07,8.527718417940716e-07,8.528501439426029e-07,8.53817469046129e-07,True,True,239.5373957623146,239.5311971195873,239.53014155987256,241.15018138047074,True,True,641.9366892603864,641.8312397676972,641.9169868663515,647.258930191934,True,True,True,True
0.08600000000000001,0.03,0.043000000000000003,0.03,943.383842859009,864.2289897173245,943.4920357869464,950.0820608542153,True,True,0.09533677852812118,0.09241432976162252,0.09561366934604197,0.09741498530076478,True,True,1.4526849704935381e-05,1.382378156489777e-05,1.4526434722422034e-05,1.45645810837974e-05,True,True,7.879840861704327e-07,7.843251126584963e-07,7.98355256922111e-07,7.92284624248051e-07,True,True,262.9801169484487,262.3969594834119,263.0100608894294,263.56202272778444,True,True,730.3503596575989,730.2295856003899,730.3677706072936,732.3353962447816,True,True,True,True
0.037,0.006,0.021,0.03,1000.6492432109595,1000.5811260123668,1000.668881671099,1198.6838066360287,False,False,0.061931146852926694,0.06193464567522744,0.06199435366909069,0.07907435539138442,True,True,5.899280465353387e-06,5.899285963784057e-06,6.432336625239156e-06,7.377601840361312e-06,True,True,1.6959531541774766e-07,1.695963998288126e-07,1.6975520852455148e-07,1.8680624051482274e-07,True,True,250.38017893856784,249.2546248296113,250.55053209580507,250.54427153421153,True,True,668.0776284637957,668.0555347624855,668.059503044027,668.0654808468737,True,True,False,False
0.034,0.037,0.045,0.048,1485.95821387654,1225.2998816287152,1494.841377483486,1486.0415733220677,False,False,0.11542770743478858,0.09646258279597504,0.10863931665713657,0.11540768646692415,True,True,1.6101077994794085e-05,1.4648674772226399e-05,1.6085383965167677e-05,1.6109188395466526e-05,True,True,9.568948618251316e-07,8.845530273834999e-07,9.223257871406178e-07,9.572072103518607e-07,True,True,250.78758196011893,249.66888681042815,250.39568039446186,250.79049627030358,True,True,673.5891998669347,670.3102148264583,672.8910687193793,673.5894405888706,True,True,False,False
0.005,0.096,0.064,0.033,988.0425305689367,988.3321251241788,994.0026991268924,989.727068319472,True,True,0.1406094011528567,0.13132297004680443,0.14065112589883486,0.1409467095165132,True,True,2.984976392138088e-05,2.953111205064035e-05,2.9866584556596167e-05,3.0461751737711585e-05,True,True,2.3995683540055888e-06,2.3970402866760084e-06,2.477658326654161e-06,2.4417436569225233e-06,True,True,256.02259000798347,256.0210709583332,257.1181020548385,256.62378776408167,True,True,679.1311606970503,679.1328023001306,682.5831085299034,682.4217032156625,True,True,True,True
0.028,0.06,0.06,0.032,965.9989253588101,943.2967820126794,966.6993515302208,965.9946849362209,True,True,0.12434978734477507,0.12079895734961273,0.1243506402985628,0.12556775284737068,True,True,2.26423830061308e-05,2.2640320020029245e-05,2.2663323806353824e-05,2.2641580131963253e-05,True,True,1.5127115954462618e-06,1.512612546104708e-06,1.512596043628064e-06,1.5361356286446917e-06,True,True,253.12848505879703,253.12846955504207,252.2833254646729,253.28912292423996,True,True,678.5654083061322,676.7259233024646,678.5693290310357,678.5655881348268,True,True,True,True
0.046,0.07100000000000001,0.029,0.045,1456.6927638581756,1113.0899424503846,1327.2005942524693,1463.5016147861127,False,False,0.10779489412991854,0.08582509930899697,0.10277799643486175,0.10778214141132135,True,True,2.0452316912676447e-05,1.8713704653825082e-05,1.94445629331501e-05,2.0452723459836167e-05,True,True,1.913393125316185e-06,1.8406882316366297e-06,1.9195196316223403e-06,1.911190797534188e-06,True,True,266.19694227646715,266.19132854713797,265.9474142691608,266.2720189065262,True,True,724.4757202456113,720.9660807457524,717.2438884328661,724.4755828656206,True,True,False,False
0.064,0.038,0.088,0.004,116.54381490212633,24.02410532323361,120.04482335152562,130.75638681824415,True,True,0.12123511701031309,0.1188254555821417,0.12123406085271485,0.12268728840391617,True,True,2.236397174260183e-05,2.0894967878178195e-05,2.2667123177293098e-05,2.237142914319822e-05,True,True,9.132625321600597e-07,8.534594128873687e-07,9.11226001512059e-07,9.628276193694339e-07,True,True,251.68941945695508,251.43464032176053,251.6935572485373,254.4571747458316,True,True,688.6733157826526,688.6452351117366,689.6391429039777,694.3988775283647,True,True,True,True
0.067,0.108,0.01,0.007,246.67444857542895,230.03457769323308,238.91664543758907,246.61866917947896,True,True,0.06260697037178355,0.059214816352868946,0.060094820526803476,0.06276362222531848,True,True,2.5776356415733744e-05,2.252050209242751e-05,2.4932714411418205e-05,2.575918853625429e-05,True,True,3.146911434392793e-06,2.748698554922873e-06,2.912093479893231e-06,3.0617828741203168e-06,True,True,287.8795551788502,281.8334068829749,285.84056070147545,287.8779400295991,True,True,793.9819299144931,773.7776785712001,784.5094201812217,793.9799375182032,True,True,True,True
0.052000000000000005,0.018000000000000002,0.012,0.028,958.8454623290439,956.5031843931962,958.8480192970583,1044.5444533626999,True,False,0.052923825183267686,0.05292118987820534,0.05292406795835291,0.06074407612190015,True,True,6.694958391578026e-06,6.626326428291883e-06,6.696998581099589e-06,7.748453989700882e-06,True,True,5.146884761215973e-07,5.147771330201772e-07,5.146756203369719e-07,5.230149982602963e-07,True,True,259.1684197110977,258.44609688215144,259.169317609552,259.4304085385338,True,True,700.344752693832,693.8504807550049,700.3477203322356,706.8782053575128,True,True,True,False
0.063,0.078,0.004,0.011,391.7641029822459,391.603326637955,397.1020782878267,466.6112138288923,True,True,0.04735740376137386,0.04735694292663578,0.05016090385765665,0.058058539283064925,True,True,1.8215409280269087e-05,1.821259485765512e-05,1.879402463173791e-05,2.147484145624785e-05,True,True,2.302014859069709e-06,2.3007109903166032e-06,2.398997739686312e-06,2.55407786059743e-06,True,True,280.2923817041645,279.71943569946416,280.708423809755,283.1115441820237,True,True,768.1640628676753,768.2252028294716,773.1539436744247,780.0127059078706,True,True,True,True
0.127,0.008,0.008,0.048,1631.7027424431863,1424.4089238588601,1639.5213062506516,1633.3576296785886,False,False,0.06368005724915748,0.0531883665601892,0.06466060401217373,0.06384709595790658,True,True,3.955979641665165e-06,3.1161759541060957e-06,3.986348355299695e-06,3.95705986823771e-06,True,True,2.2862249398536794e-07,1.9878438676820302e-07,2.2750004373742298e-07,2.3075613277545354e-07,True,True,273.4572153575911,272.1225756158717,273.4608462772198,274.975686861036,True,True,777.3988150661378,771.2848585584719,777.8534949135937,780.4986197644486,True,True,False,False
0.08,0.034,0.05,0.033,1017.5932862923192,1017.776356569822,1017.4467746259835,1017.5929671294767,False,False,0.10658937332482502,0.09934433992547362,0.10658763495748286,0.10659918055692195,True,True,1.6353320740307612e-05,1.644113944417668e-05,1.6353500528183808e-05,1.635331163230086e-05,True,True,8.760540225658909e-07,8.683342712723876e-07,8.745686457664745e-07,8.76055917957565e-07,True,True,260.78323315368254,260.77262528757046,261.00291936902283,261.46159210749215,True,True,722.3217885153379,722.2705388909603,722.245163097401,725.2027348111279,True,True,False,False
0.073,0.017,0.01,0.029,997.0155669797346,998.2055475937149,996.9300095468755,1019.0800128880246,True,False,0.05090890461758911,0.050894672095946204,0.05066176999481099,0.05584632396949082,True,True,6.118212925577502e-06,5.832828722744752e-06,5.911037699991383e-06,6.736906998539778e-06,True,True,4.88031205725603e-07,4.843571916411016e-07,4.810981218594302e-07,4.880290280066398e-07,True,True,264.19156733428537,264.18729757711225,264.19169214466234,264.3334904870229,True,True,724.4492205634939,724.4512865507015,724.446885938206,732.1445725198203,True,True,True,False
0.094,0.047,0.017,0.03,1011.3782854782418,984.9821987493477,1009.176008096862,1017.0138224855227,False,False,0.07156997189809229,0.06712338968096856,0.07158751315936995,0.07174288903717409,True,True,1.3745895208388834e-05,1.303714897097247e-05,1.3745699095871533e-05,1.374639299473077e-05,True,True,1.3178979420609947e-06,1.2287363192042157e-06,1.326914265663241e-06,1.3608216133455436e-06,True,True,275.1259328544727,274.76571169222746,274.47372524109994,275.46879820343486,True,True,768.3974463419664,767.9724823216341,768.2480157725585,771.6835531451553,True,True,False,False
0.026000000000000002,0.08600000000000001,0.079,0.005,148.7120088525013,47.52328885709399,131.2952335873885,148.68604407227897,True,True,0.12882213692728955,0.11766612433676141,0.12896754323367532,0.12882785706995292,True,True,2.9998251082577723e-05,2.865064213966256e-05,3.0004759278242055e-05,3.0001486240793963e-05,True,True,2.1115501192710754e-06,1.8531634261403224e-06,2.1120727042289362e-06,2.110685767434216e-06,True,True,257.11921004662696,257.11698921275274,257.6451437607673,257.79160839242513,True,True,689.5053615232266,687.6177906951257,689.9622571729121,689.3102048776832,True,True,True,True
0.063,0.01,0.08600000000000001,0.026000000000000002,738.331821972053,716.9101239248132,727.9997611963088,748.6609293146229,True,True,0.12776049059418143,0.11908932912088645,0.12774447747113576,0.12775999390707793,True,True,1.700275969918746e-05,1.5778043923646808e-05,1.698094121771038e-05,1.727879382541695e-05,True,True,2.3985195796827134e-07,2.142040345429189e-07,2.3898935679113263e-07,2.425655423144831e-07,True,True,243.00360501318963,243.00392305279496,243.6935274166261,244.86976551509105,True,True,663.3715302917055,663.37028886058,665.2608831508674,667.1849956780117,True,True,True,True
0.065,0.015,0.097,0.018000000000000002,501.5900298045975,485.78187970855515,501.53340882838296,501.4067670397532,True,True,0.13290054102108786,0.11743383679976785,0.12926876254820316,0.1329170738805098,True,True,1.9340803211491453e-05,1.717808517146663e-05,1.9146229761326497e-05,1.9340758460537026e-05,True,True,3.515662098208545e-07,3.4546937229264256e-07,3.539760796712724e-07,3.515655972335268e-07,True,True,242.8770933669897,242.8770551293532,242.86566937186655,245.05010519737962,True,True,664.2336433861273,663.9285472977487,664.2272812701636,670.2466251503556,True,True,True,True
0.01,0.005,0.011,0.031,1063.229601852944,1051.1943787615603,1062.7762091592924,1110.0038058385414,False,False,0.049931202365256,0.04977731722725871,0.04993688426096321,0.04999595215723542,True,True,3.7106549569510668e-06,3.1534296886451993e-06,3.7114805423033215e-06,3.717137923765126e-06,True,True,1.4588844250530005e-07,1.2229152647084248e-07,1.4606300966088907e-07,1.4562031529584326e-07,True,True,246.01967190674273,245.97353693287823,245.91698659374143,246.77743207461697,True,True,642.3033856041732,641.1978994815988,642.3831781299614,652.1762952958766,True,True,False,False
0.007,0.025,0.039,0.033,1049.0214429804275,1029.6645494401691,1059.984104068325,1048.9855214843049,False,False,0.092239606031271,0.0906145439371293,0.09228202013520079,0.09304895557930586,True,True,1.2851078552587811e-05,1.2584186102828765e-05,1.2852232532594063e-05,1.3038681395213217e-05,True,True,6.64444893159428e-07,6.624915678185333e-07,6.628938898345808e-07,7.237179287404414e-07,True,True,243.93064955060663,243.8948418801467,243.93171164656795,243.99657141080115,True,True,638.4941440901408,638.4942175532043,638.491293633923,639.4422544727432,True,True,False,False
0.006,0.015,0.015,0.004,139.08412118642428,139.06810817775118,136.66934829179434,190.58665877195435,True,True,0.03180815346892405,0.02859391920070771,0.03181346568652992,0.06162310463888339,True,True,6.525673159579404e-06,6.488558545389424e-06,6.139611268486846e-06,1.1497848066651606e-05,True,True,4.347389081210058e-07,4.2984782372431634e-07,4.277425231203325e-07,6.347347082458325e-07,True,True,248.84523379077845,248.81872515626824,248.81405649713545,252.60221781271017,True,True,646.7753838762424,646.7685807948999,646.6566639278551,671.7183349541555,True,True,True,True
0.004,0.11800000000000001,0.043000000000000003,0.026000000000000002,825.8000141161668,795.6352597260153,823.0251711484842,825.8328433584577,True,True,0.12198815611789772,0.10569009506271826,0.12221356792889612,0.12209027480479481,True,True,3.182670212312561e-05,3.0760485024271624e-05,3.182512497354715e-05,3.220764831243595e-05,True,True,3.119968224269757e-06,2.4365544765628705e-06,3.1202376894033842e-06,3.2757146729939255e-06,True,True,266.76272761881387,263.07743654489013,266.6144887934096,267.83914273950796,True,True,708.9277605981708,693.6737030757089,706.2709114296133,710.0963782574804,True,True,True,True
0.012,0.065,0.009000000000000001,0.013000000000000001,456.24974198623914,456.130553359455,456.2485319156195,548.7544454653139,True,True,0.051385709947488103,0.05136798394809335,0.05129968653842862,0.07085590727721265,True,True,1.619679363877217e-05,1.6195366215986633e-05,1.6592495928530494e-05,2.0308006013338007e-05,True,True,1.892844651301801e-06,1.8862393111974114e-06,1.8909143067430332e-06,2.1998439267826428e-06,True,True,263.75814845190155,263.69063521444855,263.71595740845413,269.9779135920827,True,True,696.5187070356717,696.3873644488808,696.3412570656249,714.2723368882525,True,True,True,True
0.062,0.085,0.01,0.009000000000000001,315.96332013978406,307.13649599026627,316.0809069545051,337.3132123054397,True,True,0.05602986190084142,0.05603743157857189,0.05610138259756021,0.06263629363941295,True,True,2.0753445563525267e-05,2.0755998060815394e-05,2.0915390741490344e-05,2.309536081140887e-05,True,True,2.4717316740033215e-06,2.426679276860118e-06,2.4714768341888464e-06,2.7031952990200846e-06,True,True,280.64783783800226,278.8811170614657,281.01427866545936,282.8286333796846,True,True,769.4327455653719,764.8949218958345,770.172370614428,779.5989980019,True,True,True,True
0.027,0.043000000000000003,0.009000000000000001,0.015,524.5789009336146,523.5801867512636,524.5900212207741,560.8977089621375,True,True,0.04517951164760682,0.045170465589740236,0.04424559018166048,0.05483287091361478,True,True,1.1438546386544534e-05,1.1438358432274392e-05,1.1392924775674726e-05,1.3308097894611153e-05,True,True,1.2495184434039538e-06,1.2127792544812125e-06,1.2450723363730146e-06,1.3757902939652252e-06,True,True,261.4517107445101,261.295400896425,260.86215471376164,265.0372372848384,True,True,695.5055319751964,695.281786212064,694.8890697224641,707.2672452370717,True,True,True,True
0.07200000000000001,0.008,0.005,0.01,353.847920412601,348.77723570500075,369.9570733337995,473.09240771674814,True,True,0.02127410575295353,0.020583010184428933,0.024202925694431415,0.041459964956584765,True,True,3.074390034751071e-06,3.041031221345973e-06,3.4220009606315017e-06,5.664976965400825e-06,True,True,2.380633697464122e-07,2.3276594698303608e-07,2.3774281008735621e-07,2.4890529688653513e-07,True,True,264.26151969161293,264.2457055296006,265.64721919500744,270.8584389051628,True,True,721.233864200906,720.2716134431947,727.904278702014,743.0563386899448,True,True,True,True
0.025,0.049,0.009000000000000001,0.029,1003.3018775963087,1003.3718553152218,1004.6406083762943,1057.790974644116,False,False,0.061495860745251756,0.060578473757958794,0.06149863145826361,0.0670567572425862,True,True,1.271388384397788e-05,1.2713623566603762e-05,1.2532074483685426e-05,1.3504369204564361e-05,True,True,1.408875237907116e-06,1.4088996211285914e-06,1.4095123524316846e-06,1.4088729681945268e-06,True,True,261.43442029777464,261.1092410535306,261.648286803273,262.1724386696408,True,True,696.4040152261424,695.4100142563515,696.5021262554673,698.76909079897,True,True,False,False
0.031,0.008,0.133,0.015,387.9463121024061,336.2750395412843,397.5314095207612,404.55282211970274,True,True,0.1579174407776756,0.15285006244612753,0.15842828695915137,0.15824936618901314,True,True,2.2415463677975154e-05,2.241590567031161e-05,2.247205768604552e-05,2.278135519971263e-05,True,True,1.7536575507112204e-07,1.7552816399365347e-07,1.7533273662410065e-07,1.7540712594199837e-07,True,True,225.180955983677,223.12739326817552,225.16750097117097,227.91865489690835,True,True,599.2397409166368,589.3873838856139,599.2366913706458,605.0328857997856,True,True,True,True
0.057,0.01,0.063,0.034,1014.2447688892531,1013.4881173257235,1014.2167228482014,1014.2702424827728,False,False,0.11266224287967,0.11163318256790651,0.11266294441909747,0.11266235949481158,True,True,1.3730797118938992e-05,1.3722993618551171e-05,1.3730324444020304e-05,1.3727211671025806e-05,True,True,2.5165499590475773e-07,2.516283175295033e-07,2.516554307378939e-07,2.518367712479959e-07,True,True,246.21495917447135,245.66912594640758,246.21488152252323,246.5938440038005,True,True,669.0285682449042,667.3928847568739,669.0287457708615,671.6064905514655,True,True,False,False
0.10200000000000001,0.055,0.021,0.02,672.1839764003231,604.3674121904951,672.2339671791739,672.4282494660401,True,True,0.0697153563875804,0.06179260561998461,0.06918853536728789,0.06972142665345632,True,True,1.6111523767981124e-05,1.4657225584962576e-05,1.5363092111835132e-05,1.6113334284925837e-05,True,True,1.536704423991745e-06,1.4169832328380429e-06,1.5337372364898233e-06,1.540010486477188e-06,True,True,278.91649496367296,277.8729979739038,278.77104292711556,279.1628164445977,True,True,782.8342595567018,779.9976755290862,782.813572674788,784.5220438163794,True,True,True,True
0.105,0.06,0.027,0.005,168.12439798879566,165.9672780370553,156.59499188242586,168.03810997442804,True,True,0.06450378143901346,0.061136583182143295,0.0645069851990199,0.06552809306940774,True,True,1.8185216914808746e-05,1.619822064719097e-05,1.8179652263875676e-05,1.8182743187109333e-05,True,True,1.6681908265754504e-06,1.515963681783616e-06,1.6683497355570905e-06,1.6884817197256464e-06,True,True,280.7054800488699,278.171808783343,280.41608527450734,280.6889786012021,True,True,788.5960069356812,779.6097287974023,788.5791588509038,791.4672035037555,True,True,True,True
0.021,0.077,0.029,0.045,1458.4546675009126,1225.220808407661,1377.9941396470242,1458.300732171419,False,False,0.1099832848916683,0.0894629863355356,0.11067952552286857,0.10999044339064779,True,True,2.1655836141745928e-05,2.0196012569991497e-05,2.1041191380971415e-05,2.1666960517123272e-05,True,True,2.077404633165921e-06,1.8924268734753143e-06,1.8778089421005656e-06,2.0773816753384315e-06,True,True,261.9025394059025,261.83820053047305,261.8959403649921,261.9035839230092,True,True,700.9271009663756,698.5940922758008,699.3442163682131,700.9405902945542,True,True,False,False
0.096,0.052000000000000005,0.016,0.007,241.48128674504855,241.47120790137782,250.69831350488496,244.7128735503189,True,True,0.049629674869940986,0.04990250617149112,0.04961613686260282,0.04958268801707294,True,True,1.4692154832505682e-05,1.4297546201356575e-05,1.4760329318956375e-05,1.4758653895830586e-05,True,True,1.4869274739082266e-06,1.48709376943094e-06,1.4873236826441928e-06,1.4963897142987897e-06,True,True,278.8945313714498,278.2569842215973,279.0344856914093,280.5111610233605,True,True,778.0748397246424,778.1429386151088,778.6825207248904,785.0143243681304,True,True,True,True
0.037,0.009000000000000001,0.138,0.008,206.7202217124972,206.72185708004906,206.74485514073126,206.7055541695265,True,True,0.15723523814954712,0.15699530848621604,0.1530696489349612,0.15708832692388427,True,True,2.3171128889602308e-05,2.122474441649837e-05,2.3217510262732154e-05,2.3174693768852007e-05,True,True,1.9572261937655681e-07,1.8469149737043964e-07,1.9571630523908384e-07,1.9576244878659004e-07,True,True,226.2491321434123,226.19266306685049,226.7707735295491,230.42099300781794,True,True,604.7943178415011,604.7607650844063,604.7952765474516,612.7683989400574,True,True,True,True
0.026000000000000002,0.02,0.06,0.034,1023.2615265630582,1023.2211988790705,1052.1518606458126,1038.3066259061177,False,False,0.11306834714814282,0.11298416437612409,0.11655084104485773,0.12380743822293015,True,True,1.512874020546646e-05,1.5131952001302964e-05,1.5501684836109648e-05,1.7460569158180613e-05,True,True,5.048442979878937e-07,5.043535611265827e-07,5.15587829180233e-07,5.426154436741305e-07,True,True,242.2290223916925,241.74252447195127,242.20957878454584,242.22818862888477,True,True,643.6485318254068,643.649722811717,643.0846269135885,643.6465203001575,True,True,False,False
0.064,0.013000000000000001,0.037,0.005,163.51824750906258,162.73185644342664,171.2598362155852,213.49321177808412,True,True,0.060247782451733546,0.060039355919515244,0.06347975584379646,0.08435834006939934,True,True,1.0194881939313029e-05,9.594137650677457e-06,1.0894073178939446e-05,1.2953251638232607e-05,True,True,3.546994577438842e-07,3.5453780727434093e-07,3.485440399353683e-07,3.6521225853856775e-07,True,True,256.786663093659,256.78661777237073,256.7849591319693,258.2836310114204,True,True,698.0984559435874,698.0988178445429,700.9076341151497,703.8422255103917,True,True,True,True
0.028,0.1,0.029,0.038,1238.831997682759,979.4209796656335,1111.790250305849,1245.9177558349618,False,False,0.11170973569892906,0.09451047255635432,0.11004081296107655,0.11179645103933596,True,True,2.635267338733878e-05,2.5890446401901824e-05,2.6352120688566733e-05,2.6353519298117196e-05,True,True,2.7121416539677238e-06,2.542968343651753e-06,2.7121997318724444e-06,2.714206329275928e-06,True,True,269.9910802440234,267.6448224204679,269.9605787206465,270.00734381250766,True,True,728.3542820134273,725.1556240727842,728.3422657937092,728.3696256562573,True,True,False,False
0.026000000000000002,0.03,0.026000000000000002,0.031,1020.9137852972237,967.8686247473801,1028.7327126877592,1102.2684371249227,False,False,0.0774049207683471,0.07374616436615133,0.07742493378602966,0.08754353472670257,True,True,1.1713438628146241e-05,1.1566973245046499e-05,1.1714331307059073e-05,1.2850921182341365e-05,True,True,8.240779885378003e-07,8.240713344091944e-07,8.242566712058558e-07,8.921139227143389e-07,True,True,252.7666774042939,252.72324517605904,252.76669875948025,252.8271819636319,True,True,671.9778753336377,671.3891554195606,673.4493557299783,674.1089163984717,True,True,False,False
0.037,0.015,0.122,0.021,553.0808048612818,536.9562284186674,554.805210228341,553.8026021586163,True,True,0.1555577076149629,0.1538859543714282,0.1556566071928549,0.15562326305169527,True,True,2.229009696405912e-05,2.0512845653913885e-05,2.2462644551960636e-05,2.2294878354362012e-05,True,True,3.33027011998131e-07,3.0148703590945777e-07,3.331300756700725e-07,3.342226084272659e-07,True,True,230.41962383630204,229.9319921809554,230.42564929683368,231.07711827782424,True,True,617.4380915461163,617.4383275508109,617.4358148910012,621.381998318706,True,True,True,True
0.099,0.046,0.005,0.007,248.75175008881183,244.3405168632052,249.45599102056755,294.90479755761936,True,True,0.03242692944500237,0.03240948752922678,0.03242534190483518,0.04075703981733568,True,True,1.1407526267289497e-05,1.1400335611054658e-05,1.1407345984832582e-05,1.3701494082333172e-05,True,True,1.3553811228912725e-06,1.2771183058871252e-06,1.3632200435374345e-06,1.3674329421961556e-06,True,True,280.55711726727594,280.58123627403984,280.7328096155795,283.47930565012155,True,True,783.050653779777,782.6518974380606,783.044465544784,794.6298694548004,True,True,True,True
0.078,0.049,0.01,0.007,245.58924280098165,245.79093760397205,245.61407041459975,255.97647023529984,True,True,0.04052783408639153,0.04052839456538679,0.040224415525018604,0.05040638445323716,True,True,1.297123449050125e-05,1.2973134659845465e-05,1.2771388418530724e-05,1.518228177230708e-05,True,True,1.4252942197969954e-06,1.3851485892781811e-06,1.4255698814586515e-06,1.4253050024126152e-06,True,True,275.28914680248846,274.2962772439765,275.2224332411728,277.07892851854416,True,True,758.6975180581471,756.9010719760439,758.1514136241973,764.5346412101366,True,True,True,True
0.015,0.077,0.025,0.013000000000000001,436.774283126146,436.75618997292725,462.2820851091301,471.2360524907906,True,True,0.07601393726486437,0.07601062027355068,0.07622487295560684,0.08682237169695864,True,True,2.131358086588472e-05,2.1280311864867856e-05,2.1681173626274292e-05,2.3216109152791707e-05,True,True,2.148201849927616e-06,2.1480315280991753e-06,2.1631756941076143e-06,2.309253545659833e-06,True,True,263.9006534574695,263.3011326001075,263.9765245974459,265.4545386012265,True,True,700.3007048281396,699.5423779162438,700.2656747568839,706.8459802067017,True,True,True,True
0.047,0.057,0.062,0.006,184.7047097504725,184.53474713069355,186.26334407371104,184.74455548811477,True,True,0.10374057345746794,0.10233393970561043,0.10375123114379738,0.10782180271203722,True,True,2.2551796045743115e-05,2.2538475476378715e-05,2.25462035035648e-05,2.29970964547927e-05,True,True,1.454019396327345e-06,1.2807060978884982e-06,1.4540137595130136e-06,1.4539159838206326e-06,True,True,258.3583892761438,258.35903784971646,258.71718986841574,258.3764037151161,True,True,699.6916019634791,698.8914898545535,699.6844210985647,700.3734161558933,True,True,True,True
0.079,0.005,0.045,0.033,1029.3134537392498,1029.311862757709,1029.1463838790826,1046.2740866987874,False,False,0.09173838772439007,0.0917275238539592,0.09207249148119365,0.09945240760502706,True,True,9.997282153701493e-06,9.99276269785287e-06,9.996911564939205e-06,1.0843656600389573e-05,True,True,1.328153670291167e-07,1.3270239201554002e-07,1.3281815103388495e-07,1.435003864145367e-07,True,True,254.23426651164624,252.87849852069255,254.23264423382278,254.88591353721426,True,True,700.6165343687089,700.4127920735332,700.6139956897346,700.6522908183666,True,True,False,False
0.044,0.004,0.026000000000000002,0.031,1018.9871430181631,1007.5622782179951,1020.9924120712985,1232.9341068828458,False,False,0.06821538597648034,0.06813104016298667,0.0674441518170292,0.08117772675670461,True,True,6.43411051262941e-06,6.386791589103866e-06,6.3225437006592014e-06,7.5781506323725964e-06,True,True,1.1257139118841272e-07,1.0711579508043044e-07,1.1002927941219797e-07,1.2796669793609077e-07,True,True,250.2888178251108,249.3324243483845,250.47937892313016,250.35219891782123,True,True,671.373570729075,670.7676599722552,671.3313219450221,671.5684170428497,True,True,False,False
0.05,0.014,0.009000000000000001,0.029,1000.5917141578658,1000.145772795901,1018.9652734844407,1223.7036361793628,False,False,0.04853782244376055,0.048552202551117994,0.048536809868907876,0.06233248286926106,True,True,5.257678480901107e-06,5.258055028955202e-06,5.294083560315699e-06,6.1834408594066275e-06,True,True,4.0401716468348155e-07,4.045533114953524e-07,4.0402555859653977e-07,4.185198510932098e-07,True,True,258.2761809460249,258.04151567121346,258.1518568203348,258.9859152100849,True,True,696.4639013099898,694.7088199938808,698.01086136541,702.3273905308832,True,True,False,False
0.10400000000000001,0.055,0.023,0.013000000000000001,437.13627134365066,382.874309298817,437.17794387288603,437.2902206965108,True,True,0.06545464114807176,0.056611347279955086,0.06297938962421161,0.06544269320198788,True,True,1.6470656525039957e-05,1.5087203365285137e-05,1.607685718582443e-05,1.6492634996191687e-05,True,True,1.5363434121075297e-06,1.4444970053987974e-06,1.50199140222699e-06,1.5652315615226988e-06,True,True,279.47363559566907,278.00214412170976,279.7111080885765,279.47651847772534,True,True,784.7821937899175,778.8022000370427,784.7948609045633,786.4482619923679,True,True,True,True
0.097,0.047,0.016,0.008,275.53647129657895,270.47087648081555,266.6593536190968,275.53551474253595,True,True,0.04879206111832753,0.04560149726235427,0.04866347168456672,0.04998220528110471,True,True,1.3622254650024213e-05,1.30630755618661e-05,1.3621500783220284e-05,1.4256192351696911e-05,True,True,1.3429269229814646e-06,1.3109784515918798e-06,1.3441207816697255e-06,1.3429329719593319e-06,True,True,277.7680921479642,277.53212843130615,277.7601751831603,279.4967604448663,True,True,775.0432002875624,775.0022963069155,775.1127288340666,780.1996917635926,True,True,True,True
0.025,0.018000000000000002,0.012,0.03,1026.866950557349,999.384071540345,1026.8705608762486,1026.8423594465344,False,False,0.05495831280579617,0.05498445145457558,0.054932166242480186,0.05641812228620703,True,True,6.6806449268565915e-06,6.680482320544024e-06,6.6367299782699016e-06,7.026721401170983e-06,True,True,5.1458131373163e-07,4.866007030042211e-07,5.150682689703149e-07,5.227050914665224e-07,True,True,252.71093286887543,252.71032285482224,252.71000768789412,252.7599676304927,True,True,669.4205014541626,668.6950677937627,667.9914477011132,671.6363833141538,True,True,False,False
0.031,0.09,0.022,0.045,1486.3680676749802,1104.4929360192616,1285.736759646548,1486.611685563817,False,False,0.10696657330406019,0.08780597012952616,0.0970021130697796,0.10696629237731849,True,True,2.328750196740912e-05,2.0859289588000486e-05,2.3311005690031028e-05,2.3287441627255825e-05,True,True,2.471889107338767e-06,2.283388665776899e-06,2.1403271206118993e-06,2.473512202994426e-06,True,True,269.16682759359827,269.1794923404398,269.1703327028677,269.1671031336302,True,True,726.9073506665878,723.3083575560769,727.0536421615219,726.9080939940137,True,True,False,False
0.035,0.113,0.006,0.027,946.1623853455887,946.1776895611907,931.1149782596054,945.6203659874635,True,True,0.07948945634238068,0.07683125647395758,0.07947735849773964,0.08044659095861974,True,True,2.6038789563221492e-05,2.5700741442723943e-05,2.6035395980129644e-05,2.61660809830359e-05,True,True,3.283736519953699e-06,3.22275309342126e-06,3.3088584355477926e-06,3.4128142463950947e-06,True,True,281.05083918264694,278.6464843116815,281.20397807228596,282.99668272007125,True,True,761.5993809654037,758.320853211192,762.6245001003518,761.6015828685338,True,True,True,True
0.08,0.007,0.014,0.03,1018.4135776388451,1015.466311401579,997.2799068143114,1154.8700797010654,False,False,0.05341120248647036,0.05339378082838591,0.05294563915564739,0.06756316438012601,True,True,4.805171832724143e-06,4.793929937662458e-06,4.842520089060905e-06,5.960968580881927e-06,True,True,2.0048722073120436e-07,2.0040907602928472e-07,1.9992402106502178e-07,2.0049299752819287e-07,True,True,262.268637109712,261.5417925209678,262.2705119208905,262.9895381532264,True,True,721.8463788842967,719.6116318355079,721.8465135308174,724.9999235917488,True,True,False,False
0.01,0.049,0.01,0.03,1034.8034248076972,928.3890704969112,1032.1809709466058,1103.9979165449738,False,False,0.06380421678418366,0.06037144880992252,0.06276951916113918,0.07234523120675264,True,True,1.2877362276954748e-05,1.2774396519432763e-05,1.287791932427951e-05,1.378136278974694e-05,True,True,1.4049332430673009e-06,1.230786858906533e-06,1.387554762251951e-06,1.4080616584220818e-06,True,True,257.63169695053995,256.11974728729245,257.19773896148934,257.84926605680596,True,True,678.6542327605202,676.2791612698428,678.6549758474989,679.4641684174891,True,True,False,False
0.059000000000000004,0.047,0.036000000000000004,0.031,993.7054255380917,973.1574743052502,1004.6497143441525,1029.5728977417964,True,False,0.09452058909391647,0.09410742450107366,0.09696894644832289,0.10057512625475318,True,True,1.6776416452184064e-05,1.6124815483156812e-05,1.738170550795599e-05,1.7156155438213936e-05,True,True,1.2558635962129678e-06,1.2063768264731433e-06,1.2497511634881051e-06,1.255882336398881e-06,True,True,262.56145061451764,262.18086161025695,262.22647942490283,262.561468320198,True,True,717.4075811899148,713.5697598733525,717.4066421395371,717.4088992782254,True,True,True,False
0.006,0.034,0.107,0.005,139.34495813892795,107.91103368982988,135.74725310353372,149.5524352370457,True,True,0.1377811642633804,0.1269991323229559,0.1382714009753527,0.1545401365299138,True,True,2.3892206968300057e-05,2.3641602991750728e-05,2.407143428369924e-05,2.717274508713545e-05,True,True,7.848320946340502e-07,6.897476333379689e-07,7.848800654330919e-07,8.16492852749459e-07,True,True,232.7199467476949,229.86209297639002,230.6118316598369,233.90793790330784,True,True,608.2863518249038,601.3891692405974,606.6569961118149,609.7986460594016,True,True,True,True
0.053,0.014,0.025,0.016,533.579266803216,494.0838027027379,533.5246080561811,650.362954866035,True,True,0.056296568361356145,0.05230073739873024,0.05500311241526707,0.0730448202458572,True,True,8.275741056249915e-06,8.270490753720392e-06,8.243575575756773e-06,1.0433012455482402e-05,True,True,3.908730356676691e-07,3.6147629606234897e-07,3.9087413946776244e-07,4.122760519806503e-07,True,True,256.34927965927915,255.75829598013448,256.3480857003675,258.65812725855983,True,True,692.0928097286766,692.0930262498111,690.5010974901925,698.6052249714348,True,True,True,True
0.036000000000000004,0.055,0.025,0.03,992.1625234731995,960.7784842813579,992.6345865525544,1053.8013936070497,True,False,0.08410018168666543,0.081195140002434,0.0893596374091243,0.0956083310359736,True,True,1.668669010681675e-05,1.6686418266119127e-05,1.6940262055531064e-05,1.8284804316614033e-05,True,True,1.5139201804626784e-06,1.5133735204627716e-06,1.5312591512099287e-06,1.6123390667518381e-06,True,True,261.82769485324974,261.81908028450334,261.82641275293213,261.82708027639296,True,True,704.2978847231916,704.2227406276643,707.0847328950616,710.1071268421059,True,True,True,False
0.04,0.081,0.058,0.012,370.27226225715293,364.3204964575063,333.92817155834575,371.1566080261383,True,True,0.11262951495274157,0.10756775841061643,0.10962840953770175,0.11267116118114637,True,True,2.6568333541517604e-05,2.5952743077069858e-05,2.580209068709865e-05,2.6538383391710027e-05,True,True,2.079099203422393e-06,1.935894756203723e-06,2.033664827470308e-06,2.079250334894782e-06,True,True,263.33536254855943,263.08131561963773,262.29893684918085,263.3436511485664,True,True,712.7911490845859,710.1775679902248,712.7957396410588,712.7998435610391,True,True,True,True
0.02,0.06,0.10200000000000001,0.006,168.67622800633342,138.14482594131306,164.90816124064114,168.46045369123718,True,True,0.14193623115485182,0.1265026691062187,0.13884312240623883,0.14279828070458472,True,True,2.7822081602671362e-05,2.7646479518360948e-05,2.680506092505824e-05,2.782413441859777e-05,True,True,1.397795049903467e-06,1.1874470313162938e-06,1.398986049813012e-06,1.397873551227878e-06,True,True,243.7323241835199,243.59568979457669,243.71840199549692,244.1299019386693,True,True,648.067839843806,647.7615036203914,645.1284941388433,648.066291038797,True,True,True,True
0.042,0.033,0.019,0.009000000000000001,307.4861457653238,307.4966193716446,338.1541820412452,376.69403558459726,True,True,0.04869736342439408,0.0486690496860823,0.05218005027731698,0.06252081552602141,True,True,1.114108754928221e-05,1.1140671749548317e-05,1.1661775013518035e-05,1.379873423493061e-05,True,True,9.373749642693641e-07,9.18196700012367e-07,9.56628542940338e-07,9.58635907735197e-07,True,True,260.5739443598884,260.53087180233143,260.9821597415128,263.7919895231965,True,True,699.3311657832753,699.3306708401925,700.2475675445421,706.800437547535,True,True,True,True
0.065,0.032,0.05,0.012,376.45649819039363,376.6278451592767,383.65872544873696,414.39030503520513,True,True,0.08790443523501108,0.08772935807243758,0.08790785716118349,0.09931829167157201,True,True,1.6032198278359777e-05,1.592225712498392e-05,1.603721917865363e-05,1.7132239314782886e-05,True,True,8.369911001920194e-07,7.899806375453001e-07,8.433299977805953e-07,8.871470606651089e-07,True,True,258.4034146310613,257.9575496941076,258.41684999367067,258.70816314837214,True,True,706.1873029095717,704.3303684581286,706.1630020202914,708.3909156162708,True,True,True,True
0.094,0.013000000000000001,0.015,0.006,207.27835118368702,207.1327369630045,210.33074182713304,269.8305263511922,True,True,0.032996516890067926,0.03135794526421762,0.03421414681512041,0.04832612716303954,True,True,6.20065674792503e-06,6.200235506625242e-06,6.1418433288412255e-06,7.95122949823236e-06,True,True,3.7499275887897715e-07,3.749411698184331e-07,3.801533381752146e-07,3.7661455415036924e-07,True,True,268.7172460924533,268.7154663598648,268.7145910176604,272.929964377292,True,True,744.9230235585557,744.9182915691568,744.9282863891532,761.9346525746209,True,True,True,True
0.10400000000000001,0.046,0.007,0.005,177.1267578344999,177.1045895736693,183.21439810209566,201.10194678167875,True,True,0.033155838263494615,0.03236824263370667,0.03315440804036318,0.039782618529710434,True,True,1.1792553880067603e-05,1.1720850450194979e-05,1.1795005958589716e-05,1.340989439373937e-05,True,True,1.3496663551616827e-06,1.2913335299723544e-06,1.3501508247994633e-06,1.3496975493898775e-06,True,True,281.4207810336547,280.0318383279778,281.6483969777041,284.93086039752774,True,True,787.8022339883129,784.1785298539975,788.0859300007737,797.2283210657592,True,True,True,True
0.065,0.005,0.089,0.037,1035.393799341442,964.1217150972844,1037.4627387224316,1035.1975448545722,False,False,0.13715597853498052,0.1263217749818568,0.131722455910456,0.13726925938492723,True,True,1.6478857499238188e-05,1.3367341098339841e-05,1.640036349675212e-05,1.6735125696809177e-05,True,True,1.1956798550214922e-07,1.1719838514259347e-07,1.1871748921286689e-07,1.2300797481338183e-07,True,True,240.6459639963646,240.57740375440713,240.6299909629912,244.06829869845248,True,True,658.5145751152427,656.6635456957334,658.7380639282914,668.0441183819154,True,True,False,False
0.096,0.048,0.012,0.019,655.0972472071445,638.4178955079481,642.7323047700493,654.6798764947443,True,True,0.0548919071108117,0.05302554453065083,0.053116597251185844,0.05560179984347535,True,True,1.3113160307576905e-05,1.3096954537630454e-05,1.3068987899611551e-05,1.331559608172822e-05,True,True,1.3750508164665693e-06,1.252077846732918e-06,1.3517912853419685e-06,1.3750342832528534e-06,True,True,277.84518494448395,276.7089405511413,277.8481617845523,278.9536781836286,True,True,775.7269949421991,775.7494838554721,773.2269888707502,777.1339082723085,True,True,True,True
0.097,0.044,0.012,0.004,140.08495747459202,139.74971501075393,140.0225701574708,147.4518161380134,True,True,0.03830655902365482,0.0369501750224718,0.038706237139324993,0.04583930542201731,True,True,1.2275527559259406e-05,1.2275008296102798e-05,1.2604656740511864e-05,1.4228516132108588e-05,True,True,1.274787682056817e-06,1.2747023122037734e-06,1.2743920143095324e-06,1.28594021618136e-06,True,True,278.21665997029334,278.21850218123456,278.6125544611747,279.675310832407,True,True,775.431167240692,774.3093513135744,777.2620930410958,782.7315673957131,True,True,True,True
0.077,0.008,0.024,0.031,1023.3819430280428,982.641331867273,1026.6160382688731,1026.5944846684395,False,False,0.0671408987933523,0.06688446136579014,0.06718993239894183,0.07636494560618247,True,True,6.9133626360381065e-06,6.901524589676831e-06,6.9145256641277685e-06,7.5483228893848305e-06,True,True,2.225813844554401e-07,2.0982536535734379e-07,2.229820565286952e-07,2.2274482178918728e-07,True,True,259.46954700479284,259.35640302688813,259.46924026594786,260.5772924913,True,True,713.2822297474602,711.7746860391694,713.1778291353961,720.5121781734291,True,True,False,False
0.083,0.055,0.005,0.009000000000000001,319.54455078600336,295.00529139086274,319.5567599464594,365.8373837206819,True,True,0.03793020513859159,0.037937756112125576,0.03785784867788036,0.04640103139296151,True,True,1.3365729508323666e-05,1.2212875838595059e-05,1.337278884980181e-05,1.5672113484908616e-05,True,True,1.6191782402114706e-06,1.461253346074202e-06,1.619646564628253e-06,1.6192266023128944e-06,True,True,278.97795002686354,277.63611393121886,278.9753893030527,281.78915618764114,True,True,771.9178935231344,770.4064791553693,774.7721232659231,781.3302669432468,True,True,True,True
0.07100000000000001,0.031,0.005,0.028,977.8182518722805,978.9065863154991,977.9399125318841,1143.1932910203607,True,False,0.04846608356222992,0.04851151604462625,0.0484626787484906,0.056532781747491816,True,True,8.128441209653557e-06,8.114732805435425e-06,8.129568108678525e-06,9.237971884923287e-06,True,True,9.005309631045917e-07,8.31236649484795e-07,9.004550680359256e-07,9.251108777021147e-07,True,True,268.5345258035799,267.9620170008102,267.9513780463755,268.5329232852104,True,True,736.5556140691908,733.5645054835143,736.5330379656585,736.5545438925019,True,True,True,False
0.066,0.006,0.083,0.025,715.2221065940123,709.5177434240795,728.3538234002215,735.6756244032847,True,True,0.12305565322506377,0.11710549782923657,0.1230642788948569,0.1279540928978895,True,True,1.5887761902346927e-05,1.4967934087774095e-05,1.587580056395505e-05,1.643057988862662e-05,True,True,1.4601759802795553e-07,1.4604600531565956e-07,1.4608194977819283e-07,1.4638595041611637e-07,True,True,243.43519810430573,242.6349839985569,242.1082725891329,243.86693351915912,True,True,665.4130131456832,660.1300201422997,664.291315053302,666.1278272589257,True,True,True,True
0.019,0.009000000000000001,0.006,0.03,1044.152121146628,1037.6262784447356,1043.9979603658842,1328.6708386097014,False,False,0.04375312278150051,0.0432707886550032,0.04373594905390549,0.05135385567947304,True,True,3.546216959745562e-06,3.098182350517028e-06,3.549135899570828e-06,3.7250341505814237e-06,True,True,2.633289434431331e-07,2.628108877118412e-07,2.6350387177281556e-07,2.8468907097867855e-07,True,True,250.3621266483253,250.36162721718424,250.36311129084905,251.85622221931146,True,True,658.8153979891737,657.8067379894885,662.1518155616818,671.4998266734989,True,True,False,False
0.108,0.05,0.004,0.012,425.52322563958546,425.50502350552176,433.9430507710835,516.2958849205619,True,True,0.03772682740420773,0.03756540838791898,0.0377247568833554,0.04222653885670794,True,True,1.210336563338667e-05,1.2108020765598181e-05,1.2132411718815164e-05,1.3587632393423105e-05,True,True,1.4710269785422328e-06,1.4485236352696282e-06,1.4746153576058496e-06,1.4907718783984945e-06,True,True,283.5195615179419,282.00143904175746,284.05287376796576,286.52992310457364,True,True,796.49561759403,793.8392461684517,796.3476351171396,807.2258325297036,True,True,True,True
0.063,0.004,0.08600000000000001,0.041,1152.2708034821944,916.6245425287799,1126.0405282126808,1157.1107370068542,False,False,0.1372775800867711,0.1124227690846964,0.12924470396507004,0.1371685738807445,True,True,1.5902412803965433e-05,1.345471112776398e-05,1.59668465131146e-05,1.5845897676053962e-05,True,True,9.658094255936421e-08,9.655447548956471e-08,9.657886703963168e-08,1.0404009965155734e-07,True,True,240.2941507587178,240.29535670802525,240.81029367424327,244.45851152735696,True,True,656.702175483057,656.5885219410169,656.6939905238108,668.2043139157045,True,True,False,False
0.056,0.018000000000000002,0.097,0.027,747.5826189768754,718.9644794319281,746.218784008264,757.9499133620934,True,True,0.14047910341844203,0.1360836941330283,0.1396904233662769,0.14165920723222172,True,True,1.9806755116118285e-05,1.761713485969846e-05,1.937084300221633e-05,1.980699846370354e-05,True,True,4.1923629480669516e-07,3.9882120985871137e-07,4.1891182993097476e-07,4.2943825807131625e-07,True,True,240.84675951089514,240.7543326686515,241.439100419104,243.20315628201882,True,True,655.3501026218814,654.000003363158,656.1038873673884,662.172980991099,True,True,True,True
0.123,0.005,0.056,0.008,247.55350712607307,240.38773976843646,246.62821972010818,266.7111477620306,True,True,0.08181609950603691,0.07101078710792767,0.08104298300466178,0.0820566691188141,True,True,1.1800839740325795e-05,1.104573329024512e-05,1.1799496519398584e-05,1.179871479923722e-05,True,True,1.3119017741025382e-07,1.2358922561951154e-07,1.31855132732342e-07,1.313014058382032e-07,True,True,263.9470613757121,263.11978772732994,264.11821891478206,264.13356026455915,True,True,747.2023876368763,744.2825222627613,748.2373202571862,748.1021373799451,True,True,True,True
0.026000000000000002,0.073,0.024,0.03,996.0699552904115,984.9694068953321,993.9176994484598,1029.387142829565,True,False,0.08936200935630366,0.0851030405966027,0.0894559569206875,0.09731353089585303,True,True,2.0210277480836646e-05,2.0208279735860656e-05,2.0227723635053237e-05,2.1150652483289694e-05,True,True,2.0158507386234098e-06,2.015812904164927e-06,2.0158887105656994e-06,2.2613190906046734e-06,True,True,264.3471306566649,263.28553073335144,264.3456438929786,266.00396975573204,True,True,708.0972069623465,708.0942782062328,708.0973115158669,708.8466249622068,True,True,True,False
0.031,0.061,0.005,0.009000000000000001,320.3203473371506,320.1884550149168,329.031754606558,405.7253803182838,True,True,0.040277341957285336,0.039460071036870624,0.040685327641113406,0.05725883380167489,True,True,1.4638805335578728e-05,1.3316863131222991e-05,1.508855272647802e-05,1.93736765605305e-05,True,True,1.800021056040952e-06,1.799706856505231e-06,1.7937909306395918e-06,2.1138893727338018e-06,True,True,268.385839774889,267.23476986033535,268.5547685324874,274.70190398260246,True,True,717.6909612967625,717.5759905775814,717.25682619572,739.2025733594843,True,True,True,True
0.006,0.054,0.048,0.022,689.8938119003369,647.0287733330799,689.6481124538511,737.7775471835259,True,True,0.10203803641590778,0.10192283917598624,0.10279280878585186,0.11930331526002495,True,True,1.994243588240377e-05,1.9952786134853627e-05,2.035554290828329e-05,2.3318532575048037e-05,True,True,1.4121259980131278e-06,1.4063632187659134e-06,1.41888001770479e-06,1.5185116643959397e-06,True,True,249.9613988671042,246.83811531874463,249.96460795110576,249.95947537776652,True,True,656.9187115950158,652.536122372691,656.898809916476,657.8069586497672,True,True,True,True
0.004,0.004,0.111,0.008,218.91088166692722,217.88258632379814,220.26870136738688,268.12429939983343,True,True,0.13454984438038978,0.11867443859442275,0.13534976750744196,0.14083414100970115,True,True,1.922441650478283e-05,1.8463442012836447e-05,1.921303548140851e-05,2.141786903790436e-05,True,True,9.369081733416546e-08,8.89953325152304e-08,8.97305827934493e-08,1.085813618109688e-07,True,True,223.40092952942624,214.68189978298494,220.6095330619505,223.90619333832905,True,True,579.0090318656764,555.0977599497489,568.1317774390427,581.3177188837338,True,True,True,True
0.045,0.1,0.011,0.028,965.6445095958093,935.5570011744936,970.426439591947,980.9347038601719,True,True,0.0817878265421486,0.0810490820418174,0.08196706980673832,0.0818283311922354,True,True,2.3958505017572323e-05,2.3388200633272258e-05,2.4260666827357754e-05,2.395964405904878e-05,True,True,2.862132364565615e-06,2.7626750787766897e-06,2.891486215769221e-06,2.904533283110814e-06,True,True,278.8287443100133,276.2816299424685,278.8429252109251,278.8491348047485,True,True,759.3908449250241,756.0260749816275,759.9249583889572,759.4402375132861,True,True,True,True
0.008,0.044,0.022,0.031,1033.4136019876105,1027.4133697675727,1035.9099103060244,1115.268315588607,False,False,0.07770337880563871,0.07770478346958383,0.07766553053834871,0.08950994953402659,True,True,1.3902420633537238e-05,1.380870771763506e-05,1.396449234495102e-05,1.5118540727709543e-05,True,True,1.2213055851822672e-06,1.1649144009235403e-06,1.2475961115385506e-06,1.2549852390227098e-06,True,True,253.07128889135825,252.03485679598705,253.0718388890076,253.2369873532285,True,True,665.1987450113759,663.9612531501224,664.9408894390613,665.2088782086402,True,True,False,False
0.005,0.034,0.115,0.031,824.4056549204455,821.4230785843623,824.4294961099434,850.9993267329875,True,True,0.162648772443888,0.15772782096863228,0.16455125593793432,0.16360902902948876,True,True,2.4572383686673837e-05,2.394460605785043e-05,2.5019882675958826e-05,2.486849078754264e-05,True,True,7.597305678235265e-07,7.136368970191006e-07,7.597279571072539e-07,7.600597080110249e-07,True,True,228.6463296490069,228.09472092073725,228.5920427178484,229.07559489498652,True,True,599.343580006023,596.6360277744684,599.3463502593073,600.8318777110397,True,True,True,True
0.026000000000000002,0.038,0.06,0.034,1024.0390506188144,1023.2916233950742,1022.5606912410832,1024.0138266507588,False,False,0.11887844533222491,0.11479557771844104,0.11887505279630971,0.12690353950672592,True,True,1.8499004543250494e-05,1.8173318924557513e-05,1.84987056906487e-05,1.9621455089777854e-05,True,True,9.571554981178412e-07,9.412479665248019e-07,9.571070664479076e-07,1.0080251295275212e-06,True,True,246.85327173710553,246.82803789495316,246.85198073892806,246.85525227814762,True,True,658.229591357706,656.9719818870273,659.0922456491777,658.2315485586806,True,True,False,False
0.01,0.135,0.047,0.006,192.88575103961242,191.43595856222288,193.6434835685988,207.53898484270835,True,True,0.11450675444890854,0.10536427092493547,0.11481354018048208,0.11466530127856103,True,True,3.594396456732651e-05,3.258196127889101e-05,3.43952404666575e-05,3.625554423277013e-05,True,True,3.58440815109048e-06,3.1051824882167366e-06,3.5858914583597107e-06,3.6295540320314407e-06,True,True,273.1764123004305,270.9234833286962,272.59929230753676,273.2377469432752,True,True,729.587509907763,713.6640472903799,726.7207277684544,729.8038751986284,True,True,True,True
0.007,0.026000000000000002,0.007,0.03,1042.5657148712542,982.1678728096947,1042.64322815998,1053.3289158395953,False,False,0.051416495222843,0.051339301465680054,0.050846842561315955,0.057283889186070365,True,True,7.402043611884179e-06,6.377078932856622e-06,7.323659736474648e-06,8.060159844382599e-06,True,True,7.526542609717472e-07,7.528256425504362e-07,7.756493688573998e-07,7.744071738905835e-07,True,True,251.70465722578467,251.4808162245162,251.1977551631121,252.96923533791994,True,True,658.3650230781126,658.3682797330304,658.3693398514718,662.5769474203006,True,True,False,False
0.017,0.083,0.039,0.032,1020.2382569441413,984.3238922221822,1020.2159850658953,1020.7053927191437,False,False,0.11109848251937374,0.1069425262487668,0.11109625160130963,0.11110575635921323,True,True,2.432689718955737e-05,2.4248521208266232e-05,2.4327090074316637e-05,2.4328097023661923e-05,True,True,2.2041137937403197e-06,2.203360492922806e-06,2.2041398756102395e-06,2.2045417932312316e-06,True,True,261.24723107913354,261.24631138700255,261.2472072978277,261.45652131653844,True,True,696.9637882667747,696.9198442286527,696.9567038462774,696.9638012093021,True,True,False,False
0.005,0.064,0.051000000000000004,0.021,654.3757837035876,654.5857166241029,654.5345754232276,662.7712687720766,True,True,0.10764592975337553,0.10762710555987468,0.10877537792116813,0.12608931176136612,True,True,2.2301132234708493e-05,2.2154898616426193e-05,2.2302722483812703e-05,2.4936669542005185e-05,True,True,1.6626154522242796e-06,1.661689091974743e-06,1.6490369791523836e-06,1.6672827054080756e-06,True,True,251.69264407810917,251.44305784360463,251.68089658738614,251.69413634159756,True,True,662.2516987429872,658.7887797395244,662.2434963461116,664.5495262245071,True,True,True,True
0.048,0.011,0.058,0.034,1027.1356939597156,965.6319140704245,1027.2826862200675,1027.1355514861355,False,False,0.10809705862950506,0.1049458263684322,0.10876492083361992,0.11138028318036892,True,True,1.3166934289694796e-05,1.316675227181069e-05,1.3166013358338584e-05,1.3893152457423382e-05,True,True,2.799602820375994e-07,2.7993915170451504e-07,2.799587501151831e-07,2.7995870560510423e-07,True,True,245.506493044931,245.03444641057644,245.42657560407608,245.70964730457732,True,True,662.5302100733397,658.6079184674304,662.5298689660364,662.8312138928322,True,True,False,False
0.006,0.033,0.11800000000000001,0.031,819.0189074890569,816.1803950856363,805.3364893122114,819.6750322800129,True,True,0.1646270734197041,0.16012790011174008,0.16086384309749333,0.1646113931103751,True,True,2.4732865478616813e-05,2.4114417595701853e-05,2.4658161616688467e-05,2.4736326044395267e-05,True,True,7.327907859772101e-07,6.676913840943096e-07,7.327956243061901e-07,7.328213954775256e-07,True,True,227.93957890383444,227.93086211701876,228.02811239745967,228.5572002986258,True,True,597.9156399477065,597.9158355118035,597.9665876195728,599.2955677769562,True,True,True,True
0.013000000000000001,0.135,0.044,0.004,130.39469520332548,27.045102367222785,130.02357820775862,137.6378827492792,True,True,0.10959304465236856,0.09985732246041601,0.10959564275505777,0.10959645215405735,True,True,3.5668600212239134e-05,3.0143200601978055e-05,3.527984166258871e-05,3.567715838501313e-05,True,True,3.6161340258831564e-06,2.7291558891233937e-06,3.5185113372544515e-06,3.7363343951602155e-06,True,True,274.7150429783845,268.8205207084696,273.8064708405714,274.9038028793641,True,True,734.9908318644577,714.3478454220218,733.1465466949924,735.0495550035051,True,True,True,True
0.129,0.015,0.03,0.024,782.4996188683862,707.9322723532078,782.8126341255577,784.5051730206411,True,True,0.0700671556839214,0.05898142350490338,0.07055208533043184,0.0703104596886396,True,True,9.45536899639868e-06,8.869859274658164e-06,9.444618028619095e-06,9.508561431258931e-06,True,True,4.093079086007842e-07,3.5282213990009187e-07,4.092896221820749e-07,4.0931671187696613e-07,True,True,272.5831795672772,272.4404626169074,272.5672591294432,272.58322126399094,True,True,775.3799221525384,773.3248301331046,773.4712323118204,776.2736054139325,True,True,True,True
0.007,0.07100000000000001,0.044,0.035,1098.9561977069538,1043.4806959880652,1124.9845128632894,1131.5749807552447,False,False,0.11482063279966492,0.11451233734392001,0.11695019602553561,0.127733905196917,True,True,2.2612217706545408e-05,2.2596593219994532e-05,2.381497652083679e-05,2.621233062434981e-05,True,True,1.858637276810447e-06,1.8585390806069529e-06,1.8585720140709458e-06,2.1499393709561522e-06,True,True,254.4579388745423,254.42632265348473,254.46070369288992,255.1022408873079,True,True,672.5957544781362,672.3853116703617,672.5899533328534,677.6622943714475,True,True,False,False
0.005,0.055,0.058,0.01,309.2232916796798,308.43994752351335,309.06000308700806,330.2572684848393,True,True,0.1025087880534832,0.10228734992793279,0.10176093513398844,0.12175657472095916,True,True,2.1592524849748358e-05,2.159377593118175e-05,2.134234644029203e-05,2.485535424508322e-05,True,True,1.4151078261759754e-06,1.4150451708200166e-06,1.41546129291884e-06,1.480620611019145e-06,True,True,248.64342381646375,246.93828589041354,248.6453018629678,248.65424112537391,True,True,652.195113774073,652.1950670182648,650.6878527875751,652.1968117900186,True,True,True,True
0.016,0.008,0.005,0.009000000000000001,319.44366150036035,308.48472091631527,302.94010316971145,447.20482678311066,True,True,0.020261194940029564,0.019372999480759226,0.021414891821779095,0.04002931758281996,True,True,3.0006290111639517e-06,2.798020439463381e-06,2.992492282656701e-06,6.25057009165834e-06,True,True,2.3902749673819383e-07,2.0681301568895893e-07,2.389321152228953e-07,3.0315004185361286e-07,True,True,251.26758440814794,251.2034651801906,251.26131543948728,258.0019410892902,True,True,657.7122753253811,656.1665418194912,657.6928233280458,690.3007659012256,True,True,True,True
0.031,0.023,0.063,0.008,244.37621585486696,244.3272767684458,246.71350286305233,262.03877904127296,True,True,0.09542876239066249,0.09542664814170451,0.0959802055323493,0.11688544707489726,True,True,1.6226297099710753e-05,1.622543309657479e-05,1.6230710839795092e-05,1.926857512597074e-05,True,True,5.859635334547225e-07,5.858349831949204e-07,5.861083391574647e-07,5.943520682634022e-07,True,True,245.50577936844851,244.86121861710092,245.13770138526357,245.5067886185346,True,True,653.141920206297,653.1376931262881,652.9923379753222,653.1463571872263,True,True,True,True
0.016,0.029,0.07,0.011,329.3704000759228,304.81456908654235,330.3060937621868,376.0573640899233,True,True,0.10699959246372169,0.1064750398949588,0.10747728941644867,0.11744719122694307,True,True,1.831763974965268e-05,1.8317321849224444e-05,1.9340068910266227e-05,2.0036479149508257e-05,True,True,7.250356722238601e-07,7.250360608640802e-07,7.248004998955964e-07,7.434185802574007e-07,True,True,241.7223498752048,241.71859904842438,241.18156682367587,241.8477035705312,True,True,636.5030315094452,636.3955945780651,633.7357791894322,636.4080289057139,True,True,True,True
0.055,0.027,0.004,0.007,249.54337426990162,246.641891328198,254.9436941111503,298.3864223295384,True,True,0.02385551145024934,0.022088692499337044,0.024232618530355323,0.03908276009104784,True,True,6.994985124101476e-06,6.891115710004636e-06,7.020956990377007e-06,1.0212939194451373e-05,True,True,8.001975724763945e-07,7.744651959714831e-07,7.933845354786814e-07,9.059016821823222e-07,True,True,265.6355008806811,265.5482151975392,266.74582660258886,270.8632324483905,True,True,718.2502136739035,718.2025933861922,725.7049669453836,740.4980468297991,True,True,True,True
0.021,0.016,0.023,0.031,1028.7480192235334,1007.6733442486125,1028.078803361202,1052.1993764837407,False,False,0.06890970892001343,0.06519299238037367,0.06892850946249575,0.06889295293732453,True,True,8.325207520412042e-06,8.096494186141445e-06,8.32645490495675e-06,8.328944320936097e-06,True,True,4.443955485104346e-07,4.2845402816214233e-07,4.4438560959246157e-07,4.6101542407140965e-07,True,True,248.68423622247985,248.6199330696055,248.75865400367482,248.6854519123497,True,True,656.706492344969,656.7066327543712,656.706506280009,656.686138208346,True,True,False,False
0.026000000000000002,0.033,0.06,0.034,1023.822628179293,1023.8180980212642,1029.0777971469554,1095.5564123208103,False,False,0.11726372632230865,0.11725275859626587,0.1190024614452763,0.12835254075814045,True,True,1.757053144108438e-05,1.7570547332110373e-05,1.7793573780304916e-05,1.9461989751880072e-05,True,True,8.314502313124571e-07,8.314512216985723e-07,8.351390575936901e-07,8.336176655549054e-07,True,True,245.56764832623531,244.88453966279297,245.58221991875592,245.61781132798436,True,True,654.1787000410209,653.618336577454,654.9550796406547,655.3106799455359,True,True,False,False
0.04,0.02,0.057,0.004,125.05780782589608,80.21074716855846,126.68487694081242,137.16482146276846,True,True,0.08464251363332123,0.08463325588490957,0.08458438120538193,0.10594951040421685,True,True,1.478198670860048e-05,1.477793146799646e-05,1.4732293961252838e-05,1.886171041164604e-05,True,True,5.185135825541877e-07,5.177472896206785e-07,5.25403216945117e-07,5.374360530103881e-07,True,True,248.51211761881578,247.24651707900688,248.51164317680622,248.51204562369745,True,True,664.9281371685169,660.8119303693874,665.8699969589527,665.4384254295452,True,True,True,True
0.009000000000000001,0.133,0.049,0.007,223.39095831346543,214.29532713043648,222.32943446398744,223.3741773115234,True,True,0.11676000489088335,0.10423475775923596,0.1134688483458292,0.11668511724793372,True,True,3.573753073668232e-05,3.192638109148307e-05,3.574547039503756e-05,3.5751233726514295e-05,True,True,3.5112084104436375e-06,3.0479794437072526e-06,3.5032267036258635e-06,3.5181796875723856e-06,True,True,271.89720576833133,269.00637049635606,270.34087769972024,271.90987247087975,True,True,725.5437748997613,713.6947247493941,719.9086042557143,725.2876386126298,True,True,True,True
0.05,0.127,0.008,0.009000000000000001,318.7147782189476,295.2781994648392,302.5113747781181,318.32210164937817,True,True,0.06921806818459846,0.05832756264041136,0.06854351663018138,0.0691289172011095,True,True,2.9612255660578293e-05,2.798819280267455e-05,2.7833272301121138e-05,2.980161419874201e-05,True,True,3.7205116985218135e-06,3.4520796028411108e-06,3.5644275601241375e-06,3.7562436822553482e-06,True,True,289.08929093530844,282.3006132626131,287.64029050949904,289.0960030149078,True,True,790.9780019867401,771.9675472667036,787.199518127677,791.783609369748,True,True,True,True
0.031,0.025,0.037,0.032,1022.3829139000001,1022.4770205592104,1022.3665254188023,1028.251920700114,False,False,0.08907473645249193,0.08905208243944049,0.0890902627394009,0.09251656898735332,True,True,1.2563749483969366e-05,1.2338383745919867e-05,1.2552947969656447e-05,1.3027867451329459e-05,True,True,6.675575673913334e-07,6.499757526090005e-07,6.544618737008942e-07,6.750383097855878e-07,True,True,250.06891526478947,250.06673687511542,250.0877649289207,250.46299988008724,True,True,667.0620651415484,667.0539000435657,666.7661519549708,667.0606680515043,True,True,False,False
0.005,0.033,0.114,0.034,904.3247382938815,904.2953316306791,904.3598702289368,904.9746050351001,True,True,0.1636737368210519,0.1570265437102895,0.16361160059243354,0.16384650675053242,True,True,2.4272155508478803e-05,2.329033761918271e-05,2.42068574128753e-05,2.4382642958114594e-05,True,True,7.376910030038604e-07,6.98204468477796e-07,7.284350744933213e-07,7.377762351452664e-07,True,True,228.38094657511155,228.38836170373216,228.41608822395895,229.39385171911374,True,True,598.7533458349241,597.3208928182323,598.4764237377124,601.395992699881,True,True,True,True
0.048,0.048,0.062,0.034,1018.667486963998,973.2091166271996,1007.1034829124732,1019.3091107179613,False,False,0.12392021732161175,0.11898054232905655,0.12170186877619381,0.12388207873846446,True,True,2.0658721661677076e-05,1.981083060815026e-05,2.0582227491161932e-05,2.0655821516393708e-05,True,True,1.2019973905106825e-06,1.1929543965941631e-06,1.1693943911771714e-06,1.2444226505489683e-06,True,True,254.1021099866211,254.08645363312544,254.04463182723043,255.22962396706944,True,True,690.1636804524879,690.1271312497443,690.525943193357,690.1671754013806,True,True,False,False
0.006,0.007,0.026000000000000002,0.032,1052.7511844226883,1022.3722961673096,1052.2970628352543,1057.8656183394066,False,False,0.07030455182594988,0.07017771953722486,0.06869824987009894,0.07031324184063527,True,True,7.026276402323053e-06,6.615176268773021e-06,6.6888170054933314e-06,7.139749116417491e-06,True,True,1.9479886490555316e-07,1.9480406856385978e-07,1.8944594304451764e-07,1.9493123310990635e-07,True,True,242.10651542145592,241.27908855058675,242.10612346053898,242.12950113832804,True,True,630.4905076140607,629.0173394412692,630.6747264209322,630.4933076539763,True,True,False,False
0.13,0.012,0.028,0.024,786.5369938185347,782.5598447760756,799.9901463356506,788.0349479553269,True,True,0.06664334818442448,0.05786335949092087,0.06770563820606446,0.06662491740190375,True,True,8.494397713205084e-06,8.40682977748459e-06,8.68571766970416e-06,8.504428133350934e-06,True,True,3.2968386937305007e-07,2.927548028068086e-07,3.302817978094746e-07,3.3372212439554954e-07,True,True,272.5025526280513,272.7314232873003,275.52948427438974,274.9054320311269,True,True,775.255338707456,776.7410883513267,780.9436731611934,796.0833130605513,True,True,True,True
0.052000000000000005,0.126,0.01,0.004,142.05105230834846,121.11514782539768,147.81516097947124,153.37195511621988,True,True,0.06638007309686741,0.06293971471153083,0.06637086370079506,0.0710100856314277,True,True,2.97394899827609e-05,2.67282377114627e-05,2.9746884936514e-05,3.0658004557994854e-05,True,True,3.68451058924786e-06,3.124311179382261e-06,3.6724714679866586e-06,3.7016433473902265e-06,True,True,289.23490382439354,281.96856267577095,287.0230994617867,289.35655627725004,True,True,791.8762943447456,769.1440633124145,789.3404856265709,791.9840840748524,True,True,True,True
0.132,0.006,0.019,0.019,640.263288891587,611.5336268953051,632.2611929666359,691.4376307674805,True,True,0.04859647899031535,0.04677252477930528,0.047742623998325115,0.05490805607842322,True,True,5.584229119034075e-06,5.418967290675838e-06,5.237805457587551e-06,6.34320943903228e-06,True,True,1.70902590378467e-07,1.7093443634136628e-07,1.7092018814934003e-07,1.741215651928484e-07,True,True,273.86247383716227,272.93079269029346,273.7878171318099,274.3426870768884,True,True,778.5275899359757,778.5048292644667,778.6993978171928,784.355088426961,True,True,True,True
0.006,0.061,0.051000000000000004,0.024,745.9779760263476,707.0567330764918,758.0595727022634,791.9160829668111,True,True,0.1092039102681589,0.10803147053080023,0.10865533274273248,0.1261057369327864,True,True,2.170511505130551e-05,2.1528423261182574e-05,2.1308980011754775e-05,2.342338485096865e-05,True,True,1.5813617427778432e-06,1.5796347879886708e-06,1.5456607241852075e-06,1.7636385532844162e-06,True,True,250.9212602047829,249.91198451036925,250.78581972496767,250.9214115858153,True,True,660.5957461694644,658.2438401512505,658.84357762914,661.9328498822819,True,True,True,True
0.006,0.029,0.117,0.034,898.3081262506962,898.2638631407123,898.2550740732312,897.2063970022546,True,True,0.1647920654477483,0.16323442010942787,0.16480484726745473,0.16685776981493172,True,True,2.3947885065190895e-05,2.394495961041345e-05,2.395021320144036e-05,2.407558419467001e-05,True,True,6.444106196511287e-07,6.43602142840921e-07,6.544428962110361e-07,6.498369233299646e-07,True,True,226.90564324013278,225.63007327955145,226.8233213791559,227.16485160770776,True,True,594.8974716289024,587.0395581751726,594.5375235107882,597.4588647007042,True,True,True,True
0.051000000000000004,0.004,0.006,0.029,1008.5694733174221,1009.2771142895402,1064.6133560379235,1447.4288541220062,False,False,0.040831606666742015,0.04085948513111969,0.042794038151276505,0.05459664097202679,True,True,2.510264712825532e-06,2.5075459065358335e-06,2.4977569067580375e-06,2.9986496368321426e-06,True,True,1.1888303993078237e-07,1.129507127021513e-07,1.1872579273801682e-07,1.315944415736267e-07,True,True,256.6239440973215,256.5385138043682,257.58287072016594,256.62380807801884,True,True,691.2535470107305,688.8037038633995,697.9388358507618,699.8988610993113,True,True,False,False
0.005,0.028,0.12,0.042,1096.9811627805898,954.1704871486708,1115.9394049484692,1107.0304177520452,False,False,0.17215954378381684,0.15941504809856752,0.1725924245763282,0.17262278522379443,True,True,2.4056386094379657e-05,2.2064359742023382e-05,2.3556189054946617e-05,2.422177398293097e-05,True,True,6.155523921639843e-07,6.155780366498382e-07,6.15133680151688e-07,6.329806628894879e-07,True,True,225.1080780069729,224.98408567734543,225.08334223843607,226.41315998178672,True,True,590.2318181213344,588.476429759294,591.1981284351966,594.6407546004599,True,True,False,False
0.019,0.017,0.033,0.032,1033.2653584866907,1020.9830149528237,991.4400528163203,1083.2355898893604,False,False,0.08188629221491313,0.07510997130269502,0.08190899024405589,0.08436315044947311,True,True,1.0275784746797564e-05,9.948659984030252e-06,1.0290987226274296e-05,1.1648049616838725e-05,True,True,4.5970258207856275e-07,4.475950133448324e-07,4.5962492773927894e-07,4.946779066444454e-07,True,True,246.11960428696068,246.11957627433608,246.11850862618192,246.12036802360348,True,True,649.2784321262712,649.2781550032176,649.2776559295885,650.8955493004738,True,True,False,False
0.045,0.024,0.006,0.015,528.1134416246601,526.1470624126289,537.3278643335403,649.3904854778178,True,True,0.03393666974753032,0.033933270368560114,0.033874910135590984,0.04352791449855256,True,True,6.7555658308207e-06,6.727637571349721e-06,6.611105863505588e-06,8.914325482193013e-06,True,True,7.036517751456873e-07,7.035994728041967e-07,6.903199518065721e-07,7.350151798721806e-07,True,True,261.4523981126265,261.45198194530354,261.49874541710994,264.2043272066918,True,True,702.3234400682168,702.3237150148815,704.0833854367677,716.972719173779,True,True,True,True
0.14400000000000002,0.008,0.015,0.01,343.20066384902185,343.23759720347726,343.1914327803877,378.73327819182,True,True,0.03513526913815494,0.03472637170999751,0.034664106804837155,0.04057805599279716,True,True,5.211325489747477e-06,5.212751430655934e-06,5.214358467034409e-06,5.658712790669315e-06,True,True,2.3067560590318664e-07,2.3050292178215082e-07,2.4014422957841876e-07,2.3206326446845714e-07,True,True,278.7891279354141,276.8897113437108,281.47549340379186,281.1252719623969,True,True,797.2039514109451,783.9117993245925,803.7185711706305,817.8073567824517,True,True,True,True
0.005,0.024,0.082,0.004,118.19081321333593,90.5544406428007,119.79299560146067,144.41098686713698,True,True,0.11151139982940003,0.11147633357072068,0.12074774033879805,0.1390741485118601,True,True,1.905364496340959e-05,1.9056390112964402e-05,1.9041415446877075e-05,2.347805909000982e-05,True,True,5.86847821954846e-07,5.868577810308124e-07,6.16308311292004e-07,6.467081200209016e-07,True,True,235.68329627494506,232.8417936263658,235.0745730850509,235.6951862262757,True,True,613.7794736888188,605.4126870079672,612.3841699709703,613.8258373067782,True,True,True,True
0.046,0.056,0.012,0.016,554.3612951003787,554.7127177537127,554.0188020556435,634.0186298558973,True,True,0.054954229734625444,0.05494928451986867,0.05619015574630002,0.06374604937564422,True,True,1.4788890020412524e-05,1.4785526066794984e-05,1.4788603757371102e-05,1.7701637190221575e-05,True,True,1.6113045026248782e-06,1.5982793880720205e-06,1.625733284085226e-06,1.70763106976446e-06,True,True,268.46425195665097,268.46417660710466,268.5016367671456,271.39002858780765,True,True,725.7521238316401,725.7542574508168,725.7703423576469,734.077679199277,True,True,True,True
0.055,0.013000000000000001,0.043000000000000003,0.012,382.9729475545668,382.96122331335494,382.9742980010302,435.2171952110951,True,True,0.0737197687221664,0.07057504280739328,0.07371753487850273,0.09092747415839542,True,True,1.1197129098335105e-05,1.1197057193413865e-05,1.1197581356061854e-05,1.3429315043663037e-05,True,True,3.477719671337871e-07,3.461523297099642e-07,3.6402580725742405e-07,3.686389919714796e-07,True,True,252.77585968135426,251.4538308208212,252.80908525979058,252.77565261736714,True,True,683.5209127178068,680.4936148522127,683.5231266522304,685.9813457388583,True,True,True,True
0.009000000000000001,0.126,0.013000000000000001,0.005,175.97310019691645,175.96666337737122,175.6556503978721,184.01329395665266,True,True,0.07135959556681484,0.06731162881806105,0.07133828572831968,0.08598524064362864,True,True,3.01214133917053e-05,2.9794898614310916e-05,3.0619059108487696e-05,3.4131751859903555e-05,True,True,3.6581634002116305e-06,3.552815276042866e-06,3.7340163374663196e-06,4.20320601725264e-06,True,True,278.44094630116234,276.2223880585417,280.2469048387084,282.0813884264672,True,True,741.1440536518451,731.7965531602217,744.0498558426933,756.2389688776506,True,True,True,True
0.02,0.041,0.008,0.015,526.1497010191329,526.107929262831,522.5810276556715,624.1861765887614,True,True,0.043090388775479285,0.04278652399244982,0.042254400422899886,0.05776771935037209,True,True,1.0813325195317343e-05,1.0403455521267674e-05,1.0812327289128581e-05,1.4167042029775998e-05,True,True,1.1951092579666779e-06,1.1941873991349485e-06,1.187021021508032e-06,1.2998914689118193e-06,True,True,259.5292921892777,259.51823052308754,259.5114285925711,262.57045351646696,True,True,686.5122822741629,683.8989223988278,686.475506064212,701.4066087855233,True,True,True,True
0.014,0.039,0.063,0.01,305.0881466238147,269.30823601053356,304.90832065091706,333.3100462876281,True,True,0.10236873536584601,0.10133676874691827,0.10237490779345024,0.10817026936314227,True,True,1.9234991448846892e-05,1.829991301046813e-05,1.9264098422273438e-05,2.0229817690023255e-05,True,True,9.913941416409123e-07,9.09773076663959e-07,9.922362655679658e-07,9.913896442931277e-07,True,True,245.492437080073,245.12073223943048,245.4925108030887,245.66558200422384,True,True,646.5405159111451,643.6466520991493,646.5580687502058,647.7045766230167,True,True,True,True
0.005,0.004,0.012,0.006,209.52787662434338,203.80054728542254,208.9944060186041,364.337777247022,True,True,0.025627876759790492,0.023986132897087314,0.028216035454039123,0.06347073748699866,True,True,3.5725230861720677e-06,3.2886516331924545e-06,4.174953155550351e-06,8.937355949436122e-06,True,True,1.194708453885725e-07,1.1879545975470727e-07,1.242010539111231e-07,2.1853755360231305e-07,True,True,246.31187607212792,245.0290384939373,245.85061644699883,247.7314718788056,True,True,638.2409017187151,633.807078947436,637.3917290549819,650.118267321987,True,True,True,True
0.004,0.037,0.027,0.016,532.3339337651562,509.3285925198851,515.9389038522004,642.1628069749373,True,True,0.06703914016376426,0.06703760329381496,0.06656251455960174,0.08319860308325218,True,True,1.3327859261974862e-05,1.1650408371743306e-05,1.3327110618876871e-05,1.589400669326527e-05,True,True,1.0252119432850285e-06,9.460291821062032e-07,1.018904262655576e-06,1.1535607700026964e-06,True,True,250.36812065481945,249.77164720798157,251.58171238037292,252.3804598227638,True,True,653.866068610268,653.8654771483241,654.627082864799,659.6946226976743,True,True,True,True
0.007,0.021,0.014,0.007,243.10862326525756,242.7869534993491,240.3694780621742,310.65286919763327,True,True,0.035700394225724005,0.03530748776787623,0.03570730151396596,0.06092432658156559,True,True,7.626508510537881e-06,7.628393467352412e-06,7.64047056171855e-06,1.2018630289362532e-05,True,True,6.07514249398931e-07,6.060083307520158e-07,5.860000987975312e-07,7.994320015849759e-07,True,True,250.61605032028262,250.58274710404848,250.10520561602013,253.35614517408183,True,True,652.9960793107704,652.9810123535626,651.6860830603213,669.8754038891345,True,True,True,True
0.006,0.025,0.023,0.017,570.8864066397001,570.8764409854709,570.8779914321829,709.1154393428553,True,True,0.05878846196599268,0.05869378569277231,0.05838480337812488,0.07959953127978185,True,True,1.0157581136190967e-05,1.0099936243728696e-05,9.95496200019919e-06,1.4231982560534411e-05,True,True,7.002518131754707e-07,6.97623113201333e-07,7.142449308368045e-07,8.616722005769254e-07,True,True,248.584092491208,248.58208899601127,248.58899727006462,249.35553809419133,True,True,648.6341538848628,648.6341661792775,650.2487882231161,655.0334542382831,True,True,True,True
0.022,0.028,0.006,0.029,1010.9401488180615,1010.6637226249736,1014.8258511090205,1068.4394847613598,False,False,0.04979250949271916,0.04979423921806091,0.04979116933686483,0.05320139995500124,True,True,7.646609525508492e-06,7.64587210052167e-06,7.646855484102177e-06,8.053860665106724e-06,True,True,8.126035517424826e-07,8.126032713521698e-07,8.133557495862126e-07,8.126184077559045e-07,True,True,256.02182156858316,256.02009352296096,255.9579133128786,256.3174421798514,True,True,677.7359720770355,677.7361247310038,677.7358921791442,681.3088231053806,True,True,False,False
0.081,0.038,0.029,0.032,1042.8381828947727,997.531825331983,1041.6496865781135,1064.875712605832,False,False,0.08442705861120801,0.07889614547992475,0.08442782266017958,0.0851434395541779,True,True,1.3880118382586936e-05,1.3550311092598636e-05,1.3881660895769665e-05,1.3881141503982373e-05,True,True,1.032123668254823e-06,1.0307263733362801e-06,1.0320340050515704e-06,1.061506402528242e-06,True,True,266.89822816355536,266.8827047090016,266.9009561913064,266.8982696962486,True,True,739.0871345815162,739.0787409377544,737.7625260306924,739.1481153998532,True,True,False,False
0.004,0.029,0.116,0.046,1208.9126970651114,1061.616094523734,1199.8561456564364,1252.1406047817195,False,False,0.17223329696740616,0.13301850468349638,0.17129337908630743,0.17567580030266752,True,True,2.3736830079985895e-05,1.746584285630951e-05,2.2321157002048906e-05,2.393187869035878e-05,True,True,6.41315548656949e-07,5.24956489297799e-07,6.078251718835873e-07,6.579725115435092e-07,True,True,225.73211965757235,225.34013733005423,225.99750245051462,229.89447250564467,True,True,591.7615913964694,590.9380807116814,592.1123982915368,601.433133971375,True,True,False,False
0.129,0.004,0.023,0.018000000000000002,600.4909994294413,482.58405548778467,599.5579102253872,705.0636262899045,True,True,0.052002653863792846,0.0514594553291708,0.0521738701385386,0.06190213283040014,True,True,5.932278037581086e-06,5.930639313221156e-06,5.961884923653816e-06,6.791255040957058e-06,True,True,1.1387683991767921e-07,1.036602109184244e-07,1.1354879634725305e-07,1.1619699828509365e-07,True,True,271.8176411305048,271.0334142355195,270.91651083422704,271.8185667204089,True,True,771.2822719210052,766.0209399409094,768.209130386266,771.3028085987225,True,True,True,True
0.044,0.06,0.015,0.029,986.3833864354651,986.4139594539645,986.412263880315,1050.8068530980356,True,False,0.07300704136834939,0.07305761372270868,0.07300648248305931,0.07907603442354483,True,True,1.609317331468094e-05,1.604879842039523e-05,1.6216071070876643e-05,1.711160193225658e-05,True,True,1.6962201208773818e-06,1.6961915193785981e-06,1.6956251072555694e-06,1.8380841376836538e-06,True,True,267.33037769406263,267.2225833168201,267.3267738208831,267.56139828742073,True,True,723.4009419830235,723.136828981187,723.758468123728,725.4029925134148,True,True,True,False
0.01,0.004,0.006,0.03,1044.2771895601313,1037.8606190261899,1149.4377407760162,1166.428576494745,False,False,0.041912167676583095,0.04297160338346996,0.041930132563631366,0.0484371931579726,True,True,2.459234072354595e-06,2.459707281256409e-06,2.573828821043526e-06,2.5572386585380714e-06,True,True,1.1914826768931476e-07,1.19170315428453e-07,1.2478199132236608e-07,1.2515129584258943e-07,True,True,246.97619999305743,246.97453602042964,246.9832408817005,248.94719868203165,True,True,644.5355969027969,644.4894860777076,645.5156827365628,655.4391117709163,True,True,False,False
0.044,0.043000000000000003,0.041,0.032,1012.1388797059212,1005.7298099507312,1012.1453470560389,1041.288173734421,False,False,0.09949133810232937,0.09518807896179213,0.09949297082218214,0.10691835533406811,True,True,1.6740139238548804e-05,1.6420065738199486e-05,1.6740118047356042e-05,1.704967947560955e-05,True,True,1.134700135252314e-06,1.134676328177529e-06,1.1347559409775406e-06,1.1476217784293096e-06,True,True,256.81580805181204,256.2923766803984,256.8158312993631,256.8157936513059,True,True,694.079778783601,691.7611379250694,694.0805851804618,696.3062807031891,True,True,False,False
0.005,0.08600000000000001,0.044,0.033,1038.4249522314196,1039.1037366912371,1076.1025025875858,1055.995787550713,False,False,0.11816942791521143,0.1175377875574653,0.11806674863295902,0.13049840222836137,True,True,2.5562302337632042e-05,2.5562180410863366e-05,2.5550580325381396e-05,2.7516490762102115e-05,True,True,2.255237208462194e-06,2.256705891141656e-06,2.256756716329722e-06,2.5303124121649384e-06,True,True,258.00232271518774,258.00133721724694,258.00318133577565,258.0082442996215,True,True,682.7145446680239,682.6895843022852,682.6943497685504,686.0890869630358,True,True,False,False
0.009000000000000001,0.059000000000000004,0.055,0.034,1038.363568861425,1038.6901953258086,1062.5957658657192,1112.4883680238268,False,False,0.12093176639919818,0.12105362538540326,0.12317226756893193,0.1305820478739999,True,True,2.1782182074428372e-05,2.1781740740538766e-05,2.2010919892019045e-05,2.343611551492081e-05,True,True,1.5044468603172059e-06,1.4964316469705094e-06,1.5034277032484114e-06,1.5763463641352717e-06,True,True,249.42030940971657,248.58769910621663,249.3440408192093,249.4207896168933,True,True,658.8423921271329,658.7670614741679,658.8421957273525,661.6109345782392,True,True,False,False
0.137,0.004,0.019,0.027,903.9633959302823,693.3334696122477,907.2020059189111,985.7803722845581,True,True,0.0556305463720787,0.055641820108969745,0.055710584879147554,0.05750635770674269,True,True,5.211095200920547e-06,5.24159009307405e-06,5.218700257241086e-06,5.67889885458546e-06,True,True,1.1424207823448674e-07,1.0287417122952243e-07,1.1165621837391359e-07,1.2400542540495384e-07,True,True,273.893681471445,272.20495608282795,274.77394530258806,274.98262918280017,True,True,781.625285148969,775.9848453370604,787.2149886475147,795.2235492155853,True,True,True,True
0.049,0.024,0.01,0.029,998.3092645891988,992.3117672051613,997.1689298996073,1084.1679499623103,True,False,0.053525913273488615,0.053231772986522756,0.05225689789587216,0.05832774634858619,True,True,7.59607691261765e-06,7.176833616513164e-06,7.380840454123321e-06,8.422021896582996e-06,True,True,6.885372074511621e-07,6.584489668223384e-07,6.888754603745735e-07,6.884868858945663e-07,True,True,260.3857037951579,260.38586657829893,260.38475901205885,260.7294007946944,True,True,702.8434142280377,701.5826409267706,700.6064995179376,709.6572947427245,True,True,True,False
0.07200000000000001,0.078,0.006,0.04,1383.186538566719,1156.0665076047762,1382.345408006683,1383.914794799517,False,False,0.07917841779691714,0.07126696620964186,0.07918850316599128,0.07903460868782583,True,True,1.839430590765122e-05,1.664229057762231e-05,1.7435964323543118e-05,1.8389626314248317e-05,True,True,2.2386302323033246e-06,2.083676293291427e-06,2.2411170050115148e-06,2.3425084155664945e-06,True,True,279.67940040068294,278.0626897629652,279.3938317475204,279.88926241622,True,True,773.7266927975692,765.4626421490624,766.6189969737908,774.4689051879325,True,True,False,False
0.019,0.051000000000000004,0.059000000000000004,0.034,1027.3850380484973,971.5526181968381,1028.2592834595862,1027.3912587573548,False,False,0.12215149434115354,0.11929679364905453,0.12222571154676694,0.1277675511875787,True,True,2.0799878824434247e-05,2.0636279831017526e-05,2.0802140776701147e-05,2.1032920045882848e-05,True,True,1.2876125003208887e-06,1.2848444188693223e-06,1.285893329173595e-06,1.352261853366566e-06,True,True,248.78782315978773,248.3026589247559,248.81189819999025,248.78820751064,True,True,661.390828693613,658.4196757921197,661.3865035219209,662.1062660547552,True,True,False,False
0.01,0.135,0.039,0.01,325.8937918181029,305.9472487773131,304.88312596178486,323.5290557822248,True,True,0.10961045808717514,0.09538672236528276,0.10964813396881053,0.10961445688301119,True,True,3.5034810198418396e-05,3.340648340011442e-05,3.1745607604611666e-05,3.504427654334408e-05,True,True,3.647267907039806e-06,3.2534654119362177e-06,3.523517478432688e-06,3.642264827728549e-06,True,True,274.68437098519615,272.2340278449593,274.67730819376203,274.6775262748007,True,True,733.7785841761474,718.1108227144414,733.184710908933,733.869102610925,True,True,True,True
0.031,0.025,0.005,0.029,1013.298990577094,1010.8503452355932,1013.6140898840129,1013.2300661176986,False,False,0.04732030459655932,0.046108234938720294,0.04731385947873484,0.047324092549943235,True,True,6.811738094028025e-06,6.811031175419124e-06,6.812815654343825e-06,7.19833968673079e-06,True,True,7.27521679323321e-07,7.220290622504563e-07,7.275194159428846e-07,7.373066178297493e-07,True,True,257.5787472063585,257.5788824242087,257.5757277110302,258.2638661860549,True,True,686.1186826444336,685.2349989242521,686.1200133427047,691.1643063534307,True,True,False,False
0.024,0.064,0.084,0.019,546.9401774501423,546.9218474388055,547.9070503239224,547.0406963640755,True,True,0.13736314217387965,0.13317173249954192,0.13738165003155964,0.13739176882008558,True,True,2.6405513223263183e-05,2.518921909626862e-05,2.5911374608413635e-05,2.639856903911702e-05,True,True,1.5393564111271166e-06,1.4075583991314388e-06,1.4058604332876904e-06,1.5384275947120158e-06,True,True,248.77626817246656,248.44973238155507,248.80770770713002,249.20475122286547,True,True,664.8048832232084,664.0849812895766,664.6084217029904,664.8714283283043,True,True,True,True
0.096,0.006,0.051000000000000004,0.035,1073.1220510345809,1002.3304326336171,1040.0460811971777,1072.9325826600148,False,False,0.1000308642795293,0.10001312403747,0.09949917668445064,0.10000084126703654,True,True,1.1166678852494271e-05,1.1108495950365678e-05,1.1167382108661818e-05,1.1162998180363172e-05,True,True,1.5609919970156574e-07,1.5244817653490355e-07,1.5268459989867776e-07,1.5630544047015453e-07,True,True,256.94098126312093,256.56085697779423,257.15291733217856,256.9433621574876,True,True,717.0008226812258,716.9989934345988,718.1551327433395,717.3201674141901,True,True,False,False
0.065,0.057,0.051000000000000004,0.015,468.6296746006802,442.3303762152974,456.8914496638114,468.64545805222065,True,True,0.0999292790265635,0.08930293040027405,0.1000743852954033,0.10289469054287419,True,True,2.101300643049284e-05,1.958065313673204e-05,2.1164413215427698e-05,2.101739876990546e-05,True,True,1.4832666521552175e-06,1.4187202478080209e-06,1.4443575710620583e-06,1.483275650905445e-06,True,True,264.3625441434113,263.2787014770443,264.3629224537901,265.3090896341208,True,True,725.489150814847,722.0472520901975,725.4912534962898,725.6777792164347,True,True,True,True
0.016,0.075,0.039,0.032,1019.9112768589843,1020.0828724173257,1056.7565877270606,1019.9053230278399,False,False,0.10836907895540616,0.10836964329918976,0.10986296607630198,0.10834165303794605,True,True,2.2751002360699902e-05,2.2750222242485825e-05,2.2791198912454612e-05,2.275170331781371e-05,True,True,1.9914166307590564e-06,1.944675165031482e-06,1.979995326327825e-06,1.9914244402073463e-06,True,True,258.9600606262768,258.91980213734166,258.87855122390306,258.9902463110201,True,True,689.3495700829646,689.3170501262792,689.2613200354263,690.1064830634054,True,True,False,False
0.011,0.114,0.022,0.047,1553.0053736857367,1264.2093243052695,1451.6155282805275,1555.1348793156585,False,False,0.11738405921478365,0.09399248360043022,0.11209190375434035,0.11739209836962988,True,True,2.8192568979278955e-05,2.409915014743122e-05,2.5522421006078856e-05,2.832225816676039e-05,True,True,3.1313521075731662e-06,2.6502283737691232e-06,2.8902092822983516e-06,3.1673798788622927e-06,True,True,270.51030146639266,267.05942505586995,268.85093098446436,270.5117339257269,True,True,723.3783390635966,712.3399551849013,722.2782707519175,723.3891672854862,True,True,False,False
0.031,0.015,0.096,0.004,114.42856962478203,57.147959130643486,114.38356606357638,126.00655979959775,True,True,0.12165814571449553,0.11567117503350434,0.12154023276493868,0.13750585432150467,True,True,1.9277336710001896e-05,1.8269949291440707e-05,1.930121604633143e-05,2.1968947926341138e-05,True,True,3.5592431057147136e-07,3.5585092229147527e-07,3.7946767502507777e-07,3.798347833838408e-07,True,True,236.25502123618136,234.8483530447787,236.25152202952614,237.21491580747048,True,True,627.8586065754558,627.0587297130578,627.7942617482947,628.7585445863319,True,True,True,True
0.005,0.098,0.025,0.043000000000000003,1412.8466617293982,1238.2804527335145,1413.1832368057064,1451.2736655822496,False,False,0.11133419924321558,0.09519370464820888,0.11195948980287036,0.11155734771826689,True,True,2.5351080829918783e-05,2.31094899754296e-05,2.53874570306546e-05,2.622890821603269e-05,True,True,2.6780809368774424e-06,2.353152146451515e-06,2.677470324715955e-06,2.6803388919336884e-06,True,True,264.63056680732063,263.87067955923607,264.6444245652046,266.2130570437258,True,True,702.3319116967452,700.4159702824376,704.3404292187623,705.7531488237894,True,True,False,False
0.019,0.018000000000000002,0.147,0.006,153.22940263363333,128.6301825877586,152.23977961871344,152.90053650514926,True,True,0.16506709017948185,0.14508242514808692,0.1493376547197976,0.16423366571508688,True,True,2.555634295943471e-05,2.158861752961309e-05,2.345383118940868e-05,2.5556586053852925e-05,True,True,3.828569837275406e-07,3.744832954417072e-07,3.764226092811447e-07,3.828399055383397e-07,True,True,222.46793904622876,222.4307183621293,222.83238297670812,227.37160449953825,True,True,586.6057633891988,585.6852721633264,586.7721280980327,594.4714718075013,True,True,True,True
0.011,0.014,0.026000000000000002,0.015,500.1001062819851,499.3031034888898,500.1001488780969,597.088852803922,True,True,0.056674327594604564,0.055733458049255065,0.05524038810730967,0.07449341178251816,True,True,8.416041930334622e-06,8.387674466309118e-06,8.407592615148705e-06,1.1080454701470731e-05,True,True,3.909369871531638e-07,3.8988057345071905e-07,3.9937809263834534e-07,4.56563044112973e-07,True,True,246.39599431274675,246.35365869071083,246.38937323667196,247.2382429966093,True,True,643.894104515421,643.8655057004088,645.0924571243382,650.5107864719124,True,True,True,True
0.023,0.054,0.09,0.004,116.31326443537556,15.1819679098211,111.51276747957294,127.21229680901857,True,True,0.1281411169647513,0.11779931842399179,0.12809215002960359,0.1339460370924467,True,True,2.544994129598563e-05,2.5891478738828914e-05,2.5452772323126066e-05,2.604951265405807e-05,True,True,1.2934833463458551e-06,1.2236360750203067e-06,1.2936518518583465e-06,1.3162538268171253e-06,True,True,245.77252815250515,244.9799996971324,246.14929481917684,246.96912564101197,True,True,653.8668445708157,651.0909728384196,659.5662124279575,653.8673434410596,True,True,True,True
0.027,0.112,0.012,0.016,556.4447107212345,554.8551421553979,556.5441278293546,605.6999396563336,True,True,0.07574532176426713,0.07292487313998101,0.07576880302003067,0.07781760655320442,True,True,2.6808564529552497e-05,2.6022337285610194e-05,2.6818246266621448e-05,2.830377827314464e-05,True,True,3.229547452133574e-06,3.1179227011551454e-06,3.2289079786096258e-06,3.290272116306195e-06,True,True,278.4179712666326,276.6455623976658,278.4180670725499,280.44151946246814,True,True,749.5196511272694,746.2409588380557,749.514832625388,753.8761182450163,True,True,True,True
0.055,0.081,0.035,0.017,553.3803113217369,466.15024381178995,521.7609511490521,553.3722420014552,True,True,0.09258055049730204,0.08606886565447511,0.08673730438427056,0.09255289678768058,True,True,2.3544131813957912e-05,2.0999052810786783e-05,2.325682860952156e-05,2.3548372061714776e-05,True,True,2.1923756234194792e-06,2.019443081491871e-06,2.111237919443962e-06,2.2584727337842976e-06,True,True,271.6778729836848,270.48711166624105,271.45825119944305,271.6781613124842,True,True,742.6710383972666,736.2181772267273,738.9571597392232,742.6716096750304,True,True,True,True
0.008,0.028,0.091,0.008,229.0934476632034,202.93481272950368,229.10256316740757,227.92432562497874,True,True,0.12422496840891319,0.12413552094455908,0.12392217684600755,0.13661801962111852,True,True,2.090676424795068e-05,2.0874502600484767e-05,2.0646564952285998e-05,2.2239726423747416e-05,True,True,6.686440700816667e-07,6.326215757289648e-07,6.685531137236829e-07,6.685266687066412e-07,True,True,235.05563658342763,233.3871657174455,235.04751216228956,235.055203707064,True,True,614.6900983522079,610.8971451018049,614.8583098852457,614.652840202514,True,True,True,True
0.044,0.018000000000000002,0.052000000000000005,0.018000000000000002,558.8425051743344,558.8443010762744,554.3357426693093,642.3987208099418,True,True,0.09067747448288187,0.09012729997237591,0.09066611366743586,0.10062664371432938,True,True,1.359728735980204e-05,1.2809122322829748e-05,1.3597749369461764e-05,1.5289820515445368e-05,True,True,4.681031404870465e-07,4.681704812739604e-07,4.92438366160977e-07,4.6799970006582397e-07,True,True,248.98089040390678,248.740856833216,248.9790249283632,248.97931468998166,True,True,669.0881302716246,668.1508048575101,669.541701293448,669.1661489446794,True,True,True,True
0.057,0.008,0.054,0.016,494.6216812833725,494.6222015006379,494.3179996599886,511.6405380859624,True,True,0.08774473483248008,0.08743765272406029,0.08707360894202028,0.1021122835628101,True,True,1.2005688542424094e-05,1.1983406417092173e-05,1.1975023174392831e-05,1.2990130159960783e-05,True,True,2.0881821255198063e-07,1.915966396764832e-07,2.0883763851041058e-07,2.0881987606270703e-07,True,True,249.14611275423496,248.4637907387986,249.34769981256812,249.2677345200118,True,True,674.834805857409,673.6316099601092,674.8602643411065,674.8398161717361,True,True,True,True
0.008,0.049,0.012,0.03,1029.0953889115722,1029.3034790052282,1039.2281642302428,1177.482853715611,False,False,0.06634016383099516,0.06518674282908583,0.06633879279904267,0.08092292118973747,True,True,1.3225085680376512e-05,1.2936271679002049e-05,1.3170910999425884e-05,1.461612713759759e-05,True,True,1.3975086392556132e-06,1.3973818971944206e-06,1.3968568755907113e-06,1.3977110353976293e-06,True,True,256.7087882366057,256.15164657143424,256.71256511806087,258.156669259399,True,True,675.2113545592088,675.1218405990826,675.2113651972971,679.635514561881,True,True,False,False
0.038,0.014,0.08600000000000001,0.009000000000000001,259.822384983314,256.3134795808139,259.7033927715888,264.7008564293709,True,True,0.11599283149355179,0.11599404789723572,0.11712273356381345,0.1285557271780456,True,True,1.777265938291981e-05,1.763586240308209e-05,1.777365073086878e-05,1.810849056408783e-05,True,True,3.387552752275952e-07,3.159483276143212e-07,3.438314156339665e-07,3.5971402312963656e-07,True,True,239.51771261024288,238.88069803945172,239.20965624729087,239.51590550392774,True,True,640.2473218105705,634.1021653505061,640.2431666772001,641.727776325243,True,True,True,True
0.029,0.006,0.034,0.032,1029.6490815070977,1029.5465781968624,1038.1355410697288,1106.9451018853633,False,False,0.07920271879994524,0.07927529614452793,0.07920062477429887,0.08814336107320601,True,True,8.262729095370315e-06,8.263393881876922e-06,7.9618622659508e-06,9.860705023230631e-06,True,True,1.6382569918135544e-07,1.6381057532072792e-07,1.6738164741648337e-07,1.7924688403575386e-07,True,True,245.40233706029917,245.39995718056574,245.42519186728535,245.51279365642057,True,True,651.1501230258986,650.3565947460769,651.8503973229808,651.150880362897,True,True,False,False
0.029,0.006,0.011,0.03,1028.983596536801,1029.50367366097,1053.5433883374794,1287.046880039272,False,False,0.049266460164423535,0.049137484056133385,0.049197923701411746,0.06003844774187444,True,True,3.948472073416343e-06,3.942719684502167e-06,4.013877191765224e-06,4.411987705363669e-06,True,True,1.7426653921943016e-07,1.7424546507163464e-07,1.8850940855528895e-07,1.8989581628328968e-07,True,True,250.7882259348285,250.62024538809035,250.66125072281687,251.69143422657774,True,True,664.829012741573,663.8684518197144,666.4872925341078,670.955458437357,True,True,False,False
0.019,0.121,0.007,0.046,1585.4904354632517,1197.0529509945077,1535.6358170579392,1586.0608324255484,False,False,0.10230057155155953,0.08581562625252445,0.0988148240993891,0.10243648785846426,True,True,2.765865498960618e-05,2.125866128526907e-05,2.5996594369293688e-05,2.7679971868712044e-05,True,True,3.4601628881950594e-06,2.5532748632211444e-06,3.3406754501935014e-06,3.470339924500128e-06,True,True,277.6656286322795,274.0844152423907,277.676580614791,277.6952329109399,True,True,747.0237355746539,729.7005653337326,743.0819109061663,747.0101345016748,True,True,False,False
0.008,0.006,0.044,0.045,1399.034231764996,1219.7991991542644,1239.6359654397195,1414.2841123576575,False,False,0.10163890392567493,0.07441562538533965,0.08269137675861427,0.10137891986479125,True,True,9.952154052195554e-06,8.3770800924653e-06,9.565992441811424e-06,9.975088916692878e-06,True,True,1.5851018328449794e-07,1.3931869553442184e-07,1.570802178150178e-07,1.7517355848059267e-07,True,True,237.21139915964525,237.21535312027456,238.10501258401305,240.591963681227,True,True,619.8688900708518,619.8604732987279,622.5033061060171,624.392465620062,True,True,False,False
0.006,0.053,0.121,0.016,425.16467739685646,425.91170686679664,428.77354830568777,429.34268406911383,True,True,0.16229920476045287,0.1622992608007055,0.162280208423783,0.16240940218924083,True,True,2.8499022679564985e-05,2.8380374606756435e-05,2.8440257101073835e-05,2.8518962075722118e-05,True,True,1.1790362063483168e-06,1.1791687435526438e-06,1.178979412713749e-06,1.1841138787706092e-06,True,True,233.56396121701113,233.53119226510444,234.68475004008957,233.76281145935044,True,True,614.175307188513,613.9001556498513,617.38809557508,616.0726721837076,True,True,True,True
0.01,0.018000000000000002,0.007,0.03,1042.0330495054295,1004.5191672134331,1041.5687947785193,1046.8439693424993,False,False,0.04844539602571088,0.04844480873871953,0.04844018949665809,0.050304842351953406,True,True,5.669138414662466e-06,5.498771322239593e-06,5.640234526999591e-06,6.002435214385283e-06,True,True,5.219603942434054e-07,4.914977670194302e-07,5.200547245645666e-07,5.293962973890431e-07,True,True,250.34780183115757,250.34461572133966,250.36245428329656,250.94317453913317,True,True,655.2932167989874,654.2644844263143,654.7449409135014,655.76021184942,True,True,False,False
0.037,0.022,0.088,0.046,1284.7180441294647,1138.5886513221105,1226.219904550867,1285.7288859893795,False,False,0.1482291494175692,0.12727002568283294,0.14823734005158362,0.14825879838026096,True,True,1.9259154052567967e-05,1.921048760799015e-05,1.9257661133172418e-05,1.9260665481885366e-05,True,True,5.164530073711626e-07,4.6846521055459053e-07,5.131593328425094e-07,5.271064211238525e-07,True,True,238.00931336160463,238.00853312741134,238.44873609482005,238.7643100506405,True,True,639.9639636276968,639.9640027259943,639.9664766854286,641.6540651229188,True,True,False,False
0.07100000000000001,0.011,0.04,0.033,1043.192797342909,1043.2201420089252,1043.2602487698214,1057.8732362784915,False,False,0.08836906312021124,0.08496455039756055,0.0885858697092055,0.0936135660477185,True,True,1.0321650116797332e-05,1.0318695156517231e-05,1.0320829934633619e-05,1.0786206531602265e-05,True,True,2.923864420219322e-07,2.6602931433499047e-07,2.9733401113912915e-07,3.001924929820092e-07,True,True,255.04732791023324,254.39961783066164,254.9283086930772,255.07506475727632,True,True,699.3058790137778,699.168526878811,699.2991964069768,699.3390369455575,True,True,False,False
0.028,0.017,0.105,0.008,221.78529385973133,204.6664072113914,216.03213312425646,221.730884087257,True,True,0.13316073105239054,0.12377204556251947,0.13327057365009978,0.13702516246780022,True,True,2.0719606283549565e-05,1.9031036800909746e-05,2.07500609828237e-05,2.1083658630806847e-05,True,True,3.9420922504144323e-07,3.4821500951182456e-07,3.94647752281538e-07,3.941688831997718e-07,True,True,233.71157701483082,233.40577886816058,233.47166903423005,235.08313677332472,True,True,620.3295996746597,617.4321563253789,620.3299112738246,620.3085765305046,True,True,True,True
0.008,0.008,0.004,0.03,1050.5266805234876,1051.3033297591091,1183.7543644197406,1268.7506139122809,False,False,0.04068218503571824,0.03728452833292076,0.04078680155616593,0.04275538491413594,True,True,2.9032887963463973e-06,2.899038222589591e-06,3.0320301629661074e-06,2.9628667392801208e-06,True,True,2.3591217597033636e-07,1.778662990557776e-07,2.833653554002521e-07,2.420114721893471e-07,True,True,247.99274550789102,247.3586580309351,247.93458599311526,248.55477732715676,True,True,646.6723549586852,646.6722316557601,646.6692422863749,646.5806896864965,True,True,False,False
0.038,0.02,0.095,0.009000000000000001,254.6443385630087,246.56231132493136,249.41128651164863,254.65050762098565,True,True,0.12602370809575675,0.11520678850733407,0.12427248194217211,0.13051836462039446,True,True,2.0003905595154616e-05,1.85980350825417e-05,1.979988402397974e-05,1.9989013143338378e-05,True,True,4.7316936573238314e-07,4.5625785857671095e-07,4.605166804145617e-07,4.736943106871575e-07,True,True,239.0120950310715,238.9472502914185,239.6323123144965,239.43827174871268,True,True,639.8488454631351,636.3174358281384,639.8460197662771,642.5979301419964,True,True,True,True
0.093,0.069,0.005,0.031,1081.1128883647068,1043.8944605012446,1081.6960063234471,1081.9732884284838,False,False,0.0655967884543692,0.06349808925128936,0.06559480040037373,0.06564472721789187,True,True,1.6359900753541634e-05,1.5384019522682174e-05,1.6379625729297322e-05,1.636114080091523e-05,True,True,1.997026500736882e-06,1.906920055449449e-06,1.9968658462518376e-06,2.092343909451728e-06,True,True,283.19529000013665,281.6431490251911,283.57024342955157,284.04662439963863,True,True,791.9662519710107,789.7957933964842,794.294535362828,792.1116857242013,True,True,False,False
0.026000000000000002,0.057,0.076,0.017,499.33698783383704,471.7656525115631,499.5133819387171,512.694462711147,True,True,0.12639485933485223,0.12592306690059227,0.12640826684427137,0.12779768669586458,True,True,2.4215432053201512e-05,2.2195270545634757e-05,2.4215098039913208e-05,2.4662002986561548e-05,True,True,1.3979158771508628e-06,1.3977617767853582e-06,1.3980967331024953e-06,1.4188847084398988e-06,True,True,249.4193139339354,248.88408382302953,249.41818062390428,249.90451599480826,True,True,666.3219277737279,663.8076354607689,666.3193230441555,668.5309196675868,True,True,True,True
0.031,0.004,0.067,0.012,360.8772833878038,359.12673781490173,342.59591879311563,423.43070928500276,True,True,0.09675043744344128,0.0966804358204847,0.09538616672378739,0.12725357471280418,True,True,1.3238140641564547e-05,1.3232598441536043e-05,1.4038486489625013e-05,1.7816506227903397e-05,True,True,1.0311130168484419e-07,9.477222623222659e-08,9.896107886942213e-08,1.144034531433638e-07,True,True,239.40130047696744,235.30406264027798,237.1702657617427,239.42049780834037,True,True,634.9286504258723,626.5811546799786,632.7950323329864,634.9318535301591,True,True,True,True
0.063,0.099,0.015,0.006,208.78724070702464,208.67876213217318,208.7364408825629,208.78694356209274,True,True,0.06471867257691628,0.06265143912607242,0.06470576746336054,0.06765702710402838,True,True,2.456858224921934e-05,2.446672827267978e-05,2.4575646825360354e-05,2.503174625400085e-05,True,True,2.847377800803944e-06,2.681359181063779e-06,2.8478270809352748e-06,2.908985548849831e-06,True,True,283.5731787216804,280.4620619976747,282.4963803071062,283.5750070627455,True,True,779.3472674480469,769.0171331513101,776.7455461820356,779.4478289159987,True,True,True,True
0.043000000000000003,0.132,0.017,0.005,173.95315835852037,173.87126063593342,175.57146273873664,179.4896457701718,True,True,0.0784951418695857,0.07071468971622245,0.07771726788306088,0.07834675672900539,True,True,3.1935329935103433e-05,2.7739211778104825e-05,3.0721830949071215e-05,3.194187377150288e-05,True,True,3.7863168583203665e-06,3.161838417993714e-06,3.61970557866077e-06,3.7391725860369344e-06,True,True,287.0071923856166,279.71082828380815,283.6865109530978,286.9465286287673,True,True,782.3000712417744,764.2219692434611,772.4266314342369,782.3220144948425,True,True,True,True
0.039,0.012,0.07,0.018000000000000002,534.5548378849076,519.049364062138,537.0296496420847,569.3117690985862,True,True,0.10720127645331491,0.1071972848396583,0.10936986212362285,0.1241177654834836,True,True,1.5158026240035663e-05,1.5158041692422053e-05,1.5160476954835382e-05,1.717379994632866e-05,True,True,2.999099645265713e-07,2.9273404596859796e-07,2.9992068735917866e-07,3.2532139867806464e-07,True,True,242.17752964114337,240.8842538330954,240.45624086414028,242.18479378844364,True,True,648.0284391334009,643.0024923690754,647.5410233459534,648.0293142581279,True,True,True,True
0.024,0.009000000000000001,0.014,0.016,550.3747098013567,547.42571773538,555.0516950433422,760.6454353239359,True,True,0.04034928892798018,0.04034629037567242,0.04431515988154215,0.055035879831521854,True,True,5.114432705756465e-06,5.11419979192295e-06,5.362795099619423e-06,7.622884446157092e-06,True,True,2.6035821770961093e-07,2.603827723815175e-07,2.770076257804164e-07,3.347281152221313e-07,True,True,250.79907892062968,250.7990626857687,251.74566046242347,253.4961113432609,True,True,661.5099612809887,661.4667471669654,665.3627028437373,674.5060779215049,True,True,True,True
0.007,0.015,0.013000000000000001,0.011,381.4267475074235,381.4593600498791,382.04675024312263,528.5536673553072,True,True,0.03618489860221942,0.03582543773527125,0.03609721352559194,0.06440614065086706,True,True,6.1545300847377864e-06,6.132554905823412e-06,6.10134885799901e-06,9.983125476778328e-06,True,True,4.347714589708545e-07,4.342120569409118e-07,4.046919751456149e-07,5.277053273382918e-07,True,True,248.9880306724792,248.80912360690718,248.99902720496306,251.28044741563016,True,True,648.2364394666727,646.4173066014686,648.2303413826171,664.5543704464862,True,True,True,True
0.043000000000000003,0.056,0.056,0.018000000000000002,554.285637434128,517.9912417868667,554.3593381379912,554.2570748883671,True,True,0.10741256663829613,0.10422604135520012,0.10926084557859353,0.10831213286930406,True,True,2.1474388308877777e-05,2.141740616876585e-05,2.147433957905239e-05,2.148343506938311e-05,True,True,1.4379389794006242e-06,1.2778500731075352e-06,1.4282850023051798e-06,1.4380711274411752e-06,True,True,257.600419375668,257.5414190459685,257.599680259793,257.6034840295561,True,True,696.3974294336713,694.8567539006764,696.509169441717,696.4291175573545,True,True,True,True
0.018000000000000002,0.016,0.032,0.01,329.5743274919517,329.2730496731574,331.7126304796755,361.12821720227987,True,True,0.060012161453135676,0.05993345023076602,0.060016100187192896,0.07219234373279335,True,True,9.901627452380437e-06,9.900471789066292e-06,9.900365782678266e-06,1.2942211531892926e-05,True,True,4.408543156454147e-07,4.123898294714293e-07,4.346291997881344e-07,5.108418363479493e-07,True,True,247.56925238114204,247.56833014641128,247.53669459569966,248.08902716874297,True,True,650.5696258313683,650.5693252974008,650.5679203184282,657.4773639827371,True,True,True,True
0.014,0.061,0.018000000000000002,0.009000000000000001,309.1822149347959,308.66958155592454,309.06001541088517,327.83718721547154,True,True,0.05767013449339595,0.0575994499889303,0.057453656619387235,0.06905728012293456,True,True,1.687415474696508e-05,1.6776848705487612e-05,1.6846994125890543e-05,1.891086762497028e-05,True,True,1.7385056533930307e-06,1.7312295689973404e-06,1.7293429102117626e-06,2.003372188078136e-06,True,True,261.45913818419007,261.4500044928426,261.3282448416798,265.0832683849064,True,True,690.775364021267,690.7495968619123,690.7831222534023,705.2566651515837,True,True,True,True
0.057,0.039,0.014,0.007,242.9435907756215,242.51711490043544,241.62561182269042,281.21371356332537,True,True,0.04226667427439858,0.04219579567804471,0.042897248627380556,0.056283465623948405,True,True,1.1527085279534477e-05,1.1522773551152011e-05,1.1874269896693873e-05,1.453493688185868e-05,True,True,1.1233891784445507e-06,1.1233629240949533e-06,1.1290288728755634e-06,1.2712460751429346e-06,True,True,266.91101194096825,266.30506399342823,267.3691140014754,269.24658119197096,True,True,724.3998838073516,724.3899066564172,724.1308221854863,733.9254508378157,True,True,True,True
0.11900000000000001,0.005,0.047,0.013000000000000001,409.16976362564697,366.8659943314733,409.1588684520347,417.3381700798266,True,True,0.07626487598500106,0.06648311276291406,0.07582812002229479,0.0761638209179854,True,True,1.0343004064654745e-05,9.145108812527332e-06,1.0175022257393111e-05,1.0482977620962157e-05,True,True,1.3369920732907192e-07,1.2778701947569028e-07,1.3299733877898544e-07,1.3893810236211015e-07,True,True,264.6739241353235,264.6228081804511,263.32496457534944,264.8967180121234,True,True,747.3139105684514,747.3121895392692,747.334666129006,748.9314157741507,True,True,True,True
0.021,0.11800000000000001,0.024,0.03,998.3615035293325,956.3808194929547,997.5055669132773,998.3569085475973,True,True,0.10540097735074669,0.098425466355076,0.10301945591336827,0.10551588713979598,True,True,2.9490880239162546e-05,2.663798702128394e-05,2.9421129408872763e-05,2.9597548591045795e-05,True,True,3.263247190534769e-06,2.874192289376234e-06,3.2632026147380824e-06,3.3354615274462216e-06,True,True,274.73977177470306,272.8664944047885,275.961908542535,274.74320052247566,True,True,738.8640127636982,730.9668467459172,738.864449740642,738.8879207291733,True,True,True,True
0.131,0.008,0.012,0.035,1187.921334947759,1059.0763883405064,1164.8952806605691,1194.9027390548547,False,False,0.056014853522186894,0.05269259248249195,0.05594058427871406,0.05649084089725052,True,True,4.7075164101213835e-06,4.621438792995872e-06,4.665848099592848e-06,4.7069282413586685e-06,True,True,2.2836117041743237e-07,2.1525240371036906e-07,2.2836508570826977e-07,2.2815749987305635e-07,True,True,274.4915394199044,272.988566436333,274.49280047970325,275.58964358222903,True,True,781.1732374836865,777.4436602113418,780.9364480139777,781.1877509605278,True,True,False,False
0.098,0.052000000000000005,0.005,0.031,1080.0017542753512,1029.0417925100978,1079.8450552394272,1084.4518764739794,False,False,0.05925574775945955,0.059188245321733224,0.05933499079845899,0.06047566749460591,True,True,1.2681225328696763e-05,1.2481160546377096e-05,1.2326200878340587e-05,1.3244827889730399e-05,True,True,1.5043878399820394e-06,1.381746820694588e-06,1.5046270311091686e-06,1.5056610425471244e-06,True,True,279.9985949290579,279.76864063725515,279.9893289861015,282.28167681737455,True,True,783.8813977752237,782.6456592486654,784.9215411171222,786.38300413802,True,True,False,False
0.062,0.028,0.07,0.035,1026.4299036799443,958.4363264814497,1025.9728423184406,1026.4244522651727,False,False,0.12579158715239866,0.12451177450318697,0.12637904376204845,0.12580381726976228,True,True,1.8043456273218785e-05,1.767537984161846e-05,1.7964292815003736e-05,1.804341161763143e-05,True,True,6.880315461706086e-07,6.129767897826776e-07,6.818323131757431e-07,6.892760201679373e-07,True,True,250.33340285377065,250.3285334303419,250.33336756557097,251.5074492556182,True,True,685.0786543605003,684.7111957523585,684.8658817418569,685.0804011653253,True,True,False,False
0.032,0.114,0.004,0.005,180.01017061120044,178.8995127413436,189.99570662759365,220.34784688040313,True,True,0.05491278155585908,0.05152452474406793,0.056014232222572145,0.07078866754912506,True,True,2.621536892152843e-05,2.630984614617777e-05,2.674190404217396e-05,3.0489571396203728e-05,True,True,3.3884835837124853e-06,3.2852096386497818e-06,3.5113748120582243e-06,3.74681807178488e-06,True,True,282.77281639234315,280.97930015433496,283.10190245785526,287.7733340657149,True,True,762.8193725788781,757.2756688622035,766.1134039416407,780.4421305173216,True,True,True,True
0.046,0.006,0.1,0.044,1196.467377928453,1092.2498339409742,1172.4812854076108,1196.381796269618,False,False,0.1517663978275558,0.1403960915911933,0.15209901428496275,0.1518027801822781,True,True,1.804578928293547e-05,1.7147292317352836e-05,1.8302002173392107e-05,1.817420381166527e-05,True,True,1.3909410123592801e-07,1.280447901379251e-07,1.3925999461726687e-07,1.3916961709660247e-07,True,True,233.4204456731274,233.4159487333646,233.40692238582142,235.2316355392774,True,True,630.4591484333763,630.9998565772316,631.6180465388233,637.3728862254044,True,True,False,False
0.008,0.125,0.007,0.043000000000000003,1486.427565494548,1040.2463614884061,1387.8717327090044,1486.9468850685014,False,False,0.10093970328167676,0.08121517726566677,0.09787635998742673,0.10084232301529415,True,True,2.8561078636553073e-05,2.5471881491682335e-05,2.6063932781618494e-05,2.858034127306989e-05,True,True,3.5847353472083906e-06,2.936223507643342e-06,2.3086627814794478e-06,3.708570278459794e-06,True,True,276.3620293230086,276.00343751870645,273.90618288278677,277.65448226000245,True,True,738.1258524173227,737.3058614989299,731.331711124756,739.8035459214465,True,True,False,False
0.025,0.062,0.081,0.02,579.2404130018098,554.5868002880248,574.7843417923146,580.0814654166826,True,True,0.13484844856619072,0.1337098950381505,0.13545700014414494,0.13543062337720083,True,True,2.5690912826719147e-05,2.5218487871947334e-05,2.5695376609488025e-05,2.5793408504333684e-05,True,True,1.5004221823491771e-06,1.4324893530531912e-06,1.4822899468259856e-06,1.5604006251828354e-06,True,True,249.10085086589163,249.0959414034441,249.10116537081416,249.0977620239231,True,True,665.9538641616097,665.906410153652,665.9570849568656,667.4404337511355,True,True,True,True
0.015,0.10200000000000001,0.012,0.029,997.8369672409534,997.8238257513391,1000.3895494261631,1011.2029366483366,True,False,0.08481210062348558,0.08438326251082273,0.08503590769973743,0.08957788358719566,True,True,2.451976285564992e-05,2.434361559954806e-05,2.6090474486823217e-05,2.705612446038711e-05,True,True,2.9131878861166845e-06,2.7979805541258684e-06,3.0574366787856777e-06,3.2283798508049416e-06,True,True,272.03568421219876,271.271466857568,273.12058652716973,276.7435731336361,True,True,726.2159563454962,725.0371880500526,730.6399761697567,735.125351748732,True,True,True,False
0.011,0.039,0.012,0.03,1028.4768580096438,1028.3964675162492,1028.2452097212017,1106.913666059406,False,False,0.06266963487494843,0.06261746076046681,0.06267763704475585,0.06407395058704302,True,True,1.1105351048246952e-05,1.1012205995322781e-05,1.1106158297071464e-05,1.156706327910239e-05,True,True,1.112420134453611e-06,1.112292212146213e-06,1.1124197883531722e-06,1.128809871741813e-06,True,True,254.83776668602692,253.63409417179497,254.84409868013566,255.80526342616437,True,True,670.5194049064272,668.2684587611363,668.9936001550597,673.6261178950277,True,True,False,False
0.033,0.10300000000000001,0.017,0.029,983.3827693486587,878.2040186704842,983.617944219922,1017.1208706124212,True,False,0.0910587599387887,0.08004308038991792,0.09127218161773508,0.09256118628819626,True,True,2.5454083375782793e-05,2.4914700499502356e-05,2.5465237016008485e-05,2.5643043536790223e-05,True,True,2.900623354050902e-06,2.906847956520117e-06,2.9096978549635422e-06,2.9383241540916084e-06,True,True,275.35779263410967,274.08775421019345,275.35119579297907,275.7219291443112,True,True,744.5599241768674,742.6511785373818,744.5638274123221,748.3580520553749,True,True,True,False
0.005,0.006,0.026000000000000002,0.032,1052.7436238891921,1050.9031003417344,1053.5487352890514,1053.033004109071,False,False,0.06995579723699989,0.06991708198578742,0.07080019354291744,0.0797677685245717,True,True,6.8200107644631225e-06,6.809738755909282e-06,6.809335941511437e-06,7.756535588925127e-06,True,True,1.67471489903205e-07,1.6178197779500062e-07,1.5835490410288852e-07,1.7001890075811197e-07,True,True,241.6189378935565,241.11072799423724,241.62680141356847,241.86382991318726,True,True,628.5466581238773,628.0677683559171,628.5413181500136,629.3788237367376,True,True,False,False
0.018000000000000002,0.14400000000000002,0.007,0.028,979.807883936683,966.439821631992,979.9997259528153,1012.7196086303674,True,False,0.09338796924192053,0.0868543175473165,0.09335009668688621,0.09368048531082078,True,True,3.2892045090683035e-05,2.989132202411519e-05,3.290237780848452e-05,3.2920877297164077e-05,True,True,4.1777315076380605e-06,3.6045245393381577e-06,4.184770478791058e-06,4.228844678494602e-06,True,True,284.7387713160293,278.62490133929026,284.6278536994089,284.7447860550071,True,True,766.6829311101112,749.1606908317649,764.8141256811472,767.0377987553908,True,True,True,False
0.055,0.07,0.012,0.029,994.7061109029004,950.2826411351208,994.7000997663604,1004.0032730239078,True,False,0.07292963858980923,0.07297656043835835,0.0729292211783809,0.07918870022757288,True,True,1.771952842961318e-05,1.772131792724806e-05,1.772111832751351e-05,1.8342635852456372e-05,True,True,1.9942127575448738e-06,1.994253646613587e-06,1.9945179747684485e-06,2.0483273953442637e-06,True,True,273.1499688976729,273.27517145897804,273.7174745524328,275.29988291098016,True,True,745.7514836520231,745.7708571306594,747.8242674831843,750.1221971168414,True,True,True,False
0.004,0.076,0.015,0.03,1022.0056172715476,1019.8615646366964,1022.2262697960376,1052.3165349497674,False,False,0.07991622471110033,0.07988662307406319,0.07981568970537768,0.08759998061628477,True,True,1.944699067406995e-05,1.8815184995930835e-05,1.944598096941333e-05,1.9918887798364614e-05,True,True,2.1511154342454544e-06,1.5438689408119517e-06,2.1539707028989424e-06,2.155409338724279e-06,True,True,262.02764243088905,261.7943062946708,262.0279985048938,262.74889346916024,True,True,690.7821179497297,685.085183845502,690.7832640248954,694.5629835912189,True,True,False,False
0.006,0.082,0.008,0.026000000000000002,906.341385243533,879.6822586074394,899.2223352823897,1076.0725245948852,True,False,0.06952199341834436,0.06951395268744434,0.07089417741847084,0.09014444884250704,True,True,1.9635437501385608e-05,1.9640182466930422e-05,1.963556981615302e-05,2.1635794142375048e-05,True,True,2.372369939196328e-06,2.373794201341529e-06,2.3634728893935325e-06,2.7307929747285274e-06,True,True,265.9421435846265,265.9337616523137,265.9421372309862,268.9407715529313,True,True,702.4879810691225,702.3877653288437,702.4440102932145,710.957079135995,True,True,True,False
0.047,0.006,0.084,0.004,117.35215767997953,117.33607203629435,116.3042024648316,144.79146468405472,True,True,0.10767718197698221,0.10674742409868157,0.10675328208896019,0.13212937942700417,True,True,1.608897366006615e-05,1.6000992063904976e-05,1.608456886096901e-05,1.971728631093111e-05,True,True,1.4784062502391944e-07,1.477843299621864e-07,1.4754870379013002e-07,1.5523940695817907e-07,True,True,240.40637705977207,237.6189371976725,238.84618423617613,240.29724201326476,True,True,645.7660402589601,634.8843789615328,643.5594980156073,645.7608648832252,True,True,True,True
0.005,0.042,0.009000000000000001,0.03,1037.5788445297144,1037.5188023012226,1108.7491350302137,1427.1688841755715,False,False,0.05995297302559573,0.06002864784248747,0.06571974188854003,0.08415857267750283,True,True,1.1198234769060127e-05,1.121152562973037e-05,1.2640353111310668e-05,1.430937826806573e-05,True,True,1.2079117735447247e-06,1.2041187304986655e-06,1.4154974303914345e-06,1.3309380188586507e-06,True,True,254.89441603456083,253.21345943927014,254.90639883474137,257.71135803127675,True,True,667.8852111078537,666.7730258151074,670.9234912696302,675.7983790322392,True,True,False,False
0.039,0.057,0.052000000000000005,0.033,1014.9785621838629,1014.9981990252742,1014.9698648030682,1015.7691993423124,False,False,0.1163602109251918,0.11384579553252112,0.11636685014026354,0.11632730965197521,True,True,2.1018018461255393e-05,2.0774825837049195e-05,2.1017996736233882e-05,2.10848796579251e-05,True,True,1.4632619302119075e-06,1.409091464000175e-06,1.4636175892858334e-06,1.4632514121638557e-06,True,True,256.6666884005165,256.66629422484647,256.73531985300554,257.05093942847594,True,True,693.1889233050259,693.1034513036285,693.1908951194201,693.1889699694196,True,True,False,False
0.067,0.008,0.008,0.03,1036.211598227684,1034.0058100411202,1036.1245994032602,1327.5768542688986,False,False,0.045978323095293566,0.04596615609113357,0.04753135443487852,0.05995719449473024,True,True,3.7990711999890643e-06,3.7925547004865572e-06,3.7926628147649585e-06,4.712186950709344e-06,True,True,2.325558275864762e-07,2.1436940465325594e-07,2.3255109037597753e-07,2.3942905593787753e-07,True,True,260.85509408690206,260.8494230162004,260.85483726932137,262.13179731773045,True,True,711.388274907353,710.633550177971,711.3772071415418,716.0772003419672,True,True,False,False
0.004,0.105,0.023,0.044,1452.9653776873888,1175.6857027069868,1406.1080278866375,1453.1428790219006,False,False,0.11257010420665961,0.08770049366654238,0.1123809702805818,0.11300454069439678,True,True,2.6503409723239623e-05,2.3411130275752395e-05,2.6459155229085884e-05,2.7336844915610194e-05,True,True,2.8828736962148595e-06,2.0304607690800647e-06,2.7999321104089436e-06,2.951483566654728e-06,True,True,266.5715613100583,264.9236052166868,266.5722188887403,270.0121511725224,True,True,707.9133845327108,703.479844226383,705.7807545372069,709.1143673072785,True,True,False,False
0.017,0.021,0.013000000000000001,0.004,139.83742187432102,139.36972387812355,148.88186817726398,170.81965747898005,True,True,0.031256246917263475,0.030451878965289118,0.03557795907708782,0.05095480469119331,True,True,7.437016910004396e-06,7.436094210171647e-06,8.608992257357349e-06,1.2476423359144017e-05,True,True,6.102695750734277e-07,6.093634197230297e-07,6.766924355556763e-07,7.667226415390528e-07,True,True,253.40859676300258,253.3946861959712,252.87716129098413,260.25482574473943,True,True,665.3079301996959,665.0908489935479,664.7728218117204,687.9584562665581,True,True,True,True
0.024,0.026000000000000002,0.095,0.037,1023.5496637238558,963.4805743721466,1021.5501074379979,1037.993656572659,False,False,0.14866478231074076,0.14512899124810386,0.14738548490034528,0.14964825168463097,True,True,2.0870551980138597e-05,2.065265223975041e-05,2.063187014655678e-05,2.0873523702336974e-05,True,True,6.04275803737903e-07,5.887505845543748e-07,6.024789287032655e-07,6.042893873930812e-07,True,True,235.10741869870947,235.00969846151827,235.16365375606205,235.96169790438555,True,True,625.4213407711285,625.281134816706,625.6998437423946,626.8852550905735,True,True,False,False
0.042,0.03,0.116,0.004,109.77175673495704,82.69261175686123,110.69195756429382,128.22441468378298,True,True,0.14320073442178466,0.13369408222004606,0.1432443272132104,0.14320004572444464,True,True,2.4242766016303587e-05,2.3870198426040244e-05,2.3305763055184215e-05,2.4800119644471515e-05,True,True,6.7896466902916e-07,6.57168612911083e-07,6.576515799992523e-07,7.176169243587984e-07,True,True,238.12805505995374,238.12866256532703,238.12177531097612,240.90798414444225,True,True,640.8284416759594,640.7759794817065,643.5157173259688,647.0002798738306,True,True,True,True
0.022,0.016,0.046,0.033,1029.3118879179087,1001.2447560992703,1052.1369316910104,1174.2777985912228,False,False,0.09667093616385203,0.09666195202405742,0.10106726259044951,0.10887081011004514,True,True,1.2225841863990468e-05,1.2225682368506559e-05,1.2489551858926707e-05,1.4619572969708498e-05,True,True,4.186691833553214e-07,4.126400503038274e-07,4.275337115145466e-07,4.695646040644615e-07,True,True,243.5286864922319,243.00923523947299,243.21110272574126,243.87585565001527,True,True,644.1608880119351,643.8013354816087,644.0449878567539,646.0836736230292,True,True,False,False
0.004,0.017,0.006,0.03,1045.1942705312015,1006.5751370893305,1065.7901064496466,1257.4411762329353,False,False,0.046749850704446566,0.045937159148788695,0.04547713734697473,0.04926904313008724,True,True,5.246470541836603e-06,5.1035605557499425e-06,5.380669634909426e-06,5.260827321643201e-06,True,True,4.946397204782926e-07,3.8936572876008455e-07,4.276301087021378e-07,4.860942811303227e-07,True,True,248.91860010146536,248.8824744626855,248.82450229221743,249.008096988208,True,True,648.2487993075056,645.9131084683225,648.2545177199776,648.5222920773257,True,True,False,False
0.004,0.017,0.052000000000000005,0.034,1044.4978000607134,1044.0879881272126,1060.887379209687,1045.4266454897893,False,False,0.10416599959708896,0.09988256434793183,0.1042270844513918,0.1061758829074496,True,True,1.3352754927192704e-05,1.2537008487140695e-05,1.3377742324864527e-05,1.3976808254254088e-05,True,True,4.382522777216128e-07,4.203544984051731e-07,4.3780690308650516e-07,4.480399913803116e-07,True,True,238.13936640655922,238.1490828919932,238.77934570233964,239.41261904565837,True,True,620.8851010239473,620.5058307522089,620.7855812900908,621.4855487609708,True,True,False,False
0.048,0.008,0.095,0.037,1022.0463868836327,1022.6607449458292,1021.993627037737,1021.8160834678293,False,False,0.14320127988134207,0.1284717229227234,0.1399823757065668,0.14361671308204174,True,True,1.778510336597261e-05,1.5586528750815846e-05,1.7169219756920077e-05,1.778495646073376e-05,True,True,1.8743755409262515e-07,1.8486694588068212e-07,1.8744559083954096e-07,1.9848196274334098e-07,True,True,236.0843193047745,236.09640230715942,236.08274030497662,239.34052699050756,True,True,638.1180654628818,638.1209786510692,638.3179155393034,643.3263658572686,True,True,False,False
0.016,0.04,0.025,0.031,1024.5357364113152,973.9791442661907,1048.2445372118816,1072.138773259133,False,False,0.07979176094908395,0.07365461857391471,0.07984148238758984,0.08270389348062362,True,True,1.358002115540088e-05,1.279199188221211e-05,1.357825102167579e-05,1.5467224070651915e-05,True,True,1.1014033533085253e-06,1.0625602677121482e-06,1.1339301210893837e-06,1.1014564979895405e-06,True,True,253.22793629171895,253.2246888227973,253.24051868310752,253.2279025209838,True,True,669.2954783968659,665.3471071614307,669.2988742355484,669.2957143899474,True,True,False,False
0.008,0.007,0.054,0.004,125.95659209466561,125.90148456838116,133.65142393713052,155.91991486690125,True,True,0.07713231002720337,0.0750297086572686,0.08220574306821456,0.12179163723529379,True,True,1.1787234128632015e-05,1.1692620179563348e-05,1.2700080605693776e-05,1.870655943701746e-05,True,True,1.8512485915070096e-07,1.8588242860099345e-07,2.1016579205622445e-07,2.0695011177417053e-07,True,True,238.38678152933144,234.26269985304617,236.24404123760578,238.44581903577395,True,True,619.7796152811201,608.0185375716949,617.0465358043533,619.9218328816182,True,True,True,True
0.022,0.018000000000000002,0.013000000000000001,0.03,1024.1289097587728,1018.5055579397458,1024.6660541833132,1023.5993038551429,False,False,0.05624831594570575,0.056248974555450776,0.05606651873651063,0.057087408373410864,True,True,6.8636446208967295e-06,6.697066686066884e-06,6.8637778814481964e-06,7.368195081006538e-06,True,True,5.132770287212155e-07,4.755424342887838e-07,5.135956502619676e-07,5.132606941204489e-07,True,True,251.78274352931462,251.78183271157584,251.7128810759558,251.97608921005258,True,True,665.4260199866075,665.4158590944836,665.429227909518,666.2616738511871,True,True,False,False
0.013000000000000001,0.111,0.02,0.03,1009.3081562377189,969.641167915965,1009.5832657338145,1009.4515784708856,False,False,0.09843407581184908,0.0960933845364151,0.09885858951091454,0.09835669243936981,True,True,2.7524883866629283e-05,2.763572509363592e-05,2.7369393861170317e-05,2.7507898870003023e-05,True,True,3.1022890892755644e-06,3.1276003034242926e-06,3.1023866615721034e-06,3.1246455843711384e-06,True,True,271.9828273217402,271.0387304322273,272.3236475841503,272.073864776206,True,True,726.4383948327164,723.0056940233188,727.4414871273141,726.4134484297733,True,True,False,False
0.026000000000000002,0.013000000000000001,0.095,0.037,1022.9687216708064,940.6899807276346,1022.9404408816079,1022.9883940819576,False,False,0.14479103172855612,0.13729713175201694,0.1400552832399577,0.1447906880457781,True,True,1.863032016650761e-05,1.6807862402985203e-05,1.8389072213869646e-05,1.863134512836085e-05,True,True,3.0330702322345643e-07,2.558724803659421e-07,3.0237531967136313e-07,3.00613322201317e-07,True,True,232.23532299203066,232.2359066052394,233.2867542633429,234.8186931256559,True,True,617.1636605318173,617.1634756932162,618.7550189404694,619.0904245374884,True,True,False,False
0.006,0.004,0.017,0.031,1045.7764529793178,897.1709985289119,1048.555583799555,1224.87770919677,False,False,0.05726850086177461,0.05181513679364343,0.057264797884542064,0.06060707150542076,True,True,4.686284065449464e-06,4.300610007611996e-06,4.6842284664012926e-06,4.68717190593558e-06,True,True,1.1559129122898537e-07,1.1035286233712798e-07,1.1553832990672324e-07,1.2775171009422757e-07,True,True,243.4635532596855,242.98393581142287,243.59020523968806,244.12266623497317,True,True,633.4412309515736,632.578474280435,633.4376017459902,635.2436144069775,True,True,False,False
0.015,0.019,0.136,0.015,385.900344381366,368.05702398570287,381.5638460438788,387.31536148695824,True,True,0.16326487501601852,0.15685648192864518,0.16425130112193886,0.16393677495341916,True,True,2.4507269969403174e-05,2.261676299821031e-05,2.4526292959376578e-05,2.4509940920632104e-05,True,True,4.1103140132385515e-07,4.0518618320974856e-07,4.276311561728538e-07,4.110364664821004e-07,True,True,223.5920748522803,223.59195726676913,225.01582021852442,226.54988633334617,True,True,588.2113831234037,588.212284918877,588.2989968872093,595.0268545703843,True,True,True,True
0.019,0.054,0.062,0.014,426.5874227165204,431.74741679527096,426.7653581326025,433.32608524822234,True,True,0.10955691007872492,0.10959106545711014,0.10957594188035374,0.1187378450873977,True,True,2.1912013700460328e-05,2.126793114020575e-05,2.191374054983444e-05,2.2528350144154832e-05,True,True,1.3716595897284182e-06,1.3717062238753871e-06,1.4044424423972894e-06,1.4517514241261207e-06,True,True,250.43082615082335,250.42064918350297,250.4301329633049,250.42582426009727,True,True,664.4773286864727,664.4441523054071,666.3614113860998,664.4779997405441,True,True,True,True
0.021,0.005,0.051000000000000004,0.008,251.51563455003142,251.27134106279763,233.85885857906214,281.68102989184604,True,True,0.07660042910593652,0.07644496242607846,0.07657320579116392,0.10621083192167738,True,True,1.0923888878244373e-05,1.0889578703076233e-05,1.0922363349008268e-05,1.3740009702243195e-05,True,True,1.3367222683473366e-07,1.3233990325852591e-07,1.3419598999695985e-07,1.5866723670216528e-07,True,True,241.27863749865335,239.48616120186676,241.5860597080495,241.37343958920678,True,True,634.2060634868095,631.4791397407471,634.2162152699351,635.3810514672821,True,True,True,True
0.056,0.007,0.074,0.004,120.00811224131262,114.96086223922664,121.40954939940785,148.51884616374423,True,True,0.09813280652062811,0.0981116261232508,0.10177136017074896,0.12595640985016154,True,True,1.4862877006059308e-05,1.4924453402742844e-05,1.501038343772105e-05,1.8060785220346145e-05,True,True,1.7596507827443793e-07,1.6942344774654993e-07,1.703948412541225e-07,1.7908163535233552e-07,True,True,245.04041170348074,242.51816246104858,244.55760967076927,245.0423706268479,True,True,662.649682702323,652.6006795444603,662.6463980824998,665.0908262063446,True,True,True,True
0.029,0.052000000000000005,0.10300000000000001,0.012,332.8011322161006,332.81105822412763,332.8684239410028,332.84007549043866,True,True,0.14474536260702028,0.1271768933327996,0.14002116741530535,0.14449180212655022,True,True,2.648837515104703e-05,2.4429031756332464e-05,2.48885970115203e-05,2.649126899018805e-05,True,True,1.2040191538875943e-06,1.0633806074636907e-06,1.2040044975576737e-06,1.2046438524092212e-06,True,True,243.08220101643698,243.14044446072,243.21719317697554,244.38843880091832,True,True,650.5072357923036,650.4950959032577,650.809748823294,650.927425507538,True,True,True,True
0.047,0.004,0.007,0.01,352.1298519231332,350.0181622188077,367.8823743551662,638.4539663564284,True,True,0.02266292138576523,0.021843346611216324,0.024958314644392448,0.043653330458896154,True,True,2.600263530950249e-06,2.5917983472179106e-06,2.7305018855603914e-06,5.6042090889744974e-06,True,True,1.2038117865460944e-07,1.1877960201073753e-07,1.3688916059216637e-07,1.5920731685897755e-07,True,True,256.9424249357974,256.9458858917185,257.28962192054405,262.1884903908766,True,True,688.4144653858962,688.368676109546,689.6699217998704,717.2414193237317,True,True,True,True
0.058,0.024,0.017,0.01,342.77676217609763,342.7773641190438,342.8249389187869,368.4311247095949,True,True,0.04376451510164827,0.04376449409140774,0.047071519166297926,0.057360127583928625,True,True,8.890713539617406e-06,8.890626103114656e-06,9.690467689926482e-06,1.140414682163039e-05,True,True,6.850886469933311e-07,6.848268962749681e-07,6.987008071279594e-07,7.425240012130861e-07,True,True,262.3737246519804,261.90268268354896,263.6355308998194,265.1936292601812,True,True,711.2734637726315,711.0647871645203,715.538383815643,722.2799127041311,True,True,True,True
0.011,0.004,0.019,0.031,1039.842679362198,939.3969645019172,1001.7358445534079,1038.7717210119904,False,False,0.059761393825038714,0.05814546675825497,0.059629240311346164,0.05966147734081929,True,True,5.079514165079216e-06,4.762444704848876e-06,4.695005011004546e-06,5.080666793088281e-06,True,True,1.1493555012469492e-07,1.0414653414143406e-07,1.0874087582584232e-07,1.2551407218304783e-07,True,True,244.17565397807644,244.1750745572805,245.0135856416847,244.17569511933584,True,True,637.9550500363931,637.9566018248761,637.2820892774504,637.9594947430005,True,True,False,False
0.012,0.018000000000000002,0.021,0.031,1034.8132661771874,1034.7538253803625,1034.7932050347258,1033.5039489689611,False,False,0.06722251550361727,0.06431200900847893,0.06641982993548821,0.06722271121885816,True,True,8.353744113353073e-06,8.349715977461982e-06,8.557426170885316e-06,8.380825457703829e-06,True,True,5.023814444864977e-07,4.976420909012738e-07,5.023748396771654e-07,5.04474280551548e-07,True,True,247.5514604500551,247.55111959861804,247.5519639897613,248.21384998542888,True,True,649.2650349150939,649.2216355100298,649.2654349665273,649.2647898477431,True,True,False,False
0.073,0.007,0.111,0.005,137.6466344796458,131.49816780062295,134.55226001909566,151.12218747176672,True,True,0.13295346014102102,0.12321859846040302,0.1337113983693094,0.13689343705759552,True,True,1.9775769599263318e-05,1.8338387092280955e-05,1.9180366309295027e-05,1.9873382680012567e-05,True,True,1.616569691758331e-07,1.4237542265379355e-07,1.6282618507690206e-07,1.6071254522932e-07,True,True,240.5142746976394,240.14555248987872,240.6561932252832,243.87434366644888,True,True,660.2297694366904,660.1995805830578,660.4390521924477,668.2411747894482,True,True,True,True
0.056,0.043000000000000003,0.012,0.045,1522.9077139833923,1213.8430351396041,1539.3160711357516,1525.753807256129,False,False,0.07857751947995655,0.05971420170903725,0.07857110864858628,0.07857072755234214,True,True,1.198633967069177e-05,1.0691040978084387e-05,1.1878840380476749e-05,1.1986671330758001e-05,True,True,1.2104475673963074e-06,1.1167389656915046e-06,1.2136180824709373e-06,1.2108147448571821e-06,True,True,265.2028122790436,264.6500338800635,265.2026496633685,265.22049035682755,True,True,723.0933691797958,721.8016283897998,720.3970214123897,722.9058910951277,True,True,False,False
0.006,0.043000000000000003,0.14300000000000002,0.004,104.17528967855733,60.834782411404284,111.24801689624525,135.21597030471952,True,True,0.16775238642484352,0.154139435975305,0.16778444949835328,0.16974134276685085,True,True,2.9147651961457793e-05,2.9147286113747742e-05,2.9147562759134784e-05,2.9246841031752732e-05,True,True,9.207804990411529e-07,7.991255741569802e-07,8.807101762048233e-07,9.219185524646113e-07,True,True,226.92178711010658,226.84803949455946,227.32604378696124,230.63690268549988,True,True,594.6630060019551,590.9256914945375,594.6583392224042,601.4346227091158,True,True,True,True
0.007,0.081,0.066,0.011,333.5768875806908,321.4965089385353,333.4361321472514,334.13006890805366,True,True,0.11983804130449545,0.1198115418599991,0.11980933911473625,0.13216810025033499,True,True,2.7529039320077166e-05,2.7532752461445986e-05,2.7498220412323945e-05,2.918524435676845e-05,True,True,2.0435318910872408e-06,2.043463648681877e-06,2.0435660330778107e-06,2.0434612759249225e-06,True,True,253.89242008611888,252.11276368075383,253.77505585904683,253.89100967432665,True,True,670.7361154915709,665.3842101876695,670.4006164680171,670.7510689218732,True,True,True,True
0.026000000000000002,0.004,0.076,0.047,1348.3782739422127,1075.2252453915708,1256.2571841140414,1355.5346866036994,False,False,0.1332700113575145,0.11631232555473721,0.1311766775885844,0.13997007549469878,True,True,1.4469180499634665e-05,1.1573065099877997e-05,1.4101703014465045e-05,1.4521877497529702e-05,True,True,9.865188069152347e-08,8.807801264655808e-08,9.747174343852612e-08,9.849610136587546e-08,True,True,233.46737700039984,233.08641215406175,233.46781349271072,237.52897389135978,True,True,619.7698446119683,619.0073298249359,619.7369247110291,627.8152684082058,True,True,False,False
0.022,0.048,0.082,0.036000000000000004,1027.7226306354441,937.5131346483724,1020.29489881849,1027.3950171085073,False,False,0.14365866272099928,0.13402337766175684,0.1434391844836247,0.14364411289799947,True,True,2.3166316481845333e-05,2.2439187112765257e-05,2.284389747795189e-05,2.3210800236893673e-05,True,True,1.1475589121769084e-06,1.0323017387442292e-06,1.1218109916103725e-06,1.1597753964364206e-06,True,True,243.33172279225874,243.33094693556072,243.44370081615855,243.94129089904342,True,True,648.6902459012747,647.119684874457,648.6893276586628,648.8773623399311,True,True,False,False
0.067,0.056,0.036000000000000004,0.032,1025.1134062645324,1019.8570426740343,1010.1997841197801,1034.3829915178055,False,False,0.09846973012667379,0.09615427158527748,0.09849737070302339,0.10241461680989485,True,True,1.8566624687781902e-05,1.8169134020768135e-05,1.8567644009935363e-05,1.8591415399255574e-05,True,True,1.4947656174111002e-06,1.4759669213722885e-06,1.4954168971713775e-06,1.4947652171208924e-06,True,True,266.6617943624261,266.63958458294735,266.6615583542307,266.7347874022015,True,True,733.6670615984642,733.6634262952416,733.6663484599774,735.3581385569896,True,True,False,False
0.079,0.04,0.065,0.007,213.03723239118915,210.74308611050907,205.60501138982812,213.16056938648825,True,True,0.10198712052947369,0.10006471668646187,0.10089423148178561,0.10196050066997588,True,True,1.974208827026833e-05,1.9462825528276595e-05,1.9509034658389e-05,1.974154159117919e-05,True,True,1.011367260182696e-06,9.413234793404384e-07,1.0109949035218159e-06,1.0124224646914847e-06,True,True,260.70134069338656,260.69667862573124,260.7037196188601,261.03285032210476,True,True,720.4150459661992,720.417257379319,720.412555489312,720.4101565784147,True,True,True,True
0.022,0.046,0.084,0.038,1078.2491769976746,980.8670291026273,1078.6963094368557,1090.8315207484309,False,False,0.14626101454092671,0.13791821102332985,0.1482685766378071,0.14678651322132713,True,True,2.302803639191328e-05,2.236853694749854e-05,2.3031357444541116e-05,2.3245348293544205e-05,True,True,1.0934931518803383e-06,1.0167999828234527e-06,1.0934780648161876e-06,1.0938472540769827e-06,True,True,242.20669679448181,242.1202542766166,242.18131686791037,243.11557359818747,True,True,645.6600073396704,645.6601262640737,645.6210880533898,647.2925496534231,True,True,False,False
0.015,0.02,0.011,0.03,1030.251943747229,1030.0678617093092,1033.0158149145007,1054.9425658944958,False,False,0.05442026138756643,0.05441973213806299,0.05475479004987946,0.05839086575392162,True,True,6.89982028124197e-06,6.899102580682668e-06,6.899154900879699e-06,7.0057468176996556e-06,True,True,5.732137719426801e-07,5.731897075763014e-07,5.732018336910454e-07,5.795830854152699e-07,True,True,251.11673355951115,251.11601056908245,251.46544805271256,252.19817890609497,True,True,660.2577669159111,660.2574930603339,660.262156192891,660.8668326108299,True,True,False,False
0.01,0.018000000000000002,0.021,0.031,1034.8935794507236,998.9717686854115,1034.7615565397819,1053.8723582776502,False,False,0.0672276550145523,0.06500850578737566,0.06722582417758835,0.06721688593043204,True,True,8.351087623960964e-06,8.335936715980087e-06,8.348791821997358e-06,8.351471855383403e-06,True,True,5.024284588946876e-07,5.020477298213698e-07,5.01863620748044e-07,5.071157775566026e-07,True,True,247.08471806037775,246.9503146804814,247.08833211091277,247.3744438341909,True,True,646.991930167036,646.8983130702883,647.5362966039422,647.3971996570809,True,True,False,False
0.04,0.02,0.06,0.034,1022.7600133678457,992.4956355998461,1022.774053513196,1067.4379865913234,False,False,0.11301189082156873,0.10802523514783947,0.11293970869607155,0.11298298446731245,True,True,1.5138022239382336e-05,1.4427840260001517e-05,1.501277582608808e-05,1.6621865051344656e-05,True,True,5.045452828844678e-07,4.96476369967558e-07,5.045753657683782e-07,5.088972084278485e-07,True,True,245.49628547184852,245.4962508947206,245.49581803568572,246.11192806864037,True,True,659.5601984428561,659.5690441866395,659.5605320913378,659.8959682683615,True,True,False,False
0.019,0.026000000000000002,0.024,0.031,1026.521558896572,1026.797770509316,1026.6648114002107,1109.5293116920893,False,False,0.07365342021111634,0.07081626895643678,0.07368095638464377,0.08234754784917915,True,True,1.0552083295328505e-05,1.0469318244133028e-05,1.0755392859823748e-05,1.1351060486333944e-05,True,True,7.184695718495481e-07,7.169923127118688e-07,7.182660576420304e-07,7.749975034253708e-07,True,True,250.55652330455052,250.5565579714346,250.55702318571377,250.56100761608792,True,True,661.9477942516619,660.1336597967903,661.9494128752433,666.2691738441544,True,True,False,False
0.052000000000000005,0.043000000000000003,0.039,0.005,163.11950546722514,161.48753867737742,164.31236900753044,176.74451104617538,True,True,0.07303486072681133,0.07015628748215932,0.07287256352823149,0.08786263267189284,True,True,1.6551552008894467e-05,1.631341353817667e-05,1.6821397901320817e-05,1.9126803930108607e-05,True,True,1.1617336657000764e-06,1.1618250923114123e-06,1.161731032247899e-06,1.1904636281240603e-06,True,True,261.2392038857229,261.1541204871544,261.23321413935207,261.7912312655033,True,True,707.5918239797938,707.5914952671314,706.7470917939222,713.4871831755293,True,True,True,True
0.007,0.07200000000000001,0.075,0.008,238.3296786531675,238.35419173967165,237.34077797150655,253.45242835623768,True,True,0.1231325548398632,0.12235165007881037,0.12315340072418551,0.13532089387752352,True,True,2.6935520005617795e-05,2.6515479081473344e-05,2.6956580886665802e-05,2.9258970293183924e-05,True,True,1.7816396744037602e-06,1.7475513866826953e-06,1.7814292958800364e-06,1.7817542475681615e-06,True,True,249.76350141736214,248.01569014811776,249.76200162198427,249.7673989868804,True,True,658.5472793650644,654.7818533532045,658.5689896683967,658.551343963291,True,True,True,True
0.008,0.055,0.093,0.037,1029.8968239847936,944.7802833040101,1029.8188057688644,1033.8419333168201,False,False,0.15576805950622902,0.14760477756530807,0.1529336396823695,0.1557752867469551,True,True,2.566603779335196e-05,2.56520302803764e-05,2.5664407816000764e-05,2.5696950620668286e-05,True,True,1.2829429781363489e-06,1.2663281686509384e-06,1.2841462498174385e-06,1.2829394273258388e-06,True,True,239.27849492259267,239.278435787828,239.69980336990938,241.5365814860168,True,True,631.8988965513493,631.9005970555999,633.3345242530625,636.0488943032398,True,True,False,False
0.058,0.031,0.004,0.047,1623.143623354931,1244.4683829289436,1629.6964768395894,1618.9691161959008,False,False,0.06624433133693632,0.05249528592493924,0.06203222913832754,0.06625021136742987,True,True,7.971188757051885e-06,7.115721640188416e-06,7.899314800676819e-06,7.993687289687933e-06,True,True,8.906362016557488e-07,8.132719823846206e-07,8.676957137048454e-07,8.902120029828465e-07,True,True,264.2495644993682,264.0343298897165,264.17552940133106,264.2559729957365,True,True,720.0768603351876,713.9484837349011,715.4152757853419,720.0829944017061,True,True,False,False
0.058,0.037,0.021,0.047,1549.0763875983698,1224.9401312969005,1548.9616365832494,1544.4287664219478,False,False,0.08884560618525407,0.0766104285942457,0.08883962461777976,0.0888653654861694,True,True,1.230485223127605e-05,1.1221773880832707e-05,1.229721884731334e-05,1.2312480982944684e-05,True,True,1.0159375359074927e-06,9.569002452364798e-07,1.0175523147375457e-06,1.016551238967625e-06,True,True,261.92699014280566,261.2046803180967,261.920575748776,261.93768310007016,True,True,715.007730694227,711.083829599704,716.1028332276524,716.776807615405,True,True,False,False
0.005,0.038,0.055,0.034,1037.578422971265,1027.4541202982512,1038.3224984283443,1117.094026221451,False,False,0.11407333582048282,0.10952786277666991,0.11406183742053157,0.1310946802976765,True,True,1.778692644966095e-05,1.778874584398963e-05,1.7779946247401185e-05,2.0499075920617193e-05,True,True,9.694370529428954e-07,9.54245048869517e-07,1.00012451457104e-06,9.836812172963412e-07,True,True,243.08715661046153,240.5424186993113,242.57158408643082,243.08576569331487,True,True,637.2821129830065,636.0625097086534,637.2855018713467,638.1469532825508,True,True,False,False
0.004,0.014,0.018000000000000002,0.031,1043.4764577872709,951.0817706123717,1043.6057869446884,1043.45288450973,False,False,0.062121241361663526,0.06110928147080701,0.06212875487592946,0.062122669674272386,True,True,6.959036514088625e-06,6.262301228958921e-06,6.7717452766607164e-06,6.958922462410223e-06,True,True,3.947182080299062e-07,3.87721755316429e-07,4.024199629468539e-07,3.951240762661142e-07,True,True,245.33887490344745,245.16833548763935,245.11082579884842,245.34188299689737,True,True,638.6858355190354,638.6604973754396,637.3453571062222,638.8079366749067,True,True,False,False
0.074,0.019,0.042,0.033,1038.0794050079048,1015.5098465120146,967.8322456516747,1038.0578805061402,False,False,0.09322767901816595,0.0932209760174475,0.09323466268187053,0.09321074309325705,True,True,1.2217989953621744e-05,1.2184167214451074e-05,1.2155699063820197e-05,1.2218580132650042e-05,True,True,5.004037607940618e-07,5.004828446016121e-07,5.004809448190122e-07,5.168222008265297e-07,True,True,257.3468373307707,256.86790130218617,257.36182179184107,258.25640734186373,True,True,708.0265047560998,707.7461219074071,707.9674912846235,709.8635290192954,True,True,False,False
0.07,0.032,0.033,0.032,1031.990481599685,1032.183424436595,1016.0625278830743,1041.6244123243519,False,False,0.08690104094262002,0.08598418368770434,0.08690240356779333,0.0876536793708787,True,True,1.3319144624545708e-05,1.3096445320954726e-05,1.3319102911753029e-05,1.331916927036997e-05,True,True,8.610400573829185e-07,8.283503320541675e-07,8.612179046596334e-07,8.820103352738254e-07,True,True,261.8771640053908,261.7721879351961,262.9758003508852,261.8812687552695,True,True,719.3893699002253,719.3096895622374,720.9706347447982,719.4053307190011,True,True,False,False
0.089,0.008,0.012,0.008,277.95905194172593,276.81715202069336,284.0104584094138,352.1037601741972,True,True,0.029076700574353336,0.028519104545583512,0.029492563196181966,0.04485683680576362,True,True,4.53960465140115e-06,4.537659866304565e-06,4.590673719892223e-06,6.155188794284094e-06,True,True,2.3364934102285144e-07,2.335453234719072e-07,2.3363692307103462e-07,2.496513774538247e-07,True,True,266.79064774807614,266.7892175821518,266.7799995059222,270.8029046769633,True,True,736.70247972537,736.422835211676,740.3546409520438,759.911976894076,True,True,True,True
0.035,0.023,0.049,0.012,377.6300908303256,359.93123996918564,377.5528567161718,420.3845560489651,True,True,0.08389029706743828,0.0809164273062102,0.08296513138712239,0.09621898782505653,True,True,1.4110866870517711e-05,1.4102342478599259e-05,1.3624064979623796e-05,1.6284686553127865e-05,True,True,6.04506403153542e-07,5.940915970700685e-07,5.968280586219251e-07,6.044481433848345e-07,True,True,249.314426968779,249.31386311707357,249.3154494761736,249.31684957990808,True,True,665.3873831354111,664.9865000299119,666.5995364444901,665.3946234763957,True,True,True,True
0.026000000000000002,0.049,0.024,0.006,203.36917288769058,200.1601557202118,203.0208785039145,210.94733647512555,True,True,0.057980372558910954,0.057971923617256026,0.05797984748083893,0.07578915134315505,True,True,1.535772669396349e-05,1.5202842708759707e-05,1.5348623942790287e-05,1.7247549552267323e-05,True,True,1.3767042173606482e-06,1.3766542672395141e-06,1.3704517439669466e-06,1.4619236718671785e-06,True,True,260.0458241163737,259.45368638603276,260.0367753872671,261.4092024594479,True,True,691.5478143152931,691.5331293869617,689.8529655148216,699.9211166114465,True,True,True,True
0.026000000000000002,0.037,0.062,0.008,245.21287662366265,245.0168380197079,246.19603051068856,277.73299863971994,True,True,0.09896960802334251,0.09896982478734517,0.10166605029357756,0.12107630239668117,True,True,1.8732485079981014e-05,1.8529632497389138e-05,1.8877277739915236e-05,2.2073222166148095e-05,True,True,9.437056945836192e-07,9.428060983180412e-07,9.787024301646278e-07,1.0045962182794096e-06,True,True,248.16532373914924,247.22694273672258,248.16976645386057,248.16555385426076,True,True,659.3857968817895,657.8225348290996,659.39385508393,660.2787473325661,True,True,True,True
0.004,0.01,0.008,0.012,421.51634850235763,421.01826546822235,402.7938610264856,755.1531450790201,True,True,0.028441302895554136,0.02844145538519028,0.03007551297422572,0.05334900491010429,True,True,4.0727584333758705e-06,4.063768497591476e-06,4.3692965792365325e-06,7.102318994096767e-06,True,True,2.948819567767563e-07,2.9489332698958045e-07,2.9192637565654516e-07,3.5171391426683933e-07,True,True,248.06255195300216,247.74795418297313,248.02079865258898,249.32053256974194,True,True,643.5777431218102,643.2078050311735,643.505865493905,658.9318310446171,True,True,True,True
0.037,0.018000000000000002,0.016,0.012,411.8874441365539,411.2266623363803,433.0523426712586,531.2354364405268,True,True,0.0422799317855103,0.042112698687504585,0.043337169766960684,0.05350210720750057,True,True,7.410318950163885e-06,7.37937587037511e-06,7.670302994035489e-06,1.003783366790023e-05,True,True,5.156953283077023e-07,5.050373239090672e-07,5.408566358531621e-07,5.998237020119654e-07,True,True,256.0001920620216,255.99017216205152,255.99253698806973,259.98713986073676,True,True,682.8894159021091,682.8854433708702,681.4959237283391,691.8797513453985,True,True,True,True
0.021,0.007,0.004,0.008,284.9218208598622,258.4213378685746,284.20095007186507,412.4801044763692,True,True,0.0173647737027621,0.016062764088239548,0.017659507918330406,0.033836895907851466,True,True,2.5664642446651333e-06,2.538522143417074e-06,2.6224747319594044e-06,5.507767750488368e-06,True,True,2.1031280147003749e-07,2.08570596545876e-07,2.099527308549002e-07,2.882702605741829e-07,True,True,252.4809941836862,252.38182812426325,252.24928924770953,260.73043549105824,True,True,663.2872943458124,663.1796678324977,662.1931708991443,701.2919396848897,True,True,True,True
0.014,0.01,0.01,0.03,1032.6892801085494,1029.0330842966541,1032.2910904318276,1032.5847583427897,False,False,0.04945085589386848,0.04942272164624135,0.04945212126653502,0.05122111497330725,True,True,4.569676865521852e-06,4.533462821617198e-06,4.5927918395164614e-06,4.87095213039919e-06,True,True,2.8910582359490974e-07,2.8707597845241763e-07,2.8915022015694803e-07,2.891602190610739e-07,True,True,248.54434600694037,248.54452116614988,249.81339189998192,249.69403942253314,True,True,651.6068343900911,651.6062530401472,655.0485967899881,654.3039673755547,True,True,False,False
0.046,0.019,0.015,0.03,1017.5397845079322,1013.8184404789541,1017.5555917202059,1051.215765723192,False,False,0.059100021303928864,0.05909508224107443,0.059113311383866794,0.0670940940496367,True,True,7.4780273444304565e-06,7.477986577284956e-06,7.482501330737508e-06,8.552225419061278e-06,True,True,5.381234668001141e-07,5.317993302048251e-07,5.381688069438395e-07,5.630980892189615e-07,True,True,257.1855556700291,257.16241750863634,257.1258295188232,257.20602147281056,True,True,692.3423730139416,692.342965358335,692.336268428628,694.9237566231236,True,True,False,False
0.005,0.057,0.022,0.048,1581.2451547089158,1270.861059339293,1531.1724983262748,1582.5050018757988,False,False,0.09814390675783433,0.0848279542801631,0.09816004520778508,0.10055089757938603,True,True,1.6521134479829968e-05,1.272368182118306e-05,1.65215286488802e-05,1.8986814977922784e-05,True,True,1.562902986555157e-06,1.5548974687524501e-06,1.6559954715091918e-06,1.6179126061458802e-06,True,True,254.3881532804576,253.68095141360143,255.28547569820955,256.3877435134157,True,True,670.2692399037716,670.2681230305329,671.2235423117772,673.0517000469321,True,True,False,False
0.051000000000000004,0.08600000000000001,0.012,0.047,1591.6520245246647,1204.0070738148872,1503.2366139831822,1591.8813044635576,False,False,0.09609096521456816,0.07541130777495247,0.09088370234236637,0.09624277746132555,True,True,2.0995920327920987e-05,1.8953272100427994e-05,1.9363522416767104e-05,2.101204900708526e-05,True,True,2.418939888737641e-06,2.1548699224314606e-06,2.341396238467859e-06,2.4206519646700363e-06,True,True,274.9274035554358,273.5238244943477,274.38089276880334,274.93204667883185,True,True,751.9960903588652,743.3511199157462,744.2774989273088,752.0005582564032,True,True,False,False
0.037,0.08,0.023,0.03,998.679818905159,928.7423033518319,998.639006979307,1025.467942752966,True,False,0.09066630789734567,0.09069630395916856,0.09063412068688131,0.09272816416464259,True,True,2.151578711382286e-05,2.1301133350344352e-05,2.1508818599332466e-05,2.2221994338290673e-05,True,True,2.2142402703064985e-06,2.214172932843154e-06,2.214083932414228e-06,2.2142249191887822e-06,True,True,268.9387787732577,268.69469093100696,268.92532772039317,268.93894308220285,True,True,726.8520445811141,723.5959585401918,725.8398285852107,730.8420599958723,True,True,True,False
0.005,0.041,0.097,0.023,640.3318044891209,607.328502983797,640.3294817180108,637.3021608304612,True,True,0.1446350549027511,0.13725408224553048,0.14462860842679157,0.14608064195080894,True,True,2.3809865520682813e-05,2.3714249012700705e-05,2.3807749070575727e-05,2.457978289109629e-05,True,True,9.564772248762853e-07,9.459001034472686e-07,9.582351808343557e-07,9.651241393216092e-07,True,True,235.16054793108958,233.3251736608469,235.15852337050427,235.15971783481638,True,True,616.4959080237235,612.7224615111286,616.4954678884775,616.5153422443088,True,True,True,True
0.016,0.065,0.007,0.029,1010.1492245999079,1007.908114751891,1010.1700784929632,1113.5506388335132,False,False,0.06487980880796346,0.06465670799054371,0.06485274215129166,0.07330969525737491,True,True,1.5789297079770717e-05,1.5746350144817577e-05,1.582074117212273e-05,1.730120020122437e-05,True,True,1.8799503419147091e-06,1.8392580324755636e-06,1.8785664980058923e-06,1.924855835376727e-06,True,True,263.8996653850981,263.8991730177961,263.9000094736031,263.91310953105676,True,True,700.3036403103431,700.3069847163855,701.4476997060304,704.7906759654694,True,True,False,False
0.009000000000000001,0.022,0.02,0.031,1037.9579155511808,1031.5544048879356,1027.1599268288105,1037.9742646547527,False,False,0.06743990956363113,0.0646209286849405,0.06750711977941677,0.06794306232371787,True,True,8.998680892473537e-06,8.94437233265346e-06,8.799413586249287e-06,8.997198351544222e-06,True,True,6.150358627320454e-07,6.150179345342626e-07,6.157281942535534e-07,6.200808197091647e-07,True,True,248.10539366453423,248.105503870708,248.1089316176389,248.10504701081535,True,True,649.6808450575753,649.5914459930203,649.6707859411325,652.4011340586957,True,True,False,False
0.009000000000000001,0.082,0.069,0.014,420.0915900005475,419.5573154002908,416.3623415628828,420.06230848580225,True,True,0.12546597991755354,0.12484612472919603,0.1254803609738607,0.13187552610069644,True,True,2.803814667211246e-05,2.6746923004063467e-05,2.804141465794591e-05,2.8813483851483277e-05,True,True,2.0499884981412185e-06,1.8132728817485836e-06,2.0494460355446376e-06,2.0631228925206794e-06,True,True,253.6999787526152,252.83644217276424,253.7003615753338,253.78759611099014,True,True,671.7032819585058,667.4760001994445,671.6859409306891,671.9838383937715,True,True,True,True
0.07200000000000001,0.054,0.014,0.03,1021.0236786073713,962.7727406437763,1031.9909571994087,1038.2770246659807,False,False,0.07048598163581227,0.06667307805614808,0.07048650951374276,0.07057985898786018,True,True,1.468535204157661e-05,1.4018658973037941e-05,1.4685344087539566e-05,1.5169494895374044e-05,True,True,1.527671183873142e-06,1.51530913294517e-06,1.5277256505737923e-06,1.5366124506211454e-06,True,True,272.4754532511808,272.12349368691855,271.96363967591736,272.47535270198443,True,True,750.8234220355777,750.8285152504245,749.5541740331448,750.8334619281749,True,True,False,False
0.004,0.006,0.055,0.005,156.60462368122057,153.12385887014258,156.6598082106597,216.22422771679476,True,True,0.07879470858607407,0.07872169373288322,0.07159336969720485,0.10683941625966814,True,True,1.1749103921767573e-05,1.1892031970111929e-05,1.250460490017053e-05,1.7617233298553508e-05,True,True,1.5867907220188007e-07,1.5765040494488237e-07,1.696189450229957e-07,1.8111619844312846e-07,True,True,236.88790175446195,228.0723011756749,232.8988655125485,236.96266463308825,True,True,613.7161577682742,597.8640016240313,603.359467117292,612.3782413469526,True,True,True,True
0.053,0.037,0.021,0.041,1357.5307736139903,1194.1693260292648,1431.557836439096,1454.6446554473125,False,False,0.08328718026110601,0.0744436441460529,0.0857993728419786,0.08928063750405646,True,True,1.2301490467645349e-05,1.1770890059419465e-05,1.2304092135015887e-05,1.3373564840918154e-05,True,True,1.0205506793667525e-06,1.020652850350173e-06,1.0208676227023927e-06,1.0205866027959714e-06,True,True,261.2256144400505,261.2173601438537,261.35374304437437,261.2258480017294,True,True,710.0487479178088,709.9898212734869,710.0414485809957,711.4814803640134,True,True,False,False
0.063,0.038,0.028,0.048,1551.3340729142099,1201.432607808736,1561.7531180332862,1555.9504901347736,False,False,0.09789539753169828,0.07964390172027942,0.09894038169931411,0.09833144636729688,True,True,1.3662573716932171e-05,1.2282131026882417e-05,1.3736135608468067e-05,1.3775280855346952e-05,True,True,1.023878429459906e-06,9.294714599565224e-07,9.57142787087698e-07,1.0245054502103926e-06,True,True,261.67995664290834,261.45019895974616,261.68738414102654,261.68355572569135,True,True,717.2885853551005,717.2426457466742,715.8196480177403,717.2901317376813,True,True,False,False
0.05,0.039,0.016,0.008,275.88628196277307,275.8968255555934,276.1397664127855,338.09759581049104,True,True,0.04594629685119873,0.04589197300749882,0.04620948641815358,0.060652736984518354,True,True,1.1881886169632768e-05,1.1878245509486043e-05,1.188101578197421e-05,1.4331361613530775e-05,True,True,1.1168369906882405e-06,1.1152184057979828e-06,1.1155478719747537e-06,1.2382241331546958e-06,True,True,264.7404484812878,264.2694229342739,264.6920180677427,266.2420137392653,True,True,715.1547213510323,711.9579223210504,715.3483155495384,725.716387759834,True,True,True,True
0.051000000000000004,0.024,0.028,0.031,1014.2047279139556,959.5049218815058,1005.1491289291691,1080.5746682465046,False,False,0.0775603625670162,0.07686950970644894,0.07756173526812905,0.08240808698636223,True,True,1.0856637686446981e-05,1.0468945387212029e-05,1.085028408077884e-05,1.1713739665087923e-05,True,True,6.556628100441607e-07,6.464327745669826e-07,6.417468023519971e-07,6.55617647389577e-07,True,True,256.6041796115943,256.6000671062569,256.6026870113245,256.4715205800642,True,True,694.3589445296191,693.9362100457779,694.30190160558,694.3548853070795,True,True,False,False
0.047,0.005,0.01,0.048,1627.591827619681,1384.3593357682714,1556.9312268841231,1633.4850933352684,False,False,0.06528716850916716,0.057054888143463656,0.06447012211701651,0.06638346630397997,True,True,3.6346295405994362e-06,3.4497087437583616e-06,3.682594764925422e-06,3.623575236992041e-06,True,True,1.4403915432870904e-07,1.2783499564155055e-07,1.4404385380815187e-07,1.4414811179271871e-07,True,True,253.55965022850447,253.5607326537487,254.64839135063053,255.57541592533082,True,True,682.8903484540122,679.2069375865967,683.097865736744,692.9925941930966,True,True,False,False
0.068,0.004,0.056,0.048,1441.9283829092115,1183.4833968495977,1435.9349955427547,1441.8630608699473,False,False,0.11532826369190105,0.09235654231138396,0.11505885587944835,0.11549893943573658,True,True,1.1536059186429018e-05,1.016078037962052e-05,1.0733575293446631e-05,1.1521543471827371e-05,True,True,1.0301671097956185e-07,1.01835381865907e-07,1.027806816582437e-07,1.0672557245832167e-07,True,True,247.741019758015,247.74187619941495,247.6316885010823,249.1257095129451,True,True,679.0720353832322,673.5624654818184,679.1052303459948,688.0978412082477,True,True,False,False
0.014,0.07200000000000001,0.038,0.032,1022.5129080438162,1003.5241475391704,1022.5385992381404,1022.5175378406099,False,False,0.10629715287310418,0.10214411599386528,0.10629522584870407,0.10844667001207611,True,True,2.2008635246058084e-05,2.2007609428738412e-05,2.1999903822980482e-05,2.2043083938561e-05,True,True,1.9166011753421324e-06,1.912194503789572e-06,1.919769791748044e-06,1.9940688833154118e-06,True,True,257.94834426527234,257.89493069299556,257.9540198764372,257.9491190737085,True,True,685.227689399779,685.215323266415,685.2345910474788,688.7105018638857,True,True,False,False
0.024,0.034,0.038,0.032,1020.3952242524122,982.1891706102901,1020.7276390628466,1089.6103790686107,False,False,0.09326978295090767,0.09325630607374914,0.09351446479022686,0.10524910621976778,True,True,1.4482461544160322e-05,1.4482482307364148e-05,1.461052911458258e-05,1.541835883076008e-05,True,True,9.050308461497853e-07,9.050190201415534e-07,9.050287524074971e-07,9.05040862392294e-07,True,True,250.52019951678406,250.2198230892446,250.52757303890544,250.52090351258164,True,True,665.8135919293456,665.2809701524922,664.3710909286622,665.8025895180435,True,True,False,False
0.026000000000000002,0.039,0.012,0.013000000000000001,451.5174979607643,451.3513479181528,450.4976941806553,516.6460434948881,True,True,0.04569611114332554,0.04543391460018854,0.04569194075277455,0.057097237218681436,True,True,1.1131743768174922e-05,1.0460584819559555e-05,1.1415740444151092e-05,1.2724847973243805e-05,True,True,1.1259499831636369e-06,1.1239548472652646e-06,1.1259595904201938e-06,1.3219978639658452e-06,True,True,259.66052616618873,259.02128260433756,259.6543160587722,262.63514232351184,True,True,689.6152312499504,686.7602954621435,689.60788211168,703.6625936671647,True,True,True,True
0.007,0.045,0.007,0.015,528.0303169804823,527.8151266095045,566.3532282579331,716.0415339694347,True,True,0.04324588595445862,0.04265190565093925,0.045500928854721547,0.06700699801739886,True,True,1.147829620264807e-05,1.145185886340424e-05,1.1939068446331423e-05,1.6931591389476975e-05,True,True,1.3159383593533208e-06,1.3097952014835717e-06,1.3819361370133054e-06,1.6433394969370816e-06,True,True,257.7497380190861,257.8085574840633,258.0412746001025,262.5379226540282,True,True,675.5634748618487,675.5584618148825,678.5617760685763,692.725443097154,True,True,True,True
0.011,0.007,0.012,0.03,1026.8952833619346,1026.9454398268495,1027.2854053415513,1037.0689418502188,False,False,0.050969424419635985,0.05097010793493457,0.05249547021814515,0.05210697381128444,True,True,4.330032039873394e-06,4.331124451082141e-06,4.400575344037953e-06,4.8319367696697e-06,True,True,2.023888667308737e-07,2.0248679090878976e-07,1.9799279500265753e-07,2.0282101191959138e-07,True,True,246.61549910458373,245.798248478827,246.40386598846922,247.05479852226765,True,True,644.5972044004532,644.5170253328807,643.1589605849254,645.6829943250833,True,True,False,False
0.004,0.004,0.008,0.03,1038.6344230775715,851.5938752192013,1063.4832643930113,1330.206707499045,False,False,0.04461146364293641,0.033840030380996915,0.04677114570627222,0.04975101405960451,True,True,2.868902473079612e-06,2.5248769959777478e-06,2.8638997509946767e-06,2.8680423678478215e-06,True,True,1.1854804808545448e-07,9.86795864257829e-08,9.004327697872593e-08,1.1416457505905695e-07,True,True,245.11969875608156,245.11595185304617,245.1263584841164,245.1475720521156,True,True,636.5461045134223,635.4188406366147,635.8616696478606,636.5358401676825,True,True,False,False
0.127,0.023,0.007,0.007,246.7283304991414,242.0212207135055,247.16237182442853,276.7891313819419,True,True,0.026581515770435833,0.02658542265458634,0.027260171399974397,0.0321441210537413,True,True,6.806618293234217e-06,6.878481745184824e-06,6.808692209149805e-06,7.4468082835990345e-06,True,True,6.741248011842062e-07,6.742871732868674e-07,7.003909866361583e-07,6.811726507925015e-07,True,True,280.72646725242805,279.82444429258334,281.93723471483304,284.73807974889235,True,True,795.0691480164962,790.8349065839868,798.9037314521072,807.643416985978,True,True,True,True
0.022,0.03,0.005,0.029,1013.9184626877604,1013.875016427217,1026.33783251988,1132.7430847563185,False,False,0.04920121652027888,0.04917264650509271,0.04919541866676419,0.054799094175883085,True,True,7.881228064052467e-06,7.881629953381483e-06,7.744038501418581e-06,8.45139658557559e-06,True,True,8.728418298441288e-07,8.471193096274778e-07,8.731335768179151e-07,8.72821328711308e-07,True,True,256.76413834350154,256.5213922135427,256.8003556721646,256.76408048726665,True,True,679.9411949486775,679.7892937394153,678.2360609978363,680.013178969551,True,True,False,False
0.068,0.074,0.007,0.029,1008.4750392687563,970.7408691353268,1008.4821287018615,1009.286336117485,False,False,0.06808946688794779,0.06800366101468684,0.06660968478045792,0.0694657561562296,True,True,1.775628539342739e-05,1.702482160035616e-05,1.7755328059800024e-05,1.8075607843996947e-05,True,True,2.1358338128605522e-06,2.1177902461006147e-06,2.1357236402142455e-06,2.2720571136127123e-06,True,True,278.3485335083859,276.77996743084486,278.3660112057312,279.4703324608885,True,True,766.6849211142038,761.6330794177285,766.7473479734067,766.6811067702059,True,True,False,False
0.016,0.085,0.01,0.029,1002.5944471490496,1001.8034103119633,1002.6950515698827,1049.0420568029015,False,False,0.07608780683514921,0.07510315524145168,0.07606281676112113,0.08483582267424278,True,True,2.057632019801306e-05,2.0552808417684695e-05,2.057112898884245e-05,2.2839555042557647e-05,True,True,2.4394778347173373e-06,2.439390567909852e-06,2.4394310384329097e-06,2.6566479362036296e-06,True,True,268.35486840006814,268.3401971482751,268.3544129564491,270.19767044838335,True,True,714.7514583944364,714.4366370548601,714.7427398817608,724.032899206414,True,True,False,False
0.052000000000000005,0.02,0.016,0.03,1014.5404255100592,1014.5430423914939,1022.8925519266603,1064.6034413328991,False,False,0.06070549679872668,0.06070112144793912,0.06200188663450574,0.0682029951148294,True,True,7.883408985220545e-06,7.881850881250234e-06,7.883331982500405e-06,8.795642965637686e-06,True,True,5.646271528972455e-07,5.545463918304466e-07,5.785031786432802e-07,5.646283952901696e-07,True,True,258.6175561257764,258.57396677547996,258.67983822909684,259.2074533645573,True,True,699.3890344798122,699.1027658387052,700.2721054536039,699.6936812200962,True,True,False,False
0.085,0.043000000000000003,0.007,0.046,1575.5995900172818,1214.3357772451136,1543.962239288308,1575.6926538166304,False,False,0.07336124014520864,0.06271387480792086,0.06882940161878302,0.07335429143529633,True,True,1.1113919737029533e-05,1.0289252979959098e-05,1.007984227485279e-05,1.111326459062838e-05,True,True,1.22424598126886e-06,1.1357390135176828e-06,1.2116230461544615e-06,1.23629703097086e-06,True,True,273.0286146827461,271.4295023222165,272.6000984881334,273.03342607614763,True,True,758.8445045583236,753.3070727261413,753.9809888055959,758.8535816586334,True,True,False,False
0.006,0.014,0.044,0.033,1035.101982842659,1035.1132116399453,1035.198286547992,1120.532737394221,False,False,0.0939282951347515,0.09392708766468416,0.09392930589588668,0.11013664082912143,True,True,1.151229801641838e-05,1.1055505299706931e-05,1.1490632264470336e-05,1.3246987097073924e-05,True,True,3.6878951562914616e-07,3.678372075437104e-07,3.95678448537562e-07,4.043248032033631e-07,True,True,239.7350819609114,237.34968092834313,239.60268474958278,240.03740259438862,True,True,625.5240922803521,623.3155281927919,625.4179441066264,625.7681188074629,True,True,False,False
0.02,0.044,0.005,0.007,249.47826782052925,248.9942507453781,256.3660534957012,323.25605987580246,True,True,0.03176487943090641,0.03159768779391147,0.03421899471532752,0.05172003626707111,True,True,1.0897801373702907e-05,1.0897826323910717e-05,1.221832616861431e-05,1.4895004751532144e-05,True,True,1.3010898782644943e-06,1.3002119756702034e-06,1.3979611472585058e-06,1.5874175114730683e-06,True,True,261.60467666249485,261.6062562812316,262.8905737217219,269.37793919421273,True,True,691.6601570161953,691.4896430973605,695.3489550677718,722.5490408354,True,True,True,True
0.077,0.057,0.02,0.012,407.6631220122906,362.3562125183303,408.67938665459417,433.5333110741114,True,True,0.06154503928667319,0.05787892782080457,0.06215920877161193,0.06876118500130118,True,True,1.6384500582008456e-05,1.4482343040838316e-05,1.6477006759881197e-05,1.727781006157804e-05,True,True,1.6079116047985581e-06,1.5005991848060284e-06,1.6340478909006245e-06,1.6102879944985675e-06,True,True,274.4474487006028,273.31074932872156,274.3383448499485,275.1822568189698,True,True,757.5970855184075,755.0123107077183,757.5608351696881,761.6663608683115,True,True,True,True
0.004,0.066,0.068,0.035,1035.0585713357198,1032.1996057332985,1040.2784845883607,1035.0561444138566,False,False,0.13624059089242063,0.13160954559235394,0.1373456658481429,0.13627849243268847,True,True,2.473051211683197e-05,2.4544278457268996e-05,2.4733310496537957e-05,2.514970685645911e-05,True,True,1.631348551456427e-06,1.1798450923868395e-06,1.6327932539105789e-06,1.692393865478597e-06,True,True,247.01579093916445,245.45253264752077,246.872570682178,247.13833590199707,True,True,651.1144481654686,648.040471151895,651.6632105441257,653.0375495148422,True,True,False,False
0.115,0.038,0.004,0.032,1115.6199113071448,981.8454433368283,1131.2505824117923,1220.9244270495878,False,False,0.05370324626773646,0.048691888743867894,0.053770376045093826,0.05555257802628148,True,True,9.492959524637911e-06,8.48371240474865e-06,9.459354815363887e-06,9.98973771869764e-06,True,True,1.1009271575930256e-06,1.049418620943498e-06,1.1008227159833828e-06,1.1874254022938316e-06,True,True,280.51682026820595,280.1446180750425,280.51482261280137,280.51712345973317,True,True,792.3238269626183,788.6530213474194,793.5864229730773,792.589800619333,True,True,False,False
0.005,0.092,0.026000000000000002,0.004,136.03139253330136,135.9433195509083,135.51138846179362,169.93030726010937,True,True,0.07406101494120453,0.07402675453100147,0.07405449573326388,0.09564667976396589,True,True,2.466237421449103e-05,2.4659002052231187e-05,2.484395580147545e-05,3.0096557181984095e-05,True,True,2.578829186180815e-06,2.1527396244401902e-06,2.586556067777099e-06,3.1392618278336383e-06,True,True,265.894246533345,265.89486439816534,265.88803883404756,270.22519772210376,True,True,701.5878005092925,701.5900269792444,701.6144587134643,723.4877590053289,True,True,True,True
0.042,0.038,0.078,0.006,177.66776858917663,177.9345324162915,177.49095290244765,177.46962802505186,True,True,0.1135069496365295,0.11324986794075781,0.11426551370047874,0.12100208262534169,True,True,2.1083970712629084e-05,2.108357818050403e-05,2.120010169972758e-05,2.2635430703061628e-05,True,True,9.339709870304599e-07,9.339753945604085e-07,9.351739121397179e-07,9.683636552436127e-07,True,True,248.6729860273861,248.67101615945347,249.41546302764604,249.44205171552457,True,True,669.271402666842,666.2222825176103,669.8034434332412,672.7647914344134,True,True,True,True
0.04,0.016,0.023,0.006,203.3355768070293,202.74490494141637,204.63868733606319,246.2937974057639,True,True,0.044799658524928856,0.04457209124785111,0.05123175939690686,0.06436000070836682,True,True,8.29799276023463e-06,8.297517848951744e-06,8.638671058998413e-06,1.1374913293441382e-05,True,True,4.522128742038284e-07,4.5174323051614377e-07,4.786914125139322e-07,5.028057969207431e-07,True,True,255.06304150102343,255.06313982363102,256.88670445817263,258.3000766340646,True,True,681.3119601816827,681.2725709936952,686.3088224257812,694.800186923974,True,True,True,True
0.016,0.025,0.082,0.036000000000000004,1026.9823018323289,1002.7099482871328,1026.4863368677368,1053.2438333004848,False,False,0.13663614300117388,0.1335303943692386,0.13668731169179582,0.14156848572520123,True,True,1.9079029514843557e-05,1.8928975100308907e-05,1.9524921314113137e-05,2.078205980117662e-05,True,True,5.986659049997185e-07,5.987291605446957e-07,5.98689148876059e-07,6.097089257970974e-07,True,True,236.0183332542274,235.04099779053917,236.01899605799866,236.41335328806133,True,True,623.2349631325266,621.2970059137456,623.1866989000803,624.311381334734,True,True,False,False
0.004,0.004,0.096,0.038,1047.9411440232627,918.771017081462,984.9267579396869,1042.1965406241418,False,False,0.14378641965112088,0.11802927394134989,0.12279879598637976,0.14393050809687893,True,True,1.7198828044656382e-05,1.1758479950561504e-05,1.712478364633331e-05,1.7373062366682542e-05,True,True,9.500501534731135e-08,8.851713995512707e-08,9.413066463568107e-08,9.945917563120692e-08,True,True,224.47906499631137,218.51444478740117,224.46239380934048,228.99629074885948,True,True,584.1580274451263,571.6254404760514,584.2014504301701,594.9230538412388,True,True,False,False
0.015,0.114,0.053,0.005,158.54485895533443,91.40175670167437,157.4219661587882,162.85780906084716,True,True,0.11269428958269918,0.10503438066548981,0.11269496164649219,0.11333852044227649,True,True,3.246052025585931e-05,2.8716542230233405e-05,3.244719985357011e-05,3.324453463831604e-05,True,True,2.981554903165959e-06,2.436269593217994e-06,3.1557449852095273e-06,3.081573327584126e-06,True,True,267.6617829246457,264.7206177467193,267.6627727787635,267.96479068597046,True,True,714.8755086520755,706.4243726907303,715.3396059390628,714.894395199573,True,True,True,True
0.028,0.025,0.096,0.037,1021.0687647735828,1004.2843304623844,1021.0787291901163,1021.129779244286,False,False,0.14916802276245694,0.14892596000911748,0.14916674466193194,0.14917064698440738,True,True,2.0821236959404117e-05,1.993691931736689e-05,2.0929315493884976e-05,2.089293735513748e-05,True,True,5.797611761266623e-07,5.624070473226998e-07,5.797651942271585e-07,5.798884513768759e-07,True,True,235.5557136939909,235.2460685934784,235.60220529022408,236.34082028359688,True,True,628.5725221700629,628.3284171525822,627.6230779434611,628.8023406130725,True,True,False,False
0.024,0.08600000000000001,0.07100000000000001,0.015,447.35137822688324,412.0199545076064,461.44608516099083,448.1495915800855,True,True,0.12935945835045218,0.12124251379358983,0.12465679401243056,0.1290032608936915,True,True,2.8992927054148176e-05,2.6525560815983026e-05,2.80079974242807e-05,2.8994772653667098e-05,True,True,2.1375212103202974e-06,1.9979695552366347e-06,2.0017158901802114e-06,2.138104047781629e-06,True,True,257.6968360336037,257.65132659318357,257.78409746312855,257.7348248575032,True,True,690.7031440333961,687.5292353872621,690.720328905942,690.9804588474111,True,True,True,True
0.017,0.037,0.018000000000000002,0.01,342.6405388716756,342.5460840162505,374.2059442996412,400.36038425245374,True,True,0.049888655177235404,0.04988865943426913,0.05382505041368783,0.0672106587900769,True,True,1.1789094971327447e-05,1.1771470888529898e-05,1.2360216760497115e-05,1.4386469656024463e-05,True,True,1.0539329470660749e-06,1.0534884256855559e-06,1.0736212534299564e-06,1.1486051774603602e-06,True,True,255.9153690297317,255.59980655279978,255.90903182843235,259.1051523656982,True,True,674.623010636395,673.9298812990484,675.3901966632088,687.5610293145866,True,True,True,True
0.009000000000000001,0.007,0.022,0.031,1031.5894058760873,1025.5323504072815,1039.2228824309523,1063.9308283415398,False,False,0.06453347892855399,0.06347125663359286,0.06454702528359238,0.0698525632618938,True,True,6.267305801358839e-06,5.745258157388215e-06,6.733423909535804e-06,7.536636853270593e-06,True,True,1.9695337627503103e-07,1.890577009151359e-07,1.979657084315495e-07,2.0698520639243405e-07,True,True,243.79773659892567,243.69146351329786,243.5257494286519,244.21366339872185,True,True,636.3610527923606,635.8564039790842,636.3581036040516,636.3582853144859,True,True,False,False
0.076,0.01,0.062,0.016,484.64286645905105,447.2450655432289,520.9794029214053,534.8109313979235,True,True,0.09673564913438085,0.09672705218420703,0.09738142502978538,0.10430144933038742,True,True,1.3629947218750114e-05,1.3654686001888975e-05,1.3629917633728717e-05,1.3810678374756176e-05,True,True,2.5506224077982775e-07,2.4851031787417287e-07,2.5505973135492315e-07,2.753690387821023e-07,True,True,252.2751032046828,251.0424092734194,251.57662372369472,252.27471191467956,True,True,693.3729387655925,689.6654438410764,693.3714817590297,693.401124583475,True,True,True,True
0.021,0.041,0.07100000000000001,0.035,1025.9538310698783,1024.713670839928,1036.1439009720589,1028.6296382724936,False,False,0.1309842761912799,0.13100095758311245,0.1309896705925074,0.13699345951283146,True,True,2.0525013928029785e-05,1.964797143089319e-05,2.0715887867962925e-05,2.1434405579978234e-05,True,True,1.0059193431150185e-06,1.0001810834780384e-06,1.0059962789368445e-06,1.0180791179537369e-06,True,True,243.87868445009843,243.70327219343147,243.87872866286727,244.32837991079984,True,True,648.4296071106912,644.2793293826431,648.3736504860707,650.2467017936606,True,True,False,False
0.006,0.073,0.025,0.031,1026.5004956969062,1026.7289556039168,1026.3677435302568,1109.3307148087965,False,False,0.09150400942715697,0.09150954866538073,0.0926131043666469,0.10988718919115253,True,True,2.0340412202059115e-05,2.0156705706680902e-05,2.034669169179073e-05,2.370960111552788e-05,True,True,2.010818441231534e-06,2.010417065202008e-06,2.0946437808985734e-06,2.351252428838811e-06,True,True,259.3722981855359,259.3718087432838,259.37154668614494,260.29766759598124,True,True,684.6624359704373,684.61791392719,684.6986875194767,693.9144175883189,True,True,False,False
0.021,0.029,0.037,0.032,1022.9466115927481,1022.9468735975972,1022.8694453220407,1204.6130201412398,False,False,0.09047601000058583,0.09047554036773442,0.09080265638591174,0.10137101831438042,True,True,1.333078948219924e-05,1.3342085500130747e-05,1.3318970495689068e-05,1.4877976398602324e-05,True,True,7.742997271168943e-07,7.52266017921498e-07,7.71765532942139e-07,7.903150439942496e-07,True,True,248.76374641527275,248.7537193285801,248.76534062715984,248.7680352766917,True,True,658.9375897432661,657.5343648085219,658.9375240549892,659.6132546085314,True,True,False,False
0.046,0.006,0.096,0.037,1019.7294530193681,962.9642886862772,1019.83040181447,1061.9920100116876,False,False,0.14344957900522667,0.13425701744142549,0.14419684856768364,0.14405339347060062,True,True,1.756615328364663e-05,1.722974452460826e-05,1.7571576753389444e-05,1.7613166637335162e-05,True,True,1.409219692224806e-07,1.276563104338785e-07,1.4038938230156555e-07,1.4211826186035786e-07,True,True,234.87656745093622,234.87701803697556,234.8758227542737,236.30861270362308,True,True,633.6403343514052,633.6233902973383,635.5095464960579,637.8471303784622,True,True,False,False
0.051000000000000004,0.038,0.063,0.015,454.65000606094725,398.3060824630383,453.05030284458263,473.88591035619334,True,True,0.10607193708344899,0.10577001123396958,0.10623998077859492,0.11336655328377344,True,True,1.903470752479235e-05,1.8274778388016082e-05,1.9134860036534685e-05,1.95175110226872e-05,True,True,9.614157116510943e-07,9.043470520592051e-07,9.684849492383846e-07,9.637960392367588e-07,True,True,253.4855564846436,253.4854816922135,253.48767649249612,253.48552032821047,True,True,687.1788931611513,687.1794207193493,686.8444175275318,687.3081066505132,True,True,True,True
0.013000000000000001,0.075,0.018000000000000002,0.03,1013.1474049031935,1013.0456366811497,1013.23796743623,1094.3435034030445,False,False,0.08311759103353918,0.08339253167193582,0.08311278734386822,0.09139796876002243,True,True,1.970364102419732e-05,1.960728005518902e-05,1.9720905939354663e-05,2.1362798834745585e-05,True,True,2.1051353901291346e-06,2.0969477428173876e-06,2.0938776132014613e-06,2.272918673566342e-06,True,True,263.1906873706673,263.1514644734143,263.0144421099491,264.0556253697095,True,True,698.4489033602247,698.450042163807,698.4479881309956,700.6627568957683,True,True,False,False
0.059000000000000004,0.053,0.008,0.029,1004.9598689273234,1001.3693018046522,1005.0378586443634,1066.8875197429418,False,False,0.06160649167058152,0.06127476570348912,0.06249651160888091,0.06454787215229654,True,True,1.3429246041434244e-05,1.3429014576182036e-05,1.3432850367341135e-05,1.3941440761312116e-05,True,True,1.5257432162590927e-06,1.5258715885090009e-06,1.5331848430245694e-06,1.5382034456641889e-06,True,True,270.6250006008337,269.87006600644645,270.55869273963344,271.17967312114735,True,True,738.8646026812388,737.9193090310768,737.7658475562672,741.2006573844084,True,True,False,False
0.019,0.029,0.035,0.048,1524.985345168175,1177.2527400601452,1435.966966198966,1514.5892279274622,False,False,0.10250058850747366,0.08389608911070041,0.10000944588038856,0.10248731621593585,True,True,1.2977699900069654e-05,1.0874661720842209e-05,1.1519739181287052e-05,1.2978488353429981e-05,True,True,7.696269739836429e-07,7.563447963794689e-07,6.769861607502248e-07,7.69355119133043e-07,True,True,247.50512678548884,247.50223469229067,247.5014921523727,247.50547182370912,True,True,655.9037301333898,655.5206239270633,655.9043416894563,655.9015020965951,True,True,False,False
0.004,0.019,0.009000000000000001,0.03,1036.4631648002442,1036.950739113623,1036.8408241157997,1102.1999726108481,False,False,0.05146892593694587,0.051426120847498695,0.05149104266546738,0.056880700913856906,True,True,6.285194085306e-06,6.285531490057108e-06,6.238874355995343e-06,6.661957783297624e-06,True,True,5.479489222702208e-07,4.425877142341885e-07,5.481135642412874e-07,5.628756135207174e-07,True,True,248.7473685812134,248.73808295816687,248.3181915876745,248.74926182534642,True,True,648.1147714952049,646.5971195329447,647.3278049671547,648.1228313118035,True,True,False,False
0.014,0.018000000000000002,0.062,0.009000000000000001,275.2811209209529,273.31571157957853,275.2634446375266,297.0936476520666,True,True,0.09366164237577917,0.09255940298104165,0.09217757063605209,0.11401833761121992,True,True,1.511846287640288e-05,1.4025125670371598e-05,1.46600555014526e-05,1.8015911907809758e-05,True,True,4.602997216420036e-07,4.5696124913070964e-07,4.538860541618674e-07,4.6014766021371566e-07,True,True,240.40189039243134,237.7716942604046,239.53772682326803,240.4049072973804,True,True,630.2319663464805,628.1721393513121,625.8550479049876,630.5548498691778,True,True,True,True
0.01,0.014,0.109,0.011,301.04776761991326,301.04832192739406,304.56846390771256,301.2966255983433,True,True,0.13792889247916623,0.13795626397716051,0.13799975203144874,0.14677616452114645,True,True,2.0665083276488108e-05,1.936491791009335e-05,2.065138563154727e-05,2.217247243048392e-05,True,True,3.2193625548862557e-07,3.0344790750570473e-07,3.213529165945205e-07,3.2200343754508516e-07,True,True,227.5942075622323,223.5566154223297,226.59422147917678,227.5743959865018,True,True,594.7372221817178,585.2097143984792,590.2249589418743,594.7713117462743,True,True,True,True
0.038,0.07100000000000001,0.021,0.017,574.6663274541286,541.3704357524307,588.2289889662021,638.2881366855682,True,True,0.0727738446334286,0.07277328640364715,0.07475291167710947,0.08313628517206405,True,True,1.9435692879851306e-05,1.9435588560554347e-05,1.942498417147391e-05,2.1259281128748686e-05,True,True,1.9938230162744606e-06,1.9923061746161798e-06,1.993557181479234e-06,2.0318109114794605e-06,True,True,268.32586118718774,268.325439969239,268.3244771869369,271.12054375109165,True,True,723.4318378723955,723.4318826815401,723.9558789792575,731.5164314682004,True,True,True,True
0.004,0.006,0.01,0.008,280.37245462322346,279.8753335168688,281.4554649914065,538.950934419431,True,True,0.025624715102559877,0.02434788717441498,0.025374761162023494,0.05469724665684597,True,True,3.5966390584651727e-06,3.2612588651834536e-06,3.3167907261700937e-06,6.88925841671984e-06,True,True,1.7801426104890135e-07,1.7115033963326825e-07,1.8717832302013516e-07,2.4827156331912733e-07,True,True,246.89267377484106,246.86322719875702,246.89072440302036,248.3240227893732,True,True,639.6513757849297,638.401374375261,636.8721836488868,655.9005080367725,True,True,True,True
0.007,0.013000000000000001,0.01,0.007,245.656577759965,239.28750344612783,241.76662147909948,339.2383604463646,True,True,0.027195913789855523,0.024810755639326644,0.027097967253662616,0.05636019326462655,True,True,5.109320451585936e-06,5.070825427924141e-06,5.474012005447523e-06,9.986213378706982e-06,True,True,3.815463939407692e-07,3.7976431920811764e-07,4.20001684806497e-07,5.29310970058317e-07,True,True,249.47009880447504,248.96142964472833,249.31619824173853,253.5634203619992,True,True,648.8536892184592,648.7429294939842,648.8533889883724,670.0655180368034,True,True,True,True
0.108,0.009000000000000001,0.035,0.015,486.3821335622344,409.5221356742551,484.58191436888507,498.26902014032925,True,True,0.06563088709886336,0.05968781845007119,0.06562748910327752,0.06869541111722355,True,True,9.096476703969744e-06,8.622616856444693e-06,8.655501326062051e-06,9.239086927858477e-06,True,True,2.4544984431097166e-07,2.251827499866066e-07,2.4558824634591217e-07,2.471443448893173e-07,True,True,265.7064851001573,265.1288704562182,265.6954782096266,265.70729253244724,True,True,744.8236443070253,742.2832585131301,744.8752827113335,745.9773540134543,True,True,True,True
0.033,0.045,0.042,0.005,162.0191746121301,145.07743555584028,161.95123234858943,173.3356362529549,True,True,0.07724767231926391,0.077233882810826,0.07729960819335438,0.10197654543746135,True,True,1.7398957765565884e-05,1.736144415596385e-05,1.7575838958187257e-05,2.020938535202885e-05,True,True,1.207451947296834e-06,1.205290428576038e-06,1.2247523875250983e-06,1.2853107243108077e-06,True,True,256.6374464673721,254.6234570757821,256.582263092165,256.6377615677411,True,True,685.8688783499599,685.8498793088075,685.8420510238226,689.588469594744,True,True,True,True
0.01,0.017,0.056,0.017,523.5668553787486,523.3493327744067,523.751735988159,631.2989553689016,True,True,0.09384757935103295,0.09369324829128081,0.09393745960171353,0.12073272594844,True,True,1.4000312265639825e-05,1.4000683842286495e-05,1.4001314409988505e-05,1.8037910637199437e-05,True,True,4.3893113882497883e-07,4.386633021023832e-07,4.580474576151636e-07,4.495668601704251e-07,True,True,239.95538191781105,236.197131189792,239.46481746037603,239.953059408248,True,True,627.4171716874071,623.5591790749901,623.3242703073863,627.3273992134394,True,True,True,True
0.013000000000000001,0.022,0.035,0.02,648.5487647280682,634.0815364403372,618.8652221540782,744.7191396082592,True,True,0.07497566669267819,0.07497229418695038,0.07311359980849114,0.08352509919393823,True,True,1.1622464624598018e-05,1.1618163454742381e-05,1.1587881239114312e-05,1.303763775428222e-05,True,True,5.962365189129605e-07,5.961917758082014e-07,5.767186800351504e-07,6.235093872195056e-07,True,True,246.48348077400317,246.47933611424855,246.2354416975351,246.80093934504757,True,True,646.7873622653768,646.7839778999704,645.21727428722,647.9775382225176,True,True,True,True
0.006,0.097,0.027,0.031,1022.1123203827913,977.5890535483692,1024.862846502321,1044.757750413106,False,False,0.10223961381900676,0.10113675521993613,0.1024136129556552,0.10882944100203785,True,True,2.5563927222937664e-05,2.556351095223973e-05,2.556345874214419e-05,2.789328015397766e-05,True,True,2.6596564675019533e-06,2.6599464764510452e-06,2.6614316253070714e-06,2.8859635390941714e-06,True,True,265.0852403589985,264.96396359766703,265.10936118400303,266.2721678932687,True,True,702.9354551479606,702.590932378423,702.9352282064702,704.9948691537724,True,True,False,False
0.019,0.012,0.047,0.017,535.294157879952,519.5723620134445,537.8640539663612,619.0489114577592,True,True,0.08244207572360775,0.08244058490840499,0.08063640895874732,0.09363993095660861,True,True,1.1628686581866116e-05,1.1627234138787184e-05,1.162748517681087e-05,1.327795295541379e-05,True,True,3.175112501031976e-07,3.0343159861855395e-07,3.174503015820073e-07,3.3802733811596526e-07,True,True,242.81859496195815,242.04344770895756,242.52988003150574,242.81910783644383,True,True,638.8552525625494,638.5155950139543,638.2163961802206,638.8546866793424,True,True,True,True
0.106,0.004,0.064,0.022,659.0703739185132,659.2373354349987,659.4430174187873,695.1815278892017,True,True,0.10171272808566265,0.08811446693064563,0.10159555962563846,0.1065361074767158,True,True,1.282370702204589e-05,1.250148831848058e-05,1.2814437521846721e-05,1.2872608412603174e-05,True,True,1.0261788096378008e-07,9.811282725261669e-08,1.0022109907467793e-07,1.0214370561179327e-07,True,True,256.81431093784454,254.89968924346158,256.8984571813757,256.937566671561,True,True,720.7145965388073,712.8201939531009,718.8892768240815,722.6341344156111,True,True,True,True
0.105,0.038,0.013000000000000001,0.032,1088.2018571944905,1039.3630383370585,1088.4459597952125,1087.6602969699352,False,False,0.06528700987830266,0.05859515053480464,0.06563381748501206,0.06538671630683436,True,True,1.1159459736271295e-05,1.1168437697674212e-05,1.1161888130001759e-05,1.1153769009249547e-05,True,True,1.0750146200024343e-06,9.929689882618882e-07,1.075298710193209e-06,1.0811062976863866e-06,True,True,276.1361386583316,275.4516965890648,275.8376336598773,276.13921040477123,True,True,775.7043203535093,773.8869856755268,772.391673356679,775.9129849230827,True,True,False,False
0.011,0.068,0.059000000000000004,0.034,1028.4148790269617,1025.8243399329829,1029.1388242695848,1028.7234724563443,False,False,0.1277025366053874,0.12367377492234881,0.12780466443367833,0.13135012523859163,True,True,2.400467963802799e-05,2.2600150611507177e-05,2.400389060897645e-05,2.4005596483478016e-05,True,True,1.717448566505042e-06,1.7175811994764823e-06,1.7177654979923272e-06,1.7713674274715737e-06,True,True,251.28897412902631,251.23801737814284,251.28973244340284,251.4178862039674,True,True,666.0684972459782,665.9798607367811,666.0562107330345,668.1919456880689,True,True,False,False
0.039,0.042,0.08600000000000001,0.012,345.5965266296374,345.6200012484758,347.01745263789553,345.6673956637246,True,True,0.12692502841419523,0.12298608651367118,0.12496735191203216,0.12696337428051419,True,True,2.2767237643883688e-05,2.276336443643978e-05,2.2697132492366155e-05,2.2771912199636498e-05,True,True,1.0096797630071145e-06,9.645620847051314e-07,1.0097670433826844e-06,1.009914634328791e-06,True,True,246.7132622369509,246.70233505885466,246.81981128385198,246.72472379835648,True,True,663.704816059474,663.7048205193756,663.7047450491165,663.7214257632797,True,True,True,True
0.074,0.009000000000000001,0.064,0.02,600.8814725885536,591.9606020987786,606.3482437711764,604.8702163523162,True,True,0.10178145773247582,0.1017745968003127,0.10196028009567851,0.10323270606237757,True,True,1.3741631192435905e-05,1.3743222759338235e-05,1.3741660425153136e-05,1.3741510928601862e-05,True,True,2.2815690668314962e-07,2.1881011855325258e-07,2.373042243978777e-07,2.396042876890091e-07,True,True,250.78607650403896,248.8849501404398,250.77222313482798,250.79146922208704,True,True,688.640498645992,687.2955021045777,688.6072540332459,688.9347691323507,True,True,True,True
0.011,0.044,0.093,0.037,1029.3559877789057,996.5146555228379,1029.0953554609307,1029.537286005573,False,False,0.1524602362176214,0.14066908653391186,0.15245297772245286,0.15257296663177766,True,True,2.375518166746546e-05,2.221161656285484e-05,2.345927592269354e-05,2.3756529779016186e-05,True,True,1.0263883792787729e-06,9.67627763701018e-07,1.0341450780464979e-06,1.0678729300354274e-06,True,True,237.15379159355726,237.06609512712913,237.15606120992368,239.55268819205725,True,True,626.3958173111499,625.795630934191,626.7877350172264,629.7084343898795,True,True,False,False
0.112,0.023,0.053,0.006,187.96168419121946,187.89816813454016,185.70605191252952,188.00090959866947,True,True,0.08279457084827765,0.08101293607237971,0.08288615251286542,0.08278662763821942,True,True,1.4791842266340103e-05,1.4150583429172494e-05,1.475941666376325e-05,1.4791974683445878e-05,True,True,5.990796310840256e-07,5.554391480903499e-07,5.810655836906919e-07,5.995897143685363e-07,True,True,266.8440590211353,266.82864321203755,267.0641711990694,267.42376053401307,True,True,751.2771168730238,751.2653185948255,752.0939023251445,751.4625496713704,True,True,True,True
0.045,0.012,0.005,0.048,1651.1769780924276,1416.379908096002,1578.9508855063611,1651.1482316507954,False,False,0.06154264767188207,0.051106050648101455,0.05639260476530905,0.06161695153829306,True,True,4.0976108304442926e-06,3.792379922878177e-06,4.003083364396564e-06,4.096639068396324e-06,True,True,3.4563573252696344e-07,2.6837229127708794e-07,3.4538669807123355e-07,3.4643799094232525e-07,True,True,256.02881541306255,255.69236318164567,256.026977973861,256.04298627042016,True,True,689.2091115763823,686.2831394061839,689.899267269192,689.2216111492123,True,True,False,False
0.112,0.012,0.019,0.038,1263.5257496954998,1198.4754545431242,1237.9810264339203,1263.5048331168105,False,False,0.0690568971672871,0.06290034359156321,0.06906230414512453,0.06906000508697284,True,True,6.8699941096093724e-06,6.393763145843872e-06,6.8506478621502055e-06,7.112450367699015e-06,True,True,3.34360260750629e-07,3.143869172078479e-07,3.343569691505166e-07,3.346560583168795e-07,True,True,269.2589881971428,269.17695492777074,269.16909950865073,269.279205141807,True,True,758.37170359693,758.0805362858921,758.3754226962942,758.3713610778602,True,True,False,False
0.022,0.024,0.005,0.029,1013.6191500585571,1012.7130008856766,1013.9277330129838,1168.5839777982014,False,False,0.046963857541936466,0.046959192215717,0.046961484970904445,0.04895341354692143,True,True,6.577125454651617e-06,6.559991275480713e-06,6.673418082366513e-06,7.1761458384837645e-06,True,True,6.988307999454052e-07,6.988168945706336e-07,7.004007381231382e-07,6.987690626790396e-07,True,True,255.22150101438208,255.19534949671885,255.20204491591144,255.45852646397367,True,True,675.0804133799041,674.9635505853761,675.096374141258,675.4266075250024,True,True,False,False
0.004,0.094,0.03,0.006,200.96587434776248,194.73726440398138,189.30809132140558,226.90802355615193,True,True,0.08145157766262315,0.08145707414873765,0.08144043501304765,0.08618476076073316,True,True,2.5610934016400542e-05,2.466114894372898e-05,2.808658994439625e-05,2.7165592381527737e-05,True,True,2.6038304327850194e-06,1.9156323546688166e-06,2.7070171128962662e-06,2.7365450571529642e-06,True,True,265.10969864812324,265.0872393655728,265.06750542776825,269.71936135394446,True,True,699.4930199266051,695.9732586560872,699.4808221406378,708.2565691093442,True,True,True,True
0.136,0.03,0.009000000000000001,0.019,658.9630860037382,594.2555105280406,646.6639301842457,659.150752280747,True,True,0.044225384656017275,0.03834509514930943,0.043630846910682766,0.04423207456974487,True,True,8.741689571088402e-06,8.010102102364466e-06,8.601110583785094e-06,8.705781044315348e-06,True,True,8.654466537030309e-07,7.996418523371745e-07,8.657052137807583e-07,8.704430217437125e-07,True,True,283.2350401785712,280.10865496087166,283.23676592465654,284.47947485364114,True,True,808.3487754652568,798.0722181241017,809.908053550317,812.4913275783069,True,True,True,True
0.031,0.016,0.027,0.031,1017.3226164302449,1012.8258027439053,1017.1943680087508,1017.2149734165978,False,False,0.07364617779257648,0.07302196897106873,0.07364518813347044,0.07985031256052849,True,True,9.046901097193811e-06,8.907220259132283e-06,8.689886257709774e-06,1.0121013051347021e-05,True,True,4.3960314097178724e-07,4.176164148075749e-07,4.338274921693078e-07,4.677684365606374e-07,True,True,250.10575970467846,250.09334411381818,250.10575411071838,250.7135230303294,True,True,665.7332656788906,665.7344229085782,668.6132922382766,669.3530718995202,True,True,False,False
0.058,0.005,0.043000000000000003,0.018000000000000002,571.1529397790047,570.0419146037409,570.5901307625514,701.5049854982246,True,True,0.07638042873919898,0.07637781473254107,0.07903065585783031,0.0983606334230561,True,True,9.631305521032286e-06,9.623066210459345e-06,1.0706420720186442e-05,1.1871830917754116e-05,True,True,1.3508651116408447e-07,1.346165355784792e-07,1.3301476671716355e-07,1.455076780152878e-07,True,True,250.95778061461937,249.19541462826132,250.95786198423735,250.97907729765166,True,True,679.7286900905135,677.1764468108346,679.7195539563969,682.4179836770217,True,True,True,True
0.05,0.004,0.014,0.03,1019.4730473056758,1014.5236387203207,1012.5524784975695,1343.4382371028012,False,False,0.052384535369860985,0.05214025905382852,0.0518764893324248,0.06653133153015667,True,True,4.144826824203634e-06,3.964541697535241e-06,3.925480583336465e-06,5.21927432546728e-06,True,True,1.1624266253264559e-07,1.1535153750367464e-07,1.164055442232536e-07,1.3305142697363036e-07,True,True,254.49455829013968,253.41377498783353,253.74053415068946,256.21900036296347,True,True,685.3238041625843,684.537111571398,684.3595656001871,692.2506050111397,True,True,False,False
0.051000000000000004,0.013000000000000001,0.049,0.033,1020.298675699957,990.4929906554925,987.8053308119289,1020.3111459165664,False,False,0.0987222334497208,0.08986214328956615,0.09744519047760297,0.09939489642629915,True,True,1.2145561446792596e-05,1.1418797623355232e-05,1.219354045971568e-05,1.217519497266659e-05,True,True,3.377728696566153e-07,3.088046397072707e-07,3.3676372110375625e-07,3.3996202657532826e-07,True,True,248.84510106695458,247.93693969538836,248.8474664695844,249.5854732935954,True,True,672.9385981031911,672.9684788858265,672.9390217214014,673.2646997865734,True,True,False,False
0.006,0.009000000000000001,0.033,0.032,1033.3952473300878,1006.7075205235719,1033.1287052669627,1079.2223828826518,False,False,0.07916367096621513,0.07384136100147969,0.08223480209504488,0.09165613410740366,True,True,8.666520934008137e-06,7.454569598973092e-06,8.843972539024497e-06,9.515558588163288e-06,True,True,2.450364767153024e-07,2.44707183906315e-07,2.450339512042405e-07,2.882321874884084e-07,True,True,241.02861032157836,240.65648935356052,240.7863484994714,241.02219224076595,True,True,628.0211796500929,626.5202742446885,627.254106285131,628.0201474294838,True,True,False,False
0.053,0.017,0.037,0.032,1021.1815354381681,974.7009060267288,1022.2643801020271,1063.1040850112936,False,False,0.08627037266919489,0.0862706761601022,0.08690994759977297,0.09254417576635932,True,True,1.0989608602213974e-05,1.0989547395473987e-05,1.1468938181986506e-05,1.2016879848845717e-05,True,True,4.5437803519174014e-07,4.459418485707781e-07,4.5441332629757485e-07,4.6285464828662935e-07,True,True,253.14588652821766,252.2695297311596,253.14438383025995,253.1462467376841,True,True,685.5834656868742,683.692797158494,685.5833337169835,685.5784088362524,True,True,False,False
0.028,0.135,0.03,0.004,135.0144102984727,44.24723947057028,135.11956951628488,152.20278553066046,True,True,0.0941172424840963,0.08800513557101311,0.09307891864930425,0.09406991284297392,True,True,3.413770512837276e-05,2.8806685185574987e-05,3.267668795865045e-05,3.40529556817582e-05,True,True,3.7462912708703203e-06,3.2927143912883025e-06,3.634556703277484e-06,3.746362497078241e-06,True,True,281.39686010173574,275.9884443205598,280.08146711369795,281.4086355349818,True,True,760.2124579672786,747.21429258554,751.7252696360202,760.2254854064693,True,True,True,True
0.005,0.038,0.004,0.048,1660.5179240475652,1044.8354069896498,1634.436719914099,1657.9343276965815,False,False,0.06996304360309138,0.05550342146223825,0.07053529982201556,0.07007585492643882,True,True,9.40543827672293e-06,7.331411599260203e-06,9.40513808568677e-06,1.0317244713038974e-05,True,True,1.0930381588418782e-06,8.016966601611121e-07,1.1127757411427335e-06,1.093756791543648e-06,True,True,253.59953897202456,251.43597029596046,253.48723100491796,255.02101101396283,True,True,665.3950574953124,662.7248354111039,664.2637824420628,669.2456644739556,True,True,False,False
0.077,0.034,0.031,0.032,1037.2806358450202,1019.5844710657285,1037.6503559053926,1037.3088416238547,False,False,0.0853191675550978,0.07923365402244101,0.08531643443335747,0.08799072005518996,True,True,1.3405197482834938e-05,1.3306477179388874e-05,1.3402355497926869e-05,1.3730747523357632e-05,True,True,9.191160119617112e-07,9.191114495915351e-07,9.190664902273254e-07,9.286896710429315e-07,True,True,264.4819200936523,263.8888089583187,264.4809254613028,264.4820990980428,True,True,730.1329995711183,726.0728483935843,730.1694756842796,730.1336578961977,True,True,False,False
0.054,0.06,0.008,0.029,1005.5056549433784,1006.249121074503,1005.1742709828261,1083.9285147464434,False,False,0.0642102395045061,0.0643982719594625,0.06419489943964696,0.06989283044155713,True,True,1.4915755829259908e-05,1.4897003783531065e-05,1.4915782304654888e-05,1.6016716496075707e-05,True,True,1.7276958519487447e-06,1.7245270962319028e-06,1.7469196911149726e-06,1.847215192460509e-06,True,True,271.2579344683319,271.2590358165508,270.91145779933044,273.7808260665845,True,True,738.8531333068494,738.8337807565968,738.7780806462061,744.0364105184733,True,True,False,False
0.014,0.005,0.013000000000000001,0.03,1023.8156712126658,925.7316723922244,1023.9323831255089,1050.2884691984498,False,False,0.05153036273316281,0.05118090004413824,0.051325249103045215,0.05157099295166575,True,True,4.11190103380579e-06,3.936383322050339e-06,4.111923642819146e-06,4.127944996550754e-06,True,True,1.4517505977494973e-07,1.4380679510118884e-07,1.4523917330668364e-07,1.5148698869619014e-07,True,True,246.57581563331146,246.56798661390297,246.1356154994114,246.85663295809528,True,True,645.8017850259066,645.7571861261478,644.0381890253766,654.4052987713035,True,True,False,False
0.014,0.036000000000000004,0.016,0.03,1016.8309573705358,1016.6945904419985,1029.8137355437434,1059.6640996981364,False,False,0.06658303279313799,0.06422307134709275,0.0663964272481824,0.06938833474993983,True,True,1.120530987303437e-05,1.1189540726710861e-05,1.120859149711408e-05,1.1201049833472262e-05,True,True,1.0159535479693837e-06,1.005364597507349e-06,1.0156671832313007e-06,1.017384509758574e-06,True,True,253.85992316766743,253.37949198026465,254.14036248687904,254.16396344094895,True,True,669.1634023149641,666.9834416461294,669.1640162209995,671.263975078915,True,True,False,False
0.113,0.007,0.018000000000000002,0.005,171.4089168190107,171.3449183427297,173.25536133124126,217.92757406169244,True,True,0.03383881186281516,0.03285462541615333,0.03506486244140032,0.044835671133316886,True,True,5.531908966220616e-06,5.502448999006994e-06,5.5198621373528126e-06,7.1039979473222e-06,True,True,2.0173971512165953e-07,2.0135397924028932e-07,2.0075870176562025e-07,2.0257464354933557e-07,True,True,271.00239402664045,270.9439903329072,270.83407233961503,276.28296072757877,True,True,760.0197697108446,758.1002935069309,759.979092825673,770.9846525759251,True,True,True,True
0.059000000000000004,0.018000000000000002,0.06,0.034,1021.9944688416768,996.6406522641743,1022.0425184638412,1022.0646153482753,False,False,0.11229109983155464,0.10336517810475071,0.11238496872284529,0.11230154461361871,True,True,1.4776628059138121e-05,1.3812559834969548e-05,1.4790795460779927e-05,1.4788914942072292e-05,True,True,4.5398114458129453e-07,4.321668761567277e-07,4.539762677214092e-07,4.5398243039798994e-07,True,True,249.41857511472426,249.17740866361808,249.4101313088022,250.50169539118662,True,True,679.5336828160968,675.1438173558365,679.5337799039105,679.8986013180883,True,True,False,False
0.006,0.021,0.058,0.034,1029.090374434143,1016.653654192738,1009.7071638697945,1028.5444700187138,False,False,0.11150225239170518,0.10924343390299808,0.11151527182897851,0.11423399441912938,True,True,1.5009761181450939e-05,1.5009731031252334e-05,1.4992612541612229e-05,1.5844731046977663e-05,True,True,5.329300538879289e-07,4.5343984081355473e-07,5.329313847700281e-07,5.614633217000455e-07,True,True,238.27176317746057,237.60788550249055,238.31678925266456,238.27270215565295,True,True,622.8938985232478,622.3045647750982,623.5752543709771,622.8949197529245,True,True,False,False
0.052000000000000005,0.031,0.05,0.033,1018.4832695854249,903.8100994926181,1019.0760163596345,1019.6730460414499,False,False,0.10570622100947752,0.10482554032853457,0.10569990102617242,0.10802721345014683,True,True,1.5752596201171224e-05,1.5649105273181735e-05,1.577250983097413e-05,1.571872514100858e-05,True,True,7.998326391692344e-07,7.91336680222029e-07,7.999008641761135e-07,8.020624999631022e-07,True,True,253.4757856730207,252.6553127885915,253.47349882151698,253.49371227385004,True,True,688.0720936408112,685.0994498364836,688.0704543531989,688.0720588816683,True,True,False,False
0.011,0.005,0.034,0.032,1030.2965478362228,975.478490537725,1030.2550089678493,1080.5297581298491,False,False,0.07891183690439864,0.07402583912393618,0.07891292149082003,0.09248466771860507,True,True,8.045031983755747e-06,7.501080435244013e-06,8.038273826625754e-06,9.67003803645569e-06,True,True,1.3722446294312054e-07,1.353222394566194e-07,1.3582323410519671e-07,1.4303109427930102e-07,True,True,240.94437104521398,240.94882799471466,240.9985456645178,240.94435035325836,True,True,629.8815412834874,629.740724627837,629.8702444071824,629.9580919771187,True,True,False,False
0.092,0.033,0.052000000000000005,0.009000000000000001,281.64157925428304,278.4292621103274,282.92594688001384,283.13867018785066,True,True,0.08770679039770796,0.07670655584255118,0.08768455358323583,0.08781717363425415,True,True,1.6553270408900616e-05,1.5675867246987445e-05,1.6042025907965392e-05,1.6639428152664128e-05,True,True,8.596653953909802e-07,8.446338340835476e-07,8.595227387476187e-07,9.061659578293416e-07,True,True,264.73652049075304,264.732022678943,264.7363863672729,264.72981692147124,True,True,736.8715895449299,736.8720873657368,736.8879451798404,736.8751347095207,True,True,True,True
0.008,0.093,0.049,0.033,1025.4421581076613,952.7393046815641,1054.2925357557367,1039.088778685384,False,False,0.12547895976440115,0.12553560188154814,0.12548016855379784,0.1259320421511244,True,True,2.754051041748989e-05,2.7490752988587514e-05,2.7953253394344876e-05,2.7547389052861588e-05,True,True,2.4091916374782244e-06,2.4094778525429647e-06,2.4087540901185353e-06,2.4091876950837954e-06,True,True,259.3648371547186,259.0306816397805,259.44462589383687,259.3683631898381,True,True,688.8744584253319,688.8735349250192,688.8814194076789,688.8757014448654,True,True,False,False
0.011,0.063,0.04,0.004,130.93439805288293,105.39439240296149,135.4546743553455,165.91146804118546,True,True,0.0803164880737442,0.08016992781760819,0.08332778584474558,0.10598520671754427,True,True,2.070720543105492e-05,2.0705979929543413e-05,2.106574816103969e-05,2.4890048971028672e-05,True,True,1.7016340500497609e-06,1.7011961430869168e-06,1.7305564964047786e-06,2.0590901719853178e-06,True,True,256.65941351331276,256.65885279299056,256.8619444648477,257.36036843177294,True,True,676.7341753841066,676.4383053140322,677.0453057636317,682.9129086595974,True,True,True,True
0.015,0.019,0.025,0.019,633.1565501780018,633.1506436248166,614.7902188480374,688.9450030455283,True,True,0.06102708348763747,0.06103265480413274,0.06106397348366668,0.0743925949962168,True,True,9.277900854705234e-06,9.277360749105894e-06,9.286314648677416e-06,1.0929725738171642e-05,True,True,5.291369034528427e-07,5.291328741714033e-07,5.34324819594812e-07,5.583019718144977e-07,True,True,248.53275542289006,248.51671868158775,248.54796206130032,249.10153465881095,True,True,652.5957362508202,651.3042301262606,651.8529545761211,658.5929047536406,True,True,True,True
0.1,0.021,0.048,0.008,252.96220574297587,252.95239916629728,248.8272762455029,252.74774870083232,True,True,0.07838395466524292,0.07665719388376668,0.07580805824165661,0.08083099008395882,True,True,1.3616067260177625e-05,1.3615459402383291e-05,1.3623254574281233e-05,1.3648843157781469e-05,True,True,5.535040507682634e-07,5.160696898562809e-07,5.535078819523563e-07,5.668143282536838e-07,True,True,264.51014045577494,264.5101848207142,264.5045011038783,264.4931886835658,True,True,738.7013871163896,737.4511325396086,738.5735163061593,739.9456495320817,True,True,True,True
0.05,0.07200000000000001,0.015,0.016,550.1270287542079,550.1415414994816,550.1400638421287,581.0771697161125,True,True,0.06468806801019292,0.06187862486648485,0.06466377856123819,0.07278914748759541,True,True,1.8706119106058028e-05,1.8630603939710944e-05,1.871459704265351e-05,2.1927929056609367e-05,True,True,2.0550400907376164e-06,2.055058076190182e-06,2.055068212005517e-06,2.1015903146072436e-06,True,True,272.8253137420587,272.27557624525724,272.8122571319459,274.92934345709995,True,True,741.5035632308404,741.2120015084469,741.5021685960055,748.9727276544127,True,True,True,True
0.008,0.048,0.008,0.018000000000000002,630.3582993634146,610.9370473929453,616.4044089079875,842.2738783416685,True,True,0.0487854757183663,0.04878083057246763,0.05064140049624989,0.07062643234833366,True,True,1.2319660618842438e-05,1.1767498447037049e-05,1.2308323976448763e-05,1.6918138702241532e-05,True,True,1.3964920482823174e-06,1.3915346148267246e-06,1.3878521344204353e-06,1.5946365427799032e-06,True,True,258.29436507069363,257.93870628141525,258.0632448517518,261.16525334817834,True,True,678.1843584751863,677.2798819866952,677.4781555899689,692.3751318411325,True,True,True,True
0.018000000000000002,0.06,0.011,0.017,590.9481462550038,590.9213489029789,589.6843708196765,692.5529976307819,True,True,0.05619072498510217,0.05619050615128779,0.05840312221606261,0.07239677822617607,True,True,1.545481970393616e-05,1.5205188251659569e-05,1.5454536772670676e-05,1.8852983249931387e-05,True,True,1.7319218438389548e-06,1.7316729835810792e-06,1.7313288456854853e-06,1.8528478298188943e-06,True,True,263.10752863832505,263.0900711650861,263.25578558048636,265.3214985585594,True,True,697.6373300916929,697.6288801567385,698.808562962839,707.8843398542879,True,True,True,True
0.01,0.066,0.031,0.004,133.98106335573704,128.9417365992405,145.62358272712802,163.6126744110514,True,True,0.0707971357876194,0.07067437670927067,0.07118225083062933,0.0985112413696682,True,True,1.999268125746505e-05,1.9990825825166914e-05,2.0487559816241583e-05,2.4949443570417157e-05,True,True,1.8245539252209023e-06,1.6227615153435602e-06,1.9396761503098725e-06,2.185709180022605e-06,True,True,259.24298933789447,259.23399141665277,260.81203329095973,260.4747488783178,True,True,683.2869306152701,682.2154635811276,685.7413683556521,698.2243825261262,True,True,True,True
0.031,0.076,0.026000000000000002,0.014,468.35415017856815,443.3807617448877,469.444795647422,522.0833994809117,True,True,0.07775061648276432,0.07770857443465645,0.07846338788023882,0.08664157589222587,True,True,2.1248197163352177e-05,2.095980874159616e-05,2.1248614228210083e-05,2.373929242522922e-05,True,True,2.1117755737137553e-06,2.0907334068065266e-06,2.111698484671286e-06,2.1435687574703737e-06,True,True,267.074241021732,266.92386925110986,267.07987278932325,269.34983010914215,True,True,716.9695717061386,716.95808973447,716.9602451361104,717.7552324166114,True,True,True,True
0.01,0.073,0.044,0.005,161.66561238028646,161.7123839246588,161.48448497669756,187.89229743141618,True,True,0.08918508714700084,0.08691127951125845,0.08914651207636125,0.10967778462931035,True,True,2.326074499697416e-05,2.2418151761384205e-05,2.3248362839207967e-05,2.697767379612283e-05,True,True,1.950854750900919e-06,1.8554557728502226e-06,1.933182794634762e-06,2.189196145738521e-06,True,True,258.00796788171243,257.15262309901095,258.0004865869138,258.31890249915995,True,True,681.2421416664615,676.808100704371,681.227514902435,683.9738985824122,True,True,True,True
0.036000000000000004,0.074,0.041,0.017,544.9517889724593,522.7249184710861,544.9301691891293,553.0076746625449,True,True,0.09684197970311989,0.0954166727481387,0.0968484554169409,0.09819187959382936,True,True,2.2957419035128303e-05,2.1281036674332565e-05,2.295933991352367e-05,2.3033214851668853e-05,True,True,1.9739394224143045e-06,1.973932499979981e-06,1.9739539253230543e-06,1.973986869371961e-06,True,True,264.08262015100854,263.50526038733614,264.1654712818137,264.0928499111953,True,True,711.9061020038105,711.689804203108,711.8493259198201,714.834222919747,True,True,True,True
0.02,0.013000000000000001,0.048,0.033,1024.0292586518797,1023.8415915385671,1026.5986484570244,1087.7108575324328,False,False,0.09778669392769346,0.09778678289482795,0.0977865336160651,0.10329824038447245,True,True,1.1963911450823805e-05,1.1964479496843185e-05,1.1908501461039975e-05,1.2211540652895756e-05,True,True,3.3909083736185244e-07,3.185687555890561e-07,3.339256233209755e-07,3.4567483031578256e-07,True,True,241.83721245797986,241.80114352980831,241.83495626459725,242.05940396298416,True,True,638.2900404538025,638.2910585412347,638.2899997412874,638.8143959189483,True,True,False,False
0.012,0.032,0.026000000000000002,0.031,1021.5551779605041,999.2862910770529,1021.0951238539743,1021.5665554784916,False,False,0.07815073446738316,0.07492378331233361,0.07806761035277121,0.07822377195246759,True,True,1.2109925050468192e-05,1.2110477959468203e-05,1.2118866402410085e-05,1.227658272051024e-05,True,True,8.793921514661946e-07,8.364641424182339e-07,8.794100745155691e-07,8.911588780833679e-07,True,True,250.0112826202963,250.01132174368823,250.0107898815264,250.2161640017571,True,True,657.6867922245884,657.687136545416,657.2231064576099,659.5114037769162,True,True,False,False
0.096,0.018000000000000002,0.008,0.023,798.1957477560143,798.3760753600856,781.7255960105671,952.0166102456719,True,True,0.04255800630416064,0.04255702103035648,0.04088825419872641,0.05098368037522981,True,True,5.941370062911278e-06,5.935878271642889e-06,6.0000593902086655e-06,6.724427241403933e-06,True,True,5.211441053733792e-07,4.5205620027090064e-07,5.253133869455305e-07,5.211089463700885e-07,True,True,270.73343586465944,270.72513180374267,270.6851824555085,272.94600549138397,True,True,753.2837720953884,753.2653905616731,753.4021715647175,760.0674552428123,True,True,True,True
0.014,0.031,0.048,0.033,1025.0539494428751,1012.1503988096713,1025.1958840441262,1048.428459337464,False,False,0.10379294794260101,0.10379178078802084,0.10341746960885487,0.10475812829503721,True,True,1.543126865035893e-05,1.5431912487910632e-05,1.542107122020616e-05,1.5953948728622804e-05,True,True,8.049870198326732e-07,8.049830465863546e-07,8.049878409208125e-07,8.162973358239086e-07,True,True,245.0612555946959,244.2562827326963,245.03619485659226,245.06647140033098,True,True,646.0519818557663,646.0519486654773,646.0518001873468,648.5894591948917,True,True,False,False
0.132,0.02,0.025,0.006,201.64878256530403,200.16586763219226,201.2143650919968,220.05051300850351,True,True,0.04864348348112694,0.04324861192610378,0.04965111189391275,0.04859055645130127,True,True,9.581569479210864e-06,9.079538015890793e-06,9.58655566598897e-06,9.578314682460012e-06,True,True,5.591144223413646e-07,4.883619914298561e-07,5.551697766131402e-07,5.682211233948384e-07,True,True,277.1051121550594,276.3303582367547,278.31785374808106,281.0919964687866,True,True,787.9270830720249,785.151486411188,798.5853934717958,803.3490928022999,True,True,True,True
0.036000000000000004,0.078,0.048,0.031,965.5435013394315,965.5331901348826,965.932044462477,969.4966059019208,True,True,0.11766536262714192,0.11412547715781172,0.11715236698560075,0.11766368619048845,True,True,2.4556942354449417e-05,2.4555227935709788e-05,2.4568753411701315e-05,2.4557965079334334e-05,True,True,2.0254246502690973e-06,2.022589236649755e-06,2.0030550537384855e-06,2.027871004813227e-06,True,True,262.42998003788017,261.66070629924855,262.4300345996264,263.90588922291056,True,True,709.3706309576847,707.753511728858,710.0197259715691,709.365090484273,True,True,True,True
0.032,0.074,0.04,0.021,672.7852894910222,672.8220070339327,672.9029606402269,691.9983521279873,True,True,0.09932516504874674,0.09932525729812586,0.09932765046998612,0.1017419462764809,True,True,2.2779995139893022e-05,2.3020949598078223e-05,2.279177741295853e-05,2.329786922939025e-05,True,True,1.973707388428339e-06,1.9123902218316446e-06,1.9683762839389565e-06,2.000603261052582e-06,True,True,263.06401164746677,263.0626969248534,263.0625491727907,263.07230719399996,True,True,707.4620508053573,707.3488187983437,707.4385043053385,707.4633289338904,True,True,True,True
0.005,0.035,0.024,0.031,1027.5053273888332,1027.4517361892756,1080.902039243912,1251.03235324323,False,False,0.07688057788667725,0.07616655219103922,0.08081640255839673,0.10357358811796799,True,True,1.2376965415654035e-05,1.1858162627519503e-05,1.2409424685714295e-05,1.6141626596595445e-05,True,True,9.669186987457084e-07,9.645222437080312e-07,1.0338420855665325e-06,1.1124483046279047e-06,True,True,249.60349231116027,248.37002168551456,249.5911431470366,250.774505287892,True,True,653.3279906554762,651.7035896946119,653.8850137787007,656.9517333513945,True,True,False,False
0.018000000000000002,0.016,0.004,0.029,1016.2772855562155,956.475962717948,1009.9968217317386,1123.7293786693012,False,False,0.04263006428862544,0.04177777517342955,0.042616507695567546,0.04500939429492556,True,True,4.631244651732024e-06,4.630792278024909e-06,4.619114705335808e-06,5.315000390881799e-06,True,True,4.68336618180123e-07,4.420772261367745e-07,5.21140142733582e-07,5.525080910617216e-07,True,True,252.4604159905639,252.4578947096902,252.44833850932096,253.54141182036588,True,True,664.637626826834,664.6756951942706,664.5984698868302,675.7931455502579,True,True,False,False
0.026000000000000002,0.06,0.017,0.048,1601.7862194455722,1107.805474235912,1542.0919383186304,1601.2402696208146,False,False,0.0934957777386649,0.06872957015406289,0.08637414169161245,0.09332554539363155,True,True,1.632820191802508e-05,1.3500051543864984e-05,1.5493955062193677e-05,1.6328912205153587e-05,True,True,1.6652504544996855e-06,1.4214331735995492e-06,1.506744613083719e-06,1.6631323844026322e-06,True,True,261.19877700124397,258.7261958494147,258.963589096665,261.1988583270061,True,True,699.4888391335497,693.3342922598886,692.7157841996731,699.371646771176,True,True,False,False
0.038,0.074,0.041,0.021,670.8894142534481,668.5316188487434,670.950915961625,704.9827376532968,True,True,0.10037980570788134,0.09956438111815584,0.09893928001303841,0.10306013450041863,True,True,2.291895642395016e-05,2.2061428053249246e-05,2.2972668168757065e-05,2.338021148634793e-05,True,True,1.9682957850310303e-06,1.947713160110518e-06,1.968263416025884e-06,1.9683022807244555e-06,True,True,264.23590280651143,264.23614120628173,264.2361622730842,264.3622382481188,True,True,713.6953943720953,712.3084245730131,711.809869013979,713.6970822401643,True,True,True,True
0.042,0.01,0.005,0.029,1012.1012663969116,1013.2009665540205,1012.7912680076904,1251.2442285570573,False,False,0.041716302246293815,0.04167789548105226,0.04220099446099253,0.05351955799058399,True,True,3.5728441169038242e-06,3.5737328010932597e-06,3.5708987928175272e-06,4.33249008598489e-06,True,True,2.9284830750957913e-07,2.9290688105955744e-07,2.925707640921477e-07,2.9284479982702323e-07,True,True,256.2919656010678,255.97718160585077,256.28958328409504,257.072414512156,True,True,686.4708773487838,686.474446692506,686.4677184866848,695.4887711921797,True,True,False,False
0.018000000000000002,0.097,0.03,0.031,1013.4591184019216,971.5960855896263,1020.2664170612624,1013.3964781340349,False,False,0.10547525222723778,0.10318248936192817,0.10550072960121232,0.10546903376695085,True,True,2.5958443081210463e-05,2.467304095003044e-05,2.617175655773964e-05,2.5963928069418003e-05,True,True,2.6379400351954705e-06,2.6352319581329353e-06,2.674054365411157e-06,2.6382159523040787e-06,True,True,267.20235482489073,267.03399121012944,267.20206991157465,267.20544008610426,True,True,714.818189936968,714.869102318058,714.6587313931058,714.8180740154532,True,True,False,False
0.037,0.021,0.074,0.035,1017.2472501142881,1017.2396652777253,1017.2495154752269,1034.403320635888,False,False,0.1273837951768153,0.1256165886918279,0.12738603412812272,0.1316659370187294,True,True,1.730402999188119e-05,1.7274060431144383e-05,1.752106178673112e-05,1.7604852053656227e-05,True,True,5.123743979670043e-07,5.117858860918392e-07,5.123598121681443e-07,5.227157007616884e-07,True,True,241.79013745300773,241.7897787638724,241.78851585377228,243.10894973702287,True,True,648.6594879121988,648.283057170164,649.4334990178829,652.3553848163361,True,True,False,False
0.061,0.068,0.027,0.013000000000000001,433.45853737444287,399.68982449639,433.4369318957357,446.59787506725297,True,True,0.07505925990123632,0.07047330268007845,0.07486015807231212,0.07970355608112609,True,True,1.976478257465506e-05,1.9734152700692112e-05,1.9764836143782036e-05,2.104825241348054e-05,True,True,1.8833103224009263e-06,1.8832996251615843e-06,1.8832739713193775e-06,1.8835951427206332e-06,True,True,271.86905403827024,271.8792440567203,271.8548473851225,272.3761451742317,True,True,744.1156622250174,743.6774017766219,744.0705133158914,744.1161130001435,True,True,True,True
0.054,0.019,0.03,0.017,559.0351513103727,559.0455330391667,569.5542218421801,637.8148211214088,True,True,0.06513246212734662,0.0651251560141865,0.06633141708264449,0.08088127448867458,True,True,1.019144759756052e-05,9.925974887163952e-06,1.0188080821382437e-05,1.2357462418989012e-05,True,True,5.221272062585279e-07,5.221196827341116e-07,5.134947738434164e-07,5.281819356611702e-07,True,True,256.6545927525676,256.0928601143516,256.65452834413463,257.4064291065391,True,True,694.2377215550102,692.2828574237527,694.2503926302868,696.8455996287578,True,True,True,True
0.014,0.027,0.011,0.015,521.4533032039125,521.4488502650519,570.3045137409765,629.2735480027881,True,True,0.04195658129614187,0.04194687326127886,0.042369103517304434,0.057359844314319175,True,True,8.355013557333318e-06,8.353818516255113e-06,8.801171100324065e-06,1.098179005444665e-05,True,True,7.81605561533066e-07,7.542799149322805e-07,7.9876908415418e-07,8.597489021856141e-07,True,True,253.84980255336612,253.8335821644078,253.6861553521213,257.36826510880053,True,True,666.600646028979,666.4342009907145,666.6024334741305,682.6835531524475,True,True,True,True
0.02,0.016,0.019,0.008,273.55426782643195,273.52512271022204,281.3176720159882,313.27047889832755,True,True,0.04156614605232679,0.0415212981672106,0.04645527047936015,0.05319668434901451,True,True,7.532932828274102e-06,7.5161768764154134e-06,7.5338964108641924e-06,9.278911837924179e-06,True,True,4.568217490058644e-07,4.558627291164443e-07,4.88494206849232e-07,5.360299162238371e-07,True,True,251.14945294148765,251.1494139700082,251.14030351991886,253.44717167374677,True,True,660.6783909894513,660.678445235995,662.1640842807018,672.9769541688723,True,True,True,True
0.011,0.057,0.092,0.016,453.3755813892728,448.4504963812381,453.3689670141483,454.9370206520391,True,True,0.1399785727283278,0.13233487218082451,0.14000376393308533,0.1399760872836147,True,True,2.609825609971916e-05,2.4883432671138116e-05,2.6103949211595573e-05,2.6443407695194486e-05,True,True,1.3496967128567824e-06,1.2462549913082191e-06,1.332636163260227e-06,1.3504445447243587e-06,True,True,242.3568132161493,242.28156785264773,242.3618653180241,242.35744314768445,True,True,640.0453018994785,640.0231103541452,639.1264422376812,640.0491216434101,True,True,True,True
0.098,0.011,0.055,0.019,583.6850141828576,531.9659239146354,583.7095113716322,584.2890205353195,True,True,0.09223245921610852,0.09008950728440877,0.09040502745807011,0.09224210130114137,True,True,1.2757607647898824e-05,1.2188150428348595e-05,1.2763970818777849e-05,1.2757225126423205e-05,True,True,2.8416778674693223e-07,2.392616328929254e-07,2.7951850299182923e-07,2.9650527627654547e-07,True,True,259.0261655553342,258.6300712236161,259.14308172518867,259.8058835605586,True,True,722.9143026817544,720.2511701298558,722.9146001957671,722.9172793815268,True,True,True,True
0.044,0.046,0.092,0.004,115.66108941496117,13.082293894949782,111.52431530747039,125.58252907913952,True,True,0.12740196239611187,0.12266741810257796,0.1274202531939827,0.1280911667083902,True,True,2.4263714776261367e-05,2.4235471594051588e-05,2.4272160483035275e-05,2.4263805459866557e-05,True,True,1.0961707710994016e-06,1.0834648537294158e-06,1.118203244359502e-06,1.1919641758331968e-06,True,True,248.16556948393443,248.15854297943122,248.16515405792487,250.24549767854344,True,True,670.08569991715,670.0867352739845,670.0782151907961,670.386753308851,True,True,True,True
0.107,0.032,0.041,0.011,352.9300240801739,306.5594160356658,329.31252655960907,353.8914943217687,True,True,0.07686434971228395,0.0694549438029568,0.07684194680090067,0.07678082736139813,True,True,1.4676816133368306e-05,1.360943405361819e-05,1.4677098270026272e-05,1.4676897138969052e-05,True,True,8.550294186900637e-07,8.409874908249634e-07,8.549782257480823e-07,8.712427539675295e-07,True,True,270.32847218819546,270.29935194834326,270.91035161099916,270.72870868631776,True,True,759.2924435118443,759.2839517431819,759.3081313769887,761.6051685695808,True,True,True,True
0.017,0.082,0.06,0.005,155.50308194707728,104.08043065675099,154.46183879786477,166.36928800571116,True,True,0.10918216418322645,0.10920558557526555,0.10921677716903612,0.11723011048596292,True,True,2.7073558198275284e-05,2.500577495145049e-05,2.7268361718530688e-05,2.751110872263377e-05,True,True,2.1063610540093134e-06,1.971358023458177e-06,2.10639411153807e-06,2.196613782536261e-06,True,True,258.3136896384589,256.7554743087555,258.30708462733617,258.3138988361862,True,True,687.1390851700153,685.0969526713423,687.1375589554492,688.5892028929118,True,True,True,True
0.02,0.031,0.027,0.018000000000000002,597.333361598956,563.4714493081416,572.7075583020542,642.7819432812157,True,True,0.06676480526588485,0.061507777913055686,0.06656736571379722,0.07789445921517592,True,True,1.21063863196825e-05,1.1695266636155545e-05,1.1864820891022655e-05,1.2934437298638165e-05,True,True,8.574828857082653e-07,8.574704645569633e-07,8.575422617898638e-07,9.15802848582631e-07,True,True,252.40470802498467,252.06250838113397,252.19262763731803,253.99536900417291,True,True,666.9495514857172,666.6847850238527,666.9895039611271,672.9805058836796,True,True,True,True
0.018000000000000002,0.005,0.051000000000000004,0.016,498.98179464964954,477.0849656026342,502.8733217071561,605.8090477593304,True,True,0.0836247500967938,0.0836173155910629,0.08358051512411264,0.11355489529846334,True,True,1.0914348982165429e-05,1.0914277098273532e-05,1.121261544107467e-05,1.4911524182906984e-05,True,True,1.3294566489001574e-07,1.3263172941306466e-07,1.3654438173309602e-07,1.7021662517619827e-07,True,True,239.95603071465501,235.9603005029743,239.4718432942013,239.96905833902912,True,True,629.8330736987874,625.5119931627396,625.8359340271709,629.8335743375128,True,True,True,True
0.015,0.025,0.004,0.029,1016.8519929556409,1016.783798535973,1016.8311765019978,1109.6714677422415,False,False,0.0459993921986594,0.04600184240646052,0.04611359403131001,0.051340686244197804,True,True,6.58568582565151e-06,6.592332322011205e-06,6.698777024789176e-06,8.156812316434215e-06,True,True,7.30062238899344e-07,6.98900361091557e-07,7.300252481203345e-07,7.963020314497115e-07,True,True,254.07324268042964,254.07317218019298,254.07221472098263,254.42971326045446,True,True,668.5201418567667,667.1865678332522,668.5126465926654,672.4739590330723,True,True,False,False
0.027,0.088,0.021,0.004,137.65955788049874,42.12905930189129,135.84388320540432,146.02914550662288,True,True,0.06639135339936589,0.06639123160423314,0.06796418873198587,0.08226179853450855,True,True,2.311055642296859e-05,2.310901567680802e-05,2.367963663828247e-05,2.8032919517229887e-05,True,True,2.4971401788411406e-06,2.4469854645427743e-06,2.521572943365527e-06,2.8033644822351993e-06,True,True,271.13871900067454,270.5390387259835,271.1382366134095,274.49221427680277,True,True,726.267884452165,723.8298527376029,725.7593257409948,740.3591874306258,True,True,True,True
0.015,0.034,0.038,0.032,1020.7352356473812,985.7802511897328,1019.6260436181608,1043.4164889606866,False,False,0.09330109139564428,0.08716046369237375,0.0933409187412614,0.09324486247234506,True,True,1.4482812050064002e-05,1.4026138776126518e-05,1.4483782024231066e-05,1.552688761667698e-05,True,True,9.053694239676875e-07,8.313102167481179e-07,8.842173919218275e-07,9.053239130664602e-07,True,True,248.41697230302128,248.25334858979457,248.42354839356412,248.42036642815106,True,True,655.5819388550356,655.2129425745384,655.571586827223,656.8871174388902,True,True,False,False
0.017,0.015,0.083,0.036000000000000004,1024.1491672050581,994.6779550255469,1024.1693636022037,1024.5864204664729,False,False,0.13444854334978254,0.12956638055015457,0.1344393254165231,0.13447756730362284,True,True,1.7429124249100075e-05,1.633768723673482e-05,1.738439001855926e-05,1.7429018941863986e-05,True,True,3.5937044789452127e-07,3.5057488685095215e-07,3.5928972832865683e-07,3.852370219419418e-07,True,True,233.45355587286392,232.75904701312413,233.9635218499132,234.83430305791106,True,True,615.6849246178691,615.685102400115,616.5166407676535,619.3180435460666,True,True,False,False
0.011,0.10400000000000001,0.01,0.005,177.09410848603125,177.0259275305075,181.42844550384183,206.81996149748068,True,True,0.05921785998000289,0.05922322850354942,0.05980995942278918,0.07434853749461194,True,True,2.4908844830558243e-05,2.495059415485799e-05,2.657521329561829e-05,3.2417929271218025e-05,True,True,3.041839832995815e-06,3.107181686820428e-06,3.2085376350449034e-06,3.726771886465514e-06,True,True,273.9404059476863,273.95764827993537,274.2695002828151,280.17102907726155,True,True,727.3534879275128,727.8241090772115,734.0330108555077,748.7596072540417,True,True,True,True
0.114,0.007,0.016,0.005,172.31533891509855,170.56257740778952,177.27526143524818,218.25875793055894,True,True,0.031129291056342115,0.03111972204905374,0.03244249574528613,0.042802326540161265,True,True,5.141590552467286e-06,5.1380353605566016e-06,5.1837671311680095e-06,6.80665278603104e-06,True,True,2.0281923240795654e-07,2.025921417245205e-07,2.0359757496612415e-07,2.029885037521051e-07,True,True,271.69184363118416,271.6930810247727,272.8242492031602,276.47002869146166,True,True,762.3256991126148,762.3263576817583,765.2902716275222,775.2026206675122,True,True,True,True
0.018000000000000002,0.016,0.014,0.03,1021.3476213109568,1016.326175004395,1026.9640763923135,1066.3325906670218,False,False,0.05680617181883488,0.056801815263406996,0.05752861882267269,0.05681170091252047,True,True,6.635881594405294e-06,6.63492344008697e-06,6.63567697359128e-06,6.936482352532072e-06,True,True,4.5547557785216215e-07,4.4264265159715646e-07,4.5547718211272605e-07,5.035538084806898e-07,True,True,250.1084058443101,250.02111582451388,250.72478344004688,250.37837349903157,True,True,658.6755980417862,658.6621557987289,658.6752534856848,664.0992604355823,True,True,False,False
0.025,0.07100000000000001,0.031,0.031,1009.2903278895883,972.019956006177,1009.2771315657656,1010.7994460112822,False,False,0.09745515636713771,0.09144392757228924,0.09757335021886665,0.10294833166805951,True,True,2.0828396406306303e-05,2.069834296140919e-05,2.0828180070204856e-05,2.10002913470215e-05,True,True,1.9242127683069515e-06,1.911301102197215e-06,1.927831757046652e-06,1.9643687485700522e-06,True,True,261.92882688288677,261.67488040221366,261.93275646760776,261.9287042971122,True,True,701.1295315842424,700.9520515064114,701.1139295583454,701.1295542985532,True,True,False,False
0.093,0.015,0.011,0.031,1060.2309888205805,1039.1782331780382,1059.7056540216802,1062.3111056395023,False,False,0.05342126850240085,0.053076288790974084,0.05341895226078659,0.057052068707389485,True,True,5.918854651057491e-06,5.656215087477025e-06,5.784686673418373e-06,6.319965835527286e-06,True,True,4.287578883755398e-07,4.2689161686892226e-07,4.267384463515326e-07,4.410738838167199e-07,True,True,267.9612642355841,267.31009390355297,267.66204766616664,270.00967827534333,True,True,744.7308484968303,743.412170903353,744.7335263052425,752.9020950002674,True,True,False,False
0.099,0.039,0.044,0.004,129.0136452199029,22.073966542985122,129.01779001433295,141.46223974355942,True,True,0.07638874478223924,0.07634504818411235,0.07566423303281099,0.07811252683526618,True,True,1.6551158190172422e-05,1.6385154188502298e-05,1.5868021465998603e-05,1.6674572421917284e-05,True,True,1.0392848304119341e-06,1.0139967132290464e-06,1.0263899120995101e-06,1.0393541544449378e-06,True,True,270.11990124585094,269.9200755930831,270.1834054295065,270.13157107694275,True,True,754.9605681220459,754.202576556146,758.5141318640152,756.0951543256482,True,True,True,True
0.08600000000000001,0.048,0.018000000000000002,0.031,1041.8061623877245,996.4818225444576,1041.8393062866148,1049.9346741756,False,False,0.07412163691180478,0.06812484184162577,0.07417113485451177,0.07414943352215368,True,True,1.4108616831598277e-05,1.3187733195637546e-05,1.4120562227991236e-05,1.4125770177588381e-05,True,True,1.3418576354272485e-06,1.305439797308772e-06,1.3253495579965943e-06,1.340281048078581e-06,True,True,273.2140390166948,273.21373222586277,272.4398919473932,273.2134889117148,True,True,759.4145013110464,755.2622708356494,759.6452383305259,759.4156177961775,True,True,False,False
0.065,0.055,0.069,0.004,121.82190296831601,24.32614833779714,124.10371035181565,130.88502794495318,True,True,0.10841491153292984,0.10732418784584158,0.1061339323969813,0.10842568607390804,True,True,2.3098171604442023e-05,2.309710561661423e-05,2.3098570619488443e-05,2.323904583116035e-05,True,True,1.3806796345166645e-06,1.3190057830406837e-06,1.375666666251197e-06,1.3934838570256571e-06,True,True,260.61236546713064,259.3608759065708,259.27051134161724,261.481457455695,True,True,714.6805920407079,712.782699285682,714.6221836669862,714.7010731505553,True,True,True,True
0.063,0.029,0.014,0.03,1020.1669216322978,985.5457392239691,1020.7483039124559,1091.8707454491675,False,False,0.061425334668895125,0.06100772757497925,0.06065475994687038,0.06625756283294819,True,True,9.416524508014291e-06,9.078224155091244e-06,9.311682289533471e-06,9.78282286894038e-06,True,True,8.214292125306243e-07,7.902276080245147e-07,8.214159970163703e-07,8.803515448551325e-07,True,True,263.9512961622704,263.82602007423395,263.9515555986408,264.0827402793522,True,True,720.3466751074646,719.560238198449,720.28377242569,723.934444236262,True,True,False,False
0.052000000000000005,0.02,0.014,0.03,1020.1718828003527,975.0645528422219,1010.8709515885313,1030.864212532251,False,False,0.058183762621335296,0.0544150925857258,0.05732235413175853,0.061494558732321396,True,True,7.514691805469579e-06,6.978261535081577e-06,7.256153557387954e-06,8.229132887299103e-06,True,True,5.676384589359621e-07,5.55229057487028e-07,5.674891740350964e-07,5.815502915398593e-07,True,True,259.07192488683455,259.06796920050004,259.02652465892083,259.06594293019475,True,True,700.5552855793927,699.3393750630544,700.5507350253775,704.5308089954084,True,True,False,False
0.01,0.031,0.015,0.03,1019.568958866015,1016.956634281217,1020.2057083716245,1038.432214862663,False,False,0.06353487865339323,0.06351073828389751,0.06391704006223796,0.06515617839994071,True,True,9.97110072589439e-06,9.94919808857459e-06,9.971311531046092e-06,1.114338273697636e-05,True,True,8.776453713213662e-07,8.728333771776289e-07,8.776559109625979e-07,8.946796049512807e-07,True,True,251.86757486696519,251.8656648195953,251.87417928588116,252.22462845387298,True,True,661.150645258621,660.1667966894807,662.0629318865969,662.5549727378624,True,True,False,False
0.01,0.016,0.06,0.034,1023.6621998270798,1015.9794383026554,1029.0326445875126,1023.5395256588541,False,False,0.11184204360331958,0.11184304111922605,0.11184179467033716,0.11676593514481672,True,True,1.4378091559711329e-05,1.4379594266576988e-05,1.4377618501938115e-05,1.4372396535305489e-05,True,True,4.047005449716833e-07,3.609255979526413e-07,4.1863070113530593e-07,4.086886216106341e-07,True,True,237.46627815803853,236.55460914534075,237.46305721167622,237.46872061059577,True,True,622.2220389248365,620.6175931630224,622.2538457519103,622.3305692174492,True,True,False,False
0.076,0.019,0.031,0.032,1036.6127377418343,1015.9987538680504,1042.495457322002,1038.3993656232383,False,False,0.08012500342941734,0.07851638535595305,0.08012913019179259,0.0818676930220294,True,True,1.0382966495081744e-05,1.0172632775473783e-05,1.038259413855463e-05,1.0419488377774963e-05,True,True,5.14721239732864e-07,5.146978997042863e-07,5.132977394043817e-07,5.596169738285646e-07,True,True,260.3923029857794,260.3138551424443,260.4405436464964,261.2789754676331,True,True,716.8460736370952,715.8351994194203,717.5481630822827,717.382741658928,True,True,False,False
0.015,0.012,0.014,0.03,1021.2732459337415,966.1699423926044,1020.9372027203925,1022.7255908687239,False,False,0.0553593901303255,0.05324535338481111,0.055291627832211865,0.056207642450512185,True,True,5.791163726359714e-06,5.559031219471501e-06,5.729402873108684e-06,5.793869308437182e-06,True,True,3.425013832193541e-07,3.424279488905336e-07,3.3707467217521914e-07,3.430292363317552e-07,True,True,248.3798231074266,248.22528388167086,248.37180730190278,248.52391818447938,True,True,652.0252923361766,652.0244634129992,652.0256639872331,652.0214653190021,True,True,False,False
0.105,0.024,0.028,0.033,1075.8326063051993,994.6694646558602,1078.7965598831333,1077.1902616346229,False,False,0.07924533138355365,0.07108108428282385,0.07923548236193909,0.07925138028112035,True,True,1.0910785493759421e-05,1.0688974853325266e-05,1.077910229541306e-05,1.0920952817351332e-05,True,True,6.531701753616226e-07,6.326446168027988e-07,6.53286225123174e-07,6.533787456351817e-07,True,True,269.053485484328,268.5010899918994,269.05555615522826,269.05426877418415,True,True,755.4840207384451,754.7237587543527,751.267756058831,755.497877451894,True,True,False,False
0.084,0.031,0.035,0.013000000000000001,423.14733417754593,417.51361317051965,423.44866319909903,435.54653987228306,True,True,0.07146521858532356,0.07147036854753978,0.0715802846086242,0.07966362550994716,True,True,1.3498997566259161e-05,1.2619742986994376e-05,1.3500417057051916e-05,1.3738432379199752e-05,True,True,8.406878837209341e-07,8.347679860448224e-07,8.413646653181048e-07,8.406911084355153e-07,True,True,265.9129226069939,265.2122768816782,265.25846984334214,265.91297997696716,True,True,735.609921374276,731.9061476121873,733.5396104971521,735.6011384507104,True,True,True,True
0.036000000000000004,0.004,0.109,0.038,1017.0755357764314,984.1191243071671,987.8830835326015,1049.658021688868,False,False,0.1541187098573829,0.15382374508464167,0.15633710469342982,0.15674061527284294,True,True,1.8839941013522347e-05,1.7839667368983382e-05,1.8839893358575308e-05,1.883943129567145e-05,True,True,9.216618004660763e-08,8.829196855208301e-08,9.185111044362777e-08,9.831794273600654e-08,True,True,228.99150609432368,228.9920744338929,229.11215537547452,234.55049775408048,True,True,612.9356347717533,610.8537733365989,612.93136676828,626.07834282626,True,True,False,False
0.043000000000000003,0.101,0.012,0.009000000000000001,314.75728942378885,297.31668342221514,314.9180927637907,325.75721501607256,True,True,0.06465343428496731,0.06218454489719829,0.0646910103915888,0.07020388233991857,True,True,2.4521406538216917e-05,2.4549996701885256e-05,2.4657131794956172e-05,2.6341078875029877e-05,True,True,2.9247432786596085e-06,2.794984857991857e-06,2.9739096131929813e-06,3.0767525359769346e-06,True,True,279.8708944055467,277.2926351426397,279.92058133918135,281.1601047067312,True,True,759.6346315258195,755.1265808456061,759.4026692179237,759.6127205531184,True,True,True,True
0.025,0.017,0.099,0.037,1013.9886481024655,993.5132019606706,1014.3095644349253,1058.5567924125476,False,False,0.14926486482421264,0.14302407128834255,0.14867042919032253,0.14940059235614256,True,True,1.981656829493185e-05,1.8960296608533614e-05,1.9817107079169357e-05,1.9886211825736e-05,True,True,3.924527220604212e-07,3.8673449407016023e-07,3.924455014599282e-07,3.9571295549008925e-07,True,True,232.11829697864087,232.1184054288585,232.65870283152648,234.70147819319638,True,True,616.9293798557707,616.6745513830001,618.3989134371628,622.0476450086145,True,True,False,False
0.033,0.08600000000000001,0.004,0.034,1190.2243769557138,1057.9073580588965,1168.6255582881006,1218.8819395377097,False,False,0.07383309466986232,0.0679403333285838,0.07300769179709872,0.07819879231727267,True,True,1.9802295086758723e-05,1.9504074229409184e-05,1.8849580761490018e-05,2.0728071633809658e-05,True,True,2.4976213451676772e-06,2.430167249160906e-06,2.4988819364100707e-06,2.4999224241553387e-06,True,True,273.5567599098501,272.5489903153494,273.561248045864,273.76906891691766,True,True,737.7815833840932,734.8273770621041,737.8030989376658,738.698937811904,True,True,False,False
0.085,0.033,0.004,0.03,1048.5296206375724,1053.9286349010854,1125.1395321823522,1262.440486277086,False,False,0.04987609464050288,0.05012339136827498,0.050250274644280876,0.059766919906309085,True,True,8.391281523172038e-06,8.401369068436246e-06,8.403373623464221e-06,9.829077203598981e-06,True,True,9.590460406241104e-07,9.595805075233084e-07,9.590408563008987e-07,9.975916378440743e-07,True,True,272.38716215843345,272.39879945941294,272.3952016867326,274.19655121772047,True,True,754.427721891008,754.4158932252441,754.4003128697971,762.7968407379176,True,True,False,False
0.012,0.05,0.005,0.029,1015.3290904680349,1030.2868585546487,1015.1890929999522,1322.6030147280287,False,False,0.05668956590013835,0.05662187216382874,0.056722174695537315,0.07215411275391224,True,True,1.218574331990047e-05,1.218554764745337e-05,1.2198907126368966e-05,1.5343573630297985e-05,True,True,1.4541887090064012e-06,1.4514940108703902e-06,1.476976822239783e-06,1.6152857641547832e-06,True,True,259.5701470740251,259.56205343315827,259.5854912646077,260.3106999923672,True,True,684.7787243035096,684.709674446777,684.8747354692799,688.7022791023172,True,True,False,False
0.077,0.027,0.07100000000000001,0.021,620.2775725657847,535.0413243078394,620.1153933495857,620.3723271267914,True,True,0.1151972421795505,0.10348799839623778,0.10508568626766526,0.11504504012475056,True,True,1.8065257656140846e-05,1.664484272757591e-05,1.723001792481326e-05,1.8082206597142118e-05,True,True,6.676090667886757e-07,6.63425954919061e-07,6.550517984820182e-07,6.679110339324125e-07,True,True,254.43946398892402,254.43910764451152,254.62746863643181,255.27788292374512,True,True,702.4206132957657,702.4190805109209,702.4834009940666,702.4509750264348,True,True,True,True
0.07,0.05,0.053,0.02,618.7324306024706,598.8396272761751,618.7608322125145,618.8521842063708,True,True,0.1039498154863647,0.08686110182919253,0.1012035835883176,0.10393073565014103,True,True,1.9910629340171493e-05,1.9064392889770115e-05,1.9286928293539064e-05,1.9911027800676803e-05,True,True,1.2901623268113016e-06,1.2081980295045846e-06,1.279814821749362e-06,1.2901696441271462e-06,True,True,262.88702067762426,262.744549176728,262.9006274651115,262.8883490640501,True,True,723.730107979155,722.9774516902794,723.733091534281,723.8251490798999,True,True,True,True
0.041,0.044,0.024,0.017,569.1302548531497,568.9036262162857,569.1209168678675,666.5248439478236,True,True,0.06673380544469165,0.06198267831067836,0.06672458164314912,0.08398434172618922,True,True,1.4291199483245493e-05,1.2909338434204789e-05,1.4242823513369939e-05,1.656435156126499e-05,True,True,1.2256369878598303e-06,1.1827998092839532e-06,1.2223374114494429e-06,1.2788764172636435e-06,True,True,261.4072536575238,260.8018393711753,261.4102198876411,264.56262874222745,True,True,703.2189505476393,703.056739521106,701.5517427482881,705.9682381966153,True,True,True,True
0.029,0.027,0.1,0.012,334.6309698288998,334.7217174292535,372.05331651142154,367.077801753569,True,True,0.13477855811283812,0.13509560865842715,0.13886382320260718,0.14365076633218352,True,True,2.181742842420411e-05,2.175395702919563e-05,2.2168178450824764e-05,2.3123562881021008e-05,True,True,6.300264934462997e-07,6.300283208803027e-07,6.300280808134775e-07,6.305890763132379e-07,True,True,237.34041379814605,236.47047109011004,237.0195396306397,237.40944963894106,True,True,632.0057734532949,629.865039633565,631.533316838375,632.0112985704367,True,True,True,True
0.012,0.013000000000000001,0.03,0.007,232.74370462669003,232.4653392366539,231.34914646889834,298.6780615809616,True,True,0.05365784993862638,0.05024625964742497,0.05679550030390504,0.07675672358510043,True,True,8.92470286254981e-06,8.84098487768859e-06,9.248252203124396e-06,1.253541266798281e-05,True,True,3.6156634133793114e-07,3.585872712073904e-07,3.665044293062817e-07,4.869258214588626e-07,True,True,246.0854605210589,245.35748651072643,246.26505804006064,247.30327839103808,True,True,642.8481037022204,641.6559380701525,642.845760776609,649.8912624967788,True,True,True,True
0.04,0.061,0.015,0.008,277.13621797479135,277.1304260267302,275.2899741822421,308.9562664075374,True,True,0.05273650655266557,0.052775141011624116,0.0526485354905983,0.06926153156724668,True,True,1.6395396314652606e-05,1.639504185846908e-05,1.6402001121950097e-05,2.0027527699980958e-05,True,True,1.7519793899039205e-06,1.7519829073000587e-06,1.7547281092395391e-06,1.9679600927701182e-06,True,True,268.2910927872625,267.94858967620905,268.1663614379772,271.30536046330866,True,True,722.1970684993018,722.1951313561683,720.9117997956242,734.0465484351672,True,True,True,True
0.004,0.14200000000000002,0.016,0.004,140.2350659790748,137.85382185590336,140.214621937989,170.98234799727067,True,True,0.08010855212952836,0.07306600275402657,0.07680702710098222,0.08249463751977165,True,True,3.398225556735068e-05,2.919007241120896e-05,3.2997515955923035e-05,3.503982341473659e-05,True,True,4.095478839327885e-06,2.4530761027295243e-06,3.833170920150305e-06,4.140809971377541e-06,True,True,280.782065859303,271.2620273311578,277.32012112262964,280.7432049753952,True,True,746.7900209955602,715.4760735084753,737.8568214939997,746.8174617585805,True,True,True,True
0.023,0.014,0.006,0.004,142.34447906813614,135.24495466554418,140.5610857846443,185.55966239480912,True,True,0.018700059411763587,0.017675602933683834,0.018358760139192628,0.028238516375406673,True,True,4.508826947470039e-06,4.288217977738772e-06,4.507670373030237e-06,6.9954072086558405e-06,True,True,4.158116425096004e-07,4.129853900336856e-07,4.0580681682690887e-07,5.060090158223313e-07,True,True,254.60355617976438,254.60433611643901,255.10772383573877,261.7861721437789,True,True,670.5455324195223,670.4814057270858,671.7560691273279,702.7327629370094,True,True,True,True
0.019,0.058,0.008,0.005,177.3711274451844,177.36193944998914,176.6459177020911,216.98546078433102,True,True,0.03918234508603693,0.03894158129387748,0.040988185607418855,0.056291278614611064,True,True,1.4526890834162094e-05,1.4519210605243265e-05,1.4503285703192913e-05,1.948485379370148e-05,True,True,1.7034024548118259e-06,1.6911431003711822e-06,1.6916401848021738e-06,1.8684843404520222e-06,True,True,264.44523898692654,264.43609627316556,264.05219904347786,269.31176926292846,True,True,700.353885386296,699.4513864213532,698.8403258489246,717.1426421479111,True,True,True,True
0.024,0.058,0.006,0.012,424.7407533116866,424.77470211945774,426.51366597265104,517.8316295934532,True,True,0.04364710956167534,0.04364486436327213,0.048209345057263785,0.0590454536231383,True,True,1.4153782952604719e-05,1.4152976473630462e-05,1.4578497782816694e-05,1.7392864938711313e-05,True,True,1.7033037827305306e-06,1.7031801245499382e-06,1.7065404786157916e-06,1.9928211010651953e-06,True,True,265.52131956242715,265.51779852921595,265.575424347082,270.93314806720997,True,True,706.3603209530906,706.3629218500762,708.3808219980481,726.6710934750515,True,True,True,True
0.022,0.026000000000000002,0.081,0.024,691.9321132486729,692.0105467152249,691.9398102228921,784.6046122302108,True,True,0.1268081870850044,0.12190927833269329,0.12783835896079682,0.14253370069152618,True,True,1.9186969322749727e-05,1.8727375164506607e-05,1.9177804673527134e-05,2.1745081992588106e-05,True,True,6.285198021688105e-07,6.233340673596267e-07,6.511001524648355e-07,6.365047555807271e-07,True,True,238.8361651294283,238.28441800769463,238.34260289459726,239.12487153680482,True,True,632.89702722877,632.3014354750471,631.1797962017562,632.9430515393318,True,True,True,True
0.02,0.01,0.026000000000000002,0.011,367.8449779640514,367.83685746255526,353.67117122613604,403.6526421743404,True,True,0.05139126440407427,0.05139076014732253,0.05122753421274248,0.06593033131363976,True,True,7.592136727294517e-06,7.592122887010673e-06,7.135084084601966e-06,9.709208895893762e-06,True,True,2.809071231288866e-07,2.8088350965628683e-07,2.7332621719466137e-07,3.2483986997057365e-07,True,True,247.7823666138496,247.78405470404405,248.10372315382315,248.4132157843746,True,True,651.3652205113326,651.365337794538,651.426230428886,659.0194415804895,True,True,True,True
0.041,0.062,0.023,0.011,371.6363094388099,361.73855601889727,390.0971783701271,416.10756504476063,True,True,0.06620717841045669,0.06546687997543563,0.06620683398239964,0.07853796373658155,True,True,1.7901713711042272e-05,1.7854293316318857e-05,1.790208272729896e-05,2.1282577489915416e-05,True,True,1.7390963420575996e-06,1.7188180191847112e-06,1.7387983683318025e-06,1.7823162717348086e-06,True,True,266.72819502331384,266.54846417826576,266.71272446810144,268.3550928299387,True,True,719.107848611671,718.7021049236006,718.8619859208156,726.9900508096258,True,True,True,True
0.063,0.019,0.046,0.007,223.04865294376006,223.09879676241204,222.5871757588411,250.33235612798177,True,True,0.07466707182065035,0.07444407353086542,0.08010688247018574,0.0936342550801278,True,True,1.2881686641249348e-05,1.288144397015822e-05,1.3253741856064697e-05,1.5598106929796237e-05,True,True,5.047112143942922e-07,4.5369939366254553e-07,5.046270057868172e-07,5.166025157281957e-07,True,True,255.89326079518932,255.1612127558152,255.89331926331835,256.43110508987246,True,True,696.3238754831704,693.8845496911811,695.8145547074578,697.6417614524039,True,True,True,True
0.054,0.042,0.085,0.015,431.45528087014617,401.0857562885281,431.7698888400818,431.43565353567936,True,True,0.12826725033533362,0.1255975741710251,0.12829473683998596,0.12828268461482353,True,True,2.2624560438283515e-05,2.0501164765162084e-05,2.2294621000611316e-05,2.2624735737236328e-05,True,True,1.0094942116961653e-06,9.516402791668063e-07,1.0106002103258996e-06,1.0160033994483928e-06,True,True,250.20843818385936,250.20760390720386,250.6173959894505,251.90956590866725,True,True,680.9751888960054,680.9759807521492,680.971415317087,686.1492096209743,True,True,True,True
0.009000000000000001,0.005,0.122,0.021,553.3252440376914,551.6213867196491,558.1385971052788,637.2608399383585,True,True,0.15286839294470894,0.15274117872841148,0.15716889488688107,0.16406350434085923,True,True,2.0641781041468847e-05,1.794424661870906e-05,2.2192057869901213e-05,2.2034855502376808e-05,True,True,1.1280207146620451e-07,8.993957493006305e-08,1.1195679121547654e-07,1.193580919289357e-07,True,True,221.31226687893522,213.68820382021767,218.8262234114485,222.03596075690416,True,True,577.5073294845029,557.1774497895035,569.3185433883726,583.9678443023403,True,True,True,True
0.005,0.015,0.016,0.004,138.7231683327461,138.71052197262924,138.50626233430594,194.99074903461738,True,True,0.03317809377111347,0.03052868773027606,0.03744664086411422,0.06546275566181903,True,True,6.720675386004351e-06,6.711555823604183e-06,6.724132752476434e-06,1.215334138522956e-05,True,True,4.335817609899788e-07,4.2688000680921953e-07,4.2928273167782853e-07,6.258202891615648e-07,True,True,248.38262728721818,248.27030020912483,248.52619705777838,251.0281040219281,True,True,645.0544446184381,644.9829737908427,645.1818324979236,665.5928708276248,True,True,True,True
0.092,0.027,0.019,0.011,374.21747288782535,374.44420199313475,371.91602967397785,396.86613800860357,True,True,0.048400659493458086,0.048396908463974174,0.04720047422677686,0.05610236308610033,True,True,9.926518919689219e-06,9.701146536987308e-06,9.88034230319028e-06,1.082787829539946e-05,True,True,7.645320285399718e-07,7.391823439513586e-07,7.644572624407035e-07,8.530469970621574e-07,True,True,270.5472282578091,269.9013954802043,270.5492635161201,273.60680305308017,True,True,751.0504874572837,750.2951287201302,750.9675882337968,760.4357308735446,True,True,True,True
0.004,0.046,0.069,0.016,478.4517576328805,404.80872674763225,477.54100012856463,477.959988759606,True,True,0.11557364356103658,0.11557357938654894,0.11792379453931875,0.12320811239929555,True,True,2.130704279908816e-05,2.124139877198183e-05,2.1867923045733637e-05,2.321216802838611e-05,True,True,1.1484818798516142e-06,1.133351475474889e-06,1.1537590147433193e-06,1.188801328543217e-06,True,True,243.12775186132012,239.543862093184,242.60861650081048,243.1567021218134,True,True,636.617618651184,628.3183368603648,636.6772824105336,636.6605266274521,True,True,True,True
0.07200000000000001,0.013000000000000001,0.08700000000000001,0.022,625.0309596795321,560.253631490712,616.3712010986261,625.0400149602481,True,True,0.1264785305831239,0.11697859023094294,0.12647926147369237,0.12647936852894304,True,True,1.7684900660417807e-05,1.620640889190668e-05,1.7690551391578523e-05,1.7708912260814257e-05,True,True,3.110004856228914e-07,2.9533462848558153e-07,3.044970320153729e-07,3.1980247521743746e-07,True,True,245.95948728071622,245.95896945681577,246.34273196646268,247.9540177053423,True,True,675.9296708995107,675.9292752780761,676.0469343745738,680.4321419868479,True,True,True,True
0.032,0.089,0.009000000000000001,0.029,1004.9772265171516,1004.9693307130652,1005.227353534141,1077.252812606045,False,False,0.07627737784936028,0.07627681208160596,0.07627411663107789,0.08022262408917637,True,True,2.128246231247396e-05,2.1281189837807737e-05,2.127656209451851e-05,2.1978027353133046e-05,True,True,2.5597497555588846e-06,2.4769164454683294e-06,2.55563536399111e-06,2.5974636949535994e-06,True,True,273.3454050103293,273.3327804143762,273.3000096722107,273.33170465142257,True,True,736.7571205201925,736.382669887132,736.7253957627424,738.1746515403819,True,True,False,False
0.113,0.04,0.025,0.007,235.38587992495619,235.42135824838613,235.16068869190278,243.70701525515267,True,True,0.05678472433926885,0.056782739235395153,0.056787238431472584,0.058059886944698075,True,True,1.3714091516587319e-05,1.3214911786633074e-05,1.370952575457143e-05,1.3724063250651798e-05,True,True,1.116104358971371e-06,1.0857459392757648e-06,1.1162594726145808e-06,1.1161307151623554e-06,True,True,277.73359489172987,277.156803709416,277.7344380986568,278.86135683298875,True,True,782.4164779207488,779.3744614781772,780.6701355631708,782.4632208409162,True,True,True,True
0.015,0.006,0.11900000000000001,0.039,1021.5781976864887,781.9885395700144,955.9157759773783,1050.7074020279106,False,False,0.1631442929261689,0.15903409191238152,0.1698259716968237,0.16754170273814298,True,True,2.0366049758133216e-05,1.910958523019165e-05,2.1432610339059868e-05,2.039611101455199e-05,True,True,1.3421378044012743e-07,1.0136358039774714e-07,1.3390002659378523e-07,1.3364800840929694e-07,True,True,222.25275404900742,219.18471234919443,222.18661887195742,223.5787481523716,True,True,584.7218068914086,577.6302878281251,584.7762570860305,594.5415065882407,True,True,False,False
0.117,0.036000000000000004,0.026000000000000002,0.015,498.67067773025406,470.1258319220437,483.7934676299617,498.1944881995084,True,True,0.0642364332726259,0.06151523298318832,0.06420339524346748,0.06418227573969408,True,True,1.3037877089965261e-05,1.1873249500825212e-05,1.3137115623042161e-05,1.3080341208462096e-05,True,True,9.960430458050259e-07,9.422118046633085e-07,9.9614246580497e-07,9.960673101327022e-07,True,True,276.7893371063498,275.9118643205529,276.79502992918293,276.78998671470646,True,True,782.173323849053,776.2162998758897,782.175354455329,782.8727184692764,True,True,True,True
0.011,0.012,0.048,0.033,1024.3174531875657,1022.551358601906,1036.7312913330431,1088.0947251303614,False,False,0.09748654457575073,0.09749032543308998,0.09748026358354042,0.10587125206363142,True,True,1.1772706056156993e-05,1.177346603360444e-05,1.1772570326812785e-05,1.1996716497552939e-05,True,True,3.1337300374123657e-07,3.119254312064309e-07,3.556142728479188e-07,3.553961781706258e-07,True,True,239.47960512278104,239.14334125658286,239.47626742567104,240.05313993625447,True,True,627.2504271467687,626.6083897999895,627.3562341956994,628.7494472163186,True,True,False,False
0.023,0.004,0.061,0.034,1020.1688591150107,926.9403629948096,1024.8510787765545,1170.770226796942,False,False,0.10891185583902707,0.10876258107647323,0.10892913023596495,0.1345526821863867,True,True,1.2289217640633809e-05,1.2290838022830262e-05,1.229241520048385e-05,1.4808241886776963e-05,True,True,1.0309070468636909e-07,8.544604583014445e-08,1.0183974514983638e-07,1.1161240182911086e-07,True,True,237.18908563904904,235.84238351242305,237.20105552481638,237.2003659564487,True,True,626.6904602467156,624.4140164840348,626.6201720716374,626.709477308744,True,True,False,False
0.031,0.041,0.007,0.029,1008.3520596936715,1005.7050517314706,1008.3623538871329,1066.6454744742707,False,False,0.05592499179771227,0.05563608988581309,0.05710491192621021,0.05918165164764739,True,True,1.0637153961678935e-05,1.0624728556966675e-05,1.0619186120187534e-05,1.1175682522574257e-05,True,True,1.18514055761855e-06,1.1734299087276472e-06,1.228535324718409e-06,1.1907775073615333e-06,True,True,261.23499967817645,260.50163165929575,261.58346776180707,262.9507662836561,True,True,697.9110267351645,697.8473966834365,697.7020210212439,703.4850852405327,True,True,False,False
0.006,0.016,0.023,0.031,1029.3429660093818,963.71953354007,1032.5962271547153,1091.8387749128765,False,False,0.06894905440074947,0.0646049043556707,0.06883328855820824,0.07496939677066884,True,True,8.309337202399405e-06,7.909461907707655e-06,8.187079355197694e-06,9.997197442754982e-06,True,True,4.4471198693927565e-07,4.4471026099011635e-07,4.5587494731519135e-07,4.650188130863056e-07,True,True,245.18071522013986,244.64784177371462,245.18223212506672,245.29997492042872,True,True,639.6552145861252,639.4761143021117,637.6220005561925,640.7604800732015,True,True,False,False
0.017,0.027,0.109,0.038,1018.5580056660781,960.2651047720192,1022.5685987347783,1027.1011425152274,False,False,0.16084217595594102,0.15646413518744348,0.16284093256438695,0.16139907325756575,True,True,2.2698490634204568e-05,2.1618709826256135e-05,2.2691830100602375e-05,2.2708054938662337e-05,True,True,6.086145212263295e-07,6.086183971271227e-07,6.041452784186158e-07,6.099721751019986e-07,True,True,230.46586955463323,229.45086058559306,230.42846516928682,231.08216261041133,True,True,609.9720472529838,608.9506017260061,609.7027920683274,613.3454635661701,True,True,False,False
0.014,0.024,0.027,0.031,1018.3588692634148,1016.6434255521108,1018.2705233191147,1044.4992576540394,False,False,0.0765016875499637,0.07650147936353571,0.07848527749725073,0.08074796407878596,True,True,1.0661704186718763e-05,1.0352582843407565e-05,1.0753543038286439e-05,1.0662921375159086e-05,True,True,6.584292412216265e-07,6.193259118814886e-07,6.586501368225813e-07,6.586484998819702e-07,True,True,248.1955036103456,247.85918595794382,248.1960011552328,248.1955869160573,True,True,652.8937478383274,652.8932600556669,652.8961937362642,653.0429636867336,True,True,False,False
0.117,0.006,0.006,0.032,1107.514257007393,1078.8775091705827,1097.2697211667255,1257.1922315069808,False,False,0.04450374295240534,0.03884111515315304,0.04350408184406078,0.051827262056412804,True,True,3.0306447151028628e-06,2.8329811590686077e-06,3.0331416254238315e-06,3.70671219436644e-06,True,True,1.754099651277021e-07,1.7533088030826635e-07,1.753744889893989e-07,1.6709746581211134e-07,True,True,272.3096869158522,272.3116118392574,272.3628428618348,272.32451972356097,True,True,767.5127132824401,767.5629965918532,767.5479838415444,770.3347776399542,True,True,False,False
0.016,0.112,0.027,0.01,335.87644296877176,319.63908588775837,339.44621575434667,356.27646526043793,True,True,0.0880815044693906,0.08808924835976294,0.08817374438853193,0.09004290191311344,True,True,2.890033000764235e-05,2.6306892962057838e-05,2.9036495764710806e-05,2.9685199458619076e-05,True,True,3.1179993209487575e-06,3.030087747875043e-06,3.133110775934516e-06,3.2047824493413365e-06,True,True,272.90346280549346,272.3017544454998,274.7909080370192,273.53694606689567,True,True,728.9776234753556,722.9489620751236,731.6051493390084,733.0314330251597,True,True,True,True
0.041,0.089,0.012,0.012,418.1032316147064,394.3855379146228,403.08724205775195,436.58782888647403,True,True,0.06319246819727287,0.05995694535337001,0.06320544937307572,0.071291973817602,True,True,2.1898091704795863e-05,2.098583997989901e-05,2.191786972261044e-05,2.494313424514479e-05,True,True,2.5707200470943957e-06,2.460254655025142e-06,2.5851219676073847e-06,2.7517527621327106e-06,True,True,276.0851419783609,274.97314080242205,276.07981119979206,278.02796736164606,True,True,747.2812477380238,744.704506473762,747.2932902174351,748.5187305331814,True,True,True,True
0.032,0.005,0.057,0.044,1323.8081319383805,1246.2430285967118,1328.2989823847133,1341.3623043561274,False,False,0.11348791506836062,0.10800658659039894,0.11341606008737487,0.1198695679892184,True,True,1.185649152653491e-05,1.1355059929872141e-05,1.202273397009215e-05,1.1864205482175558e-05,True,True,1.2839583897620592e-07,1.284133508150765e-07,1.2836977230992692e-07,1.2835098039174492e-07,True,True,239.6790138063404,239.5769017123288,239.9079682428436,240.08978055675064,True,True,638.8626929914157,635.7112276286628,638.7607466689982,639.1322893558889,True,True,False,False
0.009000000000000001,0.024,0.026000000000000002,0.031,1021.2947521949737,1021.2880640718639,1023.8256472088751,1037.5971452317783,False,False,0.0753419707559026,0.075345933940339,0.07611400856551107,0.07701997431728003,True,True,1.0482813958879145e-05,1.048284761705493e-05,1.0477498040620402e-05,1.0784725417889163e-05,True,True,6.602779708686512e-07,6.553075073541878e-07,6.597635090145272e-07,6.791237349289264e-07,True,True,247.25677511776016,247.2439985506504,247.26180752059915,247.25673734796626,True,True,647.7960290328542,647.79625696809,647.8008567317167,647.9428646999368,True,True,False,False
0.005,0.006,0.035,0.032,1027.8687892032146,1027.8086867828565,1027.7620720210327,1076.641457348022,False,False,0.08041029844379517,0.08040894848423909,0.08031442891729912,0.09553600607220888,True,True,8.424003923413951e-06,7.655870210312535e-06,8.423860633272136e-06,9.250599830339183e-06,True,True,1.6364506123023877e-07,1.596946543925226e-07,1.646824588113334e-07,1.772908387376922e-07,True,True,239.57305104982333,237.82536159402835,239.61565017551163,241.14974697210909,True,True,623.2870426267657,622.1034647881966,623.8045847887464,624.446196707085,True,True,False,False
0.046,0.063,0.03,0.031,1010.8064724827782,1001.0840421512547,1020.6156813084707,1052.2990794373723,False,False,0.09347913633519603,0.09102489315926904,0.09383998105460516,0.10211901397366771,True,True,1.9081190207149204e-05,1.8739909663332034e-05,1.9088452863931435e-05,2.0371839846478673e-05,True,True,1.710120203940254e-06,1.7095368852733907e-06,1.70629119674165e-06,1.789985780857475e-06,True,True,265.004220644429,264.9923472450507,265.00430471642846,265.00827257947293,True,True,719.1002478956228,719.0665895189419,720.0761426145172,719.9298334151462,True,True,False,False
0.017,0.11900000000000001,0.031,0.008,266.65798074802234,234.28901311875657,258.79261548508515,273.4546455670347,True,True,0.09331507042289977,0.08944356812074822,0.0933268348204402,0.09348696966399966,True,True,3.088084636300014e-05,2.7656326489947803e-05,3.088142022067551e-05,3.1771796421089184e-05,True,True,3.2838268457785813e-06,3.1400251334385755e-06,3.0880556847098702e-06,3.34447085783303e-06,True,True,274.1842927647466,272.7369230563418,274.1889169951642,274.87537992831056,True,True,733.6891366567559,723.9658838203842,733.6947537362782,733.6990676903278,True,True,True,True
0.033,0.006,0.046,0.046,1420.606812515437,1334.3794670646744,1391.0442583247263,1420.6964462380006,False,False,0.10446714411064718,0.0982581785291184,0.10535359385017687,0.10429583778563369,True,True,1.0308524320894204e-05,1.0308640790488771e-05,1.0183318649758307e-05,1.0365261546845652e-05,True,True,1.5739408769739564e-07,1.4925554932629708e-07,1.5745633268488698e-07,1.5733504194903587e-07,True,True,242.5153006538183,242.51533272801012,242.465595457914,243.28240783540906,True,True,646.9954978752114,646.3477277350062,647.6128581475132,647.0619715340289,True,True,False,False
0.028,0.095,0.009000000000000001,0.029,1005.4333778098598,961.4887269873901,1009.2848947203372,1076.5525665046598,False,False,0.07851402148277083,0.07660076932432341,0.07874323852562796,0.0844836146474,True,True,2.2578993607639616e-05,2.2573325442407993e-05,2.25774229406894e-05,2.425129039097423e-05,True,True,2.7332584278563387e-06,2.6728413189160274e-06,2.7332352379881065e-06,2.749189938712382e-06,True,True,273.9545773815224,273.07583357696956,274.19127194926,275.133733611202,True,True,737.0719477248815,735.7055706557969,737.1728971381967,746.648066956564,True,True,False,False
0.042,0.097,0.009000000000000001,0.006,212.36874680474534,212.3686825011385,211.80046116312147,227.121287243764,True,True,0.056204446296730666,0.056277576037107736,0.056203772310670114,0.0683399070595437,True,True,2.3226307842719832e-05,2.292009192982782e-05,2.4402274548824655e-05,2.6805938139125762e-05,True,True,2.8383504917833978e-06,2.7532050222136615e-06,2.940936210829129e-06,3.1511084566824286e-06,True,True,279.5225221738475,277.47326838388216,280.8633087816854,284.155747489,True,True,757.3710178020721,755.9373729657386,759.4549431721695,769.4500264466595,True,True,True,True
0.019,0.056,0.018000000000000002,0.03,1011.9963290429698,1011.957952878598,1025.4903768957256,1034.5206817970861,False,False,0.07624070007132591,0.07620115949615837,0.0762337184694708,0.08200579704866187,True,True,1.5730842775136757e-05,1.5726211782520477e-05,1.6188645098939112e-05,1.7399726800839646e-05,True,True,1.571058077066884e-06,1.556455613196428e-06,1.604023590655062e-06,1.6197522099445511e-06,True,True,259.7088582825422,259.42580132359205,259.70991732713156,259.7087651781459,True,True,689.8786188089406,689.3386820594854,689.6401750364885,690.3832729365168,True,True,False,False
0.018000000000000002,0.05,0.037,0.048,1518.497353894635,1189.4121880971409,1510.1877721392802,1522.8474166035148,False,False,0.11173608818647354,0.09469920956383408,0.10636106047750152,0.11198666361119852,True,True,1.741718614183079e-05,1.5019944762044367e-05,1.6203908947366298e-05,1.7457733413624566e-05,True,True,1.3191986188599515e-06,1.2412490595910245e-06,1.2141554910909067e-06,1.343877393164342e-06,True,True,252.21094982383147,251.59492318531133,252.03060322915996,252.24407131506777,True,True,670.6082826055049,668.5691091020964,670.7664508320524,670.6970575383608,True,True,False,False
0.037,0.033,0.04,0.032,1014.5722906783523,1009.7574254377279,1018.3181501011683,1027.8503270626293,False,False,0.09505411810108196,0.09506798041829412,0.09505213439394908,0.09837252899790103,True,True,1.4611168576992192e-05,1.461478623436158e-05,1.4613039995580982e-05,1.5188517796050397e-05,True,True,8.736239196866435e-07,8.615813925183685e-07,8.736186408351636e-07,8.970516437990761e-07,True,True,252.840522632942,251.65157932778607,252.85250577195052,252.9235583285391,True,True,678.6078192577716,677.5495991953359,678.7228760347492,681.7350779599313,True,True,False,False
0.008,0.004,0.083,0.036000000000000004,1024.005387357083,777.8208841375932,966.3674426696803,1027.5516881244937,False,False,0.13112998833474174,0.11548080571770543,0.13191344997319623,0.14475626971965666,True,True,1.5474321893998772e-05,1.1653007180579214e-05,1.562128857233985e-05,1.6921140714486076e-05,True,True,9.790938996851309e-08,9.115703703772964e-08,9.726191294760243e-08,1.0017247116386259e-07,True,True,228.52709982480013,222.0868087284863,225.93798336752897,229.90404844295972,True,True,596.5446927162371,584.2970231967447,593.6446461814623,600.4888590053718,True,True,False,False
0.061,0.052000000000000005,0.073,0.011,326.9164671919714,302.40630454672555,327.23922432522977,326.90696742016917,True,True,0.11706259908690098,0.1095405299014826,0.11106669523565454,0.11705879466669286,True,True,2.2989039807537352e-05,2.2982011234255945e-05,2.2796351873412318e-05,2.3003029100480882e-05,True,True,1.287495039112434e-06,1.2130546644611637e-06,1.2922620628345129e-06,1.2874953246635522e-06,True,True,257.45187453270114,257.45814110285636,257.4631110916255,257.5169919783322,True,True,704.5243503838295,703.9167852374412,704.5676264796253,704.7326620000642,True,True,True,True
0.007,0.064,0.015,0.03,1021.2982409046891,1021.3080816026248,1021.9013513404946,1115.1311708042451,False,False,0.07553693076383512,0.07550455052513895,0.07552226671350001,0.09185662361583936,True,True,1.6917260221792452e-05,1.692854118396749e-05,1.7469916418189305e-05,1.9913181625767347e-05,True,True,1.8108700172547986e-06,1.8108636829479161e-06,1.825525655018097e-06,2.0069771542773105e-06,True,True,259.6454406038071,259.34490322002733,259.64835287481804,261.80059284550015,True,True,684.473130832235,684.4671511921291,684.4709568490445,688.1177675647164,True,True,False,False
0.016,0.052000000000000005,0.038,0.044,1392.504266277805,1208.4674575879415,1390.4745201661715,1398.0682016862477,False,False,0.1099787536521742,0.09582419649473262,0.11001573056395081,0.1102934231152799,True,True,1.798734026442896e-05,1.683106928716021e-05,1.7934619218882737e-05,1.8013613356020916e-05,True,True,1.3724364495154614e-06,1.3724108051893331e-06,1.3731206837884665e-06,1.3730756622962411e-06,True,True,252.34374942274934,251.79528785749528,252.37412828639356,252.7721880462394,True,True,669.8541214213312,669.8534045923395,670.9533668345691,669.857687542467,True,True,False,False
0.018000000000000002,0.097,0.043000000000000003,0.01,321.74957527393644,313.2091882099061,321.8434914049067,322.4620582684807,True,True,0.1007471495122414,0.09837813258970142,0.10260129565571212,0.10598715868675705,True,True,2.7867030871818806e-05,2.7087673914867612e-05,2.787123699110982e-05,2.7974163933516244e-05,True,True,2.5903227750176773e-06,2.602499014525253e-06,2.6044432435054668e-06,2.6501831064446647e-06,True,True,265.8796190407936,265.89193726595505,267.0556878022298,265.95988590323424,True,True,709.75561006697,708.2985952824422,709.7539137176198,714.1426583364379,True,True,True,True
0.036000000000000004,0.032,0.028,0.046,1489.9611076817073,1153.6339559423534,1498.1624737914285,1490.0522079454727,False,False,0.09411039913027748,0.07481841385913958,0.0941663347594341,0.09411390449330104,True,True,1.2442992711142178e-05,1.1280786646245441e-05,1.2447652998745862e-05,1.2446665675537505e-05,True,True,8.647052518088408e-07,8.169769246999872e-07,8.655290760798249e-07,8.647094236861339e-07,True,True,253.99161775866614,253.67806620286586,254.04985094294133,254.36479589779626,True,True,681.9847246734615,681.9846609783597,682.0597633395034,683.2783866373808,True,True,False,False
0.04,0.006,0.044,0.005,160.7116528087537,158.33214261267852,160.5962440423694,189.21385324639508,True,True,0.06620500585488502,0.06488784032575871,0.06657222359938927,0.09407888228897414,True,True,9.972173329545555e-06,9.970670442843748e-06,1.0681780264677156e-05,1.3396161454820217e-05,True,True,1.6274431370934297e-07,1.6273836838436933e-07,1.6652458048850256e-07,1.8656908454837542e-07,True,True,247.79544076293743,245.29535916741412,247.06684493984667,247.81363974734637,True,True,661.0624294887511,654.8799827521134,660.3321498169204,661.0656982194733,True,True,True,True
0.036000000000000004,0.012,0.114,0.009000000000000001,244.13282834215929,212.12444783021925,244.1464436503556,245.46598112164781,True,True,0.13994430151169074,0.12704561937614017,0.1399555861245293,0.14342398065766895,True,True,2.094436030943772e-05,1.917161114879146e-05,2.125583825184213e-05,2.142148618751063e-05,True,True,2.733847896483351e-07,2.4856143123309224e-07,2.7301186664723193e-07,2.7334123378012164e-07,True,True,232.16852063183924,230.92359198300622,232.18222092795594,232.5845409068368,True,True,619.992170637239,618.5265179988426,617.5358885996326,621.9088626970719,True,True,True,True
0.037,0.02,0.112,0.025,670.945403039763,584.2679020957155,670.9949893235122,672.968133101449,True,True,0.15196003853195297,0.14502241633937835,0.15196996847901725,0.15216079771385355,True,True,2.1951418332474168e-05,1.9705731556569783e-05,2.144208501649508e-05,2.1967614680900165e-05,True,True,4.5163948746680216e-07,4.516381190952816e-07,4.4433578021967255e-07,4.5411438794268585e-07,True,True,233.66864013752252,233.12203289455195,233.96097220370126,236.0696456245609,True,True,626.8508662005445,625.1821128544519,626.5374349778037,632.5853495903154,True,True,True,True
0.074,0.081,0.02,0.017,575.7386162118315,523.6719616335164,550.8906468642687,577.3671575495694,True,True,0.07506585703717589,0.06905433317905037,0.07507358763841598,0.07603724839764006,True,True,2.13902557134871e-05,1.961807242339107e-05,2.0931549471546134e-05,2.1749222352538916e-05,True,True,2.277751389890354e-06,2.152996819277413e-06,2.278505175800372e-06,2.277742831118663e-06,True,True,279.52356008762274,278.40178255491065,279.8008709281876,279.75242429009273,True,True,773.0222830874844,768.8213468000412,774.3448998856705,773.7579900906597,True,True,True,True
0.01,0.004,0.049,0.033,1021.4058010799321,959.8906628518909,1042.2480314842849,1062.5837021192544,False,False,0.09588724697569556,0.09495376678665439,0.0958933911508772,0.11319458652077052,True,True,1.0386185872787492e-05,8.832048093885998e-06,1.0380214313992572e-05,1.1394117872458393e-05,True,True,1.0630286487969581e-07,1.02929614925537e-07,1.0739980641599394e-07,1.1368461667673345e-07,True,True,236.96238579215992,236.29131787021865,237.10839393698464,237.47118990491342,True,True,619.0477232543079,617.0377760748856,621.0035727103476,619.2203018481238,True,True,False,False
0.035,0.035,0.025,0.048,1565.2277931702015,1192.8247694595066,1547.3539866587846,1565.6231062998672,False,False,0.09364657285263253,0.07131225389315941,0.09362747654514819,0.09419508467492194,True,True,1.2543161163090221e-05,1.1703509418136886e-05,1.25511471510956e-05,1.2600718177849191e-05,True,True,9.51533755899725e-07,8.895792395482506e-07,9.549449679589863e-07,9.51564369173967e-07,True,True,255.0550076422575,255.0549746508915,255.1596617525616,255.1796882503538,True,True,684.789802429627,682.827046234369,684.7889092060108,685.6805039469625,True,True,False,False
0.037,0.018000000000000002,0.099,0.037,1013.6394309317468,971.1890086392261,1014.9342631168497,1016.6475201703236,False,False,0.1495004027907128,0.14283234222456223,0.1495005937705049,0.14950660120666656,True,True,1.9989315198417905e-05,1.876214121673562e-05,2.002191193165308e-05,1.9990513783385018e-05,True,True,4.151987306591099e-07,4.1516215179976204e-07,4.152027429901304e-07,4.1518346431586706e-07,True,True,235.17623152387503,235.09655381434854,235.15358960092252,235.8984828260289,True,True,631.3791661535546,630.5384389691116,631.4883390251216,634.6030038300672,True,True,False,False
0.015,0.069,0.029,0.031,1014.9801111662997,978.4684818436151,1014.9428294062345,1031.3539784007207,False,False,0.09457315844777611,0.08652246921264307,0.09307129360978682,0.09633340311218642,True,True,2.0123326913616156e-05,1.893641316669162e-05,1.9963983956361625e-05,2.021316519064134e-05,True,True,1.8803053816702016e-06,1.857176152387905e-06,1.7788837555146005e-06,1.9106089212032308e-06,True,True,259.53598494374444,259.5234624423447,259.42591155314216,260.05705143904987,True,True,689.3140878106905,689.2366426798325,689.2737367660952,689.3716273991514,True,True,False,False
0.029,0.047,0.041,0.032,1012.8778039148011,979.9389991588758,1012.9883079413686,1025.977233717874,False,False,0.10090263409854035,0.1008914633823259,0.1006951296974983,0.10886109632585109,True,True,1.7508540403793572e-05,1.6999899141946286e-05,1.750039584629875e-05,1.778031509071068e-05,True,True,1.2409087764605677e-06,1.2357206361140521e-06,1.2557448492112499e-06,1.2407860896440371e-06,True,True,254.34399290721032,252.35176815432268,253.96342148218298,254.35427920434793,True,True,680.2735531042372,674.9047749137172,677.2035553326621,680.2762713976978,True,True,False,False
0.07100000000000001,0.054,0.035,0.032,1027.5579860301016,1027.6472149140275,1027.5414863430651,1027.5704674823878,False,False,0.09668288873923947,0.09331701358261466,0.09667360741981182,0.09785084359426974,True,True,1.8025778727814767e-05,1.7520983528160246e-05,1.8104112129246638e-05,1.802587222967686e-05,True,True,1.4447728497887922e-06,1.436471802703187e-06,1.4483523374380852e-06,1.4597570042633848e-06,True,True,267.3089999693437,266.9848633342136,268.34821301817453,267.5620512341337,True,True,737.1771632050661,736.6719425378969,738.419486829271,737.2568249112322,True,True,False,False
0.013000000000000001,0.017,0.03,0.022,721.6192174516722,721.6137068150176,723.4611742721206,799.3200190819575,True,True,0.06921076028152942,0.06919991160011588,0.07026944741198136,0.08089569874143956,True,True,9.750718820657228e-06,9.450916523027458e-06,9.772683754786215e-06,1.1412490920903052e-05,True,True,4.666900955363208e-07,4.6645901522210415e-07,4.711926233582758e-07,5.043320249744569e-07,True,True,246.17809500466092,246.1769969029622,246.16204496345802,246.6075624229522,True,True,645.4167802650713,643.8530063055322,645.4063661374913,650.0021816633589,True,True,True,True
0.008,0.027,0.07200000000000001,0.018000000000000002,532.9184582880224,530.7738631571386,533.120511058053,562.486073563489,True,True,0.11402474435804748,0.1106363551839131,0.11403989466450103,0.1325072646481088,True,True,1.8187264330317218e-05,1.8187304911775208e-05,1.8331175266644616e-05,2.013101038912576e-05,True,True,6.69196676251828e-07,6.691928879019657e-07,6.69018198572609e-07,6.758403625880481e-07,True,True,238.3393249137952,238.07400740086334,238.33949407247493,238.720502713415,True,True,623.7750062428516,622.7650608019164,623.7640645185662,623.7305714906337,True,True,True,True
0.016,0.004,0.049,0.021,655.607445440616,655.0966455990205,674.1699496443089,811.1876933941222,True,True,0.0854783896926605,0.08446645708763276,0.08549652515188573,0.12353071685686441,True,True,1.0391939044187269e-05,1.0203913407648827e-05,1.040916962396611e-05,1.5488051717175828e-05,True,True,1.0716509794991841e-07,1.0333043424064647e-07,1.0704189799839201e-07,1.3870426315086406e-07,True,True,239.29605410948054,234.89161213849692,239.11228245459557,239.30782375221185,True,True,627.3139492723751,622.529650252276,627.5198894469235,629.5332234251317,True,True,True,True
0.005,0.09,0.022,0.015,507.70923682496743,427.90236265287615,498.1944958100634,524.6033668197128,True,True,0.07902663569096532,0.07869036413825119,0.07667276481535261,0.09262819443044336,True,True,2.356278688784012e-05,2.356219323744797e-05,2.3060387338960083e-05,2.615083207823869e-05,True,True,2.5289750519394325e-06,2.450968075473135e-06,2.483319942200903e-06,2.8413661940831566e-06,True,True,265.43488280593266,265.0787604900061,264.97691304230057,266.963928051199,True,True,700.9788284046717,700.9670988440034,697.2505424898613,708.1617694648323,True,True,True,True
0.029,0.007,0.027,0.031,1016.9784459671082,1003.3987975977575,1015.0024513852209,1089.780399544832,False,False,0.07049680683681937,0.06712850635047715,0.07072169174688785,0.08130027434821131,True,True,7.21092441436472e-06,7.047948728255294e-06,7.214122869771958e-06,8.323108335698576e-06,True,True,1.9417940117653538e-07,1.9415705277744965e-07,1.9294016687543176e-07,2.1594553476347502e-07,True,True,247.32752193181133,247.32955334261916,246.90799773121213,247.32750098709047,True,True,656.1690398066607,656.1691130764899,652.308185518581,656.1704679895051,True,True,False,False
0.01,0.056,0.005,0.029,1015.7111997894731,998.2332230352471,1021.0860897965852,1336.50461168562,False,False,0.05893750260839959,0.05884403856235841,0.05959805628861981,0.07766161066997979,True,True,1.3475666470979217e-05,1.3476727226962483e-05,1.358591121386174e-05,1.6660106393350113e-05,True,True,1.6288167618857782e-06,1.6200146409544436e-06,1.6349504152271052e-06,1.7209685844871734e-06,True,True,260.64311110206035,259.8727735713638,260.65723144416455,260.59742898163006,True,True,687.3635169459981,687.304287432557,687.3513880939887,692.8101329202968,True,True,False,False
0.061,0.044,0.045,0.048,1484.941691428823,1255.0159995249246,1365.6772170717325,1491.2280721790073,False,False,0.11763732050988784,0.1071231373651267,0.11635825034889315,0.11791407389753651,True,True,1.7462333995181365e-05,1.7013939226817032e-05,1.670559599584562e-05,1.7646361095307833e-05,True,True,1.136446137296235e-06,1.1097249113538488e-06,1.104366620345424e-06,1.1486454360156792e-06,True,True,258.88773196037477,258.88599035071763,259.2104976947354,259.76737587056954,True,True,709.94365878101,709.9416893324092,708.2166305379208,709.9787902530326,True,True,False,False
0.10200000000000001,0.004,0.032,0.033,1063.6450523123845,958.7446876608568,1061.0138187378018,1179.7082949646697,False,False,0.07692556623742093,0.07061290480745892,0.07698320905614713,0.08640441339850773,True,True,7.5796029669439015e-06,7.490134725388839e-06,7.543387891483746e-06,7.578119896003194e-06,True,True,1.1022264988441199e-07,1.0031673755420021e-07,1.0451100486732987e-07,1.1617977770615184e-07,True,True,262.30408283671875,261.3485999877362,262.3302130493324,262.6950249388914,True,True,733.5396777890872,733.5427003828758,734.6215219585475,744.5034220347292,True,True,False,False
0.007,0.01,0.012,0.03,1027.2069152411457,961.1279980716115,1023.7052865872591,1027.2019930699207,False,False,0.052072960315612246,0.047780505797497076,0.04941917363593584,0.052105109737958066,True,True,4.963027846928691e-06,4.924995486766687e-06,4.943659703409284e-06,4.979833367563529e-06,True,True,2.8765800634107464e-07,2.647333882544273e-07,2.876002567583406e-07,2.881897805494175e-07,True,True,246.4533875236086,245.87701574582204,246.4546737846341,247.07276270928423,True,True,642.4815506349564,640.5371025636548,642.3468712888895,643.9786888246864,True,True,False,False
0.036000000000000004,0.105,0.007,0.045,1549.9919757243244,1127.1537146329931,1393.6940610606753,1550.3042033584118,False,False,0.09535795359510435,0.07115615592040246,0.08823384229980284,0.09536936484750012,True,True,2.4273773371150638e-05,1.9166771793740824e-05,2.2561747534555357e-05,2.4257262378555157e-05,True,True,3.00109669403382e-06,2.566388586725508e-06,2.9497318637376526e-06,3.0009901561996533e-06,True,True,277.59987590910805,273.86883522980196,274.6589514000467,277.99932691843776,True,True,753.5014475905799,742.454780002196,744.1472630573604,753.5080504010664,True,True,False,False
0.015,0.135,0.009000000000000001,0.029,1007.9264129181593,998.433969974394,1008.044077331003,1006.5072346607776,False,False,0.09342158091435616,0.09087212733309197,0.09353293897048724,0.09344284028160003,True,True,3.1179393467578364e-05,2.7428385914830832e-05,3.212629457919162e-05,3.12395165096264e-05,True,True,3.8915563148789685e-06,3.700410225968871e-06,4.111408647122274e-06,4.097433492928824e-06,True,True,281.19744722523683,277.18395397627893,281.9925432798938,281.65887039203545,True,True,754.6971063646524,741.670089024811,759.0496500192737,754.695779015074,True,True,False,False
0.027,0.022,0.016,0.03,1015.6338794660172,964.3110193356707,1015.5674815037585,1056.3725523172916,False,False,0.061486509039807576,0.05909937112361704,0.061260752647618225,0.06359699890639861,True,True,8.282994343179765e-06,8.044956691449012e-06,7.987727559272579e-06,9.374825640414995e-06,True,True,6.215120548561734e-07,6.003284818427282e-07,6.118065362760083e-07,6.214353876015496e-07,True,True,253.29510831234637,252.92873675609866,252.9854683098935,254.38606390379286,True,True,672.5950871372019,670.8442082393864,671.1131969341136,674.5208432159701,True,True,False,False
0.052000000000000005,0.021,0.05,0.033,1018.0424003155769,1002.5510328376693,1017.9937099563897,1018.0480148707748,False,False,0.10240147197539802,0.09899004217641867,0.10251238656607013,0.10911208292718533,True,True,1.3846933775438082e-05,1.3678689439904672e-05,1.3839279225012131e-05,1.4569002000875494e-05,True,True,5.425867833705864e-07,5.337545016426734e-07,5.42388397029185e-07,5.426021618073906e-07,True,True,250.9072649964549,250.3758805113754,250.90720749136497,251.07415587065748,True,True,679.9711992146134,677.36077535576,679.9701797283055,679.9711559327193,True,True,False,False
0.04,0.073,0.041,0.032,1013.6395916409601,1000.1721907805459,1013.8928629850791,1013.6418428167884,False,False,0.10967955632582715,0.10541158902902047,0.11014040998308194,0.10969230918260495,True,True,2.26276236234291e-05,2.223025648014834e-05,2.2627608746182188e-05,2.2631781558756285e-05,True,True,1.926781841679481e-06,1.827848353649071e-06,1.926803716034001e-06,1.9270562371919166e-06,True,True,263.5923296347008,263.5865520943362,263.56702494476895,264.0970599592333,True,True,713.8335162692146,713.806173797537,711.7709881895464,717.1094517624341,True,True,False,False
0.076,0.08,0.02,0.015,508.828600091375,420.47052477623674,480.8249985876478,509.10282312538664,True,True,0.07277530999749743,0.06328647650633501,0.07183479360494205,0.0728155748289393,True,True,2.119828757402623e-05,1.9583411092854296e-05,2.0803950968162727e-05,2.1198284018455685e-05,True,True,2.252699310546014e-06,2.1137422119833583e-06,2.1798424758957563e-06,2.2531603478763938e-06,True,True,279.8905010319003,278.1647197537783,279.89018537434686,279.8674366267536,True,True,774.7274521530082,768.1006994422997,773.3370944744429,774.8353823345735,True,True,True,True
0.08600000000000001,0.007,0.077,0.026000000000000002,753.3602253092861,742.9508171510142,752.9865249023674,753.3828659033531,True,True,0.11853348902322255,0.11334973667956794,0.11853638247449431,0.11850789222484526,True,True,1.5242514099477554e-05,1.4788869787914395e-05,1.5233630453923636e-05,1.524293743769339e-05,True,True,1.719597148316941e-07,1.7032710627888001e-07,1.7196459118332391e-07,1.745265012406521e-07,True,True,249.64796495773442,248.26355395275635,249.64638995245178,250.55190499505548,True,True,692.3393831986403,688.9259430462449,692.3453824653708,692.3996079073802,True,True,True,True
0.009000000000000001,0.021,0.085,0.036000000000000004,1019.9190144571638,981.2666723840722,1029.7896829925269,1023.8371655329265,False,False,0.1380580167058668,0.1380016542736297,0.13811553059534853,0.13813474442976587,True,True,1.8741464665467588e-05,1.8757536814375e-05,1.8742328249148722e-05,1.90062044651556e-05,True,True,5.000210688081909e-07,5.000062974775745e-07,5.000481581946402e-07,5.000196621360304e-07,True,True,232.67591028594248,231.1513731723079,232.11593441222135,232.67476472714674,True,True,610.2861312248829,605.4102472791632,610.289315334661,610.2875956910516,True,True,False,False
0.049,0.063,0.045,0.004,129.15914066931597,80.90518810066075,129.14571887930757,129.98945590996868,True,True,0.08585522135175389,0.08586263420486054,0.08584442755304306,0.0959245462483671,True,True,2.1433906586175793e-05,2.1432169790101166e-05,2.1367986890910644e-05,2.344550094527276e-05,True,True,1.6777252267936623e-06,1.677370187478063e-06,1.683677971379621e-06,1.7042827067815673e-06,True,True,264.38908160013676,264.38498470933945,264.38619341656556,264.6783139318911,True,True,716.9978231031823,715.9661032365406,713.3651816791215,725.1901090932093,True,True,True,True
0.034,0.009000000000000001,0.111,0.038,1012.8955386375306,939.6841017408401,1012.6910048648926,1012.9441301069097,False,False,0.15712312089541813,0.1476382535212868,0.15659998734920588,0.15712307591962557,True,True,1.9915031511075618e-05,1.8285166133846008e-05,1.988337787221437e-05,1.994185221893461e-05,True,True,2.034294480241649e-07,1.9267194491026287e-07,2.03950549712946e-07,2.116182376492194e-07,True,True,229.35564222285063,229.12774769054639,229.52113484233072,230.18778718012712,True,True,613.5444791579024,612.4435512989854,613.4914579800483,617.451711336101,True,True,False,False
0.004,0.008,0.009000000000000001,0.017,592.975877078993,588.8958515188754,588.477312192704,928.4686919242139,True,True,0.03423731537899684,0.03386733376723339,0.03420690036392364,0.055664254926125915,True,True,3.871940684909133e-06,3.5160849625276867e-06,4.386174080002006e-06,5.19626709779183e-06,True,True,2.3509590952680734e-07,2.2929159977632419e-07,2.113786328907107e-07,2.6692257309825484e-07,True,True,246.93484102226176,245.76113986428072,246.83507363462368,246.93712322520014,True,True,640.7708307299522,640.3891329516667,640.3510216796707,645.5484898414393,True,True,True,True
0.004,0.012,0.005,0.012,425.14888031241725,418.63261444507157,439.1682387379437,770.0529585182793,True,True,0.024932132644574573,0.022043096451814338,0.026599336850260162,0.04356009579991469,True,True,3.8750652800529995e-06,3.528870082815325e-06,5.376423590112472e-06,6.338012133611244e-06,True,True,3.5606145695610063e-07,3.298613942101753e-07,3.673980996774951e-07,4.766463832791999e-07,True,True,249.26228100424856,248.70438237926606,249.6729368849303,251.49666399576012,True,True,646.9525594499121,646.9402122303959,648.8916066394062,661.1903695701291,True,True,True,True
0.061,0.011,0.076,0.022,641.5080795403884,559.9317972518475,644.2111299538456,648.170180414651,True,True,0.11578890167768999,0.11579621863696093,0.11692323107782825,0.12142244509418057,True,True,1.5823386930092232e-05,1.5823335730058104e-05,1.6169128681040576e-05,1.7527804341895162e-05,True,True,2.703577013112256e-07,2.363705997544743e-07,2.7052784586671317e-07,2.7039824057189246e-07,True,True,245.37834755672603,245.25975735363335,244.64856156608724,245.37968753048648,True,True,668.2332893824496,668.2079510429069,668.210994890576,668.2358940197688,True,True,True,True
0.008,0.165,0.006,0.011,392.4310250982338,392.2585592783827,392.3882039745785,439.50732889477126,True,True,0.08321473502638732,0.07609075502112823,0.08304138977987398,0.08322643363844157,True,True,3.768997463902626e-05,3.3552184393742374e-05,3.776880075336891e-05,3.7857927967908956e-05,True,True,4.8690575012622605e-06,4.053678636089751e-06,4.8684006992575115e-06,4.876033038230767e-06,True,True,289.34977785297036,281.74244395572515,289.3469646177024,289.3901146354733,True,True,774.9587032221674,751.0476450402256,774.9216759024647,777.1701753216165,True,True,True,True
0.02,0.038,0.029,0.013000000000000001,431.1080094206714,420.07577046355385,436.59378288742323,430.486030060439,True,True,0.06693784947999445,0.06692901522488222,0.06776833965700148,0.07705730709138532,True,True,1.3887219700216188e-05,1.3886740810951342e-05,1.388629859590656e-05,1.4280288759624007e-05,True,True,1.048961528937969e-06,1.0488780685920922e-06,1.0472160194860935e-06,1.1060701140745708e-06,True,True,254.13910308016906,253.06991316645394,254.0444926495621,254.5374369838365,True,True,672.0553565178037,669.9650637013366,671.3799396828078,678.3795453451662,True,True,True,True
0.046,0.017,0.064,0.01,303.6533402432549,282.7202097575854,303.67532064697895,322.6915129400737,True,True,0.09614393322497973,0.09614273222359355,0.09564940834181951,0.11041266371204163,True,True,1.5241247406329664e-05,1.5239373577068083e-05,1.524175034875223e-05,1.739713102769453e-05,True,True,4.3191595930381587e-07,4.318724155743227e-07,4.316003511015785e-07,4.4009105544454823e-07,True,True,247.0846564223162,246.85740451220417,247.08477341408422,247.11122531496216,True,True,664.5036673101233,661.0761964775029,664.4973332402723,664.5625776917855,True,True,True,True
0.022,0.032,0.073,0.017,502.40916993992874,501.5407272932956,502.4406839681975,593.1232502096277,True,True,0.11570703732596196,0.11570873802225805,0.1200377386601891,0.13440174579801434,True,True,1.9253291421070208e-05,1.925351183730425e-05,2.0066385146216647e-05,2.071649887718898e-05,True,True,7.909462796082126e-07,7.9095801845374e-07,7.909978804013252e-07,7.913422072829079e-07,True,True,242.74429429712345,242.4813259996102,242.56121446117487,242.74046761396679,True,True,643.2750054576286,641.8090479405342,643.2653346381238,643.2816476754839,True,True,True,True
0.045,0.04,0.083,0.015,433.5555651190673,419.2514219549794,433.3767033333599,433.5618311389799,True,True,0.12587616041236988,0.12568063431969967,0.12665120141316233,0.12588073611360745,True,True,2.2018737387930876e-05,2.066954488147142e-05,2.2114590743319563e-05,2.209746728259329e-05,True,True,9.661785695030948e-07,9.041796120381898e-07,9.66114344457038e-07,9.662255061798574e-07,True,True,248.0487183079128,248.04828673025588,247.76825370045975,248.083598672843,True,True,670.2955786223671,670.2962849579425,669.2218095761503,670.2131788269504,True,True,True,True
0.03,0.061,0.033,0.006,198.7619689229106,173.71564858282068,202.8027824773296,232.4917155428262,True,True,0.07324158352132774,0.07209566957538545,0.07227682310460229,0.08777265688915822,True,True,1.9263919976508265e-05,1.8548019284632474e-05,1.922374607677048e-05,2.1447698167346967e-05,True,True,1.6737295838661475e-06,1.6694366139487178e-06,1.6700155900967715e-06,1.8122725668959942e-06,True,True,262.0161863913503,261.08007308255907,262.0164645265403,263.5861816934999,True,True,700.5556343509131,698.3718247752711,699.8821967552766,707.4773894938077,True,True,True,True
0.021,0.061,0.032,0.015,493.15885357808617,493.0512056937613,492.6365282709202,507.9482980462412,True,True,0.08045868315610402,0.08071585547631338,0.07995309859742075,0.08658574465576983,True,True,1.9051419835561306e-05,1.8982304386515297e-05,1.9050930793974827e-05,1.9369504978592965e-05,True,True,1.667893880169632e-06,1.6678058124867285e-06,1.6853145425765982e-06,1.6991652559599831e-06,True,True,259.4429806344612,258.44931067801974,259.23837650614684,259.4426572186951,True,True,689.8276261161516,688.7515276022941,689.910266793306,691.4736399242627,True,True,True,True
0.026000000000000002,0.024,0.013000000000000001,0.02,688.1573012724114,686.7513305040584,747.0657174640813,739.521648570132,True,True,0.048521332077358946,0.048529121819004734,0.048173815589010544,0.05501471038305605,True,True,8.120555094234342e-06,7.579998503856372e-06,8.103304908564705e-06,9.543107128616418e-06,True,True,6.883471394805166e-07,6.453801935998346e-07,6.882754848681176e-07,7.737362753522656e-07,True,True,255.03461686335748,254.74859526183116,255.03526244651357,256.5707277543763,True,True,676.0363430622789,675.8994621532195,676.0768839337095,681.363967081431,True,True,True,True
0.004,0.02,0.03,0.012,397.1031812350179,396.30453983169366,389.2795855934049,525.3211130794834,True,True,0.060894796238282096,0.060865164557585935,0.06089081218073588,0.07971339330390605,True,True,1.0356954087611452e-05,1.0340345165998505e-05,1.1261879422737199e-05,1.3976287995698342e-05,True,True,5.526971082996311e-07,5.527109076955221e-07,5.528453168527718e-07,6.635369799886618e-07,True,True,245.62787463850222,245.11288347646047,245.6811733258871,246.34413210976123,True,True,638.8248588907281,638.147006159307,638.8159811077013,641.9405333721467,True,True,True,True
0.019,0.057,0.045,0.023,726.0060202997375,685.184979386913,726.042922867344,730.5497207734414,True,True,0.10070147572496672,0.0997022153954565,0.10334271119550831,0.10757651931610045,True,True,2.0103778739516723e-05,1.9754887792583373e-05,2.027690917676378e-05,2.1111735757444548e-05,True,True,1.4998553115587883e-06,1.4432452885953392e-06,1.513517207522875e-06,1.5356282023241775e-06,True,True,254.36928102587171,254.0522746794885,254.374523921871,254.39907344408587,True,True,675.7561556135871,675.7333311739351,675.7578988782577,676.8816087702384,True,True,True,True
0.066,0.005,0.03,0.046,1478.6799296398842,1390.1568819783874,1486.41195107248,1514.9924781448665,False,False,0.08689992126204084,0.07903773883517629,0.0873124894582605,0.08851027658425296,True,True,7.415174433041881e-06,7.415779729131639e-06,7.491151447841896e-06,7.433899384843799e-06,True,True,1.3674708806915815e-07,1.3676598397982912e-07,1.3779618940817594e-07,1.436811642076582e-07,True,True,253.5995940122367,253.4172745687277,253.60911600783123,253.98006902691353,True,True,693.0384422357101,692.1795495079639,691.7322699935722,694.9261607282102,True,True,False,False
0.009000000000000001,0.066,0.04,0.032,1017.1160697546106,945.8371314982555,1017.8418537921938,1124.0450972140407,False,False,0.10637852239813925,0.1063795643465587,0.10652508349929096,0.11766907122768651,True,True,2.1106597439543656e-05,2.1104870415484328e-05,2.1113675270212166e-05,2.2801628945707554e-05,True,True,1.7483149636960248e-06,1.763529389972976e-06,1.74887231927741e-06,1.8377834669327863e-06,True,True,254.78458255916712,253.8304910216343,254.79060785740495,254.78488861306087,True,True,673.5183004615212,673.5015927515307,674.8848224755833,673.6252584560383,True,True,False,False
0.022,0.028,0.04,0.032,1014.9073538616058,1014.9031890576948,1014.2454622150017,1070.918157687111,False,False,0.0934097418805449,0.0933887887716726,0.09337055697125257,0.10193473552282499,True,True,1.3615373013018018e-05,1.3468175194363581e-05,1.3622374043997177e-05,1.5354139525843796e-05,True,True,7.420620157646318e-07,7.420807758273675e-07,7.420810628461029e-07,7.89755742033379e-07,True,True,248.05451976612744,248.03764433033973,248.05481114381223,248.1164973602656,True,True,657.5095741080515,657.4969500803503,657.5189381666609,658.760483141176,True,True,False,False
0.015,0.037,0.08600000000000001,0.036000000000000004,1018.0059490652492,998.2804060937505,1017.9665961882279,1017.7486769226329,False,False,0.14375263364296556,0.13114896122711892,0.13878468840274916,0.14375395847601755,True,True,2.1694036498030834e-05,1.914612956963037e-05,2.1612545423905448e-05,2.169430897467734e-05,True,True,8.771996924769633e-07,7.964251066855907e-07,8.521759527971016e-07,8.791175365905704e-07,True,True,237.95846734318815,237.9584630736677,240.10315783977236,240.60981657808694,True,True,629.4826237988964,629.4804105529512,630.77410338834,634.127850194582,True,True,False,False
0.05,0.082,0.008,0.029,1006.7472151708803,1004.3368918784411,1003.4066327330644,1011.8817148165892,False,False,0.07237681781003023,0.07237654579551603,0.07237649845938977,0.07237863309057144,True,True,1.9631373812706665e-05,1.902275145917569e-05,1.963169078174988e-05,1.999114758060744e-05,True,True,2.3625751497501087e-06,2.2758672595140063e-06,2.36389213470233e-06,2.4937850522852038e-06,True,True,275.97351412474546,275.23023181429613,275.97662779408125,277.93587903139303,True,True,752.1250942393559,751.5487624843464,752.1569189285738,759.4725635165256,True,True,False,False
0.124,0.015,0.017,0.033,1107.0295547351416,1107.2567454883233,1111.9232602927013,1107.0002930383635,False,False,0.0628810170923315,0.06299354366486955,0.06075392674410932,0.06292168172569598,True,True,7.116191989162725e-06,7.11614856561529e-06,7.117575890926317e-06,7.0992216182281034e-06,True,True,4.2071058429617784e-07,4.186442711707467e-07,4.203557248549563e-07,4.207922862022212e-07,True,True,273.67491452429795,273.54989932924497,273.279946472937,273.67592519484447,True,True,776.2068814363626,774.2491940344939,774.5962993167282,776.2113467942622,True,True,False,False
0.064,0.005,0.026000000000000002,0.048,1557.289907719199,1406.000395437379,1557.2516664027235,1557.2692414220187,False,False,0.08422451418523844,0.07590076045570913,0.08438219250147454,0.0842709605960828,True,True,6.7116155614876685e-06,5.993762956549899e-06,6.711567517645748e-06,6.740295779551444e-06,True,True,1.3796935944377887e-07,1.3727530083748354e-07,1.3796955542898382e-07,1.3841269201161351e-07,True,True,253.88936085541482,253.79085567399824,253.5737509779816,253.93797787349504,True,True,692.8646532877278,693.0639389648894,692.864707830392,696.1930337600025,True,True,False,False
0.029,0.057,0.044,0.02,634.2104641435945,584.7414061629092,634.3182317492048,668.8006045071935,True,True,0.09696925961035838,0.09696773722184439,0.0985100829636147,0.10913705683515727,True,True,1.9993844917185543e-05,1.902575001935694e-05,1.9992129465662516e-05,2.073203370576507e-05,True,True,1.5060961360797084e-06,1.4998613531543045e-06,1.5061000692858715e-06,1.558683812548681e-06,True,True,257.16538700018594,255.64241112741968,257.16755840732276,257.16004403111987,True,True,688.0670170407803,684.8596443420096,687.6265174973068,688.0671454788916,True,True,True,True
0.004,0.016,0.024,0.031,1026.6374120487317,913.4638171407714,1016.7055921125074,1054.9884806831037,False,False,0.07015622688048628,0.06957752861854508,0.07015749225496119,0.07742847430514219,True,True,8.487509429774017e-06,8.487540610734137e-06,8.508973249178217e-06,8.738765721652958e-06,True,True,4.4359730968694246e-07,3.7105359031186983e-07,4.437008550148545e-07,4.505966826846653e-07,True,True,244.4876616719509,243.04901073938146,244.46099508631048,244.50996576170417,True,True,636.8006463344598,636.7837181110918,636.7894105062497,636.8084093992495,True,True,False,False
0.027,0.005,0.123,0.039,1012.495993137244,986.7723916485329,1012.8290282375775,1012.5443281322043,False,False,0.165770760448218,0.16185989728433486,0.16577728430362998,0.16578529426686164,True,True,2.0662302667060966e-05,2.0472762903532594e-05,2.0661866399800696e-05,2.075952986485362e-05,True,True,1.1124669574761588e-07,1.1001154309728606e-07,1.112648964867706e-07,1.1126765700273338e-07,True,True,223.88548200173372,222.5924825272055,224.5769893510995,229.11036240045055,True,True,595.2127019837417,589.2550155506299,595.3391090018306,610.2102513172666,True,True,False,False
0.036000000000000004,0.039,0.02,0.048,1586.6529724409363,1201.6510602599217,1569.3289566144385,1592.797747352168,False,False,0.08941364372059067,0.06940587220267017,0.09000961361604547,0.08990934506753726,True,True,1.2530947832070274e-05,1.0716714824388252e-05,1.2548267512157453e-05,1.2532559501359917e-05,True,True,1.0737700700647127e-06,9.766279032343744e-07,1.0751537352672873e-06,1.0790711310644964e-06,True,True,257.4543672679295,257.2664502542215,257.4040974168384,257.86538215449286,True,True,692.0895493195513,691.1258831190383,692.0960431955591,692.0982231690961,True,True,False,False
0.065,0.008,0.023,0.031,1026.6233580277708,1004.6720130195309,1026.7941418813393,1083.9720424322581,False,False,0.06596466099824404,0.06288490041976735,0.06527154643858235,0.07618960227177968,True,True,6.723611628618192e-06,6.723644026534932e-06,6.580021128005129e-06,7.2763235824314205e-06,True,True,2.2331076542243185e-07,2.0367205897493905e-07,2.2067615346786088e-07,2.2331024241720844e-07,True,True,256.89756405263716,256.89922507407886,257.2708682918092,256.8976512430978,True,True,700.2304423246036,699.9285446432281,702.0086325544509,706.0512292326915,True,True,False,False
0.024,0.077,0.047,0.048,1481.4546396115056,1141.8674843354336,1354.002362904972,1481.4120371553622,False,False,0.13070733827189066,0.11452908222855693,0.12451635132540198,0.130735233306852,True,True,2.406825454364176e-05,2.175087728563313e-05,2.3495398965330117e-05,2.4064742329223304e-05,True,True,1.9823194549349585e-06,1.7782807806919985e-06,1.7563022850591313e-06,1.9841939217738415e-06,True,True,258.27548507695974,258.24184760504534,258.2759146561777,258.2747620199661,True,True,693.4568594429111,693.4577665420373,689.8216429125019,693.7420633243529,True,True,False,False
0.053,0.089,0.018000000000000002,0.03,1012.2326400249124,983.4556083208151,1056.3115502914866,1031.7059128575656,False,False,0.08803981970936342,0.07979303208837359,0.08803921017551865,0.08804192027317162,True,True,2.2658440298641624e-05,2.225276210042317e-05,2.2669802346891434e-05,2.2655266932393103e-05,True,True,2.49480738877942e-06,2.3825951119925647e-06,2.4956458987805406e-06,2.5484516161859518e-06,True,True,276.12242171874976,274.8702051943388,276.1247483829487,276.12248363661536,True,True,755.2424537526156,751.8983423546188,755.27870744056,756.0570248098372,True,True,False,False
0.01,0.098,0.018000000000000002,0.03,1014.3736882123287,1014.3521464385489,1014.374540068357,1087.0374650813771,False,False,0.09144575618064592,0.0914419502640957,0.09025462528057501,0.09622794920683393,True,True,2.45271409419162e-05,2.434690602862659e-05,2.4528430818465734e-05,2.5598366608979273e-05,True,True,2.752678055614056e-06,2.7363371896806673e-06,2.753053855697392e-06,2.7782455180322475e-06,True,True,268.3981599142008,268.39270474646685,267.51149653706057,268.6593417491314,True,True,713.6680210634629,713.6668952617814,713.5118303101574,715.2208918334007,True,True,False,False
0.029,0.005,0.004,0.029,1015.2727749267785,1008.8404959866907,1012.9253311009637,1304.6202703669078,False,False,0.03850612704695984,0.03641819457347372,0.038485900427794886,0.04367524441599022,True,True,2.2670065422068055e-06,2.2542933080007217e-06,2.2567232542913156e-06,2.6159151883971867e-06,True,True,1.4874926660423375e-07,1.4790496773870184e-07,1.4277389118326421e-07,1.5531085173711636e-07,True,True,252.2020542711492,252.04785673392976,252.2018605123715,252.82811943540395,True,True,668.2304277551586,662.6088695907661,669.3037790341936,672.9969514751771,True,True,False,False
0.043000000000000003,0.052000000000000005,0.041,0.032,1012.5814103494547,1011.0040165308807,1013.3008199543341,1040.6094315418675,False,False,0.10254425893678028,0.10240737249441788,0.1031546177305673,0.10650882606011118,True,True,1.850517127255552e-05,1.8505735607907436e-05,1.888350149912716e-05,1.879301788964699e-05,True,True,1.3720869882591595e-06,1.3647422797163508e-06,1.3833970029484182e-06,1.4023637422199618e-06,True,True,258.896353535593,258.62389478718455,258.8965086551496,258.89647111778044,True,True,700.2341880601016,700.2361139904242,700.2088176100729,702.0705748669527,True,True,False,False
0.006,0.006,0.025,0.031,1023.3144449530338,993.1212061016613,1022.7179469998168,1065.2973453710915,False,False,0.06781893042505788,0.06775828684926674,0.06745126524366175,0.07164665014978869,True,True,6.617652258357644e-06,6.581546386748716e-06,6.634377574269458e-06,6.886014866156122e-06,True,True,1.6802127798974658e-07,1.6543819528245234e-07,1.677720053642338e-07,1.672964771231807e-07,True,True,242.15752583657837,241.11938221867635,241.9694598648055,242.36823604317524,True,True,630.386880449173,629.895150897406,629.9457185836222,631.1497560215943,True,True,False,False
0.062,0.018000000000000002,0.016,0.046,1536.4488576232734,1272.168736820759,1480.2807113972497,1536.2399305137465,False,False,0.07531713034737039,0.06323090077308974,0.07284729864356952,0.07531682222180831,True,True,7.506141583695062e-06,6.827109777912025e-06,7.506826954620982e-06,7.507400049942845e-06,True,True,5.022817962997368e-07,4.2827604704558e-07,4.934052782116357e-07,5.06974122564192e-07,True,True,259.1927787578494,258.0836174058424,259.1972486114006,259.1927997455591,True,True,707.2035995401219,700.4721249566688,707.199776240133,708.3084872613152,True,True,False,False
0.032,0.033,0.019,0.046,1526.7347953884848,1153.6428640664856,1522.5285440206185,1526.8523026371413,False,False,0.0842853096872702,0.06687202032722928,0.07983538897219265,0.08436251539825296,True,True,1.1114044512933872e-05,9.205628646183462e-06,1.0199673848599527e-05,1.1115226481640545e-05,True,True,9.126973195557167e-07,9.049211379821936e-07,8.578278233269399e-07,9.173993815759835e-07,True,True,255.36353301256892,255.18973848761783,255.3686217333639,255.3635204998128,True,True,683.5081607879259,683.5083203922086,683.508288382236,683.4321225489809,True,True,False,False
0.008,0.011,0.004,0.009000000000000001,320.5032595039508,300.96339731275503,319.84067965275864,475.8775560751423,True,True,0.019945586040380377,0.018664566942209547,0.019835449069330723,0.038850937671935815,True,True,3.431917707411347e-06,3.3325472080358223e-06,3.3818963917335093e-06,7.290760003191991e-06,True,True,3.2830854203021166e-07,3.178897465456074e-07,3.296304928681957e-07,4.830340912066598e-07,True,True,250.39574231291567,250.24624869648858,250.33668791077287,257.24759478784387,True,True,651.6316166180869,650.5014207633255,651.1159393027644,686.2576923996746,True,True,True,True
0.006,0.035,0.024,0.047,1539.5478088061095,1196.104410060398,1523.3307382266607,1542.4904624771418,False,False,0.09171644904441648,0.07654681133022587,0.0919595705771041,0.09189621487031747,True,True,1.2354132059722458e-05,9.404996202992653e-06,1.2371192198348808e-05,1.2349889645747651e-05,True,True,9.558309088002002e-07,8.587327086250988e-07,9.55312003444052e-07,9.567211989825003e-07,True,True,248.59313897621772,247.5085134257105,248.93479913460752,249.82165971095148,True,True,652.5376392377732,651.7499942157826,652.4997913708842,653.1594536833268,True,True,False,False
0.005,0.023,0.153,0.006,151.5359616982692,121.3038554937909,147.0963990154772,162.52930128604723,True,True,0.17074220485135472,0.1374561097051975,0.16648745124872105,0.1704884464135347,True,True,2.693591559355025e-05,2.399288566931433e-05,2.7024258751605948e-05,2.687686667019294e-05,True,True,4.830753916389032e-07,2.623022586070517e-07,4.832147480321422e-07,4.898254558207587e-07,True,True,219.11604473347543,218.14416530366296,219.64406236153073,226.09903001242043,True,True,571.2343483244437,571.0063442028294,575.5123564592318,586.2758844024802,True,True,True,True
0.07100000000000001,0.007,0.021,0.012,405.5109628165777,405.4680717494876,388.63800675553165,495.16585661068217,True,True,0.04479714655447287,0.042901670555065684,0.04093702958352556,0.06028268091519256,True,True,6.087876123176989e-06,6.001494292864528e-06,5.720518104819739e-06,7.645748410402626e-06,True,True,1.9956607860884076e-07,1.927878955410314e-07,1.9858334625675396e-07,2.073951798998596e-07,True,True,259.9751824448683,259.7135394126005,259.63893628753914,261.63321043507983,True,True,709.6991792952161,707.5267985979889,706.5752370983738,718.2564810070994,True,True,True,True
0.045,0.095,0.025,0.018000000000000002,601.9430275823402,574.2435352356459,601.9564452444356,602.5924330656688,True,True,0.08708049105811475,0.08551317046586002,0.08605935216401853,0.08707879862195632,True,True,2.5012135331908735e-05,2.3957287769708837e-05,2.504162823158199e-05,2.5190233070699863e-05,True,True,2.6387200694076356e-06,2.532750467516947e-06,2.639617084966375e-06,2.638777622183408e-06,True,True,275.13971174942776,273.2229388175128,275.1059526149615,275.14051171932556,True,True,748.3696933050198,747.4257802751531,748.8322797742211,748.3749674486978,True,True,True,True
0.057,0.068,0.017,0.044,1471.400571610011,1317.4541801223631,1470.7882846485652,1471.6314688319205,False,False,0.09250551331336256,0.08048603146699326,0.09253789211333247,0.09252203614030503,True,True,1.8023108322357042e-05,1.7675049233919133e-05,1.805714955606338e-05,1.819148696902737e-05,True,True,1.8905322580573296e-06,1.8343342388598243e-06,1.8356123213463488e-06,1.9133159785021077e-06,True,True,270.80002757069326,270.59309979654614,271.3932096918791,271.2002619048059,True,True,741.6758152197954,739.2636116162918,741.8710914364437,741.6840740145883,True,True,False,False
0.046,0.041,0.076,0.031,899.6643984500097,837.1072659960738,904.2071619987606,941.8713028642934,True,True,0.1322686000014311,0.13204497790452524,0.12951282523292248,0.1329638912716904,True,True,2.1203202202089484e-05,1.9496481730295293e-05,2.120330095629716e-05,2.1641690642873788e-05,True,True,9.960341089693023e-07,9.410920353049127e-07,9.96015652759459e-07,1.0150041898458794e-06,True,True,248.88607835958555,248.79803909972594,248.78253857095652,249.18555328187776,True,True,674.4027321321431,671.0987252067334,672.8524349151475,674.5963323844276,True,True,True,True
0.021,0.075,0.052000000000000005,0.024,744.1670916076483,722.4783305447961,748.6591901457278,757.6764979547446,True,True,0.11481115253180108,0.11349000110412567,0.11482168022882042,0.11796923596981826,True,True,2.453720173983294e-05,2.4537197676247024e-05,2.4554334731139358e-05,2.5835897590984723e-05,True,True,1.938781182083324e-06,1.818180936137276e-06,1.939327588301091e-06,1.938615343678941e-06,True,True,257.7918705052852,257.50652101704054,257.80047028507056,257.7922621963268,True,True,688.400502143709,686.7163606437033,688.3931104182603,688.4008248021147,True,True,True,True
0.005,0.021,0.101,0.022,606.949395816938,588.3747246943373,604.4593460633016,619.9437990180012,True,True,0.14130401268374285,0.14131019764633715,0.14133195350271907,0.15281352312092306,True,True,2.083005545342843e-05,2.079889022359993e-05,2.0830913787338347e-05,2.255861048268974e-05,True,True,4.869305180581049e-07,4.869382891547948e-07,4.876358898136567e-07,4.875857068100617e-07,True,True,229.18814857757945,226.89255416898988,229.22343312320726,229.09840408225247,True,True,598.07609074481,586.1886996770551,598.0826653464508,598.0916688522119,True,True,True,True
0.073,0.007,0.047,0.012,378.7167047025453,378.71864607496195,383.82349194406123,407.06872683662715,True,True,0.07617860964080601,0.07340888928310435,0.07611057226266219,0.09181358113176323,True,True,1.0695538222611268e-05,1.0264928421691601e-05,1.0693722768675726e-05,1.1904315851901405e-05,True,True,1.8663206993833522e-07,1.8663339982440652e-07,1.8663344129780478e-07,1.8639469225304007e-07,True,True,254.5280988692122,252.83571167412697,254.52850320362273,254.5317363476476,True,True,696.7806196224363,695.2846597435657,696.6218054806847,696.657973195561,True,True,True,True
0.122,0.004,0.031,0.004,132.78891231999785,132.77586007115028,165.36732709398873,188.9756490062118,True,True,0.04866955583758855,0.048669521353979145,0.05196727848837231,0.06492868060107208,True,True,7.36174296531028e-06,7.298602946178724e-06,7.542948822470339e-06,9.072052032724526e-06,True,True,1.1274331906088114e-07,1.1274214187518485e-07,1.203848537900717e-07,1.2668307969698852e-07,True,True,269.45405365725907,269.3120175448181,267.6189866621293,269.73408154068426,True,True,760.3447035812154,760.044670620954,760.3542278768266,762.0466899077378,True,True,True,True
0.021,0.04,0.004,0.048,1659.5972582639015,1184.45536048435,1546.925637183598,1660.1001461901853,False,False,0.07065858192546275,0.06251662173685353,0.07066393790018931,0.07054269019487439,True,True,9.840815831594428e-06,8.523154970284816e-06,9.803425832646233e-06,9.847714037210426e-06,True,True,1.149663371240734e-06,9.58766458959684e-07,1.126707997918484e-06,1.1692040523955848e-06,True,True,257.847374998127,256.0327941026411,256.86912084617086,257.8467134467328,True,True,685.1989210467117,675.5711141166356,684.1184550149344,684.8011691596776,True,True,False,False
0.08700000000000001,0.034,0.004,0.008,284.6885176682328,283.2514759928257,278.7017252387131,331.45673191121386,True,True,0.027528547330276855,0.02639733497981454,0.027297770888208922,0.039497370042073925,True,True,8.57074073264134e-06,8.12267578154053e-06,8.571088539624298e-06,1.06207635252818e-05,True,True,1.0047509216794624e-06,1.0024602935621468e-06,1.0011868084276704e-06,1.0665191856123096e-06,True,True,274.82102373614686,274.98285544876893,274.81893307748237,278.9774979594646,True,True,760.160243527662,760.1699609109529,760.0656519517551,778.7538737446165,True,True,True,True
0.004,0.021,0.044,0.004,129.2259988009174,111.49031412201302,127.87929505801567,157.61361185122996,True,True,0.07050611566288126,0.06944107819129433,0.06965124284828533,0.09534319783322975,True,True,1.2916192200475095e-05,1.2893551663301002e-05,1.277027242311051e-05,1.78821715378121e-05,True,True,5.629862007211696e-07,5.547928174175054e-07,5.627594349324313e-07,6.130464574984998e-07,True,True,243.32426233862216,240.38819105001448,243.39295039326765,243.3553047642006,True,True,632.4181787686038,632.4160140742873,632.344086971432,634.1072316731992,True,True,True,True
0.036000000000000004,0.043000000000000003,0.07200000000000001,0.025,735.9627658256873,735.9716076593528,735.7742842634049,752.2681167538757,True,True,0.12456171816778439,0.12179501463967819,0.12414719050789157,0.13064005438112292,True,True,2.1095829551709928e-05,2.1096687005962274e-05,2.0970974639720707e-05,2.1191489496276565e-05,True,True,1.058673883767105e-06,1.0243870355448982e-06,1.0579109314838456e-06,1.0988145051613868e-06,True,True,248.44412674080442,247.56440687225947,248.43655785688998,249.28058333558087,True,True,667.7194193486206,667.615709852332,667.7167467185357,669.2801944774919,True,True,True,True
0.076,0.026000000000000002,0.08700000000000001,0.006,173.73064750100693,173.7258327785169,171.32512515130287,173.70513656923362,True,True,0.11812621324764276,0.11813182567352543,0.11872734219153405,0.1181722755380959,True,True,2.0082144208995956e-05,1.9129873067083648e-05,2.011717559705665e-05,2.0148493548095067e-05,True,True,6.25792596657858e-07,6.258748576380258e-07,6.1268021691331e-07,6.257995976984339e-07,True,True,251.47909551494033,251.47915350208612,251.50576343909066,251.79924449424146,True,True,692.9338413538109,692.9352297742713,693.0785698517524,692.9334658241255,True,True,True,True
0.006,0.041,0.05,0.005,158.92371495974783,154.71164920485958,162.4295330231365,182.74828702316978,True,True,0.08496988753335426,0.08496366494442427,0.09287855151845784,0.11616340426843506,True,True,1.7788054026850413e-05,1.778703187628437e-05,1.7762296617545084e-05,2.268552735230294e-05,True,True,1.0796394332912821e-06,1.0794611117066951e-06,1.0794741120584172e-06,1.245598639037389e-06,True,True,247.48813082369938,244.7288048570582,246.90918970662605,247.57748639568064,True,True,647.2683694126993,645.5185390360482,647.2563866458455,648.2229433230141,True,True,True,True
0.051000000000000004,0.022,0.084,0.014,403.6744577026478,363.7474918313961,404.5737523042772,407.2315597299335,True,True,0.12043619656911093,0.11788668582022759,0.12050945724834744,0.12641322379830938,True,True,1.892137322470129e-05,1.819214464116194e-05,1.9141528792365864e-05,1.968982941254258e-05,True,True,5.313136519738895e-07,5.313073683343119e-07,5.312178884898139e-07,5.320295958695703e-07,True,True,244.67520189114452,243.81136056911953,244.56864456801821,244.84821001198225,True,True,662.0686306734511,660.4865660375257,662.0624071230811,663.3088110647657,True,True,True,True
0.073,0.011,0.044,0.017,538.3431016223087,508.67240847149816,538.2543187707428,577.716862182419,True,True,0.07860130540681035,0.07716947705912583,0.0785942588846098,0.09217145646904862,True,True,1.0983566482015393e-05,1.0902522257240621e-05,1.0966281797593545e-05,1.2446477528708998e-05,True,True,2.9271261019022504e-07,2.7541338072120894e-07,2.926875880260775e-07,2.9663491747378293e-07,True,True,255.84853352509342,254.0383194489588,255.8498818920546,256.2880870843403,True,True,701.1701611382796,699.2192532244982,700.1230985727522,701.2723927413012,True,True,True,True
0.07200000000000001,0.019,0.029,0.015,495.0814175785234,495.1476982991718,494.88343374022577,533.4612840146535,True,True,0.06199812257756224,0.061884100670552986,0.06196436589776691,0.0723828407607042,True,True,1.0040752032751882e-05,1.0040763012202419e-05,1.0134369755446294e-05,1.1799154205132899e-05,True,True,5.238011110962079e-07,5.237777079699206e-07,5.232985156618953e-07,5.467956475232561e-07,True,True,261.2372872913506,260.9869730397076,261.2205457902048,261.23753208344647,True,True,715.5175551529661,715.5161768420413,715.5182634508997,715.5707156829116,True,True,True,True
0.046,0.053,0.02,0.046,1523.1288241666432,1252.448951162902,1523.5250149760031,1523.1978716104256,False,False,0.09248517455147126,0.07033372667620522,0.09275409545962505,0.09249398516212168,True,True,1.5398250917708178e-05,1.4789844446761823e-05,1.5400156548032917e-05,1.541703254292099e-05,True,True,1.4603787837020256e-06,1.3551884529281046e-06,1.472481566315551e-06,1.5137490173891945e-06,True,True,263.5404221930598,263.540418022322,263.8432122092395,263.6207368791994,True,True,715.0350173996779,714.6218541661055,715.0551267103739,715.0362313780782,True,True,False,False
0.1,0.028,0.005,0.009000000000000001,318.7907396189158,301.17839126890607,318.7607920830943,391.30126317335254,True,True,0.027728330090080144,0.027473146918027512,0.027756241890802277,0.0355957492567116,True,True,7.470100110642651e-06,7.283386660570661e-06,7.463355564252523e-06,9.39542943796091e-06,True,True,8.244242748055474e-07,7.948559909842731e-07,8.227064969503805e-07,8.412005475287441e-07,True,True,276.0090175384039,275.72417092750464,275.97584220461454,279.6905859862563,True,True,769.3684570310259,768.2980543019128,769.3619532571022,786.0857424260292,True,True,True,True
0.105,0.031,0.01,0.011,383.51177126029114,305.79229153074573,379.5458874643664,412.1209870876204,True,True,0.03787841429509232,0.033584784603895246,0.035917279770362416,0.04038957834714862,True,True,9.112328580670414e-06,9.11338970802257e-06,9.045143152538213e-06,9.97074177584407e-06,True,True,8.984659221958084e-07,8.984658710768658e-07,8.98411805416327e-07,8.985243502363574e-07,True,True,276.6533307985712,275.44038940268234,276.64879176045855,277.4916280251678,True,True,774.3164189073484,772.1755166570359,774.3080557766679,778.7887935814517,True,True,True,True
0.029,0.075,0.061,0.022,667.8443196630084,661.844909758124,667.1922868839466,673.0463666898813,True,True,0.12198077295818048,0.11967883411584058,0.12198000802429364,0.12198829031375528,True,True,2.568830422928676e-05,2.519644207558195e-05,2.5717898301228153e-05,2.6061965775040723e-05,True,True,1.8991634239332215e-06,1.8477172354513039e-06,1.9374970482205944e-06,1.899170665772182e-06,True,True,257.76495057851065,256.9484597040203,258.171585664206,257.76836550048705,True,True,692.4727175780113,692.4742356941983,694.065441950689,692.6976886927787,True,True,True,True
0.028,0.077,0.008,0.046,1577.250197968932,1160.696204221458,1512.0938569082343,1577.212413048691,False,False,0.08723036354554947,0.0668894284804755,0.07968336297333478,0.08723629279780819,True,True,1.844944732136233e-05,1.3859212054525238e-05,1.6421257377493254e-05,1.8425914250390906e-05,True,True,2.1922536039365267e-06,1.9631808763096056e-06,1.9854900055120635e-06,2.192531004104758e-06,True,True,268.2355061378062,265.4347248536621,266.3787941207028,268.24756269044445,True,True,721.028154466693,718.2904194801556,709.5060033182085,721.0257711108646,True,True,False,False
0.063,0.026000000000000002,0.059000000000000004,0.048,1432.8766915214817,1183.8903553445405,1258.94479482803,1432.9857690226354,False,False,0.12528701219135843,0.11441774047349954,0.12082031727874167,0.12537182735127958,True,True,1.610138428060753e-05,1.448380268496511e-05,1.6101571366865185e-05,1.6102691695366812e-05,True,True,6.500946124988476e-07,5.941472551493247e-07,6.568484304549259e-07,6.501012890589491e-07,True,True,251.5448892820297,251.54403700840177,251.55277804199642,252.86491644411467,True,True,689.4555128231752,689.439775677847,689.7017692760916,692.008974943628,True,True,False,False
0.006,0.054,0.004,0.045,1561.381731303374,1063.7080244823019,1599.1063924061284,1635.340656478912,False,False,0.07292005827812884,0.07050232796743913,0.07294182143638848,0.07733616067478913,True,True,1.2841410273542281e-05,1.0545552525218922e-05,1.2350005973440291e-05,1.2888738674691514e-05,True,True,1.5562521291738962e-06,1.1885823218154592e-06,1.5374112394909595e-06,1.5886536072004259e-06,True,True,258.1800019273186,254.91718927036024,258.17444494873587,259.96526015667945,True,True,679.8557327706804,670.4885744835457,679.817799255264,682.3596430425338,True,True,False,False
0.008,0.052000000000000005,0.07,0.046,1342.836888001903,1108.9403121038497,1287.4926254049094,1342.870677822776,False,False,0.14221348500868586,0.12767728192919128,0.13366955575697761,0.1422139965272972,True,True,2.232215107120183e-05,2.0745333845519072e-05,2.235854293349222e-05,2.232229304164871e-05,True,True,1.27013270288981e-06,1.0407342423367917e-06,1.271365653478548e-06,1.270647957910659e-06,True,True,243.03997871016773,241.8302678143964,243.44332092666158,244.23025788010017,True,True,641.8230585216489,640.5728721236301,641.8112053327782,642.2349252771223,True,True,False,False
0.054,0.032,0.062,0.047,1394.5021315993947,1153.445367492749,1365.0709658659332,1412.3263085010162,False,False,0.12923972882497073,0.11489558912675546,0.12944312945303763,0.12923576827607686,True,True,1.760926749766789e-05,1.663415952789666e-05,1.7163220591067878e-05,1.761511202006764e-05,True,True,7.948471485276968e-07,7.435151017689019e-07,7.806705809843855e-07,8.253391904227683e-07,True,True,250.3819076984588,250.0864191965486,250.53420468476446,252.55268647645602,True,True,682.455435387562,682.4555116554902,682.457975656954,686.8616296075886,True,True,False,False
0.067,0.022,0.088,0.006,173.34304983510083,173.3177804557539,173.54442948266149,173.22899289682337,True,True,0.11786144931754881,0.1176552952734077,0.11767047474851468,0.11786748334809005,True,True,1.9492942959452023e-05,1.8779399003971188e-05,1.9466856203012687e-05,1.949323990202215e-05,True,True,5.28851780938004e-07,5.271150835885663e-07,5.283799534966592e-07,5.320384956051737e-07,True,True,248.12230945423573,248.12225415977053,247.99459674430034,248.52268650865747,True,True,678.8803077125436,678.7465660174398,677.5708117033996,682.6516001946538,True,True,True,True
0.047,0.004,0.109,0.022,595.0640345571608,562.4950786874161,598.4607767459087,636.4152650136206,True,True,0.14274776713989296,0.14264101582213662,0.1427597340976558,0.1427538193420308,True,True,1.8924150542055273e-05,1.791632128000155e-05,1.8903172770819127e-05,1.8929033177636536e-05,True,True,9.30192075589638e-08,8.37719207739327e-08,9.750737661778073e-08,1.0501908390210309e-07,True,True,232.80573717542168,232.32357331348067,233.24144422938397,237.89265013134408,True,True,627.3687691679187,622.3425443286602,631.0788889674416,636.2119936683193,True,True,True,True
0.073,0.041,0.039,0.02,640.9515929608106,605.7727564061803,637.0974289066273,640.9673910962636,True,True,0.08588797240385575,0.07218913668137465,0.08734631120241951,0.0887987219397127,True,True,1.6104198804929754e-05,1.5192214653108938e-05,1.610393004323556e-05,1.666802053351929e-05,True,True,1.0952020587655517e-06,1.038195119575747e-06,1.0953722965959893e-06,1.1039853195848963e-06,True,True,264.46138356008953,263.6425456061006,263.5454920213434,264.4690500376155,True,True,728.0302798792002,727.419896196024,724.12645836195,728.0304291841923,True,True,True,True
0.042,0.03,0.038,0.004,131.0992734402738,91.42531604341214,130.6914340217197,139.0850262549167,True,True,0.06646229602279939,0.06645338577709888,0.06677025109812099,0.08411919378965059,True,True,1.3770977243758731e-05,1.3768013662943363e-05,1.415297656102452e-05,1.7500160628527144e-05,True,True,8.140718133951628e-07,8.138342486745881e-07,8.528509736185988e-07,8.161274758979367e-07,True,True,255.87161962117793,255.58490619481827,255.71012294228282,256.35699788498783,True,True,686.4029397648352,685.9807898066879,686.3122572251956,692.5068749701029,True,True,True,True
0.028,0.007,0.107,0.021,571.3670408476918,571.350670150397,571.3872819484375,586.8107707989745,True,True,0.1413481674211772,0.14134918509834926,0.1413645267158695,0.14231615309851392,True,True,1.918711364514994e-05,1.8978221977037107e-05,1.8857717511059186e-05,2.0847333440688762e-05,True,True,1.618424504363655e-07,1.618235247634929e-07,1.6188427293528155e-07,1.6371860258528124e-07,True,True,229.67331658527073,228.49087620492935,229.49682373243448,230.24694021946698,True,True,609.4916874804796,607.6568654551659,609.3636546644616,613.5826638198045,True,True,True,True
0.08700000000000001,0.031,0.004,0.006,213.91751921925334,213.4300370134283,213.87732618676495,276.95564731090263,True,True,0.024288364543596324,0.023768749782650787,0.027223383665044943,0.039605230856798415,True,True,7.906818594546452e-06,7.90056203371082e-06,7.894407666407194e-06,1.0031927516885051e-05,True,True,9.177095657157335e-07,9.111388190711143e-07,9.504026772221041e-07,9.2099823583952e-07,True,True,274.2072581441723,273.6103500179286,274.21004182518374,279.02474723322786,True,True,757.9730671762393,754.517897172247,757.2990510409293,775.884357649371,True,True,True,True
0.004,0.017,0.10300000000000001,0.03,819.1736654559127,819.1657515595,819.2949575177439,849.3468767211546,True,True,0.1475786859208256,0.14961845077186484,0.14757851539646172,0.15283112761879844,True,True,2.0343972724218517e-05,2.0112472819910513e-05,2.034221899891943e-05,2.10875792889967e-05,True,True,3.910540539438535e-07,3.460697992491948e-07,3.910715860014605e-07,3.910330494859773e-07,True,True,226.84984073393576,224.32615352103372,226.83406809719418,226.85042153484343,True,True,591.5649661251302,586.4819404800124,590.7643147331775,591.5732487027226,True,True,True,True
0.06,0.062,0.005,0.014,495.46598081544386,495.44720678426387,501.6455201508913,579.8912848140783,True,True,0.04578332525201586,0.04578348248251377,0.047256254603475406,0.059460260510531736,True,True,1.4863507056346324e-05,1.4865702357494061e-05,1.4862133318557526e-05,1.7830155241779207e-05,True,True,1.8202108144192824e-06,1.8202263517510558e-06,1.8748850406433262e-06,2.123259278914419e-06,True,True,275.02074811618263,274.98155570535937,275.0116731736181,280.37722820653994,True,True,750.8496130219446,750.8152712067563,751.3067998928312,765.9309263235357,True,True,True,True
0.073,0.014,0.025,0.012,401.27723123324415,400.51182230871433,401.1630341699765,469.11903759290874,True,True,0.052412518519123125,0.052410708071894796,0.05241314716898819,0.06511791421955104,True,True,8.288643612362227e-06,8.273188421525729e-06,8.288476381277446e-06,9.70485722738708e-06,True,True,3.916372641398638e-07,3.9161469517404667e-07,3.9159788940207527e-07,4.0200765225760595e-07,True,True,261.3294584605197,261.32512027278045,261.31613526413383,263.062660228383,True,True,715.3042708978613,715.3024778515664,715.300785855569,718.5561141373082,True,True,True,True
0.032,0.008,0.099,0.02,554.3323921450587,541.7589003461642,554.3471964031479,555.4728876078318,True,True,0.13416535993823542,0.13417308452813748,0.134444530059564,0.14541394089932047,True,True,1.83581991707277e-05,1.835252534309237e-05,1.8351543467538385e-05,2.073476259407703e-05,True,True,1.879168704979011e-07,1.878552800558508e-07,1.8791481670244098e-07,1.9002466446049823e-07,True,True,232.7615932220662,230.11928486108798,231.01683708043484,232.4256706287597,True,True,619.6422056172648,611.2598714104824,614.9831896545592,619.4306278264825,True,True,True,True
0.065,0.005,0.021,0.01,338.5944367066035,338.5878328682916,335.4469950745428,438.6063044961356,True,True,0.04212333882938496,0.042118047201758664,0.041441219623069,0.06079265762437284,True,True,5.656405811155147e-06,5.654838981715686e-06,5.9887872547824915e-06,7.5996425353074635e-06,True,True,1.4378686642703445e-07,1.467822285003248e-07,1.4374033512466315e-07,1.561125541178078e-07,True,True,258.2169093238562,258.1731871139077,258.3380331342408,260.8409330686631,True,True,701.50137404488,701.4775628678602,701.6900514895423,715.1616543390586,True,True,True,True
0.042,0.044,0.077,0.035,1010.81879891387,993.3222705236451,979.7776910085647,1010.8602523893301,False,False,0.13720892491980144,0.13722881422940886,0.13718124519234165,0.13723058322125142,True,True,2.184292079763952e-05,2.098073151207049e-05,2.1602767376807745e-05,2.184738134351969e-05,True,True,1.0638534847800129e-06,1.063853813399127e-06,1.0639677074039027e-06,1.063803152295138e-06,True,True,248.18539924493848,248.13104258052897,248.50820558962567,249.54841193487525,True,True,671.2217090263965,671.0966827428318,670.642263868611,673.0717507321984,True,True,False,False
0.055,0.044,0.049,0.021,655.9123140191015,592.8459135163176,657.2713906319525,694.3473145294171,True,True,0.09869673508510825,0.09420448523629182,0.09869566898309856,0.10603850033903386,True,True,1.816752193613687e-05,1.7271883259225814e-05,1.817171238568427e-05,1.878207167959788e-05,True,True,1.1464778469784754e-06,1.059589321815558e-06,1.1467843727511126e-06,1.1778864431204365e-06,True,True,258.67648985229323,258.6764478354877,258.6732102042533,258.67714901907726,True,True,704.0407254080145,702.4342818381119,704.0397700248941,705.5893287354372,True,True,True,True
0.004,0.037,0.045,0.009000000000000001,287.6077189542168,287.5742832150236,282.4042971837804,336.98230927562787,True,True,0.08160614058284817,0.08122877753834375,0.07672789875818155,0.08982735489341324,True,True,1.6229911553530676e-05,1.4911325046444732e-05,1.5232587599852794e-05,1.8613129175292803e-05,True,True,9.84036191362917e-07,9.841617092904558e-07,9.511607141763975e-07,1.0073090164871477e-06,True,True,246.81825442674503,244.26897196095499,246.81791147291838,246.8260987773947,True,True,644.1923951793268,643.4949626933541,644.5532598327978,645.867870523162,True,True,True,True
0.074,0.017,0.025,0.011,368.2325606045396,368.2091455940737,368.23184669361,422.25381170153236,True,True,0.05251523505776459,0.052512942662893566,0.05251139710682451,0.061292812600529316,True,True,8.912256571948168e-06,8.911743470090317e-06,8.603086439411622e-06,1.0077078488234282e-05,True,True,4.752935516787625e-07,4.7495739322335934e-07,4.752747619729452e-07,5.014192004096822e-07,True,True,262.41111386479906,262.3128144592919,262.5417813743578,264.7625189448652,True,True,718.9893280587435,718.9898716420444,719.8842270117491,725.0181503998674,True,True,True,True
0.052000000000000005,0.028,0.097,0.014,391.93679016026215,378.50621985213905,391.9439910926029,397.05927138938165,True,True,0.13387054479059277,0.12251102323458873,0.13116202996754825,0.13388093986846203,True,True,2.162350413690804e-05,2.027518945250069e-05,2.1233296029776347e-05,2.1623894453235575e-05,True,True,6.562286270381824e-07,6.468318317186275e-07,6.488981923691793e-07,6.562349232451902e-07,True,True,243.4937724690334,243.43701265512703,243.49599327358885,244.4485638407846,True,True,660.4712839532126,660.4562366709098,660.580290306451,660.4861833166077,True,True,True,True
0.049,0.064,0.013000000000000001,0.046,1553.203722039145,1237.5069152289964,1557.631095564039,1553.1456159682107,False,False,0.08834168711915188,0.07111894936531173,0.08902364370479561,0.08841738640860099,True,True,1.653183823329512e-05,1.584784299386271e-05,1.670379544010864e-05,1.6522190084350436e-05,True,True,1.7960150131719633e-06,1.6906446329627324e-06,1.7467033466536422e-06,1.7970104737045437e-06,True,True,268.65607792763086,268.6560310085088,268.6623382131256,268.6545534119648,True,True,731.4408650811454,729.70604766709,730.3189314219911,731.5642350237091,True,True,False,False
0.018000000000000002,0.044,0.084,0.019,546.5628138485955,476.1863672076483,538.9136913777972,546.7667196145093,True,True,0.13122433637146785,0.12066139391520155,0.12630894062751394,0.13275646325765944,True,True,2.2823777796181016e-05,2.173476748772238e-05,2.2815501452450507e-05,2.3407420082515243e-05,True,True,1.0586566568156792e-06,9.164518360984502e-07,1.0587082786020103e-06,1.0586353350545191e-06,True,True,242.2360787233744,242.21567963076208,241.92501754216647,243.0652452553019,True,True,641.7822647400361,641.0592376649104,641.2401225523698,641.7966947980004,True,True,True,True
0.014,0.053,0.004,0.046,1594.2739938746302,1136.5488094238658,1593.155511804331,1592.9378225383552,False,False,0.07351528510148791,0.06757920613267336,0.07334575458189102,0.07351406400513641,True,True,1.2616699939083961e-05,1.1658173458706445e-05,1.3022042639996241e-05,1.2611533841468305e-05,True,True,1.5257541115060615e-06,1.313308502795058e-06,1.6330562456666724e-06,1.5459117195862865e-06,True,True,259.70964853996384,258.5684771312527,259.7648011410202,259.7100135101025,True,True,688.0156720821171,685.4905644974642,688.1757066170669,688.0578645306028,True,True,False,False
0.007,0.014,0.109,0.048,1278.3709014727215,1019.469673974881,1161.9771484222792,1224.4609500657834,False,False,0.1641044691982142,0.13088344541210298,0.15211069532836813,0.16413800174514065,True,True,2.0444834826528893e-05,1.4039552899942725e-05,1.789151799089628e-05,2.0449253259871652e-05,True,True,3.149284871931212e-07,3.148436894831583e-07,3.1248648684980997e-07,3.1481459152484007e-07,True,True,224.0126690752522,223.52125206495103,225.6822921684394,228.97054782245255,True,True,586.8673583236841,586.8692820221288,590.339657245044,593.1793258850859,True,True,False,False
0.006,0.15,0.034,0.005,166.79543980802123,140.4009453572077,166.22964509212568,185.35733833609075,True,True,0.10494989399174892,0.08724378226727808,0.09925652450486847,0.10563860953765386,True,True,3.7655722868669516e-05,3.384566446096935e-05,3.664290437476943e-05,3.7739775727503357e-05,True,True,4.122347839592569e-06,3.0774850277397166e-06,3.7477712022392994e-06,4.13855321797002e-06,True,True,279.13236583075485,269.46526447337874,276.79456347409825,279.61044303116955,True,True,744.9074582322667,720.6251313451908,738.0068067459921,745.7101125010719,True,True,True,True
0.012,0.06,0.004,0.046,1594.9243397663672,1203.0396986688029,1637.3009250718294,1647.0236484351951,False,False,0.07611771389171386,0.07060948833166499,0.07612444046764537,0.07906152392111043,True,True,1.4133834685325208e-05,1.2862638359538557e-05,1.396431959265157e-05,1.4285658404923429e-05,True,True,1.7274687143404767e-06,1.7345297743015235e-06,1.7849931547307012e-06,1.905801127917695e-06,True,True,261.04264838338304,261.04224757369013,261.0417540152165,261.05658385131267,True,True,691.4135321405657,691.4156927922578,693.6682568670099,691.5877397027226,True,True,False,False
0.075,0.024,0.049,0.048,1468.073612251408,1181.4241591868977,1281.7899495757297,1473.5897974824197,False,False,0.11494214656220493,0.10226359541052035,0.10772363354424021,0.11494851482947381,True,True,1.4241285540692427e-05,1.2653461865351315e-05,1.4237406674312836e-05,1.4242155201325789e-05,True,True,6.144022927251978e-07,5.828062291436236e-07,6.162104629205959e-07,6.361122848170618e-07,True,True,256.1045889555771,256.08975468286104,255.88920407497386,258.0062816133427,True,True,707.315930542565,704.6345829788186,707.3115022013646,707.3123079711269,True,True,False,False
0.044,0.006,0.099,0.02,554.0738006597588,554.0671560725845,535.2988990322898,575.7846145092346,True,True,0.1335182882970149,0.13113625837360582,0.1327161797625898,0.1360913405646653,True,True,1.8019012378177427e-05,1.796932841296255e-05,1.802038116918192e-05,1.96827987215938e-05,True,True,1.4150649367014837e-07,1.3391942162042767e-07,1.4151754320366118e-07,1.4152018132226198e-07,True,True,235.051015417747,234.9242908202361,235.05308065327253,236.43711659636156,True,True,631.6641909567805,631.564823600137,631.6627226465456,637.3193416051045,True,True,True,True
0.067,0.066,0.017,0.044,1470.6925297954149,1280.5386267451265,1369.0875803161484,1470.6959346677568,False,False,0.09175332102875913,0.07997680211141218,0.08843613876988277,0.09175143223129033,True,True,1.7614594771557906e-05,1.7617208540419224e-05,1.7610140434428022e-05,1.7611617791277965e-05,True,True,1.8341092767976542e-06,1.7089405308080306e-06,1.6982397080315936e-06,1.8355962341413687e-06,True,True,272.618983000119,272.18613051576773,272.65619204338367,272.61891933288587,True,True,751.4186169684499,749.1494122229432,748.5264228745071,752.5951523299086,True,True,False,False
0.004,0.026000000000000002,0.022,0.048,1579.1354949083002,1261.0298016202562,1410.9451204303434,1579.3297891231923,False,False,0.0872141373648227,0.061883606365844286,0.08720264179498874,0.08713841278459318,True,True,1.0188542150472824e-05,7.761276020507917e-06,9.99667741519102e-06,1.0239152229369255e-05,True,True,7.138787361327923e-07,5.670512803524925e-07,7.059235374318343e-07,7.22357399741437e-07,True,True,246.18961838093176,246.1876261162175,247.47378054083148,247.282737272633,True,True,644.0206497946984,643.0870867670336,644.5029940802746,645.1981650345137,True,True,False,False
0.11,0.03,0.004,0.047,1619.6671841816403,1257.7186595634735,1510.288669886697,1621.2731160020076,False,False,0.06574165074252761,0.0542082159870075,0.06339072277416806,0.06581383202755882,True,True,7.79366911057039e-06,6.391978761830875e-06,8.01315170392292e-06,7.793501678666204e-06,True,True,8.599623664272738e-07,7.995165577020055e-07,8.595441780981484e-07,8.674607472079085e-07,True,True,276.12760491299883,274.2351442670422,272.62589348746576,276.1926142267217,True,True,778.356046292469,770.4694046799357,759.9723466201042,780.4237770017919,True,True,False,False
0.006,0.123,0.025,0.02,669.6375524065817,603.0357277795141,669.680826670046,669.1541561512088,True,True,0.09911078479821123,0.08608348240026698,0.09767504570321829,0.10083848029863744,True,True,3.079412598593868e-05,3.038955827397351e-05,3.119141637709411e-05,3.157871309920141e-05,True,True,3.419953985550755e-06,3.4453613074788324e-06,3.5115724430988734e-06,3.5380793016729616e-06,True,True,273.073081711334,271.6220373310497,273.9152263101328,274.30907803681856,True,True,726.4878157853682,725.3096924566719,728.519347808006,731.0598317466357,True,True,True,True
0.063,0.004,0.096,0.004,114.22716164178726,112.49810324644444,114.44172555181649,143.59560132349174,True,True,0.11821418337732521,0.0917571269025705,0.11938967695064796,0.13492613123062802,True,True,1.7360417844632907e-05,1.5173873164619486e-05,1.751953745075213e-05,2.0074147165725174e-05,True,True,9.672038120401342e-08,8.595420087022014e-08,8.885610768899686e-08,9.876047886966203e-08,True,True,240.90039282897624,238.70363815757597,240.56838404481883,244.1647445877568,True,True,655.3201009061784,654.6296326090645,654.5835773852874,670.3138873087106,True,True,True,True
0.075,0.01,0.07200000000000001,0.039,1133.8715539581956,1077.5438182616144,1115.2741005896908,1133.8361523186586,False,False,0.12509012502690692,0.11360984898538116,0.12507439681316274,0.12514671161262803,True,True,1.5033029762346352e-05,1.3963126016039597e-05,1.516694630459722e-05,1.5055922783448052e-05,True,True,2.454187878788736e-07,2.4543077730537645e-07,2.4544398202872866e-07,2.5738711887354463e-07,True,True,247.97933380102214,247.97509728266928,247.9523543918454,250.68533344653184,True,True,683.6242350647112,683.6242523277903,685.7761488817796,688.9928972797302,True,True,False,False
0.014,0.005,0.14400000000000002,0.027,676.4525776008563,585.8928317394517,670.2411677386567,686.3119866874689,True,True,0.17300753273148817,0.1579780446619125,0.16546602303826846,0.17356299591678653,True,True,2.30400826186447e-05,1.837394016133088e-05,2.3155578158456102e-05,2.310739595713824e-05,True,True,1.07411517240036e-07,9.126401290930981e-08,1.0739190690402555e-07,1.0868305915287572e-07,True,True,217.0056222231531,214.71862307373246,219.50969593463287,223.94550616935535,True,True,569.6096660309687,562.4553846677792,574.0561813776411,594.0761154639191,True,True,True,True
0.057,0.073,0.06,0.008,246.67597770940412,229.9539210494256,245.48209507400279,246.71080376507078,True,True,0.1085872805855338,0.10385186012386656,0.10858777006236349,0.10858981135744647,True,True,2.533026898633542e-05,2.330798462192985e-05,2.3392990841218036e-05,2.5330237389796683e-05,True,True,1.8682429195246646e-06,1.7842726364776358e-06,1.8611165802537318e-06,1.8677932413304376e-06,True,True,265.10539310625643,264.5927359242786,264.9429140001618,265.107204448228,True,True,724.9454429280105,721.329493591272,725.0671191714985,724.9455365099363,True,True,True,True
0.008,0.061,0.004,0.047,1628.6979588374388,1184.09865386481,1630.3596887664303,1653.7051441154372,False,False,0.07748723283427121,0.07320017483427484,0.07737935752963232,0.07921208942701316,True,True,1.4324292334389862e-05,1.383088487443912e-05,1.4320245867615482e-05,1.474227851186921e-05,True,True,1.7552570356269124e-06,1.3084706067395558e-06,1.5262738412213248e-06,1.7549573679243355e-06,True,True,260.2863796949265,258.97114339109424,260.8466681598541,260.45396193473397,True,True,687.5563650524009,685.3280790444079,691.3566347100042,687.5772530141204,True,True,False,False
0.059000000000000004,0.029,0.105,0.004,112.27001345904044,23.24666273483152,112.82933334474909,135.88474105563296,True,True,0.13363271201883192,0.12025134168902639,0.13338123509427607,0.13366259687355453,True,True,2.282149412246214e-05,2.1909082358443283e-05,2.1965782758468046e-05,2.283751756953249e-05,True,True,6.717003396171156e-07,6.659099290312029e-07,6.752836836685267e-07,7.609246709103764e-07,True,True,244.34009079107193,244.33650582066122,244.96961603448474,247.67674277268748,True,True,665.7661654401151,665.7524944099546,665.6047621231311,670.8020547878965,True,True,True,True
0.07100000000000001,0.096,0.005,0.021,739.8725161843047,705.3556712650957,711.0669901955802,755.2136227698755,True,True,0.06570801637714517,0.06189532422250563,0.06542772117638856,0.06566089165555337,True,True,2.225858042322124e-05,2.01253923719767e-05,2.2259668912029545e-05,2.2595116791180923e-05,True,True,2.8043018859190968e-06,2.547682803269795e-06,2.8060100234624626e-06,2.8046083575283236e-06,True,True,285.77625619569267,281.8931929804773,284.80682889823555,286.20035122977015,True,True,790.0408108575103,777.042217588866,790.0214403270561,790.0502338077192,True,True,True,True
0.113,0.027,0.01,0.047,1592.2973487778681,1356.258154329333,1593.6118670869332,1592.791718099603,False,False,0.07211437075489045,0.06285153604399422,0.07241762708516669,0.07221041745084504,True,True,8.329427389525e-06,7.188665047609558e-06,8.168012070873046e-06,8.340240534556689e-06,True,True,7.617558719203273e-07,6.547514280456793e-07,7.615535801998295e-07,7.786921665023359e-07,True,True,274.69492359349,274.5884952878515,274.6951649156818,274.7132906232154,True,True,775.8301942730222,774.3043818117446,775.7435247620222,776.1701015587415,True,True,False,False
0.015,0.051000000000000004,0.10400000000000001,0.026000000000000002,711.0634782022377,665.8197535642005,713.4242369948624,712.1723333787646,True,True,0.15544263082661394,0.14425889929857286,0.1518227367346198,0.15545315052747155,True,True,2.6289928180378553e-05,2.562486583681575e-05,2.4989636744643663e-05,2.6291537679272734e-05,True,True,1.1689981732237334e-06,1.003979003993913e-06,1.051730054084555e-06,1.1690087490298876e-06,True,True,238.24030135157898,238.24024216314123,238.08678589402615,240.22434016966818,True,True,631.5127434044232,631.7210035377075,631.4973768863949,633.9021523886861,True,True,True,True
0.016,0.017,0.06,0.048,1431.2000084388944,1147.1427190051988,1401.461668056095,1451.6879969125237,False,False,0.12355323231564709,0.10211952214662964,0.12354987572709773,0.12407163834041779,True,True,1.4523014722186484e-05,1.2296170598421066e-05,1.4526494747343287e-05,1.4685628940025519e-05,True,True,4.2575518410865476e-07,4.0747191839616435e-07,4.115600928275829e-07,4.2588971859940413e-07,True,True,238.0329983695328,238.03430424932859,238.91587122292185,239.35545044245265,True,True,628.1627363171664,628.1643449769831,629.3250581321498,631.1467093853164,True,True,False,False
0.079,0.096,0.009000000000000001,0.004,141.92609040187477,105.01733305338199,146.4943748999999,149.65530724293745,True,True,0.05370899417766817,0.052780542983678645,0.05377244253264097,0.05965837183788961,True,True,2.3043370068810912e-05,2.0021579939859048e-05,2.303629012555742e-05,2.3680420655693418e-05,True,True,2.8088374781042506e-06,2.3439513247351682e-06,2.8086329262399817e-06,2.837787443028826e-06,True,True,288.0569073988869,282.08267641312386,286.8262647773868,288.09376031942503,True,True,798.8429493353193,780.8425379125493,793.1230665509058,798.956413483856,True,True,True,True
0.074,0.042,0.04,0.042,1320.8345405290588,1155.3425873554063,1175.0942205921153,1282.9635436165756,False,False,0.10670157595132052,0.09779263633067584,0.09915932168494267,0.1062840266395027,True,True,1.6370735481108173e-05,1.55657728431057e-05,1.609244093705122e-05,1.629082745397842e-05,True,True,1.1021316397321853e-06,1.097648372381836e-06,1.0340549704744516e-06,1.1021321265175556e-06,True,True,263.0122872309328,263.1846619750416,263.01036822370247,263.0419757078549,True,True,726.7420906443383,726.7430931131729,726.7978970293561,726.7995257136655,True,True,False,False
0.024,0.049,0.065,0.047,1386.7777686932454,1078.2774291767964,1347.2445953052797,1386.890093415854,False,False,0.13752305510234397,0.12349515250282317,0.13752867766104768,0.137549758508172,True,True,2.1153360757508057e-05,1.913597540159805e-05,2.131763915754865e-05,2.1153602321336445e-05,True,True,1.2092929468871334e-06,1.1555500268844784e-06,1.2213792117251258e-06,1.2092887686627223e-06,True,True,247.06542131486808,245.32312427813147,247.06550850570292,247.31918432529807,True,True,660.3794967189995,659.7411988908835,659.8695120523658,660.376762151534,True,True,False,False
0.105,0.016,0.018000000000000002,0.016,542.8128984976278,525.0590896849635,543.3676556046265,607.5187305792159,True,True,0.04802114068579656,0.04803248233847814,0.047984631589048976,0.056125908475631946,True,True,7.45087224547315e-06,7.450753208634966e-06,7.626329820591258e-06,8.338461907436838e-06,True,True,4.5345080573005154e-07,4.5345177295560356e-07,4.534796277967111e-07,4.615450631234556e-07,True,True,270.5938628115807,270.55666581889494,271.4546824427834,272.3054386695869,True,True,756.8947630774497,756.1515998449142,758.5480935790393,756.8565788313542,True,True,True,True
0.059000000000000004,0.051000000000000004,0.052000000000000005,0.036000000000000004,1103.815819799704,1041.1954245571865,1086.3881632753953,1103.8149485792687,False,False,0.11681194048441229,0.10520044825180877,0.11495398549757319,0.11678125282161218,True,True,1.9860934518010224e-05,1.9414803093141383e-05,1.951333184502004e-05,1.9862027834344815e-05,True,True,1.305600366514727e-06,1.3097923747319421e-06,1.2798136213592127e-06,1.3114334568217334e-06,True,True,259.5619548273943,259.3216889634138,260.33005282540677,259.57313878834236,True,True,710.6985364995566,710.6890067427023,710.8021173270291,710.7651616003741,True,True,False,False
0.031,0.006,0.006,0.047,1613.9065300920638,1352.4060413579095,1489.2060720388424,1613.714221646779,False,False,0.059661780918060216,0.053827446731451886,0.053915378265229935,0.05897316516378327,True,True,3.0078816754165824e-06,2.7954969468271547e-06,2.806886467015622e-06,3.0064079962651488e-06,True,True,1.7433659859375755e-07,1.7129406038459007e-07,1.6821412098144904e-07,1.7429270333606405e-07,True,True,251.07110220487374,251.03664204792537,250.19962447046174,252.3812127730341,True,True,667.9743381362638,664.2823126739797,655.941287396302,668.3591464414177,True,True,False,False
0.09,0.066,0.017,0.006,206.9704828485716,204.2170607997353,205.25711049417967,206.94255376263743,True,True,0.05508018446529046,0.05415499813669564,0.055091930871869255,0.05465873862542853,True,True,1.783529804681713e-05,1.7833940644131915e-05,1.8034600238861087e-05,1.7983389404593288e-05,True,True,1.8843052149666155e-06,1.8842448996781026e-06,1.9022199637913952e-06,1.8942485246989587e-06,True,True,280.9442956366476,279.5250936421973,281.43201075046164,282.25401040694607,True,True,782.133916743196,776.6875058015356,783.4715470234099,788.0531338841214,True,True,True,True
0.006,0.078,0.016,0.045,1511.55671183136,1303.3124834986136,1529.7454361527816,1520.072434495399,False,False,0.0960770326927724,0.08581471708176265,0.0961055174684591,0.10147117007009936,True,True,1.991052410305564e-05,1.5807393584858508e-05,1.9922048321062714e-05,1.9917175840498872e-05,True,True,2.177679768020068e-06,1.9935194860142507e-06,2.1781702106029014e-06,2.1851702379748127e-06,True,True,261.61679866098365,260.85916901348367,261.62993132206793,262.33354224009537,True,True,692.2850915759922,692.195651595961,692.2286597237394,699.7302613952144,True,True,False,False
0.059000000000000004,0.033,0.03,0.013000000000000001,429.21710313351826,412.1199288387465,417.77751041531405,463.7412652724025,True,True,0.06628294731752,0.06617894578262552,0.06629133412849701,0.07924843446912945,True,True,1.3055840810682764e-05,1.2941787535687683e-05,1.3054693601893315e-05,1.4804713688410925e-05,True,True,9.073270148138742e-07,8.91504831634025e-07,9.073060120653157e-07,9.66860614823018e-07,True,True,261.72849061020304,261.27668128617546,261.70310999844963,262.8330069375646,True,True,711.7410058124764,707.2092560136373,711.7667312587213,718.7071565008199,True,True,True,True
0.10200000000000001,0.036000000000000004,0.025,0.018000000000000002,598.8405156706374,573.8637948553603,610.0830860580829,607.2125890532533,True,True,0.06590206765232763,0.06526515262746065,0.06709980549351141,0.06968208927463794,True,True,1.2850431504711327e-05,1.2002411466779465e-05,1.2850052950988682e-05,1.3231029554971405e-05,True,True,9.971160786979755e-07,9.185195158505038e-07,1.0201829795961333e-06,1.0354475831031299e-06,True,True,273.28347657465935,273.29845038999235,274.01169722191054,274.34055683033995,True,True,765.3538406188917,765.3334164215316,765.5464878480926,767.5248273816476,True,True,True,True
0.149,0.004,0.005,0.036000000000000004,1243.9584399975336,928.5352961911835,1243.9814577104798,1243.6912313729329,False,False,0.04640746307389492,0.041149995364785336,0.046406575426249506,0.046405261587488734,True,True,2.4686550323708426e-06,2.017314732522797e-06,2.5783772931559975e-06,2.939584973357774e-06,True,True,1.1770827498247862e-07,3.646190759179035e-08,8.71053558707825e-08,1.1745765809524873e-07,True,True,279.1768149233998,273.8734214576663,277.88663104080115,278.73281461153744,True,True,802.3513685970554,778.2395908485089,791.4964470728544,802.9983811502425,True,True,False,False
0.091,0.066,0.02,0.007,239.15320563270004,228.56537137823793,239.117707609587,247.3298546828187,True,True,0.059899989051436654,0.058650643621427356,0.059902062114730335,0.061233512164902935,True,True,1.8313753488800585e-05,1.8325379131949466e-05,1.8311338608966385e-05,1.83129824124104e-05,True,True,1.867762339375222e-06,1.8679069706489344e-06,1.8677949634948273e-06,1.8683966688996968e-06,True,True,280.4148780669153,279.2942078211812,280.51339577978405,281.043741738044,True,True,781.3951142123274,776.1231519697593,781.0423520318824,783.9825152881704,True,True,True,True
0.007,0.055,0.074,0.004,120.64010053020007,84.49526240198881,120.33244566983261,149.72504285565748,True,True,0.11355618774563486,0.11355598233511277,0.11357250598124981,0.13683724089856217,True,True,2.3709800992521032e-05,2.3658267281024234e-05,2.3708084405101036e-05,2.7750126049153744e-05,True,True,1.3675425259226688e-06,1.3672649261572257e-06,1.3775221935920666e-06,1.4671783876002494e-06,True,True,245.93505003324648,243.43539633394803,245.93465468339465,245.93517328644685,True,True,645.842052947183,642.7260853243306,645.8425307096428,649.3115676597338,True,True,True,True
0.14200000000000002,0.014,0.008,0.027,932.206696741636,832.031582928915,931.5033075183308,943.8993947252928,True,True,0.04504202905020944,0.03801543327411359,0.041816363131821285,0.04583874464835809,True,True,5.1523190156053345e-06,4.84534769772721e-06,4.8553252904793545e-06,5.3613849198465316e-06,True,True,4.038583755170195e-07,3.7799015792816727e-07,4.2871436622431946e-07,4.048672189692731e-07,True,True,280.1301167809908,277.15258787091426,280.6418429645416,281.4708684244074,True,True,801.828374691152,791.7711255665927,802.1633031099062,808.6048284246019,True,True,True,True
0.063,0.032,0.03,0.011,363.8084588058322,363.5838270939389,363.9211926999861,396.74978716227207,True,True,0.06403875492340316,0.06399907190405295,0.06397110278471736,0.07618852427872749,True,True,1.2858297514743549e-05,1.2857854978665284e-05,1.2797056588891912e-05,1.4144616617141599e-05,True,True,8.810119166930828e-07,8.810092236045319e-07,8.81011975462484e-07,8.963087434922016e-07,True,True,262.5610456291187,262.5607366045783,262.55561726940516,263.9584661425766,True,True,715.7198100028407,712.89011733159,715.7440405282563,719.2627820998433,True,True,True,True
0.058,0.005,0.124,0.008,212.6100061408231,191.49879750063397,212.27916072407692,222.3016434223953,True,True,0.14522854140110175,0.1331760116908483,0.14371710880619132,0.14531461063412288,True,True,2.0963364694214917e-05,1.8068544632440483e-05,1.9502340138801836e-05,2.095958798209576e-05,True,True,1.128920044361502e-07,1.0526810284715853e-07,1.1001530703334137e-07,1.1567153170502534e-07,True,True,233.3080622352216,233.30772070330858,236.00462936361174,240.46028159709,True,True,633.6036513929063,633.5993816231077,646.5138487688859,653.9931164613212,True,True,True,True
0.094,0.005,0.062,0.007,214.01306044342752,201.4894481029797,213.73612968312585,239.85760818753084,True,True,0.08748204713195058,0.08337158904819776,0.088885909176617,0.09805936360792981,True,True,1.2719140527954156e-05,1.277660755879278e-05,1.4101266067787258e-05,1.4373432312341915e-05,True,True,1.296164382320098e-07,1.2964989666391246e-07,1.2954514344148165e-07,1.4954344636157103e-07,True,True,255.89406113394708,254.77008091629165,255.88856293015334,255.89399160653278,True,True,710.8660311212122,709.2271391897517,707.2245865285943,711.1650328562351,True,True,True,True
0.055,0.052000000000000005,0.022,0.005,170.54079726345194,170.13027902087006,170.45588248735166,186.96957582453115,True,True,0.05549230511518017,0.0554778793460521,0.05773314821448923,0.07166886031814329,True,True,1.5679146582158893e-05,1.5674305316120574e-05,1.5634226506958168e-05,1.8484835498564466e-05,True,True,1.4679995885737523e-06,1.4678523290812545e-06,1.462666972605835e-06,1.5051083434093925e-06,True,True,268.1172612780655,268.09573431293273,268.28217486284865,270.79821076128223,True,True,728.22402949898,728.2246720076831,730.430107877922,733.8574006080379,True,True,True,True
0.08700000000000001,0.069,0.011,0.018000000000000002,623.7730625817337,527.4349416236761,623.9800630447006,631.3662178448727,True,True,0.06036386930849935,0.054857766409335006,0.05794898150311967,0.060435461134423364,True,True,1.7421669449128973e-05,1.6310684770636744e-05,1.7414759232339876e-05,1.742090180143641e-05,True,True,1.984576223868126e-06,1.866039487054728e-06,1.8302498317028621e-06,1.989961377942053e-06,True,True,281.4461417584668,280.2036490538922,281.4461246464106,281.52254414691413,True,True,783.2126460413882,776.7606750631772,783.2017910823848,783.6204079604568,True,True,True,True
0.089,0.068,0.005,0.016,564.8095702546392,565.8636408191392,555.6424832361627,582.0074851203563,True,True,0.05004394060544531,0.04962790886578484,0.050022859223327845,0.05312839288013658,True,True,1.6188171280207057e-05,1.5725910667261716e-05,1.6189440544145682e-05,1.6684061713775632e-05,True,True,1.9909709089706888e-06,1.9267627517948998e-06,1.9909336221340955e-06,1.991707713788098e-06,True,True,283.17147851788053,282.1583511059477,283.1644943142417,285.5779412074955,True,True,788.4193424918176,784.9509017098734,789.8299405366644,792.5250517115546,True,True,True,True
0.017,0.035,0.111,0.022,593.7656015233853,555.0662801202224,593.8063159685437,596.3967571659574,True,True,0.15348836646720038,0.1412502177870934,0.15349552357887458,0.15350493287061392,True,True,2.4376504005352598e-05,2.2954261524821717e-05,2.43936577512392e-05,2.4376916535268933e-05,True,True,7.925230077328009e-07,6.788455255762429e-07,7.965961293111027e-07,7.926805136568396e-07,True,True,233.3150637582961,233.31523674226392,234.28488266366085,236.23356844984173,True,True,617.2151242480429,617.2147289623374,618.9867561803709,621.6227710575399,True,True,True,True
0.025,0.097,0.057,0.01,310.4926715896989,282.25469338444697,310.5190741329875,311.0861282532285,True,True,0.11529062426664721,0.10440236063603475,0.11537220022199857,0.11669932599162416,True,True,2.9546906271049974e-05,2.8540804407483252e-05,2.9549151497721033e-05,2.9970901110280197e-05,True,True,2.5015642202068375e-06,2.2705198490903005e-06,2.4741388145384704e-06,2.5105681620049616e-06,True,True,264.3288099067828,263.05080956199714,263.05420210144473,264.384945080795,True,True,709.5308456829201,703.7713502788829,709.0159520905694,710.0200050308445,True,True,True,True
0.096,0.007,0.02,0.021,705.6327000192132,703.6613011823963,704.9453405656368,788.2596768987542,True,True,0.052244694596273754,0.05043619846495986,0.050549656547286076,0.06321834562443694,True,True,5.9506783393648035e-06,5.905133585591086e-06,5.904182069851929e-06,6.80957095932016e-06,True,True,1.984624894094225e-07,1.980375814124729e-07,2.0154916118341887e-07,1.9867211921477159e-07,True,True,265.33783973353724,265.19410264898767,265.38780123386164,267.07923470427687,True,True,737.6079389039746,736.5963705543479,737.2381229121054,743.4611718035098,True,True,True,True
0.04,0.037,0.053,0.025,770.7886608482454,734.1293366745898,769.0449008304734,770.776755745855,True,True,0.10401791669863208,0.10401911864858551,0.10402022505683141,0.10831169528255073,True,True,1.7371729276202642e-05,1.7370773103894238e-05,1.7694953261051452e-05,1.8587154667736172e-05,True,True,9.529435104107684e-07,9.348417796201269e-07,9.52946067727322e-07,9.77502334784663e-07,True,True,252.15659878758075,252.01368570571424,252.15312157563952,252.15679136799176,True,True,678.5050733143695,677.9004330427339,678.4769845604648,678.6400215467982,True,True,True,True
0.02,0.10300000000000001,0.062,0.009000000000000001,276.5487113630554,265.407804833698,274.2179962701498,276.66576314092777,True,True,0.12140532615832114,0.11230366699402257,0.11750734065762973,0.12147207670434355,True,True,3.1268594975846666e-05,2.8829653816998813e-05,3.0120103526494346e-05,3.126365131144212e-05,True,True,2.6270983492975174e-06,2.227492620504867e-06,2.6204865061363017e-06,2.6364703694899036e-06,True,True,263.64457430422726,262.16825425780166,262.56273307190276,263.78340225069223,True,True,705.9078320622267,698.0597156218001,701.6227424734756,706.2555721156895,True,True,True,True
0.091,0.04,0.025,0.019,631.9851898999864,587.347729193258,631.9651435235022,654.4592625479775,True,True,0.06829771750058074,0.06545509243751235,0.06830500216089608,0.07438184598499822,True,True,1.3663552964942244e-05,1.3299076831253759e-05,1.3663010025999487e-05,1.3840248411483759e-05,True,True,1.1074542831119084e-06,1.0985296721339538e-06,1.0641488229064843e-06,1.1779980737301247e-06,True,True,271.6664973588287,271.5115737366308,272.29847097278827,273.53312199019643,True,True,755.9728785019215,753.6057740221956,755.9615462147324,755.9330020104703,True,True,True,True
0.022,0.035,0.114,0.02,537.0171803833305,536.9336387350799,535.3766957530746,559.5005433321119,True,True,0.1544243697382255,0.14008720816824494,0.15437022452555163,0.15442348779132756,True,True,2.4724735825157433e-05,2.3767365543167456e-05,2.4541458473321754e-05,2.472502071365073e-05,True,True,7.88280398822803e-07,7.520925007149982e-07,7.740148835464083e-07,8.09734029251045e-07,True,True,233.9554393999432,233.66088133084764,233.95212470251806,236.9492186322566,True,True,621.3875301347848,621.385757194691,621.3851196379889,625.4103313859418,True,True,True,True
0.081,0.022,0.053,0.011,342.4804469232441,298.01906484048556,342.4680037945155,351.5284531584833,True,True,0.08690410674937221,0.08690242422595083,0.08691528880956628,0.09385527162472634,True,True,1.4568626489251066e-05,1.4569090298573571e-05,1.4638027435888559e-05,1.5434169556969266e-05,True,True,5.719459273527693e-07,5.585560851622152e-07,5.719963913898818e-07,5.720951604303584e-07,True,True,258.960486836276,258.5317475580046,258.96155900871713,258.9608566541258,True,True,714.6361709331447,709.3913848608232,714.6363220448303,714.6404640072146,True,True,True,True
0.12,0.06,0.005,0.01,354.295919013369,296.1986185469574,352.62234680810514,363.6854680462729,True,True,0.04079808727896069,0.04050427992951955,0.0388137032840339,0.04128367786505004,True,True,1.448494746520455e-05,1.2533678850848578e-05,1.3663702208898435e-05,1.4485005809102993e-05,True,True,1.762224796814302e-06,1.761950496295285e-06,1.7453259608478997e-06,1.7811846042234401e-06,True,True,288.81996693579106,284.1207527357408,287.56785503574974,288.83855940449126,True,True,817.8864061054584,803.9905501328159,817.7479509327653,817.8538677412549,True,True,True,True
0.039,0.032,0.058,0.024,731.1876329967611,693.6802559359129,744.2521343475212,750.1077460722624,True,True,0.10663045994852312,0.10420504830073918,0.10658907948093986,0.11572620545966493,True,True,1.7146400725991067e-05,1.7146350555515644e-05,1.7143051829082996e-05,1.841874849400848e-05,True,True,8.151308691240117e-07,8.151303331734992e-07,8.151140821125273e-07,8.159870011170306e-07,True,True,249.5804043333175,247.30961817879745,249.5805253201455,250.34331556371853,True,True,670.5191234968793,668.4495236842795,670.5197616952455,670.5189240412914,True,True,True,True
0.015,0.004,0.137,0.01,258.1109793782121,207.9732488496824,229.3020146777405,254.13656415572186,True,True,0.15654940365939574,0.1327137929222226,0.15171856539969023,0.1630077714325773,True,True,2.2240835801131993e-05,1.8972126884013242e-05,2.2063084599738834e-05,2.2247474258352617e-05,True,True,8.850855254897639e-08,7.767765320609018e-08,8.752520059445911e-08,9.947474085632529e-08,True,True,219.89718037259493,214.71426297275707,219.36089235927344,225.95312449035669,True,True,576.076096705792,559.4849582456311,571.2833696961035,595.7392110349076,True,True,True,True
0.008,0.052000000000000005,0.03,0.017,560.9423491052294,560.9298803675067,560.875059981354,655.1438976244642,True,True,0.07685436065160642,0.07609173781672939,0.0758139008956549,0.10225863619626491,True,True,1.6888313039897316e-05,1.687933521570588e-05,1.6504755342027115e-05,2.01250890188731e-05,True,True,1.4278618586083628e-06,1.423899779552436e-06,1.4024825819279305e-06,1.6605641456915146e-06,True,True,254.3957646552415,253.87808064685336,253.84284591337573,255.85374124324662,True,True,668.6916696436521,668.4847736171889,668.659385031936,671.4839890189519,True,True,True,True
0.022,0.018000000000000002,0.054,0.048,1452.2576826918857,1166.6146473238334,1442.1092178486685,1452.9677151348776,False,False,0.11810621639645688,0.10024773927965061,0.11851066875925854,0.11823108408791573,True,True,1.3831325033467721e-05,1.1656561330559325e-05,1.349661715980813e-05,1.384172228823198e-05,True,True,4.569703078381773e-07,4.56967855788901e-07,4.565657589328303e-07,4.847727317358823e-07,True,True,241.05745829025236,241.01411980262907,241.48108049300538,241.7333615104712,True,True,639.3002508666358,639.1807005553864,639.9214363033005,639.3325889562916,True,True,False,False
0.081,0.068,0.015,0.028,952.0830843267958,915.0612696271546,952.1298858365145,952.6100083199423,True,True,0.07484084305021742,0.06653664757103228,0.07484379769099948,0.0750029480903692,True,True,1.7821788932519507e-05,1.7721075865319603e-05,1.782213192707273e-05,1.782142059944904e-05,True,True,1.921012816451954e-06,1.8163677103884642e-06,1.9210675737861183e-06,1.940459893558838e-06,True,True,278.09926837717836,276.8149650497568,278.0986916664236,278.1215717154803,True,True,772.0444619387154,771.5583780767043,771.4807460819475,771.9946316283629,True,True,True,True
0.058,0.058,0.018000000000000002,0.005,172.4177974853273,172.12578854166256,176.17975706239088,188.53291232601546,True,True,0.05252346128661189,0.05252959966481142,0.05297414382039148,0.06535788168766538,True,True,1.6283635580905167e-05,1.619091026190317e-05,1.6325593151824512e-05,1.9045612443559932e-05,True,True,1.654791117488324e-06,1.6541300545205809e-06,1.6546112019619343e-06,1.873570032527747e-06,True,True,271.2686796143771,270.9398840695022,271.58373960517395,274.95013349812155,True,True,738.8280105342451,737.7438074110919,741.4918259235845,756.5458291697211,True,True,True,True
0.047,0.015,0.127,0.008,211.4614264225775,208.9884293757907,211.47169271167434,211.23499235942725,True,True,0.15046211776459953,0.1435373690690759,0.14972154902385665,0.1503990053776434,True,True,2.2942632119413306e-05,2.0988069085407523e-05,2.1386453330299377e-05,2.2941268062266465e-05,True,True,3.3195465525801746e-07,2.8134929580676436e-07,3.2895381994994795e-07,3.325316836017188e-07,True,True,232.626629057462,232.5788824281151,233.51894616288678,234.70878609298595,True,True,627.4487696354206,627.4452001134327,631.4438653466902,633.3132720871075,True,True,True,True
0.006,0.121,0.01,0.027,936.9493499972515,863.7630863771332,936.9965503729713,985.5486045733766,True,True,0.08750140120561377,0.07888576147117508,0.086631105159384,0.09650445351149038,True,True,2.833304071894949e-05,2.8337126358123346e-05,2.8253238747681698e-05,2.86033283726627e-05,True,True,3.483308163367662e-06,3.2178866801816633e-06,3.4836558569776532e-06,3.505723056029431e-06,True,True,275.4271541175204,272.81343596309114,275.39861804035615,275.42841705983204,True,True,732.7892732006226,726.4343135858821,732.7548041170087,735.5674118005433,True,True,True,True
0.021,0.021,0.049,0.048,1470.7324624818057,1173.6043802835127,1470.8956607089247,1492.8182003191685,False,False,0.11418072175162286,0.09422136149561952,0.11552586920246057,0.11448489463215103,True,True,1.3635897784283093e-05,1.1327017406164927e-05,1.3681101634051774e-05,1.364609680847621e-05,True,True,5.391376695675371e-07,4.989629855158211e-07,5.402144174568834e-07,5.39610531235661e-07,True,True,242.73172391610657,242.57283303470572,243.0356744585873,243.5982223118004,True,True,643.5155081462349,643.5064394907027,643.9522545546921,643.8008675929533,True,True,False,False
0.115,0.005,0.07,0.007,209.81803014940402,177.8388566453453,204.10800033554355,209.88312987628527,True,True,0.0957103352076821,0.07620418470025271,0.09434961011359823,0.09575096886658985,True,True,1.3936125960414139e-05,1.3030379827812944e-05,1.350113358164631e-05,1.3980621088535193e-05,True,True,1.269965052088059e-07,1.1532133233148198e-07,1.2512738031182137e-07,1.267389973515868e-07,True,True,258.97526050303514,258.69821542870244,259.5871540445067,259.0055373559201,True,True,730.0551985533875,729.9435678275868,730.1048379549088,730.1804679592749,True,True,True,True
0.026000000000000002,0.053,0.07100000000000001,0.046,1338.86592086388,1087.7602471599748,1323.2336060499001,1359.891523729545,False,False,0.1433145815903722,0.1290588382640426,0.14364500531387572,0.14346806327662398,True,True,2.2639572992329245e-05,2.0423913379675625e-05,2.23446634056448e-05,2.264722012252457e-05,True,True,1.2907212806017361e-06,1.2567385449253693e-06,1.2566254105241042e-06,1.2983386036540783e-06,True,True,247.2722844395274,246.95532412188987,247.4743545775328,247.7788015602124,True,True,662.5063557635057,662.5065861255378,662.9619916829483,665.0449662869541,True,True,False,False
0.008,0.117,0.007,0.017,599.7297719520419,554.8023581034295,599.8170352904625,670.1067757672929,True,True,0.07234267979555029,0.07234876431142706,0.07558521177703473,0.08440369747798523,True,True,2.716770914026689e-05,2.7166182473864923e-05,2.7131477485579953e-05,2.9731669064651057e-05,True,True,3.4209596244604742e-06,3.381449944080134e-06,3.442532993259639e-06,3.916190911031643e-06,True,True,276.3276224818883,276.3638165085671,277.56631047343035,281.5258150453651,True,True,734.7784865691859,734.7898910725195,740.501002306668,742.5663153172388,True,True,True,True
0.005,0.096,0.081,0.008,235.34121875181177,213.94029375808273,239.00167499894025,235.81768036063147,True,True,0.13623517565558854,0.13623169671433202,0.12972730549039815,0.13626324738350973,True,True,3.199723052669846e-05,3.0263113979396164e-05,3.199448244146234e-05,3.195622734058482e-05,True,True,2.3440554019698257e-06,2.345549437908005e-06,2.326555567764908e-06,2.350234781966708e-06,True,True,254.09919779276356,253.22054407701856,255.0675905501008,254.09966138248822,True,True,672.2096768202905,671.572833615035,672.2192307978743,672.227207929541,True,True,True,True
0.046,0.031,0.092,0.028,784.2349661501379,707.8196627412447,784.2101325632914,784.2343740895767,True,True,0.14092133961022704,0.14092684856278526,0.14090926089549405,0.14110058468789166,True,True,2.144729547255931e-05,2.099979807760288e-05,2.1445213685226664e-05,2.1448791325026026e-05,True,True,7.282612709037881e-07,7.284089999388128e-07,7.124528513989436e-07,7.35033960403936e-07,True,True,242.91300412814297,242.90131622601245,243.60835265723316,243.277535237069,True,True,657.315996100502,657.317292190708,658.521741518935,663.4252589728007,True,True,True,True
0.02,0.097,0.025,0.015,503.47724610097106,503.6265188111139,503.46375224215427,529.4130385853255,True,True,0.08505953517535021,0.08506685838823394,0.08570469546375353,0.09089189699889877,True,True,2.545721084235475e-05,2.567591041091132e-05,2.5458264069566726e-05,2.6747192707953314e-05,True,True,2.703065969742868e-06,2.6419906653420465e-06,2.7395301318335832e-06,2.8677464781366187e-06,True,True,270.0489352045769,270.0486931570912,270.8674768311437,271.20032701010047,True,True,721.9406698711634,721.9391071406749,723.0448453995137,724.9352839980951,True,True,True,True
0.074,0.048,0.021,0.048,1580.6803074683144,1327.6195721372226,1580.4453006640783,1580.7522775923103,False,False,0.09359389297460155,0.07871802464231038,0.08883876098770206,0.09379802326895421,True,True,1.455708771439572e-05,1.4046321828705404e-05,1.4709148812797745e-05,1.4567310417704709e-05,True,True,1.315791008729398e-06,1.270997677145355e-06,1.2653176993801485e-06,1.3225998661105367e-06,True,True,268.40806025014905,267.5882570846158,268.4098659042553,268.5193107901437,True,True,741.9777913626097,741.602641265514,742.1774300295916,742.0096389701424,True,True,False,False
0.01,0.048,0.053,0.046,1399.4355703364467,1153.2202298764566,1287.7580713073319,1400.763541262717,False,False,0.12531662157944837,0.10658618405932768,0.11793817637227416,0.12529398638220404,True,True,1.9339942064498492e-05,1.5626305659760485e-05,1.7311405630496454e-05,1.9340136356507375e-05,True,True,1.2200607783117621e-06,1.1263896811707103e-06,1.220863650083056e-06,1.219085691696585e-06,True,True,246.3468520180221,246.34637850526434,246.22906014984957,247.00161990639418,True,True,650.7896747465072,650.3083939797519,648.5354400158777,650.788638554713,True,True,False,False
0.006,0.109,0.06,0.02,611.0590819673217,514.4635125292389,613.6442794484964,612.8325331731215,True,True,0.13058101472172617,0.13172004258233264,0.13103966234741274,0.13072015501005957,True,True,3.20390594208922e-05,3.138929185510572e-05,3.213542635631175e-05,3.236492238501496e-05,True,True,2.7750479350822893e-06,2.730139731756083e-06,2.775498267124611e-06,2.832521757215633e-06,True,True,261.51537543990634,261.52481967890765,262.89345278508557,262.49236093218514,True,True,694.700305502539,694.7011488452349,694.702637654737,694.7009127417957,True,True,True,True
0.023,0.022,0.05,0.048,1467.0025916698532,1150.875061332556,1389.4468969294335,1467.0624342116685,False,False,0.11549092740459886,0.09902948549926824,0.11549836162833527,0.11562884179893294,True,True,1.3979674103630598e-05,1.2210507290180144e-05,1.3992941003479948e-05,1.3980605058517266e-05,True,True,5.632806230084907e-07,5.042665364808171e-07,5.714416514375075e-07,5.633064784143127e-07,True,True,243.22748586675075,243.2274803420635,243.26344661380205,243.72778031375395,True,True,646.0138184973267,646.0136147098988,645.736888978182,646.0186952218414,True,True,False,False
0.021,0.012,0.083,0.011,319.079062056558,315.74511986871966,306.85900713723476,340.04341440640275,True,True,0.11419383763888244,0.10963758631369216,0.11426094987822787,0.12150227791850243,True,True,1.6995297805183968e-05,1.5322055122942703e-05,1.6997311728709964e-05,1.7905528355601497e-05,True,True,2.925909202898463e-07,2.916912495177799e-07,2.9259365383269174e-07,2.9982573805448074e-07,True,True,235.5612726104874,233.07628217462724,235.5572464460025,235.84365844633905,True,True,620.815909688728,619.7544624481638,620.8161456395306,622.4704598601854,True,True,True,True
0.033,0.004,0.153,0.004,101.82835839436143,97.21698235681612,104.36659783863323,121.71515473936475,True,True,0.16423773685644968,0.13486682439292336,0.14460104059114526,0.1646403701060668,True,True,2.3992363087222953e-05,2.095609085053079e-05,2.2822369239962878e-05,2.411696578168675e-05,True,True,8.588717451328914e-08,8.358415724091933e-08,8.771760659334537e-08,9.379940886902574e-08,True,True,220.92576099415967,220.92461732915092,221.28222164872926,231.9019069137071,True,True,587.9101310464919,583.4948842997854,590.8737083849733,618.0940541219264,True,True,True,True
0.053,0.07200000000000001,0.048,0.023,720.0649466669767,623.5463211389394,694.2460695823087,720.177145601217,True,True,0.10875326723921334,0.09635059864623345,0.10602902286890366,0.10875342626658704,True,True,2.346584595134887e-05,2.182990544385815e-05,2.1851697041550884e-05,2.3461326356560735e-05,True,True,1.8783754180872273e-06,1.787335597515664e-06,1.8472662909008047e-06,1.8783830084755962e-06,True,True,265.4763949508948,265.0352167342023,265.48148010780994,265.47682448773855,True,True,724.7914115537577,723.4387419491185,722.7148408961314,724.7926203976206,True,True,True,True
0.009000000000000001,0.073,0.018000000000000002,0.048,1599.4064796237858,1247.695382670513,1532.9246201363903,1599.4204251097367,False,False,0.09933868374477711,0.07925327251138496,0.09406761661035905,0.09934952053460515,True,True,1.9176662512444465e-05,1.618574388054142e-05,1.856825765822032e-05,1.9180355755150632e-05,True,True,2.0225613533566722e-06,1.8293058069292478e-06,1.7352915890648262e-06,2.0225205875299567e-06,True,True,260.3432181527394,259.6569483338497,259.92463207341257,260.413734345488,True,True,690.1129900292955,684.9244454120008,690.1142618639902,690.1100324162458,True,True,False,False
0.067,0.033,0.028,0.005,167.57240115492453,167.08065356324428,167.57842545441045,181.5436277529772,True,True,0.05622105792975534,0.05670140004238075,0.05960294312680245,0.07389622754098159,True,True,1.2738012775531708e-05,1.2737475621001525e-05,1.290768204524909e-05,1.4920752988321954e-05,True,True,9.170305817822891e-07,9.159340756285962e-07,9.383882588482374e-07,9.670327200090282e-07,True,True,264.6736538651165,264.2004384497974,264.67323701744937,266.3264336009796,True,True,722.9646602556041,722.97014836768,723.1760119133397,730.6776055151162,True,True,True,True
0.007,0.075,0.019,0.047,1563.2306471485936,1312.807370374844,1552.7105491368234,1563.266371640577,False,False,0.10025458575678468,0.08141107947848847,0.1007586966077752,0.1000478363927688,True,True,1.9755227740100774e-05,1.691316463609145e-05,1.996530791834625e-05,1.9748271455678226e-05,True,True,2.0743119446176534e-06,1.830242527914106e-06,2.0728845240035748e-06,2.077762064481634e-06,True,True,260.2389470204592,260.23738163574865,259.61653134706523,260.2366565088522,True,True,688.9972365305928,683.6462506006611,689.0651950707211,692.1417125020974,True,True,False,False
0.005,0.027,0.049,0.048,1471.9423678472644,1191.599471295245,1362.4790433795702,1483.00240780627,False,False,0.11622084199154216,0.09307678232284568,0.103213580651889,0.11629331026256982,True,True,1.4776478612843887e-05,9.79129342584576e-06,1.4776126111649419e-05,1.4772125897856409e-05,True,True,6.929190844450797e-07,6.456630158295357e-07,6.264038627427677e-07,6.930633138012918e-07,True,True,240.53783558618863,240.44485924447127,240.54022239871347,242.5111592537414,True,True,630.1911066949913,627.637123532143,630.1930966310046,632.5845594576592,True,True,False,False
0.146,0.033,0.008,0.004,141.19641950500088,141.209980863893,147.24271567758362,152.7563834861034,True,True,0.02860232121088613,0.028139395986904573,0.028629541929382666,0.03394550059596313,True,True,9.190346552105867e-06,8.243737954726995e-06,9.14773808781637e-06,1.0030862349806793e-05,True,True,9.648957704281059e-07,8.75269154255143e-07,9.821974461862659e-07,9.65029263425989e-07,True,True,287.73431135691806,281.8539736256962,286.91766148261615,287.83607380113773,True,True,824.5307794130778,800.6334371644454,822.2384637374764,825.9252294369717,True,True,True,True
0.14300000000000002,0.016,0.004,0.027,942.8590388542277,932.6098328594363,942.6205404090641,955.5591458904681,True,True,0.04038877236114198,0.039256312054811,0.04045353429489659,0.044988075300470554,True,True,4.769054372899924e-06,4.768743432348648e-06,4.720372611936352e-06,5.663293174590981e-06,True,True,4.661602492045201e-07,4.473370739205217e-07,3.7238665483547407e-07,4.874295648383852e-07,True,True,281.78822580863033,278.16949214971214,282.0904532259822,282.43490237591095,True,True,806.9223992682295,794.1748788935662,807.4385201761562,810.4192108351772,True,True,True,True
0.044,0.008,0.07,0.046,1338.8485473873186,1186.0486108069617,1236.6640737704463,1339.0368787058565,False,False,0.12826305655111275,0.11739917966780983,0.12652353736748054,0.12827229719635547,True,True,1.434786475143488e-05,1.3569858019621578e-05,1.4143455941686375e-05,1.4558180350847058e-05,True,True,1.9718350137299595e-07,1.8906370379314253e-07,1.9716217288223343e-07,2.0453569387510745e-07,True,True,240.13996926241012,240.03115557190773,240.14228374863907,240.66822446703492,True,True,647.0965049234811,644.2484075323354,647.0140101052162,647.0967979356141,True,True,False,False
0.029,0.055,0.066,0.048,1412.021821656085,1086.540208074424,1422.502937264345,1412.0155236280423,False,False,0.14108038327852362,0.11981389295333027,0.13951137526388127,0.1412203588974,True,True,2.2370490699611804e-05,2.0167069869212526e-05,2.2372839552304086e-05,2.2381670278456864e-05,True,True,1.353052895424897e-06,1.353226815052807e-06,1.3551634081788514e-06,1.353189679653514e-06,True,True,249.46683911306738,249.4123888744288,249.20934286592663,249.89890591010365,True,True,670.2164566665945,670.1769476854099,670.2230548437022,670.2164637546758,True,True,False,False
0.051000000000000004,0.006,0.075,0.048,1378.3656733420933,1230.437536372506,1380.2656934726688,1378.426347934857,False,False,0.13365546654091462,0.12495875814117333,0.13365313190736153,0.13363463598228478,True,True,1.470596385364631e-05,1.380554199246407e-05,1.460266980369458e-05,1.4806190180727876e-05,True,True,1.4662900251075297e-07,1.397063376479723e-07,1.4816611995657753e-07,1.4861932542205482e-07,True,True,239.96567993527566,239.2346277597549,239.7943869743682,240.67574459583597,True,True,650.2680774827801,648.151043361182,648.5459311894788,650.8823897364734,True,True,False,False
0.011,0.008,0.091,0.005,144.02266284166933,141.27423133953636,143.5595127339881,152.71394147838606,True,True,0.11581018808717976,0.11581040876594567,0.11563343687142283,0.13732624118318992,True,True,1.7374923596925878e-05,1.7379521496377373e-05,1.7356864416654925e-05,2.127097404193696e-05,True,True,1.9331141578372832e-07,1.8001878105715582e-07,1.8253694396953699e-07,1.9331218064814857e-07,True,True,230.8461795959892,225.76561801652687,228.41290836220077,230.84866177325551,True,True,602.256560050378,590.8297711219535,595.989997742416,602.2520478279071,True,True,True,True
0.047,0.005,0.075,0.047,1350.6557064916133,1248.8069595991094,1409.4683318455911,1351.082719432972,False,False,0.13259502573522483,0.12604726991092333,0.134298189020639,0.13662189914055142,True,True,1.4518333280301656e-05,1.2958187980711233e-05,1.4750534879815003e-05,1.4518366917972472e-05,True,True,1.2274748489972262e-07,1.1169352366874672e-07,1.2266944416841762e-07,1.230906276359395e-07,True,True,238.85244710523767,238.40415441679573,238.85343913847038,239.57316358792986,True,True,645.0328635922567,639.9350058712308,645.6907226590889,647.5981836813008,True,True,False,False
0.017,0.05,0.044,0.009000000000000001,288.4279479117177,283.5714225106835,288.41701544328606,303.26924985043973,True,True,0.08487484618505924,0.08487484531428047,0.08486807799540767,0.09606140399286671,True,True,1.8663752904267188e-05,1.866188922224846e-05,1.9238572927999318e-05,2.1901075250366803e-05,True,True,1.3319216381257834e-06,1.281615040416516e-06,1.3341351353308383e-06,1.376520660130638e-06,True,True,253.42120193736108,252.0948811534257,253.4078228189078,253.42333191133636,True,True,670.0835435187696,669.9591706837915,670.0571172253467,673.0987517334536,True,True,True,True
0.048,0.048,0.016,0.03,1016.0521472045593,1012.3009514873247,1016.0841330791947,1028.6886023906245,False,False,0.07083603764661688,0.0647223020342409,0.07012688070060275,0.07182638145143787,True,True,1.374323192277699e-05,1.3743432169701164e-05,1.3591919930261647e-05,1.3723642563580177e-05,True,True,1.352141802709373e-06,1.2760811153652605e-06,1.3499323102483982e-06,1.375029300424554e-06,True,True,264.8786992584619,264.5946204706176,263.93606286179636,264.87942173772797,True,True,717.5230335521043,717.5246247921227,714.3367441824967,717.5184619633123,True,True,False,False
0.012,0.011,0.013000000000000001,0.03,1024.1910611763856,998.4860863609231,1021.8515134334788,1024.215360046729,False,False,0.05371931066275415,0.05323810741757356,0.05372356539895364,0.05372109840957102,True,True,5.384412676141422e-06,5.205864555064282e-06,5.3828168594118255e-06,5.529552549555529e-06,True,True,3.1513966974671123e-07,3.1487126180502677e-07,3.151434448916711e-07,3.151430791429453e-07,True,True,247.64925166090333,247.51073308964814,247.65147923847917,247.96128792149204,True,True,648.3895253322917,648.2898989392197,648.4234263973113,648.6055606770781,True,True,False,False
0.052000000000000005,0.005,0.046,0.046,1419.5732280229504,1337.2622433663473,1459.1407154538047,1470.1315845622692,False,False,0.10406429362250734,0.10019120870433645,0.1040841024784925,0.10424203740211217,True,True,1.0141597768714119e-05,1.0046184831494441e-05,1.0151860263650444e-05,1.0817373949887108e-05,True,True,1.3151145511162044e-07,1.3044229525785452e-07,1.316626716031511e-07,1.3090468973911886e-07,True,True,246.69226859462813,245.10530334209733,246.52356959660412,246.69613310677002,True,True,667.7794333542752,666.616374722881,667.7789227264158,667.7531546763012,True,True,False,False
0.023,0.005,0.123,0.004,108.06085783594952,98.41050794082575,107.68782974899095,123.11566525087713,True,True,0.1418037226475395,0.13779508306243124,0.14297030132241118,0.15634689277079772,True,True,2.085912081568013e-05,1.9820871706925074e-05,2.098432281809837e-05,2.3025163134567836e-05,True,True,1.1365366485214204e-07,9.89645610515993e-08,1.0872702585402813e-07,1.1366178174232193e-07,True,True,225.6759808571059,219.95979592750047,222.54462663882904,228.84475784865913,True,True,594.8853565732948,582.8138538943164,584.5923345169457,601.4737712633604,True,True,True,True
0.061,0.029,0.061,0.034,1019.8893551289746,938.9636697310801,1021.1238964716621,1021.8938424064887,False,False,0.11679762764039989,0.11461543911589385,0.11675953564685318,0.12002647384708158,True,True,1.697534616990407e-05,1.703677342914441e-05,1.711608892760831e-05,1.7449264386267706e-05,True,True,7.281693850837306e-07,6.217870312514721e-07,7.266092363791103e-07,7.282076832833022e-07,True,True,252.4842845274911,252.4833307404887,252.24982286228118,252.58366564160843,True,True,690.1335950427825,690.1336965985063,688.2792366562243,690.1348487954117,True,True,False,False
0.046,0.008,0.101,0.037,1008.4449681974402,991.7373286884065,1017.2009674109772,1017.2898372320749,False,False,0.1481425469357086,0.1393385799985128,0.15330316281038972,0.14819455254614672,True,True,1.8543898447453552e-05,1.8158172239390547e-05,1.8782674670952065e-05,1.886623859781601e-05,True,True,1.850217405158807e-07,1.8502717761314736e-07,1.863484080413201e-07,1.8758509316724932e-07,True,True,234.25456744846545,232.8149893928301,234.2186208935311,234.71476999195195,True,True,632.3395126880542,631.86011107983,631.6032296068698,633.661993173011,True,True,False,False
0.033,0.051000000000000004,0.064,0.007,214.01995761957556,214.0191729992744,214.01988733640104,231.3109301638574,True,True,0.10471013404351089,0.1047181295098646,0.10476280719611884,0.11901228514657038,True,True,2.1666517916203003e-05,2.1665684176219453e-05,2.1856225617226333e-05,2.3440671174399423e-05,True,True,1.2946071322347443e-06,1.227823489211459e-06,1.2939633706531513e-06,1.3241557272036544e-06,True,True,253.01707852974047,252.83871132058178,253.01906665597255,253.0175660536332,True,True,677.6332599454173,677.6218410120205,677.6147926115743,677.6111222994873,True,True,True,True
0.069,0.033,0.006,0.007,248.13081628114534,235.3694216789517,235.51129669740132,281.81066860951984,True,True,0.028975671190072702,0.024905997331323943,0.028770484518921762,0.04109633085946927,True,True,8.726232620431692e-06,8.716554786926755e-06,8.656580265119859e-06,1.0672164070025412e-05,True,True,9.714106070850827e-07,9.348672780443766e-07,9.713872531188207e-07,1.0426564938989413e-06,True,True,269.9871602410206,268.227983267331,269.96864572491245,274.3950408099763,True,True,737.8498187597387,733.7201740287978,737.654373613164,755.2205275696397,True,True,True,True
0.063,0.016,0.012,0.03,1025.2198705053709,989.1878235377462,1044.7515637975253,1079.9671055151398,False,False,0.05414897110538168,0.054147011964584525,0.05427309585950257,0.06152502242026326,True,True,6.304992454704776e-06,6.304997464881148e-06,6.2430505151591945e-06,7.210498035773377e-06,True,True,4.569213620980306e-07,4.569044771695234e-07,4.5692378822039005e-07,4.5692159933906583e-07,True,True,261.06645284315215,260.37892510130484,261.0664415716733,261.1202186297512,True,True,710.9851722797595,704.8783880574586,710.9850676280604,720.3796750372993,True,True,False,False
0.128,0.017,0.04,0.01,321.5082699273265,314.38505068375105,322.81716796727005,332.45485443560057,True,True,0.0696197445499913,0.06302822468160167,0.0678196307611066,0.0699845448313828,True,True,1.1552446656345772e-05,1.0911888698345356e-05,1.0928485892707872e-05,1.1567421109861516e-05,True,True,4.5647632476052275e-07,4.289583156371787e-07,4.6022147673516206e-07,4.6237116351188114e-07,True,True,271.6800054310151,271.6799260439056,271.9703174212995,271.85057094559374,True,True,771.7103527708138,771.7068486840247,776.7792691677884,774.5874028031733,True,True,True,True
0.029,0.004,0.028,0.022,724.5945258127784,724.1468708082563,756.4357684503224,962.8696786335187,True,True,0.06220802534795242,0.0591711196021642,0.06322392917982571,0.084452833333035,True,True,6.76235320524501e-06,6.588016353288831e-06,7.720365095247106e-06,8.861496977169602e-06,True,True,1.1286057345032116e-07,1.1021259722426587e-07,1.1263219241721527e-07,1.3998291303010053e-07,True,True,247.02971574204705,245.38211476325392,247.03569892066727,247.03240630060031,True,True,654.2414746573216,654.2201173475117,654.8152018801703,658.9923002604959,True,True,True,True
0.009000000000000001,0.128,0.018000000000000002,0.008,276.37468165081464,273.912661741916,292.4768869196348,305.43728767338655,True,True,0.081282072654264,0.08120767344084104,0.08129136127007376,0.08820255471646377,True,True,3.115758381388204e-05,3.1189137119652745e-05,3.100202816828969e-05,3.314044578684844e-05,True,True,3.658128688386396e-06,3.660121730894264e-06,3.658773143248163e-06,4.0674612102744236e-06,True,True,277.58465369967917,275.06538171874683,278.60974039380056,279.8049200361772,True,True,739.4823821895537,729.467802952645,740.7456370744779,748.5880089741404,True,True,True,True
0.047,0.094,0.004,0.029,1018.9911095860948,982.8053758786579,1018.9840175308026,1018.9496934589351,False,False,0.07178734508984352,0.06879857944407922,0.07183980414994674,0.07346706684343217,True,True,2.158569278096861e-05,2.1585540136128093e-05,2.1574969206257013e-05,2.213392872606751e-05,True,True,2.739349789886747e-06,2.7224264606612823e-06,2.7708665527802184e-06,2.83111882700162e-06,True,True,279.27022912471125,276.7070433319164,279.27036591174914,280.7001376068342,True,True,760.7737278589784,756.0104088584905,760.8717981239122,762.0519541739325,True,True,False,False
0.026000000000000002,0.046,0.076,0.035,1013.8396129925427,1001.3462563193324,1005.0621525548038,1022.1323104063105,False,False,0.13702080389022822,0.1362729707032021,0.13702259131200958,0.13770363811863787,True,True,2.2084555832033575e-05,2.021977835031575e-05,2.206659398004556e-05,2.208564649337263e-05,True,True,1.1153663429691427e-06,1.0548381302913995e-06,1.115379825695598e-06,1.1207520686326677e-06,True,True,245.19092057573118,245.19049095323803,245.19094050210595,245.4268456922775,True,True,655.2398025988834,655.1632700618363,655.2173173280855,657.2331031954272,True,True,False,False
0.067,0.068,0.025,0.031,1023.8604056339284,1023.7553899535783,1023.8576661199914,1046.6897913811943,False,False,0.08952109491401572,0.08951794794891339,0.08950768961684318,0.09073154178020444,True,True,1.9347171404369267e-05,1.934970028266655e-05,1.9324497304983096e-05,1.949508310335394e-05,True,True,1.8682607810374843e-06,1.7952302650868723e-06,1.8641424270135912e-06,1.8697394657508464e-06,True,True,272.3252458184535,272.35238532534765,272.32465004689317,272.4810357736964,True,True,749.9333264343398,750.24126932471,749.9395072341727,751.2444399958586,True,True,False,False
0.131,0.015,0.018000000000000002,0.033,1103.7024419311765,952.4202617111506,1068.3212000435847,1104.491887093372,False,False,0.06409626820902123,0.060353480798249544,0.062171366036534725,0.06358114848248982,True,True,7.300080175340147e-06,7.0640890701476965e-06,7.3869619496129364e-06,7.298862994127118e-06,True,True,4.1946353006538175e-07,4.1967720799344057e-07,4.265707796248935e-07,4.5671679978677413e-07,True,True,275.0817576308115,275.1030224840375,277.40377873579627,277.2066514659369,True,True,783.5790248956619,784.2438468010812,790.265593039053,799.5139138170463,True,True,False,False
0.026000000000000002,0.063,0.047,0.04,1240.6424054422343,1084.3660077434083,1163.689812659615,1240.5239216712714,False,False,0.11933405090142221,0.10835310897592342,0.11471729055774162,0.11927447052247446,True,True,2.144133915657753e-05,2.1112299609589712e-05,2.1237389586114183e-05,2.1441466897180132e-05,True,True,1.630209366036153e-06,1.569477702954236e-06,1.5927417335706693e-06,1.6330388361477343e-06,True,True,255.76807319035368,255.36713323479563,255.7688000328246,256.1314555842389,True,True,685.3542490625198,685.3550364450573,685.6475858203346,685.4197117079894,True,True,False,False
0.036000000000000004,0.018000000000000002,0.004,0.029,1015.6337723558777,1012.029097243503,1015.6029964199356,1128.510248293541,False,False,0.04334772118078191,0.04334694024725823,0.04333669836843448,0.04777035430701291,True,True,5.08475021978465e-06,5.008141570900858e-06,5.0837841481628785e-06,5.357469664273438e-06,True,True,5.259962200130315e-07,5.260072763799265e-07,5.258344435012618e-07,5.898027540731166e-07,True,True,257.1749815064463,257.1674348167345,257.17611328055443,257.4800734587583,True,True,686.7144411316133,686.7111976247782,686.7095152105265,692.9092088029352,True,True,False,False
0.134,0.004,0.042,0.016,508.41251010592396,427.6482791530394,506.7329743730312,503.8916656667006,True,True,0.07290427209539589,0.0649263886476425,0.07265196032502252,0.07462762001689553,True,True,9.321684946866184e-06,8.952784877233602e-06,9.024184273892729e-06,9.339346014658445e-06,True,True,1.0855035802279255e-07,8.776280661109129e-08,1.0918106413026661e-07,1.196875986918872e-07,True,True,268.8191957930433,266.22971982793706,268.9467172376274,271.1651951586149,True,True,766.1062548646236,759.7474404306337,768.7767626188514,775.7036837261535,True,True,True,True
0.033,0.121,0.024,0.011,371.9951656146868,328.68237030854766,369.5743566612441,372.233558913589,True,True,0.08869712723994466,0.0887057247035377,0.08871581171437237,0.08876502090871528,True,True,3.0387308494767633e-05,2.7901751359175214e-05,3.0020197942042034e-05,3.0434776638573575e-05,True,True,3.391449501071306e-06,3.2312050809542058e-06,3.390709270511287e-06,3.4504619333925364e-06,True,True,279.78849588233817,278.2342605412532,279.4024346890723,280.24489530090165,True,True,757.2167624689467,748.7226312132117,757.0522614463957,757.2315013918768,True,True,True,True
0.043000000000000003,0.048,0.015,0.03,1019.0692686906783,1019.0874199155776,1019.083965000855,1018.554358910339,False,False,0.06961953877292866,0.06312231667271563,0.06899099422063672,0.07093382450244284,True,True,1.3574210546405081e-05,1.321085362528669e-05,1.3538645255678968e-05,1.419434776855774e-05,True,True,1.3560281512418975e-06,1.2880731957187505e-06,1.3556810119785001e-06,1.4574170736176158e-06,True,True,263.9386879020297,263.7641717737205,263.93768651367975,264.6047056664161,True,True,712.4251674401472,710.2261301613757,713.0382000268366,713.44926269635,True,True,False,False
0.008,0.107,0.04,0.038,1204.7712667758315,1126.2760094600637,1171.0541140303048,1203.9710233169558,False,False,0.12555417898214988,0.12213231431925368,0.1253405828232826,0.12554368569813146,True,True,2.9128758935708945e-05,2.76056396652523e-05,2.9137226793134358e-05,2.9100513878247815e-05,True,True,2.82543011971109e-06,2.5111342681716586e-06,2.7330397288982196e-06,2.888130802633905e-06,True,True,264.6188725370882,264.36866196792477,263.4213556689091,265.6577115251915,True,True,704.869626133809,702.4184548580597,704.9862006355162,704.8798175898846,True,True,False,False
0.10200000000000001,0.006,0.04,0.047,1469.1359515723825,1313.2687688582291,1352.2096988025673,1468.7090458965565,False,False,0.09883464813527713,0.08493438896467681,0.09057606894424428,0.09883196808867546,True,True,9.37367757727107e-06,8.67792661937582e-06,8.775858973828587e-06,9.379178071584758e-06,True,True,1.5897716275742834e-07,1.5592888757198836e-07,1.5992112476571158e-07,1.5899574920306375e-07,True,True,259.9062599977483,259.81725232209527,259.9053349201252,260.79615139595825,True,True,728.7964102365481,727.4829923242106,728.7960504992031,729.7517691411622,True,True,False,False
0.052000000000000005,0.019,0.082,0.03,858.0903251486556,851.0504809995,892.9860552284857,947.3134424515537,True,True,0.13004744596474604,0.1286535295142042,0.1302550406329002,0.13019858170581308,True,True,1.8043596958787994e-05,1.725461792882086e-05,1.8091977477636772e-05,1.8053989541482417e-05,True,True,4.56614288933981e-07,4.2306841497780775e-07,4.696405134939725e-07,4.847400907675147e-07,True,True,243.34824926224752,243.31664076185908,243.3463045204637,244.22576265443615,True,True,660.01683087161,660.0171515025729,660.0138792350272,665.5450660444606,True,True,True,True
0.05,0.004,0.032,0.005,165.58890522706403,164.05626594963198,170.58114051996498,235.90653662769753,True,True,0.05100576841758387,0.04983159043038246,0.05433337015596402,0.07839650366110462,True,True,7.477141097877362e-06,7.184185352774818e-06,7.292317246642103e-06,1.0025594387983888e-05,True,True,1.129449957916495e-07,1.108328893671397e-07,1.2079010789641203e-07,1.3177185257892597e-07,True,True,252.34305122567113,250.1924516930234,252.34301630904525,252.4357055239982,True,True,677.8174364161348,675.3637962294183,678.7150490914181,677.8293473130625,True,True,True,True
0.007,0.024,0.039,0.032,1017.9277536251199,1017.9252282038274,1017.7985322148754,1036.722266962872,False,False,0.0910123459212217,0.08950236663470268,0.09101920761549667,0.09640647691298665,True,True,1.2664407863222177e-05,1.260511075361754e-05,1.264672152255512e-05,1.3187028463730541e-05,True,True,6.384184741332276e-07,6.331118420380161e-07,6.383956544207338e-07,6.961199603562082e-07,True,True,243.75353111345567,243.41128346665602,243.75282020389295,243.7536270854004,True,True,637.8054859844988,637.5356987619879,637.8052543659643,637.8019866907293,True,True,False,False
0.011,0.051000000000000004,0.004,0.029,1018.3226437659495,1003.2419797790703,1086.116939274673,1408.944232137157,False,False,0.055742278534370866,0.0551770893809349,0.05804335834505394,0.0723249431803481,True,True,1.2209156505363783e-05,1.1674686604814688e-05,1.2208799043446654e-05,1.5610781652591843e-05,True,True,1.4874018353367548e-06,1.3421642800442031e-06,1.4863003012336117e-06,1.6514013181187433e-06,True,True,259.81906123614385,259.12243424921235,259.8117404266467,260.03930982469717,True,True,685.0343620542786,684.1077977727806,684.8962703530763,689.1901702764735,True,True,False,False
0.038,0.08,0.005,0.029,1015.7550425599895,1015.4982511802363,1047.1820144890842,1131.0214334348752,False,False,0.06784685337192678,0.06784490516408526,0.06794512438899517,0.07316240931416176,True,True,1.8696575693299976e-05,1.7839022780596653e-05,1.87646119335262e-05,2.044249532409033e-05,True,True,2.3249585933687975e-06,2.324659077271606e-06,2.328174560688389e-06,2.336759284249822e-06,True,True,273.34248633608314,273.3408047010972,273.38204025654005,275.499768142805,True,True,738.623431154957,737.9216842946681,738.6673088396627,747.8223263290902,True,True,False,False
0.005,0.036000000000000004,0.09,0.048,1334.8675128045454,1112.6786282162727,1334.7347168548365,1349.3275253097077,False,False,0.1556949083605704,0.12601849600116494,0.1556927211200978,0.15569314050245375,True,True,2.192759590799895e-05,1.710874204594154e-05,2.0619197871655947e-05,2.192769555150849e-05,True,True,8.401006814437597e-07,8.401201690242194e-07,8.401472253033208e-07,8.402546937105999e-07,True,True,233.5232986827181,233.2626159141743,233.43906850248524,234.75623479113582,True,True,613.5229466273829,613.4983471789551,613.7817446240682,618.41155300992,True,True,False,False
0.024,0.011,0.099,0.037,1013.7868894764166,1013.7547412594429,1013.925399767021,1013.7859573914609,False,False,0.1475024534370529,0.1466604675905731,0.14750361816571284,0.14762297503617292,True,True,1.8795913502733925e-05,1.8794980421687486e-05,1.8810596785669037e-05,1.8798763466676308e-05,True,True,2.548262298041775e-07,2.2922920016215766e-07,2.550704998435537e-07,2.548926559466975e-07,True,True,230.34195939814424,230.34494440558623,230.34490913313977,230.3463667228686,True,True,610.9311040681936,610.1601535979039,611.0670949252539,610.9599441292528,True,True,False,False
0.004,0.06,0.111,0.004,111.28831757970026,80.31130014807572,111.06413137746478,129.69075100687385,True,True,0.14802966991497163,0.13559177030134195,0.1495770644924293,0.148052718811319,True,True,2.878661919610318e-05,2.7271757273556047e-05,2.8786943868040826e-05,2.900176612929286e-05,True,True,1.3731521380843332e-06,9.94646988275216e-07,1.3103759840012205e-06,1.3741851572713993e-06,True,True,238.104249642997,238.104412518878,239.2750742119497,240.20521600997444,True,True,624.8624267919897,624.868538164387,625.4145797377751,631.1649127784143,True,True,True,True
0.026000000000000002,0.009000000000000001,0.088,0.036000000000000004,1011.8362557158579,1012.0835174758572,1011.2688536520266,1015.0813385850784,False,False,0.13693322272739655,0.13639020834035764,0.1377759315872872,0.1450026127488741,True,True,1.7037864801647987e-05,1.597481280225161e-05,1.7020730894762397e-05,1.8159861275523553e-05,True,True,2.1419042036576445e-07,1.7208109089469785e-07,2.1418992666634484e-07,2.1513576384798947e-07,True,True,232.87493643685556,231.11834835633346,231.25209717724857,232.8749482666354,True,True,618.1317692307044,615.9490992280142,615.1369769272885,618.1165559340965,True,True,False,False
0.007,0.017,0.012,0.03,1027.552998520339,1027.5708791200914,1027.7451895117154,1047.0668389381176,False,False,0.054630809055443985,0.051672258837428,0.054400943433750966,0.06074696636652577,True,True,6.441000068420925e-06,6.176574173115337e-06,6.351809995714406e-06,7.566879201182657e-06,True,True,4.865944498839854e-07,4.846258976387652e-07,5.346850988589594e-07,4.867020014987293e-07,True,True,248.2532692463118,247.32455063593304,248.25375975562935,248.4403459499258,True,True,648.1529350113855,647.4411252568198,648.1523436820743,649.2988147789348,True,True,False,False
0.048,0.112,0.021,0.016,542.2832548900718,500.3002655340561,543.4292754208262,549.0657504355802,True,True,0.08660693346411892,0.07556340552440836,0.08666583837108019,0.08665724034950908,True,True,2.8044847366536413e-05,2.4895068471141146e-05,2.755985756846575e-05,2.805237977244508e-05,True,True,3.149730935293253e-06,2.7114025803366228e-06,2.9548734524366964e-06,3.1499448021911264e-06,True,True,281.271880239315,276.9205413562887,279.99999000286056,281.2849333518852,True,True,768.1229059168761,760.4007218952704,766.511168325477,768.1502970934154,True,True,True,True
0.045,0.017,0.027,0.025,823.7291173064198,823.6558194967913,890.3473604453152,963.4532772851511,True,True,0.06835323902670153,0.06835186962781392,0.06847642243796725,0.08104845643726684,True,True,9.260655827091164e-06,9.266483834518493e-06,9.2605313055959e-06,1.0698259656331016e-05,True,True,4.686039038706479e-07,4.646918517336536e-07,4.6863609605012663e-07,4.7162446581262634e-07,True,True,254.0977744125252,254.09617538527064,254.09521977603282,254.09829230101212,True,True,683.1774241951908,683.1679131584546,682.9601440713275,686.2788361701163,True,True,True,True
0.111,0.011,0.046,0.012,379.24778924979194,374.2221001226973,381.0535167367213,379.2403634264737,True,True,0.07629268920263804,0.07390391212348743,0.07629543765050922,0.07640098308646781,True,True,1.134560003033479e-05,1.1345609413738091e-05,1.134957121657713e-05,1.1344639954842044e-05,True,True,2.9172916155388814e-07,2.585396330031959e-07,2.924835687963249e-07,2.917367934221896e-07,True,True,264.6523858294516,264.6313491739051,264.65270663559835,264.65455041462127,True,True,743.7866619908702,743.3347970224394,739.3649646932887,743.7907686994315,True,True,True,True
0.031,0.027,0.04,0.032,1014.5259551877084,1004.8592028192932,1014.4938252873392,1034.4273918656322,False,False,0.0930392410919882,0.09275649179786098,0.09296063692643847,0.09603007612255386,True,True,1.3432767899285594e-05,1.2980455441068664e-05,1.3131981321571686e-05,1.4356474340609832e-05,True,True,7.153742975648838e-07,6.847536704335517e-07,7.15378465529956e-07,7.205904679171273e-07,True,True,249.9002628254774,249.54550080205146,249.55429956668746,249.9008397367565,True,True,666.9283627668538,666.1842774833844,666.9411745220494,666.9409506628793,True,True,False,False
0.036000000000000004,0.014,0.031,0.048,1539.0604352540747,1238.473515050344,1470.6024168642393,1539.9155056860761,False,False,0.09299672245142752,0.08015298894060478,0.0901847016107948,0.09305389841397758,True,True,9.354925868037373e-06,7.7882727532736e-06,9.37689601337399e-06,9.408651600281993e-06,True,True,3.7645272523206897e-07,3.289405159617676e-07,3.6773389041008126e-07,3.763721538144123e-07,True,True,248.52914228039836,248.52924103417814,249.03510285733984,248.57358099065843,True,True,665.4114041793927,664.2810825286082,665.3745077556612,670.0488945868179,True,True,False,False
0.004,0.043000000000000003,0.088,0.006,173.9113464327013,156.3629073217758,164.984585676269,183.067132915047,True,True,0.1245720507129177,0.12422001793944652,0.12457537073749332,0.12448521069705953,True,True,2.3224658618818436e-05,2.1929038259349007e-05,2.322418099123119e-05,2.45459949019314e-05,True,True,1.0342604269272919e-06,9.90253518705279e-07,1.0345670837428773e-06,1.0676922957423116e-06,True,True,238.81267028634602,237.24713669307968,238.81565783513426,238.8653829223626,True,True,624.2890793574832,620.9319588529938,624.1535925502408,624.3156691505233,True,True,True,True
0.005,0.046,0.094,0.004,115.28701368733495,99.93872531250292,113.85483170350165,135.80818504752966,True,True,0.1293605106200332,0.12936028962764728,0.12878107297233046,0.13974801763222464,True,True,2.4490318206430648e-05,2.4478835434688004e-05,2.449004479810639e-05,2.69710468877828e-05,True,True,1.0928342468125977e-06,1.0928328634017833e-06,1.091478270613328e-06,1.092836460480268e-06,True,True,238.60647028693953,237.71839332005513,237.9296423136435,238.8383283737357,True,True,624.59049973405,621.6009114073221,623.1097550066615,627.4418603736451,True,True,True,True
0.073,0.019,0.009000000000000001,0.03,1033.602225598983,1013.4863074330467,1025.6722025193203,1057.3915890173087,False,False,0.05133281576362964,0.05069560734609749,0.051314976819587514,0.05897972390399258,True,True,6.350908168814459e-06,6.350520934345333e-06,6.691230450418263e-06,7.290825633646554e-06,True,True,5.461504161469602e-07,5.367762291597565e-07,5.461002859893788e-07,5.779338262771096e-07,True,True,264.8538182153501,264.8529292585935,264.84671618328997,265.5963794753286,True,True,726.5326596286108,726.5054016458187,726.525550766066,735.866519049281,True,True,False,False
0.013000000000000001,0.021,0.08700000000000001,0.036000000000000004,1015.0814253725729,943.262996662349,1013.964008060873,1015.0287288972953,False,False,0.13976237968621982,0.12783967101868826,0.13218971187994674,0.13977209730173867,True,True,1.8999979591001644e-05,1.7294170369843546e-05,1.8399823634468578e-05,1.9000159111731058e-05,True,True,4.977147077511702e-07,4.7168244365731527e-07,4.953027273347397e-07,4.977199927793324e-07,True,True,233.1521144379639,232.81275516644797,233.25974978962506,235.81899914011836,True,True,613.6632543567476,611.2437531337289,613.98928416474,617.1013011967347,True,True,False,False
0.004,0.067,0.033,0.019,621.4673341381077,607.2101261873929,594.1809300108782,631.6433108151766,True,True,0.08744500128759797,0.08740494952469059,0.08746048950280412,0.09151972775266154,True,True,2.0384864632942463e-05,2.0380578966960005e-05,2.0375614161035007e-05,2.1846202474349953e-05,True,True,1.8234279539162326e-06,1.5838009882955353e-06,1.8108714240495535e-06,1.8237422463211182e-06,True,True,256.47867444726126,256.14373674987996,256.4780464694658,256.47847524810544,True,True,674.3011076145651,670.8091895076496,674.2677296885674,678.356931352864,True,True,True,True
0.085,0.008,0.018000000000000002,0.031,1039.8881552539679,1039.6196673710715,1038.4098196794168,1110.764233476094,False,False,0.05978089393765293,0.05977466232974988,0.059531542286227444,0.0662598589317388,True,True,5.798423973298667e-06,5.796504002032322e-06,5.647924970114232e-06,6.326761799530484e-06,True,True,2.2600849971291577e-07,2.260084152436486e-07,2.245114585769886e-07,2.315857713594698e-07,True,True,262.7044125924006,262.6687990176195,262.50593490569355,263.5438767815824,True,True,725.880950252677,725.8732672640192,725.8809843735909,730.2312324262685,True,True,False,False
0.045,0.018000000000000002,0.019,0.048,1588.9206233660611,1235.1693999930503,1390.9426715089978,1586.7792167753953,False,False,0.08079367339384735,0.06264309312985379,0.08010851298879214,0.08080221882784219,True,True,8.049470193343506e-06,6.8809492844622726e-06,7.34574800654405e-06,8.050283019923242e-06,True,True,4.980338598907653e-07,4.181742414426865e-07,4.7462666558602116e-07,4.996765891779152e-07,True,True,254.38600666892998,254.35292695378274,253.64452627516974,254.41100100293244,True,True,685.890497082444,684.2679327566406,686.0618751076308,685.8921505549725,True,True,False,False
0.015,0.019,0.115,0.024,640.7862613475519,627.5313385170831,658.4654903369874,642.2315040734542,True,True,0.15344393483017707,0.14577842604526217,0.15415026056229691,0.157789323993808,True,True,2.2134869509874368e-05,1.9134762963083598e-05,2.2212293291800118e-05,2.2503399717976462e-05,True,True,4.270706127834194e-07,4.165140767906704e-07,4.267290627984134e-07,4.4070919642307806e-07,True,True,227.67101024160525,226.8653926379725,227.5963981198009,229.6165255013324,True,True,599.401068218025,595.7064232173137,599.3852518455444,602.0646576459138,True,True,True,True
0.033,0.035,0.089,0.036000000000000004,1010.3198290687988,1010.669585226205,1003.419889601919,1010.3216322280624,False,False,0.14559533588743817,0.14075320540008368,0.14543995212929078,0.1455956856197871,True,True,2.1723415160836517e-05,2.1724321057282957e-05,2.1693808940904687e-05,2.1730461809012506e-05,True,True,8.238083090454632e-07,8.235372240328449e-07,8.237916928264888e-07,8.238025335702744e-07,True,True,240.96514696079566,240.95215118291583,240.95498410870658,241.25691521920106,True,True,646.5695840325961,646.3575754516953,649.6330957971934,649.4650439077172,True,True,False,False
0.04,0.039,0.065,0.034,1011.136781970937,998.6668160842589,1012.0063915719826,1017.2092899104471,False,False,0.1239094124890005,0.11661722213519464,0.12397780210723144,0.1252053438125027,True,True,1.937840689508458e-05,1.9263517491678983e-05,1.9379862746688237e-05,1.9493134793796094e-05,True,True,9.702764801594297e-07,9.507949872862873e-07,9.468505778928473e-07,9.772738888501143e-07,True,True,249.2413310352793,249.2412688208404,249.34814550973226,249.56585445818988,True,True,672.0298560505229,672.0300400271434,672.0511894476404,672.0333439913267,True,True,False,False
0.08600000000000001,0.05,0.031,0.005,166.37743499190023,166.22577796961858,164.0208175931737,166.3100365286961,True,True,0.06588296714159513,0.06453479359846548,0.06555845673808273,0.07140528997421644,True,True,1.6740144850265736e-05,1.6527151859357567e-05,1.6738354591135396e-05,1.7288665125351288e-05,True,True,1.3767951714797396e-06,1.3640606895239109e-06,1.378324358276599e-06,1.3767934071483072e-06,True,True,272.7904254964937,272.9682557393649,272.9841550155414,274.12483898944924,True,True,756.5710203824971,754.3494984782097,759.772562317427,756.7832089402215,True,True,True,True
0.039,0.074,0.076,0.006,178.92511681104747,172.1982305686828,175.40415268705624,179.74830149506607,True,True,0.12297273454708277,0.11926869253002075,0.12236055403729323,0.12296902929905439,True,True,2.744777801832149e-05,2.7426891947674954e-05,2.734473798006298e-05,2.7448126123554863e-05,True,True,1.8271340171436128e-06,1.7795748918759578e-06,1.8270200247336741e-06,1.8271443339484408e-06,True,True,257.6769581766826,257.67577705759277,257.6773905169072,258.4575091686205,True,True,696.1927535926064,696.1969404402273,696.1510925073243,698.7346718991031,True,True,True,True
0.122,0.023,0.02,0.018000000000000002,606.1549464089795,606.2602801728569,606.0292181305562,607.1558168809449,True,True,0.0550181336809021,0.054528206134545835,0.055049886680108795,0.05522687027178145,True,True,9.305627488284817e-06,8.367254049963332e-06,9.304402474179953e-06,9.303573047241927e-06,True,True,6.456935431119623e-07,6.245928671108349e-07,6.458169127157427e-07,6.572291352818998e-07,True,True,275.7447424074857,275.7417519030401,275.74435150736423,276.11586832986626,True,True,780.4683949443738,774.7992432383437,780.1957153369236,783.8807540644533,True,True,True,True
0.004,0.099,0.04,0.018000000000000002,579.4080204776639,581.5399060841527,579.5304109232062,584.9742374028345,True,True,0.10536147628732496,0.09603681882346198,0.10550215070156532,0.10569998785929902,True,True,2.77948218798541e-05,2.841828840312778e-05,2.8348996856465396e-05,2.772837205849236e-05,True,True,2.650544678793094e-06,2.2559413467646e-06,2.6729077441805883e-06,2.66296241546758e-06,True,True,263.1858001628826,261.691000491696,261.94638237919713,265.37189264767665,True,True,696.253457367053,689.2087201254462,691.6695627903257,696.8265199703447,True,True,True,True
0.077,0.028,0.008,0.03,1036.7997493814069,1009.1157971165126,1036.7997949624755,1198.5370110810632,False,False,0.05332964852164534,0.05291478732572494,0.05333406715070689,0.0613770951225255,True,True,8.07778695737813e-06,8.077750358126122e-06,8.332899093139552e-06,8.89961891985615e-06,True,True,8.055627597484883e-07,8.057635612597876e-07,8.044302528238719e-07,8.056478772684843e-07,True,True,268.3244814880987,267.497677167844,267.84512516566554,269.5269222112755,True,True,738.9490406735346,738.7019415011938,738.9446608308527,742.7373916120006,True,True,False,False
0.004,0.008,0.013000000000000001,0.03,1024.3686128429133,1024.378379782122,1050.2584430554439,1246.9449471311852,False,False,0.05264271402025751,0.052687877683400816,0.05310769148612422,0.05663013149185443,True,True,4.7323171427299265e-06,4.733123335442627e-06,4.730819353082963e-06,4.8799811906156765e-06,True,True,2.3026038896450506e-07,2.3025930333509932e-07,2.2134934868464204e-07,2.4239381682294954e-07,True,True,245.0108751225117,244.9660133952104,244.90975108259875,245.07053991587654,True,True,636.8663760482888,636.3461815463683,636.8768759012895,639.7579602862322,True,True,False,False
0.03,0.018000000000000002,0.051000000000000004,0.033,1016.1496422013867,1013.9177929267852,1015.5026045191521,1076.159976679324,False,False,0.10252386041952223,0.10257788672617854,0.10598891488002486,0.11263715420553094,True,True,1.3410590918536468e-05,1.3373518610886032e-05,1.3406163351083875e-05,1.5080355148687888e-05,True,True,4.647731489174651e-07,4.6310664280758346e-07,4.641438374658951e-07,4.872216927117441e-07,True,True,244.77373072342738,244.65313054086832,244.75066304402873,244.9721043922875,True,True,651.9525769641119,651.9185069413536,651.9356018339747,652.1976248452394,True,True,False,False
0.077,0.063,0.05,0.004,127.4731032833952,24.627393518123743,127.40423354290418,130.61740203215123,True,True,0.09126727713493041,0.0827875022877308,0.08948880597580512,0.09128110250496124,True,True,2.2135163427398697e-05,2.0515818757999322e-05,2.1539298826914255e-05,2.2130393575000288e-05,True,True,1.6551300969576742e-06,1.6276233560117144e-06,1.6474642626411714e-06,1.6722214446090348e-06,True,True,269.78860600500354,268.77841135289856,269.7889860323626,269.788818943566,True,True,745.8946237362336,744.7210607985699,746.0581863899378,747.2726157835939,True,True,True,True
0.02,0.025,0.122,0.031,811.4292641933629,781.0873714157511,821.1772434322343,812.2217431768278,True,True,0.1652813143925456,0.15947376123158347,0.16485279847071727,0.16569547571746143,True,True,2.3862063685711848e-05,2.1638299488015593e-05,2.392477568100488e-05,2.3804708796855005e-05,True,True,5.507283849137078e-07,5.459737222021826e-07,5.458891286558827e-07,5.55574482804958e-07,True,True,228.24184955152455,228.24235953263863,228.94288302378504,229.98073833888424,True,True,605.0105219071127,605.0103803726424,607.4837428616918,611.7420759330201,True,True,True,True
0.089,0.02,0.064,0.021,630.419594999367,585.0298788176684,631.2445476703246,636.0902755121741,True,True,0.10608323125766819,0.09594505119400759,0.10647787014962228,0.10609293982578984,True,True,1.5791297105236716e-05,1.3468284071357976e-05,1.582485855477744e-05,1.58471699457056e-05,True,True,5.030582376880867e-07,4.7235196252356683e-07,5.030054158114309e-07,5.035614470778592e-07,True,True,257.0344233868406,256.76293605705956,257.0356504370638,259.4076283550194,True,True,714.4760822176654,709.8344768315235,714.2677027815222,715.8993774311544,True,True,True,True
0.082,0.009000000000000001,0.043000000000000003,0.033,1034.6600927294014,1028.9326190933823,1034.3654894450747,1034.6771428380166,False,False,0.09091765929447547,0.08343328212373527,0.09052512382862153,0.09091951113972203,True,True,1.0437315233174601e-05,9.965328910788368e-06,1.0438702898550874e-05,1.043777263443846e-05,True,True,2.378490701183372e-07,2.237836787286983e-07,2.3897994601004264e-07,2.523170098544074e-07,True,True,256.42002041296536,256.4196479541834,256.69313676682174,256.6570828721985,True,True,708.435289517911,707.456228621543,708.9493105436864,708.5415834950594,True,True,False,False
0.08,0.006,0.006,0.03,1041.4331073607877,1041.0667170067968,1128.4749486926173,1375.4158314194071,False,False,0.04254207063563011,0.042574249832270906,0.048701986698293946,0.06036171889930649,True,True,2.9821427491133417e-06,2.984129265625996e-06,3.2262126277721115e-06,3.920261860371803e-06,True,True,1.7608940266759006e-07,1.7613165160667621e-07,1.7609299855326607e-07,1.7640383050447526e-07,True,True,263.8315145135128,263.82881560789895,263.8316079034141,263.83136811396656,True,True,725.7100228836767,724.2605521164246,725.7146015189675,730.8618303137197,True,True,False,False
0.079,0.038,0.046,0.033,1028.1754456042236,948.1583469588453,1035.2950525811475,1028.6441260958231,False,False,0.10380465026938082,0.10025506194260082,0.10379835174304616,0.10380510451637937,True,True,1.6521176933658375e-05,1.6051295710304763e-05,1.6521333570334552e-05,1.660050838798186e-05,True,True,9.885521678074794e-07,9.86548164945738e-07,9.923646279139711e-07,9.939075543310262e-07,True,True,262.4862064313506,262.3197579968376,262.50093322863097,262.8849710368653,True,True,726.761257858219,725.7704518598131,729.075540855131,729.0025303113729,True,True,False,False
0.026000000000000002,0.07,0.083,0.004,118.27318646010279,29.369426818330002,117.66695232707875,128.13858845235896,True,True,0.12670579321144682,0.11863866061029316,0.12666698489229594,0.1284426629219765,True,True,2.7531937773634653e-05,2.5471858103554773e-05,2.7536541160529405e-05,2.7891257357760663e-05,True,True,1.7035722937527796e-06,1.7035337006531957e-06,1.703156047639823e-06,1.753518273193087e-06,True,True,252.17748251493202,252.16789230246377,252.1174016459247,252.83723336127292,True,True,674.3290132521983,674.3082830500923,673.0185184890104,676.3808691422317,True,True,True,True
0.005,0.042,0.024,0.004,136.16520957638323,136.0840843192666,141.29933534372873,188.53756169645013,True,True,0.05355939958467003,0.05351308256910568,0.05896989716845709,0.09364309458308784,True,True,1.3884408031872102e-05,1.3883584056342226e-05,1.4070428799804867e-05,2.1403630793704344e-05,True,True,1.1829958416809402e-06,1.1827923055648957e-06,1.1972757763938154e-06,1.6155838455614784e-06,True,True,253.50207556889706,253.50183512200076,253.99573875877476,256.64713401278664,True,True,662.254443285949,662.1807525175916,667.2557653319658,679.5159038331167,True,True,True,True
0.085,0.017,0.035,0.007,229.19020702527482,215.459722284226,232.30290417085612,252.14455518931524,True,True,0.06103840104292218,0.0587534631627082,0.060958413496536495,0.0726533465040179,True,True,1.0678662085124781e-05,1.0447887254548374e-05,1.068006214283553e-05,1.1957245032573388e-05,True,True,4.6416114918869415e-07,4.379869066095134e-07,4.6305433137816024e-07,4.729106941386025e-07,True,True,263.0179052486376,262.61958690475603,263.01778752630236,264.4841343516216,True,True,726.1320792547203,725.995451436258,726.1342634547781,734.936062339832,True,True,True,True
0.015,0.08700000000000001,0.015,0.03,1022.0990626015878,984.7824818283484,1020.8330055311677,1024.7184438224554,False,False,0.08388973025864188,0.08168341691106007,0.08388687291402663,0.0849003129415309,True,True,2.177313016897776e-05,2.070757630691087e-05,2.1743351733230603e-05,2.1910578413390266e-05,True,True,2.4619801019573505e-06,2.461570742221028e-06,2.4624015720993562e-06,2.4618774756324306e-06,True,True,267.4222544729425,267.42830137517086,267.36755657385004,267.419240683286,True,True,712.1933631964127,711.0602555182953,712.1400384221167,712.16074419887,True,True,False,False
0.062,0.052000000000000005,0.023,0.037,1222.482850222103,1117.4242130622918,1170.071671556969,1223.0656783247466,False,False,0.08715304297958029,0.08572513166822945,0.08710918279970178,0.08714275976252635,True,True,1.5729178201090292e-05,1.4715547460828648e-05,1.5731386331716284e-05,1.5734443088100372e-05,True,True,1.4300117848326552e-06,1.4209205808110895e-06,1.4303434974726323e-06,1.4299828342892864e-06,True,True,267.03496102899965,266.8819285860308,265.79288201255395,267.07512591471624,True,True,731.7378157093787,731.616834612696,731.7588629918413,731.7403274587712,True,True,False,False
0.008,0.033,0.135,0.015,387.0127726827443,386.9228208960005,388.71188383655954,390.40879570228304,True,True,0.16643319270265902,0.1662859887725482,0.1664267496814452,0.16671339031435117,True,True,2.6653339434108808e-05,2.59000648323148e-05,2.6654425141149528e-05,2.6650424459713343e-05,True,True,7.140393590747854e-07,6.620365783771991e-07,7.179829827789615e-07,7.146228187481744e-07,True,True,225.78409418780063,225.24240296591762,225.78393153645368,228.1549416461779,True,True,592.1835890196767,587.2116345383989,592.1629715989905,596.3231182288788,True,True,True,True
0.013000000000000001,0.02,0.04,0.032,1014.8827790689974,1014.8764482087973,1025.1564559554404,1135.2209740491264,False,False,0.09072552385763584,0.0906551687143054,0.09297105195801691,0.09689630934852396,True,True,1.2043021398968751e-05,1.2043496252990721e-05,1.1916434762490477e-05,1.2720629278237192e-05,True,True,5.310144909909567e-07,5.310101877861104e-07,5.297140691834442e-07,5.462597695309631e-07,True,True,243.8997227340963,243.89110943773323,243.89950595044238,243.9037271338539,True,True,640.7993955673959,640.6632726638859,640.8877787842546,643.1477521386647,True,True,False,False
0.042,0.082,0.005,0.029,1015.690000202,1014.461304451477,1016.3087041288107,1031.4964901841322,False,False,0.06858458741931993,0.06858627868778634,0.06851967894028956,0.0716204294901558,True,True,1.9140226594099146e-05,1.8565115449000938e-05,1.910936168707947e-05,2.01323673946094e-05,True,True,2.3827951490439893e-06,2.3804262015176423e-06,2.3764225698875485e-06,2.380471562565515e-06,True,True,274.78984348734826,274.789361671361,274.6304920061251,276.29785591407835,True,True,744.7885698730366,744.8020706622685,743.4533083464785,750.4989174870952,True,True,False,False
0.014,0.008,0.027,0.031,1017.6068611519836,1016.2105829816943,1027.5300315687577,1102.9546350497633,False,False,0.0708873644178128,0.0667215407590513,0.07093885033441387,0.08130422012510122,True,True,7.408005221407964e-06,7.366403629806955e-06,7.411440232226928e-06,8.44196053168312e-06,True,True,2.2162771135817666e-07,2.2166664981257898e-07,2.324150095455554e-07,2.467214393096413e-07,True,True,244.08146694312296,242.94884289455527,244.18975082907602,244.9384198104423,True,True,639.9306005741778,639.3135859412939,640.3031410185515,640.8401476778027,True,True,False,False
0.004,0.05,0.082,0.028,804.3200381971013,804.0541603206867,788.9210465212532,836.1938496059113,True,True,0.1382710827506978,0.1383156692478403,0.1382245405229685,0.13669501874362266,True,True,2.3578754043537357e-05,2.2679838305181736e-05,2.3519046297631818e-05,2.357373805177271e-05,True,True,1.2021469765532155e-06,1.1532986208329175e-06,1.1294262039764342e-06,1.2024295839319103e-06,True,True,240.2638675935835,240.27090338532568,240.50103206602765,240.26426613288206,True,True,630.815723006086,630.3684228687534,631.0879806690027,631.0266085978649,True,True,True,True
0.016,0.014,0.077,0.035,1010.4721082756633,1011.2165525091262,1022.8292631910373,1011.2900036214413,False,False,0.12802823787950332,0.12514768309289767,0.1280286782290879,0.13117489631845697,True,True,1.6440206546025666e-05,1.5851604545278022e-05,1.6859170586557462e-05,1.720552733289254e-05,True,True,3.404086495364622e-07,3.404641603945087e-07,3.639824762234722e-07,3.7542753634606143e-07,True,True,234.4060208368451,232.979112548598,234.2866743863592,235.03401127613557,True,True,617.3650957606015,614.0533396658846,617.1007325462493,619.3804228241531,True,True,False,False
0.10200000000000001,0.026000000000000002,0.005,0.012,423.8342716976795,423.51745643630005,437.23984954404517,540.5305745015246,True,True,0.030102986654671905,0.03008955551775976,0.03082068529682421,0.03689407970052439,True,True,7.044407680193123e-06,7.0442577999519155e-06,7.334273168951608e-06,8.67761942970853e-06,True,True,7.638835434942561e-07,7.638713457946315e-07,7.626162175611767e-07,7.638960058849265e-07,True,True,275.728149004672,275.60224472550664,275.71876808384474,279.7405142326568,True,True,769.6591436122114,769.7066622847195,769.6499035313386,784.43913673806,True,True,True,True
0.026000000000000002,0.005,0.046,0.024,753.0550479278194,752.1579625596372,738.1720115413976,939.3236167343146,True,True,0.08513149045780821,0.0851333672038096,0.08402284740055939,0.11256207637858064,True,True,1.0104535714679254e-05,1.008213367644199e-05,1.0112362810104955e-05,1.3051926855836141e-05,True,True,1.337782262210243e-07,1.3373303247754543e-07,1.3567411860291954e-07,1.5812019455804688e-07,True,True,242.33914261447617,241.74654816542835,242.01272644807497,242.34477131655441,True,True,640.8826026622696,640.878914377437,640.855132914365,640.8934557223115,True,True,True,True
0.057,0.01,0.063,0.034,1014.2447688892531,1013.4881173257235,1014.2167228482014,1014.2702424827728,False,False,0.11266224287967,0.11163318256790651,0.11266294441909747,0.11266235949481158,True,True,1.3730797118938992e-05,1.3722993618551171e-05,1.3730324444020304e-05,1.3727211671025806e-05,True,True,2.5165499590475773e-07,2.516283175295033e-07,2.516554307378939e-07,2.518367712479959e-07,True,True,246.21495917447135,245.66912594640758,246.21488152252323,246.5938440038005,True,True,669.0285682449042,667.3928847568739,669.0287457708615,671.6064905514655,True,True,False,False
0.031,0.095,0.042,0.03,950.4837003478345,916.5251858856154,950.3160135998254,952.1047614075768,True,True,0.11648433101453579,0.10810174346215704,0.11648704247320053,0.11650584787751296,True,True,2.711862292400989e-05,2.479768011756522e-05,2.7265427903511944e-05,2.711232614775727e-05,True,True,2.5068306551492334e-06,2.4760725044207654e-06,2.5090756498024548e-06,2.5187059276248415e-06,True,True,267.0709396963381,266.995440172964,267.0699804076772,267.12580769721586,True,True,721.0825047837236,720.144001805667,721.0677347108696,721.7827262156692,True,True,True,True
0.01,0.058,0.075,0.023,674.289367909919,647.7633213017766,674.7243012849246,674.6667019936679,True,True,0.13058945029148714,0.13066248510388495,0.13236326828063855,0.13975733641416194,True,True,2.4227497017596862e-05,2.422748942030136e-05,2.451403682120085e-05,2.5117942986550692e-05,True,True,1.421100107058552e-06,1.3357400744344746e-06,1.4321263419681777e-06,1.4433306805309856e-06,True,True,245.70385922363616,245.6410464224063,245.63410500918775,245.90405952178318,True,True,648.8086915352878,648.5586872785102,648.9566152497326,648.8660508069242,True,True,True,True
0.056,0.11800000000000001,0.004,0.019,673.6242361256375,662.0678503100404,673.5885228537968,707.1707294724511,True,True,0.07073015266791036,0.06317545482346923,0.07063256861600711,0.07089898212264219,True,True,2.6931503327068257e-05,2.5436485362140864e-05,2.651265089966646e-05,2.69132484596025e-05,True,True,3.4665984971927685e-06,3.0795664050566353e-06,3.320504529486413e-06,3.4679005045591447e-06,True,True,288.3107543103563,281.12150634394345,284.84081293908076,288.3120631849553,True,True,791.6410127016566,769.7682806859544,785.5693003831476,787.9394875022252,True,True,True,True
0.083,0.012,0.005,0.03,1044.5664076189298,1044.516566491968,1043.2560349266555,1220.4461111168885,False,False,0.04341172375532756,0.0419417298724409,0.042034673374446795,0.05513626201980192,True,True,4.0585256885296745e-06,4.0548205112890204e-06,4.045206213846652e-06,4.789806116861737e-06,True,True,3.497057722906375e-07,3.4498163465883e-07,3.021188628677222e-07,3.5562083531601186e-07,True,True,266.29947936323754,266.29720059755846,266.24755601433606,266.654156126235,True,True,734.5637206566496,732.647447253397,734.5627806695725,738.7653779423234,True,True,False,False
0.079,0.082,0.005,0.019,669.8052510124216,607.8509145126502,670.0941300137291,669.1939984931549,True,True,0.05839425791031463,0.05575024859460429,0.058455303119043296,0.06257381902220895,True,True,1.9219637792288604e-05,1.7308742660795316e-05,1.9219384885554597e-05,2.0057221992919996e-05,True,True,2.3971933843422354e-06,2.299932856072151e-06,2.4282541989848717e-06,2.5098799459291747e-06,True,True,284.20391235017814,280.94457958182494,284.45837139240246,285.9659228489494,True,True,788.0345028620479,779.6614652932034,788.5962849132171,788.9201134634335,True,True,True,True
0.01,0.053,0.078,0.026000000000000002,754.9692328245294,719.9368647089136,755.0472422500249,770.3906301627682,True,True,0.13408381271780204,0.12211369262371782,0.13459775097314375,0.13820016199534937,True,True,2.3652109362249057e-05,2.2728683542552316e-05,2.365230646790075e-05,2.4147182963751484e-05,True,True,1.2872263448980406e-06,1.2872638446316876e-06,1.2867525788917263e-06,1.2872302611846717e-06,True,True,243.50077381748486,243.28809194186192,243.5382321200257,243.64257789427901,True,True,642.6422284600995,642.2498671294607,642.7171480803421,643.2331548251082,True,True,True,True
0.106,0.045,0.009000000000000001,0.031,1067.1662482731172,1010.188097239015,993.5232299710274,1069.67056885294,False,False,0.06181082292356278,0.057515499072365264,0.06076136173830126,0.06183765790747654,True,True,1.1918332508547545e-05,1.1707726350382395e-05,1.192036597846981e-05,1.1959021964471452e-05,True,True,1.2874421894782748e-06,1.1676362770429861e-06,1.2050041168405834e-06,1.28737819477192e-06,True,True,279.15662059721905,277.77437535795957,279.15093109334066,279.3778731687533,True,True,784.9667641541221,781.6837486165767,784.2550031792458,784.9503995268952,True,True,False,False
0.011,0.10300000000000001,0.026000000000000002,0.031,1024.9599965465893,1023.9167614464603,1025.1393265941315,1077.527595375747,False,False,0.1032382731264422,0.09991006199217009,0.10320461733738734,0.10417708790886274,True,True,2.6652841805557202e-05,2.4610464184375924e-05,2.6653027443251085e-05,2.6636720991217633e-05,True,True,2.83141349754035e-06,2.787080225932878e-06,2.8326993466063443e-06,2.83156642162492e-06,True,True,268.0198906322984,267.8115011200624,268.0200048996561,268.02088294533434,True,True,714.0623349829937,712.9314809014663,714.1337142690278,714.0624539226837,True,True,False,False
0.007,0.051000000000000004,0.078,0.032,925.2523980508879,919.4776517579243,926.5072588076797,925.473556814898,True,True,0.13811815275579517,0.13813998293416946,0.13812714900865872,0.14354723535851135,True,True,2.3237772601148505e-05,2.323822016214668e-05,2.3236903147533908e-05,2.4696922480852806e-05,True,True,1.2341054921943633e-06,1.23209371795175e-06,1.234388643552932e-06,1.2341384184001771e-06,True,True,241.81954855545092,240.9061784087998,241.8137632116864,241.91438459356695,True,True,636.8880722269666,635.4860871885937,636.8156997683155,636.888281224936,True,True,True,True
0.036000000000000004,0.018000000000000002,0.004,0.029,1015.6337723558777,1012.029097243503,1015.6029964199356,1128.510248293541,False,False,0.04334772118078191,0.04334694024725823,0.04333669836843448,0.04777035430701291,True,True,5.08475021978465e-06,5.008141570900858e-06,5.0837841481628785e-06,5.357469664273438e-06,True,True,5.259962200130315e-07,5.260072763799265e-07,5.258344435012618e-07,5.898027540731166e-07,True,True,257.1749815064463,257.1674348167345,257.17611328055443,257.4800734587583,True,True,686.7144411316133,686.7111976247782,686.7095152105265,692.9092088029352,True,True,False,False
0.009000000000000001,0.059000000000000004,0.07200000000000001,0.022,650.1728821345012,627.0423477612735,641.1507146227797,651.0184283354998,True,True,0.12735564802965002,0.12403158763086176,0.1273560681347191,0.1379254929652357,True,True,2.404509760880055e-05,2.395572485653081e-05,2.4044349725656284e-05,2.513170269374343e-05,True,True,1.4566673561703137e-06,1.3251309592534598e-06,1.4563268087115748e-06,1.4566644130155993e-06,True,True,246.48501637316542,245.9423388563339,246.7983427586106,246.62900326263275,True,True,650.3546718242295,649.9100470393635,650.3532730225845,650.3970099130306,True,True,True,True
0.027,0.044,0.12,0.006,162.10239276515182,142.89467250727154,150.98094868322661,161.86264461887527,True,True,0.1519197140547172,0.13578960638103058,0.15141926914467893,0.15250198614152624,True,True,2.7000216441537794e-05,2.604365881147138e-05,2.6230409401979844e-05,2.7072299344815304e-05,True,True,9.860525461747825e-07,8.390764441244846e-07,9.425486249256494e-07,1.0215993029231989e-06,True,True,237.16048068992637,237.144634935019,237.16063156590735,238.88765493652616,True,True,632.5442930674045,632.5480159756019,632.5442401070276,634.9717690917879,True,True,True,True
0.018000000000000002,0.021,0.016,0.03,1015.9450874198886,989.5238284238493,1015.955436878335,1056.6676610588768,False,False,0.061146229935267304,0.05861322863729197,0.06115050058765769,0.06196949524645003,True,True,8.065411346070646e-06,8.005274207399686e-06,8.064943234573082e-06,8.485038455825803e-06,True,True,5.936442228617688e-07,5.877011470285783e-07,5.903065429688369e-07,6.122818280569985e-07,True,True,250.93776264929815,250.7640941215083,250.93372212019975,250.93548679447693,True,True,661.5564397089499,661.4500002065159,661.5575332307832,662.5278287877476,True,True,False,False
0.004,0.11,0.006,0.045,1556.7468704467965,971.6630926074507,1520.7185979399135,1576.3102663600916,False,False,0.09614925800263989,0.0697645152048748,0.09826321327228234,0.09703655383024509,True,True,2.5185430587342153e-05,1.6189007207556113e-05,2.2931669156870134e-05,2.5262161948993105e-05,True,True,3.157257592395699e-06,1.8311298815468555e-06,3.1768590937921005e-06,3.194302911860546e-06,True,True,271.64747274321934,267.7212346148029,271.72694742424846,274.1633208903049,True,True,721.77483713845,707.5074663821335,720.0012763875744,722.6015453412805,True,True,False,False
0.029,0.11,0.028,0.031,1019.0839619539214,893.786118123464,1020.6190996015736,1019.054788613029,False,False,0.10782740419856304,0.09564597380093896,0.10753232846534345,0.10789617059942933,True,True,2.8341480110683796e-05,2.7160208398799595e-05,2.8369464071019154e-05,2.8465367070925335e-05,True,True,3.0067433177481853e-06,2.91051090980259e-06,3.025999057257618e-06,3.006907499365895e-06,True,True,273.5654971024297,272.9505826090404,273.63809783254453,273.6213482282789,True,True,739.0169707319387,739.0572991545972,739.0208213747653,738.9930080960163,True,True,False,False
0.023,0.026000000000000002,0.029,0.031,1012.6680637626389,1004.9890817992546,1012.6644881132761,1165.4906075449385,False,False,0.0795017879605944,0.07950138340472943,0.07950175271251078,0.09131044789332161,True,True,1.1408696035809692e-05,1.1272897318865587e-05,1.1408721898944595e-05,1.2251719336170702e-05,True,True,7.091333735573741e-07,7.080318884564101e-07,7.091126341748644e-07,7.091377001839408e-07,True,True,250.3526835008594,250.16972676114025,250.34108178703434,250.5447519236601,True,True,663.5734487696586,662.5732662761188,663.4719322116989,663.5750050122109,True,True,False,False
0.019,0.01,0.074,0.023,674.282402314766,672.2254667015367,674.1819027161936,740.0360355005239,True,True,0.11454111766029125,0.11454199198515909,0.11163320211098107,0.12336898472133423,True,True,1.5340742066523957e-05,1.4766893206247635e-05,1.5019161018871278e-05,1.636942642910364e-05,True,True,2.4750144272469725e-07,2.475645692068559e-07,2.474984113289885e-07,2.544522360700671e-07,True,True,235.69649068708296,233.3476295963668,235.80174166182587,236.12040561420545,True,True,620.7350356805293,617.2191552017803,620.7362207884181,621.3075289684243,True,True,True,True
0.045,0.039,0.015,0.03,1018.5510293235773,1014.4787223767858,1018.5047004149172,1122.7560310729268,False,False,0.06634912204671309,0.0638294376939915,0.06634303073411134,0.0703334445405919,True,True,1.1683288922865758e-05,1.1587205045282705e-05,1.168568655606244e-05,1.2457601988329885e-05,True,True,1.1019033298292068e-06,1.1018644146617297e-06,1.1019488779171e-06,1.2068288747628471e-06,True,True,262.0915538692604,261.54173659474463,262.09643580175043,262.2310083001856,True,True,707.4073533385103,704.4483297642761,706.2461975708202,708.1180454852098,True,True,False,False
0.041,0.061,0.07100000000000001,0.017,505.1821915251508,472.5201252221495,508.16260892251813,505.2510851419083,True,True,0.12292026289800977,0.11255839619567645,0.11928975663313743,0.12298498967977349,True,True,2.434478119743005e-05,2.369266163162375e-05,2.4353837063436864e-05,2.434483233189086e-05,True,True,1.5126528677171878e-06,1.397632854187498e-06,1.4684746498314232e-06,1.51433241989352e-06,True,True,255.08536735610852,254.92350838571215,254.90393371049507,256.1822663378867,True,True,689.5298214954104,689.236080329434,689.5143828308242,689.7507750122445,True,True,True,True
0.024,0.078,0.041,0.006,194.98621915993016,195.2048168001235,195.56745802748287,211.7695171497289,True,True,0.08840834109072455,0.08758976661509713,0.08841423547295543,0.10091495136781913,True,True,2.384867467340066e-05,2.3838545592404034e-05,2.385158121803733e-05,2.4413672548983534e-05,True,True,2.0978787089783947e-06,2.0988247517835053e-06,2.097452731622504e-06,2.0978292902717983e-06,True,True,263.16415109963845,263.1052717780365,263.2508187852183,263.7375227873949,True,True,702.8343341137883,700.3273400146513,702.8665917090323,709.6164662275872,True,True,True,True
0.073,0.026000000000000002,0.048,0.033,1022.6519065671416,909.1205460807431,1022.6849103795171,1054.95060479651,False,False,0.10190962050560005,0.10189500840645908,0.10105915646228578,0.10431092822505014,True,True,1.4506305830751677e-05,1.4148102126087014e-05,1.4936678467362382e-05,1.5143199615365023e-05,True,True,6.738659773210219e-07,6.716349703562493e-07,6.733122404896173e-07,6.738703622863305e-07,True,True,257.54787020064117,257.0446457574876,257.80109339819234,258.21315611437785,True,True,709.0556316189638,708.4274649604478,709.8688348542443,710.9887398384748,True,True,False,False
0.079,0.005,0.045,0.033,1029.3134537392498,1029.311862757709,1029.1463838790826,1046.2740866987874,False,False,0.09173838772439007,0.0917275238539592,0.09207249148119365,0.09945240760502706,True,True,9.997282153701493e-06,9.99276269785287e-06,9.996911564939205e-06,1.0843656600389573e-05,True,True,1.328153670291167e-07,1.3270239201554002e-07,1.3281815103388495e-07,1.435003864145367e-07,True,True,254.23426651164624,252.87849852069255,254.23264423382278,254.88591353721426,True,True,700.6165343687089,700.4127920735332,700.6139956897346,700.6522908183666,True,True,False,False
0.037,0.022,0.01,0.018000000000000002,625.2294181300999,625.1570504668787,730.0723269947459,764.7055281895244,True,True,0.04176151101015665,0.04176200404051504,0.04205941984987901,0.05113278174863842,True,True,7.116874350906831e-06,6.932971980063034e-06,7.172640011216249e-06,8.56703402552607e-06,True,True,6.370167367301709e-07,6.369138279910979e-07,6.497465172771477e-07,6.722050312093817e-07,True,True,257.92605168933346,257.84564465799167,257.9245867633101,260.2725856129971,True,True,688.9117802580898,688.91219294718,688.9233323607514,700.2379029653566,True,True,True,True
0.031,0.011,0.097,0.028,775.1304989787013,775.3370334439227,752.6877068466661,825.0120588396703,True,True,0.13924995576498406,0.1363098965589365,0.1392630480791866,0.13926217179740344,True,True,1.8582651571269042e-05,1.858224785132401e-05,1.8588902771194384e-05,1.857835660054072e-05,True,True,2.5727639505001664e-07,2.4069650978866144e-07,2.5749944376886315e-07,2.6527830306433103e-07,True,True,233.1320005560046,233.06939545656883,233.14114436267812,233.1336673702301,True,True,621.1422848820487,621.1376757040442,621.1337198730726,621.1431805370684,True,True,True,True
0.016,0.076,0.07200000000000001,0.008,240.01342565806445,240.0094133969833,235.9141869332617,239.86360803490234,True,True,0.12152218760913489,0.11859244833146634,0.12110966106997104,0.12151776742995382,True,True,2.7329246075112295e-05,2.5084034961925433e-05,2.6543293914105124e-05,2.732920306435664e-05,True,True,1.8933390219446176e-06,1.8154116990579216e-06,1.8933855007203387e-06,1.8985281268656269e-06,True,True,253.577657877746,253.57332464488158,253.57671452198176,253.57808899582164,True,True,673.7707497551382,673.7649830075869,673.7756999307743,673.7689993097046,True,True,True,True
0.007,0.14100000000000001,0.023,0.012,407.3401624737797,394.44088191065987,408.4094970699352,408.31119134368373,True,True,0.09580786170930206,0.08702605697430289,0.0957056954175741,0.09560524152679478,True,True,3.4452454163665234e-05,3.1840648759932054e-05,3.445212365723861e-05,3.444308977189937e-05,True,True,3.966618951565307e-06,3.8784619996154754e-06,3.983884257916199e-06,3.972082545318903e-06,True,True,279.00942921679206,275.0469230759516,279.0148176994406,279.6704345131805,True,True,744.336538822362,731.0518593321336,744.3457044219062,744.2623335532797,True,True,True,True
0.027,0.053,0.009000000000000001,0.004,141.66712429836164,106.18736256482381,147.4219062469476,177.0047704940562,True,True,0.037642311414744355,0.035490185145937374,0.03754277582156929,0.05406349766212354,True,True,1.3624470472900403e-05,1.3621880353580632e-05,1.3550240805562925e-05,1.7616875752499106e-05,True,True,1.5528867441890385e-06,1.5509601822047008e-06,1.5529474347838804e-06,1.7857981689701183e-06,True,True,264.8772386037945,264.35157596623833,264.6498667672781,269.89744461513743,True,True,704.9319109649224,704.9266357554856,704.8600464928325,716.2996985638918,True,True,True,True
0.015,0.016,0.015,0.03,1018.6382261565963,963.7883142059079,1025.6041295566447,1046.9427352009193,False,False,0.05808302749012646,0.05363058720453231,0.05808482571360869,0.05944337693445205,True,True,6.827965681062645e-06,6.760109997905963e-06,6.827351816454108e-06,6.856110177649234e-06,True,True,4.5432796828405843e-07,4.543523723284072e-07,4.543358010810806e-07,4.730870905721351e-07,True,True,249.1801912778316,249.18016039784,249.1800451443549,249.74800274937144,True,True,654.681010252529,654.6811918051088,654.679866304596,654.6798651474415,True,True,False,False
0.04,0.092,0.035,0.03,967.5551648475792,873.4570828594323,887.0542689718255,968.5104968217153,True,True,0.10812047661901766,0.10045470245015871,0.10921341281026985,0.10816077527681266,True,True,2.5625464834460544e-05,2.5041609258160066e-05,2.5362471350651217e-05,2.5627640641343194e-05,True,True,2.4695700974179547e-06,2.37348327526161e-06,2.470978428562579e-06,2.4695801656458596e-06,True,True,269.9928660913925,269.12843589439245,270.039862667395,269.9924559426224,True,True,732.9690754640854,732.8143639207526,732.7620726259408,733.3590475812404,True,True,True,True
0.023,0.075,0.036000000000000004,0.005,164.92197630628968,164.5225643865731,164.22936959471173,170.4401080206291,True,True,0.08076133028196361,0.08075490362726755,0.08074183959786836,0.09342049508403331,True,True,2.256104841488848e-05,2.159557276947534e-05,2.2481325085777678e-05,2.3951810775518522e-05,True,True,2.0444773317551817e-06,2.005613483507207e-06,2.0426403969049778e-06,2.0669783382093885e-06,True,True,263.37561493010685,263.3753188558023,263.374798764098,263.9431119739473,True,True,702.3099514657423,702.205185117783,702.7842944006242,708.129952433964,True,True,True,True
0.049,0.074,0.03,0.006,200.36479747761985,199.9781511592129,200.36137621716864,207.86113946811938,True,True,0.07421046290471221,0.07420260628548506,0.07422156478584532,0.08751324892089861,True,True,2.1495585417971596e-05,2.149804888553186e-05,2.164110786948617e-05,2.4111915262624452e-05,True,True,2.0450704219452205e-06,2.045128483750208e-06,2.0455903254537084e-06,2.045075937196682e-06,True,True,270.4731106247595,270.4725528744188,271.74226870434035,273.4161072073962,True,True,734.4314306982649,730.2570306349864,735.2065804821791,742.7817264140297,True,True,True,True
0.009000000000000001,0.038,0.051000000000000004,0.033,1017.7942230584506,969.9770731334401,1044.8349351382112,1166.2036362959436,False,False,0.10920730614598521,0.10921133952267248,0.11187935684784452,0.1288648553479492,True,True,1.7225337169134716e-05,1.7224161802846993e-05,1.727070635204152e-05,1.9864186869945616e-05,True,True,9.793355824979243e-07,9.793124842023734e-07,9.85686621052983e-07,1.0463767693969253e-06,True,True,245.00878935389645,244.0151168187319,244.82350802818843,245.37777027991407,True,True,644.2861398468247,644.2861097835088,643.0772908223839,647.2154172695016,True,True,False,False
0.012,0.012,0.015,0.03,1018.5641906340848,975.8966215057683,1018.5134727431091,1029.6400988402254,False,False,0.05664011225428445,0.053615953103588875,0.056648013499240826,0.05691920992764733,True,True,5.98533942035277e-06,5.749341709368537e-06,5.987468093006242e-06,5.984876276177449e-06,True,True,3.4164038411445665e-07,3.39671348815819e-07,3.4478757863239915e-07,3.417729295674259e-07,True,True,247.4515922379403,247.26090234695687,247.45160518369912,247.4473092875794,True,True,648.0306382732732,648.0242896329669,648.02881763592,648.3412182025075,True,True,False,False
0.006,0.033,0.14300000000000002,0.016,405.6946766783721,405.5276067362398,405.7129073726146,404.8312385971313,True,True,0.17283850708812226,0.17284726362574984,0.17723339166725754,0.17382554519642848,True,True,2.7441709453514592e-05,2.6434171039961624e-05,2.806580309587975e-05,2.7724627557823315e-05,True,True,7.022595580711519e-07,6.164998557295615e-07,7.33551181945681e-07,7.023074657792505e-07,True,True,223.41781397872188,221.32857273789432,222.08149140207908,226.69975940333094,True,True,585.1125504046928,582.6129865261443,581.51266338322,589.4647470281379,True,True,True,True
0.004,0.044,0.08600000000000001,0.036000000000000004,1018.6574340471557,979.8770857320651,986.7836731137758,1023.4422295275145,False,False,0.14593464369742165,0.1425140558264813,0.14600060347127952,0.14795372116626376,True,True,2.2926168471001944e-05,2.168354289273135e-05,2.288916230160984e-05,2.2944060673787462e-05,True,True,1.0433144451526953e-06,9.561684063130215e-07,1.0424033277853277e-06,1.0614885436201238e-06,True,True,237.18858714867358,237.18847282954766,238.18154787666631,237.19255214666862,True,True,622.651192665646,622.6428044083387,622.6510441948535,622.6510735047578,True,True,False,False
0.075,0.026000000000000002,0.035,0.032,1026.1113339975223,877.2240150683533,1026.1396544815814,1026.9569539584393,False,False,0.0870548153496535,0.08707714415846875,0.0871200453490032,0.09040454597767712,True,True,1.2458610687183668e-05,1.1789725580234443e-05,1.2459143050298216e-05,1.2945835641058175e-05,True,True,6.963396427874808e-07,6.927814344197995e-07,6.962158948630788e-07,6.994391426935287e-07,True,True,261.05062962552967,260.52717525257697,260.2570786504953,261.0508125755998,True,True,719.0443615064095,716.5607027475179,716.2730559992177,719.4458225462596,True,True,False,False
0.044,0.012,0.04,0.032,1013.3632917824186,1004.0233677086327,1016.9903770822303,1034.4687932802105,False,False,0.08791068167344937,0.0752578594074931,0.0879124304807198,0.09176196951870816,True,True,1.048714538265462e-05,1.0038913811482558e-05,1.015547441777991e-05,1.1118353778589243e-05,True,True,3.19340753026362e-07,2.9905841498286447e-07,3.193419363526974e-07,3.2088482629101377e-07,True,True,249.08016741025887,248.94134961138755,249.0322909513957,249.10315327933804,True,True,669.5535485038246,667.4989670910061,669.54117169579,671.8866936759505,True,True,False,False
0.088,0.081,0.023,0.004,136.5741159599415,14.037204988047874,131.4212465902941,136.98365619942493,True,True,0.06618511449375807,0.0653326981868885,0.06604296324759772,0.06954478289738406,True,True,2.19533190994056e-05,2.1727175675002178e-05,2.1954283000549485e-05,2.1978543091529957e-05,True,True,2.2800789837638836e-06,2.1684809472506808e-06,2.2341074129098634e-06,2.281136897906492e-06,True,True,283.1198675680124,279.652963992526,283.1157044454692,283.1259460819198,True,True,788.7426456122438,778.9286648165596,788.7469736691053,788.782326324662,True,True,True,True
0.029,0.035,0.004,0.029,1016.7736562382061,1001.9952069354702,1016.5102276786704,1109.9746835738206,False,False,0.04971375174539466,0.04957006425250438,0.04936757490922463,0.05681843118422235,True,True,8.757498110022207e-06,8.535646207977169e-06,8.755196903400768e-06,9.726487553548283e-06,True,True,1.0203931919294458e-06,9.398242755514638e-07,1.0198992412207172e-06,1.075907213086121e-06,True,True,259.90858210922784,259.8961640318562,259.9136232395534,259.90916049213746,True,True,692.5315039440437,691.6960186233321,692.5313368611205,694.9760704030967,True,True,False,False
0.057,0.023,0.038,0.032,1018.6473757898033,1019.393244933927,1018.9666602459716,1035.8427860871298,False,False,0.0894073856778509,0.08647115957523435,0.08940167432811842,0.0977537368972095,True,True,1.2332357671342156e-05,1.2289616634501402e-05,1.2332298355602409e-05,1.2940651249248287e-05,True,True,6.121334688034123e-07,6.119574068064296e-07,6.20609789691254e-07,6.121416256828252e-07,True,True,255.39381362526538,254.62171844353975,255.36540529411886,255.39395106538612,True,True,694.404919186394,691.2156271826404,694.4122053628871,694.6425269630961,True,True,False,False
0.006,0.052000000000000005,0.083,0.026000000000000002,746.2106686694084,683.8068092776068,746.4852888674368,746.4013461716655,True,True,0.13822574301764431,0.13470098018797083,0.1382685339522511,0.14658349332921755,True,True,2.40748734682905e-05,2.394452264951648e-05,2.407482012373442e-05,2.521119029250247e-05,True,True,1.248863000765129e-06,1.2425924221811283e-06,1.2487958123016414e-06,1.2607134752072399e-06,True,True,241.17386816758358,238.16966710177346,241.15379359434647,241.669460897669,True,True,634.364461767242,627.7356115808333,634.364166287654,634.5312046505495,True,True,True,True
0.046,0.041,0.076,0.035,1012.9510238701707,978.8414475060196,975.2172752062739,1013.1224823867137,False,False,0.13537190081936318,0.133273061004452,0.1354527707718848,0.13537195040691213,True,True,2.1184138834055583e-05,1.9648109935542117e-05,2.1183382692870313e-05,2.118570843573941e-05,True,True,9.935086846488315e-07,9.442050363124673e-07,1.0002319010878252e-06,9.935140950700724e-07,True,True,248.57561748836736,248.5755572086342,248.57493583017796,248.9596809109641,True,True,673.9222127949334,670.1568402196452,673.920856843471,675.0953475114043,True,True,False,False
0.131,0.025,0.005,0.034,1178.6750977542172,1066.5646076612652,1178.0758570510066,1178.304335750901,False,False,0.052183231559808294,0.050480910861193884,0.052168234727583196,0.05218770916126288,True,True,6.925155990720518e-06,6.3142625701828145e-06,6.933772293678477e-06,7.233374982530675e-06,True,True,7.21420683586678e-07,6.607240276121657e-07,7.597777049282643e-07,7.21032048935876e-07,True,True,280.5289640255739,278.55966676535,281.39437695899227,282.1151007040233,True,True,799.1487811521296,794.8945939700614,804.6058554908375,810.2127209671148,True,True,False,False
0.061,0.028,0.043000000000000003,0.047,1461.4506180969227,1298.0290614327089,1458.8093870426824,1463.4363033053883,False,False,0.10945103263289699,0.09545851686716868,0.10546563306595093,0.10939063809849928,True,True,1.4075069991655438e-05,1.335314793800855e-05,1.419637037289552e-05,1.4577892000728424e-05,True,True,7.278475981945847e-07,6.624027954935631e-07,7.314869205076124e-07,7.33018066713549e-07,True,True,255.3089093422197,254.50821413623942,255.16895574676923,255.53553498009347,True,True,698.2728330549573,695.0628278759766,698.8650315756269,698.2718383011282,True,True,False,False
0.022,0.024,0.016,0.03,1015.9304187473506,1015.927720696853,1015.5919958901795,1094.0215468281351,False,False,0.06222142472474121,0.061920145400404025,0.06363925575924281,0.06500048891337006,True,True,8.704676449064113e-06,8.694699119136084e-06,8.704430095639965e-06,9.302458427091003e-06,True,True,6.779035516654126e-07,6.47525234178535e-07,6.781006729317581e-07,6.983025129946072e-07,True,True,252.64254792280556,252.62598118669885,252.67304305497325,254.06502970137973,True,True,668.5329303930988,668.1778763740356,668.5322835740013,669.3459607393435,True,True,False,False
0.02,0.052000000000000005,0.12,0.006,162.21362851451005,155.54927651789492,162.92808139344925,162.1543142726617,True,True,0.1542475336583782,0.13866787397935715,0.15067173517590263,0.1542205416068235,True,True,2.8336364911913737e-05,2.833670696207059e-05,2.764069027611345e-05,2.8200194883920587e-05,True,True,1.1654635332231985e-06,1.0632037749092034e-06,1.164842783152388e-06,1.1826140903982808e-06,True,True,237.57836572684388,237.92164395379717,237.58566382813123,239.67453250978556,True,True,631.0666057768943,631.0630834350268,632.6040334489146,635.3847060832345,True,True,True,True
0.035,0.08,0.037,0.046,1458.2423648344231,1123.2326042006816,1373.4991432837523,1458.4760693133933,False,False,0.12012519699683598,0.1001055244283595,0.11056136157450525,0.12012243756251834,True,True,2.3343203439400844e-05,2.1824338742705577e-05,2.2965690346630502e-05,2.3343583386905834e-05,True,True,2.112858391964984e-06,2.0070947244665827e-06,2.037050383328675e-06,2.2120029869186964e-06,True,True,264.0441520947842,264.0411236087675,264.0424876742064,264.0433903792648,True,True,714.470984513785,714.1129628854178,710.5653516281316,714.4742945375541,True,True,False,False
0.02,0.075,0.005,0.005,179.0542948729289,178.57602864809036,182.82214166506137,231.68509870424916,True,True,0.04144064380555167,0.04129837830543613,0.04281929552290322,0.06504174600419214,True,True,1.7733943618434798e-05,1.7608885595717963e-05,1.7734495059823793e-05,2.2965861887515772e-05,True,True,2.2215827137657503e-06,2.1484876545814277e-06,2.2214085004263756e-06,2.7249223297007334e-06,True,True,269.72626930579094,269.72593056607974,270.9359111528931,278.0099949116517,True,True,717.0118325559133,717.0707460304415,717.5104280742986,746.772946262606,True,True,True,True
0.049,0.016,0.027,0.031,1016.6246077916403,997.0576486158747,1016.4199459640893,1027.1705702386278,False,False,0.0735960099819683,0.07033964448357896,0.07359369235584999,0.08158395087172426,True,True,9.06702238757963e-06,8.402108483513897e-06,9.06656360724885e-06,9.917741953085818e-06,True,True,4.3923095541508243e-07,4.2666704070919973e-07,4.411626500382574e-07,4.536119861510406e-07,True,True,254.30618302263397,254.3052336527033,254.3059317620204,254.40077823993957,True,True,686.1898515721751,680.8334655851809,686.1960420340097,688.1083808308931,True,True,False,False
0.01,0.044,0.063,0.034,1017.3514445177847,1017.299948688846,1017.6791606089922,1112.9506989861188,False,False,0.12375128848080877,0.11681733840923737,0.12402255030343765,0.1370163361764758,True,True,2.0031067867689745e-05,1.9554251035523423e-05,2.0638817418108527e-05,2.2016227477499986e-05,True,True,1.1009222211546207e-06,1.1008505877767025e-06,1.127753027016618e-06,1.1623132247912452e-06,True,True,243.97656911484188,243.5116947901231,245.17793875452764,243.97285174635314,True,True,643.1515509773498,643.1171112837185,644.3358563319892,644.180143320494,True,True,False,False
0.004,0.038,0.136,0.019,487.58198802337233,487.61029153215145,495.62504548490296,517.0437137691259,True,True,0.17119960488753166,0.1642570671989689,0.17136006024372294,0.1713262024516444,True,True,2.7517596305165088e-05,2.5766495792215737e-05,2.7524753961815953e-05,2.751581982150591e-05,True,True,8.185787678482246e-07,6.176832384939768e-07,6.631418834957109e-07,8.141280420059783e-07,True,True,225.59464595907474,225.5951460782309,227.48695372706388,230.21183528596697,True,True,590.6195628054949,590.6230565958235,595.4221950614407,599.6456551826598,True,True,True,True
0.01,0.076,0.02,0.007,240.03387172014135,240.0362427581897,271.03924424694367,280.4993099914705,True,True,0.06373433802330052,0.06352726111599645,0.06406322596794793,0.08625695652936512,True,True,2.038664151092038e-05,2.0397929848342036e-05,2.0536569810549925e-05,2.647006008621925e-05,True,True,2.158502836911405e-06,2.152975521400188e-06,2.180865697684914e-06,2.494155377484597e-06,True,True,264.0819478106723,264.2352693322039,265.14070780760676,267.55486212188225,True,True,697.4519240997766,697.5425056887899,697.6107577213105,711.5016176608378,True,True,True,True
0.005,0.012,0.013000000000000001,0.03,1024.524668477587,1005.3356155031106,1047.781088554751,1046.944987028704,False,False,0.054098083919182346,0.05138275393491344,0.0539473866401264,0.06039599219304662,True,True,5.587329948645433e-06,5.587164434676168e-06,5.579204876525393e-06,6.822152762145198e-06,True,True,3.4359595122410624e-07,3.436888906590523e-07,3.4371646838217127e-07,3.482245683748345e-07,True,True,246.2727704894455,245.76631786119736,245.95769631630634,246.27096491515155,True,True,641.2437967833142,641.2607045616772,640.9324334275728,641.5917987746479,True,True,False,False
0.006,0.079,0.036000000000000004,0.048,1525.017970749396,1282.2708536341415,1541.6196584488575,1526.0361101456458,False,False,0.12063509335514161,0.1028443383985114,0.11692164166578424,0.12064399084870156,True,True,2.3000072858998237e-05,2.082964914380666e-05,2.220039511055221e-05,2.3004077689163044e-05,True,True,2.091092025259245e-06,2.062459479670135e-06,2.0699773035914586e-06,2.0910288572872347e-06,True,True,257.089448547272,257.0706484124267,256.9771934628929,257.088629463643,True,True,681.0461583662291,681.0664519755977,680.7716615070974,681.032642991508,True,True,False,False
0.043000000000000003,0.023,0.053,0.033,1010.8077857454468,1010.7754047509472,1010.787158188772,1010.9191665171824,False,False,0.10616365342514049,0.10397127281916234,0.10615780794011004,0.10858619090755037,True,True,1.4677831431161265e-05,1.4631573388017145e-05,1.4680267883181844e-05,1.5241940981427201e-05,True,True,5.899487155217322e-07,5.89958289938668e-07,5.907033512544018e-07,5.899639411054545e-07,True,True,248.63578916437143,248.5532342960705,248.6337086826124,248.83603941394006,True,True,669.6088387822681,669.6080505445713,669.5237464132472,669.6053172472439,True,True,False,False
0.046,0.009000000000000001,0.028,0.031,1013.698384505018,1011.6542626473175,1019.2097805691428,1168.9965926298535,False,False,0.07233199187469871,0.07231775239486865,0.07245426152407548,0.0889643980933838,True,True,7.814514769350362e-06,7.73090301692649e-06,8.37314340157475e-06,9.355493413025335e-06,True,True,2.4784555275256553e-07,2.478285426915981e-07,2.47631172437706e-07,2.5733390511498935e-07,True,True,251.5837648621629,251.4461622433633,252.0030622788882,251.58138686822505,True,True,676.5279227726292,676.5284480865439,676.5526343105256,676.9133838975458,True,True,False,False
0.017,0.083,0.039,0.032,1020.2382569441413,984.3238922221822,1020.2159850658953,1020.7053927191437,False,False,0.11109848251937374,0.1069425262487668,0.11109625160130963,0.11110575635921323,True,True,2.432689718955737e-05,2.4248521208266232e-05,2.4327090074316637e-05,2.4328097023661923e-05,True,True,2.2041137937403197e-06,2.203360492922806e-06,2.2041398756102395e-06,2.2045417932312316e-06,True,True,261.24723107913354,261.24631138700255,261.2472072978277,261.45652131653844,True,True,696.9637882667747,696.9198442286527,696.9567038462774,696.9638012093021,True,True,False,False
0.045,0.05,0.005,0.004,143.05518457777822,140.85873969563607,165.65597960742545,202.3346212684664,True,True,0.030862514390661833,0.0305699578190097,0.03608050283361955,0.04963566682647723,True,True,1.2242735308801156e-05,1.2219288927426166e-05,1.3538173974500062e-05,1.6480790037558324e-05,True,True,1.4801658419727654e-06,1.4802102401817484e-06,1.4979665596345147e-06,1.8213690237667444e-06,True,True,269.2148811208772,269.2142469023659,269.79638301966776,276.14434493556746,True,True,725.2913415617522,725.2909846652277,725.5010084318166,742.8525594100715,True,True,True,True
0.037,0.127,0.005,0.015,532.8020046949426,527.8540284783328,532.6021772239216,561.7679145458183,True,True,0.07143980719995759,0.06784244306403481,0.07143367102877389,0.07356541254070487,True,True,2.9107444080723404e-05,2.687116450153726e-05,2.892618980416034e-05,3.067208199794705e-05,True,True,3.736390167369349e-06,3.484163758153816e-06,3.7521509639815066e-06,3.909967812126501e-06,True,True,286.27419453961323,282.3174902061541,286.05052531151875,288.29874194528514,True,True,777.2385726409826,764.8270728442552,777.1471085728019,782.3996912818516,True,True,True,True
0.076,0.005,0.098,0.017,472.68544998042825,443.0929418264486,462.8070154268681,472.91614093791316,True,True,0.12999705898679,0.12203660873379489,0.11976535465902527,0.13001415602509772,True,True,1.7748671749984414e-05,1.4529532867570182e-05,1.705921528843074e-05,1.7751929368334718e-05,True,True,1.1862106711214404e-07,1.167100845468341e-07,1.1880844719590523e-07,1.2366339296445938e-07,True,True,242.72483251601585,242.72486517171973,243.57344035844972,247.61557015904253,True,True,668.1702086993351,667.3458693223334,670.1751837023622,672.3688251545763,True,True,True,True
0.07200000000000001,0.073,0.014,0.004,139.81555781301557,112.32100953108072,139.78301224812748,148.23812678704653,True,True,0.05178237049929091,0.05173436219367445,0.05280051775246655,0.06116599285749624,True,True,1.884631158708421e-05,1.884587558575361e-05,2.0130390383642972e-05,2.1037911590542505e-05,True,True,2.10617333503658e-06,2.1058705341211986e-06,2.139706870980606e-06,2.138808595682111e-06,True,True,279.37868328819167,279.3666517116041,280.2348481957461,282.05529305377456,True,True,769.3421191086989,769.3689005603729,772.192376991746,779.8632959036707,True,True,True,True
0.01,0.006,0.017,0.012,410.9053118530767,404.82136471615524,390.29981004032066,617.1838415804721,True,True,0.03927324235024473,0.03813333338807731,0.039212471659366484,0.06284204588546782,True,True,5.039405844077933e-06,4.594318595846448e-06,5.33349620761263e-06,8.69227852808847e-06,True,True,1.7404377555499176e-07,1.714371763848856e-07,1.7055332383517074e-07,2.442777350208922e-07,True,True,246.38849009943186,246.39045006525637,246.38344605383372,247.41238431874902,True,True,641.8969593314649,639.1686295450762,642.008976408874,649.6655126117282,True,True,True,True
0.054,0.046,0.041,0.012,385.6470403812978,368.83222534682744,385.56715403420736,422.61583654335345,True,True,0.08271480109509269,0.07534496519795031,0.08271651135052982,0.09003571889262797,True,True,1.74254905393247e-05,1.6484166260842594e-05,1.7430362561707955e-05,1.8647266618121477e-05,True,True,1.2302688094277192e-06,1.0897019163940824e-06,1.207399646499411e-06,1.2302894551987938e-06,True,True,261.47749030696934,260.79100128923744,261.47957025373034,261.6720347814091,True,True,710.2841409530539,710.266700549833,710.3201435795858,710.2848020607706,True,True,True,True
0.028,0.021,0.09,0.036000000000000004,1007.6160808183097,988.8841191302757,1007.6449623851713,1007.8431943195922,False,False,0.14224629918305015,0.14215536618733426,0.1425019569722113,0.14441977547914642,True,True,1.939683756451918e-05,1.925833225718446e-05,1.9755916347839882e-05,1.9397577915053168e-05,True,True,4.941187136711712e-07,4.941198662531521e-07,4.968275436955984e-07,5.030334030558027e-07,True,True,235.97011788704194,235.3858637970071,235.79648805872148,235.95644009301355,True,True,628.9585365604045,628.934999568855,628.9500216250301,629.3221143400776,True,True,False,False
0.004,0.111,0.049,0.033,1026.3949349430125,916.7751010834328,1026.6130266847301,1045.5856689355292,False,False,0.13150590691657096,0.11769605835342777,0.13166175466504823,0.1337321015863641,True,True,3.102489549201658e-05,3.0375443270292613e-05,3.153292144020861e-05,3.276408116416954e-05,True,True,2.8773608925296694e-06,2.2977199390329755e-06,2.8771881411524314e-06,3.215092108663182e-06,True,True,263.0536771710146,260.2164772739709,265.22416668239606,266.64927067149114,True,True,698.9071822822416,691.778493970383,703.1036797599592,706.8728283797461,True,True,False,False
0.034,0.061,0.004,0.029,1017.8713173875069,1018.078259649172,1128.7878482118203,1151.296908933895,False,False,0.05943853183682431,0.05944476017908933,0.06156138369723113,0.07052793924735361,True,True,1.440732110239648e-05,1.43939114964218e-05,1.4439761875564016e-05,1.6847456875147936e-05,True,True,1.7773233597818566e-06,1.7691132883854638e-06,1.914572460434928e-06,1.931770822615764e-06,True,True,267.7565960383848,267.73027556153244,268.8629556950618,270.5310899052222,True,True,719.272294615513,719.3325557204213,719.928515180467,727.8100780273548,True,True,False,False
0.03,0.026000000000000002,0.136,0.005,131.05644786462597,83.94776766065603,129.67806514074823,143.37231384832728,True,True,0.1584628150104028,0.13734455222593772,0.15108224569807976,0.15824509137467138,True,True,2.5716806477244526e-05,2.3418784788580294e-05,2.541920403517147e-05,2.5736090479830184e-05,True,True,5.645854737648596e-07,5.645200162058528e-07,5.643734669320011e-07,5.647878165470286e-07,True,True,229.6723179230129,229.5505888899581,229.71861341135053,232.7913815211011,True,True,612.1406666132665,611.4338756133891,612.6411096579102,618.6956973133306,True,True,True,True
0.027,0.068,0.005,0.029,1015.6092302054731,1000.0250133954614,1015.7608301806655,1154.4773132999576,False,False,0.06338503395677225,0.06338356320548236,0.06346918408389385,0.07286687385090014,True,True,1.609455176890167e-05,1.6095261391268223e-05,1.6095850633199798e-05,1.7877415502350142e-05,True,True,1.9766460538140494e-06,1.976236483611501e-06,1.9788442382826043e-06,2.0770837034306106e-06,True,True,267.6937025248043,266.7806557076003,266.95079948043286,268.62402420693536,True,True,716.4038585501711,714.5416320477452,716.4148725358993,721.01633333587,True,True,False,False
0.035,0.017,0.004,0.029,1015.6250000310653,1015.7240455202889,1017.8876219272363,1134.0241079794137,False,False,0.04297595576157387,0.042945330189022336,0.04315278748293983,0.04750457597041103,True,True,4.869322143580317e-06,4.867879181573709e-06,4.872434502607697e-06,5.180766723940319e-06,True,True,4.969806551424625e-07,4.6392318614145774e-07,5.051413002600768e-07,5.407352828650463e-07,True,True,256.6845316621595,256.6845937102619,256.6860467343321,257.34980638620095,True,True,684.7678800268995,684.1686235327579,684.7731507657714,692.9053514147871,True,True,False,False
0.041,0.033,0.076,0.048,1377.038240545837,1138.7114231430457,1376.3847501204154,1377.807120809827,False,False,0.1429064717644005,0.1259793639762356,0.14290592278097783,0.14290669375010623,True,True,1.965531423375262e-05,1.8285365943572315e-05,1.9607412507652216e-05,1.9655843844639466e-05,True,True,7.935646952767572e-07,7.687019440383575e-07,7.935684714049688e-07,7.935983680106663e-07,True,True,244.33965922545562,244.2828445055086,245.06705790392303,245.5482768807541,True,True,660.1899462927574,660.1193895797384,660.3635244299081,662.9151863394994,True,True,False,False
0.018000000000000002,0.101,0.026000000000000002,0.031,1024.5893189555677,1011.6734008460453,1023.3753297263762,1047.1047874542785,False,False,0.10250177293787653,0.0988559474947267,0.1024841997881789,0.10417960719019792,True,True,2.6243881226287247e-05,2.5118503745628333e-05,2.6190005405808686e-05,2.62442308030945e-05,True,True,2.775483995458696e-06,2.696380677425159e-06,2.7748535792013856e-06,2.775188978754293e-06,True,True,269.1389785645857,268.45235387327756,269.1387750586885,269.140265731379,True,True,720.3967280313965,720.3945258427902,721.224836678309,721.2359168375318,True,True,False,False
0.035,0.058,0.053,0.033,1012.6207861605665,1012.6951717804762,1012.6266677311543,1032.7826148661823,False,False,0.1176965712644091,0.11275966674131041,0.11840079338983056,0.11965121829223102,True,True,2.133751050148518e-05,2.0833491443941425e-05,2.134141584363487e-05,2.1421869405401997e-05,True,True,1.4855774977956966e-06,1.485556573541931e-06,1.485532261873951e-06,1.490710127770325e-06,True,True,255.7611846515922,255.27145516099,255.7891058414829,255.76528036157674,True,True,688.8689741601024,687.1669181866174,688.8617754195495,693.0666170491028,True,True,False,False
0.046,0.083,0.016,0.03,1017.8269520631828,983.749467794897,1017.6212389613655,1042.9455785796774,False,False,0.08352692589106074,0.0806959622725355,0.08362953564494972,0.08572449839163535,True,True,2.1096360095858143e-05,2.104809948755182e-05,2.1069666011376004e-05,2.128077972943291e-05,True,True,2.339279946189033e-06,2.315209146075198e-06,2.3528499215375274e-06,2.3963049179428245e-06,True,True,273.4016018482379,273.0844893923288,273.7715159512048,274.49364117326894,True,True,743.597469123809,743.3609753007022,743.5939529454604,746.5887154604442,True,True,False,False
0.037,0.004,0.029,0.031,1011.1101673444143,1014.7157020784489,1010.4005050552578,1188.0289912382716,False,False,0.07178779484200992,0.07178081691675386,0.07034186635920447,0.08801895797812417,True,True,6.975641268420873e-06,6.92027947691804e-06,6.977736009366945e-06,8.43337000772824e-06,True,True,1.1175366450431702e-07,1.1170477514702182e-07,1.1175137803411525e-07,1.2015241256398626e-07,True,True,247.96980532507976,246.56596037981015,247.95276048683724,247.96860830856514,True,True,661.6637087800768,659.056434776686,661.6636999340515,663.1373378524809,True,True,False,False
0.009000000000000001,0.045,0.129,0.007,185.18538194809224,185.09713527987893,184.9731708661216,185.25766181372006,True,True,0.1599427282387096,0.14661022832350842,0.15155572333543613,0.16014729898927751,True,True,2.807479294421764e-05,2.4689333019520136e-05,2.7188674750498078e-05,2.8069271044449887e-05,True,True,9.89700436913706e-07,8.747510164528762e-07,9.907883916916217e-07,9.960667531016713e-07,True,True,231.08789625852634,231.08548690082813,231.123650975015,233.56508091599397,True,True,607.5134617052953,607.5139602292674,609.4302870981637,613.6222818956198,True,True,True,True
0.038,0.032,0.042,0.032,1009.2592828773026,1002.7248205311159,1004.2930773906136,1009.1683308778744,False,False,0.0968609438606312,0.09648219861117045,0.09440540790727237,0.09818883835099898,True,True,1.4733422232695108e-05,1.4602801337245224e-05,1.4567155258637816e-05,1.529674842359012e-05,True,True,8.429799820942491e-07,8.42977323868893e-07,8.397473358482366e-07,8.499810459706506e-07,True,True,252.36200755597756,251.22726041706878,252.28134075106448,252.67259126015387,True,True,677.7651689629868,677.1361785871687,677.0505137184679,678.4820914061048,True,True,False,False
0.122,0.038,0.008,0.017,592.8010014443935,515.308847029114,573.3429933564523,592.1608491116424,True,True,0.04384177361082018,0.03927478691312322,0.04082795013636203,0.04285241541998456,True,True,1.0258742928583069e-05,8.772501595119969e-06,9.877105784170303e-06,1.0250611789296307e-05,True,True,1.1010803550620567e-06,1.0446765724959495e-06,1.0968872888369785e-06,1.112346125090239e-06,True,True,282.40796711306336,280.25976883213326,282.73962650856646,283.44135556852353,True,True,799.7465193320337,794.1545888884276,802.4365216838019,803.0468490853196,True,True,True,True
0.018000000000000002,0.014,0.016,0.03,1015.6063847655323,1005.9749677170033,1014.7295952293059,1033.6038059242878,False,False,0.05861614030299276,0.05861402219602275,0.058562356839929115,0.05991324503438521,True,True,6.6031852596854594e-06,6.603531254806946e-06,6.7616101782659345e-06,6.7707157318194085e-06,True,True,3.968363554070609e-07,3.968340854601044e-07,3.9683313935990413e-07,4.3213087329358356e-07,True,True,249.137929978519,248.99694821562477,249.13833316364722,250.07055704583416,True,True,655.8852468699051,655.8850414621728,655.8639749890008,660.340796702782,True,True,False,False
0.061,0.019,0.052000000000000005,0.033,1012.5200845103391,937.9643940716403,997.622962023049,1012.5021361210798,False,False,0.10376314651375582,0.09892013726761571,0.10375849813249548,0.10479122221514725,True,True,1.377628242935927e-05,1.3292875106717951e-05,1.377669420207494e-05,1.3779044012132671e-05,True,True,4.885977959527587e-07,4.680255009281347e-07,4.885545460497237e-07,4.891858365943554e-07,True,True,252.0388582661236,252.03891517344397,252.03980344558758,252.4594886036299,True,True,687.4127754555341,687.0739143540361,687.4126224346069,688.4665924530536,True,True,False,False
0.051000000000000004,0.013000000000000001,0.097,0.009000000000000001,253.30730468595635,246.54945215625628,255.8153625496064,253.82045151150552,True,True,0.12564174844327788,0.1229951502549357,0.12979474014187609,0.13331417823111708,True,True,1.9038942735879676e-05,1.8219355007902713e-05,1.9564099730374588e-05,1.9570447275862863e-05,True,True,3.0690736343223853e-07,2.646371234194856e-07,3.07023734297127e-07,3.069160719212417e-07,True,True,239.7913372777292,238.84250235777017,239.79636339658364,240.30181924158185,True,True,647.7837340888443,643.0941599800633,647.7801969058389,648.2366890009706,True,True,True,True
0.059000000000000004,0.10400000000000001,0.011,0.02,693.9573741935636,653.8728696088874,650.0612528730123,675.3322678884122,True,True,0.07537791839438235,0.07028753940890946,0.07322994940802718,0.07538010937368554,True,True,2.4909625509173773e-05,2.4208630773736902e-05,2.419564068140588e-05,2.490600976326455e-05,True,True,2.9931431923683765e-06,2.807077675042194e-06,2.815332252832968e-06,3.047675249682381e-06,True,True,283.7441365607919,279.46584526061844,282.2264736401529,283.74078167094467,True,True,779.5009590323858,765.1227688418463,775.5338168786847,779.4662246249827,True,True,True,True
0.008,0.007,0.015,0.03,1018.4816981346734,1018.4479981208757,1018.4036471927234,1028.5426385093024,False,False,0.054837150311486726,0.05483869852544975,0.056745826338753955,0.05490772581079184,True,True,4.9292682453190505e-06,4.9229829537290265e-06,4.926869905601994e-06,5.124838635614673e-06,True,True,2.0080075149907281e-07,1.9798221153058697e-07,1.9758028443883983e-07,2.010216971242999e-07,True,True,245.23245854193394,245.23140678114194,245.229568794241,245.22816095303344,True,True,639.4333723925798,639.1814539055945,639.4325676264622,642.0105658196696,True,True,False,False
0.016,0.005,0.022,0.008,271.1997916971265,271.1981712498464,272.4851668611005,356.1415844425482,True,True,0.04153968596459775,0.03978706143610432,0.04435279005183974,0.0705538044118841,True,True,5.789516717332711e-06,5.691332696020003e-06,6.1593608980859206e-06,1.0279947336528373e-05,True,True,1.440866621539234e-07,1.441101943219923e-07,1.414072656888596e-07,2.0726128454973986e-07,True,True,246.70768737103828,245.39496423397173,247.27685739432056,248.09208936575538,True,True,645.4691523482993,642.2880958307542,645.4327073091702,652.1158468559244,True,True,True,True
0.017,0.10400000000000001,0.004,0.029,1020.741918005423,1011.5244699463854,1043.5909421575943,1199.1771185676025,False,False,0.07563707767862643,0.0756383545795565,0.07977598930512578,0.08557728528869461,True,True,2.3750457364926247e-05,2.388991288162126e-05,2.6331817046076503e-05,2.6751813047826003e-05,True,True,3.0356190340407876e-06,3.037327432483698e-06,3.2481557414857386e-06,3.345706817922772e-06,True,True,274.8351918382766,274.2329040708268,277.21547424369857,277.4635587812501,True,True,734.7828151310028,735.0764218019651,743.347287564983,743.6802741850734,True,True,False,False
0.05,0.022,0.074,0.043000000000000003,1242.5859158482424,1132.9571239032516,1167.283162583986,1242.598396785058,False,False,0.13386329937547917,0.12606158348467114,0.132012441188951,0.13387693616695792,True,True,1.744874813474805e-05,1.6697349147568682e-05,1.7448520541808306e-05,1.7448840683671806e-05,True,True,5.336473515633568e-07,5.222563353601937e-07,5.266430773464216e-07,5.337407917729288e-07,True,True,244.45984157308592,243.77649581376662,244.9094523386054,245.38272977593218,True,True,663.2808959765755,662.8244541065209,663.3049576913006,664.3082154156228,True,True,False,False
0.065,0.02,0.054,0.021,646.7417041784466,626.3991846458356,648.7194375643469,648.5828675367816,True,True,0.09595798104611994,0.09599510484731223,0.09598580234072235,0.10336187810582381,True,True,1.4296110196933332e-05,1.4166068960118889e-05,1.4333105987187251e-05,1.6001512906361397e-05,True,True,5.15766868424023e-07,5.161125860963208e-07,5.223790085726724e-07,5.157676899511274e-07,True,True,253.70782714522062,252.84347886627737,253.6300098174569,254.06953440657568,True,True,693.0458860023004,691.0688766350363,691.3356871703561,693.0456100430961,True,True,True,True
0.01,0.066,0.064,0.034,1015.8058779929164,1015.7527568059821,1015.7068282459747,1015.7715134169557,False,False,0.13174865942370237,0.12469964227317318,0.13175006321078483,0.133252970531845,True,True,2.424708461057865e-05,2.2983582629418815e-05,2.4247356296172816e-05,2.424709286062409e-05,True,True,1.6473780360391162e-06,1.5500779882154517e-06,1.5338336962558633e-06,1.6568404134754099e-06,True,True,249.4052008406873,249.39076707399167,249.4006478472143,249.40830055179345,True,True,660.3906359243092,659.7100164683637,660.1198267844786,660.3904329839628,True,True,False,False
0.044,0.015,0.054,0.048,1450.9493140942952,1146.600377245563,1287.764253849065,1453.933901309808,False,False,0.11704009269036798,0.09529401284595977,0.10784109277981116,0.11696859397214296,True,True,1.327181471012124e-05,1.1688920679950984e-05,1.2711570280574661e-05,1.3271824909263224e-05,True,True,3.808920536547942e-07,3.312626379493348e-07,3.719260142497759e-07,3.830159131274677e-07,True,True,245.4203658747755,245.42031598159403,245.4203469363231,246.9019316894446,True,True,661.87379638899,660.576214944171,660.9657810435713,663.834826248731,True,True,False,False
0.022,0.015,0.006,0.019,667.0906845240708,666.1526844939955,717.4587057580424,775.8354054238408,True,True,0.03472826548711606,0.03472725525873689,0.03812130767991059,0.041512401907573784,True,True,4.794808513465043e-06,4.706344510325858e-06,4.876768075439803e-06,6.509632564315427e-06,True,True,4.401483559781139e-07,4.3983232249746964e-07,4.523726489486645e-07,5.066996147234413e-07,True,True,253.4606982906918,253.43456083602365,253.46101078074554,256.62787272199876,True,True,668.4109497566697,667.8723530440776,668.4105403275867,686.0695890226024,True,True,True,True
0.039,0.013000000000000001,0.043000000000000003,0.007,224.84777858593714,222.1938648553843,224.50690080248333,236.53423565253794,True,True,0.06924391514969802,0.06924271868509911,0.0680677282529801,0.08769889142797972,True,True,1.1187406022836102e-05,1.04827919386731e-05,1.100682820417581e-05,1.2450319494077132e-05,True,True,3.4926504509095654e-07,3.4926683597850735e-07,3.463571444052119e-07,3.715511220505924e-07,True,True,249.43000894283938,247.98787419050302,249.45741245350365,250.2921658570757,True,True,665.9389548965033,664.0294706732765,667.3260633541684,668.0402681697348,True,True,True,True
0.021,0.008,0.006,0.011,388.5915901029346,377.9756321443833,424.23575937655386,533.8917631236664,True,True,0.023798065043079946,0.022953804007807783,0.023384950372599814,0.04063476475400054,True,True,3.2288280327184236e-06,2.9758582109923774e-06,3.1735138156395133e-06,5.762847154010441e-06,True,True,2.3792167250583988e-07,2.377933181980947e-07,2.355773225391202e-07,3.117970174528301e-07,True,True,252.05177531830924,251.43207342921872,252.063581591951,258.32423001530555,True,True,662.5700733585765,662.3023513050028,661.3918803812849,691.3816260529813,True,True,True,True
0.019,0.032,0.026000000000000002,0.008,268.73704820138124,250.562869643499,279.42579565738265,295.9350250655833,True,True,0.056346894523643144,0.05278940448496573,0.056345646940731936,0.07056575839366067,True,True,1.2147710076375507e-05,1.1623623344309294e-05,1.2107189238471064e-05,1.4057716790566776e-05,True,True,8.938972933626167e-07,8.385122883303935e-07,8.93906607469743e-07,9.932814572946324e-07,True,True,253.4364185961903,253.02160683918837,253.08785775007672,254.649023768088,True,True,668.4140507551714,666.9681312421286,668.4070337952143,677.1039792406622,True,True,True,True
0.054,0.022,0.026000000000000002,0.008,268.2221671213983,268.13698165769335,268.2157971706155,315.76685841723423,True,True,0.05270639197093115,0.05270187073101885,0.05695709455155351,0.06752027521452639,True,True,1.0102559112631646e-05,1.0102328414194266e-05,1.0388526617836323e-05,1.2529280419842147e-05,True,True,6.144315517232299e-07,6.13482117457617e-07,6.248868717854331e-07,6.393908970187089e-07,True,True,259.0325726460929,258.67614056624,259.02565172566983,261.35322377937985,True,True,700.0886831466823,698.9084277456828,700.631756193558,707.211027200117,True,True,True,True
0.036000000000000004,0.117,0.023,0.021,705.3441695485255,618.0577205410625,693.6324342861847,705.3446714812841,True,True,0.09550022218290173,0.09069112197862517,0.09331933613565226,0.0957396620791299,True,True,2.928227644484975e-05,2.5282206388261173e-05,2.8606240974376687e-05,2.9331052041323217e-05,True,True,3.2632230468242976e-06,3.0380172928678844e-06,3.2514152061571464e-06,3.3074717510773902e-06,True,True,278.9125821407242,276.66173247966714,279.15373824179056,279.23356279413997,True,True,756.767296726,746.9357004058487,756.8564379794733,758.4441918374919,True,True,True,True
0.084,0.026000000000000002,0.06,0.018000000000000002,547.2487297263411,506.19172845597615,547.0556768168228,591.3290202860643,True,True,0.10151916425942435,0.0988423283356588,0.09686639381468046,0.1017629043937941,True,True,1.634683102115911e-05,1.5576050629044737e-05,1.5835896197613103e-05,1.634542861982951e-05,True,True,6.609639169599527e-07,6.103557251610615e-07,6.566986713987312e-07,6.786641040983253e-07,True,True,258.55276879848725,258.3647937504537,258.95607339609097,258.98926311231924,True,True,716.3515780493625,715.5733778661181,716.3539957490866,717.4223360536749,True,True,True,True
0.097,0.076,0.015,0.004,139.35931021036583,134.7452043460442,139.53429932388443,147.26142027116956,True,True,0.05415224576851114,0.05258030034010568,0.052001482838067194,0.054143597330408536,True,True,1.9666461425774798e-05,1.9627927779189145e-05,1.933951201014612e-05,1.9665953528112763e-05,True,True,2.1846007430895674e-06,2.18231039503669e-06,2.1845192734445986e-06,2.1845561087947518e-06,True,True,285.75271392037064,282.1015837315006,285.68038560314125,285.73610751248265,True,True,799.5919300573522,790.6318395497277,798.5621617367004,798.5856127366866,True,True,True,True
0.025,0.07,0.07200000000000001,0.03,881.2953351729784,879.9312701574383,890.9031047051926,902.6136500201758,True,True,0.1370768611130434,0.1328390508069287,0.13573029501375658,0.13708259252933358,True,True,2.599636169300261e-05,2.5259887588466243e-05,2.5779693092189925e-05,2.5999703855613594e-05,True,True,1.718520571376233e-06,1.718380468689004e-06,1.718826976165645e-06,1.7748667122732008e-06,True,True,252.4247368404138,252.42449462370152,252.42441561864914,252.9663184205388,True,True,676.4875406943795,676.4568369422574,676.537850968029,676.968827509256,True,True,True,True
0.078,0.029,0.033,0.048,1529.6008590260897,1362.2977030947015,1522.1124515467338,1529.5386866701335,False,False,0.1001473125384507,0.08916508464928444,0.09554918149054067,0.10025794589017137,True,True,1.2715148209078276e-05,1.1122019599518726e-05,1.2522263613232117e-05,1.2719730647465388e-05,True,True,7.715596136836222e-07,7.700128359603526e-07,7.440352915901756e-07,7.715582740651308e-07,True,True,261.73008494283727,261.7033178165665,261.7673339808992,261.74122467482744,True,True,724.1229023479856,721.6305879349002,724.1760511100391,724.1767592120892,True,True,False,False
0.04,0.031,0.004,0.029,1016.1188850679748,1014.3821866627484,1014.7604023252615,1173.1819903807223,False,False,0.048197316037232,0.047628727104436976,0.04883213973418345,0.05669128153750753,True,True,7.901020798895564e-06,7.962338417439863e-06,8.153458203600834e-06,9.7157658200348e-06,True,True,9.03586386812879e-07,9.004826459520795e-07,9.608440150230019e-07,9.825280442720526e-07,True,True,261.4494987638966,261.40746494383353,261.88136654215396,261.4510004597344,True,True,701.7920183825112,701.788699008972,706.703100252489,702.3019976769939,True,True,False,False
0.127,0.006,0.006,0.009000000000000001,317.12899921296736,314.46463875185975,329.62381519480476,407.07562178105593,True,True,0.02087669290993618,0.02087830574849549,0.02311670695012367,0.0318003849825517,True,True,2.9150462360212983e-06,2.9080036918584877e-06,2.9480195093142775e-06,4.928862293878561e-06,True,True,1.7846007028477045e-07,1.7819725703834915e-07,1.8533840843547924e-07,1.7915841470834966e-07,True,True,276.43136194602715,276.4329106427885,278.0686527555983,280.10184585534665,True,True,781.64524789192,779.996056585697,789.9001690483718,795.1173887010453,True,True,True,True
0.036000000000000004,0.096,0.015,0.03,1021.6904094688132,903.1689502225854,1010.8293027779075,1021.9244527350479,False,False,0.08709929374293637,0.07945400148736546,0.085973068478312,0.08709961342377495,True,True,2.36825332029181e-05,2.2454402340203074e-05,2.371273656467564e-05,2.372460474664401e-05,True,True,2.7149871370626344e-06,2.5172336925113805e-06,2.7150812233038094e-06,2.766536640692254e-06,True,True,274.635520146794,272.6916655221999,274.6395702785049,274.64141678072036,True,True,743.3464137045855,740.5189275179747,743.3595936282397,746.0616069150283,True,True,False,False
0.019,0.019,0.028,0.031,1015.2059101280998,1006.8545063872444,1019.6137891737449,1062.2473641567794,False,False,0.0759041613166618,0.07420782665797959,0.07591817970803776,0.08010295932072622,True,True,9.816048173247762e-06,9.616516018772145e-06,9.815667802338542e-06,1.0190436846029566e-05,True,True,5.204043316860371e-07,5.204058161065642e-07,5.223763357818923e-07,5.692096919423888e-07,True,True,247.84861219065303,247.84336139697314,247.89025428970743,247.8498429405699,True,True,653.9405208356749,653.8462624256106,653.9415554733081,657.748907841875,True,True,False,False
0.004,0.026000000000000002,0.015,0.03,1019.5668445605781,945.491992905463,1022.0052700055863,1298.4725974871706,False,False,0.06173481839367003,0.06173199814073871,0.06767210039159574,0.07398538166798498,True,True,8.916125968510654e-06,8.920843113341215e-06,8.91120415428325e-06,9.851411125647048e-06,True,True,7.367146733790507e-07,6.346722412467197e-07,7.484380297966496e-07,7.391683415894541e-07,True,True,249.18179380701332,248.51067967990556,249.65313122764405,249.1816670530191,True,True,650.2805888453236,650.2807190800403,650.3167363368856,650.5071991131016,True,True,False,False
0.074,0.067,0.009000000000000001,0.004,141.59852179024801,141.25342486973364,142.30462742326588,145.60657345279012,True,True,0.04282484136306414,0.04262981268149672,0.045869581343975716,0.056429550534844726,True,True,1.6712716383803233e-05,1.671095852572368e-05,1.7294779436289936e-05,1.9742209643594485e-05,True,True,1.9592996648181716e-06,1.9605873646230336e-06,2.0620338208163638e-06,2.093908864658222e-06,True,True,279.4418038972666,278.40211674457714,280.5003371286323,284.089632116518,True,True,769.6780968486046,769.5544577714352,776.3248972544594,789.2718171631553,True,True,True,True
0.022,0.023,0.029,0.031,1012.5675163911457,944.3587506682779,1012.5749969071612,1128.8293872917623,False,False,0.07845724457630576,0.07516183317015811,0.07777253484656227,0.08563217918806726,True,True,1.080284488323999e-05,1.061335058114897e-05,1.0537933713229766e-05,1.155874796153769e-05,True,True,6.276512402624484e-07,6.271101539384215e-07,6.32440978998993e-07,6.613897950671003e-07,True,True,249.35053964731966,249.35046728411282,249.34892591275363,249.49013560001512,True,True,660.0067561472368,660.0073544528037,660.0062133061737,660.7413128501036,True,True,False,False
0.009000000000000001,0.011,0.124,0.006,160.515694502978,158.4137865235615,160.0504287901734,161.8242321358167,True,True,0.14576792563778962,0.14586581449135205,0.1496498559809136,0.16364625546529424,True,True,2.1951116317387688e-05,1.9722060191183088e-05,2.2298886413580082e-05,2.425176383227403e-05,True,True,2.4628581149801293e-07,1.6540725149831388e-07,2.2746790988845754e-07,2.461573030618798e-07,True,True,223.56472669459617,214.86733911164893,217.88595947163776,223.7014864257495,True,True,583.0084782194496,566.6912340790462,567.4774808273279,582.9847711383707,True,True,True,True
0.081,0.008,0.098,0.009000000000000001,252.44020141083772,238.85997164812179,251.05180183418585,252.4471911024633,True,True,0.12490549051514377,0.12299733051631982,0.12479961318181332,0.12487339815100669,True,True,1.8304575716388187e-05,1.590466504163671e-05,1.8008489258206402e-05,1.8305210539396784e-05,True,True,1.8916676448581914e-07,1.7602723286881634e-07,1.865144324964125e-07,1.901029223151072e-07,True,True,245.2843582082161,245.28361256914636,245.7994048682008,246.31812470395445,True,True,677.2468458612302,677.2471656342824,677.2527000486331,681.868573863097,True,True,True,True
0.006,0.08,0.033,0.046,1475.1568686396047,1287.1933149635502,1514.608129829319,1476.7614881388406,False,False,0.11616335378200461,0.10071231356456277,0.11616866787881792,0.11673411420389289,True,True,2.27939992635018e-05,2.0104606723103374e-05,2.29715438321327e-05,2.290033934101713e-05,True,True,2.136537865397542e-06,2.078661499484081e-06,2.1373026766759156e-06,2.1458320214244116e-06,True,True,258.1827821543941,258.19852519624396,258.4076233574783,258.2280148699576,True,True,683.8506236382955,683.835639464218,685.5972920343899,683.8881360926938,True,True,False,False
0.027,0.04,0.017,0.03,1013.7011484888798,992.8379618274147,1013.7196838492436,1107.4422304872155,False,False,0.06922854530520146,0.06926457286479953,0.06920242571318404,0.07641498117160615,True,True,1.2222186376345723e-05,1.1909625242388527e-05,1.2820333110254059e-05,1.3988205898615673e-05,True,True,1.125011647851248e-06,1.0729408293525403e-06,1.2051777572429968e-06,1.214223037874489e-06,True,True,257.69380061887256,257.3863270732226,257.6975473033231,258.3866758025279,True,True,686.5930371311946,682.0728541598738,686.5957284091844,689.3049269561053,True,True,False,False
0.039,0.127,0.005,0.025,880.468370571544,861.3412038720805,875.3638283318251,883.6157389707752,True,True,0.0814920295968083,0.07806056138167228,0.08179258866435465,0.08146614367934257,True,True,2.8974483668792365e-05,2.823902381933965e-05,2.901165459881532e-05,2.8962616575497864e-05,True,True,3.7075859446856733e-06,3.4534434843711876e-06,3.707393681787791e-06,3.738017259164501e-06,True,True,285.9622015056934,280.66317513126285,285.19931678192506,285.9647827434768,True,True,778.3048352940609,768.4373940860853,776.3690046685608,778.5437831229043,True,True,True,True
0.026000000000000002,0.026000000000000002,0.056,0.021,644.5824143130615,634.1161301278834,663.7657939625618,700.9932787371674,True,True,0.10014951648648192,0.10004083906125488,0.09999564978858919,0.12133988206449038,True,True,1.5720543560310825e-05,1.5448261169436e-05,1.5951094559185867e-05,1.9091199129504007e-05,True,True,6.67601433878462e-07,6.646561621404212e-07,6.674597689226677e-07,6.924236220830731e-07,True,True,245.68913030333957,244.85688620180701,245.61563125410692,245.69221068631575,True,True,652.4114087066093,652.4029147931,652.4086854891456,653.000958185317,True,True,True,True
0.044,0.043000000000000003,0.041,0.032,1012.1388797059212,1005.7298099507312,1012.1453470560389,1041.288173734421,False,False,0.09949133810232937,0.09518807896179213,0.09949297082218214,0.10691835533406811,True,True,1.6740139238548804e-05,1.6420065738199486e-05,1.6740118047356042e-05,1.704967947560955e-05,True,True,1.134700135252314e-06,1.134676328177529e-06,1.1347559409775406e-06,1.1476217784293096e-06,True,True,256.81580805181204,256.2923766803984,256.8158312993631,256.8157936513059,True,True,694.079778783601,691.7611379250694,694.0805851804618,696.3062807031891,True,True,False,False
0.095,0.028,0.018000000000000002,0.032,1073.2148604168135,1015.1772180462705,1073.1288835475693,1073.1961834533565,False,False,0.06787917573738406,0.06452817285922452,0.06788171102998881,0.06785950136388072,True,True,9.966107690479473e-06,9.106027101291032e-06,9.971148174465106e-06,9.973704755662912e-06,True,True,7.825637249389378e-07,7.825232950498457e-07,7.825680938962355e-07,8.47661728722166e-07,True,True,270.0991340709341,270.0907185510389,270.1160749767059,270.099119730143,True,True,753.3225448955687,753.2652547089585,751.9399375204115,754.309797050451,True,True,False,False
0.052000000000000005,0.02,0.07100000000000001,0.043000000000000003,1251.2873742249258,1107.2430022501007,1135.8102505648494,1251.3333816333625,False,False,0.130536070806976,0.12107748450416043,0.12691276377935048,0.1305375830432939,True,True,1.6676463985095514e-05,1.565148540593299e-05,1.6693330186061626e-05,1.668604770250912e-05,True,True,4.886498585761724e-07,4.525145198418514e-07,5.052041651529994e-07,5.053208688675407e-07,True,True,245.09487122269744,245.09742698467468,245.26352360323125,246.41704116207416,True,True,665.684958312822,665.6850143051798,664.223177233905,666.860862455961,True,True,False,False
0.058,0.005,0.064,0.034,1011.5302744634456,1012.1835611932605,1010.0990557047924,1098.1176071231123,False,False,0.11203430743058783,0.11202733093531363,0.11221840300469262,0.13081553815231012,True,True,1.2960440595807532e-05,1.2959534331638796e-05,1.3100439251451623e-05,1.436869476442275e-05,True,True,1.2693220793068102e-07,1.2588762740015477e-07,1.2690439450826086e-07,1.3833162653171995e-07,True,True,244.93459531759265,242.15962998973032,244.12136632475705,244.7301991579647,True,True,665.5292942164562,655.5606230973002,664.4285551443425,665.5185449884178,True,True,False,False
0.064,0.074,0.014,0.03,1022.323732116937,1013.8870518139399,1022.2297807269184,1039.2315117066453,False,False,0.07778951170371523,0.07559083857213827,0.0777895401918167,0.07988401534556196,True,True,1.8890415484377924e-05,1.871665518905525e-05,1.8884863030163566e-05,1.8970813989905332e-05,True,True,2.0947356407430475e-06,2.042675881746063e-06,2.0981457480343135e-06,2.094719619648629e-06,True,True,275.744756339242,275.00613905963684,275.59644396659905,276.5759832531703,True,True,757.9294988216247,755.8432702038206,759.690605037735,758.4289715621195,True,True,False,False
0.031,0.025,0.005,0.029,1013.298990577094,1010.8503452355932,1013.6140898840129,1013.2300661176986,False,False,0.04732030459655932,0.046108234938720294,0.04731385947873484,0.047324092549943235,True,True,6.811738094028025e-06,6.811031175419124e-06,6.812815654343825e-06,7.19833968673079e-06,True,True,7.27521679323321e-07,7.220290622504563e-07,7.275194159428846e-07,7.373066178297493e-07,True,True,257.5787472063585,257.5788824242087,257.5757277110302,258.2638661860549,True,True,686.1186826444336,685.2349989242521,686.1200133427047,691.1643063534307,True,True,False,False
0.095,0.025,0.052000000000000005,0.024,740.5242053932908,689.2238015701314,701.3109530521269,741.5974758299792,True,True,0.09796897047995527,0.09627741824896534,0.09819027492087741,0.09798593569383654,True,True,1.4960322711755135e-05,1.406782538365196e-05,1.4558861005276455e-05,1.4991344939746653e-05,True,True,6.4509399762293e-07,6.321204911724453e-07,6.435646373484609e-07,6.905528014383235e-07,True,True,262.2174027752433,262.2174697058989,262.21793217600333,262.53177061539026,True,True,731.9948444665414,731.9886478348062,732.4656009311552,732.6746232820775,True,True,True,True
0.02,0.107,0.043000000000000003,0.025,793.7869440918145,756.5790542352414,793.7854427146842,794.3333770581064,True,True,0.11730556906220618,0.11474199247070586,0.11771345067748802,0.11734925613082563,True,True,2.9658556738231478e-05,2.8655213807375243e-05,2.9664306532309107e-05,2.9660913772649033e-05,True,True,2.8283701619096642e-06,2.7088854781617118e-06,2.828413424163596e-06,2.8582332253046987e-06,True,True,267.7480094715068,265.6115532921252,267.74896354330946,267.7502621061075,True,True,718.3205496738841,713.7587049186088,718.3206135142213,718.3202868438227,True,True,True,True
0.021,0.044,0.051000000000000004,0.021,653.3919746429674,624.73030248423,653.383578148234,694.1936876771188,True,True,0.10092138737791687,0.09694353907070594,0.10291573736885223,0.11435993254556256,True,True,1.8446733787488545e-05,1.7976971858396397e-05,1.8625553898660444e-05,1.9689227559179783e-05,True,True,1.1424278505058755e-06,1.138881529823032e-06,1.156797082137338e-06,1.2182572900960467e-06,True,True,250.28521698303265,248.4317283143359,250.21073919452223,250.54490816568958,True,True,664.2320046601079,659.4248935996218,663.78366801852,664.2324918337038,True,True,True,True
0.097,0.034,0.011,0.048,1622.0115939291188,1326.1231088371846,1587.7934399791661,1623.084896022288,False,False,0.07687114355211591,0.06520277408286429,0.07565947614351506,0.07687367556891322,True,True,9.945126597659e-06,8.433268387744583e-06,9.749454554912866e-06,9.97593655309078e-06,True,True,9.561407256032178e-07,8.157975790531837e-07,9.571112962756758e-07,9.564608676577167e-07,True,True,272.45234867448295,272.0123505892252,272.35061017141516,272.4561576407536,True,True,762.6145947521017,760.7552737960339,756.8455986427051,762.6197036907964,True,True,False,False
0.043000000000000003,0.015,0.016,0.03,1014.6577743103496,1014.5605092814809,1014.9888493904386,1119.1558518594454,False,False,0.05892115723579177,0.058722065483311464,0.059065470589981836,0.06953981558414543,True,True,6.826947152343186e-06,6.826905567433523e-06,6.826862051473807e-06,8.635615000348202e-06,True,True,4.2442690325745295e-07,4.2461553810137196e-07,4.2667858247869384e-07,4.5809411740499133e-07,True,True,255.23194089574645,255.21897867588544,255.2327851582923,255.95937954641684,True,True,685.1106485904321,685.110865370988,684.9831565734097,691.1947312208334,True,True,False,False
0.08600000000000001,0.01,0.005,0.03,1044.3376750672348,1044.3010513338402,1044.1964834465598,1200.2452943954281,False,False,0.04266459374695378,0.042634599125632236,0.0426656439463466,0.05621503707988928,True,True,3.6428053404430948e-06,3.6428487585232857e-06,3.7415490908715953e-06,4.31000655055053e-06,True,True,2.919256907646822e-07,2.91951822688249e-07,2.6380194052634947e-07,3.168207095197846e-07,True,True,266.48528487689936,266.4892324556323,266.4839656047686,267.2083257517477,True,True,736.3526295407067,736.3444495379938,736.352083269452,739.8247175296387,True,True,False,False
0.019,0.015,0.017,0.03,1012.8152881969498,1013.0944994111095,1012.5862593010187,1017.4769533938502,False,False,0.06023110545033932,0.058649949730954366,0.06019795845102072,0.06023397182377405,True,True,6.991697306923505e-06,6.810505722116537e-06,6.994378641004168e-06,6.9930744034608406e-06,True,True,4.237972305915856e-07,4.124256678403665e-07,4.238260790482456e-07,4.42964054149465e-07,True,True,249.39918285434462,249.28086851055622,249.39907150762278,249.45932561687445,True,True,657.2475834159034,655.9657836254588,657.3371847893386,659.2492959087309,True,True,False,False
0.024,0.008,0.004,0.029,1015.6293101527766,959.9414618530723,1015.8010740606546,1248.821939546838,False,False,0.039633044863937865,0.03965771992313156,0.03962988174647191,0.041797295270775976,True,True,2.908857523913369e-06,2.9087827592074767e-06,2.909056531475121e-06,3.373845283660597e-06,True,True,2.3587689863702456e-07,2.2526549229659214e-07,2.409346489540486e-07,2.3621158683922487e-07,True,True,251.8066004344262,251.80723987664834,251.91974472736,251.80547264883802,True,True,664.9783863279449,664.9847936889261,665.0724563853431,664.9825450217984,True,True,False,False
0.026000000000000002,0.07,0.03,0.031,1011.8962492619667,1011.9298430136439,1012.417317731339,1029.279673359304,False,False,0.09599622554480398,0.09009889605574788,0.09589560061359242,0.10113626616253772,True,True,2.0487209875335317e-05,2.0489848054175573e-05,2.047654973791464e-05,2.1537018366871572e-05,True,True,1.9018555722421364e-06,1.8376363904272952e-06,1.9013487861513066e-06,1.9206911063063953e-06,True,True,262.1305898123311,261.8648644746755,262.1285550331068,262.13420569590244,True,True,702.0404689760102,700.6039161806666,701.279648024378,702.0407792212422,True,True,False,False
0.065,0.07200000000000001,0.026000000000000002,0.031,1021.3731688622823,997.4570433514699,1022.3359649271009,1022.5221935658755,False,False,0.09207640372029259,0.09208868307827921,0.09207598088908311,0.09207263109283267,True,True,2.031266754244175e-05,2.001249453525037e-05,2.0236580782029664e-05,2.032213357625581e-05,True,True,1.973353717287039e-06,1.9754862967845493e-06,1.971609458377131e-06,1.9733728934206686e-06,True,True,272.6588215218853,272.4018945288577,272.6375858165234,272.6596154613413,True,True,750.3158537107348,748.6932500821023,750.315794523121,750.3007759467241,True,True,False,False
0.05,0.007,0.08600000000000001,0.011,316.4943170030974,317.1234248791846,317.24829515742397,347.9997036780832,True,True,0.11535056332773314,0.11538284378278918,0.11535637595866147,0.13224526160806185,True,True,1.6520763415672777e-05,1.6522180096096055e-05,1.6538605193336878e-05,1.847317043095647e-05,True,True,1.7042673224381507e-07,1.7043239691009443e-07,1.704534248408939e-07,1.7274532882646823e-07,True,True,240.36754838243297,238.6135303933283,239.469143466135,240.2216830811192,True,True,647.9746066892776,641.0155977515471,646.3517666985264,647.9718633382853,True,True,True,True
0.07200000000000001,0.055,0.013000000000000001,0.005,174.60961342762718,174.43394705129234,174.48705798343144,198.75403621238115,True,True,0.044793143231550044,0.044782868075703045,0.044484958998742684,0.05242856338624099,True,True,1.4801940561822669e-05,1.3850527790876922e-05,1.4750182010211833e-05,1.6666769275736915e-05,True,True,1.5895776432904922e-06,1.5884810264307272e-06,1.5888902571718935e-06,1.6808452465197605e-06,True,True,274.90268258767816,274.6682508373488,274.8973231389041,275.54296142024464,True,True,755.2292638939759,751.5293696027142,755.1951344528228,763.3294054573297,True,True,True,True
0.094,0.03,0.042,0.019,603.8889566956439,554.817789388664,605.1743009684523,603.8644643891452,True,True,0.08451915091097344,0.07947332403950826,0.0845203568860656,0.08452626913217617,True,True,1.4406375673352558e-05,1.311690977550009e-05,1.442119014617805e-05,1.4406198917142554e-05,True,True,7.957012770323456e-07,7.856885580265592e-07,7.958996138665564e-07,7.961573828706845e-07,True,True,265.930487082506,265.74199830981524,265.80446071933267,265.9308384061741,True,True,741.350544515648,741.345783642912,741.3660653304134,742.8278481378618,True,True,True,True
0.10300000000000001,0.021,0.006,0.038,1310.8611898686675,1161.46789940784,1311.060343741148,1331.5043548653446,False,False,0.05607651051776096,0.05612281552185304,0.05609152614246464,0.05672146988536334,True,True,6.239982071268714e-06,6.2408184278792774e-06,6.215767656735106e-06,6.418435406275284e-06,True,True,6.037380165917142e-07,5.501349741513006e-07,6.041996527375515e-07,6.325465258613209e-07,True,True,272.42602347894467,271.759073203742,272.425755316828,272.42605917030846,True,True,763.0283731285001,759.8583321783949,761.1660391148316,763.0347258596532,True,True,False,False
0.017,0.009000000000000001,0.016,0.03,1015.4045013380686,1015.4706942790953,1016.2750540331365,1222.041051077047,False,False,0.0568119933484316,0.056810653659601626,0.059609973853857384,0.06778685976486103,True,True,5.544485568862047e-06,5.544529207593921e-06,5.846161228731128e-06,6.41001897783961e-06,True,True,2.5634620884192047e-07,2.458608942051266e-07,2.6048147759546773e-07,2.8252824737982055e-07,True,True,247.61894894223045,247.1822215912124,247.6166783016492,247.6173703970525,True,True,650.6977988894147,649.1814786712495,650.6995779764374,650.8986694473318,True,True,False,False
0.067,0.021,0.025,0.031,1021.6341550416405,1021.5758042276522,1022.7052527312981,1098.4016656746203,False,False,0.07294109963772748,0.07233242448554791,0.07291242912888816,0.07772721320571836,True,True,9.737619895722263e-06,9.738078397369377e-06,9.730974669114213e-06,1.0685680580478372e-05,True,True,5.780839175246433e-07,5.753783238126132e-07,5.746172291558946e-07,5.887710307279255e-07,True,True,260.2491739821405,259.8480843236438,260.248938142431,260.48917904168826,True,True,711.8649786725549,711.6536544675296,711.8615769618499,711.869435421989,True,True,False,False
0.043000000000000003,0.007,0.042,0.032,1007.9581625264065,1007.5858502847066,1011.0560996103908,1093.8096969154553,False,False,0.088412407169035,0.08605101642456087,0.08843801868584543,0.10085751562180967,True,True,9.839712427304543e-06,9.842160606583942e-06,9.840746306758365e-06,1.1137275939630246e-05,True,True,1.8664480235677802e-07,1.7237063206465116e-07,1.8664169953157226e-07,1.8920499871874944e-07,True,True,247.10754405254505,246.63457312609796,247.1075552245263,247.47980507457044,True,True,663.1965910653182,660.9004013352192,663.1892052189754,664.4770611346885,True,True,False,False
0.058,0.045,0.057,0.004,125.23694798275022,22.312992395090237,123.1525393091382,128.82953884498326,True,True,0.0928471337565686,0.09285124185993125,0.09284198366595443,0.10317120168623244,True,True,1.959834292184361e-05,1.941804699586777e-05,1.9604369909429612e-05,2.117529917028145e-05,True,True,1.1630286110053618e-06,1.163297522794592e-06,1.1630596433518227e-06,1.2092931805250455e-06,True,True,259.13901751956024,257.6145060455417,259.13812911587195,260.8423402492155,True,True,705.6378412843611,699.895595567822,705.7818016756357,705.6248033554924,True,True,True,True
0.019,0.08,0.064,0.034,1016.0837781490461,964.7633831602059,1016.1320555908628,1020.2660140105111,False,False,0.13619798178950804,0.13136439668961603,0.13614817118108946,0.13620976744893531,True,True,2.687154171692619e-05,2.604000305228417e-05,2.687876521161932e-05,2.687617780237465e-05,True,True,1.9965815334189856e-06,1.9734326302552847e-06,1.9968489757693223e-06,1.9965873963907516e-06,True,True,255.10131098576457,255.0931696759113,255.09032660998048,255.10133649581027,True,True,681.9613887934098,681.7255465937837,681.9582927367496,682.4315985422297,True,True,False,False
0.07,0.048,0.057,0.004,125.21936695775096,25.2572267053463,124.9975531951394,136.83100073274204,True,True,0.09379816627116733,0.09233052935721132,0.09401048269377012,0.09804112533511138,True,True,2.018188710942619e-05,2.0189724543007916e-05,1.9959020375921992e-05,2.038990636589122e-05,True,True,1.2399182975153534e-06,1.2397255275773338e-06,1.2399328362376976e-06,1.2850656000125424e-06,True,True,262.71029737473737,262.71003614039364,262.5062027515806,263.4162904346693,True,True,721.7044863413872,721.7059763215391,721.3478298325756,721.7051867947868,True,True,True,True
0.051000000000000004,0.018000000000000002,0.065,0.034,1009.8669038981918,1009.8980717799052,1009.827133481102,1010.2924862663124,False,False,0.11716922399830233,0.107529292848775,0.110983925528703,0.11717884959513025,True,True,1.549952227378613e-05,1.4822099970536111e-05,1.552668841139674e-05,1.5499087107505964e-05,True,True,4.488206142205785e-07,4.307805115264638e-07,4.3939330215629413e-07,4.4895996617008083e-07,True,True,246.41436888470741,246.41426685364996,246.9134640260673,248.47738641665313,True,True,667.5214526075927,666.6681843863988,667.8822318835411,670.8333535607917,True,True,False,False
0.025,0.04,0.05,0.023,716.0831183362711,716.5395423360724,716.0720886274123,748.4676397835079,True,True,0.10024737931779475,0.10025790854908623,0.10026685081709465,0.11033716250455247,True,True,1.751656664116933e-05,1.7411332623945822e-05,1.7509442580994525e-05,1.8793198394249374e-05,True,True,1.0396581332146268e-06,1.0350508954175924e-06,1.0388310037146026e-06,1.0748456560005985e-06,True,True,250.26492876837185,249.67440012555497,250.5634437269556,250.2618217585711,True,True,665.8819639881276,662.6383952946053,666.1917284699322,666.1461238417442,True,True,True,True
0.021,0.045,0.041,0.032,1013.0859098307051,977.611731794744,1012.7729036074304,1126.3099376514374,False,False,0.10025457048191144,0.10026639283297921,0.10026032348173228,0.1086130824232344,True,True,1.712037096366193e-05,1.7009692982210406e-05,1.7150857741116794e-05,1.829339575358047e-05,True,True,1.188529126979147e-06,1.1885568401563232e-06,1.188482992799585e-06,1.1892424698891273e-06,True,True,251.96292697499663,251.1043199822306,251.94576358747915,251.96266433514276,True,True,669.5614498167845,664.553674940739,669.5644171162497,669.9776209553122,True,True,False,False
0.012,0.025,0.053,0.033,1012.0128169944524,1012.0132406958031,1012.5248549213153,1102.7648310609554,False,False,0.10693997280529349,0.10693978642402235,0.10684314108392827,0.10793358656874812,True,True,1.5029790166965805e-05,1.502979153570519e-05,1.5027269813698622e-05,1.534022742604791e-05,True,True,6.418629089965879e-07,6.418554994355638e-07,6.420321922828714e-07,6.776864768173163e-07,True,True,241.9154677971309,241.23428497514183,241.91677464860672,242.7739758284833,True,True,635.9963767175141,635.9754271685865,635.9963692129613,638.4198808304693,True,True,False,False
0.08700000000000001,0.026000000000000002,0.068,0.005,151.6271331204802,151.70817294053043,149.3988075111729,152.5416528454715,True,True,0.09883650584835499,0.09690349599798406,0.09882326168370724,0.1034999046561021,True,True,1.7547597966861112e-05,1.7359508539694602e-05,1.7898203172705904e-05,1.7547418877509874e-05,True,True,6.540392480203507e-07,5.640363023450099e-07,6.660928749586783e-07,7.142268397933433e-07,True,True,258.4448186086303,257.6945183049238,258.4443236447122,261.0459262897486,True,True,716.6551493465732,713.2806350026804,716.6556081701033,717.4886250358987,True,True,True,True
0.084,0.02,0.068,0.006,181.41905008418362,180.5769159198466,181.64057494721584,181.4673646742808,True,True,0.09774940199707105,0.09433968486989477,0.09776069340970875,0.10496092632890501,True,True,1.641926077434007e-05,1.4285858465484852e-05,1.642305744253087e-05,1.6668153602962107e-05,True,True,5.033857935715526e-07,4.818243414976004e-07,5.051010456872756e-07,5.033925434045968e-07,True,True,256.12627939789337,256.10394171870684,256.11917567922575,256.1262935074906,True,True,708.2664496073513,708.0544016299972,708.2210547739147,708.268482698503,True,True,True,True
0.054,0.015,0.027,0.031,1016.3852693658964,1012.8079378756847,1016.4002454898127,1034.1715649825585,False,False,0.07323186091457756,0.07114464275443677,0.07326459742927278,0.07943623299771889,True,True,8.868453265244088e-06,8.542473532995117e-06,8.86848098542564e-06,9.39663955048692e-06,True,True,4.11871512717939e-07,4.118199732268539e-07,4.1114826572156935e-07,4.1676183759468344e-07,True,True,255.2213459844727,254.39779961012422,255.43423557948498,255.2208712720188,True,True,691.0652567806524,688.3707720206824,691.0642631551567,691.0485342968047,True,True,False,False
0.07,0.037,0.011,0.047,1591.3159621193956,1212.8822660366652,1568.6964551327678,1591.3715960295074,False,False,0.07707709691008945,0.059236514350628516,0.07716173933551919,0.07710954288259658,True,True,1.0557258072907382e-05,9.370499749150443e-06,9.814757713765019e-06,1.0556703019226767e-05,True,True,1.04234445224329e-06,9.050146957690401e-07,1.0713000377653496e-06,1.0449026591337767e-06,True,True,266.9986191744904,266.4070351332969,267.0030792168359,266.9984445768258,True,True,734.4833414939197,731.8862908209752,734.740494748048,734.5005967947886,True,True,False,False
0.084,0.045,0.004,0.021,739.6423828799778,739.3461090396942,840.0085428343567,924.5836724917834,True,True,0.04517858757544818,0.04630566300331845,0.04513769429240276,0.05744349892730148,True,True,1.0980278530600465e-05,1.0980191422875679e-05,1.1090779709364711e-05,1.3595379485549946e-05,True,True,1.3162777638359335e-06,1.314695950152644e-06,1.3215114102657668e-06,1.3820741598161307e-06,True,True,275.93682679934386,275.74483469596134,276.13220022992016,278.3961325480722,True,True,764.0930159069967,764.070870540724,764.0044131718405,772.7251570335209,True,True,True,True
0.005,0.139,0.008,0.045,1550.0025247563349,956.5560727772099,1539.1445836476632,1551.2591358789575,False,False,0.10920916835046371,0.07248068524248777,0.09735920550598325,0.10540506592984877,True,True,3.1654080016680184e-05,1.5389557224256372e-05,2.2958374734541455e-05,3.172388944167175e-05,True,True,3.972068857503506e-06,2.5230074610577953e-06,3.4345629610451053e-06,3.977504325491503e-06,True,True,278.8718047555657,270.0154171815035,273.971439960006,278.192298435752,True,True,745.2296243481566,722.9778331234854,723.4703366378492,741.1923402658283,True,True,False,False
0.062,0.092,0.019,0.018000000000000002,611.3922533473794,581.0713495431155,611.3978578978916,613.7422855356998,True,True,0.0788358414775425,0.07410615799852459,0.07975647165771545,0.0791115875427922,True,True,2.3540729965907434e-05,2.3345488572474183e-05,2.3548679932381582e-05,2.3961189924226523e-05,True,True,2.5940992234278877e-06,2.4737987285404176e-06,2.6314642113768903e-06,2.63848134016419e-06,True,True,279.6996989335382,277.62536274800567,278.46180582339053,279.9112916991182,True,True,768.760399898548,763.2676077104481,768.2621984380866,768.7601719122249,True,True,True,True
0.025,0.055,0.022,0.01,339.1858205141354,288.48995026733854,333.6281925571954,366.60117815985143,True,True,0.06151244664190444,0.053886537394058735,0.06000120182153836,0.07382887817868337,True,True,1.6269516360774274e-05,1.5619339585742055e-05,1.627624833082408e-05,1.7445809551247046e-05,True,True,1.5489503108343553e-06,1.5480954184048694e-06,1.5495807295886655e-06,1.602714015086844e-06,True,True,261.49787042380376,260.25913650941914,261.4430446733145,264.449777944849,True,True,695.9583803867688,693.334444633519,695.95607700962,699.2604185557739,True,True,True,True
0.011,0.034,0.024,0.015,503.3415173814926,503.67945399491424,520.7999211440049,553.7563356985197,True,True,0.061318281241746174,0.0613146657028392,0.05995180981557496,0.07282550416481151,True,True,1.2202649726831032e-05,1.2202337023296001e-05,1.201732712328264e-05,1.4794596747603978e-05,True,True,9.500890063198246e-07,9.47853347086437e-07,9.495306831343097e-07,1.1191232273174786e-06,True,True,251.99320633310296,251.99293234236603,252.0766095719149,254.186302898551,True,True,661.266822270214,661.2068883680943,661.2616710669258,668.5388933924393,True,True,True,True
0.02,0.014,0.061,0.009000000000000001,275.8352955730605,262.9282645360113,275.8453011560634,279.53504009259325,True,True,0.09128909631404235,0.09128193681404588,0.09133538535932378,0.10315398848528223,True,True,1.4215140248164904e-05,1.4208190189912332e-05,1.3739502543855878e-05,1.5303719693083285e-05,True,True,3.594242498161897e-07,3.593883884175489e-07,3.5931495280557923e-07,3.6287705822509583e-07,True,True,241.00178400820639,238.931492423424,241.01665881693597,241.00231687093572,True,True,634.3956958230141,633.1541931687274,634.3499833698917,634.4595488094536,True,True,True,True
0.006,0.006,0.113,0.005,137.31947913952038,130.66143678305528,136.3405913216624,151.6204388170912,True,True,0.13464200737396742,0.1298728943647432,0.13489373601848728,0.1571417677021609,True,True,1.9824857194616126e-05,2.0602071431536054e-05,2.0270615194495905e-05,2.3974466259434207e-05,True,True,1.388232600022338e-07,1.1648078585895516e-07,1.244063749995314e-07,1.46585069561271e-07,True,True,224.15923932993815,215.0106837035287,218.4930909301751,224.10437460497994,True,True,582.0950188273229,559.9056970575286,565.5261301294331,582.7518163914566,True,True,True,True
0.007,0.004,0.008,0.006,211.8125743657152,208.33418796556796,218.609565485177,353.88049235401263,True,True,0.019946018919562204,0.01923984195368542,0.01994009800879979,0.052911980273924825,True,True,2.7384121345615994e-06,2.6126020574873014e-06,3.5453842082993023e-06,7.350682448001933e-06,True,True,1.2078529672931508e-07,1.1953931769004993e-07,1.203987148846408e-07,2.0469050830539196e-07,True,True,247.68783244025724,247.5464161461538,248.35083887708356,251.95309099677314,True,True,642.8495773177513,640.2175318653416,642.8172262370414,669.4707313562881,True,True,True,True
0.014,0.004,0.012,0.006,209.45729385550928,206.5965078382156,208.27905444814172,321.7512361100617,True,True,0.02561972791490417,0.023435244302436625,0.025805793198569082,0.05245229148127174,True,True,3.580118892596409e-06,3.156652617863471e-06,3.5264930691747016e-06,6.72071529363983e-06,True,True,1.193917710177514e-07,1.1573276980225932e-07,1.1894993720623638e-07,1.8682609570674334e-07,True,True,248.4122262109925,247.7639169894615,248.5350140876342,252.64059533559038,True,True,648.4699803362644,647.7978882445201,650.7871692276224,676.2565017313822,True,True,True,True
0.097,0.044,0.033,0.012,393.12051983475493,336.9765813476529,372.93800580377126,393.1364616696573,True,True,0.0726784724545754,0.06020409832968892,0.06988391520918245,0.0726068107850438,True,True,1.5812524824262222e-05,1.3901687404170215e-05,1.5270368396403367e-05,1.581230591929649e-05,True,True,1.1988562553441875e-06,1.0865398559901147e-06,1.15468655131753e-06,1.1988029977572284e-06,True,True,272.8159515843562,272.20866661672864,271.88078883362215,272.8150681307052,True,True,762.198920331145,760.950820642558,760.5792516623255,762.2014663331086,True,True,True,True
0.04,0.041,0.076,0.016,469.8103512817891,463.17729751777665,469.8113602473477,472.6027628073327,True,True,0.12051523157305423,0.12051127721691929,0.12171349027393936,0.1227345307769371,True,True,2.131224185174584e-05,2.077767955193351e-05,2.141034763330358e-05,2.208656495253661e-05,True,True,1.0058493910799486e-06,1.0040639437101488e-06,1.0056876955902722e-06,1.0380939360406841e-06,True,True,248.65253081576236,248.6545006319357,248.63032643924475,249.46474694874752,True,True,669.3920217813854,668.3185313768942,670.3045742256663,673.9181554618009,True,True,True,True
0.047,0.029,0.009000000000000001,0.018000000000000002,626.9724513241706,627.0310775824863,629.7916572139799,815.8199603675931,True,True,0.04299013940077492,0.038776926845861905,0.044056925793358306,0.056083520751053266,True,True,8.444528028785791e-06,8.443323417354025e-06,8.455583601646262e-06,1.0983343980025454e-05,True,True,8.407034426722878e-07,8.406329278965716e-07,8.387510489835657e-07,9.357299758753757e-07,True,True,262.28832451174287,262.2654754220102,261.8563188317486,263.60863344184406,True,True,706.530840527222,705.9637106691332,706.2097485714479,717.368485123272,True,True,True,True
0.056,0.078,0.015,0.03,1020.0054650508839,1020.0011734860792,1019.992056710222,1020.0208575369874,False,False,0.08047993151405317,0.07843638189913515,0.08047959196937453,0.08137190758458092,True,True,1.9886121530306905e-05,1.9220762062528765e-05,1.9981627477187218e-05,2.0791382976436173e-05,True,True,2.203023648236829e-06,2.1704541464147862e-06,2.2032367292979668e-06,2.204172500873488e-06,True,True,274.6774033982844,274.06672806969306,275.012268587234,274.7947267487653,True,True,751.4951361951462,750.8292450183744,752.293594127649,753.8286438882799,True,True,False,False
0.035,0.059000000000000004,0.067,0.034,1007.255035430031,961.3393856740825,1001.292684158482,1007.256433893033,False,False,0.1321630803470969,0.12103305722366339,0.13248224945276338,0.1321748187176073,True,True,2.3330254576644394e-05,2.2285537492906568e-05,2.310803286652992e-05,2.3350604609180333e-05,True,True,1.4609119224607869e-06,1.4608413257639394e-06,1.4771593067101749e-06,1.4609190956011774e-06,True,True,252.75945957668677,252.7568619632392,252.73852311666596,254.7072674317685,True,True,681.3808780646235,681.3817779793976,681.1788073062218,687.7898632921185,True,True,False,False
0.081,0.021,0.005,0.017,598.2909517344284,598.2708253867277,607.3582332252608,781.0768852706298,True,True,0.033440378669026403,0.033123642630629224,0.035919201627776155,0.050859833529627446,True,True,5.951614213820351e-06,5.951151903866498e-06,6.519799242239546e-06,8.22092467764789e-06,True,True,6.157690067828569e-07,6.108717592719931e-07,6.551452372978145e-07,6.866719390774916e-07,True,True,269.15557377421703,269.10342226455055,269.1558531683328,273.09887802376124,True,True,741.1463401140068,740.6439621229498,741.1151243014747,756.3355892763147,True,True,True,True
0.05,0.007,0.078,0.035,1006.6605651257004,961.1033540831411,1006.6011046314879,1034.4504135274472,False,False,0.1266207507958552,0.1161901448849795,0.1266275239807956,0.13176378619319953,True,True,1.5333283702218795e-05,1.5280605454929345e-05,1.517742164799857e-05,1.543118454844715e-05,True,True,1.7089562116122576e-07,1.671532104554131e-07,1.6523698645176496e-07,1.7090682596585646e-07,True,True,240.3186882701098,238.9245692043106,240.3891593842534,240.93805328840338,True,True,649.7561718589805,644.6305380695867,648.0942171646185,649.7483327728128,True,True,False,False
0.021,0.094,0.04,0.042,1326.3774437464547,1164.335184640719,1259.2154314099062,1326.7066553509271,False,False,0.12451248328648536,0.11479845659074159,0.12022214089801804,0.1247621681547597,True,True,2.653118300241692e-05,2.6527140114442274e-05,2.5333822045653437e-05,2.653197941770453e-05,True,True,2.4731744825333553e-06,2.268366466313831e-06,2.3793324031984955e-06,2.47463957298031e-06,True,True,264.002167395045,263.82389246921963,264.60268912965097,264.0188946286659,True,True,708.631598895501,707.8081162166983,709.4562349428796,708.7965413805888,True,True,False,False
0.005,0.016,0.15,0.024,595.6698374008845,547.7635451234023,570.5812823158183,643.1511488473989,True,True,0.17822759077983238,0.16080778774600812,0.1791311326072007,0.1784489971658927,True,True,2.5396011831917687e-05,2.1946799657920728e-05,2.5398995902588166e-05,2.5447665301016134e-05,True,True,3.3535067919821537e-07,1.8236267428471163e-07,3.2069776361710383e-07,3.352176344527417e-07,True,True,216.59847730232593,214.65244830868224,216.36139055069316,222.25978764663313,True,True,565.1454000843527,557.9802887892781,564.7851869280878,581.642546006116,True,True,True,True
0.004,0.033,0.028,0.031,1016.4415877163597,989.9334138879497,1017.5234026393168,1158.8161868596903,False,False,0.08085300528411844,0.08087375129061616,0.08083250334476134,0.09906532110167596,True,True,1.2651221829161034e-05,1.2210168623193686e-05,1.2770250375274588e-05,1.3632666949603988e-05,True,True,9.024486041542072e-07,9.024628634727061e-07,9.025328512524441e-07,1.024065910478524e-06,True,True,247.9478011655777,245.97093846001016,247.45063695211806,249.62664457643442,True,True,648.23496727935,648.2351881312983,646.6981326287474,650.0648807018475,True,True,False,False
0.005,0.047,0.108,0.036000000000000004,969.4145012632429,943.3703891077478,969.4328849297883,971.0863107995194,True,True,0.16452343538097625,0.15985945620894687,0.1608903753136643,0.16452365383489784,True,True,2.5945126203224157e-05,2.5792446882404667e-05,2.6159835932850567e-05,2.595813722050818e-05,True,True,1.0622131993254426e-06,8.73755048071016e-07,1.0629427963874736e-06,1.087534495245842e-06,True,True,233.18967005804785,233.15531789521037,234.13921283340358,233.9125776998642,True,True,613.3631210919538,613.3634568960297,617.4655864950784,615.3004355952179,True,True,True,True
0.105,0.015,0.029,0.046,1481.0558909349957,1239.4555632348329,1380.337256527396,1484.6887786606783,False,False,0.08910166102446775,0.07377929674415257,0.087610925914487,0.08919706839695855,True,True,9.278595117645552e-06,7.824935603920938e-06,9.450917768151187e-06,9.309100665581567e-06,True,True,4.044348266664726e-07,3.4597672553370356e-07,4.0096536716781787e-07,4.0618252997721753e-07,True,True,265.4986551547443,265.0554202901012,265.5934160107779,265.49879782517326,True,True,746.0418491143465,743.7002649366954,746.2835996029075,747.5179942555886,True,True,False,False
0.02,0.032,0.041,0.032,1012.5378062196329,1012.4450978671529,1016.4981508880826,1012.256743260051,False,False,0.09585297564514961,0.0927678917072008,0.0952809431588404,0.10424772674561575,True,True,1.4557641507131781e-05,1.4551855989705975e-05,1.4554448046427757e-05,1.6360893634616544e-05,True,True,8.457063604336831e-07,8.316242461076533e-07,8.477796396675543e-07,9.020112682919445e-07,True,True,248.38961201156957,248.26921133395504,248.28435249536142,248.39498258947796,True,True,657.8931651042024,655.8135825262533,657.672962335271,658.5998342929698,True,True,False,False
0.029,0.032,0.005,0.029,1013.7302511367221,1012.6442974272912,1013.3347059990131,1017.2850942863441,False,False,0.04993373715605227,0.04993822972115012,0.04991437006971662,0.053046990865318173,True,True,8.3187352948581e-06,8.318529668897979e-06,8.318718139958586e-06,8.966221542459178e-06,True,True,9.305707730597643e-07,9.284820875040923e-07,9.267767697349693e-07,9.476608704147527e-07,True,True,258.9117625153127,258.89023043925675,258.89194616771607,258.91992340406125,True,True,689.5165653867098,689.1133008815078,689.2128575330144,692.4754214951741,True,True,False,False
0.012,0.047,0.029,0.031,1014.0700035683832,1013.9647066935556,1019.3146041485355,1126.3196910505883,False,False,0.08687814501977122,0.08688304119890565,0.08709990400326732,0.09866321868958067,True,True,1.5663462933855186e-05,1.5662890752771382e-05,1.570824957938876e-05,1.7889687272505346e-05,True,True,1.280862352062333e-06,1.2802093648108635e-06,1.2806789708575508e-06,1.3940040024257228e-06,True,True,253.18513584348318,253.18490440813352,253.1850223155157,253.32666692722387,True,True,668.0851854213605,667.6981012430559,670.4984510592132,668.0724634284753,True,True,False,False
0.082,0.067,0.006,0.03,1044.4479417092034,1023.6486819213518,1043.3648780476055,1047.5095803866707,False,False,0.0651674964484605,0.06272095752931714,0.06498440388275363,0.06561578473941675,True,True,1.6079703428717255e-05,1.4433321150935634e-05,1.607799184501447e-05,1.6076997011567977e-05,True,True,1.9361706010813323e-06,1.7950730785210904e-06,1.97310732855577e-06,2.089664536806665e-06,True,True,279.9670090067929,279.40040675191335,279.96686479258153,280.4080026795922,True,True,777.385255173543,777.7206592987272,777.3757651219101,778.908833139353,True,True,False,False
0.03,0.012,0.029,0.031,1011.7501209050207,1010.4994165651054,1031.9897038326862,1107.4895184993911,False,False,0.07459578029951368,0.07459173734056103,0.0745877700029335,0.08302073775117408,True,True,8.59345495102192e-06,8.239573882964979e-06,8.590389453296709e-06,9.18528433680134e-06,True,True,3.288127888550413e-07,3.287601555540564e-07,3.2932064091590046e-07,3.707932569744914e-07,True,True,248.39320436402224,248.22441705396042,248.39197179574717,249.20849593808214,True,True,660.1894159256638,660.1720103523978,660.1885924276012,663.3212459557456,True,True,False,False
0.026000000000000002,0.021,0.004,0.029,1016.1971623699466,939.5028953010161,1017.0441092841587,1154.2505339287886,False,False,0.044485077054211515,0.04313435021521544,0.04442881343090877,0.046653496252056295,True,True,5.722102138681679e-06,5.720158508494322e-06,6.0552392880919525e-06,5.720892271722683e-06,True,True,6.134235888741649e-07,6.03295359506659e-07,6.150985061555087e-07,6.133778770276986e-07,True,True,255.61280832985193,255.54726357594825,255.7632808256725,255.61086682670222,True,True,677.7802398023915,677.7519789077936,677.8162460988034,678.6534002858278,True,True,False,False
0.004,0.10300000000000001,0.004,0.02,709.4285387168655,705.7884596902658,751.4932518702507,965.4735582459595,True,True,0.06620749600104947,0.06558294569152975,0.06518440401545486,0.07273460373877588,True,True,2.360889449108097e-05,2.351760285064794e-05,2.359543321689602e-05,2.3608159946638123e-05,True,True,3.0287936927205507e-06,2.0964103790936446e-06,3.0268570349918057e-06,3.042021074065636e-06,True,True,272.2462851856819,271.5056442968394,272.7125067168436,273.77197182006057,True,True,720.2856620838866,720.2116816783717,720.9753411820104,728.2316285774682,True,True,True,True
0.036000000000000004,0.004,0.004,0.029,1014.9340119961777,1010.108658868697,1030.016248640866,1294.1988265939094,False,False,0.0381231135276394,0.03372620322856006,0.038101027392298335,0.04471630089075449,True,True,2.069957653321134e-06,1.9863058600863635e-06,2.067991635300957e-06,2.4382559997135945e-06,True,True,1.1967280622287115e-07,1.197143619365852e-07,1.214670259871425e-07,1.2835559517800273e-07,True,True,253.57843951216748,253.57897250689732,253.54466916260938,253.5805422086859,True,True,675.3756906618579,673.6056096649429,673.7151163061609,680.2501904629834,True,True,False,False
0.004,0.076,0.015,0.03,1022.0056172715476,1019.8615646366964,1022.2262697960376,1052.3165349497674,False,False,0.07991622471110033,0.07988662307406319,0.07981568970537768,0.08759998061628477,True,True,1.944699067406995e-05,1.8815184995930835e-05,1.944598096941333e-05,1.9918887798364614e-05,True,True,2.1511154342454544e-06,1.5438689408119517e-06,2.1539707028989424e-06,2.155409338724279e-06,True,True,262.02764243088905,261.7943062946708,262.0279985048938,262.74889346916024,True,True,690.7821179497297,685.085183845502,690.7832640248954,694.5629835912189,True,True,False,False
0.019,0.109,0.043000000000000003,0.02,637.6642194082888,623.314227722731,644.3595562515621,637.8048046424769,True,True,0.11364541911369237,0.11336522958446701,0.11362936315034702,0.11545128980012893,True,True,3.012166477013114e-05,2.9754218510808104e-05,3.020859038786028e-05,3.068579384207405e-05,True,True,2.8915026585593897e-06,2.820623967758285e-06,2.890506927950517e-06,2.9857782279758363e-06,True,True,268.4166985322434,266.67046098550287,268.5659640591454,268.56860602652336,True,True,719.4059471692146,714.1272084780878,719.4174606698317,719.5186748846481,True,True,True,True
0.07,0.052000000000000005,0.034,0.007,230.4279829274085,230.43080271383533,230.45597045136955,253.99094419993256,True,True,0.07208897206501477,0.07138030635038153,0.07206642713680816,0.08097064301595157,True,True,1.7599368433461977e-05,1.7218357850170107e-05,1.7830434261449615e-05,1.82515071740227e-05,True,True,1.4197179093263732e-06,1.3705573750448884e-06,1.4197244103511241e-06,1.4383304145504745e-06,True,True,268.73289287028274,268.7337855614665,268.7252482910143,268.89606101243305,True,True,738.0162406714952,737.3585716690214,738.0307331798765,742.9402084630849,True,True,True,True
0.005,0.025,0.134,0.028,716.3490295513993,692.5806997981168,717.2389080987623,716.1491153440725,True,True,0.17209892170119162,0.16234452309801348,0.18026155128863208,0.17627461667210667,True,True,2.5155013379131264e-05,2.522499564532261e-05,2.740492033982801e-05,2.6148286833469243e-05,True,True,5.385754526655317e-07,3.2842185321494993e-07,5.18896813897792e-07,5.474664336564601e-07,True,True,222.24230318615452,218.40034042740928,219.26992956343457,224.02530782989516,True,True,581.3070469813628,571.5577903951204,574.4037310748892,586.0782198838003,True,True,True,True
0.122,0.008,0.026000000000000002,0.033,1080.1071245414305,1069.7140646626158,1080.3584992764363,1080.1224328639125,False,False,0.07127819301289333,0.06958853356830585,0.07154319828567919,0.07128044343945927,True,True,7.327707108348424e-06,7.167958473720652e-06,7.138462362253615e-06,7.295320809700639e-06,True,True,2.2055897314221926e-07,2.1507805228931466e-07,2.2056580164806172e-07,2.384251336740175e-07,True,True,269.3639384006193,269.92080110504895,269.85848518376457,269.36712439674653,True,True,763.009853644104,762.8892957602907,764.7013930846756,763.0184064090353,True,True,False,False
0.008,0.032,0.019,0.008,273.9558907258112,273.26879283351167,273.7931572814717,322.55142458,True,True,0.04740679540915225,0.047212132126610726,0.047325388971657306,0.06807974209048383,True,True,1.0902390292626575e-05,1.0901719210540513e-05,1.090221153574674e-05,1.4726439658402468e-05,True,True,9.110900177831336e-07,9.102936253269288e-07,9.113990105556515e-07,1.1322634472408045e-06,True,True,252.46040302950425,252.4617239100716,252.4602373864233,255.25616002583618,True,True,660.0025293007967,660.0038801134789,660.1287055234994,672.5513817477242,True,True,True,True
0.014,0.075,0.079,0.025,725.3341049305968,638.4369401292081,699.1627497714935,721.4114289947499,True,True,0.14103107342873297,0.1363909964759073,0.13017620299420846,0.14103612403458204,True,True,2.775868088209692e-05,2.670033204188096e-05,2.5818955633149703e-05,2.7758647531599007e-05,True,True,1.8185568097360485e-06,1.4880162436394276e-06,1.5795513722778923e-06,1.8191135106260344e-06,True,True,249.94031501657378,249.94014594831873,249.93990090250418,250.34297457362206,True,True,664.5486313725925,664.5298177259015,664.544629722608,667.570946561431,True,True,True,True
0.028,0.052000000000000005,0.028,0.042,1365.952048290149,1121.456510772094,1324.3252147020255,1365.951670497309,False,False,0.0974752513058494,0.07980750565211005,0.09752887207865171,0.09743929423216319,True,True,1.64736923976805e-05,1.4260869020925584e-05,1.648487481423457e-05,1.6626794758591488e-05,True,True,1.4087042357246326e-06,1.2569258085586597e-06,1.4102829978433394e-06,1.4148085533709773e-06,True,True,257.5747889735504,255.71444216091305,257.57405074724795,257.58874651658493,True,True,689.5756206543805,684.126854320473,689.8806733494589,689.6212820636664,True,True,False,False
0.007,0.023,0.015,0.03,1019.3005977951605,1018.9351503840851,1019.3178495447352,1061.921870948188,False,False,0.060639337758834726,0.06064769161909386,0.060748337973097984,0.06550501645261482,True,True,8.278577351933429e-06,8.278942928068502e-06,8.355291238422327e-06,9.625408479238151e-06,True,True,6.519560973212814e-07,6.519005573990339e-07,6.519687201403188e-07,6.519785883312417e-07,True,True,249.1131055478968,249.02028331171252,249.05602306733581,249.2461077905991,True,True,651.2599786522146,651.260554289801,651.2621191854186,651.2560173374361,True,True,False,False
0.041,0.039,0.051000000000000004,0.01,313.99391600747913,313.54079486214357,314.0078500519919,346.7933088671268,True,True,0.0896639054256223,0.0896635647676135,0.08892031969722519,0.09855303773797708,True,True,1.753895378525296e-05,1.7538449652389725e-05,1.754607671303166e-05,1.889325600362519e-05,True,True,1.0195659791396422e-06,9.741336399422215e-07,1.0192603285081687e-06,1.019569991754227e-06,True,True,254.52810489841025,253.98885360913687,254.5289126443209,254.5283017051803,True,True,684.239265297872,682.2883815234352,684.2297231286627,687.7598403077737,True,True,True,True
0.047,0.031,0.039,0.047,1477.4543939553773,1179.5423042534483,1499.080553153363,1477.4699064776405,False,False,0.10639494151079094,0.08693516282239053,0.10402415591977864,0.10640963117756957,True,True,1.4027266492164122e-05,1.3008238533597878e-05,1.3822788216186965e-05,1.402757323040382e-05,True,True,8.140326987193445e-07,7.35913214692902e-07,7.96722629982588e-07,8.140904118202451e-07,True,True,253.72134844936377,252.52293681629655,253.4618450975212,253.72729611106743,True,True,687.128947421947,685.1196812000536,687.1426375145261,687.1306025005446,True,True,False,False
0.031,0.018000000000000002,0.03,0.031,1009.2978149423333,1009.2960831677683,1016.7291298682017,1137.4964669026297,False,False,0.07784522539562269,0.0772760267262733,0.07784716216948005,0.08544371835166709,True,True,9.97387946462048e-06,9.989177644566651e-06,9.974036133528032e-06,1.1037583712605223e-05,True,True,4.903800584063563e-07,4.903736990496071e-07,5.026795182814713e-07,4.901948997560745e-07,True,True,249.94005095827688,249.94018022630672,249.97827604671664,250.36430270474023,True,True,665.6025500800685,665.602767485366,667.6503061438766,666.3168066942973,True,True,False,False
0.02,0.038,0.10200000000000001,0.037,1008.187211798453,974.6747608669591,1016.3598040466626,1012.1785822761059,False,False,0.15786403502875274,0.15215926948661776,0.1578680745406196,0.15786065289170823,True,True,2.3759583419236327e-05,2.3759965448159712e-05,2.3746641906692232e-05,2.377157245643362e-05,True,True,8.691562322970136e-07,7.8187987166462e-07,8.671339821872006e-07,8.691525248853491e-07,True,True,235.66590714243264,235.5956028811053,236.38352902189277,237.29804495427118,True,True,626.5069770637788,626.0333691173892,626.6512495129383,629.1522498952297,True,True,False,False
0.07200000000000001,0.062,0.037,0.019,613.2377235402806,586.985695389534,619.0866100746384,613.2482332021293,True,True,0.0899780819571735,0.07436204541273841,0.08888730879904422,0.09002380449551337,True,True,1.999327161614875e-05,1.874664621537427e-05,1.9916026779371676e-05,1.999341850512755e-05,True,True,1.6655734441349114e-06,1.553597285870267e-06,1.6653326875372963e-06,1.7022913395548276e-06,True,True,270.1547304613334,269.1589836159229,270.15543752150256,270.1597633783422,True,True,745.1918458920576,743.1317783859956,743.588593693893,745.1856006330992,True,True,True,True
0.034,0.022,0.004,0.029,1015.916672572081,1010.5280489916887,1012.1295313826392,1076.0784103665253,False,False,0.044845054065641675,0.04411060639264244,0.04483742102072333,0.050218825340748084,True,True,5.9618208142020976e-06,5.90745710208641e-06,5.961795783455865e-06,5.956623658062428e-06,True,True,6.42242740429612e-07,6.416513126104068e-07,6.440383548655212e-07,6.932843236424896e-07,True,True,257.7366970654606,257.7184769133785,257.7381102310615,257.7576940897428,True,True,687.6819989836503,687.66231122477,687.9576792660646,692.0438614054193,True,True,False,False
0.039,0.097,0.016,0.03,1018.7875446794961,925.7426969207095,1022.1559829509665,1018.8774758715144,False,False,0.0886358811636819,0.08249467036395267,0.08880184872702833,0.08863634169869287,True,True,2.4032069584297864e-05,2.2990425095949108e-05,2.4035976812588233e-05,2.4032039348805477e-05,True,True,2.7357192117396925e-06,2.5091421090511604e-06,2.735558409117116e-06,2.734867433019651e-06,True,True,275.36442456874295,273.18458519128956,275.37020368578777,275.36621929346893,True,True,746.9803695824485,744.2966073165732,747.0174868520611,746.9794595899522,True,True,False,False
0.03,0.008,0.004,0.029,1015.3816198587928,1015.3114409884872,1015.4475980645879,1266.8205847337258,False,False,0.03962412391129622,0.03962273490561902,0.0402186263984296,0.044555089109897625,True,True,2.925214623471093e-06,2.9040566475366956e-06,3.0830808771236547e-06,3.624500377508596e-06,True,True,2.3579517684856325e-07,2.358580781812304e-07,2.4240297299989834e-07,2.3673234057341324e-07,True,True,253.2067492370777,253.1899469079897,253.30877073152777,253.7142249583049,True,True,671.7973601302249,670.9686031325859,671.8216285723154,682.373601483134,True,True,False,False
0.031,0.089,0.055,0.023,708.5445224153651,685.805879292991,710.7732191707034,710.9576882394861,True,True,0.12154371234379271,0.11464582206164042,0.12154459922696464,0.12164442171855612,True,True,2.7612224120851275e-05,2.6001200191427096e-05,2.750194416284378e-05,2.7618253864540855e-05,True,True,2.2853487163788915e-06,2.1564530146623476e-06,2.295945475602482e-06,2.2945935981081135e-06,True,True,263.1162341917824,263.1187675024145,262.0225373698779,263.1269884140981,True,True,709.4701825503803,707.0564824955587,709.4714216896755,709.712327223134,True,True,True,True
0.005,0.007,0.014,0.03,1021.4327463807123,1021.273547464392,1021.458697250006,1036.8289088795125,False,False,0.053563838197578796,0.05359280273218479,0.0575466066712345,0.05801910981432772,True,True,4.7392768052772814e-06,4.714702681899442e-06,5.231070101824818e-06,5.550675931524106e-06,True,True,2.013748214335717e-07,2.0131797292710785e-07,2.01618065540989e-07,2.1900421777176945e-07,True,True,244.76045398318297,244.76644681759484,244.75970541117502,245.15465473778534,True,True,636.6086631038648,636.5818104716451,636.6058361317843,638.1465936464436,True,True,False,False
0.005,0.02,0.014,0.03,1022.0681860681957,1022.0633643127134,1032.774603415765,1044.9206600296343,False,False,0.058288898587312836,0.05828931604669633,0.057776415767540154,0.07108502154170923,True,True,7.466808834578189e-06,7.4634666137416744e-06,7.923184459195565e-06,1.0218338722575312e-05,True,True,5.688874810351367e-07,5.688933563913574e-07,5.683052663630002e-07,5.843805975188395e-07,True,True,248.1005435002781,247.7980027689939,248.13101639462863,248.11391417043262,True,True,647.1410108712818,647.0355384139667,647.142145326711,647.1382459665347,True,True,False,False
0.008,0.08,0.045,0.019,602.5667694179041,570.6967009859767,602.5746537336879,603.9032687173252,True,True,0.1050385848445518,0.10501189318383122,0.10503886816585352,0.12123568294318855,True,True,2.465291877611277e-05,2.4662815547392425e-05,2.4487117125904466e-05,2.7252390104173027e-05,True,True,2.112412811770932e-06,2.049778848322137e-06,2.135480352989477e-06,2.3128648880410125e-06,True,True,258.02373777118135,257.6253384982262,257.8551276914155,258.01860077345657,True,True,682.3681622633885,682.3238371216612,681.5464455380047,682.369208369304,True,True,True,True
0.011,0.022,0.015,0.03,1019.0910082201635,1018.9182606899574,1020.0844066131173,1033.577862031451,False,False,0.06026732571088631,0.06026625599189332,0.06026495879741056,0.06143097668983554,True,True,8.082574456472396e-06,8.083204752146187e-06,8.0832925639754e-06,8.454836408658056e-06,True,True,6.236262321000768e-07,6.214327539168108e-07,6.236286130709081e-07,6.246608681129561e-07,True,True,249.7894507898324,249.7334964500212,249.71350205787164,250.00413102333076,True,True,654.9959468630192,653.7023146729033,654.996045893143,654.9869414002582,True,True,False,False
0.045,0.074,0.015,0.03,1020.2535646739318,977.4441331209231,1020.0742697765559,1020.252787813109,False,False,0.07905980452815602,0.07693205500275659,0.07905890783326269,0.0825015105619539,True,True,1.9039399292830355e-05,1.824736481677003e-05,1.903543848748911e-05,1.9826170525661682e-05,True,True,2.090825510107273e-06,2.090798242292812e-06,2.0882535848321258e-06,2.171146614439682e-06,True,True,271.08274950962556,270.2490812350232,271.0610667607621,273.0658536773777,True,True,735.7560457909248,734.8077415120076,734.683035283777,744.1557446362236,True,True,False,False
0.004,0.12,0.051000000000000004,0.014,440.1517567761697,368.0058925169359,438.62865219201063,439.92817259082426,True,True,0.12042682595361509,0.10957379742087613,0.12044214302201217,0.12032147861540417,True,True,3.327784441728688e-05,3.21210857431693e-05,3.314613311812648e-05,3.351581923111219e-05,True,True,3.136549568463495e-06,2.559033057669698e-06,3.1453594741863554e-06,3.321826148172019e-06,True,True,266.390078704689,261.18844115414504,266.41176199497124,266.7347802756948,True,True,707.3201555823397,691.8255325518707,708.1051249140978,707.3477442280249,True,True,True,True
0.105,0.019,0.039,0.033,1044.9572731672636,771.7236803955985,806.20819879244,1046.339333782055,False,False,0.08987154217613506,0.08036108529195245,0.08940022545292378,0.09002594139913334,True,True,1.175151664377406e-05,1.1404771871400361e-05,1.1366217848756411e-05,1.1793735875195496e-05,True,True,5.034512381290149e-07,4.273301461905703e-07,5.032516796974254e-07,5.035149855007413e-07,True,True,265.2654663223408,265.2562188740997,265.2602856641722,265.69527373409176,True,True,745.007098857122,744.9731258708339,745.1632804494479,745.0083164484167,True,True,False,False
0.107,0.034,0.01,0.017,589.7051970625026,570.702179297248,591.1583183722348,611.2740950494092,True,True,0.04507158093614649,0.0416184996071506,0.045138378591390374,0.04674443949853047,True,True,9.758493899394768e-06,9.757912448079577e-06,9.766474055401861e-06,1.0305279065736462e-05,True,True,9.806659611001577e-07,9.688779173890947e-07,9.805798286403707e-07,9.875792047912072e-07,True,True,277.42326639686485,275.8433159715503,277.4166857429815,277.41493530945263,True,True,778.2955219959176,775.4329313302449,778.3016935032675,780.6353047145758,True,True,True,True
0.01,0.007,0.025,0.012,402.0763703440075,402.06379982465444,392.29539434876244,523.6731341892095,True,True,0.05004002912122964,0.04839599319318916,0.05004780609642679,0.0734783938685961,True,True,6.780371079007614e-06,6.730441645416855e-06,6.696372368137311e-06,1.0865630874025074e-05,True,True,1.9816805687750082e-07,1.9708575421373712e-07,2.1470531899235149e-07,2.6631142859085916e-07,True,True,244.82830344557263,243.61985051004754,244.90401666694282,245.11465609076936,True,True,638.0354555347504,634.5101697794239,637.9624276200205,643.491484143756,True,True,True,True
0.005,0.004,0.025,0.019,632.9225592504632,648.4525427456206,769.3311899562117,1008.9913413025802,True,False,0.05572028357473773,0.055720279471049294,0.07416319724770937,0.09622579097293371,True,True,6.172927833928469e-06,6.173082091159301e-06,7.669052905963858e-06,1.0842239936168285e-05,True,True,1.1420515740277776e-07,1.1420356351538699e-07,1.207880521313836e-07,1.5445621886764482e-07,True,True,242.34316661451143,239.47976205635828,241.7029361995067,242.35553045925366,True,True,629.0762560680307,622.9523008505655,629.0853959098139,629.4016434725506,True,True,True,False
0.02,0.048,0.077,0.007,207.57009152863355,190.22348208988475,208.15353212853643,210.25440030081728,True,True,0.11658532803065345,0.11097712771367682,0.1165966240958264,0.12564397385655246,True,True,2.2775003762383303e-05,2.2551452365550155e-05,2.27799522857725e-05,2.4765767370456154e-05,True,True,1.1823787802780578e-06,1.0689455605558494e-06,1.1823491067463052e-06,1.1804249739733654e-06,True,True,246.25564181667443,245.68047773867866,246.25676858039725,246.25498669584132,True,True,652.8327808605649,648.1109460787363,652.88310001444,652.8459376943745,True,True,True,True
0.061,0.088,0.006,0.01,354.72914470247963,349.3468678140556,353.9816866175251,381.9310199938368,True,True,0.052839928729409374,0.04980669041865562,0.052308893917649237,0.05841844214619447,True,True,2.0757202064047994e-05,1.8746343710376437e-05,2.0696350068512975e-05,2.3257958168051965e-05,True,True,2.58567793715671e-06,2.4379780586283676e-06,2.4863159278291712e-06,2.7477744030826134e-06,True,True,282.0190536521525,280.6092462285502,282.387709492072,284.8786993229794,True,True,772.9434938814297,765.2296806219707,772.9433677671569,786.4027793033939,True,True,True,True
0.015,0.025,0.037,0.012,389.78820810359394,388.1088214094326,389.9060857976929,393.8767017295258,True,True,0.07099626887462726,0.07029704910979333,0.07074778505919084,0.08464354737794264,True,True,1.2568236966809648e-05,1.2161557470676866e-05,1.2568040373475563e-05,1.4181796092545957e-05,True,True,6.774923165593891e-07,6.286214595706707e-07,6.79442535893486e-07,7.11643888847768e-07,True,True,247.88960719727683,247.14524572407646,247.8857391641247,247.9368151052976,True,True,651.2877673956466,650.4702594633296,651.3029090489922,654.4244739290726,True,True,True,True
0.008,0.011,0.022,0.023,770.2035001421831,795.9475993894685,770.1264496287782,941.8209157472132,True,True,0.058306648812731836,0.05828247954384693,0.05829284405394771,0.07378227155426409,True,True,7.084554659233315e-06,7.074893713790814e-06,7.30376679447228e-06,9.159778297299304e-06,True,True,3.093640152926423e-07,3.0932636026547263e-07,3.195808930511908e-07,3.7400077198330824e-07,True,True,245.2142072784994,245.19762152101018,245.14810178643944,245.51023620524353,True,True,639.4291332344893,638.1754223784927,639.4291129670555,641.5759404762374,True,True,True,True
0.016,0.004,0.031,0.01,330.2415674731719,303.32242402497394,317.0413681948229,418.9946982451544,True,True,0.05457488985516522,0.05021058070547221,0.0545596540798132,0.08772545423968657,True,True,7.272625911165795e-06,7.113152594145947e-06,6.847822182281575e-06,1.1814989169442337e-05,True,True,1.1309274851079254e-07,1.0562415536813652e-07,1.1259415348078402e-07,1.5715041582983463e-07,True,True,244.2487833295897,241.65871795022707,244.25771504511403,244.37424311024319,True,True,639.1588067829184,639.1582541943161,641.1654776843044,641.3878202081418,True,True,True,True
0.018000000000000002,0.108,0.05,0.02,626.305263778297,626.9096024589362,637.1083295188532,626.3303026250671,True,True,0.12044064522245393,0.12031931858542931,0.1210401586401514,0.12044606713515796,True,True,3.073730422635663e-05,2.9404291746630365e-05,3.08049272217438e-05,3.0746326281877235e-05,True,True,2.8157566966427217e-06,2.6585355504206103e-06,2.889965745568135e-06,2.8165316609080715e-06,True,True,266.3355555905972,264.34472796613466,266.0275720077758,266.4332676904717,True,True,713.3700698896388,707.827371829813,713.3081429011429,713.3950610342745,True,True,True,True
0.022,0.012,0.031,0.004,133.32687707166852,133.32429857955472,153.02902019566,162.49358729646298,True,True,0.05167264804336524,0.05158285616392576,0.05886020531867978,0.07377543749117389,True,True,8.90376117661621e-06,8.81388523076653e-06,9.305639214656519e-06,1.1915186230712228e-05,True,True,3.337072708414398e-07,3.336836199714178e-07,3.336684916134229e-07,3.847005622085897e-07,True,True,248.17138900346285,248.1408862031875,250.2091812917032,249.8392967229654,True,True,653.1827632123352,653.1828198522073,655.9486521067319,663.7427309316505,True,True,True,True
0.017,0.076,0.025,0.011,370.2638852060603,340.8531037188762,359.73366827140404,396.6929620127467,True,True,0.07374650196918861,0.0717308347247454,0.07242943741572423,0.08111583964017681,True,True,2.111717381727658e-05,2.111389636310414e-05,2.1117940390554697e-05,2.2136157794899146e-05,True,True,2.123177646822577e-06,2.122093635328053e-06,2.122902628979177e-06,2.2820214163447993e-06,True,True,264.264715599866,264.222099497416,263.83025755660606,266.69643926021365,True,True,702.0031885757377,701.3738329744509,701.7962987926419,709.3096307401604,True,True,True,True
0.005,0.121,0.007,0.007,249.54695172129595,249.54777554264015,267.7425468733991,323.92347204370975,True,True,0.0637305440435087,0.06390689641037262,0.06653482097368088,0.07542882445223177,True,True,2.817653798761496e-05,2.8180201510511075e-05,3.257856503165606e-05,3.3252080526211356e-05,True,True,3.5661045052140086e-06,3.45723959556231e-06,4.220903325217164e-06,4.138552204126312e-06,True,True,277.43051748468895,274.7167205934201,278.95424370362986,282.35745203374324,True,True,735.8135047068666,735.7898351675975,744.633342296537,755.6199318189861,True,True,True,True
0.019,0.07,0.023,0.01,338.64412004798305,327.9029808183049,338.5963426282821,345.2565697824978,True,True,0.06818433191240508,0.06801287666272876,0.06647437870787883,0.07568503797544716,True,True,1.9567432806237217e-05,1.9364037097199285e-05,1.937529424603776e-05,1.998391070363619e-05,True,True,1.9669622662714348e-06,1.966945923438817e-06,1.9254150684606867e-06,1.976320369244199e-06,True,True,263.7261471011988,262.20948797778135,263.2026533817219,264.79292232352543,True,True,700.7062757943146,698.8834501856253,700.5738646922521,704.5240380770537,True,True,True,True
0.022,0.028,0.004,0.012,426.4442747682812,419.6735855446116,462.3127455008476,578.793644554595,True,True,0.02952420256283168,0.029051699702878728,0.032232890686293154,0.04695611590032362,True,True,7.20002924604709e-06,7.188876152184711e-06,8.047880996107966e-06,1.0504653755010584e-05,True,True,8.278012425018519e-07,8.261263211393896e-07,8.278282109135714e-07,1.0421534343073463e-06,True,True,257.7991173528371,257.802072818471,259.0947228741103,263.13970218713183,True,True,680.9538700373444,680.933849671395,684.1327466407165,704.5324897886363,True,True,True,True
0.021,0.078,0.029,0.031,1015.168932329443,982.996099509569,1020.7218019964043,1060.2401113089438,False,False,0.09770657669978249,0.09221228279375128,0.10178094542057865,0.1047825559360872,True,True,2.195385647572688e-05,2.195418896586426e-05,2.246218882473342e-05,2.3082228221299474e-05,True,True,2.1254012989867128e-06,2.1251028900176635e-06,2.1986581776723964e-06,2.1468461903970746e-06,True,True,263.24985693361566,263.2372696869363,263.24673828848563,263.9692172741839,True,True,703.4233940634941,703.4022540119996,704.249677835152,703.508033037501,True,True,False,False
0.049,0.078,0.031,0.032,1040.4568244556688,1016.5963290688661,1043.3061720861679,1041.4102254237102,False,False,0.10070711377616667,0.09552677031454883,0.0997745363550951,0.10297463401896942,True,True,2.2249512148201615e-05,2.2253290005060417e-05,2.2253688064337516e-05,2.2250158859517994e-05,True,True,2.11067856471424e-06,2.112378594327676e-06,2.145738652759618e-06,2.2321446445974733e-06,True,True,269.25116729393966,269.4314949842115,269.83501907401734,269.9210400935205,True,True,733.9539008404147,736.2728662647523,733.9482635530923,737.6227769350072,True,True,False,False
0.1,0.015,0.012,0.031,1056.9865370313935,1057.631956592589,1056.5710450167849,1097.6639773974764,False,False,0.05469375397339684,0.054349184416123436,0.05472007427085868,0.059061220826638616,True,True,6.121467122432936e-06,6.120432788037497e-06,6.122703047032027e-06,6.3981126386288196e-06,True,True,4.274636001857542e-07,4.2740478864004846e-07,4.283951543118866e-07,4.5314654574550717e-07,True,True,269.3663814636968,269.35588381367216,269.36439098448244,270.397087956971,True,True,752.0999206609924,752.0974071385873,752.129203368746,756.0725517947367,True,True,False,False
0.013000000000000001,0.024,0.004,0.029,1016.8845976246128,1011.6842573676076,1017.2066178541758,1092.2863673083305,False,False,0.04562896131445791,0.04550616919817739,0.04557376762945718,0.048387642912067645,True,True,6.356837570785282e-06,6.113669561826889e-06,6.35089184363853e-06,8.006154088002819e-06,True,True,7.010446042380023e-07,7.009847600090466e-07,7.002800601916333e-07,7.600456832992841e-07,True,True,253.349417664618,253.34951243530026,253.34999764746337,254.17637971387273,True,True,665.4369943566579,664.3475303930633,665.4342030604442,669.2052434519225,True,True,False,False
0.019,0.039,0.097,0.006,170.32402446982013,138.3727165947255,169.81237897880004,178.00832063562873,True,True,0.131341798949844,0.13115046394592814,0.13144318655876908,0.13857487568684554,True,True,2.3593491852114985e-05,2.3593273004608265e-05,2.383068494139025e-05,2.459873400689864e-05,True,True,9.189576451100051e-07,7.378550086988862e-07,9.28422950436436e-07,9.403701051335686e-07,True,True,239.23646956266074,238.03386435933365,239.23500874777233,239.23832368937548,True,True,632.8373915889678,632.8380584640413,632.8271427411631,634.2286014091912,True,True,True,True
0.007,0.065,0.042,0.048,1500.6098664366623,1217.780429168031,1500.8776306445732,1500.6299883806707,False,False,0.12190702307006314,0.1061096165257204,0.108313101910479,0.12203755514908915,True,True,2.1061404186405693e-05,1.8290740820765033e-05,2.1057623954481847e-05,2.105367713693036e-05,True,True,1.6947200939216587e-06,1.5638355609822279e-06,1.6969680114491207e-06,1.7283640624192505e-06,True,True,252.3634337872598,251.30846425114098,252.3601434244175,254.07590681496072,True,True,667.3387385192633,663.4020032952878,666.4735642419207,667.3401449305886,True,True,False,False
0.095,0.007,0.015,0.031,1048.042119698195,1048.8175813310281,1052.7559628983556,1186.3859362264302,False,False,0.05563155501671587,0.05563647076158673,0.057118786260895546,0.06671614586818025,True,True,5.038316494282161e-06,5.040265503825928e-06,5.038453674896047e-06,6.011892968852005e-06,True,True,1.9962627989982988e-07,1.9963203196612925e-07,2.062568032771368e-07,2.2030729707315411e-07,True,True,265.4604322247116,264.4889857568261,264.47885093654367,266.3662071973433,True,True,738.1848849438845,733.6064926585644,738.1986256259636,738.4752247502737,True,True,False,False
0.084,0.035,0.021,0.046,1515.5678270705405,1361.0861240778506,1515.1269772133803,1517.6203192045002,False,False,0.08712690696700245,0.07768971280099705,0.08672463028498052,0.08712988101387313,True,True,1.1918789934826545e-05,1.1621898418798221e-05,1.1708924561446168e-05,1.1924225313922111e-05,True,True,9.60740350762582e-07,9.359811030496308e-07,8.881558672941152e-07,9.607842674564137e-07,True,True,267.5566860241209,267.5403916978661,266.6697127219343,267.56171361176195,True,True,743.0534549290207,743.0535285150319,740.0037009620174,743.054105216585,True,True,False,False
0.048,0.084,0.027,0.031,1019.8583851092263,982.8678737964249,1019.8587807398736,1019.9228899514637,False,False,0.09749108600183663,0.09678021041542637,0.0974987421701156,0.09749565361715452,True,True,2.2910371326601628e-05,2.2534556074822963e-05,2.2907874079688338e-05,2.2910519386272864e-05,True,True,2.298508646601936e-06,2.2814239097390647e-06,2.2989333878818577e-06,2.3347146844803615e-06,True,True,271.54819262024256,271.3762919296543,271.54773983657753,271.55498731637897,True,True,740.1347329407132,738.7233853527558,740.1365801298035,741.2994178142192,True,True,False,False
0.008,0.009000000000000001,0.015,0.03,1018.5789745991505,995.4781760815154,1018.4183689324609,1018.743598437306,False,False,0.05556171290671401,0.04933388362619515,0.05506424829578606,0.0599222556120911,True,True,5.348055290193784e-06,4.808734959186403e-06,5.347481422426795e-06,5.618400208809227e-06,True,True,2.5715721128820894e-07,2.5357141228319625e-07,2.571597383384258e-07,2.57174085679516e-07,True,True,245.74671801655393,245.64270161804856,245.7465557275767,245.8522849790335,True,True,641.0537900237068,640.3683467308235,641.0543259195861,642.4562601282056,True,True,False,False
0.022,0.122,0.009000000000000001,0.03,1040.903723603447,972.8155238019147,1040.8674774843075,1039.368188711725,False,False,0.08953603907178478,0.08955445369339818,0.09073037727527165,0.08959061848474796,True,True,2.8371233017142077e-05,2.838087038862836e-05,2.839453452743213e-05,2.8371585189229678e-05,True,True,3.511471834910723e-06,3.007661767637735e-06,3.5182829612658233e-06,3.671439443430809e-06,True,True,279.4117436310348,277.67607562468487,280.6376876046756,280.6370178955282,True,True,752.0027501537551,743.5626773846446,753.2445231585755,755.4750575679201,True,True,False,False
0.07,0.059000000000000004,0.011,0.03,1029.9291979619154,935.8460272230412,1029.901085529082,1029.9020064807291,False,False,0.06858750256051212,0.06312414748142395,0.06860298240675353,0.06858853239364389,True,True,1.5229205210759323e-05,1.5180000857332699e-05,1.4759312886178872e-05,1.5317161392584253e-05,True,True,1.682764743784231e-06,1.6594413680959981e-06,1.6550631415086762e-06,1.682503388954831e-06,True,True,273.9739747800061,273.97325040889194,273.97280330764755,273.9739858047248,True,True,754.3514020980602,753.0537447738318,754.3509620395997,757.5067838161706,True,True,False,False
0.067,0.07200000000000001,0.025,0.031,1024.050433905511,1024.0434256739543,1025.9765821964545,1024.0834818346216,False,False,0.09093501966284402,0.09076801396398568,0.09093551263079788,0.09093654087039314,True,True,2.0167494510802717e-05,1.995927232791729e-05,2.0189092809523693e-05,2.0165089436657883e-05,True,True,1.9782995371588455e-06,1.9531323763528092e-06,1.9808824281127064e-06,2.0217320466781274e-06,True,True,273.35350518126717,273.3395170692317,273.53050771864486,273.5324086068517,True,True,753.1732363723445,752.4189858771315,753.16966569894,753.5126030280377,True,True,False,False
0.04,0.075,0.028,0.031,1017.0134713730017,982.3415530213819,1016.4269743800008,1016.9880391289201,False,False,0.0954703983616778,0.09549964748925592,0.09543773141129405,0.09936007645500806,True,True,2.1207256118655698e-05,2.1211185443848195e-05,2.1204383190027708e-05,2.2098977537228353e-05,True,True,2.0472100665518343e-06,2.0459811578813413e-06,2.046390022632607e-06,2.047147764175241e-06,True,True,267.1399099957301,267.1393268027207,267.1385671425929,267.13988132274545,True,True,723.1691446582956,723.1321341739247,725.2294064397865,726.7221730685976,True,True,False,False
0.039,0.05,0.054,0.033,1009.5970675762319,996.5967840413182,1009.6012001819248,1034.5533087488107,False,False,0.1160391858750382,0.11414552379528707,0.11603301014089999,0.11605761122689885,True,True,1.9947765855258657e-05,1.97411169284416e-05,1.9948380248057656e-05,1.994565265608594e-05,True,True,1.2774131789969696e-06,1.2205294909090991e-06,1.276921031452567e-06,1.277483254907644e-06,True,True,254.415157621902,254.41151795360858,254.22257846812886,254.63396031469276,True,True,686.3522034231759,686.2126608101507,686.3439021344816,687.7895792121207,True,True,False,False
0.016,0.018000000000000002,0.017,0.03,1013.0788806995537,981.2243598946502,1013.063816737501,1024.767910690889,False,False,0.06131945061559986,0.0548837520724796,0.0613203844589,0.0634375129169,True,True,7.624375618957542e-06,7.19964489103215e-06,7.590570316754942e-06,8.086280746466909e-06,True,True,5.079817183428075e-07,4.887832294115533e-07,5.07935963420608e-07,5.11293764712663e-07,True,True,249.47044628210858,249.4711119128266,249.47132211530237,249.4702911495457,True,True,656.2685222250062,654.9960562795375,655.9311660723728,656.2386052211334,True,True,False,False
0.016,0.014,0.033,0.048,1532.1537313960778,1077.1532988926285,1144.016868747751,1457.9435191807747,False,False,0.0952477723372406,0.07162602321981791,0.08476069226520705,0.09078533423299602,True,True,9.688305821110133e-06,6.852249380982173e-06,8.267133773374633e-06,9.558607454046615e-06,True,True,3.749170468082472e-07,2.903731114188284e-07,3.0564742668146243e-07,3.7495351510611904e-07,True,True,243.4054544122007,243.37624883222585,244.6362708785555,244.20642179911778,True,True,641.5105740823712,640.7174903696925,641.5060290410581,641.5843959601433,True,True,False,False
0.004,0.01,0.089,0.036000000000000004,1010.281145240976,946.2109183869522,1021.1161357207314,1040.5729158968375,False,False,0.13819610715795905,0.12429675068226664,0.14245240064036904,0.16129125650468557,True,True,1.7334326131001762e-05,1.2726761843795311e-05,1.7348324217376674e-05,2.0491400882237444e-05,True,True,2.3740970286258956e-07,2.375823476988632e-07,2.3742129929517986e-07,2.4524389868513355e-07,True,True,227.76784553858198,222.58889794850808,227.7685907160122,230.25104724431543,True,True,593.3506871711296,587.2978546063098,593.3328145188683,594.5917172158055,True,True,False,False
0.009000000000000001,0.009000000000000001,0.029,0.031,1012.417217240522,1012.4318494164808,1032.8664963614954,1090.3351235757561,False,False,0.07360788129225651,0.07363418125663915,0.07454623377827907,0.07739047723352611,True,True,7.967230797386702e-06,7.96740459617891e-06,7.976846214859516e-06,7.963419474210226e-06,True,True,2.476963987344812e-07,2.2946317631686399e-07,2.4769993329710167e-07,2.598328525951649e-07,True,True,242.72096086025692,242.72235427027093,242.72314896436924,242.7182382544158,True,True,633.8911285568018,633.8804280010735,633.4515829082386,635.1029775247266,True,True,False,False
0.047,0.033,0.048,0.013000000000000001,409.7750187020471,387.5230463385467,407.26613099160346,421.52951635326605,True,True,0.08699206858312163,0.0824873203454723,0.08693874079306134,0.09811447205705764,True,True,1.5910377868802856e-05,1.5491767853148497e-05,1.5911369015926276e-05,1.7495953453589153e-05,True,True,8.673986994657975e-07,8.582148638231036e-07,8.673316493202663e-07,8.729445752887587e-07,True,True,254.83392963558953,253.54220350000014,254.8397818981854,254.8372317194018,True,True,687.5898782661901,686.3759183513566,687.579636611688,691.2110162062318,True,True,True,True
0.065,0.04,0.066,0.011,332.2045293288524,308.2056601144057,325.32864902228494,334.7152810871313,True,True,0.10636150945000189,0.0994912283968268,0.10637926887468173,0.10813840588981456,True,True,1.9847458482599577e-05,1.8655024888251853e-05,1.9637321435379238e-05,1.984905476070925e-05,True,True,1.0068606024283063e-06,9.487901745183515e-07,9.80012314107804e-07,1.0117701656741295e-06,True,True,256.89459271531797,256.20879666746447,256.5302674019554,256.893911004376,True,True,703.438314728177,700.6768212923147,703.4407616603127,703.4385834410465,True,True,True,True
0.039,0.02,0.017,0.03,1012.262420001259,957.6895641511674,1012.2824324009315,1134.3299691065386,False,False,0.06198587157513003,0.0619316804333077,0.0619754807889744,0.07024080593731512,True,True,8.05529574020088e-06,8.013495195485848e-06,8.029087283069124e-06,9.517978888222134e-06,True,True,5.634732449669155e-07,5.536818242815416e-07,5.577593838998506e-07,6.04204061411302e-07,True,True,255.35484700163485,255.3189551728256,255.11673773631583,255.65608498928455,True,True,684.0311041387906,683.9911229412597,682.9821513220883,686.6739061213538,True,True,False,False
0.052000000000000005,0.033,0.05,0.006,189.8675435119333,189.90103882462847,204.19740673481238,214.80086262746786,True,True,0.08301740331234944,0.08299515743523612,0.08285779734147032,0.10040279632457347,True,True,1.62443347476945e-05,1.6118299349014822e-05,1.613652105820839e-05,1.7800751850882024e-05,True,True,8.671064074652715e-07,8.300098034362448e-07,8.664128454207746e-07,8.671129746611682e-07,True,True,256.0912400362341,254.63274147341951,256.0866419823515,257.11451862070027,True,True,692.9475879411741,689.1161994551164,691.8968930305808,694.1268996249494,True,True,True,True
0.024,0.06,0.004,0.029,1018.235832080701,1004.9013222782487,1029.9824107653674,1220.4209843835404,False,False,0.05908706738677066,0.058797175988798224,0.06206153113897029,0.07069633602563413,True,True,1.4182487540493309e-05,1.4049831120534234e-05,1.427315319900062e-05,1.63253830570573e-05,True,True,1.748930826782483e-06,1.7453220569683236e-06,1.8043363781505572e-06,1.8528365722668956e-06,True,True,265.16626009094256,264.82506958413217,265.0718067306402,265.16594981434076,True,True,707.0985660655267,704.7762942823751,707.0980655109915,710.6063516504929,True,True,False,False
0.05,0.017,0.114,0.014,377.3116962421829,318.6422077596268,371.9817683395417,377.038340421301,True,True,0.14487501418978266,0.126785084991066,0.13920614059774863,0.1449264093841832,True,True,2.175732475301486e-05,1.8971243805216994e-05,2.0919394569142385e-05,2.175799302591355e-05,True,True,3.849161032377255e-07,3.7141977925679346e-07,3.854066319456999e-07,3.9790023475534204e-07,True,True,236.33093167276488,236.33122755954298,237.21391610875796,239.60482294928684,True,True,639.3511370699085,639.3616957364578,644.7881532019576,646.5544661857148,True,True,True,True
0.035,0.082,0.004,0.029,1018.8854815747629,1016.8780809059688,1083.2238901802323,1111.837018283368,False,False,0.06731404892241472,0.06729682016020572,0.06743484904023657,0.07555798532423066,True,True,1.897033866608485e-05,1.8960220617029407e-05,1.8968559200747135e-05,2.1316634748605203e-05,True,True,2.3900593628321103e-06,2.3898430077397205e-06,2.3914538401110208e-06,2.3901732344201695e-06,True,True,273.3858862654681,273.3829878547246,273.3859235025834,274.66396356307035,True,True,737.4187838052819,737.4366137136597,742.2238763010802,742.7929582315861,True,True,False,False
0.005,0.031,0.057,0.019,583.2340018001747,562.8957963459502,617.6255197880294,678.674369417686,True,True,0.10120668259202004,0.10120456254026636,0.10874747666735231,0.12858959750196253,True,True,1.6816166679163394e-05,1.6815705384567208e-05,1.686399391356556e-05,2.182271535885995e-05,True,True,7.953689035802181e-07,8.099704564810289e-07,7.926214522698185e-07,8.952362365399321e-07,True,True,242.00205586822878,239.6507876598297,242.00469276980982,243.13057190265818,True,True,632.2528527767988,626.6544159384817,632.218726506402,634.531146376538,True,True,True,True
0.006,0.004,0.04,0.016,513.4376467296919,509.2561969392391,576.626781759133,754.6234717108695,True,True,0.07094502373422665,0.07155744353638442,0.08060113220069706,0.1216571671264255,True,True,8.875508410694577e-06,8.87259177765311e-06,9.947512366255266e-06,1.6444346169640994e-05,True,True,1.1008778175727525e-07,1.0998439194287825e-07,1.2163019130606367e-07,1.5142749427767163e-07,True,True,239.39856350210894,233.66159625936518,236.67335041729575,239.4018770263604,True,True,621.8095305176395,607.2181373058081,619.5865609320032,621.1901181358986,True,True,True,True
0.011,0.096,0.073,0.019,562.4190327608142,544.9191171224268,577.4692616586536,575.1032719065867,True,True,0.13761688329633223,0.1331326815527049,0.13767022473413204,0.13776034374342436,True,True,3.101044446266013e-05,2.9042764207445125e-05,3.104591413040158e-05,3.101066887570065e-05,True,True,2.37050432972327e-06,2.0501028711715987e-06,2.345004082912568e-06,2.3766710555926624e-06,True,True,256.46364143971545,255.37724222875943,257.39955730246885,256.4669713437389,True,True,682.3777196755485,679.3217792298221,685.2882855819313,682.4779413584525,True,True,True,True
0.028,0.016,0.029,0.031,1012.0127784527488,1011.9849443910082,1012.0915836965385,1142.001926247424,False,False,0.0759966751835067,0.07599301367308767,0.07605835191039784,0.08229766379728279,True,True,9.40025801364949e-06,8.984491887071252e-06,9.680148745025263e-06,1.046541150096329e-05,True,True,4.3740989098119886e-07,4.374133531596908e-07,4.377600461537416e-07,4.433850730399597e-07,True,True,248.9549532267903,248.83152046915058,249.02282319956345,248.9540401654812,True,True,661.1570485918936,660.7074816260682,661.1366339287116,663.3678308203195,True,True,False,False
0.01,0.023,0.026000000000000002,0.015,500.3558854585687,499.95598532939766,500.3615913953934,563.0137122961668,True,True,0.05987511119314034,0.05954741052040245,0.05986793268041499,0.07769667752078613,True,True,1.0270789354169795e-05,1.0257735129458575e-05,1.0272358746355064e-05,1.2385960602752593e-05,True,True,6.402316315373291e-07,6.142337359700691e-07,6.393797311135075e-07,7.373784342806182e-07,True,True,248.4767518795034,248.35963325477277,248.46997475532612,250.3917738940716,True,True,650.0493007648239,650.0495149142192,649.4251801864959,655.0584042545385,True,True,True,True
