V,Cr,Ti,W,Zr,_neutronics_ok,_calphad_ok,slice_V,slice_Zr,phases
0.92,0.0,0.0,0.07,0.01,True,False,0.92,0.01,"{""BCC_B2#1"": 0.9916474930235251, ""C15_LAVES#1"": 0.0020857035614254074, ""FCC_L12#1"": 0.00072576158956469, ""HCP_A3#2"": 0.0023205691542404266, ""HCP_A3#3"": 0.0032204726712445147}"
0.92,0.0,0.005,0.065,0.01,True,False,0.92,0.01,"{""BCC_B2#1"": 0.992462616243673, ""C15_LAVES#1"": 0.001219776507770693, ""FCC_L12#1"": 0.0007261005451375323, ""HCP_A3#2"": 0.002341821159364724, ""HCP_A3#3"": 0.003249685544053883}"
0.92,0.0,0.01,0.06,0.01,True,False,0.92,0.01,"{""BCC_B2#1"": 0.9933292198183342, ""C15_LAVES#1"": 0.0003008630597683111, ""FCC_L12#1"": 0.0007264267186243976, ""HCP_A3#2"": 0.0023636923330865463, ""HCP_A3#3"": 0.003279798070186276}"
0.92,0.0,0.015,0.055,0.01,True,True,0.92,0.01,"{""BCC_B2#1"": 0.9936540327243701, ""FCC_L12#1"": 0.0007261938271060808, ""HCP_A3#2"": 0.002351481551897032, ""HCP_A3#3"": 0.0032682918966267923}"
0.92,0.0,0.02,0.05,0.01,True,True,0.92,0.01,"{""BCC_B2#1"": 0.9937128026651249, ""FCC_L12#1"": 0.0007256839459581492, ""HCP_A3#2"": 0.002323881190828627, ""HCP_A3#3"": 0.003237632198088828}"
0.92,0.0,0.025,0.045,0.01,True,True,0.92,0.01,"{""BCC_B2#1"": 0.9937707141492215, ""FCC_L12#1"": 0.0007251461274602435, ""HCP_A3#2"": 0.002296836910666034, ""HCP_A3#3"": 0.0032073028126519687}"
0.92,0.0,0.03,0.04,0.01,True,True,0.92,0.01,"{""BCC_B2#1"": 0.9938277190567408, ""FCC_L12#1"": 0.0007245812707241123, ""HCP_A3#2"": 0.0022703537007163852, ""HCP_A3#3"": 0.0031773459718186176}"
0.92,0.0,0.035,0.035,0.01,True,True,0.92,0.01,"{""BCC_B2#1"": 0.9938837850891882, ""FCC_L12#1"": 0.0007239903853533639, ""HCP_A3#2"": 0.0022444240856024887, ""HCP_A3#3"": 0.003147800439856083}"
0.92,0.0,0.04,0.03,0.01,True,True,0.92,0.01,"{""BCC_B2#1"": 0.9939389000789548, ""FCC_L12#1"": 0.0007233745956031808, ""HCP_A3#2"": 0.002219023492950947, ""HCP_A3#3"": 0.00311870183249095}"
0.92,0.0,0.045,0.025,0.01,True,True,0.92,0.01,"{""BCC_B2#1"": 0.993993078882319, ""FCC_L12#1"": 0.0007227351562511034, ""HCP_A3#2"": 0.0030900832386559227, ""HCP_A3#3"": 0.002194102722773905}"
0.92,0.0,0.05,0.02,0.01,True,True,0.92,0.01,"{""BCC_B2#1"": 0.9940463745420137, ""FCC_L12#1"": 0.0007220734872130359, ""HCP_A3#2"": 0.0030619762432791266, ""HCP_A3#3"": 0.0021695757274938594}"
0.92,0.0,0.055,0.015,0.01,True,True,0.92,0.01,"{""BCC_B2#1"": 0.9940988964140507, ""FCC_L12#1"": 0.0007213912377519424, ""HCP_A3#2"": 0.0030344125035996657, ""HCP_A3#3"": 0.0021452998445976824}"
0.92,0.0,0.06,0.01,0.01,True,True,0.92,0.01,"{""BCC_B2#1"": 0.9941508395131775, ""FCC_L12#1"": 0.0007206903970126016, ""HCP_A3#2"": 0.0030074261279700834, ""HCP_A3#3"": 0.002121043961839822}"
0.92,0.0,0.065,0.005,0.01,True,True,0.92,0.01,"{""BCC_B2#1"": 0.9942025318620771, ""FCC_L12#1"": 0.0007199734767891027, ""HCP_A3#2"": 0.0029810572039042026, ""HCP_A3#3"": 0.0020964374572294193}"
0.92,0.0,0.07,0.0,0.01,True,True,0.92,0.01,"{""BCC_B2#1"": 0.9942545103488397, ""FCC_L12#1"": 0.0007192438058054391, ""HCP_A3#2"": 0.002955357019307651, ""HCP_A3#3"": 0.0020708888260476}"
0.92,0.005,0.0,0.065,0.01,True,False,0.92,0.01,"{""BCC_B2#1"": 0.988984417564923, ""C15_LAVES#1"": 0.005133730288449913, ""FCC_L12#1"": 0.0007218793457229917, ""HCP_A3#2"": 0.0021514134684011105, ""HCP_A3#3"": 0.003008559332503115}"
0.92,0.005,0.005,0.06,0.01,True,False,0.92,0.01,"{""BCC_B2#1"": 0.989654356398914, ""C15_LAVES#1"": 0.004428848842802264, ""FCC_L12#1"": 0.000722238836017053, ""HCP_A3#2"": 0.0030290909549355394, ""HCP_A3#3"": 0.0021654649673311845}"
0.92,0.005,0.01,0.055,0.01,True,False,0.92,0.01,"{""BCC_B2#1"": 0.9903666217420348, ""C15_LAVES#1"": 0.0036809434515371817, ""FCC_L12#1"": 0.0007225903366131314, ""HCP_A3#2"": 0.003050071104659167, ""HCP_A3#3"": 0.0021797733651554908}"
0.92,0.005,0.015,0.05,0.01,True,False,0.92,0.01,"{""BCC_B2#1"": 0.9911241738450451, ""C15_LAVES#1"": 0.002887088712479858, ""FCC_L12#1"": 0.0007229331719963641, ""HCP_A3#2"": 0.003071484151217672, ""HCP_A3#3"": 0.002194320119260753}"
0.92,0.005,0.02,0.045,0.01,True,False,0.92,0.01,"{""BCC_B2#1"": 0.9919302205208227, ""C15_LAVES#1"": 0.0020441190100244206, ""FCC_L12#1"": 0.0007232666884531932, ""HCP_A3#2"": 0.0030933109827515574, ""HCP_A3#3"": 0.0022090827979482195}"
0.92,0.005,0.025,0.04,0.01,True,False,0.92,0.01,"{""BCC_B2#1"": 0.9927882464762311, ""C15_LAVES#1"": 0.0011485999710679263, ""FCC_L12#1"": 0.0007235902628285771, ""HCP_A3#2"": 0.003115528778165774, ""HCP_A3#3"": 0.0022240345117065328}"
0.92,0.005,0.03,0.035,0.01,True,False,0.92,0.01,"{""BCC_B2#1"": 0.9937020473426244, ""C15_LAVES#1"": 0.00019679526944775246, ""FCC_L12#1"": 0.0007239033126397429, ""HCP_A3#2"": 0.0031381108453493677, ""HCP_A3#3"": 0.002239143229938828}"
0.92,0.005,0.035,0.03,0.01,True,True,0.92,0.01,"{""BCC_B2#1"": 0.9939352501432794, ""FCC_L12#1"": 0.0007234710361077996, ""HCP_A3#2"": 0.0031194223021689033, ""HCP_A3#3"": 0.0022218565184437982}"
0.92,0.005,0.04,0.025,0.01,True,True,0.92,0.01,"{""BCC_B2#1"": 0.9939893903408173, ""FCC_L12#1"": 0.0007228333466572139, ""HCP_A3#2"": 0.0030908356445437184, ""HCP_A3#3"": 0.002196940667981498}"
0.92,0.005,0.045,0.02,0.01,True,True,0.92,0.01,"{""BCC_B2#1"": 0.9940426102002807, ""FCC_L12#1"": 0.000722173051084671, ""HCP_A3#2"": 0.003062751564914431, ""HCP_A3#3"": 0.0021724651837202666}"
0.92,0.005,0.05,0.015,0.01,True,True,0.92,0.01,"{""BCC_B2#1"": 0.9940949924476091, ""FCC_L12#1"": 0.000721491695732349, ""HCP_A3#2"": 0.0030351997095779816, ""HCP_A3#3"": 0.0021483161470805686}"
0.92,0.005,0.055,0.01,0.01,True,True,0.92,0.01,"{""BCC_B2#1"": 0.9941466898316919, ""FCC_L12#1"": 0.0007207911036070565, ""HCP_A3#2"": 0.0030082109662478342, ""HCP_A3#3"": 0.002124308098452972}"
0.92,0.005,0.06,0.005,0.01,True,True,0.92,0.01,"{""BCC_B2#1"": 0.9941979630957323, ""FCC_L12#1"": 0.0007200735193907826, ""HCP_A3#2"": 0.0029818203620410877, ""HCP_A3#3"": 0.0021001430228358943}"
0.92,0.005,0.065,0.0,0.01,True,True,0.92,0.01,"{""BCC_B2#1"": 0.9942492420618743, ""FCC_L12#1"": 0.0007193418453931983, ""HCP_A3#2"": 0.002956071348789263, ""HCP_A3#3"": 0.0020753447439431348}"
0.92,0.01,0.0,0.06,0.01,True,False,0.92,0.01,"{""BCC_B2#1"": 0.9871325192167074, ""C15_LAVES#1"": 0.007231945129194326, ""FCC_L12#1"": 0.0007184215951412549, ""HCP_A3#2"": 0.0028715047491759305, ""HCP_A3#3"": 0.002045609309781311}"
0.92,0.01,0.005,0.055,0.01,True,False,0.92,0.01,"{""BCC_B2#1"": 0.9877180798564014, ""C15_LAVES#1"": 0.006618105529718926, ""FCC_L12#1"": 0.0007187959330449229, ""HCP_A3#2"": 0.0028883319799148945, ""HCP_A3#3"": 0.0020566867009198585}"
0.92,0.01,0.01,0.05,0.01,True,False,0.92,0.01,"{""BCC_B2#1"": 0.9883419829005998, ""C15_LAVES#1"": 0.005965383647922587, ""FCC_L12#1"": 0.0007191653370922854, ""HCP_A3#2"": 0.0029055153166824073, ""HCP_A3#3"": 0.0020679527977026328}"
0.92,0.01,0.015,0.045,0.01,True,False,0.92,0.01,"{""BCC_B2#1"": 0.9890070703476407, ""C15_LAVES#1"": 0.005270958205335862, ""FCC_L12#1"": 0.0007195292893820276, ""HCP_A3#2"": 0.002923047418796011, ""HCP_A3#3"": 0.002079394738845508}"
0.92,0.01,0.02,0.04,0.01,True,False,0.92,0.01,"{""BCC_B2#1"": 0.9897164351380106, ""C15_LAVES#1"": 0.004531761284929923, ""FCC_L12#1"": 0.000719887290601647, ""HCP_A3#2"": 0.0029409196580142895, ""HCP_A3#3"": 0.002090996628443704}"
0.92,0.01,0.025,0.035,0.01,True,False,0.92,0.01,"{""BCC_B2#1"": 0.9904734494599614, ""C15_LAVES#1"": 0.003744450849029819, ""FCC_L12#1"": 0.0007202388659244304, ""HCP_A3#2"": 0.0029591220855077613, ""HCP_A3#3"": 0.0021027387395768887}"
0.92,0.01,0.03,0.03,0.01,True,False,0.92,0.01,"{""BCC_B2#1"": 0.9912817968357788, ""C15_LAVES#1"": 0.0029053797433732627, ""FCC_L12#1"": 0.0007205835718420221, ""HCP_A3#2"": 0.0029776434209604487, ""HCP_A3#3"": 0.0021145964280455524}"
0.92,0.01,0.035,0.025,0.01,True,False,0.92,0.01,"{""BCC_B2#1"": 0.9921455083769887, ""C15_LAVES#1"": 0.0020105609140588804, ""FCC_L12#1"": 0.0007209210041221838, ""HCP_A3#2"": 0.0029964710679765707, ""HCP_A3#3"": 0.002126538636854069}"
0.92,0.01,0.04,0.02,0.01,True,False,0.92,0.01,"{""BCC_B2#1"": 0.9930690035447185, ""C15_LAVES#1"": 0.00105562866606793, ""FCC_L12#1"": 0.0007212508071549725, ""HCP_A3#2"": 0.0030155911592386598, ""HCP_A3#3"": 0.0021385258228196046}"
0.92,0.01,0.045,0.015,0.01,True,False,0.92,0.01,"{""BCC_B2#1"": 0.9940571356447926, ""C15_LAVES#1"": 3.579596921613446e-05, ""FCC_L12#1"": 0.0007215726850651562, ""HCP_A3#2"": 0.003034988633129761, ""HCP_A3#3"": 0.0021505070677962372}"
0.92,0.01,0.05,0.01,0.01,True,True,0.92,0.01,"{""BCC_B2#1"": 0.9941416331433952, ""FCC_L12#1"": 0.00072090710273011, ""HCP_A3#2"": 0.003009574807788009, ""HCP_A3#3"": 0.0021278849460867606}"
0.92,0.01,0.055,0.005,0.01,True,True,0.92,0.01,"{""BCC_B2#1"": 0.9941926096016963, ""FCC_L12#1"": 0.0007201895224874988, ""HCP_A3#2"": 0.0029831550354803477, ""HCP_A3#3"": 0.0021040458403359997}"
0.92,0.01,0.06,0.0,0.01,True,True,0.92,0.01,"{""BCC_B2#1"": 0.9942433642877233, ""FCC_L12#1"": 0.0007194567051561996, ""HCP_A3#2"": 0.0029573544350508124, ""HCP_A3#3"": 0.002079824572069979}"
0.92,0.015,0.0,0.055,0.01,True,False,0.92,0.01,"{""BCC_B2#1"": 0.98575783056861, ""C15_LAVES#1"": 0.008782306433150727, ""FCC_L12#1"": 0.0007153849106016321, ""HCP_A3#2"": 0.001971324615269659, ""HCP_A3#3"": 0.00277315347236804}"
0.92,0.015,0.005,0.05,0.01,True,False,0.92,0.01,"{""BCC_B2#1"": 0.9862872524553045, ""C15_LAVES#1"": 0.008228090862162033, ""FCC_L12#1"": 0.0007157750545126297, ""HCP_A3#2"": 0.0019808402161201055, ""HCP_A3#3"": 0.0027880414119006397}"
0.92,0.015,0.01,0.045,0.01,True,False,0.92,0.01,"{""BCC_B2#1"": 0.9868527758947457, ""C15_LAVES#1"": 0.007637277702674184, ""FCC_L12#1"": 0.0007161626401013339, ""HCP_A3#2"": 0.0019905219822263292, ""HCP_A3#3"": 0.0028032617802526026}"
0.92,0.015,0.015,0.04,0.01,True,False,0.92,0.01,"{""BCC_B2#1"": 0.9874571955421539, ""C15_LAVES#1"": 0.007007088187952338, ""FCC_L12#1"": 0.0007165472317122872, ""HCP_A3#2"": 0.0020003572958806285, ""HCP_A3#3"": 0.0028188117423006945}"
0.92,0.015,0.02,0.035,0.01,True,False,0.92,0.01,"{""BCC_B2#1"": 0.9881035566159327, ""C15_LAVES#1"": 0.006334497648997429, ""FCC_L12#1"": 0.0007169284074359268, ""HCP_A3#2"": 0.0020103295297781657, ""HCP_A3#3"": 0.002834687797855616}"
0.92,0.015,0.025,0.03,0.01,True,False,0.92,0.01,"{""BCC_B2#1"": 0.9887951814950364, ""C15_LAVES#1"": 0.005616210275357095, ""FCC_L12#1"": 0.0007173057639648059, ""HCP_A3#2"": 0.0020204167139972694, ""HCP_A3#3"": 0.002850885751644119}"
0.92,0.015,0.03,0.025,0.01,True,False,0.92,0.01,"{""BCC_B2#1"": 0.9895356993928032, ""C15_LAVES#1"": 0.004848631286333987, ""FCC_L12#1"": 0.0007176789225387219, ""HCP_A3#2"": 0.0020305897087624977, ""HCP_A3#3"": 0.0028674006895617475}"
0.92,0.015,0.035,0.02,0.01,True,False,0.92,0.01,"{""BCC_B2#1"": 0.9903290793520064, ""C15_LAVES#1"": 0.004027836457528186, ""FCC_L12#1"": 0.0007180475363251309, ""HCP_A3#2"": 0.002040809694000972, ""HCP_A3#3"": 0.0028842269601392196}"
0.92,0.015,0.04,0.015,0.01,True,False,0.92,0.01,"{""BCC_B2#1"": 0.9911796667593631, ""C15_LAVES#1"": 0.0031495390639911724, ""FCC_L12#1"": 0.0007184112997248124, ""HCP_A3#2"": 0.0020510247143759896, ""HCP_A3#3"": 0.0029013581625446884}"
0.92,0.015,0.045,0.01,0.01,True,False,0.92,0.01,"{""BCC_B2#1"": 0.9920922234859072, ""C15_LAVES#1"": 0.0022090544927081805, ""FCC_L12#1"": 0.0007187699602856927, ""HCP_A3#2"": 0.0020611649187224318, ""HCP_A3#3"": 0.00291878714237661}"
0.92,0.015,0.05,0.005,0.01,True,False,0.92,0.01,"{""BCC_B2#1"": 0.9930719716064546, ""C15_LAVES#1"": 0.0012012630684594566, ""FCC_L12#1"": 0.0007191233341876848, ""HCP_A3#2"": 0.0020711359954162633, ""HCP_A3#3"": 0.0029365059954820916}"
0.92,0.015,0.055,0.0,0.01,True,False,0.92,0.01,"{""BCC_B2#1"": 0.9941246404145074, ""C15_LAVES#1"": 0.00012057206295568407, ""FCC_L12#1"": 0.0007194713266449699, ""HCP_A3#2"": 0.002080810115894419, ""HCP_A3#3"": 0.0029545060799977263}"
0.92,0.02,0.0,0.05,0.01,True,False,0.92,0.01,"{""BCC_B2#1"": 0.9847004327672214, ""C15_LAVES#1"": 0.00997272730876367, ""FCC_L12#1"": 0.0007127214207122275, ""HCP_A3#2"": 0.0019157291507816644, ""HCP_A3#3"": 0.002698389352521054}"
0.92,0.02,0.005,0.045,0.01,True,False,0.92,0.01,"{""BCC_B2#1"": 0.9851898362308676, ""C15_LAVES#1"": 0.009460594629939166, ""FCC_L12#1"": 0.0007131281718952369, ""HCP_A3#2"": 0.0019242958094145887, ""HCP_A3#3"": 0.002712145157883363}"
0.92,0.02,0.01,0.04,0.01,True,False,0.92,0.01,"{""BCC_B2#1"": 0.9857139243973346, ""C15_LAVES#1"": 0.008913302995361467, ""FCC_L12#1"": 0.0007135342622145934, ""HCP_A3#2"": 0.0019330110649617188, ""HCP_A3#3"": 0.002726227280127772}"
0.92,0.02,0.015,0.035,0.01,True,False,0.92,0.01,"{""BCC_B2#1"": 0.9862754712340484, ""C15_LAVES#1"": 0.008328095881597077, ""FCC_L12#1"": 0.0007139393005072175, ""HCP_A3#2"": 0.001941858443365506, ""HCP_A3#3"": 0.0027406351404819355}"
0.92,0.02,0.02,0.03,0.01,True,False,0.92,0.01,"{""BCC_B2#1"": 0.986877500789411, ""C15_LAVES#1"": 0.007701973114978672, ""FCC_L12#1"": 0.0007143429061471198, ""HCP_A3#2"": 0.0019508154852874238, ""HCP_A3#3"": 0.002755367704175587}"
0.92,0.02,0.025,0.025,0.01,True,False,0.92,0.01,"{""BCC_B2#1"": 0.9875233124602264, ""C15_LAVES#1"": 0.00703166772906096, ""FCC_L12#1"": 0.0007147447140792296, ""HCP_A3#2"": 0.0019598516526629093, ""HCP_A3#3"": 0.0027704234439707254}"
0.92,0.02,0.03,0.02,0.01,True,False,0.92,0.01,"{""BCC_B2#1"": 0.988216508799251, ""C15_LAVES#1"": 0.006313621041506692, ""FCC_L12#1"": 0.0007151443813406055, ""HCP_A3#2"": 0.0019689254747035324, ""HCP_A3#3"": 0.002785800303197658}"
0.92,0.02,0.035,0.015,0.01,True,False,0.92,0.01,"{""BCC_B2#1"": 0.9889610259689791, ""C15_LAVES#1"": 0.0055439561232373275, ""FCC_L12#1"": 0.0007155415955970967, ""HCP_A3#2"": 0.0019779806534512166, ""HCP_A3#3"": 0.0028014956587353057}"
0.92,0.02,0.04,0.01,0.01,True,False,0.92,0.01,"{""BCC_B2#1"": 0.9897611668668324, ""C15_LAVES#1"": 0.004718450016285495, ""FCC_L12#1"": 0.0007159360864243655, ""HCP_A3#2"": 0.001986940745877301, ""HCP_A3#3"": 0.002817506284580336}"
0.92,0.02,0.045,0.005,0.01,True,False,0.92,0.01,"{""BCC_B2#1"": 0.9906216368172708, ""C15_LAVES#1"": 0.003832505326951928, ""FCC_L12#1"": 0.0007163276403413068, ""HCP_A3#2"": 0.001995701898628395, ""HCP_A3#3"": 0.0028338283168073916}"
0.92,0.02,0.05,0.0,0.01,True,False,0.92,0.01,"{""BCC_B2#1"": 0.991547581526744, ""C15_LAVES#1"": 0.0028811222123163263, ""FCC_L12#1"": 0.0007167161209828993, ""HCP_A3#2"": 0.0020041229189422726, ""HCP_A3#3"": 0.002850457221014309}"
0.92,0.025,0.0,0.045,0.01,True,False,0.92,0.01,"{""BCC_B2#1"": 0.9838687012525748, ""C15_LAVES#1"": 0.0109090868591411, ""FCC_L12#1"": 0.0007103825296705399, ""HCP_A3#2"": 0.001872385350884905, ""HCP_A3#3"": 0.0026394440077285616}"
0.92,0.025,0.005,0.04,0.01,True,False,0.92,0.01,"{""BCC_B2#1"": 0.9843283936867723, ""C15_LAVES#1"": 0.010428002230964283, ""FCC_L12#1"": 0.0007108059331503501, ""HCP_A3#2"": 0.002652493544744994, ""HCP_A3#3"": 0.0018803046043678697}"
0.92,0.025,0.01,0.035,0.01,True,False,0.92,0.01,"{""BCC_B2#1"": 0.9848218273018877, ""C15_LAVES#1"": 0.00991272521873794, ""FCC_L12#1"": 0.0007112302048826002, ""HCP_A3#2"": 0.0026658681181372925, ""HCP_A3#3"": 0.0018883491563546884}"
0.92,0.025,0.015,0.03,0.01,True,False,0.92,0.01,"{""BCC_B2#1"": 0.9853517699586039, ""C15_LAVES#1"": 0.009360511762335395, ""FCC_L12#1"": 0.0007116549807112198, ""HCP_A3#2"": 0.0026795682696445443, ""HCP_A3#3"": 0.0018964950287049186}"
0.92,0.025,0.02,0.025,0.01,True,False,0.92,0.01,"{""BCC_B2#1"": 0.9859212394449137, ""C15_LAVES#1"": 0.008768377161638778, ""FCC_L12#1"": 0.0007120799063959854, ""HCP_A3#2"": 0.002693594168491305, ""HCP_A3#3"": 0.0019047093185603143}"
0.92,0.025,0.025,0.02,0.01,True,False,0.92,0.01,"{""BCC_B2#1"": 0.9865335275898639, ""C15_LAVES#1"": 0.008133075126565505, ""FCC_L12#1"": 0.0007125046436963981, ""HCP_A3#2"": 0.002707945571976355, ""HCP_A3#3"": 0.0019129470678978127}"
0.92,0.025,0.03,0.015,0.01,True,False,0.92,0.01,"{""BCC_B2#1"": 0.987192226411713, ""C15_LAVES#1"": 0.007451075907039166, ""FCC_L12#1"": 0.0007129288785105052, ""HCP_A3#2"": 0.002722621783796923, ""HCP_A3#3"": 0.0019211470189403378}"
0.92,0.025,0.035,0.01,0.01,True,False,0.92,0.01,"{""BCC_B2#1"": 0.9879012562446841, ""C15_LAVES#1"": 0.006718543956548325, ""FCC_L12#1"": 0.0007133523318083994, ""HCP_A3#2"": 0.0027376216105412907, ""HCP_A3#3"": 0.0019292258564178675}"
0.92,0.025,0.04,0.005,0.01,True,False,0.92,0.01,"{""BCC_B2#1"": 0.9886648956591055, ""C15_LAVES#1"": 0.0059313158546995814, ""FCC_L12#1"": 0.0007137747743725141, ""HCP_A3#2"": 0.002752943317006369, ""HCP_A3#3"": 0.001937070394816019}"
0.92,0.025,0.045,0.0,0.01,True,False,0.92,0.01,"{""BCC_B2#1"": 0.9894878127964595, ""C15_LAVES#1"": 0.005084879600706102, ""FCC_L12#1"": 0.0007141960467243145, ""HCP_A3#2"": 0.0027685845812924726, ""HCP_A3#3"": 0.0019445269748178705}"
0.92,0.03,0.0,0.04,0.01,True,False,0.92,0.01,"{""BCC_B2#1"": 0.9832044109276732, ""C15_LAVES#1"": 0.011657876289922596, ""FCC_L12#1"": 0.0007083251836331777, ""HCP_A3#2"": 0.0025917869891673765, ""HCP_A3#3"": 0.0018376006096036271}"
0.92,0.03,0.005,0.035,0.01,True,False,0.92,0.01,"{""BCC_B2#1"": 0.9836414902660865, ""C15_LAVES#1"": 0.011200341020319101, ""FCC_L12#1"": 0.0007087647117684308, ""HCP_A3#2"": 0.0026043770702685073, ""HCP_A3#3"": 0.0018450269315575263}"
0.92,0.03,0.01,0.03,0.01,True,False,0.92,0.01,"{""BCC_B2#1"": 0.9841116772566421, ""C15_LAVES#1"": 0.01070927930817975, ""FCC_L12#1"": 0.0007092063536811603, ""HCP_A3#2"": 0.0026172920941090858, ""HCP_A3#3"": 0.0018525449873877248}"
0.92,0.03,0.015,0.025,0.01,True,False,0.92,0.01,"{""BCC_B2#1"": 0.984617743104401, ""C15_LAVES#1"": 0.010181954580807404, ""FCC_L12#1"": 0.000709649766171766, ""HCP_A3#2"": 0.002630533144588967, ""HCP_A3#3"": 0.0018601194040313693}"
0.92,0.03,0.02,0.02,0.01,True,False,0.92,0.01,"{""BCC_B2#1"": 0.9851627087995563, ""C15_LAVES#1"": 0.009615393796607431, ""FCC_L12#1"": 0.0007100946180804622, ""HCP_A3#2"": 0.0026441009731207514, ""HCP_A3#3"": 0.0018677018126347898}"
0.92,0.03,0.025,0.015,0.01,True,False,0.92,0.01,"{""BCC_B2#1"": 0.9857498680066188, ""C15_LAVES#1"": 0.009006369103835054, ""FCC_L12#1"": 0.0007105405981503399, ""HCP_A3#2"": 0.0026579959591173513, ""HCP_A3#3"": 0.001875226332278363}"
0.92,0.03,0.03,0.01,0.01,True,False,0.92,0.01,"{""BCC_B2#1"": 0.9863828114238844, ""C15_LAVES#1"": 0.008351379606775795, ""FCC_L12#1"": 0.0007109874256800788, ""HCP_A3#2"": 0.002672218067701685, ""HCP_A3#3"": 0.0018826034759579636}"
0.92,0.03,0.035,0.005,0.01,True,False,0.92,0.01,"{""BCC_B2#1"": 0.9870654523608557, ""C15_LAVES#1"": 0.007646634042830688, ""FCC_L12#1"": 0.0007114348649633651, ""HCP_A3#2"": 0.0026867668050607036, ""HCP_A3#3"": 0.0018897119262892945}"
0.92,0.03,0.04,0.0,0.01,True,False,0.92,0.01,"{""BCC_B2#1"": 0.9878020530880692, ""C15_LAVES#1"": 0.0068880355598656216, ""FCC_L12#1"": 0.0007118827448639165, ""HCP_A3#2"": 0.002701641172157345, ""HCP_A3#3"": 0.0018963874350440095}"
0.92,0.035,0.0,0.035,0.01,True,False,0.92,0.01,"{""BCC_B2#1"": 0.9826680585599408, ""C15_LAVES#1"": 0.012263834120364758, ""FCC_L12#1"": 0.0007065122441747256, ""HCP_A3#2"": 0.0025525406338238435, ""HCP_A3#3"": 0.001809054441695841}"
0.92,0.035,0.005,0.03,0.01,True,False,0.92,0.01,"{""BCC_B2#1"": 0.9830876817345755, ""C15_LAVES#1"": 0.011824464735059373, ""FCC_L12#1"": 0.0007069670401610545, ""HCP_A3#2"": 0.0018160619233423153, ""HCP_A3#3"": 0.0025648245668615896}"
0.92,0.035,0.01,0.025,0.01,True,False,0.92,0.01,"{""BCC_B2#1"": 0.9835400009769587, ""C15_LAVES#1"": 0.011352026537589332, ""FCC_L12#1"": 0.0007074249799040278, ""HCP_A3#2"": 0.0018231140225629036, ""HCP_A3#3"": 0.00257743348298519}"
0.92,0.035,0.015,0.02,0.01,True,False,0.92,0.01,"{""BCC_B2#1"": 0.9840277970938088, ""C15_LAVES#1"": 0.010843789024988025, ""FCC_L12#1"": 0.0007078857416461631, ""HCP_A3#2"": 0.0018301594378158982, ""HCP_A3#3"": 0.002590368701741044}"
0.92,0.035,0.02,0.015,0.01,True,False,0.92,0.01,"{""BCC_B2#1"": 0.9845541000668432, ""C15_LAVES#1"": 0.01029679126111577, ""FCC_L12#1"": 0.0007083490205653985, ""HCP_A3#2"": 0.0018371284189421782, ""HCP_A3#3"": 0.0026036312325334334}"
0.92,0.035,0.025,0.01,0.01,True,False,0.92,0.01,"{""BCC_B2#1"": 0.9851222104435643, ""C15_LAVES#1"": 0.009707826847128084, ""FCC_L12#1"": 0.0007088145391305592, ""HCP_A3#2"": 0.001843926433941755, ""HCP_A3#3"": 0.002617221736235311}"
0.92,0.035,0.03,0.005,0.01,True,False,0.92,0.01,"{""BCC_B2#1"": 0.9857357215155916, ""C15_LAVES#1"": 0.009073430279264681, ""FCC_L12#1"": 0.0007092820611716359, ""HCP_A3#2"": 0.001850425660105839, ""HCP_A3#3"": 0.0026311404838663638}"
0.92,0.035,0.035,0.0,0.01,True,False,0.92,0.01,"{""BCC_B2#1"": 0.9863985417888844, ""C15_LAVES#1"": 0.008389865935458712, ""FCC_L12#1"": 0.0007097514109700923, ""HCP_A3#2"": 0.0018564535519485028, ""HCP_A3#3"": 0.002645387312738493}"
0.92,0.04,0.0,0.03,0.01,True,False,0.92,0.01,"{""BCC_B2#1"": 0.9822316447603711, ""C15_LAVES#1"": 0.01275849241907498, ""FCC_L12#1"": 0.0007049118855932305, ""HCP_A3#2"": 0.0017851882126689123, ""HCP_A3#3"": 0.002519762722291778}"
0.92,0.04,0.005,0.025,0.01,True,False,0.92,0.01,"{""BCC_B2#1"": 0.9826377146810669, ""C15_LAVES#1"": 0.012333262320849157, ""FCC_L12#1"": 0.0007053809494888859, ""HCP_A3#2"": 0.002531841226359228, ""HCP_A3#3"": 0.0017918008222357646}"
0.92,0.04,0.01,0.02,0.01,True,False,0.92,0.01,"{""BCC_B2#1"": 0.9830762373949287, ""C15_LAVES#1"": 0.011875269889090195, ""FCC_L12#1"": 0.0007058540255669619, ""HCP_A3#2"": 0.002544244632646774, ""HCP_A3#3"": 0.0017983940577675228}"
0.92,0.04,0.015,0.015,0.01,True,False,0.92,0.01,"{""BCC_B2#1"": 0.9835500070224302, ""C15_LAVES#1"": 0.011381792589557923, ""FCC_L12#1"": 0.0007063308179366349, ""HCP_A3#2"": 0.0018048952459763163, ""HCP_A3#3"": 0.0025569743240985332}"
0.92,0.04,0.02,0.01,0.01,True,False,0.92,0.01,"{""BCC_B2#1"": 0.9840620652680948, ""C15_LAVES#1"": 0.010849886163848712, ""FCC_L12#1"": 0.0007068110554126871, ""HCP_A3#2"": 0.0018112061257557748, ""HCP_A3#3"": 0.002570031386888183}"
0.92,0.04,0.025,0.005,0.01,True,False,0.92,0.01,"{""BCC_B2#1"": 0.9846157208630656, ""C15_LAVES#1"": 0.010276373884829243, ""FCC_L12#1"": 0.0007072945051331319, ""HCP_A3#2"": 0.0018171941735618637, ""HCP_A3#3"": 0.002583416573409951}"
0.92,0.04,0.03,0.0,0.01,True,False,0.92,0.01,"{""BCC_B2#1"": 0.985214568943572, ""C15_LAVES#1"": 0.00965783880981102, ""FCC_L12#1"": 0.0007077809910336148, ""HCP_A3#2"": 0.0018226809934200968, ""HCP_A3#3"": 0.002597130262163314}"
0.92,0.045,0.0,0.025,0.01,True,False,0.92,0.01,"{""BCC_B2#1"": 0.9818747006075544, ""C15_LAVES#1"": 0.013164820521340789, ""FCC_L12#1"": 0.0007034968905197651, ""HCP_A3#2"": 0.0017648996073950476, ""HCP_A3#3"": 0.002492082373189884}"
0.92,0.045,0.005,0.02,0.01,True,False,0.92,0.01,"{""BCC_B2#1"": 0.9822702666492551, ""C15_LAVES#1"": 0.012750623572932598, ""FCC_L12#1"": 0.0007039792010884834, ""HCP_A3#2"": 0.001771105694488318, ""HCP_A3#3"": 0.0025040248822352745}"
0.92,0.045,0.01,0.015,0.01,True,False,0.92,0.01,"{""BCC_B2#1"": 0.9826981741928251, ""C15_LAVES#1"": 0.012303859679125527, ""FCC_L12#1"": 0.0007044662733156649, ""HCP_A3#2"": 0.0017772077768146, ""HCP_A3#3"": 0.0025162920779191206}"
0.92,0.045,0.015,0.01,0.01,True,False,0.92,0.01,"{""BCC_B2#1"": 0.9831612320714483, ""C15_LAVES#1"": 0.011821819543113938, ""FCC_L12#1"": 0.0007049578442604215, ""HCP_A3#2"": 0.0017831052392874081, ""HCP_A3#3"": 0.002528885301889753}"
0.92,0.045,0.02,0.005,0.01,True,False,0.92,0.01,"{""BCC_B2#1"": 0.983662493598856, ""C15_LAVES#1"": 0.011301584409650524, ""FCC_L12#1"": 0.0007054536865557108, ""HCP_A3#2"": 0.001788662698429998, ""HCP_A3#3"": 0.0025418056065076087}"
0.92,0.045,0.025,0.0,0.01,True,False,0.92,0.01,"{""BCC_B2#1"": 0.9842052734455793, ""C15_LAVES#1"": 0.010740020854092567, ""FCC_L12#1"": 0.0007059536261517789, ""HCP_A3#2"": 0.0017936983553376677, ""HCP_A3#3"": 0.0025550537188387006}"
0.92,0.05,0.0,0.02,0.01,True,False,0.92,0.01,"{""BCC_B2#1"": 0.9815819100108847, ""C15_LAVES#1"": 0.01349997245676843, ""FCC_L12#1"": 0.000702243996177275, ""HCP_A3#2"": 0.0017473751852549644, ""HCP_A3#3"": 0.002468498350914695}"
0.92,0.05,0.005,0.015,0.01,True,False,0.92,0.01,"{""BCC_B2#1"": 0.9819694147563633, ""C15_LAVES#1"": 0.013094357460046646, ""FCC_L12#1"": 0.0007027385834800737, ""HCP_A3#2"": 0.0017531343816069326, ""HCP_A3#3"": 0.0024803548185031825}"
0.92,0.05,0.01,0.01,0.01,True,False,0.92,0.01,"{""BCC_B2#1"": 0.98238925473597, ""C15_LAVES#1"": 0.012656291055690551, ""FCC_L12#1"": 0.0007032385968701408, ""HCP_A3#2"": 0.0017586799411466703, ""HCP_A3#3"": 0.0024925356703226226}"
0.92,0.05,0.015,0.005,0.01,True,False,0.92,0.01,"{""BCC_B2#1"": 0.9828442526320055, ""C15_LAVES#1"": 0.012183086011331508, ""FCC_L12#1"": 0.0007037438155485984, ""HCP_A3#2"": 0.0017638754046793669, ""HCP_A3#3"": 0.002505042136434826}"
0.92,0.05,0.02,0.0,0.01,True,False,0.92,0.01,"{""BCC_B2#1"": 0.9833374704283888, ""C15_LAVES#1"": 0.0116718624288075, ""FCC_L12#1"": 0.0007042540685924428, ""HCP_A3#2"": 0.0025178751601797563, ""HCP_A3#3"": 0.0017685379140312094}"
0.92,0.055,0.0,0.015,0.01,True,False,0.92,0.01,"{""BCC_B2#1"": 0.9813415970053805, ""C15_LAVES#1"": 0.013777018405989558, ""FCC_L12#1"": 0.0007011333138008044, ""HCP_A3#2"": 0.0024482594443144454, ""HCP_A3#3"": 0.0017319918305148162}"
0.92,0.055,0.005,0.01,0.01,True,False,0.92,0.01,"{""BCC_B2#1"": 0.981723035054647, ""C15_LAVES#1"": 0.013378020503199419, ""FCC_L12#1"": 0.0007016392985758811, ""HCP_A3#2"": 0.0024600672104983, ""HCP_A3#3"": 0.0017372379330793247}"
0.92,0.055,0.01,0.005,0.01,True,False,0.92,0.01,"{""BCC_B2#1"": 0.9821368854646254, ""C15_LAVES#1"": 0.01294663348311443, ""FCC_L12#1"": 0.0007021513163783435, ""HCP_A3#2"": 0.0024721990237781114, ""HCP_A3#3"": 0.0017421307121040532}"
0.92,0.055,0.015,0.0,0.01,True,False,0.92,0.01,"{""BCC_B2#1"": 0.9825859815832225, ""C15_LAVES#1"": 0.012480204850828812, ""FCC_L12#1"": 0.0007026691996966936, ""HCP_A3#2"": 0.002484655949689263, ""HCP_A3#3"": 0.0017464884165631132}"
0.92,0.06,0.0,0.01,0.01,True,False,0.92,0.01,"{""BCC_B2#1"": 0.9811447191528571, ""C15_LAVES#1"": 0.01400608814282013, ""FCC_L12#1"": 0.0007001478217803003, ""HCP_A3#2"": 0.0024307895824539918, ""HCP_A3#3"": 0.0017182553000881058}"
0.92,0.06,0.005,0.005,0.01,True,False,0.92,0.01,"{""BCC_B2#1"": 0.9815217429845774, ""C15_LAVES#1"": 0.013612118210813425, ""FCC_L12#1"": 0.0007006644340898683, ""HCP_A3#2"": 0.002442577532037911, ""HCP_A3#3"": 0.0017228968384811745}"
0.92,0.06,0.01,0.0,0.01,True,False,0.92,0.01,"{""BCC_B2#1"": 0.9819313211608427, ""C15_LAVES#1"": 0.013185792504871573, ""FCC_L12#1"": 0.0007011876519852771, ""HCP_A3#2"": 0.002454689197423574, ""HCP_A3#3"": 0.0017270094848771352}"
0.92,0.065,0.0,0.005,0.01,True,False,0.92,0.01,"{""BCC_B2#1"": 0.9809841750050364, ""C15_LAVES#1"": 0.014195153174391363, ""FCC_L12#1"": 0.0006992729287803875, ""HCP_A3#2"": 0.0024156388880198013, ""HCP_A3#3"": 0.0017057600037722557}"
0.92,0.065,0.005,0.0,0.01,True,False,0.92,0.01,"{""BCC_B2#1"": 0.981358167506585, ""C15_LAVES#1"": 0.013804923580948831, ""FCC_L12#1"": 0.0006997995145463776, ""HCP_A3#2"": 0.002427430057941218, ""HCP_A3#3"": 0.0017096793399786138}"
0.92,0.07,0.0,0.0,0.01,True,False,0.92,0.01,"{""BCC_B2#1"": 0.9808543152875835, ""C15_LAVES#1"": 0.014350576521068987, ""FCC_L12#1"": 0.0006984961012500052, ""HCP_A3#2"": 0.002402450547360294, ""HCP_A3#3"": 0.0016941615427371708}"
0.85,0.0,0.0,0.14,0.01,True,False,0.85,0.01,"{""BCC_B2#1"": 0.9865586341202338, ""C15_LAVES#1"": 0.007477559932430008, ""FCC_L12#1"": 0.0007228563681287099, ""HCP_A3#2"": 0.002187143117530357, ""HCP_A3#3"": 0.003053806461677232}"
0.85,0.0,0.005,0.135,0.01,True,False,0.85,0.01,"{""BCC_B2#1"": 0.9870863897352157, ""C15_LAVES#1"": 0.006907114745303495, ""FCC_L12#1"": 0.0007232741864381196, ""HCP_A3#2"": 0.002204774342515954, ""HCP_A3#3"": 0.0030784469905267005}"
0.85,0.0,0.01,0.13,0.01,True,False,0.85,0.01,"{""BCC_B2#1"": 0.9876473749710017, ""C15_LAVES#1"": 0.0063017987373901576, ""FCC_L12#1"": 0.0007236868521296222, ""HCP_A3#2"": 0.003104050463047512, ""HCP_A3#3"": 0.0022230889764311527}"
0.85,0.0,0.015,0.125,0.01,True,False,0.85,0.01,"{""BCC_B2#1"": 0.9882438818462128, ""C15_LAVES#1"": 0.005659250793486031, ""FCC_L12#1"": 0.0007240935116984675, ""HCP_A3#2"": 0.0031306580933958567, ""HCP_A3#3"": 0.0022421157552067915}"
0.85,0.0,0.02,0.12,0.01,True,False,0.85,0.01,"{""BCC_B2#1"": 0.9888783729473584, ""C15_LAVES#1"": 0.004976936248885044, ""FCC_L12#1"": 0.0007244932799778353, ""HCP_A3#2"": 0.002261884548427789, ""HCP_A3#3"": 0.003158312975351144}"
0.85,0.0,0.025,0.115,0.01,True,False,0.85,0.01,"{""BCC_B2#1"": 0.9895534949676872, ""C15_LAVES#1"": 0.004252133555646145, ""FCC_L12#1"": 0.0007248852404768672, ""HCP_A3#2"": 0.0022824262553444896, ""HCP_A3#3"": 0.003187059980845566}"
0.85,0.0,0.03,0.11,0.01,True,False,0.85,0.01,"{""BCC_B2#1"": 0.99027209340513, ""C15_LAVES#1"": 0.0034819199214374905, ""FCC_L12#1"": 0.0007252684462421997, ""HCP_A3#2"": 0.00230377264389324, ""HCP_A3#3"": 0.0032169455832971377}"
0.85,0.0,0.035,0.105,0.01,True,False,0.85,0.01,"{""BCC_B2#1"": 0.9910372285136078, ""C15_LAVES#1"": 0.0026631558692379867, ""FCC_L12#1"": 0.0007256419213997087, ""HCP_A3#2"": 0.0023259561149035226, ""HCP_A3#3"": 0.0032480175808511694}"
0.85,0.0,0.04,0.1,0.01,True,False,0.85,0.01,"{""BCC_B2#1"": 0.9918521926016013, ""C15_LAVES#1"": 0.0017924686785424845, ""FCC_L12#1"": 0.000726004663571279, ""HCP_A3#2"": 0.0023490093687347363, ""HCP_A3#3"": 0.0032803246875504704}"
0.85,0.0,0.045,0.095,0.01,True,False,0.85,0.01,"{""BCC_B2#1"": 0.992720528765411, ""C15_LAVES#1"": 0.000866234690100441, ""FCC_L12#1"": 0.0007263556474094269, ""HCP_A3#2"": 0.003313915951617947, ""HCP_A3#3"": 0.0023729649454614457}"
0.85,0.0,0.05,0.09,0.01,True,True,0.85,0.01,"{""BCC_B2#1"": 0.9935413477666672, ""FCC_L12#1"": 0.0007265988334195822, ""HCP_A3#2"": 0.0033407045068534285, ""HCP_A3#3"": 0.002391348893059741}"
0.85,0.0,0.055,0.085,0.01,True,True,0.85,0.01,"{""BCC_B2#1"": 0.9936046392755524, ""FCC_L12#1"": 0.0007261086531883973, ""HCP_A3#2"": 0.003307412925829705, ""HCP_A3#3"": 0.002361839145429549}"
0.85,0.0,0.06,0.08,0.01,True,True,0.85,0.01,"{""BCC_B2#1"": 0.9936669331244528, ""FCC_L12#1"": 0.0007255891447722696, ""HCP_A3#2"": 0.0023329872290067254, ""HCP_A3#3"": 0.003274490501768103}"
0.85,0.0,0.065,0.075,0.01,True,True,0.85,0.01,"{""BCC_B2#1"": 0.9937281570735745, ""FCC_L12#1"": 0.0007250412163487696, ""HCP_A3#2"": 0.003241989469715256, ""HCP_A3#3"": 0.002304812240361475}"
0.85,0.0,0.07,0.07,0.01,True,True,0.85,0.01,"{""BCC_B2#1"": 0.9937882510321893, ""FCC_L12#1"": 0.0007244658758839958, ""HCP_A3#2"": 0.0032099564631544253, ""HCP_A3#3"": 0.00227732662877201}"
0.85,0.0,0.075,0.065,0.01,True,True,0.85,0.01,"{""BCC_B2#1"": 0.9938471675826547, ""FCC_L12#1"": 0.000723864215962622, ""HCP_A3#2"": 0.003178432451363305, ""HCP_A3#3"": 0.0022505357500197444}"
0.85,0.0,0.08,0.06,0.01,True,True,0.85,0.01,"{""BCC_B2#1"": 0.993904872718179, ""FCC_L12#1"": 0.000723237400402761, ""HCP_A3#2"": 0.0031474528551676964, ""HCP_A3#3"": 0.002224437026250687}"
0.85,0.0,0.085,0.055,0.01,True,True,0.85,0.01,"{""BCC_B2#1"": 0.9939613470937657, ""FCC_L12#1"": 0.0007225866541059176, ""HCP_A3#2"": 0.003117047839381577, ""HCP_A3#3"": 0.0021990184127467826}"
0.85,0.0,0.09,0.05,0.01,True,True,0.85,0.01,"{""BCC_B2#1"": 0.9940165882504989, ""FCC_L12#1"": 0.0007219132581079525, ""HCP_A3#2"": 0.0030872427874606154, ""HCP_A3#3"": 0.0021742557039325194}"
0.85,0.0,0.095,0.045,0.01,True,True,0.85,0.01,"{""BCC_B2#1"": 0.9940706145294285, ""FCC_L12#1"": 0.0007212185526626747, ""HCP_A3#2"": 0.0021501079399309448, ""HCP_A3#3"": 0.0030580589779777958}"
0.85,0.0,0.1,0.04,0.01,True,True,0.85,0.01,"{""BCC_B2#1"": 0.9941234718025996, ""FCC_L12#1"": 0.0007205039526291962, ""HCP_A3#2"": 0.0030295145056587146, ""HCP_A3#3"": 0.0021265097391123316}"
0.85,0.0,0.105,0.035,0.01,True,True,0.85,0.01,"{""BCC_B2#1"": 0.9941752448125055, ""FCC_L12#1"": 0.0007197709817723972, ""HCP_A3#2"": 0.003001625522463784, ""HCP_A3#3"": 0.002103358683258498}"
0.85,0.0,0.11,0.03,0.01,True,True,0.85,0.01,"{""BCC_B2#1"": 0.9942260759578447, ""FCC_L12#1"": 0.0007190213362718168, ""HCP_A3#2"": 0.002974407940368745, ""HCP_A3#3"": 0.002080494765514654}"
0.85,0.0,0.115,0.025,0.01,True,True,0.85,0.01,"{""BCC_B2#1"": 0.9942761960581973, ""FCC_L12#1"": 0.0007182569936024417, ""HCP_A3#2"": 0.002947879798694802, ""HCP_A3#3"": 0.0020576671495056583}"
0.85,0.0,0.12,0.02,0.01,True,True,0.85,0.01,"{""BCC_B2#1"": 0.9943259742500142, ""FCC_L12#1"": 0.000717480391876558, ""HCP_A3#2"": 0.0029220646211027008, ""HCP_A3#3"": 0.002034480737006524}"
0.85,0.0,0.125,0.015,0.01,True,True,0.85,0.01,"{""BCC_B2#1"": 0.994375998181431, ""FCC_L12#1"": 0.0007166947180397662, ""HCP_A3#2"": 0.002010310852080185, ""HCP_A3#3"": 0.002896996248449096}"
0.85,0.0,0.13,0.01,0.01,True,True,0.85,0.01,"{""BCC_B2#1"": 0.9944272015847497, ""FCC_L12#1"": 0.0007159043621877385, ""HCP_A3#2"": 0.0028727258339890527, ""HCP_A3#3"": 0.001984168219073468}"
0.85,0.0,0.135,0.005,0.01,True,True,0.85,0.01,"{""BCC_B2#1"": 0.9944810643884674, ""FCC_L12#1"": 0.0007151156195958508, ""HCP_A3#2"": 0.0028493319172553074, ""HCP_A3#3"": 0.0019544880746816}"
0.85,0.0,0.14,0.0,0.01,True,True,0.85,0.01,"{""BCC_B2#1"": 0.9945399200722747, ""FCC_L12#1"": 0.0007143377473331065, ""HCP_A3#2"": 0.0028269346512589974, ""HCP_A3#3"": 0.001918807529133086}"
0.85,0.005,0.0,0.135,0.01,True,False,0.85,0.01,"{""BCC_B2#1"": 0.9842607551582323, ""C15_LAVES#1"": 0.01014585961712855, ""FCC_L12#1"": 0.0007177469687062151, ""HCP_A3#2"": 0.0020278386513533945, ""HCP_A3#3"": 0.002847799604579446}"
0.85,0.005,0.005,0.13,0.01,True,False,0.85,0.01,"{""BCC_B2#1"": 0.984668072221081, ""C15_LAVES#1"": 0.009709987378479737, ""FCC_L12#1"": 0.0007181533547599157, ""HCP_A3#2"": 0.0020391736494614443, ""HCP_A3#3"": 0.002864613396217684}"
0.85,0.005,0.01,0.125,0.01,True,False,0.85,0.01,"{""BCC_B2#1"": 0.9851004017651348, ""C15_LAVES#1"": 0.009248357816901087, ""FCC_L12#1"": 0.0007185572590784424, ""HCP_A3#2"": 0.002050797349467379, ""HCP_A3#3"": 0.002881885809418038}"
0.85,0.005,0.015,0.12,0.01,True,False,0.85,0.01,"{""BCC_B2#1"": 0.9855593932864162, ""C15_LAVES#1"": 0.008759321153228142, ""FCC_L12#1"": 0.0007189580744676574, ""HCP_A3#2"": 0.002062708882527972, ""HCP_A3#3"": 0.002899618603360169}"
0.85,0.005,0.02,0.115,0.01,True,False,0.85,0.01,"{""BCC_B2#1"": 0.9860468114279798, ""C15_LAVES#1"": 0.008241114652454598, ""FCC_L12#1"": 0.0007193551835460393, ""HCP_A3#2"": 0.002917812379161769, ""HCP_A3#3"": 0.002074906356857833}"
0.85,0.005,0.025,0.11,0.01,True,False,0.85,0.01,"{""BCC_B2#1"": 0.9865645449083824, ""C15_LAVES#1"": 0.0076918540374785755, ""FCC_L12#1"": 0.0007197479604673574, ""HCP_A3#2"": 0.002936466386378321, ""HCP_A3#3"": 0.002087386707293274}"
0.85,0.005,0.03,0.105,0.01,True,False,0.85,0.01,"{""BCC_B2#1"": 0.9871146164041473, ""C15_LAVES#1"": 0.0071095239814263295, ""FCC_L12#1"": 0.0007201357730108006, ""HCP_A3#2"": 0.0021001455310417434, ""HCP_A3#3"": 0.0029555783103739526}"
0.85,0.005,0.035,0.1,0.01,True,False,0.85,0.01,"{""BCC_B2#1"": 0.9876991935448063, ""C15_LAVES#1"": 0.006491967519611532, ""FCC_L12#1"": 0.0007205179850828346, ""HCP_A3#2"": 0.002975144040970356, ""HCP_A3#3"": 0.002113176909528699}"
0.85,0.005,0.04,0.095,0.01,True,False,0.85,0.01,"{""BCC_B2#1"": 0.9883206012119781, ""C15_LAVES#1"": 0.0058368741882987955, ""FCC_L12#1"": 0.000720893959674595, ""HCP_A3#2"": 0.0029951574235632405, ""HCP_A3#3"": 0.00212647321648543}"
0.85,0.005,0.045,0.09,0.01,True,False,0.85,0.01,"{""BCC_B2#1"": 0.9889813353725596, ""C15_LAVES#1"": 0.0051417666574985815, ""FCC_L12#1"": 0.0007212630623176026, ""HCP_A3#2"": 0.003015609994997388, ""HCP_A3#3"": 0.002140024912626768}"
0.85,0.005,0.05,0.085,0.01,True,False,0.85,0.01,"{""BCC_B2#1"": 0.9896840787210461, ""C15_LAVES#1"": 0.004403985578702556, ""FCC_L12#1"": 0.0007216246650775744, ""HCP_A3#2"": 0.0030364907078181853, ""HCP_A3#3"": 0.002153820327355674}"
0.85,0.005,0.055,0.08,0.01,True,False,0.85,0.01,"{""BCC_B2#1"": 0.990431718456852, ""C15_LAVES#1"": 0.003620672316131729, ""FCC_L12#1"": 0.0007219781511201926, ""HCP_A3#2"": 0.0030577856481239915, ""HCP_A3#3"": 0.0021678454277721817}"
0.85,0.005,0.06,0.075,0.01,True,False,0.85,0.01,"{""BCC_B2#1"": 0.991227366579061, ""C15_LAVES#1"": 0.002788749172225149, ""FCC_L12#1"": 0.0007223229198727954, ""HCP_A3#2"": 0.003079477754101003, ""HCP_A3#3"": 0.0021820835747403413}"
0.85,0.005,0.065,0.07,0.01,True,False,0.85,0.01,"{""BCC_B2#1"": 0.9920743831376412, ""C15_LAVES#1"": 0.0019048966615660054, ""FCC_L12#1"": 0.000722658392798614, ""HCP_A3#2"": 0.0031015465443978607, ""HCP_A3#3"": 0.0021965152635964264}"
0.85,0.005,0.07,0.065,0.01,True,False,0.85,0.01,"{""BCC_B2#1"": 0.9929764029500713, ""C15_LAVES#1"": 0.0009655273156487618, ""FCC_L12#1"": 0.0007229840197625903, ""HCP_A3#2"": 0.0031239678674355245, ""HCP_A3#3"": 0.0022111178470817206}"
0.85,0.005,0.075,0.06,0.01,True,True,0.85,0.01,"{""BCC_B2#1"": 0.9939071908945328, ""FCC_L12#1"": 0.0007232686248818053, ""HCP_A3#2"": 0.003144985703348828, ""HCP_A3#3"": 0.002224554777236753}"
0.85,0.005,0.08,0.055,0.01,True,True,0.85,0.01,"{""BCC_B2#1"": 0.99396352177235, ""FCC_L12#1"": 0.0007226176552011348, ""HCP_A3#2"": 0.0021991595972437905, ""HCP_A3#3"": 0.003114700975205537}"
0.85,0.005,0.085,0.05,0.01,True,True,0.85,0.01,"{""BCC_B2#1"": 0.9940186159935002, ""FCC_L12#1"": 0.0007219439279270058, ""HCP_A3#2"": 0.002174429599296534, ""HCP_A3#3"": 0.0030850104792766336}"
0.85,0.005,0.09,0.045,0.01,True,True,0.85,0.01,"{""BCC_B2#1"": 0.9940724855411085, ""FCC_L12#1"": 0.000721248766877071, ""HCP_A3#2"": 0.002150330769016793, ""HCP_A3#3"": 0.003055934922997728}"
0.85,0.005,0.095,0.04,0.01,True,True,0.85,0.01,"{""BCC_B2#1"": 0.9941251661114023, ""FCC_L12#1"": 0.0007205335569304991, ""HCP_A3#2"": 0.0021268087407083115, ""HCP_A3#3"": 0.0030274915909588363}"
0.85,0.005,0.1,0.035,0.01,True,True,0.85,0.01,"{""BCC_B2#1"": 0.994176726171342, ""FCC_L12#1"": 0.0007197997695832688, ""HCP_A3#2"": 0.00210377863878794, ""HCP_A3#3"": 0.0029996954202868072}"
0.85,0.005,0.105,0.03,0.01,True,True,0.85,0.01,"{""BCC_B2#1"": 0.9942272820764223, ""FCC_L12#1"": 0.0007190490125273276, ""HCP_A3#2"": 0.0020811084606103822, ""HCP_A3#3"": 0.0029725604504399206}"
0.85,0.005,0.11,0.025,0.01,True,True,0.85,0.01,"{""BCC_B2#1"": 0.9942770229434209, ""FCC_L12#1"": 0.0007182831164169589, ""HCP_A3#2"": 0.002058592114868504, ""HCP_A3#3"": 0.002946101825293432}"
0.85,0.005,0.115,0.02,0.01,True,True,0.85,0.01,"{""BCC_B2#1"": 0.994326251163463, ""FCC_L12#1"": 0.0007175042794585589, ""HCP_A3#2"": 0.00292033860042826, ""HCP_A3#3"": 0.0020359059566500814}"
0.85,0.005,0.12,0.015,0.01,True,True,0.85,0.01,"{""BCC_B2#1"": 0.994375447783432, ""FCC_L12#1"": 0.0007167153015921578, ""HCP_A3#2"": 0.0028952977660710475, ""HCP_A3#3"": 0.0020125391489046194}"
0.85,0.005,0.125,0.01,0.01,True,True,0.85,0.01,"{""BCC_B2#1"": 0.9944253770419809, ""FCC_L12#1"": 0.0007159199563471269, ""HCP_A3#2"": 0.002871020067419568, ""HCP_A3#3"": 0.001987682934252134}"
0.85,0.005,0.13,0.005,0.01,True,True,0.85,0.01,"{""BCC_B2#1"": 0.9944772515256816, ""FCC_L12#1"": 0.0007151235705257051, ""HCP_A3#2"": 0.0028475684271248108, ""HCP_A3#3"": 0.0019600564766678956}"
0.85,0.005,0.135,0.0,0.01,True,True,0.85,0.01,"{""BCC_B2#1"": 0.9945329886153025, ""FCC_L12#1"": 0.0007143339078200494, ""HCP_A3#2"": 0.002825039981851909, ""HCP_A3#3"": 0.0019276374950256284}"
0.85,0.01,0.0,0.13,0.01,True,False,0.85,0.01,"{""BCC_B2#1"": 0.9826853221852491, ""C15_LAVES#1"": 0.011960332260827437, ""FCC_L12#1"": 0.0007133039086409636, ""HCP_A3#2"": 0.0027136233252794853, ""HCP_A3#3"": 0.001927418320003296}"
0.85,0.01,0.005,0.125,0.01,True,False,0.85,0.01,"{""BCC_B2#1"": 0.983022268845639, ""C15_LAVES#1"": 0.011600831887108134, ""FCC_L12#1"": 0.0007137052434521168, ""HCP_A3#2"": 0.002727070160226623, ""HCP_A3#3"": 0.00193612386357413}"
0.85,0.01,0.01,0.12,0.01,True,False,0.85,0.01,"{""BCC_B2#1"": 0.9833804630625045, ""C15_LAVES#1"": 0.011219552261551805, ""FCC_L12#1"": 0.0007141061087622847, ""HCP_A3#2"": 0.002740849990546488, ""HCP_A3#3"": 0.001945028576635145}"
0.85,0.01,0.015,0.115,0.01,True,False,0.85,0.01,"{""BCC_B2#1"": 0.9837613635487943, ""C15_LAVES#1"": 0.010815038028895628, ""FCC_L12#1"": 0.0007145060158980855, ""HCP_A3#2"": 0.002754961793279408, ""HCP_A3#3"": 0.001954130613132591}"
0.85,0.01,0.02,0.11,0.01,True,False,0.85,0.01,"{""BCC_B2#1"": 0.9841665374238223, ""C15_LAVES#1"": 0.010385726714530568, ""FCC_L12#1"": 0.0007149044698334131, ""HCP_A3#2"": 0.002769403849503349, ""HCP_A3#3"": 0.001963427542310478}"
0.85,0.01,0.025,0.105,0.01,True,False,0.85,0.01,"{""BCC_B2#1"": 0.9845976693442549, ""C15_LAVES#1"": 0.0099299397394144, ""FCC_L12#1"": 0.0007153009704231441, ""HCP_A3#2"": 0.002784173666149148, ""HCP_A3#3"": 0.0019729162797582278}"
0.85,0.01,0.03,0.1,0.01,True,False,0.85,0.01,"{""BCC_B2#1"": 0.9850565716059201, ""C15_LAVES#1"": 0.009445872476506086, ""FCC_L12#1"": 0.0007156950138321964, ""HCP_A3#2"": 0.002799267893383838, ""HCP_A3#3"": 0.0019825930103580373}"
0.85,0.01,0.035,0.095,0.01,True,False,0.85,0.01,"{""BCC_B2#1"": 0.9855451953469768, ""C15_LAVES#1"": 0.008931583219755573, ""FCC_L12#1"": 0.0007160860941746895, ""HCP_A3#2"": 0.0028146822380108365, ""HCP_A3#3"": 0.001992453101081851}"
0.85,0.01,0.04,0.09,0.01,True,False,0.85,0.01,"{""BCC_B2#1"": 0.9860656430022121, ""C15_LAVES#1"": 0.008384980918236465, ""FCC_L12#1"": 0.0007164737053762175, ""HCP_A3#2"": 0.002830411373487394, ""HCP_A3#3"": 0.0020024910006882055}"
0.85,0.01,0.045,0.085,0.01,True,False,0.85,0.01,"{""BCC_B2#1"": 0.9866201821795452, ""C15_LAVES#1"": 0.007803811507740325, ""FCC_L12#1"": 0.0007168573432713593, ""HCP_A3#2"": 0.0028464488473756784, ""HCP_A3#3"": 0.002012700122067651}"
0.85,0.01,0.05,0.08,0.01,True,False,0.85,0.01,"{""BCC_B2#1"": 0.9872112611535125, ""C15_LAVES#1"": 0.007185642650108948, ""FCC_L12#1"": 0.0007172365079465061, ""HCP_A3#2"": 0.0028627869872036344, ""HCP_A3#3"": 0.0020230727012286003}"
0.85,0.01,0.055,0.075,0.01,True,False,0.85,0.01,"{""BCC_B2#1"": 0.9878415261931592, ""C15_LAVES#1"": 0.006527846671194909, ""FCC_L12#1"": 0.0007176107063465923, ""HCP_A3#2"": 0.0028794168059680784, ""HCP_A3#3"": 0.0020335996233312083}"
0.85,0.01,0.06,0.07,0.01,True,False,0.85,0.01,"{""BCC_B2#1"": 0.9885138409768806, ""C15_LAVES#1"": 0.005827581453901268, ""FCC_L12#1"": 0.000717979455132738, ""HCP_A3#2"": 0.0028963279085362855, ""HCP_A3#3"": 0.002044270205549218}"
0.85,0.01,0.065,0.065,0.01,True,False,0.85,0.01,"{""BCC_B2#1"": 0.9892313083563699, ""C15_LAVES#1"": 0.0050817690443407705, ""FCC_L12#1"": 0.0007183422838433783, ""HCP_A3#2"": 0.00291350840065249, ""HCP_A3#3"": 0.0020550719147934787}"
0.85,0.01,0.07,0.06,0.01,True,False,0.85,0.01,"{""BCC_B2#1"": 0.9899972947795196, ""C15_LAVES#1"": 0.004287071681518603, ""FCC_L12#1"": 0.0007186987383368365, ""HCP_A3#2"": 0.0029309448019548966, ""HCP_A3#3"": 0.0020659899986698355}"
0.85,0.01,0.075,0.055,0.01,True,False,0.85,0.01,"{""BCC_B2#1"": 0.9908154576882717, ""C15_LAVES#1"": 0.0034398649714081336, ""FCC_L12#1"": 0.0007190483845665811, ""HCP_A3#2"": 0.002948621964760762, ""HCP_A3#3"": 0.00207700699099284}"
0.85,0.01,0.08,0.05,0.01,True,False,0.85,0.01,"{""BCC_B2#1"": 0.9916897762342635, ""C15_LAVES#1"": 0.002536207911560286, ""FCC_L12#1"": 0.0007193908127260959, ""HCP_A3#2"": 0.002966523000095489, ""HCP_A3#3"": 0.0020881020413546195}"
0.85,0.01,0.085,0.045,0.01,True,False,0.85,0.01,"{""BCC_B2#1"": 0.9926245856620893, ""C15_LAVES#1"": 0.001571809487399123, ""FCC_L12#1"": 0.000719725641838222, ""HCP_A3#2"": 0.0029846292123193005, ""HCP_A3#3"": 0.0020992499963540744}"
0.85,0.01,0.09,0.04,0.01,True,False,0.85,0.01,"{""BCC_B2#1"": 0.9936246157062868, ""C15_LAVES#1"": 0.0005419915945942626, ""FCC_L12#1"": 0.0007200525249088328, ""HCP_A3#2"": 0.003002920043309712, ""HCP_A3#3"": 0.0021104201309004853}"
0.85,0.01,0.095,0.035,0.01,True,True,0.85,0.01,"{""BCC_B2#1"": 0.9941771496456393, ""FCC_L12#1"": 0.0007198444409306937, ""HCP_A3#2"": 0.002998388264740433, ""HCP_A3#3"": 0.0021046176486892282}"
0.85,0.01,0.1,0.03,0.01,True,True,0.85,0.01,"{""BCC_B2#1"": 0.9942275006485002, ""FCC_L12#1"": 0.0007190929433328227, ""HCP_A3#2"": 0.0029713185828770562, ""HCP_A3#3"": 0.002082087825289796}"
0.85,0.01,0.105,0.025,0.01,True,True,0.85,0.01,"{""BCC_B2#1"": 0.9942769512000996, ""FCC_L12#1"": 0.0007183259078710228, ""HCP_A3#2"": 0.002944914281055507, ""HCP_A3#3"": 0.002059808610974032}"
0.85,0.01,0.11,0.02,0.01,True,True,0.85,0.01,"{""BCC_B2#1"": 0.9943257487117921, ""FCC_L12#1"": 0.0007175453389567651, ""HCP_A3#2"": 0.002919190843927248, ""HCP_A3#3"": 0.0020375151053239927}"
0.85,0.01,0.115,0.015,0.01,True,True,0.85,0.01,"{""BCC_B2#1"": 0.9943742863360105, ""FCC_L12#1"": 0.0007167537217040281, ""HCP_A3#2"": 0.0028941697216657318, ""HCP_A3#3"": 0.0020147902206198074}"
0.85,0.01,0.12,0.01,0.01,True,True,0.85,0.01,"{""BCC_B2#1"": 0.9944231882158386, ""FCC_L12#1"": 0.000715954324771578, ""HCP_A3#2"": 0.0028698831647733453, ""HCP_A3#3"": 0.0019909742946167272}"
0.85,0.01,0.125,0.005,0.01,True,True,0.85,0.01,"{""BCC_B2#1"": 0.9944734449927426, ""FCC_L12#1"": 0.0007151516761554121, ""HCP_A3#2"": 0.0028463812365857187, ""HCP_A3#3"": 0.001965022094516469}"
0.85,0.01,0.13,0.0,0.01,True,True,0.85,0.01,"{""BCC_B2#1"": 0.9945266261241529, ""FCC_L12#1"": 0.0007143522961994533, ""HCP_A3#2"": 0.0028237419199801006, ""HCP_A3#3"": 0.0019352796596676896}"
0.85,0.015,0.0,0.125,0.01,True,False,0.85,0.01,"{""BCC_B2#1"": 0.981530130377602, ""C15_LAVES#1"": 0.013287210137583933, ""FCC_L12#1"": 0.000709434151688091, ""HCP_A3#2"": 0.00185652910585241, ""HCP_A3#3"": 0.0026166962272739743}"
0.85,0.015,0.005,0.12,0.01,True,False,0.85,0.01,"{""BCC_B2#1"": 0.9818199948764847, ""C15_LAVES#1"": 0.0129779365517655, ""FCC_L12#1"": 0.000709837006310218, ""HCP_A3#2"": 0.0018638582305741426, ""HCP_A3#3"": 0.0026283733348655518}"
0.85,0.015,0.01,0.115,0.01,True,False,0.85,0.01,"{""BCC_B2#1"": 0.9821288921822943, ""C15_LAVES#1"": 0.012649165687190001, ""FCC_L12#1"": 0.0007102411945558954, ""HCP_A3#2"": 0.001871359006695363, ""HCP_A3#3"": 0.002640341929264549}"
0.85,0.015,0.015,0.11,0.01,True,False,0.85,0.01,"{""BCC_B2#1"": 0.9824581916135801, ""C15_LAVES#1"": 0.012299530051800985, ""FCC_L12#1"": 0.0007106463041109965, ""HCP_A3#2"": 0.0018790305028687261, ""HCP_A3#3"": 0.0026526015276393767}"
0.85,0.015,0.02,0.105,0.01,True,False,0.85,0.01,"{""BCC_B2#1"": 0.9828093692729327, ""C15_LAVES#1"": 0.011927556193397127, ""FCC_L12#1"": 0.0007110519162725157, ""HCP_A3#2"": 0.001886871394026219, ""HCP_A3#3"": 0.0026651512233715597}"
0.85,0.015,0.025,0.1,0.01,True,False,0.85,0.01,"{""BCC_B2#1"": 0.9831840173403831, ""C15_LAVES#1"": 0.011531655514275646, ""FCC_L12#1"": 0.0007114576066532184, ""HCP_A3#2"": 0.0018948798976961758, ""HCP_A3#3"": 0.0026779896409918364}"
0.85,0.015,0.03,0.095,0.01,True,False,0.85,0.01,"{""BCC_B2#1"": 0.9835838543144783, ""C15_LAVES#1"": 0.011110114155781912, ""FCC_L12#1"": 0.0007118629459962165, ""HCP_A3#2"": 0.0019030536958792189, ""HCP_A3#3"": 0.002691114887864455}"
0.85,0.015,0.035,0.09,0.01,True,False,0.85,0.01,"{""BCC_B2#1"": 0.9840107363118681, ""C15_LAVES#1"": 0.010661081846868207, ""FCC_L12#1"": 0.0007122675011097954, ""HCP_A3#2"": 0.0019113898376236708, ""HCP_A3#3"": 0.0027045245025301493}"
0.85,0.015,0.04,0.085,0.01,True,False,0.85,0.01,"{""BCC_B2#1"": 0.9844666695498302, ""C15_LAVES#1"": 0.010182559598992617, ""FCC_L12#1"": 0.0007126708359334095, ""HCP_A3#2"": 0.0019198846156070692, ""HCP_A3#3"": 0.0027182153996368735}"
0.85,0.015,0.045,0.08,0.01,True,False,0.85,0.01,"{""BCC_B2#1"": 0.9849538241506686, ""C15_LAVES#1"": 0.009672386117669924, ""FCC_L12#1"": 0.0007130725127482353, ""HCP_A3#2"": 0.0019285334074971448, ""HCP_A3#3"": 0.0027321838114159748}"
0.85,0.015,0.05,0.075,0.01,True,False,0.85,0.01,"{""BCC_B2#1"": 0.985474549422516, ""C15_LAVES#1"": 0.009128222788886682, ""FCC_L12#1"": 0.0007134720935495619, ""HCP_A3#2"": 0.0019373304693691231, ""HCP_A3#3"": 0.00274642522567862}"
0.85,0.015,0.055,0.07,0.01,True,False,0.85,0.01,"{""BCC_B2#1"": 0.9860313907871786, ""C15_LAVES#1"": 0.008547537087276673, ""FCC_L12#1"": 0.0007138691416041495, ""HCP_A3#2"": 0.001946268663625867, ""HCP_A3#3"": 0.0027609343203144586}"
0.85,0.015,0.06,0.065,0.01,True,False,0.85,0.01,"{""BCC_B2#1"": 0.9866271085420341, ""C15_LAVES#1"": 0.007927584243216166, ""FCC_L12#1"": 0.0007142632232247461, ""HCP_A3#2"": 0.0019553390972008003, ""HCP_A3#3"": 0.0027757048943239456}"
0.85,0.015,0.065,0.06,0.01,True,False,0.85,0.01,"{""BCC_B2#1"": 0.987264698658712, ""C15_LAVES#1"": 0.0072653869994618045, ""FCC_L12#1"": 0.0007146539098074145, ""HCP_A3#2"": 0.0019645306366212474, ""HCP_A3#3"": 0.0027907297953976436}"
0.85,0.015,0.07,0.055,0.01,True,False,0.85,0.01,"{""BCC_B2#1"": 0.9879474158351903, ""C15_LAVES#1"": 0.006557713286699352, ""FCC_L12#1"": 0.0007150407801971285, ""HCP_A3#2"": 0.001973829253809461, ""HCP_A3#3"": 0.0028060008441038974}"
0.85,0.015,0.075,0.05,0.01,True,False,0.85,0.01,"{""BCC_B2#1"": 0.9886787990284226, ""C15_LAVES#1"": 0.005801051654516174, ""FCC_L12#1"": 0.0007154234234760247, ""HCP_A3#2"": 0.0019832171389756632, ""HCP_A3#3"": 0.002821508754609586}"
0.85,0.015,0.08,0.045,0.01,True,False,0.85,0.01,"{""BCC_B2#1"": 0.9894626996993887, ""C15_LAVES#1"": 0.004991584313536254, ""FCC_L12#1"": 0.0007158014423119885, ""HCP_A3#2"": 0.0019926714927826442, ""HCP_A3#3"": 0.0028372430519803854}"
0.85,0.015,0.085,0.04,0.01,True,False,0.85,0.01,"{""BCC_B2#1"": 0.990303313000491, ""C15_LAVES#1"": 0.004125157678018162, ""FCC_L12#1"": 0.0007161744570619323, ""HCP_A3#2"": 0.0020021628765805326, ""HCP_A3#3"": 0.0028531919878481463}"
0.85,0.015,0.09,0.035,0.01,True,False,0.85,0.01,"{""BCC_B2#1"": 0.9912052121116496, ""C15_LAVES#1"": 0.0031972503718644264, ""FCC_L12#1"": 0.0007165421109139521, ""HCP_A3#2"": 0.0020116529535918397, ""HCP_A3#3"": 0.002869342451980012}"
0.85,0.015,0.095,0.03,0.01,True,False,0.85,0.01,"{""BCC_B2#1"": 0.992173385899526, ""C15_LAVES#1"": 0.0022029387515358615, ""FCC_L12#1"": 0.0007169040764715872, ""HCP_A3#2"": 0.0020210913904856083, ""HCP_A3#3"": 0.002885679881980877}"
0.85,0.015,0.1,0.025,0.01,True,False,0.85,0.01,"{""BCC_B2#1"": 0.9932132800053245, ""C15_LAVES#1"": 0.0011368601572240412, ""FCC_L12#1"": 0.0007172600643533526, ""HCP_A3#2"": 0.0029021881715998055, ""HCP_A3#3"": 0.0020304116014981718}"
0.85,0.015,0.105,0.02,0.01,True,True,0.85,0.01,"{""BCC_B2#1"": 0.9943244435297586, ""FCC_L12#1"": 0.000717603294611935, ""HCP_A3#2"": 0.0029186069980502096, ""HCP_A3#3"": 0.002039346177579073}"
0.85,0.015,0.11,0.015,0.01,True,True,0.85,0.01,"{""BCC_B2#1"": 0.9943724673134616, ""FCC_L12#1"": 0.0007168096196979116, ""HCP_A3#2"": 0.002893596339783224, ""HCP_A3#3"": 0.002017126727056978}"
0.85,0.015,0.115,0.01,0.01,True,True,0.85,0.01,"{""BCC_B2#1"": 0.9944205525236637, ""FCC_L12#1"": 0.0007160069754620472, ""HCP_A3#2"": 0.002869296906980444, ""HCP_A3#3"": 0.0019941435938939634}"
0.85,0.015,0.12,0.005,0.01,True,True,0.85,0.01,"{""BCC_B2#1"": 0.9944695064419207, ""FCC_L12#1"": 0.0007151992348334472, ""HCP_A3#2"": 0.0028457482333614764, ""HCP_A3#3"": 0.001969546089884124}"
0.85,0.015,0.125,0.0,0.01,True,True,0.85,0.01,"{""BCC_B2#1"": 0.9945206094138476, ""FCC_L12#1"": 0.0007143918899454898, ""HCP_A3#2"": 0.0028230124642445054, ""HCP_A3#3"": 0.0019419862319626242}"
0.85,0.02,0.0,0.12,0.01,True,False,0.85,0.01,"{""BCC_B2#1"": 0.9806526844223455, ""C15_LAVES#1"": 0.014295152289686296, ""FCC_L12#1"": 0.0007060563518387934, ""HCP_A3#2"": 0.0025427123176885824, ""HCP_A3#3"": 0.001803394618440866}"
0.85,0.02,0.005,0.115,0.01,True,False,0.85,0.01,"{""BCC_B2#1"": 0.9809088064713141, ""C15_LAVES#1"": 0.014021458233765043, ""FCC_L12#1"": 0.000706465002023651, ""HCP_A3#2"": 0.002553360256939054, ""HCP_A3#3"": 0.0018099100359580845}"
0.85,0.02,0.01,0.11,0.01,True,False,0.85,0.01,"{""BCC_B2#1"": 0.981182495693577, ""C15_LAVES#1"": 0.013729756565320817, ""FCC_L12#1"": 0.0007068765600000275, ""HCP_A3#2"": 0.0025642840834167176, ""HCP_A3#3"": 0.001816587097685373}"
0.85,0.02,0.015,0.105,0.01,True,False,0.85,0.01,"{""BCC_B2#1"": 0.981475069495543, ""C15_LAVES#1"": 0.013418730425722815, ""FCC_L12#1"": 0.0007072906610096493, ""HCP_A3#2"": 0.002575483920923438, ""HCP_A3#3"": 0.0018234254968009396}"
0.85,0.02,0.02,0.1,0.01,True,False,0.85,0.01,"{""BCC_B2#1"": 0.9817879515886007, ""C15_LAVES#1"": 0.0130869573269865, ""FCC_L12#1"": 0.0007077069324643524, ""HCP_A3#2"": 0.0025869595924808424, ""HCP_A3#3"": 0.0018304245594674045}"
0.85,0.02,0.025,0.095,0.01,True,False,0.85,0.01,"{""BCC_B2#1"": 0.9821226814296772, ""C15_LAVES#1"": 0.012732899829784467, ""FCC_L12#1"": 0.0007081249942748507, ""HCP_A3#2"": 0.0025987105866629575, ""HCP_A3#3"": 0.0018375831596003198}"
0.85,0.02,0.03,0.09,0.01,True,False,0.85,0.01,"{""BCC_B2#1"": 0.982480924599496, ""C15_LAVES#1"": 0.012354895311501638, ""FCC_L12#1"": 0.000708544459258764, ""HCP_A3#2"": 0.0026107360207399356, ""HCP_A3#3"": 0.0018448996090035677}"
0.85,0.02,0.035,0.085,0.01,True,False,0.85,0.01,"{""BCC_B2#1"": 0.9828644842187865, ""C15_LAVES#1"": 0.01195114473278284, ""FCC_L12#1"": 0.000708964933642434, ""HCP_A3#2"": 0.0026230346003714338, ""HCP_A3#3"": 0.0018523715144165686}"
0.85,0.02,0.04,0.08,0.01,True,False,0.85,0.01,"{""BCC_B2#1"": 0.9832753135132679, ""C15_LAVES#1"": 0.011519700303487845, ""FCC_L12#1"": 0.0007093860176742524, ""HCP_A3#2"": 0.002635604575599082, ""HCP_A3#3"": 0.0018599955899709492}"
0.85,0.02,0.045,0.075,0.01,True,False,0.85,0.01,"{""BCC_B2#1"": 0.983715529649051, ""C15_LAVES#1"": 0.011058451942320927, ""FCC_L12#1"": 0.0007098073063733783, ""HCP_A3#2"": 0.0026484436928586644, ""HCP_A3#3"": 0.0018677674093961502}"
0.85,0.02,0.05,0.07,0.01,True,False,0.85,0.01,"{""BCC_B2#1"": 0.9841874289711855, ""C15_LAVES#1"": 0.010565112418983254, ""FCC_L12#1"": 0.0007102283904461857, ""HCP_A3#2"": 0.0026615491427492933, ""HCP_A3#3"": 0.001875681076635974}"
0.85,0.02,0.055,0.065,0.01,True,False,0.85,0.01,"{""BCC_B2#1"": 0.9846935037884125, ""C15_LAVES#1"": 0.010037201065346677, ""FCC_L12#1"": 0.0007106488574146538, ""HCP_A3#2"": 0.0026749175030412542, ""HCP_A3#3"": 0.0018837287857848177}"
0.85,0.02,0.06,0.06,0.01,True,False,0.85,0.01,"{""BCC_B2#1"": 0.985236460857723, ""C15_LAVES#1"": 0.009472025941495746, ""FCC_L12#1"": 0.0007110682930198105, ""HCP_A3#2"": 0.0026885446771051, ""HCP_A3#3"": 0.0018919002306565466}"
0.85,0.02,0.065,0.055,0.01,True,False,0.85,0.01,"{""BCC_B2#1"": 0.9858192417300475, ""C15_LAVES#1"": 0.008866664349037394, ""FCC_L12#1"": 0.0007114862829826244, ""HCP_A3#2"": 0.0027024258281248344, ""HCP_A3#3"": 0.0019001818098076247}"
0.85,0.02,0.07,0.05,0.01,True,False,0.85,0.01,"{""BCC_B2#1"": 0.9864450451189517, ""C15_LAVES#1"": 0.008217941605670161, ""FCC_L12#1"": 0.0007119024152451962, ""HCP_A3#2"": 0.0027165553070383967, ""HCP_A3#3"": 0.0019085555530943827}"
0.85,0.02,0.075,0.045,0.01,True,False,0.85,0.01,"{""BCC_B2#1"": 0.9871173514566234, ""C15_LAVES#1"": 0.0075224080161772, ""FCC_L12#1"": 0.0007123162828575261, ""HCP_A3#2"": 0.0027309265755788054, ""HCP_A3#3"": 0.0019169976687628996}"
0.85,0.02,0.08,0.04,0.01,True,False,0.85,0.01,"{""BCC_B2#1"": 0.9878399497879378, ""C15_LAVES#1"": 0.006776314027111691, ""FCC_L12#1"": 0.0007127274877425719, ""HCP_A3#2"": 0.0027455321240653667, ""HCP_A3#3"": 0.0019254765731426266}"
0.85,0.02,0.085,0.035,0.01,True,False,0.85,0.01,"{""BCC_B2#1"": 0.988616967129603, ""C15_LAVES#1"": 0.005975583626119286, ""FCC_L12#1"": 0.0007131356456639223, ""HCP_A3#2"": 0.0027603633840846188, ""HCP_A3#3"": 0.001933950214529267}"
0.85,0.02,0.09,0.03,0.01,True,False,0.85,0.01,"{""BCC_B2#1"": 0.9894529003778911, ""C15_LAVES#1"": 0.005115786158875139, ""FCC_L12#1"": 0.0007135403928471033, ""HCP_A3#2"": 0.0027754106365025888, ""HCP_A3#3"": 0.0019423624338840856}"
0.85,0.02,0.095,0.025,0.01,True,False,0.85,0.01,"{""BCC_B2#1"": 0.9903526507775187, ""C15_LAVES#1"": 0.004192106901159612, ""FCC_L12#1"": 0.0007139413948809928, ""HCP_A3#2"": 0.0027906629156108274, ""HCP_A3#3"": 0.0019506380108301191}"
0.85,0.02,0.1,0.02,0.01,True,False,0.85,0.01,"{""BCC_B2#1"": 0.9913215608546769, ""C15_LAVES#1"": 0.0031993169608830873, ""FCC_L12#1"": 0.0007143383587675865, ""HCP_A3#2"": 0.002806107910707559, ""HCP_A3#3"": 0.0019586759149649384}"
0.85,0.02,0.105,0.015,0.01,True,False,0.85,0.01,"{""BCC_B2#1"": 0.992365453553658, ""C15_LAVES#1"": 0.002131743422480619, ""FCC_L12#1"": 0.0007147310493209951, ""HCP_A3#2"": 0.002821731867177482, ""HCP_A3#3"": 0.001966340107363191}"
0.85,0.02,0.11,0.01,0.01,True,False,0.85,0.01,"{""BCC_B2#1"": 0.9934906730784061, ""C15_LAVES#1"": 0.0009832411213155435, ""FCC_L12#1"": 0.0007151193115733138, ""HCP_A3#2"": 0.002837519490128887, ""HCP_A3#3"": 0.0019734469985762844}"
0.85,0.02,0.115,0.005,0.01,True,True,0.85,0.01,"{""BCC_B2#1"": 0.9944653178435833, ""FCC_L12#1"": 0.0007152656307068681, ""HCP_A3#2"": 0.002845650673593432, ""HCP_A3#3"": 0.001973765852116139}"
0.85,0.02,0.12,0.0,0.01,True,True,0.85,0.01,"{""BCC_B2#1"": 0.9945147469394939, ""FCC_L12#1"": 0.0007144517994671279, ""HCP_A3#2"": 0.0028228279072448487, ""HCP_A3#3"": 0.0019479733537943042}"
0.85,0.025,0.0,0.115,0.01,True,False,0.85,0.01,"{""BCC_B2#1"": 0.9799716926405383, ""C15_LAVES#1"": 0.015078776074765704, ""FCC_L12#1"": 0.0007031060355714803, ""HCP_A3#2"": 0.0024843286342583404, ""HCP_A3#3"": 0.00176209661486617}"
0.85,0.025,0.005,0.11,0.01,True,False,0.85,0.01,"{""BCC_B2#1"": 0.9802025786094538, ""C15_LAVES#1"": 0.014831467291260631, ""FCC_L12#1"": 0.0007035228080781986, ""HCP_A3#2"": 0.002494341080108537, ""HCP_A3#3"": 0.001768090211098782}"
0.85,0.025,0.01,0.105,0.01,True,False,0.85,0.01,"{""BCC_B2#1"": 0.9804499983402221, ""C15_LAVES#1"": 0.014567194038831747, ""FCC_L12#1"": 0.0007039438213864785, ""HCP_A3#2"": 0.002504622968124317, ""HCP_A3#3"": 0.001774240831435257}"
0.85,0.025,0.015,0.1,0.01,True,False,0.85,0.01,"{""BCC_B2#1"": 0.9807152361193645, ""C15_LAVES#1"": 0.014284672019043366, ""FCC_L12#1"": 0.0007043687396196662, ""HCP_A3#2"": 0.002515174763122589, ""HCP_A3#3"": 0.0017805483588501634}"
0.85,0.025,0.02,0.095,0.01,True,False,0.85,0.01,"{""BCC_B2#1"": 0.9809996825690107, ""C15_LAVES#1"": 0.013982511290733189, ""FCC_L12#1"": 0.0007047972174562066, ""HCP_A3#2"": 0.0025259966860435995, ""HCP_A3#3"": 0.0017870122367562343}"
0.85,0.025,0.025,0.09,0.01,True,False,0.85,0.01,"{""BCC_B2#1"": 0.9813048442574426, ""C15_LAVES#1"": 0.013659206812300043, ""FCC_L12#1"": 0.0007052289002404354, ""HCP_A3#2"": 0.002537088686138671, ""HCP_A3#3"": 0.0017936313438781377}"
0.85,0.025,0.03,0.085,0.01,True,False,0.85,0.01,"{""BCC_B2#1"": 0.9816323542494083, ""C15_LAVES#1"": 0.013313128086589555, ""FCC_L12#1"": 0.0007056634241702283, ""HCP_A3#2"": 0.0025484504100564197, ""HCP_A3#3"": 0.0018004038297756483}"
0.85,0.025,0.035,0.08,0.01,True,False,0.85,0.01,"{""BCC_B2#1"": 0.9819839836891983, ""C15_LAVES#1"": 0.012942507829298101, ""FCC_L12#1"": 0.0007061004165831849, ""HCP_A3#2"": 0.0025600811673750176, ""HCP_A3#3"": 0.001807326897545389}"
0.85,0.025,0.04,0.075,0.01,True,False,0.85,0.01,"{""BCC_B2#1"": 0.9823616545178319, ""C15_LAVES#1"": 0.012545429577900887, ""FCC_L12#1"": 0.0007065394963710816, ""HCP_A3#2"": 0.0025719798923989024, ""HCP_A3#3"": 0.0018143965154969824}"
0.85,0.025,0.045,0.07,0.01,True,False,0.85,0.01,"{""BCC_B2#1"": 0.9827674534345978, ""C15_LAVES#1"": 0.012119814154810006, ""FCC_L12#1"": 0.0007069802745582786, ""HCP_A3#2"": 0.002584145102867655, ""HCP_A3#3"": 0.0018216070331660643}"
0.85,0.025,0.05,0.065,0.01,True,False,0.85,0.01,"{""BCC_B2#1"": 0.9832036472159066, ""C15_LAVES#1"": 0.011663404907413839, ""FCC_L12#1"": 0.0007074223550987283, ""HCP_A3#2"": 0.0025965748532139803, ""HCP_A3#3"": 0.0018289506683670405}"
0.85,0.025,0.055,0.06,0.01,True,False,0.85,0.01,"{""BCC_B2#1"": 0.9836726995145892, ""C15_LAVES#1"": 0.011173751645784127, ""FCC_L12#1"": 0.000707865335962099, ""HCP_A3#2"": 0.002609266683499581, ""HCP_A3#3"": 0.0018364168201647465}"
0.85,0.025,0.06,0.055,0.01,True,False,0.85,0.01,"{""BCC_B2#1"": 0.9841772892629835, ""C15_LAVES#1"": 0.01064819321630634, ""FCC_L12#1"": 0.0007083088106063218, ""HCP_A3#2"": 0.0026222175634297747, ""HCP_A3#3"": 0.001843991146673973}"
0.85,0.025,0.065,0.05,0.01,True,False,0.85,0.01,"{""BCC_B2#1"": 0.9847203308021365, ""C15_LAVES#1"": 0.010083838671819832, ""FCC_L12#1"": 0.0007087523699706842, ""HCP_A3#2"": 0.0026354238311548303, ""HCP_A3#3"": 0.0018516543249181632}"
0.85,0.025,0.07,0.045,0.01,True,False,0.85,0.01,"{""BCC_B2#1"": 0.9853049958514982, ""C15_LAVES#1"": 0.009477547036061384, ""FCC_L12#1"": 0.0007091956051732357, ""HCP_A3#2"": 0.0026488811266847565, ""HCP_A3#3"": 0.0018593803805820254}"
0.85,0.025,0.075,0.04,0.01,True,False,0.85,0.01,"{""BCC_B2#1"": 0.9859347374160591, ""C15_LAVES#1"": 0.008825905717323279, ""FCC_L12#1"": 0.0007096381111650517, ""HCP_A3#2"": 0.00266258431982067, ""HCP_A3#3"": 0.0018671344356318094}"
0.85,0.025,0.08,0.035,0.01,True,False,0.85,0.01,"{""BCC_B2#1"": 0.9866133156966427, ""C15_LAVES#1"": 0.008125207711260523, ""FCC_L12#1"": 0.0007100794916880969, ""HCP_A3#2"": 0.0026765274326776447, ""HCP_A3#3"": 0.0018748696677308408}"
0.85,0.025,0.085,0.03,0.01,True,False,0.85,0.01,"{""BCC_B2#1"": 0.9873448260182316, ""C15_LAVES#1"": 0.007371427856548641, ""FCC_L12#1"": 0.0007105193660125921, ""HCP_A3#2"": 0.0026907035570852104, ""HCP_A3#3"": 0.0018825232021222528}"
0.85,0.025,0.09,0.025,0.01,True,False,0.85,0.01,"{""BCC_B2#1"": 0.988133728712492, ""C15_LAVES#1"": 0.006560198584543497, ""FCC_L12#1"": 0.0007109573781064672, ""HCP_A3#2"": 0.002705104767465334, ""HCP_A3#3"": 0.0018900105573925392}"
0.85,0.025,0.095,0.02,0.01,True,False,0.85,0.01,"{""BCC_B2#1"": 0.9889848807732193, ""C15_LAVES#1"": 0.005686785855285583, ""FCC_L12#1"": 0.0007113932091308663, ""HCP_A3#2"": 0.002719722030251718, ""HCP_A3#3"": 0.0018972181321126108}"
0.85,0.025,0.1,0.015,0.01,True,False,0.85,0.01,"{""BCC_B2#1"": 0.9899035689320861, ""C15_LAVES#1"": 0.004746066324487376, ""FCC_L12#1"": 0.0007118265944849327, ""HCP_A3#2"": 0.0027345451115036107, ""HCP_A3#3"": 0.001903993037438093}"
0.85,0.025,0.105,0.01,0.01,True,False,0.85,0.01,"{""BCC_B2#1"": 0.9908955435564563, ""C15_LAVES#1"": 0.0037325072765419733, ""FCC_L12#1"": 0.0007122573470716826, ""HCP_A3#2"": 0.0027495624851836945, ""HCP_A3#3"": 0.0019101293347463936}"
0.85,0.025,0.11,0.005,0.01,True,False,0.85,0.01,"{""BCC_B2#1"": 0.9919670524235448, ""C15_LAVES#1"": 0.0026401515366601437, ""FCC_L12#1"": 0.0007126853890665761, ""HCP_A3#2"": 0.0027647612457307774, ""HCP_A3#3"": 0.0019153494049975563}"
0.85,0.025,0.115,0.0,0.01,True,False,0.85,0.01,"{""BCC_B2#1"": 0.9931248729385553, ""C15_LAVES#1"": 0.0014626105086680138, ""FCC_L12#1"": 0.0007131107952923636, ""HCP_A3#2"": 0.0027801270298920835, ""HCP_A3#3"": 0.0019192787275922507}"
0.85,0.03,0.0,0.11,0.01,True,False,0.85,0.01,"{""BCC_B2#1"": 0.9794351898669932, ""C15_LAVES#1"": 0.0156978554600344, ""FCC_L12#1"": 0.0007005289407317454, ""HCP_A3#2"": 0.0024372182944404344, ""HCP_A3#3"": 0.001729207437800369}"
0.85,0.03,0.005,0.105,0.01,True,False,0.85,0.01,"{""BCC_B2#1"": 0.9796466360002921, ""C15_LAVES#1"": 0.015470742212494287, ""FCC_L12#1"": 0.0007009547761889003, ""HCP_A3#2"": 0.002446822667040697, ""HCP_A3#3"": 0.001734844343983963}"
0.85,0.03,0.01,0.1,0.01,True,False,0.85,0.01,"{""BCC_B2#1"": 0.9798738640283572, ""C15_LAVES#1"": 0.015227421477686668, ""FCC_L12#1"": 0.000701385962036236, ""HCP_A3#2"": 0.0024566934882526382, ""HCP_A3#3"": 0.0017406350436673177}"
0.85,0.03,0.015,0.095,0.01,True,False,0.85,0.01,"{""BCC_B2#1"": 0.9801181368822998, ""C15_LAVES#1"": 0.014966630357417758, ""FCC_L12#1"": 0.0007018221802708121, ""HCP_A3#2"": 0.0024668313539209243, ""HCP_A3#3"": 0.001746579226090924}"
0.85,0.03,0.02,0.09,0.01,True,False,0.85,0.01,"{""BCC_B2#1"": 0.9803808242094385, ""C15_LAVES#1"": 0.014687000058779565, ""FCC_L12#1"": 0.0007022631021255661, ""HCP_A3#2"": 0.002477236644050405, ""HCP_A3#3"": 0.0017526759856062318}"
0.85,0.03,0.025,0.085,0.01,True,False,0.85,0.01,"{""BCC_B2#1"": 0.9806634121791215, ""C15_LAVES#1"": 0.014387046296764818, ""FCC_L12#1"": 0.0007027083880785319, ""HCP_A3#2"": 0.002487909499855253, ""HCP_A3#3"": 0.0017589236361799856}"
0.85,0.03,0.03,0.08,0.01,True,False,0.85,0.01,"{""BCC_B2#1"": 0.9809675142349212, ""C15_LAVES#1"": 0.014065158814306648, ""FCC_L12#1"": 0.00070315768795133, ""HCP_A3#2"": 0.0024988497971068927, ""HCP_A3#3"": 0.0017653194657138447}"
0.85,0.03,0.035,0.075,0.01,True,False,0.85,0.01,"{""BCC_B2#1"": 0.9812948828806543, ""C15_LAVES#1"": 0.01371958995231809, ""FCC_L12#1"": 0.000703610641131096, ""HCP_A3#2"": 0.002510057116147027, ""HCP_A3#3"": 0.001771859409749578}"
0.85,0.03,0.04,0.07,0.01,True,False,0.85,0.01,"{""BCC_B2#1"": 0.9816474225923794, ""C15_LAVES#1"": 0.013348442205141055, ""FCC_L12#1"": 0.0007040668769568136, ""HCP_A3#2"": 0.0025215307084385462, ""HCP_A3#3"": 0.0017785376170841854}"
0.85,0.03,0.045,0.065,0.01,True,False,0.85,0.01,"{""BCC_B2#1"": 0.9820272039520883, ""C15_LAVES#1"": 0.012949654703060224, ""FCC_L12#1"": 0.0007045260153275806, ""HCP_A3#2"": 0.0025332694591817897, ""HCP_A3#3"": 0.0017853458703423212}"
0.85,0.03,0.05,0.06,0.01,True,False,0.85,0.01,"{""BCC_B2#1"": 0.9824364791011058, ""C15_LAVES#1"": 0.012520988573836808, ""FCC_L12#1"": 0.0007049876676102149, ""HCP_A3#2"": 0.002545271845669665, ""HCP_A3#3"": 0.0017922728117775746}"
0.85,0.03,0.055,0.055,0.01,True,False,0.85,0.01,"{""BCC_B2#1"": 0.9828776986102146, ""C15_LAVES#1"": 0.0120600111533965, ""FCC_L12#1"": 0.0007054514379511972, ""HCP_A3#2"": 0.002557535891072486, ""HCP_A3#3"": 0.001799302907365113}"
0.85,0.03,0.06,0.05,0.01,True,False,0.85,0.01,"{""BCC_B2#1"": 0.9833535298578093, ""C15_LAVES#1"": 0.011564079044618952, ""FCC_L12#1"": 0.0007059169251356119, ""HCP_A3#2"": 0.002570059113374614, ""HCP_A3#3"": 0.001806415059061435}"
0.85,0.03,0.065,0.045,0.01,True,False,0.85,0.01,"{""BCC_B2#1"": 0.9838668769947286, ""C15_LAVES#1"": 0.011030320066997073, ""FCC_L12#1"": 0.0007063837251869827, ""HCP_A3#2"": 0.002582838469218222, ""HCP_A3#3"": 0.0018135807438688113}"
0.85,0.03,0.07,0.04,0.01,True,False,0.85,0.01,"{""BCC_B2#1"": 0.9844209025516515, ""C15_LAVES#1"": 0.010455614204585783, ""FCC_L12#1"": 0.0007068514349717397, ""HCP_A3#2"": 0.002595870292534888, ""HCP_A3#3"": 0.0018207615162563254}"
0.85,0.03,0.075,0.035,0.01,True,False,0.85,0.01,"{""BCC_B2#1"": 0.9850190507079215, ""C15_LAVES#1"": 0.00983657375319496, ""FCC_L12#1"": 0.0007073196571671102, ""HCP_A3#2"": 0.002609150227914566, ""HCP_A3#3"": 0.001827905653801751}"
0.85,0.03,0.08,0.03,0.01,True,False,0.85,0.01,"{""BCC_B2#1"": 0.9856650721832917, ""C15_LAVES#1"": 0.009169523001157994, ""FCC_L12#1"": 0.0007077880070803336, ""HCP_A3#2"": 0.0026226731588911284, ""HCP_A3#3"": 0.0018349436495787661}"
0.85,0.03,0.085,0.025,0.01,True,False,0.85,0.01,"{""BCC_B2#1"": 0.9863630506286337, ""C15_LAVES#1"": 0.008450477965803335, ""FCC_L12#1"": 0.0007082561219825794, ""HCP_A3#2"": 0.0026364331315358604, ""HCP_A3#3"": 0.00184178215204459}"
0.85,0.03,0.09,0.02,0.01,True,False,0.85,0.01,"{""BCC_B2#1"": 0.9871174302669028, ""C15_LAVES#1"": 0.00767512697021076, ""FCC_L12#1"": 0.0007087236738588906, ""HCP_A3#2"": 0.0026504232741328564, ""HCP_A3#3"": 0.0018482958148948055}"
0.85,0.03,0.095,0.015,0.01,True,False,0.85,0.01,"{""BCC_B2#1"": 0.9879330443570429, ""C15_LAVES#1"": 0.006838813208615143, ""FCC_L12#1"": 0.0007091903867980708, ""HCP_A3#2"": 0.002664635714181504, ""HCP_A3#3"": 0.0018543163333625409}"
0.85,0.03,0.1,0.01,0.01,True,False,0.85,0.01,"{""BCC_B2#1"": 0.988815143800671, ""C15_LAVES#1"": 0.005936520950592307, ""FCC_L12#1"": 0.0007096560606830663, ""HCP_A3#2"": 0.0026790614946132145, ""HCP_A3#3"": 0.0018596176934402076}"
0.85,0.03,0.105,0.005,0.01,True,False,0.85,0.01,"{""BCC_B2#1"": 0.9897694248575091, ""C15_LAVES#1"": 0.004962867722396218, ""FCC_L12#1"": 0.0007101206034331482, ""HCP_A3#2"": 0.0026936904919983716, ""HCP_A3#3"": 0.0018638963246632937}"
0.85,0.03,0.11,0.0,0.01,True,False,0.85,0.01,"{""BCC_B2#1"": 0.9908020544435749, ""C15_LAVES#1"": 0.003912105745021466, ""FCC_L12#1"": 0.0007105840748406983, ""HCP_A3#2"": 0.0027085113405640984, ""HCP_A3#3"": 0.0018667443959986705}"
0.85,0.035,0.0,0.105,0.01,True,False,0.85,0.01,"{""BCC_B2#1"": 0.9790076030033196, ""C15_LAVES#1"": 0.01619299503082618, ""FCC_L12#1"": 0.0006982773658939853, ""HCP_A3#2"": 0.0023985815533557643, ""HCP_A3#3"": 0.001702543046604446}"
0.85,0.035,0.005,0.1,0.01,True,False,0.85,0.01,"{""BCC_B2#1"": 0.979203752066694, ""C15_LAVES#1"": 0.015981695731995125, ""FCC_L12#1"": 0.0006987123272554974, ""HCP_A3#2"": 0.0024079174012787263, ""HCP_A3#3"": 0.0017079224727766004}"
0.85,0.035,0.01,0.095,0.01,True,False,0.85,0.01,"{""BCC_B2#1"": 0.9794151317772563, ""C15_LAVES#1"": 0.01575474421724889, ""FCC_L12#1"": 0.0006991535583714874, ""HCP_A3#2"": 0.002417518083295411, ""HCP_A3#3"": 0.0017134523638279197}"
0.85,0.035,0.015,0.09,0.01,True,False,0.85,0.01,"{""BCC_B2#1"": 0.9796429922270842, ""C15_LAVES#1"": 0.015510890972681702, ""FCC_L12#1"": 0.0006996007529301594, ""HCP_A3#2"": 0.0024273841929413247, ""HCP_A3#3"": 0.0017191318543623043}"
0.85,0.035,0.02,0.085,0.01,True,False,0.85,0.01,"{""BCC_B2#1"": 0.9798886908789184, ""C15_LAVES#1"": 0.015248780164871759, ""FCC_L12#1"": 0.0007000535929397029, ""HCP_A3#2"": 0.002437516123611088, ""HCP_A3#3"": 0.001724959239659309}"
0.85,0.035,0.025,0.08,0.01,True,False,0.85,0.01,"{""BCC_B2#1"": 0.9801537025810105, ""C15_LAVES#1"": 0.014966939917546399, ""FCC_L12#1"": 0.0007005117487206865, ""HCP_A3#2"": 0.0024479140485092065, ""HCP_A3#3"": 0.001730931704212926}"
0.85,0.035,0.03,0.075,0.01,True,False,0.85,0.01,"{""BCC_B2#1"": 0.9804396305369436, ""C15_LAVES#1"": 0.014663771724933295, ""FCC_L12#1"": 0.0007009748790142096, ""HCP_A3#2"": 0.002458577897778969, ""HCP_A3#3"": 0.0017370449613300569}"
0.85,0.035,0.035,0.07,0.01,True,False,0.85,0.01,"{""BCC_B2#1"": 0.9807482183091302, ""C15_LAVES#1"": 0.014337538953248121, ""FCC_L12#1"": 0.0007014426312515205, ""HCP_A3#2"": 0.002469507332442896, ""HCP_A3#3"": 0.0017432927739272814}"
0.85,0.035,0.04,0.065,0.01,True,False,0.85,0.01,"{""BCC_B2#1"": 0.9810813629366532, ""C15_LAVES#1"": 0.013986354389909233, ""FCC_L12#1"": 0.0007019146420453881, ""HCP_A3#2"": 0.0024807017148382286, ""HCP_A3#3"": 0.0017496663165536895}"
0.85,0.035,0.045,0.06,0.01,True,False,0.85,0.01,"{""BCC_B2#1"": 0.981441129247588, ""C15_LAVES#1"": 0.013608166814085946, ""FCC_L12#1"": 0.0007023905379845, ""HCP_A3#2"": 0.002492160075219656, ""HCP_A3#3"": 0.0017561533251218122}"
0.85,0.035,0.05,0.055,0.01,True,False,0.85,0.01,"{""BCC_B2#1"": 0.9818297654421977, ""C15_LAVES#1"": 0.013200746584085203, ""FCC_L12#1"": 0.0007028699368403286, ""HCP_A3#2"": 0.002503881074198387, ""HCP_A3#3"": 0.001762736962678072}"
0.85,0.035,0.055,0.05,0.01,True,False,0.85,0.01,"{""BCC_B2#1"": 0.9822497200142468, ""C15_LAVES#1"": 0.012761670270454871, ""FCC_L12#1"": 0.0007033524493341595, ""HCP_A3#2"": 0.0025158629607384153, ""HCP_A3#3"": 0.0017693943052259657}"
0.85,0.035,0.06,0.045,0.01,True,False,0.85,0.01,"{""BCC_B2#1"": 0.9827036600613954, ""C15_LAVES#1"": 0.01228830441247607, ""FCC_L12#1"": 0.00070383768166356, ""HCP_A3#2"": 0.002528103525434582, ""HCP_A3#3"": 0.0017760943190305316}"
0.85,0.035,0.065,0.04,0.01,True,False,0.85,0.01,"{""BCC_B2#1"": 0.983194491008693, ""C15_LAVES#1"": 0.011777788546182765, ""FCC_L12#1"": 0.0007043252390574593, ""HCP_A3#2"": 0.002540600048886984, ""HCP_A3#3"": 0.0017827951571799327}"
0.85,0.035,0.07,0.035,0.01,True,False,0.85,0.01,"{""BCC_B2#1"": 0.9837253777274955, ""C15_LAVES#1"": 0.011227017752003203, ""FCC_L12#1"": 0.0007048147307233786, ""HCP_A3#2"": 0.0025533492450724605, ""HCP_A3#3"": 0.0017894405447053407}"
0.85,0.035,0.075,0.03,0.01,True,False,0.85,0.01,"{""BCC_B2#1"": 0.9842997669699202, ""C15_LAVES#1"": 0.010632625110405572, ""FCC_L12#1"": 0.000705305776677892, ""HCP_A3#2"": 0.002566347199746655, ""HCP_A3#3"": 0.0017959549432496383}"
0.85,0.035,0.08,0.025,0.01,True,False,0.85,0.01,"{""BCC_B2#1"": 0.9849214109480429, ""C15_LAVES#1"": 0.009990964649283266, ""FCC_L12#1"": 0.000705798017123586, ""HCP_A3#2"": 0.002579589304121054, ""HCP_A3#3"": 0.0018022370814294619}"
0.85,0.035,0.085,0.02,0.01,True,False,0.85,0.01,"{""BCC_B2#1"": 0.9855943917570409, ""C15_LAVES#1"": 0.009298095636669406, ""FCC_L12#1"": 0.0007062911252681174, ""HCP_A3#2"": 0.0025930701843129094, ""HCP_A3#3"": 0.0018081512967087236}"
0.85,0.035,0.09,0.015,0.01,True,False,0.85,0.01,"{""BCC_B2#1"": 0.9863231461574316, ""C15_LAVES#1"": 0.008549769443457386, ""FCC_L12#1"": 0.0007067848247940992, ""HCP_A3#2"": 0.002606783627458154, ""HCP_A3#3"": 0.0018135159468586567}"
0.85,0.035,0.095,0.01,0.01,True,False,0.85,0.01,"{""BCC_B2#1"": 0.987112489974158, ""C15_LAVES#1"": 0.007741420708380213, ""FCC_L12#1"": 0.0007072789136106616, ""HCP_A3#2"": 0.0026207225058588425, ""HCP_A3#3"": 0.0018180878979924039}"
0.85,0.035,0.1,0.005,0.01,True,False,0.85,0.01,"{""BCC_B2#1"": 0.987967641012485, ""C15_LAVES#1"": 0.006868165229742262, ""FCC_L12#1"": 0.0007077732960857351, ""HCP_A3#2"": 0.0026348787012228834, ""HCP_A3#3"": 0.0018215417604636303}"
0.85,0.035,0.105,0.0,0.01,True,False,0.85,0.01,"{""BCC_B2#1"": 0.988894238897169, ""C15_LAVES#1"": 0.005924807949290256, ""FCC_L12#1"": 0.0007082680267166004, ""HCP_A3#2"": 0.002649243031821805, ""HCP_A3#3"": 0.0018234420950023092}"
0.85,0.04,0.0,0.1,0.01,True,False,0.85,0.01,"{""BCC_B2#1"": 0.978663589028554, ""C15_LAVES#1"": 0.01659299280513326, ""FCC_L12#1"": 0.0006963089440898987, ""HCP_A3#2"": 0.002366489646804639, ""HCP_A3#3"": 0.0016806195754182458}"
0.85,0.04,0.005,0.095,0.01,True,False,0.85,0.01,"{""BCC_B2#1"": 0.9788475163666767, ""C15_LAVES#1"": 0.016394279954432475, ""FCC_L12#1"": 0.0006967526032548943, ""HCP_A3#2"": 0.00237564714470922, ""HCP_A3#3"": 0.00168580393092639}"
0.85,0.04,0.01,0.09,0.01,True,False,0.85,0.01,"{""BCC_B2#1"": 0.9790462756973896, ""C15_LAVES#1"": 0.016180317855139518, ""FCC_L12#1"": 0.0006972032974002787, ""HCP_A3#2"": 0.002385068480161463, ""HCP_A3#3"": 0.0016911346699092352}"
0.85,0.04,0.015,0.085,0.01,True,False,0.85,0.01,"{""BCC_B2#1"": 0.9792611109821523, ""C15_LAVES#1"": 0.01594986413897287, ""FCC_L12#1"": 0.0006976607283401586, ""HCP_A3#2"": 0.0023947541610842994, ""HCP_A3#3"": 0.001696609989450605}"
0.85,0.04,0.02,0.08,0.01,True,False,0.85,0.01,"{""BCC_B2#1"": 0.9794933744221326, ""C15_LAVES#1"": 0.015701569591969052, ""FCC_L12#1"": 0.000698124585688134, ""HCP_A3#2"": 0.0024047045035354027, ""HCP_A3#3"": 0.0017022268966747198}"
0.85,0.04,0.025,0.075,0.01,True,False,0.85,0.01,"{""BCC_B2#1"": 0.979744536687948, ""C15_LAVES#1"": 0.01543396833101471, ""FCC_L12#1"": 0.0006985945469045162, ""HCP_A3#2"": 0.0024149196149402647, ""HCP_A3#3"": 0.0017079808191924038}"
0.85,0.04,0.03,0.07,0.01,True,False,0.85,0.01,"{""BCC_B2#1"": 0.9800161981077402, ""C15_LAVES#1"": 0.015145467152312034, ""FCC_L12#1"": 0.0006990702774971737, ""HCP_A3#2"": 0.0024253993745297475, ""HCP_A3#3"": 0.0017138650879207566}"
0.85,0.04,0.035,0.065,0.01,True,False,0.85,0.01,"{""BCC_B2#1"": 0.9803101008819168, ""C15_LAVES#1"": 0.014834334026037056, ""FCC_L12#1"": 0.0006995514314388065, ""HCP_A3#2"": 0.0024361434106800585, ""HCP_A3#3"": 0.0017198702499273233}"
0.85,0.04,0.04,0.06,0.01,True,False,0.85,0.01,"{""BCC_B2#1"": 0.9806281423905953, ""C15_LAVES#1"": 0.014498685727890894, ""FCC_L12#1"": 0.000700037651884008, ""HCP_A3#2"": 0.0024471510747881833, ""HCP_A3#3"": 0.0017259831548414697}"
0.85,0.04,0.045,0.055,0.01,True,False,0.85,0.01,"{""BCC_B2#1"": 0.9809723896536376, ""C15_LAVES#1"": 0.01413647462313331, ""FCC_L12#1"": 0.000700528572297808, ""HCP_A3#2"": 0.0024584214113708073, ""HCP_A3#3"": 0.00173218573956039}"
0.85,0.04,0.05,0.05,0.01,True,False,0.85,0.01,"{""BCC_B2#1"": 0.9813450949916396, ""C15_LAVES#1"": 0.013745474655249303, ""FCC_L12#1"": 0.0007010238181455625, ""HCP_A3#2"": 0.002469953124080084, ""HCP_A3#3"": 0.0017384534108854277}"
0.85,0.04,0.055,0.045,0.01,True,False,0.85,0.01,"{""BCC_B2#1"": 0.9817487129170159, ""C15_LAVES#1"": 0.01332326664403236, ""FCC_L12#1"": 0.0007015230093453654, ""HCP_A3#2"": 0.0024817445373412207, ""HCP_A3#3"": 0.0017447528922652376}"
0.85,0.04,0.06,0.04,0.01,True,False,0.85,0.01,"{""BCC_B2#1"": 0.9821859182543028, ""C15_LAVES#1"": 0.0128672230723572, ""FCC_L12#1"": 0.0007020257637530914, ""HCP_A3#2"": 0.0024937935533780767, ""HCP_A3#3"": 0.0017510393562086368}"
0.85,0.04,0.065,0.035,0.01,True,False,0.85,0.01,"{""BCC_B2#1"": 0.9826596254437244, ""C15_LAVES#1"": 0.012374492645314063, ""FCC_L12#1"": 0.0007025317020428386, ""HCP_A3#2"": 0.0025060976044650697, ""HCP_A3#3"": 0.0017572526044534647}"
0.85,0.04,0.07,0.03,0.01,True,False,0.85,0.01,"{""BCC_B2#1"": 0.9831730089162926, ""C15_LAVES#1"": 0.011841985050202564, ""FCC_L12#1"": 0.0007030404544702496, ""HCP_A3#2"": 0.0025186536003348383, ""HCP_A3#3"": 0.001763311978699854}"
0.85,0.04,0.075,0.025,0.01,True,False,0.85,0.01,"{""BCC_B2#1"": 0.9837295243341763, ""C15_LAVES#1"": 0.011266356545756352, ""FCC_L12#1"": 0.0007035516701734408, ""HCP_A3#2"": 0.002531457870825507, ""HCP_A3#3"": 0.001769109579068723}"
0.85,0.04,0.08,0.02,0.01,True,False,0.85,0.01,"{""BCC_B2#1"": 0.9843329303566635, ""C15_LAVES#1"": 0.0106439972826902, ""FCC_L12#1"": 0.0007040650298912401, ""HCP_A3#2"": 0.0025445061040652267, ""HCP_A3#3"": 0.0017745012266900122}"
0.85,0.04,0.085,0.015,0.01,True,False,0.85,0.01,"{""BCC_B2#1"": 0.9849873104050795, ""C15_LAVES#1"": 0.00997102163155047, ""FCC_L12#1"": 0.0007045802632802183, ""HCP_A3#2"": 0.002557793280753821, ""HCP_A3#3"": 0.0017792944193359543}"
0.85,0.04,0.09,0.01,0.01,True,False,0.85,0.01,"{""BCC_B2#1"": 0.9856970936405994, ""C15_LAVES#1"": 0.009243263302189497, ""FCC_L12#1"": 0.0007050971724170808, ""HCP_A3#2"": 0.0025713136054775648, ""HCP_A3#3"": 0.0017832322793164563}"
0.85,0.04,0.095,0.005,0.01,True,False,0.85,0.01,"{""BCC_B2#1"": 0.9864670740109901, ""C15_LAVES#1"": 0.008456277728550943, ""FCC_L12#1"": 0.0007056156636166058, ""HCP_A3#2"": 0.0025850604365251356, ""HCP_A3#3"": 0.001785972160317132}"
0.85,0.04,0.1,0.0,0.01,True,False,0.85,0.01,"{""BCC_B2#1"": 0.9873024257309018, ""C15_LAVES#1"": 0.007605355125726533, ""FCC_L12#1"": 0.0007061357904182986, ""HCP_A3#2"": 0.002599026216199426, ""HCP_A3#3"": 0.0017870571367540275}"
0.85,0.045,0.0,0.095,0.01,True,False,0.85,0.01,"{""BCC_B2#1"": 0.9783846555598283, ""C15_LAVES#1"": 0.016918817234796803, ""FCC_L12#1"": 0.0006945863086214424, ""HCP_A3#2"": 0.0023395569067489286, ""HCP_A3#3"": 0.001662383990004636}"
0.85,0.045,0.005,0.09,0.01,True,False,0.85,0.01,"{""BCC_B2#1"": 0.9785587170090287, ""C15_LAVES#1"": 0.016730233878870602, ""FCC_L12#1"": 0.000695038006006239, ""HCP_A3#2"": 0.002348597208420282, ""HCP_A3#3"": 0.0016674138976739393}"
0.85,0.045,0.01,0.085,0.01,True,False,0.85,0.01,"{""BCC_B2#1"": 0.9787473333153129, ""C15_LAVES#1"": 0.016526683644936188, ""FCC_L12#1"": 0.0006954973821402986, ""HCP_A3#2"": 0.002357900694014675, ""HCP_A3#3"": 0.0016725849635958387}"
0.85,0.045,0.015,0.08,0.01,True,False,0.85,0.01,"{""BCC_B2#1"": 0.978951747852825, ""C15_LAVES#1"": 0.016306926264037045, ""FCC_L12#1"": 0.0006959641446458856, ""HCP_A3#2"": 0.0023674677301538066, ""HCP_A3#3"": 0.0016778940083382588}"
0.85,0.045,0.02,0.075,0.01,True,False,0.85,0.01,"{""BCC_B2#1"": 0.979173313271062, ""C15_LAVES#1"": 0.01606961406215243, ""FCC_L12#1"": 0.000696437988798149, ""HCP_A3#2"": 0.0023772984957566453, ""HCP_A3#3"": 0.0016833361822308735}"
0.85,0.045,0.025,0.07,0.01,True,False,0.85,0.01,"{""BCC_B2#1"": 0.9794135019342499, ""C15_LAVES#1"": 0.01581328208174494, ""FCC_L12#1"": 0.0006969185976957679, ""HCP_A3#2"": 0.002387392968344864, ""HCP_A3#3"": 0.0016889044179645583}"
0.85,0.045,0.03,0.065,0.01,True,False,0.85,0.01,"{""BCC_B2#1"": 0.9796739173142477, ""C15_LAVES#1"": 0.015536337430883609, ""FCC_L12#1"": 0.00069740564263648, ""HCP_A3#2"": 0.0023977509075658056, ""HCP_A3#3"": 0.0016945887046663395}"
0.85,0.045,0.035,0.06,0.01,True,False,0.85,0.01,"{""BCC_B2#1"": 0.9799563063914148, ""C15_LAVES#1"": 0.015237047864281563, ""FCC_L12#1"": 0.0006978987837821443, ""HCP_A3#2"": 0.00240837183562053, ""HCP_A3#3"": 0.0017003751249009523}"
0.85,0.045,0.04,0.055,0.01,True,False,0.85,0.01,"{""BCC_B2#1"": 0.9802625731101074, ""C15_LAVES#1"": 0.01491352962761486, ""FCC_L12#1"": 0.0006983976712255656, ""HCP_A3#2"": 0.0024192550142215414, ""HCP_A3#3"": 0.0017062445768307073}"
0.85,0.045,0.045,0.05,0.01,True,False,0.85,0.01,"{""BCC_B2#1"": 0.9805947929221572, ""C15_LAVES#1"": 0.014563734635200627, ""FCC_L12#1"": 0.0006989019466089244, ""HCP_A3#2"": 0.002430399417794712, ""HCP_A3#3"": 0.0017121710782385285}"
0.85,0.045,0.05,0.045,0.01,True,False,0.85,0.01,"{""BCC_B2#1"": 0.9809552284303373, ""C15_LAVES#1"": 0.014185437106363653, ""FCC_L12#1"": 0.0006994112454940294, ""HCP_A3#2"": 0.002441803702587367, ""HCP_A3#3"": 0.0017181195152177482}"
0.85,0.045,0.055,0.04,0.01,True,False,0.85,0.01,"{""BCC_B2#1"": 0.9813463461116689, ""C15_LAVES#1"": 0.013776219862853276, ""FCC_L12#1"": 0.0006999252007519147, ""HCP_A3#2"": 0.002453466171411371, ""HCP_A3#3"": 0.0017240426533144952}"
0.85,0.045,0.06,0.035,0.01,True,False,0.85,0.01,"{""BCC_B2#1"": 0.9817708340531153, ""C15_LAVES#1"": 0.013333460596612797, ""FCC_L12#1"": 0.0007004434473294599, ""HCP_A3#2"": 0.002465384733805725, ""HCP_A3#3"": 0.0017298771691371027}"
0.85,0.045,0.065,0.03,0.01,True,False,0.85,0.01,"{""BCC_B2#1"": 0.982231620564121, ""C15_LAVES#1"": 0.012854318564461432, ""FCC_L12#1"": 0.0007009656288713448, ""HCP_A3#2"": 0.0024775568614487735, ""HCP_A3#3"": 0.0017355383810975452}"
0.85,0.045,0.07,0.025,0.01,True,False,0.85,0.01,"{""BCC_B2#1"": 0.9827318934340245, ""C15_LAVES#1"": 0.012335722367730345, ""FCC_L12#1"": 0.0007014914068370133, ""HCP_A3#2"": 0.0024899795387818523, ""HCP_A3#3"": 0.0017409132526265696}"
0.85,0.045,0.075,0.02,0.01,True,False,0.85,0.01,"{""BCC_B2#1"": 0.9832751194673676, ""C15_LAVES#1"": 0.011774359749299287, ""FCC_L12#1"": 0.0007020204729683833, ""HCP_A3#2"": 0.002502649208943215, ""HCP_A3#3"": 0.0017458511014215798}"
0.85,0.045,0.08,0.015,0.01,True,False,0.85,0.01,"{""BCC_B2#1"": 0.9838650637425543, ""C15_LAVES#1"": 0.011166670713100216, ""FCC_L12#1"": 0.0007025525662529102, ""HCP_A3#2"": 0.002515561715308024, ""HCP_A3#3"": 0.0017501512627842704}"
0.85,0.045,0.085,0.01,0.01,True,False,0.85,0.01,"{""BCC_B2#1"": 0.9845058077807706, ""C15_LAVES#1"": 0.010508845775182678, ""FCC_L12#1"": 0.0007030874959130975, ""HCP_A3#2"": 0.0025287122392148613, ""HCP_A3#3"": 0.00175354670891894}"
0.85,0.045,0.09,0.005,0.01,True,False,0.85,0.01,"{""BCC_B2#1"": 0.9852017654571331, ""C15_LAVES#1"": 0.009796831836322826, ""FCC_L12#1"": 0.0007036251724707436, ""HCP_A3#2"": 0.0025420952348166157, ""HCP_A3#3"": 0.0017556822992570395}"
0.85,0.045,0.095,0.0,0.01,True,False,0.85,0.01,"{""BCC_B2#1"": 0.9859576950010943, ""C15_LAVES#1"": 0.009026349084247633, ""FCC_L12#1"": 0.000704165649620048, ""HCP_A3#2"": 0.002555704362384327, ""HCP_A3#3"": 0.0017560859026538103}"
0.85,0.05,0.0,0.09,0.01,True,False,0.85,0.01,"{""BCC_B2#1"": 0.9781570891117252, ""C15_LAVES#1"": 0.01718601008605139, ""FCC_L12#1"": 0.0006930768695259125, ""HCP_A3#2"": 0.0023167583740649573, ""HCP_A3#3"": 0.001647065558632706}"
0.85,0.05,0.005,0.085,0.01,True,False,0.85,0.01,"{""BCC_B2#1"": 0.9783231379190156, ""C15_LAVES#1"": 0.01700563335666249, ""FCC_L12#1"": 0.0006935358720769754, ""HCP_A3#2"": 0.0016519679622214087, ""HCP_A3#3"": 0.002325724890023622}"
0.85,0.05,0.01,0.08,0.01,True,False,0.85,0.01,"{""BCC_B2#1"": 0.9785035643900157, ""C15_LAVES#1"": 0.016810473497994208, ""FCC_L12#1"": 0.0006940031029331589, ""HCP_A3#2"": 0.0016570048233553187, ""HCP_A3#3"": 0.002334954185701549}"
0.85,0.05,0.015,0.075,0.01,True,False,0.85,0.01,"{""BCC_B2#1"": 0.9786996160224092, ""C15_LAVES#1"": 0.01659928819283306, ""FCC_L12#1"": 0.0006944782737173746, ""HCP_A3#2"": 0.001662171065706701, ""HCP_A3#3"": 0.002344446445333711}"
0.85,0.05,0.02,0.07,0.01,True,False,0.85,0.01,"{""BCC_B2#1"": 0.9789126507472181, ""C15_LAVES#1"": 0.01637072719739462, ""FCC_L12#1"": 0.0006949610839293459, ""HCP_A3#2"": 0.0016674593044426578, ""HCP_A3#3"": 0.002354201667014886}"
0.85,0.05,0.025,0.065,0.01,True,False,0.85,0.01,"{""BCC_B2#1"": 0.9791441475624619, ""C15_LAVES#1"": 0.016123322471826088, ""FCC_L12#1"": 0.0006954512213106233, ""HCP_A3#2"": 0.0016728590924738253, ""HCP_A3#3"": 0.0023642196519274216}"
0.85,0.05,0.03,0.06,0.01,True,False,0.85,0.01,"{""BCC_B2#1"": 0.9793957181035635, ""C15_LAVES#1"": 0.015855477620710996, ""FCC_L12#1"": 0.0006959483624811305, ""HCP_A3#2"": 0.0016783559224910541, ""HCP_A3#3"": 0.002374499990753432}"
0.85,0.05,0.035,0.055,0.01,True,False,0.85,0.01,"{""BCC_B2#1"": 0.9796691191864618, ""C15_LAVES#1"": 0.015565456687075076, ""FCC_L12#1"": 0.0006964521739592669, ""HCP_A3#2"": 0.001683929905589258, ""HCP_A3#3"": 0.0023850420469144974}"
0.85,0.05,0.04,0.05,0.01,True,False,0.85,0.01,"{""BCC_B2#1"": 0.9799662663446892, ""C15_LAVES#1"": 0.01525137238366254, ""FCC_L12#1"": 0.0006969623137136262, ""HCP_A3#2"": 0.0016895540216252697, ""HCP_A3#3"": 0.002395844936309228}"
0.85,0.05,0.045,0.045,0.01,True,False,0.85,0.01,"{""BCC_B2#1"": 0.9802892483592232, ""C15_LAVES#1"": 0.014911173901615053, ""FCC_L12#1"": 0.0006974784334434174, ""HCP_A3#2"": 0.0016951918025076818, ""HCP_A3#3"": 0.002406907503210861}"
0.85,0.05,0.05,0.04,0.01,True,False,0.85,0.01,"{""BCC_B2#1"": 0.9806403427462905, ""C15_LAVES#1"": 0.014542634515163433, ""FCC_L12#1"": 0.00069800018184976, ""HCP_A3#2"": 0.0017007942646942223, ""HCP_A3#3"": 0.0024182282920020945}"
0.85,0.05,0.055,0.035,0.01,True,False,0.85,0.01,"{""BCC_B2#1"": 0.9810220321198027, ""C15_LAVES#1"": 0.014143339308729169, ""FCC_L12#1"": 0.0006985272092469116, ""HCP_A3#2"": 0.0017062958477356842, ""HCP_A3#3"": 0.0024298055144855286}"
0.85,0.05,0.06,0.03,0.01,True,False,0.85,0.01,"{""BCC_B2#1"": 0.9814370212760514, ""C15_LAVES#1"": 0.013710673500374082, ""FCC_L12#1"": 0.000699059173978331, ""HCP_A3#2"": 0.0017116090370745526, ""HCP_A3#3"": 0.002441637012521431}"
0.85,0.05,0.065,0.025,0.01,True,False,0.85,0.01,"{""BCC_B2#1"": 0.981888254751291, ""C15_LAVES#1"": 0.013241812036321661, ""FCC_L12#1"": 0.0006995957512569316, ""HCP_A3#2"": 0.0017166172452904344, ""HCP_A3#3"": 0.002453720215839838}"
0.85,0.05,0.07,0.02,0.01,True,False,0.85,0.01,"{""BCC_B2#1"": 0.9823789344681059, ""C15_LAVES#1"": 0.01273371140329057, ""FCC_L12#1"": 0.0007001366452549988, ""HCP_A3#2"": 0.001721165388390451, ""HCP_A3#3"": 0.0024660520949576848}"
0.85,0.05,0.075,0.015,0.01,True,False,0.85,0.01,"{""BCC_B2#1"": 0.9829125369003849, ""C15_LAVES#1"": 0.012183104973070725, ""FCC_L12#1"": 0.0007006816055440386, ""HCP_A3#2"": 0.0017250474117203498, ""HCP_A3#3"": 0.002478629109279822}"
0.85,0.05,0.08,0.01,0.01,True,False,0.85,0.01,"{""BCC_B2#1"": 0.9834928289315575, ""C15_LAVES#1"": 0.011586503689229173, ""FCC_L12#1"": 0.000701230449351465, ""HCP_A3#2"": 0.0017279897792109383, ""HCP_A3#3"": 0.0024914471506505683}"
0.85,0.05,0.085,0.005,0.01,True,False,0.85,0.01,"{""BCC_B2#1"": 0.9841238812320434, ""C15_LAVES#1"": 0.010940204572716949, ""FCC_L12#1"": 0.000701783091590567, ""HCP_A3#2"": 0.0017296296207939162, ""HCP_A3#3"": 0.0025045014828549844}"
0.85,0.05,0.09,0.0,0.01,True,False,0.85,0.01,"{""BCC_B2#1"": 0.9848100775069302, ""C15_LAVES#1"": 0.010240310419811518, ""FCC_L12#1"": 0.0007023395852676849, ""HCP_A3#2"": 0.0017294858101161946, ""HCP_A3#3"": 0.0025177866778744768}"
0.85,0.055,0.0,0.085,0.01,True,False,0.85,0.01,"{""BCC_B2#1"": 0.9779705894107839, ""C15_LAVES#1"": 0.017406252046518193, ""FCC_L12#1"": 0.000691752475501739, ""HCP_A3#2"": 0.0016340867757829328, ""HCP_A3#3"": 0.0022973192914134315}"
0.85,0.055,0.005,0.08,0.01,True,False,0.85,0.01,"{""BCC_B2#1"": 0.9781301170495604, ""C15_LAVES#1"": 0.017232541255490078, ""FCC_L12#1"": 0.0006922180649415689, ""HCP_A3#2"": 0.001638879459014986, ""HCP_A3#3"": 0.0023062441709928968}"
0.85,0.055,0.01,0.075,0.01,True,False,0.85,0.01,"{""BCC_B2#1"": 0.9783039292826743, ""C15_LAVES#1"": 0.017044148635066682, ""FCC_L12#1"": 0.0006926923598194645, ""HCP_A3#2"": 0.0016437980755124163, ""HCP_A3#3"": 0.002315431646926993}"
0.85,0.055,0.015,0.07,0.01,True,False,0.85,0.01,"{""BCC_B2#1"": 0.9784932818017673, ""C15_LAVES#1"": 0.016839826406824913, ""FCC_L12#1"": 0.0006931750741142532, ""HCP_A3#2"": 0.0016488350296907325, ""HCP_A3#3"": 0.002324881687602674}"
0.85,0.055,0.02,0.065,0.01,True,False,0.85,0.01,"{""BCC_B2#1"": 0.9786995419689393, ""C15_LAVES#1"": 0.01661821845733502, ""FCC_L12#1"": 0.000693665910294966, ""HCP_A3#2"": 0.0016539795882610142, ""HCP_A3#3"": 0.0023345940751698145}"
0.85,0.055,0.025,0.06,0.01,True,False,0.85,0.01,"{""BCC_B2#1"": 0.9789241996189424, ""C15_LAVES#1"": 0.016377850561867132, ""FCC_L12#1"": 0.0006941645599557134, ""HCP_A3#2"": 0.0016592168616736602, ""HCP_A3#3"": 0.0023445683975611537}"
0.85,0.055,0.03,0.055,0.01,True,False,0.85,0.01,"{""BCC_B2#1"": 0.9791688787654591, ""C15_LAVES#1"": 0.016117120034193282, ""FCC_L12#1"": 0.0006946707048067155, ""HCP_A3#2"": 0.001664526457962439, ""HCP_A3#3"": 0.0023548040375780716}"
0.85,0.055,0.035,0.05,0.01,True,False,0.85,0.01,"{""BCC_B2#1"": 0.979435350223162, ""C15_LAVES#1"": 0.01583428489612795, ""FCC_L12#1"": 0.0006951840181672399, ""HCP_A3#2"": 0.0016698807038507883, ""HCP_A3#3"": 0.002365300158692045}"
0.85,0.055,0.04,0.045,0.01,True,False,0.85,0.01,"{""BCC_B2#1"": 0.9797255451340487, ""C15_LAVES#1"": 0.015527452717252093, ""FCC_L12#1"": 0.0006957041671526928, ""HCP_A3#2"": 0.001675242294337601, ""HCP_A3#3"": 0.0023760556872087202}"
0.85,0.055,0.045,0.04,0.01,True,False,0.85,0.01,"{""BCC_B2#1"": 0.9800415693524775, ""C15_LAVES#1"": 0.015194569353663645, ""FCC_L12#1"": 0.0006962308158106195, ""HCP_A3#2"": 0.0016805611875945297, ""HCP_A3#3"": 0.002387069290453736}"
0.85,0.055,0.05,0.035,0.01,True,False,0.85,0.01,"{""BCC_B2#1"": 0.9803857185944571, ""C15_LAVES#1"": 0.014833407921892462, ""FCC_L12#1"": 0.0006967636295434256, ""HCP_A3#2"": 0.001685770503457678, ""HCP_A3#3"": 0.0023983393506494094}"
0.85,0.055,0.055,0.03,0.01,True,False,0.85,0.01,"{""BCC_B2#1"": 0.9807604941878234, ""C15_LAVES#1"": 0.014441558490148998, ""FCC_L12#1"": 0.0006973022812660317, ""HCP_A3#2"": 0.001690781106569732, ""HCP_A3#3"": 0.00240986393419204}"
0.85,0.055,0.06,0.025,0.01,True,False,0.85,0.01,"{""BCC_B2#1"": 0.9811686191637649, ""C15_LAVES#1"": 0.014016419166908727, ""FCC_L12#1"": 0.0006978464598935012, ""HCP_A3#2"": 0.0016954744533678036, ""HCP_A3#3"": 0.0024216407560650657}"
0.85,0.055,0.065,0.02,0.01,True,False,0.85,0.01,"{""BCC_B2#1"": 0.9816130542971926, ""C15_LAVES#1"": 0.01355518953392318, ""FCC_L12#1"": 0.0006983958819490583, ""HCP_A3#2"": 0.0016996931477489187, ""HCP_A3#3"": 0.002433667139186292}"
0.85,0.055,0.07,0.015,0.01,True,False,0.85,0.01,"{""BCC_B2#1"": 0.9820970135208716, ""C15_LAVES#1"": 0.01305486773024039, ""FCC_L12#1"": 0.000698950307342732, ""HCP_A3#2"": 0.0017032284729689919, ""HCP_A3#3"": 0.0024459399685756505}"
0.85,0.055,0.075,0.01,0.01,True,False,0.85,0.01,"{""BCC_B2#1"": 0.982623977888744, ""C15_LAVES#1"": 0.012512252976847856, ""FCC_L12#1"": 0.0006995095607169299, ""HCP_A3#2"": 0.001705803933337812, ""HCP_A3#3"": 0.002458455640353389}"
0.85,0.055,0.08,0.005,0.01,True,False,0.85,0.01,"{""BCC_B2#1"": 0.983197706924031, ""C15_LAVES#1"": 0.011923955979868464, ""FCC_L12#1"": 0.0007000735602160557, ""HCP_A3#2"": 0.0017070535301724392, ""HCP_A3#3"": 0.002471210005711987}"
0.85,0.055,0.085,0.0,0.01,True,False,0.85,0.01,"{""BCC_B2#1"": 0.9838222457264393, ""C15_LAVES#1"": 0.011286420519702243, ""FCC_L12#1"": 0.0007006423561460144, ""HCP_A3#2"": 0.0017064930875245964, ""HCP_A3#3"": 0.0024841983101882154}"
0.85,0.06,0.0,0.08,0.01,True,False,0.85,0.01,"{""BCC_B2#1"": 0.976035754761869, ""C15_LAVES#1"": 0.020281465589199913, ""FCC_L12#1"": 0.0006928176654847122, ""HCP_A3#3"": 0.0022863790202079888, ""ZRO2_MONO#1"": 0.0007035829632384723}"
0.85,0.06,0.005,0.075,0.01,True,False,0.85,0.01,"{""BCC_B2#1"": 0.9779715620505796, ""C15_LAVES#1"": 0.017420124976070716, ""FCC_L12#1"": 0.00069106048510556, ""HCP_A3#2"": 0.0016277006963727177, ""HCP_A3#3"": 0.002289551791871291}"
0.85,0.06,0.01,0.07,0.01,True,False,0.85,0.01,"{""BCC_B2#1"": 0.9781400564578652, ""C15_LAVES#1"": 0.017237169964371368, ""FCC_L12#1"": 0.0006915411298429648, ""HCP_A3#2"": 0.0016325100487316411, ""HCP_A3#3"": 0.0022987223991885485}"
0.85,0.06,0.015,0.065,0.01,True,False,0.85,0.01,"{""BCC_B2#1"": 0.9783240818785427, ""C15_LAVES#1"": 0.017038308414590517, ""FCC_L12#1"": 0.0006920306164882419, ""HCP_A3#2"": 0.0016374237344064678, ""HCP_A3#3"": 0.0023081553559720753}"
0.85,0.06,0.02,0.06,0.01,True,False,0.85,0.01,"{""BCC_B2#1"": 0.9785250186890272, ""C15_LAVES#1"": 0.016822175763854592, ""FCC_L12#1"": 0.0006925286492939933, ""HCP_A3#2"": 0.0016424266998324197, ""HCP_A3#3"": 0.0023178501979917677}"
0.85,0.06,0.025,0.055,0.01,True,False,0.85,0.01,"{""BCC_B2#1"": 0.9787443711417296, ""C15_LAVES#1"": 0.016587289324052075, ""FCC_L12#1"": 0.0006930349230294229, ""HCP_A3#2"": 0.0016474983428425342, ""HCP_A3#3"": 0.002327806268346095}"
0.85,0.06,0.03,0.05,0.01,True,False,0.85,0.01,"{""BCC_B2#1"": 0.9789837791502125, ""C15_LAVES#1"": 0.01633203828874075, ""FCC_L12#1"": 0.0006935491244279046, ""HCP_A3#2"": 0.0016526107276231732, ""HCP_A3#3"": 0.002338022708995531}"
0.85,0.06,0.035,0.045,0.01,True,False,0.85,0.01,"{""BCC_B2#1"": 0.9792450309061359, ""C15_LAVES#1"": 0.016054673480369833, ""FCC_L12#1"": 0.0006940709342834341, ""HCP_A3#2"": 0.0016577262303996854, ""HCP_A3#3"": 0.002348498448811007}"
0.85,0.06,0.04,0.04,0.01,True,False,0.85,0.01,"{""BCC_B2#1"": 0.9795300762746579, ""C15_LAVES#1"": 0.015753297072022665, ""FCC_L12#1"": 0.0006946000304418426, ""HCP_A3#2"": 0.0016627944350818304, ""HCP_A3#3"": 0.002359232187795785}"
0.85,0.06,0.045,0.035,0.01,True,False,0.85,0.01,"{""BCC_B2#1"": 0.979841040866665, ""C15_LAVES#1"": 0.01542585262330374, ""FCC_L12#1"": 0.0006951360920115307, ""HCP_A3#2"": 0.0016677480409208116, ""HCP_A3#3"": 0.0023702223770986877}"
0.85,0.06,0.05,0.03,0.01,True,False,0.85,0.01,"{""BCC_B2#1"": 0.9801802406183587, ""C15_LAVES#1"": 0.015070115912947784, ""FCC_L12#1"": 0.000695678805222954, ""HCP_A3#2"": 0.0016724974689854074, ""HCP_A3#3"": 0.002381467194485447}"
0.85,0.06,0.055,0.025,0.01,True,False,0.85,0.01,"{""BCC_B2#1"": 0.9805501966144953, ""C15_LAVES#1"": 0.014683687243794645, ""FCC_L12#1"": 0.0006962278715047081, ""HCP_A3#2"": 0.0016769237552819326, ""HCP_A3#3"": 0.0023929645149234147}"
0.85,0.06,0.06,0.02,0.01,True,False,0.85,0.01,"{""BCC_B2#1"": 0.9809536497619571, ""C15_LAVES#1"": 0.014263986155463858, ""FCC_L12#1"": 0.0006967830185281175, ""HCP_A3#2"": 0.0016808691880846006, ""HCP_A3#3"": 0.0024047118759661216}"
0.85,0.06,0.065,0.015,0.01,True,False,0.85,0.01,"{""BCC_B2#1"": 0.9813935747427357, ""C15_LAVES#1"": 0.013808249828803267, ""FCC_L12#1"": 0.0006973440152166191, ""HCP_A3#2"": 0.001684124975579291, ""HCP_A3#3"": 0.0024167064376647038}"
0.85,0.06,0.07,0.01,0.01,True,False,0.85,0.01,"{""BCC_B2#1"": 0.9818731924336861, ""C15_LAVES#1"": 0.013313536933394746, ""FCC_L12#1"": 0.0006979106920409653, ""HCP_A3#2"": 0.001686415004081857, ""HCP_A3#3"": 0.0024289449367965155}"
0.85,0.06,0.075,0.005,0.01,True,False,0.85,0.01,"{""BCC_B2#1"": 0.9823959796519582, ""C15_LAVES#1"": 0.012776739295089297, ""FCC_L12#1"": 0.000698482968353104, ""HCP_A3#2"": 0.001687374449328881, ""HCP_A3#3"": 0.0024414236352704975}"
0.85,0.06,0.08,0.0,0.01,True,False,0.85,0.01,"{""BCC_B2#1"": 0.9829656746402129, ""C15_LAVES#1"": 0.012194604598041427, ""FCC_L12#1"": 0.0006990608890810885, ""HCP_A3#2"": 0.0016865216100321477, ""HCP_A3#3"": 0.0024541382626323566}"
0.85,0.065,0.0,0.075,0.01,True,False,0.85,0.01,"{""BCC_B2#1"": 0.9759235510237603, ""C15_LAVES#1"": 0.020409793917656793, ""FCC_L12#1"": 0.0006917322651646131, ""HCP_A3#3"": 0.002271156656275957, ""ZRO2_MONO#1"": 0.0007037661371423944}"
0.85,0.065,0.005,0.07,0.01,True,False,0.85,0.01,"{""BCC_B2#1"": 0.9760694156181906, ""C15_LAVES#1"": 0.020254514971596582, ""FCC_L12#1"": 0.0006922198841722758, ""HCP_A3#3"": 0.002280277682676067, ""ZRO2_MONO#1"": 0.0007035718433643388}"
0.85,0.065,0.01,0.065,0.01,True,False,0.85,0.01,"{""BCC_B2#1"": 0.9762295151417352, ""C15_LAVES#1"": 0.02008473414817877, ""FCC_L12#1"": 0.0006927172696408903, ""HCP_A3#3"": 0.002289700263066886, ""ZRO2_MONO#1"": 0.000703333177378076}"
0.85,0.065,0.015,0.06,0.01,True,False,0.85,0.01,"{""BCC_B2#1"": 0.9781853731672627, ""C15_LAVES#1"": 0.017202237262810064, ""FCC_L12#1"": 0.0006910245172096824, ""HCP_A3#2"": 0.001627577768545584, ""HCP_A3#3"": 0.002293787284172015}"
0.85,0.065,0.02,0.055,0.01,True,False,0.85,0.01,"{""BCC_B2#1"": 0.9783822064438159, ""C15_LAVES#1"": 0.016990345400290856, ""FCC_L12#1"": 0.0006915290356239702, ""HCP_A3#2"": 0.0016324343015803719, ""HCP_A3#3"": 0.0023034848186890265}"
0.85,0.065,0.025,0.05,0.01,True,False,0.85,0.01,"{""BCC_B2#1"": 0.9785975453100271, ""C15_LAVES#1"": 0.016759640251729786, ""FCC_L12#1"": 0.0006920421768913494, ""HCP_A3#2"": 0.0016373292587164208, ""HCP_A3#3"": 0.0023134430026353924}"
0.85,0.065,0.03,0.045,0.01,True,False,0.85,0.01,"{""BCC_B2#1"": 0.9788330484705168, ""C15_LAVES#1"": 0.01650850199768253, ""FCC_L12#1"": 0.0006925636328955783, ""HCP_A3#2"": 0.0016422251912103652, ""HCP_A3#3"": 0.002323660707694788}"
0.85,0.065,0.035,0.04,0.01,True,False,0.85,0.01,"{""BCC_B2#1"": 0.9790905241419577, ""C15_LAVES#1"": 0.016235174212105154, ""FCC_L12#1"": 0.000693093092853371, ""HCP_A3#2"": 0.001647071955701591, ""HCP_A3#3"": 0.0023341365973822943}"
0.85,0.065,0.04,0.035,0.01,True,False,0.85,0.01,"{""BCC_B2#1"": 0.9793719431667501, ""C15_LAVES#1"": 0.015937754797625162, ""FCC_L12#1"": 0.0006936302473038652, ""HCP_A3#2"": 0.0016518026754457982, ""HCP_A3#3"": 0.0023448691128749493}"
0.85,0.065,0.045,0.03,0.01,True,False,0.85,0.01,"{""BCC_B2#1"": 0.9796794525638721, ""C15_LAVES#1"": 0.015614187761459977, ""FCC_L12#1"": 0.000694174793641728, ""HCP_A3#2"": 0.0016563284266875745, ""HCP_A3#3"": 0.0023558564543383334}"
0.85,0.065,0.05,0.025,0.01,True,False,0.85,0.01,"{""BCC_B2#1"": 0.9800153892540941, ""C15_LAVES#1"": 0.015262256495141712, ""FCC_L12#1"": 0.0006947264437391241, ""HCP_A3#2"": 0.0016605312496643162, ""HCP_A3#3"": 0.002367096557360796}"
0.85,0.065,0.055,0.02,0.01,True,False,0.85,0.01,"{""BCC_B2#1"": 0.9803822935714983, ""C15_LAVES#1"": 0.014879579471626055, ""FCC_L12#1"": 0.0006952849343665871, ""HCP_A3#2"": 0.0016642549584202466, ""HCP_A3#3"": 0.00237858706408894}"
0.85,0.065,0.06,0.015,0.01,True,False,0.85,0.01,"{""BCC_B2#1"": 0.9807829220023055, ""C15_LAVES#1"": 0.014463609608935437, ""FCC_L12#1"": 0.000695850041352772, ""HCP_A3#2"": 0.0016672930587354167, ""HCP_A3#3"": 0.0023903252886706564}"
0.85,0.065,0.065,0.01,0.01,True,False,0.85,0.01,"{""BCC_B2#1"": 0.9812202583595642, ""C15_LAVES#1"": 0.014011638998213897, ""FCC_L12#1"": 0.0006964215987259672, ""HCP_A3#2"": 0.0016693728668832392, ""HCP_A3#3"": 0.002402308176612779}"
0.85,0.065,0.07,0.005,0.01,True,False,0.85,0.01,"{""BCC_B2#1"": 0.9816975222873882, ""C15_LAVES#1"": 0.013520811293705269, ""FCC_L12#1"": 0.0006969995244831533, ""HCP_A3#2"": 0.0016701346367430788, ""HCP_A3#3"": 0.00241453225768024}"
0.85,0.065,0.075,0.0,0.01,True,False,0.85,0.01,"{""BCC_B2#1"": 0.9822181735625806, ""C15_LAVES#1"": 0.01298814486360735, ""FCC_L12#1"": 0.0006975838551624698, ""HCP_A3#2"": 0.001669104126704423, ""HCP_A3#3"": 0.002426993591945102}"
0.85,0.07,0.0,0.07,0.01,True,False,0.85,0.01,"{""BCC_B2#1"": 0.9758321885840364, ""C15_LAVES#1"": 0.020515093650974366, ""FCC_L12#1"": 0.0006907769773392346, ""HCP_A3#3"": 0.002258051220612426, ""ZRO2_MONO#1"": 0.0007038895670375219}"
0.85,0.07,0.005,0.065,0.01,True,False,0.85,0.01,"{""BCC_B2#1"": 0.9759747509023668, ""C15_LAVES#1"": 0.020363140002681537, ""FCC_L12#1"": 0.0006912691349523035, ""HCP_A3#3"": 0.002267143101450696, ""ZRO2_MONO#1"": 0.0007036968585487373}"
0.85,0.07,0.01,0.06,0.01,True,False,0.85,0.01,"{""BCC_B2#1"": 0.9761316489460604, ""C15_LAVES#1"": 0.020196593060273417, ""FCC_L12#1"": 0.0006917713863107086, ""HCP_A3#3"": 0.002276531212267005, ""ZRO2_MONO#1"": 0.0007034553950884151}"
0.85,0.07,0.015,0.055,0.01,True,False,0.85,0.01,"{""BCC_B2#1"": 0.9763042143998162, ""C15_LAVES#1"": 0.020014132997812868, ""FCC_L12#1"": 0.0006922834366819407, ""HCP_A3#3"": 0.0022862204687466438, ""ZRO2_MONO#1"": 0.0007031486969422519}"
0.85,0.07,0.02,0.05,0.01,True,False,0.85,0.01,"{""BCC_B2#1"": 0.97661225324234, ""C15_LAVES#1"": 0.01963493431739336, ""FCC_L12#1"": 0.0006926605894413251, ""HCP_A3#2"": 0.00010833023187844773, ""HCP_A3#3"": 0.002295864316358046, ""ZRO2_MONO#1"": 0.0006559573025888088}"
0.85,0.07,0.025,0.045,0.01,True,False,0.85,0.01,"{""BCC_B2#1"": 0.9784782031302227, ""C15_LAVES#1"": 0.01690112341215516, ""FCC_L12#1"": 0.0006911691970365407, ""HCP_A3#2"": 0.00162841105976385, ""HCP_A3#3"": 0.0023010932008218155}"
0.85,0.07,0.03,0.04,0.01,True,False,0.85,0.01,"{""BCC_B2#1"": 0.9787109701126339, ""C15_LAVES#1"": 0.016652941285121903, ""FCC_L12#1"": 0.0006916972410836928, ""HCP_A3#2"": 0.0016330622788174483, ""HCP_A3#3"": 0.002311329082343077}"
0.85,0.07,0.035,0.035,0.01,True,False,0.85,0.01,"{""BCC_B2#1"": 0.9789659053961723, ""C15_LAVES#1"": 0.01638243952256767, ""FCC_L12#1"": 0.0006922336511156264, ""HCP_A3#2"": 0.0016375993219984242, ""HCP_A3#3"": 0.0023218221081458762}"
0.85,0.07,0.04,0.03,0.01,True,False,0.85,0.01,"{""BCC_B2#1"": 0.9792450021988588, ""C15_LAVES#1"": 0.016087714328172294, ""FCC_L12#1"": 0.0006927781328146048, ""HCP_A3#2"": 0.0016419349096012446, ""HCP_A3#3"": 0.0023325704305531118}"
0.85,0.07,0.045,0.025,0.01,True,False,0.85,0.01,"{""BCC_B2#1"": 0.9795504295535337, ""C15_LAVES#1"": 0.015766714711856727, ""FCC_L12#1"": 0.0006933304057252678, ""HCP_A3#2"": 0.0016459533624017238, ""HCP_A3#3"": 0.002343571966482518}"
0.85,0.07,0.05,0.02,0.01,True,False,0.85,0.01,"{""BCC_B2#1"": 0.9798845448342204, ""C15_LAVES#1"": 0.015417238916256628, ""FCC_L12#1"": 0.0006938902130190186, ""HCP_A3#2"": 0.0016495016623879768, ""HCP_A3#3"": 0.0023548243741160074}"
0.85,0.07,0.055,0.015,0.01,True,False,0.85,0.01,"{""BCC_B2#1"": 0.9802499054922597, ""C15_LAVES#1"": 0.015036934429897342, ""FCC_L12#1"": 0.0006944573347446239, ""HCP_A3#2"": 0.0016523777193797411, ""HCP_A3#3"": 0.002366325023718679}"
0.85,0.07,0.06,0.01,0.01,True,False,0.85,0.01,"{""BCC_B2#1"": 0.9806492792397848, ""C15_LAVES#1"": 0.01462330321901151, ""FCC_L12#1"": 0.0006950316057459392, ""HCP_A3#2"": 0.0016543149733738098, ""HCP_A3#3"": 0.002378070962083905}"
0.85,0.07,0.065,0.005,0.01,True,False,0.85,0.01,"{""BCC_B2#1"": 0.981085651618118, ""C15_LAVES#1"": 0.014173714381207767, ""FCC_L12#1"": 0.0006956129397784162, ""HCP_A3#2"": 0.001654962190855905, ""HCP_A3#3"": 0.0023900588700399654}"
0.85,0.07,0.07,0.0,0.01,True,False,0.85,0.01,"{""BCC_B2#1"": 0.9815622294840409, ""C15_LAVES#1"": 0.013685427186156661, ""FCC_L12#1"": 0.0006962013618541967, ""HCP_A3#2"": 0.0016538569555803616, ""HCP_A3#3"": 0.002402285012367995}"
0.85,0.075,0.0,0.065,0.01,True,False,0.85,0.01,"{""BCC_B2#1"": 0.9757582625968031, ""C15_LAVES#1"": 0.02060111539587034, ""FCC_L12#1"": 0.0006899356916428658, ""HCP_A3#3"": 0.0022467165579414263, ""ZRO2_MONO#1"": 0.0007039697577425098}"
0.85,0.075,0.005,0.06,0.01,True,False,0.85,0.01,"{""BCC_B2#1"": 0.9758982965931253, ""C15_LAVES#1"": 0.020451695698785882, ""FCC_L12#1"": 0.0006904319992241056, ""HCP_A3#3"": 0.0022558038866751476, ""ZRO2_MONO#1"": 0.0007037718221894886}"
0.85,0.075,0.01,0.055,0.01,True,False,0.85,0.01,"{""BCC_B2#1"": 0.9760528216812815, ""C15_LAVES#1"": 0.020287535995734747, ""FCC_L12#1"": 0.0006909386965415188, ""HCP_A3#3"": 0.002265183671222855, ""ZRO2_MONO#1"": 0.0007035199552194762}"
0.85,0.075,0.015,0.05,0.01,True,False,0.85,0.01,"{""BCC_B2#1"": 0.9762231952958034, ""C15_LAVES#1"": 0.020107294270811156, ""FCC_L12#1"": 0.0006914554787689553, ""HCP_A3#3"": 0.0022748599190384115, ""ZRO2_MONO#1"": 0.0007031950355781529}"
0.85,0.075,0.02,0.045,0.01,True,False,0.85,0.01,"{""BCC_B2#1"": 0.9764109034123715, ""C15_LAVES#1"": 0.0199095066525485, ""FCC_L12#1"": 0.0006919820239055405, ""HCP_A3#3"": 0.002284837233092138, ""ZRO2_MONO#1"": 0.000702770678082075}"
0.85,0.075,0.025,0.04,0.01,True,False,0.85,0.01,"{""BCC_B2#1"": 0.9766175739024825, ""C15_LAVES#1"": 0.01969257591727899, ""FCC_L12#1"": 0.0006925179900905113, ""HCP_A3#2"": 0.002295120918962158, ""ZRO2_MONO#1"": 0.000702211271185583}"
0.85,0.075,0.03,0.035,0.01,True,False,0.85,0.01,"{""BCC_B2#1"": 0.9786130589960527, ""C15_LAVES#1"": 0.01677041772741029, ""FCC_L12#1"": 0.000690935478256814, ""HCP_A3#2"": 0.0023007183069114925, ""HCP_A3#3"": 0.0016248694913685794}"
0.85,0.075,0.035,0.03,0.01,True,False,0.85,0.01,"{""BCC_B2#1"": 0.978866524095351, ""C15_LAVES#1"": 0.016501710394609976, ""FCC_L12#1"": 0.0006914782690713767, ""HCP_A3#2"": 0.0023112428700281856, ""HCP_A3#3"": 0.0016290443709391735}"
0.85,0.075,0.04,0.025,0.01,True,False,0.85,0.01,"{""BCC_B2#1"": 0.9791444275715269, ""C15_LAVES#1"": 0.016208608675593778, ""FCC_L12#1"": 0.0006920294872551486, ""HCP_A3#2"": 0.0023220214478207207, ""HCP_A3#3"": 0.001632912817803292}"
0.85,0.075,0.045,0.02,0.01,True,False,0.85,0.01,"{""BCC_B2#1"": 0.9794489599834431, ""C15_LAVES#1"": 0.015889073097327407, ""FCC_L12#1"": 0.0006925888791578728, ""HCP_A3#2"": 0.002333051642993623, ""HCP_A3#3"": 0.0016363263970777273}"
0.85,0.075,0.05,0.015,0.01,True,False,0.85,0.01,"{""BCC_B2#1"": 0.9797824972522402, ""C15_LAVES#1"": 0.015540926488773355, ""FCC_L12#1"": 0.000693156225913018, ""HCP_A3#2"": 0.0023443308021903393, ""HCP_A3#3"": 0.0016390892308828305}"
0.85,0.075,0.055,0.01,0.01,True,False,0.85,0.01,"{""BCC_B2#1"": 0.9801476100690574, ""C15_LAVES#1"": 0.015161859399162746, ""FCC_L12#1"": 0.0006937313601072933, ""HCP_A3#2"": 0.0023558559854924533, ""HCP_A3#3"": 0.001640943186180305}"
0.85,0.075,0.06,0.005,0.01,True,False,0.85,0.01,"{""BCC_B2#1"": 0.98054707078418, ""C15_LAVES#1"": 0.014749442632536356, ""FCC_L12#1"": 0.0006943141881748505, ""HCP_A3#2"": 0.0023676239286445737, ""HCP_A3#3"": 0.0016415484664643076}"
0.85,0.075,0.065,0.0,0.01,True,False,0.85,0.01,"{""BCC_B2#1"": 0.9809838563842812, ""C15_LAVES#1"": 0.01430114971585513, ""FCC_L12#1"": 0.0006949047204640502, ""HCP_A3#2"": 0.0023796309971635156, ""HCP_A3#3"": 0.0016404581822358289}"
0.85,0.08,0.0,0.06,0.01,True,False,0.85,0.01,"{""BCC_B2#1"": 0.9756990900793123, ""C15_LAVES#1"": 0.02067081970104344, ""FCC_L12#1"": 0.0006891946272330257, ""HCP_A3#2"": 0.002236880161405176, ""ZRO2_MONO#1"": 0.0007040154310057916}"
0.85,0.08,0.005,0.055,0.01,True,False,0.85,0.01,"{""BCC_B2#1"": 0.9758372707524866, ""C15_LAVES#1"": 0.020523245046663037, ""FCC_L12#1"": 0.0006896947579961324, ""HCP_A3#2"": 0.002245982403965093, ""ZRO2_MONO#1"": 0.000703807038889232}"
0.85,0.08,0.01,0.05,0.01,True,False,0.85,0.01,"{""BCC_B2#1"": 0.9759901484213818, ""C15_LAVES#1"": 0.020360733847345623, ""FCC_L12#1"": 0.0006902055493418283, ""HCP_A3#2"": 0.002255374487053657, ""ZRO2_MONO#1"": 0.0007035376948771483}"
0.85,0.08,0.015,0.045,0.01,True,False,0.85,0.01,"{""BCC_B2#1"": 0.9761591096458384, ""C15_LAVES#1"": 0.020181918626894134, ""FCC_L12#1"": 0.0006907266833339377, ""HCP_A3#2"": 0.002265059620803639, ""ZRO2_MONO#1"": 0.0007031854231299143}"
0.85,0.08,0.02,0.04,0.01,True,False,0.85,0.01,"{""BCC_B2#1"": 0.9763456743269439, ""C15_LAVES#1"": 0.019985307921202136, ""FCC_L12#1"": 0.0006912578258953187, ""HCP_A3#2"": 0.0022750415428698105, ""ZRO2_MONO#1"": 0.0007027183830886991}"
0.85,0.08,0.025,0.035,0.01,True,False,0.85,0.01,"{""BCC_B2#1"": 0.9765515064601199, ""C15_LAVES#1"": 0.01976927475676331, ""FCC_L12#1"": 0.0006917986215990554, ""HCP_A3#2"": 0.0022853246051312464, ""ZRO2_MONO#1"": 0.00070209555638668}"
0.85,0.08,0.03,0.03,0.01,True,False,0.85,0.01,"{""BCC_B2#1"": 0.9767784358250119, ""C15_LAVES#1"": 0.019532044880596094, ""FCC_L12#1"": 0.0006923486942475996, ""HCP_A3#2"": 0.002295913885374777, ""ZRO2_MONO#1"": 0.0007012567147693514}"
0.85,0.08,0.035,0.025,0.01,True,False,0.85,0.01,"{""BCC_B2#1"": 0.9781600702724612, ""C15_LAVES#1"": 0.017552289769528197, ""FCC_L12#1"": 0.0006915607340957907, ""HCP_A3#2"": 0.0023037733241790355, ""HCP_A3#3"": 0.0010417841113063648, ""ZRO2_MONO#1"": 0.00025052178842935443}"
0.85,0.08,0.04,0.02,0.01,True,False,0.85,0.01,"{""BCC_B2#1"": 0.979066384336864, ""C15_LAVES#1"": 0.016304778240142755, ""FCC_L12#1"": 0.000691372188877864, ""HCP_A3#2"": 0.00231296902743498, ""HCP_A3#3"": 0.001624496206680508}"
0.85,0.08,0.045,0.015,0.01,True,False,0.85,0.01,"{""BCC_B2#1"": 0.9793710560675707, ""C15_LAVES#1"": 0.01598577778496164, ""FCC_L12#1"": 0.0006919382245238261, ""HCP_A3#2"": 0.002324040405522048, ""HCP_A3#3"": 0.0016271875174216355}"
0.85,0.08,0.05,0.01,0.01,True,False,0.85,0.01,"{""BCC_B2#1"": 0.9797050944681123, ""C15_LAVES#1"": 0.015638025482687456, ""FCC_L12#1"": 0.0006925126356873211, ""HCP_A3#2"": 0.002335358821171677, ""HCP_A3#3"": 0.0016290085923415351}"
0.85,0.08,0.055,0.005,0.01,True,False,0.85,0.01,"{""BCC_B2#1"": 0.9800710776829663, ""C15_LAVES#1"": 0.015259272541903847, ""FCC_L12#1"": 0.0006930953182818542, ""HCP_A3#2"": 0.0023469209855474776, ""HCP_A3#3"": 0.0016296334713004203}"
0.85,0.08,0.06,0.0,0.01,True,False,0.85,0.01,"{""BCC_B2#1"": 0.9804717736477205, ""C15_LAVES#1"": 0.014847182994153087, ""FCC_L12#1"": 0.0006936862649028005, ""HCP_A3#2"": 0.002358723278500731, ""HCP_A3#3"": 0.0016286338147230598}"
0.85,0.085,0.0,0.055,0.01,True,False,0.85,0.01,"{""BCC_B2#1"": 0.9756525348110882, ""C15_LAVES#1"": 0.020726566612551386, ""FCC_L12#1"": 0.000688541966953133, ""HCP_A3#2"": 0.0022283239670297978, ""ZRO2_MONO#1"": 0.000704032642377647}"
0.85,0.085,0.005,0.05,0.01,True,False,0.85,0.01,"{""BCC_B2#1"": 0.975789459278321, ""C15_LAVES#1"": 0.020580228999075925, ""FCC_L12#1"": 0.0006890456524935168, ""HCP_A3#2"": 0.0022374569931884318, ""ZRO2_MONO#1"": 0.0007038090769211638}"
0.85,0.085,0.01,0.045,0.01,True,False,0.85,0.01,"{""BCC_B2#1"": 0.9759413338778156, ""C15_LAVES#1"": 0.020418712791892342, ""FCC_L12#1"": 0.0006895602485524887, ""HCP_A3#2"": 0.002246878141731067, ""ZRO2_MONO#1"": 0.0007035149400084979}"
0.85,0.085,0.015,0.04,0.01,True,False,0.85,0.01,"{""BCC_B2#1"": 0.9761095775295279, ""C15_LAVES#1"": 0.020240622031113112, ""FCC_L12#1"": 0.000690085421112731, ""HCP_A3#2"": 0.002256589899429186, ""ZRO2_MONO#1"": 0.0007031251188171853}"
0.85,0.085,0.02,0.035,0.01,True,False,0.85,0.01,"{""BCC_B2#1"": 0.9762957449969487, ""C15_LAVES#1"": 0.020044434577181, ""FCC_L12#1"": 0.0006906208193989585, ""HCP_A3#2"": 0.0022665952228246382, ""ZRO2_MONO#1"": 0.0007026043836465889}"
0.85,0.085,0.025,0.03,0.01,True,False,0.85,0.01,"{""BCC_B2#1"": 0.9765015444846943, ""C15_LAVES#1"": 0.01982849055519238, ""FCC_L12#1"": 0.0006911660746042661, ""HCP_A3#2"": 0.002276897627500658, ""ZRO2_MONO#1"": 0.0007019012580083565}"
0.85,0.085,0.03,0.025,0.01,True,False,0.85,0.01,"{""BCC_B2#1"": 0.9767288503336959, ""C15_LAVES#1"": 0.01959098074786862, ""FCC_L12#1"": 0.0006917207931993478, ""HCP_A3#2"": 0.002287501262216022, ""ZRO2_MONO#1"": 0.0007009468630200332}"
0.85,0.085,0.035,0.02,0.01,True,False,0.85,0.01,"{""BCC_B2#1"": 0.9769797264479754, ""C15_LAVES#1"": 0.019329935750468475, ""FCC_L12#1"": 0.0006922845555295279, ""HCP_A3#2"": 0.0022984110009451153, ""ZRO2_MONO#1"": 0.0006996422450815086}"
0.85,0.085,0.04,0.015,0.01,True,False,0.85,0.01,"{""BCC_B2#1"": 0.9782909892397306, ""C15_LAVES#1"": 0.01746983706051366, ""FCC_L12#1"": 0.0006916380229437731, ""HCP_A3#2"": 0.0023069762692408944, ""HCP_A3#3"": 0.0009544296545282685, ""ZRO2_MONO#1"": 0.00028612975304282865}"
0.85,0.085,0.045,0.01,0.01,True,False,0.85,0.01,"{""BCC_B2#1"": 0.9793135073019547, ""C15_LAVES#1"": 0.016060492419965794, ""FCC_L12#1"": 0.0006913681758846404, ""HCP_A3#2"": 0.0023163308910890508, ""HCP_A3#3"": 0.0016183012111057903}"
0.85,0.085,0.05,0.005,0.01,True,False,0.85,0.01,"{""BCC_B2#1"": 0.9796489866758323, ""C15_LAVES#1"": 0.015712368360724434, ""FCC_L12#1"": 0.0006919493024292984, ""HCP_A3#2"": 0.002327699564532022, ""HCP_A3#3"": 0.0016189960964814352}"
0.85,0.085,0.055,0.0,0.01,True,False,0.85,0.01,"{""BCC_B2#1"": 0.9800168060799942, ""C15_LAVES#1"": 0.015333196383120772, ""FCC_L12#1"": 0.0006925392069602706, ""HCP_A3#2"": 0.002339309646605044, ""HCP_A3#3"": 0.001618148683319992}"
0.85,0.09,0.0,0.05,0.01,True,False,0.85,0.01,"{""BCC_B2#1"": 0.97561688078706, ""C15_LAVES#1"": 0.020770254908342205, ""FCC_L12#1"": 0.0006879675488134166, ""HCP_A3#2"": 0.002220871067736196, ""ZRO2_MONO#1"": 0.0007040256880481612}"
0.85,0.09,0.005,0.045,0.01,True,False,0.85,0.01,"{""BCC_B2#1"": 0.9757530854084793, ""C15_LAVES#1"": 0.02062461101711767, ""FCC_L12#1"": 0.0006884745747835675, ""HCP_A3#2"": 0.002230048157385601, ""ZRO2_MONO#1"": 0.0007037808422337397}"
0.85,0.09,0.01,0.04,0.01,True,False,0.85,0.01,"{""BCC_B2#1"": 0.975904535445266, ""C15_LAVES#1"": 0.020463504481622135, ""FCC_L12#1"": 0.0006889927414990603, ""HCP_A3#2"": 0.002239512362429656, ""ZRO2_MONO#1"": 0.0007034549691831583}"
0.85,0.09,0.015,0.035,0.01,True,False,0.85,0.01,"{""BCC_B2#1"": 0.9760726862854149, ""C15_LAVES#1"": 0.020285508011328574, ""FCC_L12#1"": 0.0006895216965835492, ""HCP_A3#2"": 0.0022492654968604216, ""ZRO2_MONO#1"": 0.0007030185098127656}"
0.85,0.09,0.02,0.03,0.01,True,False,0.85,0.01,"{""BCC_B2#1"": 0.9762591329256665, ""C15_LAVES#1"": 0.020089065989390753, ""FCC_L12#1"": 0.0006900610711897574, ""HCP_A3#2"": 0.0022593098013159022, ""ZRO2_MONO#1"": 0.0007024302124370944}"
0.85,0.09,0.025,0.025,0.01,True,False,0.85,0.01,"{""BCC_B2#1"": 0.9764656292737283, ""C15_LAVES#1"": 0.019872482779780126, ""FCC_L12#1"": 0.0006906104788528355, ""HCP_A3#2"": 0.002269648023622714, ""ZRO2_MONO#1"": 0.0007016294440160181}"
0.85,0.09,0.03,0.02,0.01,True,False,0.85,0.01,"{""BCC_B2#1"": 0.9766941016097677, ""C15_LAVES#1"": 0.019633911568818975, ""FCC_L12#1"": 0.000691169508285094, ""HCP_A3#2"": 0.0022802834789118947, ""ZRO2_MONO#1"": 0.0007005338342161644}"
0.85,0.09,0.035,0.015,0.01,True,False,0.85,0.01,"{""BCC_B2#1"": 0.9769466698893375, ""C15_LAVES#1"": 0.01937134414682589, ""FCC_L12#1"": 0.0006917377191344406, ""HCP_A3#2"": 0.0022912201149332145, ""ZRO2_MONO#1"": 0.0006990281297688586}"
0.85,0.09,0.04,0.01,0.01,True,False,0.85,0.01,"{""BCC_B2#1"": 0.9772256704175407, ""C15_LAVES#1"": 0.019082602864121126, ""FCC_L12#1"": 0.0006923146358404195, ""HCP_A3#2"": 0.0023024625617785923, ""ZRO2_MONO#1"": 0.0006969495207189654}"
0.85,0.09,0.045,0.005,0.01,True,False,0.85,0.01,"{""BCC_B2#1"": 0.9790837947099932, ""C15_LAVES#1"": 0.016405335973828608, ""FCC_L12#1"": 0.000691090922160774, ""HCP_A3#2"": 0.002310201460340591, ""HCP_A3#3"": 0.0014336209657344503, ""ZRO2_MONO#1"": 7.595596794246735e-05}"
0.85,0.09,0.05,0.0,0.01,True,False,0.85,0.01,"{""BCC_B2#1"": 0.979611437456981, ""C15_LAVES#1"": 0.01576712326290693, ""FCC_L12#1"": 0.0006914575186842427, ""HCP_A3#2"": 0.0023211815807733524, ""HCP_A3#3"": 0.0016088001806546057}"
0.85,0.095,0.0,0.045,0.01,True,False,0.85,0.01,"{""BCC_B2#1"": 0.9755907394098543, ""C15_LAVES#1"": 0.02080342555359892, ""FCC_L12#1"": 0.0006874626078604106, ""HCP_A3#2"": 0.0022143762461842575, ""ZRO2_MONO#1"": 0.00070399618250231}"
0.85,0.095,0.005,0.04,0.01,True,False,0.85,0.01,"{""BCC_B2#1"": 0.9757267104298617, ""C15_LAVES#1"": 0.02065798434786637, ""FCC_L12#1"": 0.0006879728070692613, ""HCP_A3#2"": 0.0022236087654489345, ""ZRO2_MONO#1"": 0.000703723649753584}"
0.85,0.095,0.01,0.035,0.01,True,False,0.85,0.01,"{""BCC_B2#1"": 0.9758782617975967, ""C15_LAVES#1"": 0.02049675732480783, ""FCC_L12#1"": 0.0006884943591160329, ""HCP_A3#2"": 0.002233127975644749, ""ZRO2_MONO#1"": 0.0007033585428347497}"
0.85,0.095,0.015,0.03,0.01,True,False,0.85,0.01,"{""BCC_B2#1"": 0.9760468897291565, ""C15_LAVES#1"": 0.020318283185992107, ""FCC_L12#1"": 0.0006890268913149121, ""HCP_A3#2"": 0.0022429350511026986, ""ZRO2_MONO#1"": 0.0007028651424337341}"
0.85,0.095,0.02,0.025,0.01,True,False,0.85,0.01,"{""BCC_B2#1"": 0.9762342344254202, ""C15_LAVES#1"": 0.02012097021246333, ""FCC_L12#1"": 0.0006895700151879193, ""HCP_A3#2"": 0.0022530315600146154, ""ZRO2_MONO#1"": 0.0007021937869141746}"
0.85,0.095,0.025,0.02,0.01,True,False,0.85,0.01,"{""BCC_B2#1"": 0.9764420972386377, ""C15_LAVES#1"": 0.01990308454387565, ""FCC_L12#1"": 0.0006901233226635675, ""HCP_A3#2"": 0.002263419527813072, ""ZRO2_MONO#1"": 0.0007012753670099567}"
0.85,0.095,0.03,0.015,0.01,True,False,0.85,0.01,"{""BCC_B2#1"": 0.9766724607713105, ""C15_LAVES#1"": 0.019662739449140917, ""FCC_L12#1"": 0.0006906863822317659, ""HCP_A3#2"": 0.0022741014960124713, ""ZRO2_MONO#1"": 0.0007000119013043935}"
0.85,0.095,0.035,0.01,0.01,True,False,0.85,0.01,"{""BCC_B2#1"": 0.9769275077468303, ""C15_LAVES#1"": 0.01939788617196973, ""FCC_L12#1"": 0.0006912587316005855, ""HCP_A3#2"": 0.0022850805607654663, ""ZRO2_MONO#1"": 0.0006982667888336425}"
0.85,0.095,0.04,0.005,0.01,True,False,0.85,0.01,"{""BCC_B2#1"": 0.9772096428567038, ""C15_LAVES#1"": 0.01910630729158454, ""FCC_L12#1"": 0.0006918398690778456, ""HCP_A3#2"": 0.002296360390782227, ""ZRO2_MONO#1"": 0.0006958495918515566}"
0.85,0.095,0.045,0.0,0.01,True,False,0.85,0.01,"{""BCC_B2#1"": 0.9775215196973861, ""C15_LAVES#1"": 0.018785615455652355, ""FCC_L12#1"": 0.00069242924502851, ""HCP_A3#2"": 0.002307945218653429, ""ZRO2_MONO#1"": 0.000692490383279595}"
0.85,0.1,0.0,0.04,0.01,True,False,0.85,0.01,"{""BCC_B2#1"": 0.9755729769145413, ""C15_LAVES#1"": 0.020827339301937406, ""FCC_L12#1"": 0.000687019558538699, ""HCP_A3#2"": 0.0022087190577225564, ""ZRO2_MONO#1"": 0.000703945167259928}"
0.85,0.1,0.005,0.035,0.01,True,False,0.85,0.01,"{""BCC_B2#1"": 0.9757091581508472, ""C15_LAVES#1"": 0.02068165252285338, ""FCC_L12#1"": 0.0006875328038189888, ""HCP_A3#2"": 0.002218016929267597, ""ZRO2_MONO#1"": 0.0007036395932130332}"
0.85,0.1,0.01,0.03,0.01,True,False,0.85,0.01,"{""BCC_B2#1"": 0.9758612949286254, ""C15_LAVES#1"": 0.02051981983951532, ""FCC_L12#1"": 0.0006880575984649903, ""HCP_A3#2"": 0.002227601562050257, ""ZRO2_MONO#1"": 0.0007032260713440063}"
0.85,0.1,0.015,0.025,0.01,True,False,0.85,0.01,"{""BCC_B2#1"": 0.9760309253576783, ""C15_LAVES#1"": 0.020340343683245294, ""FCC_L12#1"": 0.000688593545528845, ""HCP_A3#2"": 0.0022374735039109037, ""ZRO2_MONO#1"": 0.0007026639096367235}"
0.85,0.1,0.02,0.02,0.01,True,False,0.85,0.01,"{""BCC_B2#1"": 0.9762197387912169, ""C15_LAVES#1"": 0.020141593766115212, ""FCC_L12#1"": 0.0006891402347177232, ""HCP_A3#2"": 0.0022476336762956815, ""ZRO2_MONO#1"": 0.0007018935316543228}"
0.85,0.1,0.025,0.015,0.01,True,False,0.85,0.01,"{""BCC_B2#1"": 0.9764295892769241, ""C15_LAVES#1"": 0.01992179581305265, ""FCC_L12#1"": 0.0006896972349409172, ""HCP_A3#2"": 0.002258083417683114, ""ZRO2_MONO#1"": 0.0007008342573988169}"
0.85,0.1,0.03,0.01,0.01,True,False,0.85,0.01,"{""BCC_B2#1"": 0.9766625184415227, ""C15_LAVES#1"": 0.019679021376866813, ""FCC_L12#1"": 0.0006902640909547214, ""HCP_A3#2"": 0.002268824531631021, ""ZRO2_MONO#1"": 0.0006993715590244035}"
0.85,0.1,0.035,0.005,0.01,True,False,0.85,0.01,"{""BCC_B2#1"": 0.976920776801884, ""C15_LAVES#1"": 0.019411179783275972, ""FCC_L12#1"": 0.0006908403159998124, ""HCP_A3#2"": 0.0022798593079379537, ""ZRO2_MONO#1"": 0.0006973437909022813}"
0.85,0.1,0.04,0.0,0.01,True,False,0.85,0.01,"{""BCC_B2#1"": 0.9772068437976381, ""C15_LAVES#1"": 0.019116013684714446, ""FCC_L12#1"": 0.0006914253800382816, ""HCP_A3#2"": 0.0022911905061843425, ""ZRO2_MONO#1"": 0.000694526631424572}"
0.85,0.105,0.0,0.035,0.01,True,False,0.85,0.01,"{""BCC_B2#1"": 0.9755626621918684, ""C15_LAVES#1"": 0.02084303558533907, ""FCC_L12#1"": 0.0006866318155062016, ""HCP_A3#2"": 0.002203798687873063, ""ZRO2_MONO#1"": 0.0007038717194132231}"
0.85,0.105,0.005,0.03,0.01,True,False,0.85,0.01,"{""BCC_B2#1"": 0.9756994656206234, ""C15_LAVES#1"": 0.020696690069482937, ""FCC_L12#1"": 0.0006871480160418283, ""HCP_A3#2"": 0.002213170737089004, ""ZRO2_MONO#1"": 0.0007035255567627822}"
0.85,0.105,0.01,0.025,0.01,True,True,0.85,0.01,{}
0.85,0.105,0.015,0.02,0.01,True,False,0.85,0.01,"{""BCC_B2#1"": 0.9760237579053775, ""C15_LAVES#1"": 0.020352840674149015, ""FCC_L12#1"": 0.0006882151815343673, ""HCP_A3#2"": 0.002232776525702455, ""ZRO2_MONO#1"": 0.0007024097132364705}"
0.85,0.105,0.02,0.015,0.01,True,False,0.85,0.01,"{""BCC_B2#1"": 0.9762145721658966, ""C15_LAVES#1"": 0.020152129564849176, ""FCC_L12#1"": 0.0006887652885017809, ""HCP_A3#2"": 0.002243010481763584, ""ZRO2_MONO#1"": 0.0007015224989888201}"
0.85,0.105,0.025,0.01,0.01,True,False,0.85,0.01,"{""BCC_B2#1"": 0.9764269909431054, ""C15_LAVES#1"": 0.01992985397680758, ""FCC_L12#1"": 0.000689325811238598, ""HCP_A3#2"": 0.0022535325812299187, ""ZRO2_MONO#1"": 0.0007002966876186094}"
0.85,0.105,0.03,0.005,0.01,True,False,0.85,0.01,"{""BCC_B2#1"": 0.9766631188380575, ""C15_LAVES#1"": 0.01968404234254482, ""FCC_L12#1"": 0.0006898962681262338, ""HCP_A3#2"": 0.002264343911932675, ""ZRO2_MONO#1"": 0.0006985986393386036}"
0.85,0.105,0.035,0.0,0.01,True,False,0.85,0.01,"{""BCC_B2#1"": 0.9769252781530651, ""C15_LAVES#1"": 0.01941256140211198, ""FCC_L12#1"": 0.0006904761447076484, ""HCP_A3#2"": 0.002275445981045063, ""ZRO2_MONO#1"": 0.0006962383190701056}"
0.85,0.11,0.0,0.03,0.01,True,False,0.85,0.01,"{""BCC_B2#1"": 0.9755590236923232, ""C15_LAVES#1"": 0.02085137750837106, ""FCC_L12#1"": 0.0006862936420784001, ""HCP_A3#2"": 0.0021995300536642908, ""ZRO2_MONO#1"": 0.0007037751035632047}"
0.85,0.11,0.005,0.025,0.01,True,False,0.85,0.01,"{""BCC_B2#1"": 0.9756968323732582, ""C15_LAVES#1"": 0.020703989534032647, ""FCC_L12#1"": 0.0006868127360809417, ""HCP_A3#2"": 0.0022089842522744017, ""ZRO2_MONO#1"": 0.0007033811043536694}"
0.85,0.11,0.01,0.02,0.01,True,False,0.85,0.01,"{""BCC_B2#1"": 0.9758514559922659, ""C15_LAVES#1"": 0.020539632813337674, ""FCC_L12#1"": 0.0006873437229398603, ""HCP_A3#2"": 0.0022187265691403905, ""ZRO2_MONO#1"": 0.0007028409023162398}"
0.85,0.11,0.015,0.015,0.01,True,False,0.85,0.01,"{""BCC_B2#1"": 0.9760245282877703, ""C15_LAVES#1"": 0.0203567304019646, ""FCC_L12#1"": 0.0006878861514946156, ""HCP_A3#2"": 0.002228756317041927, ""ZRO2_MONO#1"": 0.0007020988417284149}"
0.85,0.11,0.02,0.01,0.01,True,False,0.85,0.01,"{""BCC_B2#1"": 0.9762178453945889, ""C15_LAVES#1"": 0.020153568822929895, ""FCC_L12#1"": 0.0006884395596850618, ""HCP_A3#2"": 0.0022390731504549908, ""ZRO2_MONO#1"": 0.0007010730723411353}"
0.85,0.11,0.025,0.005,0.01,True,False,0.85,0.01,"{""BCC_B2#1"": 0.976433379452286, ""C15_LAVES#1"": 0.019928287726507343, ""FCC_L12#1"": 0.0006890034643729123, ""HCP_A3#2"": 0.0022496770817345135, ""ZRO2_MONO#1"": 0.0006996522750990501}"
0.85,0.11,0.03,0.0,0.01,True,False,0.85,0.01,"{""BCC_B2#1"": 0.9766733051835429, ""C15_LAVES#1"": 0.019678871418620493, ""FCC_L12#1"": 0.000689577357106639, ""HCP_A3#2"": 0.002260568499111079, ""ZRO2_MONO#1"": 0.0006976775416189167}"
0.85,0.115,0.0,0.025,0.01,True,False,0.85,0.01,"{""BCC_B2#1"": 0.975561419309022, ""C15_LAVES#1"": 0.02085308665097689, ""FCC_L12#1"": 0.0006860000261678364, ""HCP_A3#2"": 0.0021958408186441877, ""ZRO2_MONO#1"": 0.0007036531951891185}"
0.85,0.115,0.005,0.02,0.01,True,False,0.85,0.01,"{""BCC_B2#1"": 0.9757005943508698, ""C15_LAVES#1"": 0.020704297024757057, ""FCC_L12#1"": 0.000686521977313858, ""HCP_A3#2"": 0.002205384476640801, ""ZRO2_MONO#1"": 0.0007032021704185671}"
0.85,0.115,0.01,0.015,0.01,True,False,0.85,0.01,"{""BCC_B2#1"": 0.9758570657054925, ""C15_LAVES#1"": 0.02053807896580095, ""FCC_L12#1"": 0.0006870559674254532, ""HCP_A3#2"": 0.0022152174489974566, ""ZRO2_MONO#1"": 0.0007025819122835726}"
0.85,0.115,0.015,0.01,0.01,True,False,0.85,0.01,"{""BCC_B2#1"": 0.9760325227621706, ""C15_LAVES#1"": 0.020352812872273154, ""FCC_L12#1"": 0.0006876015170609588, ""HCP_A3#2"": 0.002225338429530764, ""ZRO2_MONO#1"": 0.0007017244189645236}"
0.85,0.115,0.02,0.005,0.01,True,False,0.85,0.01,"{""BCC_B2#1"": 0.9762288179565586, ""C15_LAVES#1"": 0.0201467412227301, ""FCC_L12#1"": 0.0006881581335379762, ""HCP_A3#2"": 0.0022357464327670586, ""ZRO2_MONO#1"": 0.0007005362544058847}"
0.85,0.115,0.025,0.0,0.01,True,False,0.85,0.01,"{""BCC_B2#1"": 0.9764479894249325, ""C15_LAVES#1"": 0.019917958707517308, ""FCC_L12#1"": 0.0006887253051961529, ""HCP_A3#2"": 0.002246440813217326, ""ZRO2_MONO#1"": 0.000698885749136587}"
0.85,0.12,0.0,0.02,0.01,True,False,0.85,0.01,"{""BCC_B2#1"": 0.9755693097554586, ""C15_LAVES#1"": 0.0208487700961586, ""FCC_L12#1"": 0.0006857465743131905, ""HCP_A3#2"": 0.002192669066582629, ""ZRO2_MONO#1"": 0.0007035045074869534}"
0.85,0.12,0.005,0.015,0.01,True,False,0.85,0.01,"{""BCC_B2#1"": 0.9757101931446583, ""C15_LAVES#1"": 0.02069824055461011, ""FCC_L12#1"": 0.0006862713666028938, ""HCP_A3#2"": 0.002202308974378412, ""ZRO2_MONO#1"": 0.0007029859597500351}"
0.85,0.12,0.01,0.01,0.01,True,False,0.85,0.01,"{""BCC_B2#1"": 0.9758688896834774, ""C15_LAVES#1"": 0.020529792441290974, ""FCC_L12#1"": 0.0006868083276908928, ""HCP_A3#2"": 0.0022122397008810775, ""ZRO2_MONO#1"": 0.0007022698466598649}"
0.85,0.12,0.015,0.005,0.01,True,False,0.85,0.01,"{""BCC_B2#1"": 0.9760471434786389, ""C15_LAVES#1"": 0.020341761953814305, ""FCC_L12#1"": 0.0006873569450675894, ""HCP_A3#2"": 0.002222459298710237, ""ZRO2_MONO#1"": 0.000701278323768901}"
0.85,0.12,0.02,0.0,0.01,True,False,0.85,0.01,"{""BCC_B2#1"": 0.9762468707063834, ""C15_LAVES#1"": 0.02013234613944464, ""FCC_L12#1"": 0.0006879166961076806, ""HCP_A3#2"": 0.00223296614073968, ""ZRO2_MONO#1"": 0.0006999003173248643}"
0.85,0.125,0.0,0.015,0.01,True,False,0.85,0.01,"{""BCC_B2#1"": 0.9755822424771281, ""C15_LAVES#1"": 0.020838941744638812, ""FCC_L12#1"": 0.0006855294263425539, ""HCP_A3#3"": 0.0021899614852658364, ""ZRO2_MONO#1"": 0.0007033248666249054}"
0.85,0.125,0.005,0.01,0.01,True,False,0.85,0.01,"{""BCC_B2#1"": 0.9757251595312747, ""C15_LAVES#1"": 0.02068635192688138, ""FCC_L12#1"": 0.0006860570595647243, ""HCP_A3#2"": 0.002199704024919186, ""ZRO2_MONO#1"": 0.0007027274573603632}"
0.85,0.125,0.01,0.005,0.01,True,False,0.85,0.01,"{""BCC_B2#1"": 0.9758864398809943, ""C15_LAVES#1"": 0.020515324148157304, ""FCC_L12#1"": 0.000686596973443115, ""HCP_A3#2"": 0.0022097391710491827, ""ZRO2_MONO#1"": 0.0007018998263562384}"
0.85,0.125,0.015,0.0,0.01,True,False,0.85,0.01,"{""BCC_B2#1"": 0.9760678872535606, ""C15_LAVES#1"": 0.020324148978309333, ""FCC_L12#1"": 0.000687148621707407, ""HCP_A3#2"": 0.002220064320284081, ""ZRO2_MONO#1"": 0.0007007508261383398}"
0.85,0.13,0.0,0.01,0.01,True,False,0.85,0.01,"{""BCC_B2#1"": 0.9755998331591892, ""C15_LAVES#1"": 0.020824039047552315, ""FCC_L12#1"": 0.000685345179521107, ""HCP_A3#2"": 0.002187671913261812, ""ZRO2_MONO#1"": 0.0007031107004759371}"
0.85,0.13,0.005,0.005,0.01,True,False,0.85,0.01,"{""BCC_B2#1"": 0.9757450960499668, ""C15_LAVES#1"": 0.020669084104443014, ""FCC_L12#1"": 0.0006858756662878456, ""HCP_A3#2"": 0.002197523150518434, ""ZRO2_MONO#1"": 0.0007024210287839512}"
0.85,0.13,0.01,0.0,0.01,True,False,0.85,0.01,"{""BCC_B2#1"": 0.9759093053140024, ""C15_LAVES#1"": 0.02049514370541185, ""FCC_L12#1"": 0.0006864185269915929, ""HCP_A3#2"": 0.0022076690498768425, ""ZRO2_MONO#1"": 0.0007014634037174021}"
0.85,0.135,0.0,0.005,0.01,True,False,0.85,0.01,"{""BCC_B2#1"": 0.9756217552394734, ""C15_LAVES#1"": 0.020804436425129406, ""FCC_L12#1"": 0.0006851908277195962, ""HCP_A3#2"": 0.002185760187061511, ""ZRO2_MONO#1"": 0.0007028573206159298}"
0.85,0.135,0.005,0.0,0.01,True,True,0.85,0.01,{}
0.85,0.14,0.0,0.0,0.01,True,False,0.85,0.01,"{""BCC_B2#1"": 0.9756477302392557, ""C15_LAVES#1"": 0.02078045599978706, ""FCC_L12#1"": 0.0006850637090834969, ""HCP_A3#2"": 0.002184191208795781, ""ZRO2_MONO#1"": 0.0007025588430780203}"
0.8,0.0,0.0,0.19,0.01,True,False,0.8,0.01,"{""BCC_B2#1"": 0.9839034556412911, ""C15_LAVES#1"": 0.010331829139355812, ""FCC_L12#1"": 0.0007203568057954883, ""HCP_A3#2"": 0.002101034796101771, ""HCP_A3#3"": 0.0029433236174557864}"
0.8,0.0,0.005,0.185,0.01,True,False,0.8,0.01,"{""BCC_B2#1"": 0.9842866014266433, ""C15_LAVES#1"": 0.009912108991050588, ""FCC_L12#1"": 0.0007208046259904828, ""HCP_A3#2"": 0.0029645256769585985, ""HCP_A3#3"": 0.002115959279357087}"
0.8,0.0,0.01,0.18,0.01,True,False,0.8,0.01,"{""BCC_B2#1"": 0.984693535826727, ""C15_LAVES#1"": 0.00946716739894687, ""FCC_L12#1"": 0.0007212514220782383, ""HCP_A3#2"": 0.0029865711249394077, ""HCP_A3#3"": 0.0021314742273084745}"
0.8,0.0,0.015,0.175,0.01,True,False,0.8,0.01,"{""BCC_B2#1"": 0.9851258866771352, ""C15_LAVES#1"": 0.008995309115932389, ""FCC_L12#1"": 0.0007216965242963888, ""HCP_A3#2"": 0.002147607712261828, ""HCP_A3#3"": 0.0030094999703740746}"
0.8,0.0,0.02,0.17,0.01,True,False,0.8,0.01,"{""BCC_B2#1"": 0.9855854030224902, ""C15_LAVES#1"": 0.008494712633703175, ""FCC_L12#1"": 0.0007221392327846337, ""HCP_A3#2"": 0.002164389856245224, ""HCP_A3#3"": 0.0030333552547766986}"
0.8,0.0,0.025,0.165,0.01,True,False,0.8,0.01,"{""BCC_B2#1"": 0.9860739648510531, ""C15_LAVES#1"": 0.007963419990138965, ""FCC_L12#1"": 0.0007225788161752146, ""HCP_A3#2"": 0.002181853014183036, ""HCP_A3#3"": 0.003058183328449713}"
0.8,0.0,0.03,0.16,0.01,True,False,0.8,0.01,"{""BCC_B2#1"": 0.9865935937185512, ""C15_LAVES#1"": 0.007399325639714866, ""FCC_L12#1"": 0.000723014510170417, ""HCP_A3#2"": 0.0022000319768670233, ""HCP_A3#3"": 0.0030840341546966173}"
0.8,0.0,0.035,0.155,0.01,True,False,0.8,0.01,"{""BCC_B2#1"": 0.9871464643569458, ""C15_LAVES#1"": 0.006800164285909451, ""FCC_L12#1"": 0.0007234455161254025, ""HCP_A3#2"": 0.003110961644871375, ""HCP_A3#3"": 0.002218964196147948}"
0.8,0.0,0.04,0.15,0.01,True,False,0.8,0.01,"{""BCC_B2#1"": 0.9877349173758164, ""C15_LAVES#1"": 0.006163497562767534, ""FCC_L12#1"": 0.0007238709996595989, ""HCP_A3#2"": 0.003139024026659767, ""HCP_A3#3"": 0.002238690035096653}"
0.8,0.0,0.045,0.145,0.01,True,False,0.8,0.01,"{""BCC_B2#1"": 0.9883614731790199, ""C15_LAVES#1"": 0.005486699437031903, ""FCC_L12#1"": 0.000724290089327968, ""HCP_A3#2"": 0.00316828424834699, ""HCP_A3#3"": 0.002259253046273279}"
0.8,0.0,0.05,0.14,0.01,True,False,0.8,0.01,"{""BCC_B2#1"": 0.9890288472342695, ""C15_LAVES#1"": 0.0047669401871503515, ""FCC_L12#1"": 0.0007247018753928005, ""HCP_A3#2"": 0.003198810421496705, ""HCP_A3#3"": 0.0022807002816905117}"
0.8,0.0,0.055,0.135,0.01,True,False,0.8,0.01,"{""BCC_B2#1"": 0.989739966852829, ""C15_LAVES#1"": 0.004001168795916996, ""FCC_L12#1"": 0.0007251054087505617, ""HCP_A3#2"": 0.0023030826385997626, ""HCP_A3#3"": 0.003230676303903882}"
0.8,0.0,0.06,0.13,0.01,True,False,0.8,0.01,"{""BCC_B2#1"": 0.9904979896550677, ""C15_LAVES#1"": 0.003186093575215093, ""FCC_L12#1"": 0.0007254997000841357, ""HCP_A3#2"": 0.002326455245878141, ""HCP_A3#3"": 0.0032639618237547694}"
0.8,0.0,0.065,0.125,0.01,True,False,0.8,0.01,"{""BCC_B2#1"": 0.9913063239219214, ""C15_LAVES#1"": 0.002318160817457579, ""FCC_L12#1"": 0.0007258837193328228, ""HCP_A3#2"": 0.003298753644683614, ""HCP_A3#3"": 0.0023508778966045783}"
0.8,0.0,0.07,0.12,0.01,True,False,0.8,0.01,"{""BCC_B2#1"": 0.9921686510552425, ""C15_LAVES#1"": 0.0013935312468636594, ""FCC_L12#1"": 0.0007262563955992508, ""HCP_A3#2"": 0.003335145768847899, ""HCP_A3#3"": 0.00237641553344654}"
0.8,0.0,0.075,0.115,0.01,True,False,0.8,0.01,"{""BCC_B2#1"": 0.9930889503961742, ""C15_LAVES#1"": 0.00040805401953368286, ""FCC_L12#1"": 0.0007266166176477175, ""HCP_A3#2"": 0.002403138794849749, ""HCP_A3#3"": 0.0033732401717945864}"
0.8,0.0,0.08,0.11,0.01,True,True,0.8,0.01,"{""BCC_B2#1"": 0.9935107495298623, ""FCC_L12#1"": 0.0007264677461982539, ""HCP_A3#2"": 0.0023953380198123183, ""HCP_A3#3"": 0.003367444704127246}"
0.8,0.0,0.085,0.105,0.01,True,True,0.8,0.01,"{""BCC_B2#1"": 0.9935767503341641, ""FCC_L12#1"": 0.0007259668030469355, ""HCP_A3#2"": 0.002364911652464593, ""HCP_A3#3"": 0.003332371210324414}"
0.8,0.0,0.09,0.1,0.01,True,True,0.8,0.01,"{""BCC_B2#1"": 0.9936415857127386, ""FCC_L12#1"": 0.0007254362339388877, ""HCP_A3#2"": 0.0023352296117947684, ""HCP_A3#3"": 0.0032977484415280403}"
0.8,0.0,0.095,0.095,0.01,True,True,0.8,0.01,"{""BCC_B2#1"": 0.9937051796275408, ""FCC_L12#1"": 0.0007248770674144942, ""HCP_A3#2"": 0.0023063097154179674, ""HCP_A3#3"": 0.00326363358962706}"
0.8,0.0,0.1,0.09,0.01,True,True,0.8,0.01,"{""BCC_B2#1"": 0.9937674697957758, ""FCC_L12#1"": 0.0007242904287553801, ""HCP_A3#2"": 0.0022781632208443946, ""HCP_A3#3"": 0.003230076554624525}"
0.8,0.0,0.105,0.085,0.01,True,True,0.8,0.01,"{""BCC_B2#1"": 0.9938284075744992, ""FCC_L12#1"": 0.000723677520685471, ""HCP_A3#2"": 0.002250794951343645, ""HCP_A3#3"": 0.0031971199534718566}"
0.8,0.0,0.11,0.08,0.01,True,True,0.8,0.01,"{""BCC_B2#1"": 0.9938879577799182, ""FCC_L12#1"": 0.0007230396051241102, ""HCP_A3#2"": 0.0022242032932913852, ""HCP_A3#3"": 0.0031647993216664693}"
0.8,0.0,0.115,0.075,0.01,True,True,0.8,0.01,"{""BCC_B2#1"": 0.9939460986079962, ""FCC_L12#1"": 0.0007223779868885283, ""HCP_A3#2"": 0.0021983799223914613, ""HCP_A3#3"": 0.003133143482723858}"
0.8,0.0,0.12,0.07,0.01,True,True,0.8,0.01,"{""BCC_B2#1"": 0.9940028218887385, ""FCC_L12#1"": 0.0007216940003533532, ""HCP_A3#2"": 0.003102175063335473, ""HCP_A3#3"": 0.002173309047572585}"
0.8,0.0,0.125,0.065,0.01,True,True,0.8,0.01,"{""BCC_B2#1"": 0.9940581340104377, ""FCC_L12#1"": 0.0007209890003436248, ""HCP_A3#2"": 0.003071911139228454, ""HCP_A3#3"": 0.00214896584999027}"
0.8,0.0,0.13,0.06,0.01,True,True,0.8,0.01,"{""BCC_B2#1"": 0.9941120580185692, ""FCC_L12#1"": 0.0007202643590385541, ""HCP_A3#2"": 0.0030423640089403204, ""HCP_A3#3"": 0.0021253136134517935}"
0.8,0.0,0.135,0.055,0.01,True,True,0.8,0.01,"{""BCC_B2#1"": 0.9941646376685588, ""FCC_L12#1"": 0.0007195214715606479, ""HCP_A3#2"": 0.003013542110929809, ""HCP_A3#3"": 0.0021022987489508474}"
0.8,0.0,0.14,0.05,0.01,True,True,0.8,0.01,"{""BCC_B2#1"": 0.994215944659226, ""FCC_L12#1"": 0.000718761774416295, ""HCP_A3#2"": 0.0029854511242025277, ""HCP_A3#3"": 0.002079842442155043}"
0.8,0.0,0.145,0.045,0.01,True,True,0.8,0.01,"{""BCC_B2#1"": 0.9942660909927384, ""FCC_L12#1"": 0.0007179867833886587, ""HCP_A3#2"": 0.002057826891452887, ""HCP_A3#3"": 0.0029580953324199145}"
0.8,0.0,0.15,0.04,0.01,True,True,0.8,0.01,"{""BCC_B2#1"": 0.9943152495574138, ""FCC_L12#1"": 0.0007171981613165724, ""HCP_A3#2"": 0.002931479391243862, ""HCP_A3#3"": 0.0020360728900258884}"
0.8,0.0,0.155,0.035,0.01,True,True,0.8,0.01,"{""BCC_B2#1"": 0.9943636878821369, ""FCC_L12#1"": 0.0007163978323033395, ""HCP_A3#2"": 0.0020143035899947634, ""HCP_A3#3"": 0.0029056106955645043}"
0.8,0.0,0.16,0.03,0.01,True,True,0.8,0.01,"{""BCC_B2#1"": 0.99441182285523, ""FCC_L12#1"": 0.0007155881680735637, ""HCP_A3#2"": 0.001992086301191718, ""HCP_A3#3"": 0.0028805026755046505}"
0.8,0.0,0.165,0.025,0.01,True,True,0.8,0.01,"{""BCC_B2#1"": 0.9944603085760714, ""FCC_L12#1"": 0.0007147722859492146, ""HCP_A3#2"": 0.0019687396480208546, ""HCP_A3#3"": 0.0028561794899584236}"
0.8,0.0,0.17,0.02,0.01,True,True,0.8,0.01,"{""BCC_B2#1"": 0.9945101758874166, ""FCC_L12#1"": 0.0007139545172164013, ""HCP_A3#2"": 0.0028326827812782296, ""HCP_A3#3"": 0.001943186814088644}"
0.8,0.0,0.175,0.015,0.01,True,True,0.8,0.01,"{""BCC_B2#1"": 0.9945630507775897, ""FCC_L12#1"": 0.0007131411292967266, ""HCP_A3#2"": 0.001913726729140608, ""HCP_A3#3"": 0.002810081363973047}"
0.8,0.0,0.18,0.01,0.01,True,True,0.8,0.01,"{""BCC_B2#1"": 0.9946214888059838, ""FCC_L12#1"": 0.0007123414099795367, ""HCP_A3#2"": 0.0027884848472237555, ""HCP_A3#3"": 0.0018776849368127044}"
0.8,0.0,0.185,0.005,0.01,True,True,0.8,0.01,"{""BCC_B2#1"": 0.9946894697213488, ""FCC_L12#1"": 0.0007115692297210846, ""HCP_A3#2"": 0.0027680619759939697, ""HCP_A3#3"": 0.0018308990729361343}"
0.8,0.0,0.19,0.0,0.01,True,True,0.8,0.01,"{""BCC_B2#1"": 0.9947730888550761, ""FCC_L12#1"": 0.000710845146067686, ""HCP_A3#2"": 0.0017670026339896866, ""HCP_A3#3"": 0.0027490633648663268}"
0.8,0.005,0.0,0.185,0.01,True,False,0.8,0.01,"{""BCC_B2#1"": 0.9818734766889587, ""C15_LAVES#1"": 0.012719455819638008, ""FCC_L12#1"": 0.0007143796790949382, ""HCP_A3#2"": 0.0019494522957170899, ""HCP_A3#3"": 0.002743235516590978}"
0.8,0.005,0.005,0.18,0.01,True,False,0.8,0.01,"{""BCC_B2#1"": 0.9821557970070309, ""C15_LAVES#1"": 0.012412867879203112, ""FCC_L12#1"": 0.000714797918321701, ""HCP_A3#2"": 0.002757578525467425, ""HCP_A3#3"": 0.001958958669977225}"
0.8,0.005,0.01,0.175,0.01,True,False,0.8,0.01,"{""BCC_B2#1"": 0.9824551350764489, ""C15_LAVES#1"": 0.012088591534830129, ""FCC_L12#1"": 0.0007152165993586614, ""HCP_A3#2"": 0.002772332817968974, ""HCP_A3#3"": 0.0019687239713935606}"
0.8,0.005,0.015,0.17,0.01,True,False,0.8,0.01,"{""BCC_B2#1"": 0.9827725845971718, ""C15_LAVES#1"": 0.011745527858955034, ""FCC_L12#1"": 0.0007156352004257453, ""HCP_A3#2"": 0.002787502529246542, ""HCP_A3#3"": 0.0019787498142010665}"
0.8,0.005,0.02,0.165,0.01,True,False,0.8,0.01,"{""BCC_B2#1"": 0.983109311093889, ""C15_LAVES#1"": 0.0113825071423514, ""FCC_L12#1"": 0.0007160531844186803, ""HCP_A3#2"": 0.002803091264064133, ""HCP_A3#3"": 0.001989037315277029}"
0.8,0.005,0.025,0.16,0.01,True,False,0.8,0.01,"{""BCC_B2#1"": 0.9834665565002249, ""C15_LAVES#1"": 0.010998284514205803, ""FCC_L12#1"": 0.0007164699991307075, ""HCP_A3#2"": 0.0028191019816228525, ""HCP_A3#3"": 0.0019995870048157656}"
0.8,0.005,0.03,0.155,0.01,True,False,0.8,0.01,"{""BCC_B2#1"": 0.9838456440462922, ""C15_LAVES#1"": 0.010591535285406536, ""FCC_L12#1"": 0.0007168850776232166, ""HCP_A3#2"": 0.0028355368643847227, ""HCP_A3#3"": 0.0020103987262937383}"
0.8,0.005,0.035,0.15,0.01,True,False,0.8,0.01,"{""BCC_B2#1"": 0.9842479834778168, ""C15_LAVES#1"": 0.010160849989242748, ""FCC_L12#1"": 0.0007172978387702353, ""HCP_A3#2"": 0.002852397169285129, ""HCP_A3#3"": 0.002021471524885185}"
0.8,0.005,0.04,0.145,0.01,True,False,0.8,0.01,"{""BCC_B2#1"": 0.9846750766410183, ""C15_LAVES#1"": 0.00970472908770506, ""FCC_L12#1"": 0.0007177076880030926, ""HCP_A3#2"": 0.0028696830597330606, ""HCP_A3#3"": 0.002032803523540554}"
0.8,0.005,0.045,0.14,0.01,True,False,0.8,0.01,"{""BCC_B2#1"": 0.985128523474656, ""C15_LAVES#1"": 0.00922157730415218, ""FCC_L12#1"": 0.0007181140182839535, ""HCP_A3#2"": 0.002887393416869598, ""HCP_A3#3"": 0.0020443917860383204}"
0.8,0.005,0.05,0.135,0.01,True,False,0.8,0.01,"{""BCC_B2#1"": 0.9856100284598526, ""C15_LAVES#1"": 0.008709697533645715, ""FCC_L12#1"": 0.0007185162113390759, ""HCP_A3#2"": 0.002905525628690095, ""HCP_A3#3"": 0.002056232166472819}"
0.8,0.005,0.055,0.13,0.01,True,False,0.8,0.01,"{""BCC_B2#1"": 0.9861214075898576, ""C15_LAVES#1"": 0.008167284270207931, ""FCC_L12#1"": 0.000718913639184515, ""HCP_A3#2"": 0.0029240753558924513, ""HCP_A3#3"": 0.0020683191448575547}"
0.8,0.005,0.06,0.125,0.01,True,False,0.8,0.01,"{""BCC_B2#1"": 0.9866645959361102, ""C15_LAVES#1"": 0.007592416475377124, ""FCC_L12#1"": 0.0007193056659781054, ""HCP_A3#2"": 0.0029430362737211356, ""HCP_A3#3"": 0.002080645648813422}"
0.8,0.005,0.065,0.12,0.01,True,False,0.8,0.01,"{""BCC_B2#1"": 0.9872416559046329, ""C15_LAVES#1"": 0.006983049793840067, ""FCC_L12#1"": 0.0007196916502320449, ""HCP_A3#2"": 0.0029623997896126133, ""HCP_A3#3"": 0.002093202861682372}"
0.8,0.005,0.07,0.115,0.01,True,False,0.8,0.01,"{""BCC_B2#1"": 0.9878547862981264, ""C15_LAVES#1"": 0.006337007999338188, ""FCC_L12#1"": 0.0007200709474194653, ""HCP_A3#2"": 0.0029821547372597223, ""HCP_A3#3"": 0.002105980017856447}"
0.8,0.005,0.075,0.11,0.01,True,False,0.8,0.01,"{""BCC_B2#1"": 0.9885063323248785, ""C15_LAVES#1"": 0.005651973526788997, ""FCC_L12#1"": 0.0007204429130059163, ""HCP_A3#2"": 0.003002287048698417, ""HCP_A3#3"": 0.0021189641866281666}"
0.8,0.005,0.08,0.105,0.01,True,False,0.8,0.01,"{""BCC_B2#1"": 0.9891987967260376, ""C15_LAVES#1"": 0.004925476914266108, ""FCC_L12#1"": 0.0007208069059321367, ""HCP_A3#2"": 0.0030227794073440072, ""HCP_A3#3"": 0.002132140046420151}"
0.8,0.005,0.085,0.1,0.01,True,False,0.8,0.01,"{""BCC_B2#1"": 0.9899348522281485, ""C15_LAVES#1"": 0.004154884941024056, ""FCC_L12#1"": 0.0007211622925673873, ""HCP_A3#2"": 0.0030436108864812703, ""HCP_A3#3"": 0.002145489651778702}"
0.8,0.005,0.09,0.095,0.01,True,False,0.8,0.01,"{""BCC_B2#1"": 0.9907173555680638, ""C15_LAVES#1"": 0.0033373872052525383, ""FCC_L12#1"": 0.0007215084511424096, ""HCP_A3#2"": 0.0030647565796285987, ""HCP_A3#3"": 0.002158992195912754}"
0.8,0.005,0.095,0.09,0.01,True,False,0.8,0.01,"{""BCC_B2#1"": 0.9915493633816481, ""C15_LAVES#1"": 0.0024699808386640433, ""FCC_L12#1"": 0.0007218447766574431, ""HCP_A3#2"": 0.0030861872313647965, ""HCP_A3#3"": 0.00217262377166587}"
0.8,0.005,0.1,0.085,0.01,True,False,0.8,0.01,"{""BCC_B2#1"": 0.9924341502949736, ""C15_LAVES#1"": 0.001549453005804963, ""FCC_L12#1"": 0.0007221706862435142, ""HCP_A3#2"": 0.0031078688796078247, ""HCP_A3#3"": 0.002186357133370506}"
0.8,0.005,0.105,0.08,0.01,True,False,0.8,0.01,"{""BCC_B2#1"": 0.9933752296043962, ""C15_LAVES#1"": 0.0005723607871684394, ""FCC_L12#1"": 0.0007224856249344085, ""HCP_A3#2"": 0.0022001614606943823, ""HCP_A3#3"": 0.003129762522806642}"
0.8,0.005,0.11,0.075,0.01,True,True,0.8,0.01,"{""BCC_B2#1"": 0.9939527023002243, ""FCC_L12#1"": 0.0007223614387876293, ""HCP_A3#2"": 0.0021966411195991618, ""HCP_A3#3"": 0.0031282951413891574}"
0.8,0.005,0.115,0.07,0.01,True,True,0.8,0.01,"{""BCC_B2#1"": 0.9940091590118717, ""FCC_L12#1"": 0.0007216756571947911, ""HCP_A3#2"": 0.002171646503830321, ""HCP_A3#3"": 0.0030975188271031118}"
0.8,0.005,0.12,0.065,0.01,True,True,0.8,0.01,"{""BCC_B2#1"": 0.9940642070190866, ""FCC_L12#1"": 0.0007209688739747516, ""HCP_A3#2"": 0.002147383530515971, ""HCP_A3#3"": 0.003067440576423046}"
0.8,0.005,0.125,0.06,0.01,True,True,0.8,0.01,"{""BCC_B2#1"": 0.9941178654870728, ""FCC_L12#1"": 0.0007202424540339813, ""HCP_A3#2"": 0.002123819920870984, ""HCP_A3#3"": 0.003038072138022197}"
0.8,0.005,0.13,0.055,0.01,True,True,0.8,0.01,"{""BCC_B2#1"": 0.9941701717121999, ""FCC_L12#1"": 0.000719497776947972, ""HCP_A3#2"": 0.002100909194384546, ""HCP_A3#3"": 0.0030094213164675843}"
0.8,0.005,0.135,0.05,0.01,True,True,0.8,0.01,"{""BCC_B2#1"": 0.9942211868770269, ""FCC_L12#1"": 0.0007187362502328512, ""HCP_A3#2"": 0.0020785839115143793, ""HCP_A3#3"": 0.002981492961225676}"
0.8,0.005,0.14,0.045,0.01,True,True,0.8,0.01,"{""BCC_B2#1"": 0.9942710060196216, ""FCC_L12#1"": 0.000717959338800882, ""HCP_A3#2"": 0.002056744475293155, ""HCP_A3#3"": 0.0029542901662842963}"
0.8,0.005,0.145,0.04,0.01,True,True,0.8,0.01,"{""BCC_B2#1"": 0.9943197747610784, ""FCC_L12#1"": 0.0007171686191318829, ""HCP_A3#2"": 0.0020352408211291154, ""HCP_A3#3"": 0.002927815798660618}"
0.8,0.005,0.15,0.035,0.01,True,True,0.8,0.01,"{""BCC_B2#1"": 0.9943677168756835, ""FCC_L12#1"": 0.0007163658717467376, ""HCP_A3#2"": 0.002013842737472099, ""HCP_A3#3"": 0.0029020745150978586}"
0.8,0.005,0.155,0.03,0.01,True,True,0.8,0.01,"{""BCC_B2#1"": 0.9944151791632824, ""FCC_L12#1"": 0.0007155532332569586, ""HCP_A3#2"": 0.0019921920670338306, ""HCP_A3#3"": 0.0028770755364267444}"
0.8,0.005,0.16,0.025,0.01,True,True,0.8,0.01,"{""BCC_B2#1"": 0.9944627037758, ""FCC_L12#1"": 0.000714733440886785, ""HCP_A3#2"": 0.0028528365755715445, ""HCP_A3#3"": 0.001969726207741875}"
0.8,0.005,0.165,0.02,0.01,True,True,0.8,0.01,"{""BCC_B2#1"": 0.9945111436606291, ""FCC_L12#1"": 0.0007139102191832497, ""HCP_A3#2"": 0.0028293894862336105, ""HCP_A3#3"": 0.0019455566339541847}"
0.8,0.005,0.17,0.015,0.01,True,True,0.8,0.01,"{""BCC_B2#1"": 0.9945618445457951, ""FCC_L12#1"": 0.0007130888811921379, ""HCP_A3#2"": 0.0028067884056727607, ""HCP_A3#3"": 0.0019182781673400568}"
0.7999999999999999,0.005,0.175,0.01,0.01,True,True,0.8,0.01,"{""BCC_B2#1"": 0.994616926658619, ""FCC_L12#1"": 0.0007122772423014254, ""HCP_A3#2"": 0.0027851213449011747, ""HCP_A3#3"": 0.0018856747541783035}"
0.8,0.005,0.18,0.005,0.01,True,True,0.8,0.01,"{""BCC_B2#1"": 0.9946797086708408, ""FCC_L12#1"": 0.0007114869634522054, ""HCP_A3#2"": 0.0027645261606198267, ""HCP_A3#3"": 0.0018442782050874325}"
0.8,0.005,0.185,0.0,0.01,True,True,0.8,0.01,"{""BCC_B2#1"": 0.9947553172822066, ""FCC_L12#1"": 0.0007107354216355177, ""HCP_A3#2"": 0.0027452112206953956, ""HCP_A3#3"": 0.0017887360754624598}"
0.8,0.01,0.0,0.18,0.01,True,False,0.8,0.01,"{""BCC_B2#1"": 0.9804993328947054, ""C15_LAVES#1"": 0.01432647755706266, ""FCC_L12#1"": 0.0007092341232039414, ""HCP_A3#2"": 0.002611842668503363, ""HCP_A3#3"": 0.0018531127565247392}"
0.8,0.01,0.005,0.175,0.01,True,False,0.8,0.01,"{""BCC_B2#1"": 0.9807228190685592, ""C15_LAVES#1"": 0.014084022165116564, ""FCC_L12#1"": 0.0007096361481390475, ""HCP_A3#2"": 0.0026232039431483526, ""HCP_A3#3"": 0.0018603186750366756}"
0.8,0.01,0.01,0.17,0.01,True,False,0.8,0.01,"{""BCC_B2#1"": 0.9809601309293539, ""C15_LAVES#1"": 0.013827263809336618, ""FCC_L12#1"": 0.0007100400844211433, ""HCP_A3#2"": 0.002634862681019285, ""HCP_A3#3"": 0.0018677024958692237}"
0.8,0.01,0.015,0.165,0.01,True,False,0.8,0.01,"{""BCC_B2#1"": 0.9812121876105172, ""C15_LAVES#1"": 0.013555284097577348, ""FCC_L12#1"": 0.0007104455026893678, ""HCP_A3#2"": 0.002646819028052477, ""HCP_A3#3"": 0.0018752637611634917}"
0.8,0.01,0.02,0.16,0.01,True,False,0.8,0.01,"{""BCC_B2#1"": 0.9814799718777897, ""C15_LAVES#1"": 0.013267101801113795, ""FCC_L12#1"": 0.0007108519627255555, ""HCP_A3#2"": 0.002659072688303146, ""HCP_A3#3"": 0.001883001670067684}"
0.8,0.01,0.025,0.155,0.01,True,False,0.8,0.01,"{""BCC_B2#1"": 0.9817645347014361, ""C15_LAVES#1"": 0.01296166838181831, ""FCC_L12#1"": 0.0007112590137187877, ""HCP_A3#2"": 0.0026716228659010998, ""HCP_A3#3"": 0.001890915037125842}"
0.8,0.01,0.03,0.15,0.01,True,False,0.8,0.01,"{""BCC_B2#1"": 0.9820670002008149, ""C15_LAVES#1"": 0.01263786315555833, ""FCC_L12#1"": 0.0007116661946260116, ""HCP_A3#2"": 0.00268446820166075, ""HCP_A3#3"": 0.001899002247340277}"
0.8,0.01,0.035,0.145,0.01,True,False,0.8,0.01,"{""BCC_B2#1"": 0.9823885709994192, ""C15_LAVES#1"": 0.012294488054115408, ""FCC_L12#1"": 0.0007120730346400633, ""HCP_A3#2"": 0.0026976067040966525, ""HCP_A3#3"": 0.001907261207728725}"
0.8,0.01,0.04,0.14,0.01,True,False,0.8,0.01,"{""BCC_B2#1"": 0.9827305340340494, ""C15_LAVES#1"": 0.011930261942355438, ""FCC_L12#1"": 0.0007124790537757091, ""HCP_A3#2"": 0.002711035674644124, ""HCP_A3#3"": 0.0019156892951753355}"
0.8,0.01,0.045,0.135,0.01,True,False,0.8,0.01,"{""BCC_B2#1"": 0.9830942668684391, ""C15_LAVES#1"": 0.011543814440583696, ""FCC_L12#1"": 0.000712883763583309, ""HCP_A3#2"": 0.002724751626947264, ""HCP_A3#3"": 0.0019242833004467729}"
0.8,0.01,0.05,0.13,0.01,True,False,0.8,0.01,"{""BCC_B2#1"": 0.98348124456615, ""C15_LAVES#1"": 0.011133679198355943, ""FCC_L12#1"": 0.0007132866680080167, ""HCP_A3#2"": 0.0027387502001745027, ""HCP_A3#3"": 0.0019330393673113748}"
0.8,0.01,0.055,0.125,0.01,True,False,0.8,0.01,"{""BCC_B2#1"": 0.9838930471954997, ""C15_LAVES#1"": 0.010698286545145003, ""FCC_L12#1"": 0.0007136872643821114, ""HCP_A3#2"": 0.002753026066350437, ""HCP_A3#3"": 0.0019419529286230888}"
0.8,0.01,0.06,0.12,0.01,True,False,0.8,0.01,"{""BCC_B2#1"": 0.9843313680294854, ""C15_LAVES#1"": 0.010235955458961464, ""FCC_L12#1"": 0.0007140850445967907, ""HCP_A3#2"": 0.0027675728319618877, ""HCP_A3#3"": 0.0019510186349945423}"
0.8,0.01,0.065,0.115,0.01,True,False,0.8,0.01,"{""BCC_B2#1"": 0.984798022538425, ""C15_LAVES#1"": 0.009744884752113044, ""FCC_L12#1"": 0.0007144794964240524, ""HCP_A3#2"": 0.0027823829340455895, ""HCP_A3#3"": 0.0019602302789921925}"
0.8,0.01,0.07,0.11,0.01,True,False,0.8,0.01,"{""BCC_B2#1"": 0.9852949582656859, ""C15_LAVES#1"": 0.009223143386695765, ""FCC_L12#1"": 0.0007148701050172852, ""HCP_A3#2"": 0.0027974475312873004, ""HCP_A3#3"": 0.0019695807113138146}"
0.8,0.01,0.075,0.105,0.01,True,False,0.8,0.01,"{""BCC_B2#1"": 0.9858242656997102, ""C15_LAVES#1"": 0.00866865980710901, ""FCC_L12#1"": 0.0007152563545873305, ""HCP_A3#2"": 0.002812756390765754, ""HCP_A3#3"": 0.0019790617478275645}"
0.8,0.01,0.08,0.1,0.01,True,False,0.8,0.01,"{""BCC_B2#1"": 0.9863881902671342, ""C15_LAVES#1"": 0.00807921016681954, ""FCC_L12#1"": 0.0007156377302570536, ""HCP_A3#2"": 0.0028282977712040273, ""HCP_A3#3"": 0.001988664064585538}"
0.8,0.01,0.085,0.095,0.01,True,False,0.8,0.01,"{""BCC_B2#1"": 0.9869891455875214, ""C15_LAVES#1"": 0.00745240531186113, ""FCC_L12#1"": 0.000716013720093893, ""HCP_A3#2"": 0.002844058303801636, ""HCP_A3#3"": 0.001998377076722026}"
0.8,0.01,0.09,0.09,0.01,True,False,0.8,0.01,"{""BCC_B2#1"": 0.9876297281463287, ""C15_LAVES#1"": 0.006785676369133674, ""FCC_L12#1"": 0.0007163838173175704, ""HCP_A3#2"": 0.002860022871962868, ""HCP_A3#3"": 0.0020081887952572842}"
0.8,0.01,0.095,0.085,0.01,True,False,0.8,0.01,"{""BCC_B2#1"": 0.9883127335590499, ""C15_LAVES#1"": 0.006076258773697691, ""FCC_L12#1"": 0.0007167475226783519, ""HCP_A3#2"": 0.002876174491449226, ""HCP_A3#3"": 0.002018085653125036}"
0.8,0.01,0.1,0.08,0.01,True,False,0.8,0.01,"{""BCC_B2#1"": 0.9890411746154891, ""C15_LAVES#1"": 0.0053211745568790885, ""FCC_L12#1"": 0.0007171043470007711, ""HCP_A3#2"": 0.002892494192735297, ""HCP_A3#3"": 0.0020280522878954902}"
0.8,0.01,0.105,0.075,0.01,True,False,0.8,0.01,"{""BCC_B2#1"": 0.9898183013077144, ""C15_LAVES#1"": 0.004517212707636228, ""FCC_L12#1"": 0.0007174538138895646, ""HCP_A3#2"": 0.0029089609075356408, ""HCP_A3#3"": 0.002038071263224242}"
0.8,0.01,0.11,0.07,0.01,True,False,0.8,0.01,"{""BCC_B2#1"": 0.9906476230573344, ""C15_LAVES#1"": 0.003660907415000332, ""FCC_L12#1"": 0.00071779546260011, ""HCP_A3#2"": 0.0029255513616838753, ""HCP_A3#3"": 0.0020481227033815105}"
0.8,0.01,0.115,0.065,0.01,True,False,0.8,0.01,"{""BCC_B2#1"": 0.9915329333656037, ""C15_LAVES#1"": 0.0027485140021860253, ""FCC_L12#1"": 0.0007181288510872009, ""HCP_A3#2"": 0.002942239976698361, ""HCP_A3#3"": 0.00205818380442457}"
0.8,0.01,0.12,0.06,0.01,True,False,0.8,0.01,"{""BCC_B2#1"": 0.9924783371113907, ""C15_LAVES#1"": 0.001775982376401419, ""FCC_L12#1"": 0.0007184535592663864, ""HCP_A3#2"": 0.0029589987825071502, ""HCP_A3#3"": 0.00206822817043428}"
0.8,0.01,0.125,0.055,0.01,True,False,0.8,0.01,"{""BCC_B2#1"": 0.9934882807144965, ""C15_LAVES#1"": 0.0007389278469813336, ""FCC_L12#1"": 0.0007187691925553786, ""HCP_A3#2"": 0.0029757973439420433, ""HCP_A3#3"": 0.0020782249020247423}"
0.8,0.01,0.13,0.05,0.01,True,True,0.8,0.01,"{""BCC_B2#1"": 0.994225313062936, ""FCC_L12#1"": 0.0007187272252353556, ""HCP_A3#2"": 0.0029781920185490227, ""HCP_A3#3"": 0.0020777676932797087}"
0.8,0.01,0.135,0.045,0.01,True,True,0.8,0.01,"{""BCC_B2#1"": 0.994274866881428, ""FCC_L12#1"": 0.0007179486820879762, ""HCP_A3#2"": 0.0029511204845028725, ""HCP_A3#3"": 0.002056063951980873}"
0.7999999999999999,0.01,0.14,0.04,0.01,True,True,0.8,0.01,"{""BCC_B2#1"": 0.994323318484719, ""FCC_L12#1"": 0.0007171561639277197, ""HCP_A3#2"": 0.0029247676989487847, ""HCP_A3#3"": 0.0020347576524043995}"
0.8,0.01,0.145,0.035,0.01,True,True,0.8,0.01,"{""BCC_B2#1"": 0.9943708552903898, ""FCC_L12#1"": 0.0007163513353204064, ""HCP_A3#2"": 0.0028991361307858106, ""HCP_A3#3"": 0.002013657243503999}"
0.8,0.01,0.15,0.03,0.01,True,True,0.8,0.01,"{""BCC_B2#1"": 0.9944177658414143, ""FCC_L12#1"": 0.0007155361413291538, ""HCP_A3#2"": 0.0028742315949281884, ""HCP_A3#3"": 0.001992466422328287}"
0.8,0.01,0.155,0.025,0.01,True,True,0.8,0.01,"{""BCC_B2#1"": 0.99446449910638, ""FCC_L12#1"": 0.0007147130073658474, ""HCP_A3#2"": 0.0028500665411000433, ""HCP_A3#3"": 0.0019707213451537545}"
0.8,0.01,0.16,0.02,0.01,True,True,0.8,0.01,"{""BCC_B2#1"": 0.9945117595466286, ""FCC_L12#1"": 0.000713885157038562, ""HCP_A3#2"": 0.00282666476909534, ""HCP_A3#3"": 0.0019476905272371953}"
0.8,0.01,0.165,0.015,0.01,True,True,0.8,0.01,"{""BCC_B2#1"": 0.9945606578864707, ""FCC_L12#1"": 0.0007130571097695779, ""HCP_A3#2"": 0.0028040682430050053, ""HCP_A3#3"": 0.0019222167607546561}"
0.7999999999999999,0.01,0.17,0.01,0.01,True,True,0.8,0.01,"{""BCC_B2#1"": 0.994612946637102, ""FCC_L12#1"": 0.0007122354450726202, ""HCP_A3#2"": 0.002782346877793996, ""HCP_A3#3"": 0.001892471040031448}"
0.7999999999999999,0.01,0.175,0.005,0.01,True,True,0.8,0.01,"{""BCC_B2#1"": 0.9946713796099317, ""FCC_L12#1"": 0.0007114299443360141, ""HCP_A3#2"": 0.002761612271339429, ""HCP_A3#3"": 0.001855578174392862}"
0.8,0.01,0.18,0.0,0.01,True,True,0.8,0.01,"{""BCC_B2#1"": 0.9947402408629656, ""FCC_L12#1"": 0.0007106552238766942, ""HCP_A3#2"": 0.002742036070606111, ""HCP_A3#3"": 0.0018070678425518563}"
0.8,0.015,0.0,0.175,0.01,True,False,0.8,0.01,"{""BCC_B2#1"": 0.9795022395835219, ""C15_LAVES#1"": 0.015492179288043436, ""FCC_L12#1"": 0.0007047584245732649, ""HCP_A3#2"": 0.002516172003333068, ""HCP_A3#3"": 0.0017846507005286397}"
0.8,0.015,0.005,0.17,0.01,True,False,0.8,0.01,"{""BCC_B2#1"": 0.9796863745862499, ""C15_LAVES#1"": 0.015291882082388073, ""FCC_L12#1"": 0.0007051535632960921, ""HCP_A3#2"": 0.0025259538279287052, ""HCP_A3#3"": 0.001790635940137266}"
0.8,0.015,0.01,0.165,0.01,True,False,0.8,0.01,"{""BCC_B2#1"": 0.9798824236159858, ""C15_LAVES#1"": 0.015079258157508001, ""FCC_L12#1"": 0.000705552110878352, ""HCP_A3#2"": 0.0025359937514841465, ""HCP_A3#3"": 0.0017967723641438124}"
0.8,0.015,0.015,0.16,0.01,True,False,0.8,0.01,"{""BCC_B2#1"": 0.9800912179474641, ""C15_LAVES#1"": 0.014853476851823103, ""FCC_L12#1"": 0.0007059537072274097, ""HCP_A3#2"": 0.0025462916653963942, ""HCP_A3#3"": 0.0018030598280890965}"
0.8,0.015,0.02,0.155,0.01,True,False,0.8,0.01,"{""BCC_B2#1"": 0.9803136495666557, ""C15_LAVES#1"": 0.014613647303919362, ""FCC_L12#1"": 0.0007063579829074861, ""HCP_A3#2"": 0.002556847165608845, ""HCP_A3#3"": 0.0018094979809089961}"
0.8,0.015,0.025,0.15,0.01,True,False,0.8,0.01,"{""BCC_B2#1"": 0.9805506758806365, ""C15_LAVES#1"": 0.014358813801171566, ""FCC_L12#1"": 0.0007067645592328337, ""HCP_A3#2"": 0.002567659519285782, ""HCP_A3#3"": 0.0018160862396733382}"
0.8,0.015,0.03,0.145,0.01,True,False,0.8,0.01,"{""BCC_B2#1"": 0.9808033248332139, ""C15_LAVES#1"": 0.014087950728120902, ""FCC_L12#1"": 0.0007071730484123817, ""HCP_A3#2"": 0.002578727628515648, ""HCP_A3#3"": 0.0018228237617371778}"
0.8,0.015,0.035,0.14,0.01,True,False,0.8,0.01,"{""BCC_B2#1"": 0.9810727004652995, ""C15_LAVES#1"": 0.013799957076231089, ""FCC_L12#1"": 0.0007075830537515653, ""HCP_A3#2"": 0.0025900499908522744, ""HCP_A3#3"": 0.0018297094138654017}"
0.8,0.015,0.04,0.135,0.01,True,False,0.8,0.01,"{""BCC_B2#1"": 0.9813599889636949, ""C15_LAVES#1"": 0.013493650472140033, ""FCC_L12#1"": 0.0007079941699163297, ""HCP_A3#2"": 0.0026016246564954763, ""HCP_A3#3"": 0.0018367417377533881}"
0.8,0.015,0.045,0.13,0.01,True,False,0.8,0.01,"{""BCC_B2#1"": 0.9816664652471604, ""C15_LAVES#1"": 0.013167760676451564, ""FCC_L12#1"": 0.0007084059832642326, ""HCP_A3#2"": 0.002613449181949194, ""HCP_A3#3"": 0.0018439189111747742}"
0.8,0.015,0.05,0.125,0.01,True,False,0.8,0.01,"{""BCC_B2#1"": 0.9819935001443677, ""C15_LAVES#1"": 0.012820922499684528, ""FCC_L12#1"": 0.0007088180722474518, ""HCP_A3#2"": 0.002625520579978977, ""HCP_A3#3"": 0.0018512387037212643}"
0.8,0.015,0.055,0.12,0.01,True,False,0.8,0.01,"{""BCC_B2#1"": 0.9823425682248534, ""C15_LAVES#1"": 0.012451668075796438, ""FCC_L12#1"": 0.000709230007892479, ""HCP_A3#2"": 0.0026378352657274503, ""HCP_A3#3"": 0.0018586984257301983}"
0.8,0.015,0.06,0.115,0.01,True,False,0.8,0.01,"{""BCC_B2#1"": 0.9827152563511771, ""C15_LAVES#1"": 0.012058418427112189, ""FCC_L12#1"": 0.0007096413543610506, ""HCP_A3#2"": 0.0026503889988666865, ""HCP_A3#3"": 0.001866294868482749}"
0.8,0.015,0.065,0.11,0.01,True,False,0.8,0.01,"{""BCC_B2#1"": 0.9831132730284161, ""C15_LAVES#1"": 0.011639474247258244, ""FCC_L12#1"": 0.0007100516695969765, ""HCP_A3#2"": 0.0026631768216830694, ""HCP_A3#3"": 0.00187402423304569}"
0.8,0.015,0.07,0.105,0.01,True,False,0.8,0.01,"{""BCC_B2#1"": 0.9835384586356379, ""C15_LAVES#1"": 0.011193005821118625, ""FCC_L12#1"": 0.0007104605060635737, ""HCP_A3#2"": 0.0026761929930343093, ""HCP_A3#3"": 0.001881882044145512}"
0.8,0.015,0.075,0.1,0.01,True,False,0.8,0.01,"{""BCC_B2#1"": 0.9839927966332528, ""C15_LAVES#1"": 0.010717041992912537, ""FCC_L12#1"": 0.0007108674115770014, ""HCP_A3#2"": 0.0026894309181575917, ""HCP_A3#3"": 0.001889863044100189}"
0.8,0.015,0.08,0.095,0.01,True,False,0.8,0.01,"{""BCC_B2#1"": 0.9844784258499321, ""C15_LAVES#1"": 0.010209458085528918, ""FCC_L12#1"": 0.0007112719302419471, ""HCP_A3#2"": 0.0027028830743475014, ""HCP_A3#3"": 0.0018979610599493203}"
0.8,0.015,0.085,0.09,0.01,True,False,0.8,0.01,"{""BCC_B2#1"": 0.9849976539628836, ""C15_LAVES#1"": 0.009667962666718264, ""FCC_L12#1"": 0.0007116736034981923, ""HCP_A3#2"": 0.0027165409325881538, ""HCP_A3#3"": 0.0019061688343116215}"
0.8,0.015,0.09,0.085,0.01,True,False,0.8,0.01,"{""BCC_B2#1"": 0.9855529722956026, ""C15_LAVES#1"": 0.009090083050923103, ""FCC_L12#1"": 0.0007120719712902457, ""HCP_A3#2"": 0.0027303948752938393, ""HCP_A3#3"": 0.0019144778068903704}"
0.8,0.015,0.095,0.08,0.01,True,False,0.8,0.01,"{""BCC_B2#1"": 0.9861470720670755, ""C15_LAVES#1"": 0.00847314942061889, ""FCC_L12#1"": 0.000712466573378081, ""HCP_A3#2"": 0.002744434110376371, ""HCP_A3#3"": 0.0019228778285510476}"
0.8,0.015,0.1,0.075,0.01,True,False,0.8,0.01,"{""BCC_B2#1"": 0.9867828622354754, ""C15_LAVES#1"": 0.007814277448726852, ""FCC_L12#1"": 0.000712856950816234, ""HCP_A3#2"": 0.0027586465819929473, ""HCP_A3#3"": 0.0019313567829885871}"
0.8,0.015,0.105,0.07,0.01,True,False,0.8,0.01,"{""BCC_B2#1"": 0.9874634890865858, ""C15_LAVES#1"": 0.007110349305908716, ""FCC_L12#1"": 0.0007132426476423681, ""HCP_A3#2"": 0.002773018878419584, ""HCP_A3#3"": 0.0019399000814436312}"
0.8,0.015,0.11,0.065,0.01,True,False,0.8,0.01,"{""BCC_B2#1"": 0.9881923577212868, ""C15_LAVES#1"": 0.006357992945588619, ""FCC_L12#1"": 0.0007136232128370501, ""HCP_A3#2"": 0.0027875361375801558, ""HCP_A3#3"": 0.0019484899827074372}"
0.8,0.015,0.115,0.06,0.01,True,False,0.8,0.01,"{""BCC_B2#1"": 0.9889731555958603, ""C15_LAVES#1"": 0.005553559578371288, ""FCC_L12#1"": 0.0007139982026479484, ""HCP_A3#2"": 0.0028021819507499917, ""HCP_A3#3"": 0.00195710467237027}"
0.8,0.015,0.12,0.055,0.01,True,False,0.8,0.01,"{""BCC_B2#1"": 0.9898098782641369, ""C15_LAVES#1"": 0.004693099275101236, ""FCC_L12#1"": 0.0007143671834126726, ""HCP_A3#2"": 0.0028169382674242504, ""HCP_A3#3"": 0.0019657170099248223}"
0.8,0.015,0.125,0.05,0.01,True,False,0.8,0.01,"{""BCC_B2#1"": 0.9907068574477793, ""C15_LAVES#1"": 0.003772334699722292, ""FCC_L12#1"": 0.000714729735080202, ""HCP_A3#2"": 0.002831785300020529, ""HCP_A3#3"": 0.0019742928173976425}"
0.8,0.015,0.13,0.045,0.01,True,False,0.8,0.01,"{""BCC_B2#1"": 0.9916687915349482, ""C15_LAVES#1"": 0.0027866330427756907, ""FCC_L12#1"": 0.0007150854557191693, ""HCP_A3#2"": 0.0028467014318556247, ""HCP_A3#3"": 0.0019827885347010916}"
0.7999999999999999,0.015,0.135,0.04,0.01,True,False,0.8,0.01,"{""BCC_B2#1"": 0.9927007785548908, ""C15_LAVES#1"": 0.0017309763468559463, ""FCC_L12#1"": 0.0007154339674252916, ""HCP_A3#2"": 0.0028616631308712535, ""HCP_A3#3"": 0.0019911479999567675}"
0.7999999999999999,0.015,0.14,0.035,0.01,True,False,0.8,0.01,"{""BCC_B2#1"": 0.9938083515984442, ""C15_LAVES#1"": 0.0005999305844390071, ""FCC_L12#1"": 0.0007157749242169671, ""HCP_A3#2"": 0.0028766448724001983, ""HCP_A3#3"": 0.0019992980204996584}"
0.8,0.015,0.145,0.03,0.01,True,True,0.8,0.01,"{""BCC_B2#1"": 0.9944195680462365, ""FCC_L12#1"": 0.0007155366581553202, ""HCP_A3#2"": 0.0028719535565617385, ""HCP_A3#3"": 0.0019929417390464124}"
0.8,0.015,0.15,0.025,0.01,True,True,0.8,0.01,"{""BCC_B2#1"": 0.9944656575130222, ""FCC_L12#1"": 0.000714710674236472, ""HCP_A3#2"": 0.00284785101559209, ""HCP_A3#3"": 0.0019717807971491247}"
0.8,0.015,0.155,0.02,0.01,True,True,0.8,0.01,"{""BCC_B2#1"": 0.9945119521420496, ""FCC_L12#1"": 0.000713878897631096, ""HCP_A3#2"": 0.002824488257937942, ""HCP_A3#3"": 0.001949680702381136}"
0.8,0.015,0.16,0.015,0.01,True,True,0.8,0.01,"{""BCC_B2#1"": 0.9945593665783699, ""FCC_L12#1"": 0.0007130451915021012, ""HCP_A3#2"": 0.002801897200423608, ""HCP_A3#3"": 0.0019256910297043301}"
0.8,0.015,0.165,0.01,0.01,True,True,0.8,0.01,"{""BCC_B2#1"": 0.9946093446642124, ""FCC_L12#1"": 0.0007122151048262535, ""HCP_A3#2"": 0.002780132685812031, ""HCP_A3#3"": 0.0018983075451493943}"
0.8,0.015,0.17,0.005,0.01,True,True,0.8,0.01,"{""BCC_B2#1"": 0.9946641615115565, ""FCC_L12#1"": 0.0007113968335977064, ""HCP_A3#2"": 0.0027592841671991723, ""HCP_A3#3"": 0.0018651574876467941}"
0.8,0.015,0.175,0.0,0.01,True,True,0.8,0.01,"{""BCC_B2#1"": 0.9947273763373504, ""FCC_L12#1"": 0.0007106026256143561, ""HCP_A3#2"": 0.002739491742847192, ""HCP_A3#3"": 0.0018225292941881914}"
0.8,0.02,0.0,0.17,0.01,True,False,0.8,0.01,"{""BCC_B2#1"": 0.9787534229751153, ""C15_LAVES#1"": 0.01636976157769203, ""FCC_L12#1"": 0.0007008544679510834, ""HCP_A3#2"": 0.0024427776585573967, ""HCP_A3#3"": 0.0017331833206843381}"
0.8,0.02,0.005,0.165,0.01,True,False,0.8,0.01,"{""BCC_B2#1"": 0.9789093799556613, ""C15_LAVES#1"": 0.01619928887382531, ""FCC_L12#1"": 0.0007012486816852715, ""HCP_A3#2"": 0.0024516410430130992, ""HCP_A3#3"": 0.0017384414458151368}"
0.8,0.02,0.01,0.16,0.01,True,False,0.8,0.01,"{""BCC_B2#1"": 0.9790759749381455, ""C15_LAVES#1"": 0.016017789265041663, ""FCC_L12#1"": 0.000701647706219888, ""HCP_A3#2"": 0.0024607474576109583, ""HCP_A3#3"": 0.0017438406329820535}"
0.8,0.02,0.015,0.155,0.01,True,False,0.8,0.01,"{""BCC_B2#1"": 0.9792539851831062, ""C15_LAVES#1"": 0.015824485411632463, ""FCC_L12#1"": 0.0007020512292838122, ""HCP_A3#2"": 0.0024700969825650304, ""HCP_A3#3"": 0.0017493811934124305}"
0.8,0.02,0.02,0.15,0.01,True,False,0.8,0.01,"{""BCC_B2#1"": 0.9794442469785232, ""C15_LAVES#1"": 0.015618541317496112, ""FCC_L12#1"": 0.0007024589292220772, ""HCP_A3#2"": 0.002479689478595515, ""HCP_A3#3"": 0.0017550632961630703}"
0.8,0.02,0.025,0.145,0.01,True,False,0.8,0.01,"{""BCC_B2#1"": 0.9796476604612933, ""C15_LAVES#1"": 0.015399057553064222, ""FCC_L12#1"": 0.0007028704749097109, ""HCP_A3#2"": 0.002489524564115673, ""HCP_A3#3"": 0.0017608869466169638}"
0.8,0.02,0.03,0.14,0.01,True,False,0.8,0.01,"{""BCC_B2#1"": 0.9798651948672551, ""C15_LAVES#1"": 0.015165066055232124, ""FCC_L12#1"": 0.0007032855256896787, ""HCP_A3#2"": 0.002499601590162422, ""HCP_A3#3"": 0.0017668519616609974}"
0.8,0.02,0.035,0.135,0.01,True,False,0.8,0.01,"{""BCC_B2#1"": 0.9800978942492581, ""C15_LAVES#1"": 0.01491552446581346, ""FCC_L12#1"": 0.0007037037313391635, ""HCP_A3#2"": 0.0025099196128731687, ""HCP_A3#3"": 0.0017729579407162587}"
0.8,0.02,0.04,0.13,0.01,True,False,0.8,0.01,"{""BCC_B2#1"": 0.9803468837069887, ""C15_LAVES#1"": 0.014649309966147165, ""FCC_L12#1"": 0.0007041247320679245, ""HCP_A3#2"": 0.002520477363275266, ""HCP_A3#3"": 0.0017792042315206919}"
0.8,0.02,0.045,0.125,0.01,True,False,0.8,0.01,"{""BCC_B2#1"": 0.980613376176912, ""C15_LAVES#1"": 0.01436521256115319, ""FCC_L12#1"": 0.0007045481585529307, ""HCP_A3#2"": 0.0025312732141867878, ""HCP_A3#3"": 0.0017855898891952454}"
0.8,0.02,0.05,0.12,0.01,True,False,0.8,0.01,"{""BCC_B2#1"": 0.9808986798357604, ""C15_LAVES#1"": 0.014061927761610324, ""FCC_L12#1"": 0.000704973632013874, ""HCP_A3#2"": 0.002542305143993252, ""HCP_A3#3"": 0.0017921136266223748}"
0.8,0.02,0.055,0.115,0.01,True,False,0.8,0.01,"{""BCC_B2#1"": 0.9812042061766423, ""C15_LAVES#1"": 0.013738048608453873, ""FCC_L12#1"": 0.0007054007643348626, ""HCP_A3#2"": 0.002553570697086172, ""HCP_A3#3"": 0.0017987737534826901}"
0.8,0.02,0.06,0.11,0.01,True,False,0.8,0.01,"{""BCC_B2#1"": 0.9815314788229148, ""C15_LAVES#1"": 0.013392056977744083, ""FCC_L12#1"": 0.0007058291582385103, ""HCP_A3#2"": 0.0025650669407387824, ""HCP_A3#3"": 0.0018055681003636447}"
0.8,0.02,0.065,0.105,0.01,True,False,0.8,0.01,"{""BCC_B2#1"": 0.9818821431515354, ""C15_LAVES#1"": 0.013022314099653414, ""FCC_L12#1"": 0.0007062584075199608, ""HCP_A3#2"": 0.00257679041820738, ""HCP_A3#3"": 0.0018124939230839193}"
0.8,0.02,0.07,0.1,0.01,True,False,0.8,0.01,"{""BCC_B2#1"": 0.9822579768046449, ""C15_LAVES#1"": 0.012627050219510274, ""FCC_L12#1"": 0.0007066880973503638, ""HCP_A3#2"": 0.0025887370978508774, ""HCP_A3#3"": 0.0018195477806435276}"
0.8,0.02,0.075,0.095,0.01,True,False,0.8,0.01,"{""BCC_B2#1"": 0.982660901175399, ""C15_LAVES#1"": 0.01220435332401848, ""FCC_L12#1"": 0.0007071178046621491, ""HCP_A3#2"": 0.002600902318078133, ""HCP_A3#3"": 0.001826725377842346}"
0.8,0.02,0.08,0.09,0.01,True,False,0.8,0.01,"{""BCC_B2#1"": 0.9830929939615459, ""C15_LAVES#1"": 0.011752156851479532, ""FCC_L12#1"": 0.0007075470986326544, ""HCP_A3#2"": 0.0026132807279661626, ""HCP_A3#3"": 0.0018340213603755806}"
0.8,0.02,0.085,0.085,0.01,True,False,0.8,0.01,"{""BCC_B2#1"": 0.9835565028875669, ""C15_LAVES#1"": 0.01126822630196496, ""FCC_L12#1"": 0.000707975541288596, ""HCP_A3#2"": 0.002625866223385188, ""HCP_A3#3"": 0.0018414290457945473}"
0.8,0.02,0.09,0.08,0.01,True,False,0.8,0.01,"{""BCC_B2#1"": 0.9840538607024247, ""C15_LAVES#1"": 0.010750144663501165, ""FCC_L12#1"": 0.0007084026882629161, ""HCP_A3#2"": 0.002638651878130611, ""HCP_A3#3"": 0.0018489400676804646}"
0.8,0.02,0.095,0.075,0.01,True,False,0.8,0.01,"{""BCC_B2#1"": 0.9845877015680804, ""C15_LAVES#1"": 0.010195296568556568, ""FCC_L12#1"": 0.0007088280897480241, ""HCP_A3#2"": 0.0026516298715248106, ""HCP_A3#3"": 0.0018565439020902428}"
0.8,0.02,0.1,0.07,0.01,True,False,0.8,0.01,"{""BCC_B2#1"": 0.9851608789538863, ""C15_LAVES#1"": 0.009600851109354722, ""FCC_L12#1"": 0.0007092512917049497, ""HCP_A3#2"": 0.0026647914110147783, ""HCP_A3#3"": 0.0018642272340391398}"
0.8,0.02,0.105,0.065,0.01,True,False,0.8,0.01,"{""BCC_B2#1"": 0.9857764851547064, ""C15_LAVES#1"": 0.008963743251413846, ""FCC_L12#1"": 0.0007096718374177295, ""HCP_A3#2"": 0.002678126650174415, ""HCP_A3#3"": 0.0018719731062877129}"
0.8,0.02,0.11,0.06,0.01,True,False,0.8,0.01,"{""BCC_B2#1"": 0.9864378725469283, ""C15_LAVES#1"": 0.008280653809095121, ""FCC_L12#1"": 0.0007100892695128772, ""HCP_A3#2"": 0.0026916246029948083, ""HCP_A3#3"": 0.0018797597714691526}"
0.8,0.02,0.115,0.055,0.01,True,False,0.8,0.01,"{""BCC_B2#1"": 0.9871486766843902, ""C15_LAVES#1"": 0.007547987988601773, ""FCC_L12#1"": 0.0007105031326151131, ""HCP_A3#2"": 0.002705273054836648, ""HCP_A3#3"": 0.0018875591395563793}"
0.8,0.02,0.12,0.05,0.01,True,False,0.8,0.01,"{""BCC_B2#1"": 0.9879128413153511, ""C15_LAVES#1"": 0.0067618525639194975, ""FCC_L12#1"": 0.0007109129768790223, ""HCP_A3#2"": 0.002719058470950335, ""HCP_A3#3"": 0.0018953346728999897}"
0.8,0.02,0.125,0.045,0.01,True,False,0.8,0.01,"{""BCC_B2#1"": 0.9887346453659008, ""C15_LAVES#1"": 0.005918031841045274, ""FCC_L12#1"": 0.000711318362730074, ""HCP_A3#2"": 0.0027329659038804067, ""HCP_A3#3"": 0.0019030385264434998}"
0.8,0.02,0.13,0.04,0.01,True,False,0.8,0.01,"{""BCC_B2#1"": 0.989618731880188, ""C15_LAVES#1"": 0.005011962694246194, ""FCC_L12#1"": 0.0007117188672850889, ""HCP_A3#2"": 0.002746978901586849, ""HCP_A3#3"": 0.0019106076566936675}"
0.8,0.02,0.135,0.035,0.01,True,False,0.8,0.01,"{""BCC_B2#1"": 0.9905701388234481, ""C15_LAVES#1"": 0.004038709144637165, ""FCC_L12#1"": 0.0007121140930947341, ""HCP_A3#2"": 0.002761079418891588, ""HCP_A3#3"": 0.001917958519928271}"
0.8,0.02,0.14,0.03,0.01,True,False,0.8,0.01,"{""BCC_B2#1"": 0.991594331533649, ""C15_LAVES#1"": 0.002992937208568744, ""FCC_L12#1"": 0.0007125036801130434, ""HCP_A3#2"": 0.002775247735708872, ""HCP_A3#3"": 0.001924979841960615}"
0.8,0.02,0.145,0.025,0.01,True,False,0.8,0.01,"{""BCC_B2#1"": 0.9926972364328085, ""C15_LAVES#1"": 0.0018688911081242829, ""FCC_L12#1"": 0.000712887322133384, ""HCP_A3#2"": 0.002789462386821685, ""HCP_A3#3"": 0.0019315227501119428}"
0.8,0.02,0.15,0.02,0.01,True,False,0.8,0.01,"{""BCC_B2#1"": 0.9938852753648676, ""C15_LAVES#1"": 0.0006603724377985057, ""FCC_L12#1"": 0.0007132647894063434, ""HCP_A3#2"": 0.002803700109470284, ""HCP_A3#3"": 0.001937387298457315}"
0.8,0.02,0.155,0.015,0.01,True,True,0.8,0.01,"{""BCC_B2#1"": 0.9945578636082323, ""FCC_L12#1"": 0.0007130525763183003, ""HCP_A3#2"": 0.0028002548857385973, ""HCP_A3#3"": 0.0019288289297110844}"
0.8,0.02,0.16,0.01,0.01,True,True,0.8,0.01,"{""BCC_B2#1"": 0.9946059435362031, ""FCC_L12#1"": 0.0007122154211625672, ""HCP_A3#2"": 0.002778454066642927, ""HCP_A3#3"": 0.0019033869759916332}"
0.8,0.02,0.165,0.005,0.01,True,True,0.8,0.01,"{""BCC_B2#1"": 0.9946577724997794, ""FCC_L12#1"": 0.0007113864562918133, ""HCP_A3#2"": 0.002757510768069984, ""HCP_A3#3"": 0.001873330275858919}"
0.8,0.02,0.17,0.0,0.01,True,True,0.8,0.01,"{""BCC_B2#1"": 0.9947162923150018, ""FCC_L12#1"": 0.0007105759180524333, ""HCP_A3#2"": 0.0027375382539649323, ""HCP_A3#3"": 0.001835593512981126}"
0.8,0.025,0.0,0.165,0.01,True,False,0.8,0.01,"{""BCC_B2#1"": 0.9781799691516583, ""C15_LAVES#1"": 0.01704453013414206, ""FCC_L12#1"": 0.0006974561198447908, ""HCP_A3#2"": 0.0023847973427093003, ""HCP_A3#3"": 0.0016932472516452814}"
0.8,0.025,0.005,0.16,0.01,True,False,0.8,0.01,"{""BCC_B2#1"": 0.9783148498590992, ""C15_LAVES#1"": 0.01689616195499819, ""FCC_L12#1"": 0.0006978527989529805, ""HCP_A3#2"": 0.0023930977422399646, ""HCP_A3#3"": 0.0016980376447095918}"
0.8,0.025,0.01,0.155,0.01,True,False,0.8,0.01,"{""BCC_B2#1"": 0.9784594651262267, ""C15_LAVES#1"": 0.0167376796354036, ""FCC_L12#1"": 0.0006982555236965971, ""HCP_A3#2"": 0.0024016350697331663, ""HCP_A3#3"": 0.0017029646449398736}"
0.8,0.025,0.015,0.15,0.01,True,False,0.8,0.01,"{""BCC_B2#1"": 0.9786145555219217, ""C15_LAVES#1"": 0.01656834207123826, ""FCC_L12#1"": 0.0006986640132705902, ""HCP_A3#2"": 0.002410409517871154, ""HCP_A3#3"": 0.001708028875698261}"
0.8,0.025,0.02,0.145,0.01,True,False,0.8,0.01,"{""BCC_B2#1"": 0.9787809193994077, ""C15_LAVES#1"": 0.01638735068775084, ""FCC_L12#1"": 0.0006990779769006281, ""HCP_A3#2"": 0.0024194210940292815, ""HCP_A3#3"": 0.0017132308419115039}"
0.8,0.025,0.025,0.14,0.01,True,False,0.8,0.01,"{""BCC_B2#1"": 0.9789594178164734, ""C15_LAVES#1"": 0.016193844559488496, ""FCC_L12#1"": 0.0006994971136365929, ""HCP_A3#2"": 0.0024286696034439177, ""HCP_A3#3"": 0.00171857090695782}"
0.8,0.025,0.03,0.135,0.01,True,False,0.8,0.01,"{""BCC_B2#1"": 0.9791509799060698, ""C15_LAVES#1"": 0.01598689508653613, ""FCC_L12#1"": 0.0006999211121532315, ""HCP_A3#2"": 0.002438154630505204, ""HCP_A3#3"": 0.0017240492647355424}"
0.8,0.025,0.035,0.13,0.01,True,False,0.8,0.01,"{""BCC_B2#1"": 0.9793566087376275, ""C15_LAVES#1"": 0.01576550018832526, ""FCC_L12#1"": 0.0007003496505620259, ""HCP_A3#2"": 0.002447875517964531, ""HCP_A3#3"": 0.001729665905520631}"
0.8,0.025,0.04,0.125,0.01,True,False,0.8,0.01,"{""BCC_B2#1"": 0.9795773877133681, ""C15_LAVES#1"": 0.015528577972826878, ""FCC_L12#1"": 0.0007007823962385035, ""HCP_A3#2"": 0.0024578313438072758, ""HCP_A3#3"": 0.0017354205737593084}"
0.8,0.025,0.045,0.12,0.01,True,False,0.8,0.01,"{""BCC_B2#1"": 0.9798144875482274, ""C15_LAVES#1"": 0.01527495983521059, ""FCC_L12#1"": 0.0007012190056700229, ""HCP_A3#2"": 0.002468020895572887, ""HCP_A3#3"": 0.0017413127153192065}"
0.8,0.025,0.05,0.115,0.01,True,False,0.8,0.01,"{""BCC_B2#1"": 0.9800691738866572, ""C15_LAVES#1"": 0.015003382936259843, ""FCC_L12#1"": 0.0007016591243302711, ""HCP_A3#2"": 0.0024784426418703, ""HCP_A3#3"": 0.001747341410882172}"
0.8,0.025,0.055,0.11,0.01,True,False,0.8,0.01,"{""BCC_B2#1"": 0.9803428156145871, ""C15_LAVES#1"": 0.014712482006956322, ""FCC_L12#1"": 0.0007021023865882415, ""HCP_A3#2"": 0.0024890947008422365, ""HCP_A3#3"": 0.0017535052910260032}"
0.8,0.025,0.06,0.105,0.01,True,False,0.8,0.01,"{""BCC_B2#1"": 0.980636893930164, ""C15_LAVES#1"": 0.01440078042183153, ""FCC_L12#1"": 0.0007025484156614725, ""HCP_A3#2"": 0.0024999748053367455, ""HCP_A3#3"": 0.0017598024270065583}"
0.8,0.025,0.065,0.1,0.01,True,False,0.8,0.01,"{""BCC_B2#1"": 0.9809530122423591, ""C15_LAVES#1"": 0.01406668048042187, ""FCC_L12#1"": 0.0007029968236260192, ""HCP_A3#2"": 0.002511080264418884, ""HCP_A3#3"": 0.0017662301891743673}"
0.8,0.025,0.07,0.095,0.01,True,False,0.8,0.01,"{""BCC_B2#1"": 0.9812929069722098, ""C15_LAVES#1"": 0.013708452833244792, ""FCC_L12#1"": 0.0007034472115006798, ""HCP_A3#2"": 0.0025224079208959185, ""HCP_A3#3"": 0.001772785062149066}"
0.8,0.025,0.075,0.09,0.01,True,False,0.8,0.01,"{""BCC_B2#1"": 0.9816584593388656, ""C15_LAVES#1"": 0.013324224983781918, ""FCC_L12#1"": 0.0007038991694253217, ""HCP_A3#2"": 0.0025339541058822627, ""HCP_A3#3"": 0.0017794624020449964}"
0.8,0.025,0.08,0.085,0.01,True,False,0.8,0.01,"{""BCC_B2#1"": 0.9820517082135347, ""C15_LAVES#1"": 0.01291196880549651, ""FCC_L12#1"": 0.0007043522769643128, ""HCP_A3#2"": 0.0025457145880927005, ""HCP_A3#3"": 0.001786256115911662}"
0.8,0.025,0.085,0.08,0.01,True,False,0.8,0.01,"{""BCC_B2#1"": 0.9824748641331905, ""C15_LAVES#1"": 0.012469487007756387, ""FCC_L12#1"": 0.0007048061035747193, ""HCP_A3#2"": 0.0025576845189611078, ""HCP_A3#3"": 0.001793158236517191}"
0.8,0.025,0.09,0.075,0.01,True,False,0.8,0.01,"{""BCC_B2#1"": 0.9829303245670941, ""C15_LAVES#1"": 0.01199439849422619, ""FCC_L12#1"": 0.0007052602092930205, ""HCP_A3#2"": 0.0025698583732747396, ""HCP_A3#3"": 0.0018001583561122073}"
0.8,0.025,0.095,0.07,0.01,True,False,0.8,0.01,"{""BCC_B2#1"": 0.9834206905300419, ""C15_LAVES#1"": 0.01148412256912443, ""FCC_L12#1"": 0.0007057141457147013, ""HCP_A3#2"": 0.002582229885200198, ""HCP_A3#3"": 0.0018072428699186596}"
0.8,0.025,0.1,0.065,0.01,True,False,0.8,0.01,"{""BCC_B2#1"": 0.9839487846335719, ""C15_LAVES#1"": 0.010935861966750143, ""FCC_L12#1"": 0.0007061674573686901, ""HCP_A3#2"": 0.002594791979721539, ""HCP_A3#3"": 0.0018143939625877691}"
0.8,0.025,0.105,0.06,0.01,True,False,0.8,0.01,"{""BCC_B2#1"": 0.9845176706583582, ""C15_LAVES#1"": 0.01034658471124616, ""FCC_L12#1"": 0.0007066196836266428, ""HCP_A3#2"": 0.002607536699655188, ""HCP_A3#3"": 0.0018215882471134246}"
0.8,0.025,0.11,0.055,0.01,True,False,0.8,0.01,"{""BCC_B2#1"": 0.9851306747155105, ""C15_LAVES#1"": 0.009713004861141896, ""FCC_L12#1"": 0.0007070703613398041, ""HCP_A3#2"": 0.002620455128575688, ""HCP_A3#3"": 0.0018287949334318146}"
0.8,0.025,0.115,0.05,0.01,True,False,0.8,0.01,"{""BCC_B2#1"": 0.9857914080382336, ""C15_LAVES#1"": 0.00903156226292057, ""FCC_L12#1"": 0.0007075190284683595, ""HCP_A3#2"": 0.0026335373102325406, ""HCP_A3#3"": 0.001835973360145035}"
0.8,0.025,0.12,0.045,0.01,True,False,0.8,0.01,"{""BCC_B2#1"": 0.9865037914039232, ""C15_LAVES#1"": 0.008298401538289252, ""FCC_L12#1"": 0.0007079652290673883, ""HCP_A3#2"": 0.0026467721653643853, ""HCP_A3#3"": 0.0018430696633559705}"
0.8,0.025,0.125,0.04,0.01,True,False,0.8,0.01,"{""BCC_B2#1"": 0.9872720811244083, ""C15_LAVES#1"": 0.007509350672299722, ""FCC_L12#1"": 0.0007084085201292195, ""HCP_A3#2"": 0.0026601474072444147, ""HCP_A3#3"": 0.0018500122759181302}"
0.8,0.025,0.13,0.035,0.01,True,False,0.8,0.01,"{""BCC_B2#1"": 0.9881008964505801, ""C15_LAVES#1"": 0.006659899769636113, ""FCC_L12#1"": 0.0007088484809675485, ""HCP_A3#2"": 0.002673649457869167, ""HCP_A3#3"": 0.0018567058409471185}"
0.8,0.025,0.135,0.03,0.01,True,False,0.8,0.01,"{""BCC_B2#1"": 0.9889952481063443, ""C15_LAVES#1"": 0.00574518082510084, ""FCC_L12#1"": 0.0007092847260816734, ""HCP_A3#2"": 0.002687263367439408, ""HCP_A3#3"": 0.00186302297503353}"
0.8,0.025,0.14,0.025,0.01,True,False,0.8,0.01,"{""BCC_B2#1"": 0.9899605674809574, ""C15_LAVES#1"": 0.004759949739985015, ""FCC_L12#1"": 0.000709716922783825, ""HCP_A3#2"": 0.002700972740747909, ""HCP_A3#3"": 0.0018687931155258136}"
0.8,0.025,0.145,0.02,0.01,True,False,0.8,0.01,"{""BCC_B2#1"": 0.9910027357489203, ""C15_LAVES#1"": 0.003698572346345408, ""FCC_L12#1"": 0.0007101448153409602, ""HCP_A3#2"": 0.0027147596753229076, ""HCP_A3#3"": 0.0018737874140705867}"
0.8,0.025,0.15,0.015,0.01,True,False,0.8,0.01,"{""BCC_B2#1"": 0.9921281118262388, ""C15_LAVES#1"": 0.002555016927456637, ""FCC_L12#1"": 0.0007105682580179836, ""HCP_A3#2"": 0.0027286047177535735, ""HCP_A3#3"": 0.0018776982705327465}"
0.8,0.025,0.155,0.01,0.01,True,False,0.8,0.01,"{""BCC_B2#1"": 0.993343557575817, ""C15_LAVES#1"": 0.0013228567130723486, ""FCC_L12#1"": 0.0007109872602704057, ""HCP_A3#2"": 0.00274248684659154, ""HCP_A3#3"": 0.0018801116042489467}"
0.8,0.025,0.16,0.005,0.01,True,True,0.8,0.01,"{""BCC_B2#1"": 0.9946519672665471, ""FCC_L12#1"": 0.0007113977867215368, ""HCP_A3#2"": 0.002756265486272919, ""HCP_A3#3"": 0.0018803694604587662}"
0.8,0.025,0.165,0.0,0.01,True,True,0.8,0.01,"{""BCC_B2#1"": 0.994706608243589, ""FCC_L12#1"": 0.0007105735994357688, ""HCP_A3#2"": 0.0027361412145146423, ""HCP_A3#3"": 0.0018466769424603678}"
0.8,0.03,0.0,0.16,0.01,True,False,0.8,0.01,"{""BCC_B2#1"": 0.9777348163581192, ""C15_LAVES#1"": 0.017570919467599956, ""FCC_L12#1"": 0.0006945076861458773, ""HCP_A3#2"": 0.0023381300611677253, ""HCP_A3#3"": 0.0016616264269675646}"
0.8,0.03,0.005,0.155,0.01,True,False,0.8,0.01,"{""BCC_B2#1"": 0.9778534057684924, ""C15_LAVES#1"": 0.017439516320126313, ""FCC_L12#1"": 0.0006949083339594955, ""HCP_A3#2"": 0.002346072941638724, ""HCP_A3#3"": 0.001666096635783026}"
0.8,0.03,0.01,0.15,0.01,True,False,0.8,0.01,"{""BCC_B2#1"": 0.9779810701876616, ""C15_LAVES#1"": 0.017298662676780607, ""FCC_L12#1"": 0.0006953160809890247, ""HCP_A3#2"": 0.0023542501258426315, ""HCP_A3#3"": 0.0016707009287261685}"
0.8,0.03,0.015,0.145,0.01,True,False,0.8,0.01,"{""BCC_B2#1"": 0.9781185243245979, ""C15_LAVES#1"": 0.01714764310563926, ""FCC_L12#1"": 0.0006957306671148324, ""HCP_A3#2"": 0.002362661800201314, ""HCP_A3#3"": 0.001675440102446671}"
0.8,0.03,0.02,0.14,0.01,True,False,0.8,0.01,"{""BCC_B2#1"": 0.9782665396651972, ""C15_LAVES#1"": 0.016985685699080353, ""FCC_L12#1"": 0.0006961518216097542, ""HCP_A3#2"": 0.0023713079794078543, ""HCP_A3#3"": 0.0016803148347048899}"
0.8,0.03,0.025,0.135,0.01,True,False,0.8,0.01,"{""BCC_B2#1"": 0.9784259494907667, ""C15_LAVES#1"": 0.016811957096471583, ""FCC_L12#1"": 0.0006965792628740184, ""HCP_A3#2"": 0.002380188494105794, ""HCP_A3#3"": 0.001685325655782066}"
0.8,0.03,0.03,0.13,0.01,True,False,0.8,0.01,"{""BCC_B2#1"": 0.9785976543698676, ""C15_LAVES#1"": 0.016625557042307622, ""FCC_L12#1"": 0.0006970126981639136, ""HCP_A3#2"": 0.0023893029769714797, ""HCP_A3#3"": 0.0016904729126892375}"
0.8,0.03,0.035,0.125,0.01,True,False,0.8,0.01,"{""BCC_B2#1"": 0.9787826281647048, ""C15_LAVES#1"": 0.016425512441072314, ""FCC_L12#1"": 0.0006974518233189107, ""HCP_A3#2"": 0.0023986508469492915, ""HCP_A3#3"": 0.001695756723954652}"
0.8,0.03,0.04,0.12,0.01,True,False,0.8,0.01,"{""BCC_B2#1"": 0.9789819245971129, ""C15_LAVES#1"": 0.01621077086695242, ""FCC_L12#1"": 0.0006978963224926224, ""HCP_A3#2"": 0.002408231291407653, ""HCP_A3#3"": 0.0017011769220343714}"
0.8,0.03,0.045,0.115,0.01,True,False,0.8,0.01,"{""BCC_B2#1"": 0.979196684422997, ""C15_LAVES#1"": 0.015980193483866034, ""FCC_L12#1"": 0.0006983458678943131, ""HCP_A3#2"": 0.0024180432458393596, ""HCP_A3#3"": 0.0017067329794032949}"
0.8,0.03,0.05,0.11,0.01,True,False,0.8,0.01,"{""BCC_B2#1"": 0.9794281432684291, ""C15_LAVES#1"": 0.015732547328112204, ""FCC_L12#1"": 0.0006988001195509871, ""HCP_A3#2"": 0.0024280853708469993, ""HCP_A3#3"": 0.0017124239130605697}"
0.8,0.03,0.055,0.105,0.01,True,False,0.8,0.01,"{""BCC_B2#1"": 0.9796776401865234, ""C15_LAVES#1"": 0.015466496900763762, ""FCC_L12#1"": 0.0006992587250993111, ""HCP_A3#2"": 0.002438356027226828, ""HCP_A3#3"": 0.0017182481603866253}"
0.8,0.03,0.06,0.1,0.01,True,False,0.8,0.01,"{""BCC_B2#1"": 0.9799466269947578, ""C15_LAVES#1"": 0.015180595021754943, ""FCC_L12#1"": 0.0006997213196242738, ""HCP_A3#2"": 0.002448853246939238, ""HCP_A3#3"": 0.00172420341692393}"
0.8,0.03,0.065,0.095,0.01,True,False,0.8,0.01,"{""BCC_B2#1"": 0.9802366784610841, ""C15_LAVES#1"": 0.014873272888960207, ""FCC_L12#1"": 0.0007001875255637025, ""HCP_A3#2"": 0.0024595747009846986, ""HCP_A3#3"": 0.0017302864234071402}"
0.8,0.03,0.07,0.09,0.01,True,False,0.8,0.01,"{""BCC_B2#1"": 0.9805495034094468, ""C15_LAVES#1"": 0.014542829289100476, ""FCC_L12#1"": 0.0007006569527041, ""HCP_A3#2"": 0.002470517663703526, ""HCP_A3#3"": 0.0017364926850448584}"
0.8,0.03,0.075,0.085,0.01,True,False,0.8,0.01,"{""BCC_B2#1"": 0.9808869568191562, ""C15_LAVES#1"": 0.014187418909109172, ""FCC_L12#1"": 0.0007011291983022097, ""HCP_A3#2"": 0.002481678973209404, ""HCP_A3#3"": 0.0017428161002230361}"
0.8,0.03,0.08,0.08,0.01,True,False,0.8,0.01,"{""BCC_B2#1"": 0.9812510529951547, ""C15_LAVES#1"": 0.013805039701771124, ""FCC_L12#1"": 0.000701603847378135, ""HCP_A3#2"": 0.002493054987750085, ""HCP_A3#3"": 0.0017492484679457105}"
0.8,0.03,0.085,0.075,0.01,True,False,0.8,0.01,"{""BCC_B2#1"": 0.9816439798870051, ""C15_LAVES#1"": 0.013393519269203196, ""FCC_L12#1"": 0.0007020804732416348, ""HCP_A3#2"": 0.002504641537798876, ""HCP_A3#3"": 0.0017557788327509658}"
0.8,0.03,0.09,0.07,0.01,True,False,0.8,0.01,"{""BCC_B2#1"": 0.982068114632581, ""C15_LAVES#1"": 0.012950500243746865, ""FCC_L12#1"": 0.0007025586383347736, ""HCP_A3#2"": 0.0025164338737498153, ""HCP_A3#3"": 0.001762392611587422}"
0.8,0.03,0.095,0.065,0.01,True,False,0.8,0.01,"{""BCC_B2#1"": 0.9825260403966574, ""C15_LAVES#1"": 0.012473424670770838, ""FCC_L12#1"": 0.0007030378955035144, ""HCP_A3#2"": 0.0025284266091385793, ""HCP_A3#3"": 0.0017690704279296986}"
0.8,0.03,0.1,0.06,0.01,True,False,0.8,0.01,"{""BCC_B2#1"": 0.9830205645631008, ""C15_LAVES#1"": 0.011959517435080912, ""FCC_L12#1"": 0.0007035177898509979, ""HCP_A3#2"": 0.0025406136594428143, ""HCP_A3#3"": 0.0017757865525243235}"
0.8,0.03,0.105,0.055,0.01,True,False,0.8,0.01,"{""BCC_B2#1"": 0.9835547383197728, ""C15_LAVES#1"": 0.011405768826963302, ""FCC_L12#1"": 0.0007039978613799401, ""HCP_A3#2"": 0.002552988176620123, ""HCP_A3#3"": 0.0017825068152635814}"
0.8,0.03,0.11,0.05,0.01,True,False,0.8,0.01,"{""BCC_B2#1"": 0.9841318776442182, ""C15_LAVES#1"": 0.010808916421654179, ""FCC_L12#1"": 0.0007044776487060371, ""HCP_A3#2"": 0.0025655424797682343, ""HCP_A3#3"": 0.0017891858056530827}"
0.8,0.03,0.115,0.045,0.01,True,False,0.8,0.01,"{""BCC_B2#1"": 0.9847555856513116, ""C15_LAVES#1"": 0.01016542655599328, ""FCC_L12#1"": 0.0007049566942254516, ""HCP_A3#2"": 0.0025782679825168873, ""HCP_A3#3"": 0.0017957631159528115}"
0.8,0.03,0.12,0.04,0.01,True,False,0.8,0.01,"{""BCC_B2#1"": 0.9854297761950699, ""C15_LAVES#1"": 0.009471475839876991, ""FCC_L12#1"": 0.0007054345512569342, ""HCP_A3#2"": 0.002591155118129529, ""HCP_A3#3"": 0.0018021582956664877}"
0.8,0.03,0.125,0.035,0.01,True,False,0.8,0.01,"{""BCC_B2#1"": 0.9861586985177179, ""C15_LAVES#1"": 0.0087229333536741, ""FCC_L12#1"": 0.0007059107938654842, ""HCP_A3#2"": 0.0026041932637221057, ""HCP_A3#3"": 0.001808264071020545}"
0.8,0.03,0.13,0.03,0.01,True,False,0.8,0.01,"{""BCC_B2#1"": 0.9869469625986164, ""C15_LAVES#1"": 0.007915344477240547, ""FCC_L12#1"": 0.0007063850303269947, ""HCP_A3#2"": 0.0026173706656096724, ""HCP_A3#3"": 0.0018139372282064514}"
0.8,0.03,0.135,0.025,0.01,True,False,0.8,0.01,"{""BCC_B2#1"": 0.9877995646589104, ""C15_LAVES#1"": 0.0070439177002227975, ""FCC_L12#1"": 0.0007068569215347775, ""HCP_A3#2"": 0.0026306743685440494, ""HCP_A3#3"": 0.001818986350788101}"
0.8,0.03,0.14,0.02,0.01,True,False,0.8,0.01,"{""BCC_B2#1"": 0.988721912004745, ""C15_LAVES#1"": 0.006103516315071491, ""FCC_L12#1"": 0.0007073262061104276, ""HCP_A3#2"": 0.0026440901525708036, ""HCP_A3#3"": 0.0018231553215024246}"
0.8,0.03,0.145,0.015,0.01,True,False,0.8,0.01,"{""BCC_B2#1"": 0.9897198460155474, ""C15_LAVES#1"": 0.0050886576451116515, ""FCC_L12#1"": 0.0007077927346040329, ""HCP_A3#2"": 0.0026576024824947614, ""HCP_A3#3"": 0.0018261011222420699}"
0.8,0.03,0.15,0.01,0.01,True,False,0.8,0.01,"{""BCC_B2#1"": 0.990799661568089, ""C15_LAVES#1"": 0.003993523478868418, ""FCC_L12#1"": 0.00070825651600814, ""HCP_A3#2"": 0.002671194476454907, ""HCP_A3#3"": 0.0018273639605794706}"
0.8,0.03,0.155,0.005,0.01,True,False,0.8,0.01,"{""BCC_B2#1"": 0.991968120483249, ""C15_LAVES#1"": 0.002811986760789132, ""FCC_L12#1"": 0.0007087177809402232, ""HCP_A3#2"": 0.0026848479020791923, ""HCP_A3#3"": 0.0018263270729423412}"
0.8,0.03,0.16,0.0,0.01,True,False,0.8,0.01,"{""BCC_B2#1"": 0.9932324556250569, ""C15_LAVES#1"": 0.001537661452266097, ""FCC_L12#1"": 0.0007091770673633711, ""HCP_A3#2"": 0.0026985432109390074, ""HCP_A3#3"": 0.0018221626443747137}"
0.8,0.035,0.0,0.155,0.01,True,False,0.8,0.01,"{""BCC_B2#1"": 0.9773852760553807, ""C15_LAVES#1"": 0.017986508008287175, ""FCC_L12#1"": 0.0006919562112235276, ""HCP_A3#2"": 0.0023000459729158105, ""HCP_A3#3"": 0.001636213752192716}"
0.8,0.035,0.005,0.15,0.01,True,False,0.8,0.01,"{""BCC_B2#1"": 0.9774909331299365, ""C15_LAVES#1"": 0.01786849643783644, ""FCC_L12#1"": 0.0006923610993253939, ""HCP_A3#2"": 0.002307756518936164, ""HCP_A3#3"": 0.0016404528139652584}"
0.8,0.035,0.01,0.145,0.01,True,False,0.8,0.01,"{""BCC_B2#1"": 0.9776051790079278, ""C15_LAVES#1"": 0.017741522781290757, ""FCC_L12#1"": 0.0006927739812830314, ""HCP_A3#2"": 0.002315700186676015, ""HCP_A3#3"": 0.0016448240428222046}"
0.8,0.035,0.015,0.14,0.01,True,False,0.8,0.01,"{""BCC_B2#1"": 0.9777287103195628, ""C15_LAVES#1"": 0.017604889700582497, ""FCC_L12#1"": 0.0006931946105298904, ""HCP_A3#2"": 0.0023238770679885785, ""HCP_A3#3"": 0.0016493283013361711}"
0.8,0.035,0.02,0.135,0.01,True,False,0.8,0.01,"{""BCC_B2#1"": 0.9778622796279867, ""C15_LAVES#1"": 0.017457844243111212, ""FCC_L12#1"": 0.0006936227293554955, ""HCP_A3#2"": 0.002332287085802363, ""HCP_A3#3"": 0.0016539663137443777}"
0.8,0.035,0.025,0.13,0.01,True,False,0.8,0.01,"{""BCC_B2#1"": 0.9780067005513885, ""C15_LAVES#1"": 0.01729957276642868, ""FCC_L12#1"": 0.0006940580686377705, ""HCP_A3#2"": 0.0023409299857929133, ""HCP_A3#3"": 0.0016587386277522142}"
0.8,0.035,0.03,0.125,0.01,True,False,0.8,0.01,"{""BCC_B2#1"": 0.978162853382182, ""C15_LAVES#1"": 0.01712919537836039, ""FCC_L12#1"": 0.000694500347555841, ""HCP_A3#2"": 0.002349805326299811, ""HCP_A3#3"": 0.0016636455656021296}"
0.8,0.035,0.035,0.12,0.01,True,False,0.8,0.01,"{""BCC_B2#1"": 0.9783316912469855, ""C15_LAVES#1"": 0.016945759851131725, ""FCC_L12#1"": 0.0006949492732886074, ""HCP_A3#2"": 0.0023589124675976354, ""HCP_A3#3"": 0.0016686871609961523}"
0.8,0.035,0.04,0.115,0.01,True,False,0.8,0.01,"{""BCC_B2#1"": 0.9785142468505701, ""C15_LAVES#1"": 0.016748234972881585, ""FCC_L12#1"": 0.00069540454070612, ""HCP_A3#2"": 0.0023682505584858996, ""HCP_A3#3"": 0.001673863077356239}"
0.8,0.035,0.045,0.11,0.01,True,False,0.8,0.01,"{""BCC_B2#1"": 0.9787116398538389, ""C15_LAVES#1"": 0.016535503291982074, ""FCC_L12#1"": 0.0006958658320650524, ""HCP_A3#2"": 0.0023778185207142598, ""HCP_A3#3"": 0.001679172501399877}"
0.8,0.035,0.05,0.105,0.01,True,False,0.8,0.01,"{""BCC_B2#1"": 0.9789250849388529, ""C15_LAVES#1"": 0.016306353209349547, ""FCC_L12#1"": 0.0006963328167199638, ""HCP_A3#2"": 0.002387615031074153, ""HCP_A3#3"": 0.0016846140040035107}"
0.8,0.035,0.055,0.1,0.01,True,False,0.8,0.01,"{""BCC_B2#1"": 0.9791559006172823, ""C15_LAVES#1"": 0.016059470373423698, ""FCC_L12#1"": 0.0006968051508674744, ""HCP_A3#2"": 0.002397638500772688, ""HCP_A3#3"": 0.001690185357653997}"
0.8,0.035,0.06,0.095,0.01,True,False,0.8,0.01,"{""BCC_B2#1"": 0.9794055188423514, ""C15_LAVES#1"": 0.01579342833226554, ""FCC_L12#1"": 0.0006972824773452799, ""HCP_A3#2"": 0.002407887051829731, ""HCP_A3#3"": 0.0016958832962080382}"
0.8,0.035,0.065,0.09,0.01,True,False,0.8,0.01,"{""BCC_B2#1"": 0.979675495487428, ""C15_LAVES#1"": 0.01550667839894449, ""FCC_L12#1"": 0.0006977644255148486, ""HCP_A3#2"": 0.0024183584902214943, ""HCP_A3#3"": 0.0017017031978906222}"
0.8,0.035,0.07,0.085,0.01,True,False,0.8,0.01,"{""BCC_B2#1"": 0.9799675217566511, ""C15_LAVES#1"": 0.015197538690504947, ""FCC_L12#1"": 0.0006982506112657859, ""HCP_A3#2"": 0.002429050275522606, ""HCP_A3#3"": 0.0017076386660554912}"
0.8,0.035,0.075,0.08,0.01,True,False,0.8,0.01,"{""BCC_B2#1"": 0.9802834365939577, ""C15_LAVES#1"": 0.01486418230839561, ""FCC_L12#1"": 0.0006987406371922223, ""HCP_A3#2"": 0.0024399594868012983, ""HCP_A3#3"": 0.0017136809736534035}"
0.8,0.035,0.08,0.075,0.01,True,False,0.8,0.01,"{""BCC_B2#1"": 0.9806252401558104, ""C15_LAVES#1"": 0.014504624640769457, ""FCC_L12#1"": 0.0006992340930083002, ""HCP_A3#2"": 0.0024510827845435844, ""HCP_A3#3"": 0.0017198183258682706}"
0.8,0.035,0.085,0.07,0.01,True,False,0.8,0.01,"{""BCC_B2#1"": 0.9809951084088709, ""C15_LAVES#1"": 0.014116709786399222, ""FCC_L12#1"": 0.0006997305562923576, ""HCP_A3#2"": 0.0024624163684355818, ""HCP_A3#3"": 0.0017260348800018155}"
0.8,0.035,0.09,0.065,0.01,True,False,0.8,0.01,"{""BCC_B2#1"": 0.9813954089055157, ""C15_LAVES#1"": 0.013698096128847159, ""FCC_L12#1"": 0.0007002295936799428, ""HCP_A3#2"": 0.0024739559308713088, ""HCP_A3#3"": 0.0017323094410855737}"
0.8,0.035,0.095,0.06,0.01,True,False,0.8,0.01,"{""BCC_B2#1"": 0.9818287177755715, ""C15_LAVES#1"": 0.013246241131524276, ""FCC_L12#1"": 0.0007007307626670863, ""HCP_A3#2"": 0.0024856966061334858, ""HCP_A3#3"": 0.0017386137241037847}"
0.8,0.035,0.1,0.055,0.01,True,False,0.8,0.01,"{""BCC_B2#1"": 0.9822978379495093, ""C15_LAVES#1"": 0.012758385484182257, ""FCC_L12#1"": 0.0007012336142409569, ""HCP_A3#2"": 0.002497632915325614, ""HCP_A3#3"": 0.0017449100367418315}"
0.8,0.035,0.105,0.05,0.01,True,False,0.8,0.01,"{""BCC_B2#1"": 0.9828058185932277, ""C15_LAVES#1"": 0.012231536815841637, ""FCC_L12#1"": 0.0007017376966305662, ""HCP_A3#2"": 0.0025097587072458517, ""HCP_A3#3"": 0.0017511481870542368}"
0.8,0.035,0.11,0.045,0.01,True,False,0.8,0.01,"{""BCC_B2#1"": 0.9833559756827501, ""C15_LAVES#1"": 0.011662453306927372, ""FCC_L12#1"": 0.0007022425605717694, ""HCP_A3#2"": 0.0025220670956362656, ""HCP_A3#3"": 0.0017572613541145445}"
0.7999999999999999,0.035,0.115,0.04,0.01,True,False,0.8,0.01,"{""BCC_B2#1"": 0.9839519135727213, ""C15_LAVES#1"": 0.011047627696303302, ""FCC_L12#1"": 0.0007027477666183046, ""HCP_A3#2"": 0.0025345503934746452, ""HCP_A3#3"": 0.001763160570882752}"
0.8,0.035,0.12,0.035,0.01,True,False,0.8,0.01,"{""BCC_B2#1"": 0.9845975473069273, ""C15_LAVES#1"": 0.010383272402897787, ""FCC_L12#1"": 0.0007032528952155274, ""HCP_A3#2"": 0.002547200045356361, ""HCP_A3#3"": 0.0017687273496031148}"
0.8,0.035,0.125,0.03,0.01,True,False,0.8,0.01,"{""BCC_B2#1"": 0.9852971252711021, ""C15_LAVES#1"": 0.009665306788036808, ""FCC_L12#1"": 0.0007037575605028772, ""HCP_A3#2"": 0.0025600065594677843, ""HCP_A3#3"": 0.0017738038208907044}"
0.8,0.035,0.13,0.025,0.01,True,False,0.8,0.01,"{""BCC_B2#1"": 0.9860552515829245, ""C15_LAVES#1"": 0.008889348001930865, ""FCC_L12#1"": 0.0007042614291464426, ""HCP_A3#2"": 0.0025729594412453654, ""HCP_A3#3"": 0.0017781795447526462}"
0.8,0.035,0.135,0.02,0.01,True,False,0.8,0.01,"{""BCC_B2#1"": 0.986876907331022, ""C15_LAVES#1"": 0.008050707424346534, ""FCC_L12#1"": 0.0007047642459539208, ""HCP_A3#2"": 0.0025860471315879525, ""HCP_A3#3"": 0.0017815738670898093}"
0.8,0.035,0.14,0.015,0.01,True,False,0.8,0.01,"{""BCC_B2#1"": 0.9877674693867857, ""C15_LAVES#1"": 0.007144395476462353, ""FCC_L12#1"": 0.0007052658686300888, ""HCP_A3#2"": 0.002599256953445924, ""HCP_A3#3"": 0.0017836123146760714}"
0.8,0.035,0.145,0.01,0.01,True,False,0.8,0.01,"{""BCC_B2#1"": 0.9887327249833266, ""C15_LAVES#1"": 0.006165138616916097, ""FCC_L12#1"": 0.0007057663148442749, ""HCP_A3#2"": 0.002612575071841304, ""HCP_A3#3"": 0.0017837950130717814}"
0.8,0.035,0.15,0.005,0.01,True,False,0.8,0.01,"{""BCC_B2#1"": 0.9897788795353208, ""C15_LAVES#1"": 0.005107413732640324, ""FCC_L12#1"": 0.0007062658258734175, ""HCP_A3#2"": 0.002625986473874373, ""HCP_A3#3"": 0.0017814544322910643}"
0.8,0.035,0.155,0.0,0.01,True,False,0.8,0.01,"{""BCC_B2#1"": 0.9909125541954773, ""C15_LAVES#1"": 0.003965507018924179, ""FCC_L12#1"": 0.0007067649525445657, ""HCP_A3#2"": 0.0026394749770602163, ""HCP_A3#3"": 0.0017756988559937397}"
0.8,0.04,0.0,0.15,0.01,True,False,0.8,0.01,"{""BCC_B2#1"": 0.9753527805504044, ""C15_LAVES#1"": 0.020974478034042045, ""FCC_L12#1"": 0.0006921523432022258, ""HCP_A3#2"": 0.0022767551091308555, ""ZRO2_MONO#1"": 0.0007038339632205444}"
0.8,0.04,0.005,0.145,0.01,True,False,0.8,0.01,"{""BCC_B2#1"": 0.9754450975448152, ""C15_LAVES#1"": 0.020874063701754857, ""FCC_L12#1"": 0.0006925715268272151, ""HCP_A3#2"": 0.0022845472248745544, ""ZRO2_MONO#1"": 0.0007037200017281214}"
0.8,0.04,0.01,0.14,0.01,True,False,0.8,0.01,"{""BCC_B2#1"": 0.976056719739706, ""C15_LAVES#1"": 0.019990139254366036, ""FCC_L12#1"": 0.0006922941875670508, ""HCP_A3#2"": 0.0022900290496152263, ""HCP_A3#3"": 0.0004706675188614328, ""ZRO2_MONO#1"": 0.000500150249884208}"
0.8,0.04,0.015,0.135,0.01,True,False,0.8,0.01,"{""BCC_B2#1"": 0.9774187599557933, ""C15_LAVES#1"": 0.01797013000765497, ""FCC_L12#1"": 0.0006910032335394216, ""HCP_A3#2"": 0.0022919823047974066, ""HCP_A3#3"": 0.0016281244982148902}"
0.8,0.04,0.02,0.13,0.01,True,False,0.8,0.01,"{""BCC_B2#1"": 0.977540732926544, ""C15_LAVES#1"": 0.017835008561077524, ""FCC_L12#1"": 0.0006914375023003516, ""HCP_A3#2"": 0.0023002382876254716, ""HCP_A3#3"": 0.0016325827224524928}"
0.8,0.04,0.025,0.125,0.01,True,False,0.8,0.01,"{""BCC_B2#1"": 0.9776731639825867, ""C15_LAVES#1"": 0.017689056769784908, ""FCC_L12#1"": 0.000691879787197306, ""HCP_A3#2"": 0.002308726192875782, ""HCP_A3#3"": 0.0016371732675553787}"
0.8,0.04,0.03,0.12,0.01,True,False,0.8,0.01,"{""BCC_B2#1"": 0.9778169196332488, ""C15_LAVES#1"": 0.017531408861528073, ""FCC_L12#1"": 0.0006923298143165897, ""HCP_A3#2"": 0.0023174454242304793, ""HCP_A3#3"": 0.001641896266676007}"
0.8,0.04,0.035,0.115,0.01,True,False,0.8,0.01,"{""BCC_B2#1"": 0.9779729389179063, ""C15_LAVES#1"": 0.01736112712376436, ""FCC_L12#1"": 0.0006927872974564011, ""HCP_A3#2"": 0.0023263951955675172, ""HCP_A3#3"": 0.0016467514653054395}"
0.8,0.04,0.04,0.11,0.01,True,False,0.8,0.01,"{""BCC_B2#1"": 0.9781422403381702, ""C15_LAVES#1"": 0.017177195097672876, ""FCC_L12#1"": 0.0006932519378295713, ""HCP_A3#2"": 0.002335574521920666, ""HCP_A3#3"": 0.0016517381044068075}"
0.8,0.04,0.045,0.105,0.01,True,False,0.8,0.01,"{""BCC_B2#1"": 0.9783259294486413, ""C15_LAVES#1"": 0.01697851015207407, ""FCC_L12#1"": 0.0006937234237624756, ""HCP_A3#2"": 0.002344982208348147, ""HCP_A3#3"": 0.001656854767173853}"
0.8,0.04,0.05,0.1,0.01,True,False,0.8,0.01,"{""BCC_B2#1"": 0.978525207157821, ""C15_LAVES#1"": 0.016763875397724927, ""FCC_L12#1"": 0.0006942014304085472, ""HCP_A3#2"": 0.002354616836438857, ""HCP_A3#3"": 0.0016620991776067633}"
0.8,0.04,0.055,0.095,0.01,True,False,0.8,0.01,"{""BCC_B2#1"": 0.9787413787935059, ""C15_LAVES#1"": 0.016531990903596288, ""FCC_L12#1"": 0.0006946856195004973, ""HCP_A3#2"": 0.002364476748175487, ""HCP_A3#3"": 0.0016674679352216217}"
0.8,0.04,0.06,0.09,0.01,True,False,0.8,0.01,"{""BCC_B2#1"": 0.9789758639892226, ""C15_LAVES#1"": 0.016281444179685557, ""FCC_L12#1"": 0.0006951756391726129, ""HCP_A3#2"": 0.002374560026880931, ""HCP_A3#3"": 0.0016729561650382465}"
0.8,0.04,0.065,0.085,0.01,True,False,0.8,0.01,"{""BCC_B2#1"": 0.9792302074494403, ""C15_LAVES#1"": 0.016010699896581534, ""FCC_L12#1"": 0.0006956711238941484, ""HCP_A3#2"": 0.002384864474976291, ""HCP_A3#3"": 0.0016785570551073588}"
0.8,0.04,0.07,0.08,0.01,True,False,0.8,0.01,"{""BCC_B2#1"": 0.979506090651033, ""C15_LAVES#1"": 0.015718088821439342, ""FCC_L12#1"": 0.000696171694567762, ""HCP_A3#2"": 0.0023953875882904924, ""HCP_A3#3"": 0.0016842612446695767}"
0.8,0.04,0.075,0.075,0.01,True,False,0.8,0.01,"{""BCC_B2#1"": 0.9798053445358665, ""C15_LAVES#1"": 0.01540179596476859, ""FCC_L12#1"": 0.0006966769588640423, ""HCP_A3#2"": 0.0024061265266751637, ""HCP_A3#3"": 0.0016900560138254812}"
0.8,0.04,0.08,0.07,0.01,True,False,0.8,0.01,"{""BCC_B2#1"": 0.9801299632436175, ""C15_LAVES#1"": 0.015059847954450848, ""FCC_L12#1"": 0.0006971865118864002, ""HCP_A3#2"": 0.0024170780807195417, ""HCP_A3#3"": 0.0016959242093257231}"
0.8,0.04,0.085,0.065,0.01,True,False,0.8,0.01,"{""BCC_B2#1"": 0.9804821189233905, ""C15_LAVES#1"": 0.014690099685540716, ""FCC_L12#1"": 0.0006976999372915114, ""HCP_A3#2"": 0.0024282386343672567, ""HCP_A3#3"": 0.0017018428194101962}"
0.8,0.04,0.09,0.06,0.01,True,False,0.8,0.01,"{""BCC_B2#1"": 0.9808641776458152, ""C15_LAVES#1"": 0.014290220340069262, ""FCC_L12#1"": 0.0006982168090322687, ""HCP_A3#2"": 0.002439604123346015, ""HCP_A3#3"": 0.0017077810817373246}"
0.8,0.04,0.095,0.055,0.01,True,False,0.8,0.01,"{""BCC_B2#1"": 0.9812787164112008, ""C15_LAVES#1"": 0.013857678935545098, ""FCC_L12#1"": 0.0006987366939461706, ""HCP_A3#2"": 0.0024511699893586068, ""HCP_A3#3"": 0.001713697969949198}"
0.8,0.04,0.1,0.05,0.01,True,False,0.8,0.01,"{""BCC_B2#1"": 0.98172854121089, ""C15_LAVES#1"": 0.0133897296503623, ""FCC_L12#1"": 0.0006992591554873665, ""HCP_A3#2"": 0.0024629311301369106, ""HCP_A3#3"": 0.0017195388531231356}"
0.8,0.04,0.105,0.045,0.01,True,False,0.8,0.01,"{""BCC_B2#1"": 0.9822167060433523, ""C15_LAVES#1"": 0.012883397298046712, ""FCC_L12#1"": 0.0006997837590016381, ""HCP_A3#2"": 0.0024748818455854016, ""HCP_A3#3"": 0.0017252310540142241}"
0.8,0.04,0.11,0.04,0.01,True,False,0.8,0.01,"{""BCC_B2#1"": 0.9827465327076377, ""C15_LAVES#1"": 0.012335463491854985, ""FCC_L12#1"": 0.0007003100790791777, ""HCP_A3#2"": 0.002487015780486051, ""HCP_A3#3"": 0.0017306779409418703}"
0.8,0.04,0.115,0.035,0.01,True,False,0.8,0.01,"{""BCC_B2#1"": 0.9833216310862918, ""C15_LAVES#1"": 0.011742454272628095, ""FCC_L12#1"": 0.0007008377097019843, ""HCP_A3#2"": 0.0024993258644825395, ""HCP_A3#3"": 0.0017357510668955536}"
0.8,0.04,0.12,0.03,0.01,True,False,0.8,0.01,"{""BCC_B2#1"": 0.9839459194762614, ""C15_LAVES#1"": 0.011100630287209447, ""FCC_L12#1"": 0.0007013662781464741, ""HCP_A3#2"": 0.0025118042504492207, ""HCP_A3#3"": 0.001740279707933603}"
0.8,0.04,0.125,0.025,0.01,True,False,0.8,0.01,"{""BCC_B2#1"": 0.984623644314878, ""C15_LAVES#1"": 0.010405981030467342, ""FCC_L12#1"": 0.0007018954639286463, ""HCP_A3#2"": 0.002524442252797883, ""HCP_A3#3"": 0.0017440369379280003}"
0.8,0.04,0.13,0.02,0.01,True,False,0.8,0.01,"{""BCC_B2#1"": 0.9853593983582062, ""C15_LAVES#1"": 0.009654225238908727, ""FCC_L12#1"": 0.000702425024516563, ""HCP_A3#2"": 0.0025372302878863312, ""HCP_A3#3"": 0.0017467210904821453}"
0.8,0.04,0.135,0.015,0.01,True,False,0.8,0.01,"{""BCC_B2#1"": 0.9861581359737355, ""C15_LAVES#1"": 0.00884082029886535, ""FCC_L12#1"": 0.0007029548301205917, ""HCP_A3#2"": 0.002550157819435116, ""HCP_A3#3"": 0.0017479310778433115}"
0.7999999999999999,0.04,0.14,0.01,0.01,True,False,0.8,0.01,"{""BCC_B2#1"": 0.9870251836719143, ""C15_LAVES#1"": 0.007960984575285527, ""FCC_L12#1"": 0.000703484910655987, ""HCP_A3#2"": 0.002563213312810281, ""HCP_A3#3"": 0.0017471335293340734}"
0.8,0.04,0.145,0.005,0.01,True,False,0.8,0.01,"{""BCC_B2#1"": 0.9879662432714984, ""C15_LAVES#1"": 0.0070097379703884565, ""FCC_L12#1"": 0.0007040155190227083, ""HCP_A3#2"": 0.002576384203209018, ""HCP_A3#3"": 0.0017436190358812488}"
0.8,0.04,0.15,0.0,0.01,True,False,0.8,0.01,"{""BCC_B2#1"": 0.9889873841047875, ""C15_LAVES#1"": 0.0059819679097146495, ""FCC_L12#1"": 0.0007045472162497712, ""HCP_A3#2"": 0.0025896568841822245, ""HCP_A3#3"": 0.0017364438850659826}"
0.8,0.045,0.0,0.145,0.01,True,False,0.8,0.01,"{""BCC_B2#1"": 0.9751550861060398, ""C15_LAVES#1"": 0.021201569085267043, ""FCC_L12#1"": 0.0006901306186361982, ""HCP_A3#2"": 0.0022490486564282573, ""ZRO2_MONO#1"": 0.0007041655336288159}"
0.8,0.045,0.005,0.14,0.01,True,False,0.8,0.01,"{""BCC_B2#1"": 0.9752388038104128, ""C15_LAVES#1"": 0.02110991449370034, ""FCC_L12#1"": 0.0006905521563797732, ""HCP_A3#2"": 0.002256649733049464, ""ZRO2_MONO#1"": 0.0007040798064573808}"
0.8,0.045,0.01,0.135,0.01,True,False,0.8,0.01,"{""BCC_B2#1"": 0.9753304116692414, ""C15_LAVES#1"": 0.02101011680777789, ""FCC_L12#1"": 0.0006909832851040024, ""HCP_A3#2"": 0.002264504314757489, ""ZRO2_MONO#1"": 0.0007039839231193537}"
0.8,0.045,0.015,0.13,0.01,True,False,0.8,0.01,"{""BCC_B2#1"": 0.9754305927351609, ""C15_LAVES#1"": 0.020901491785875588, ""FCC_L12#1"": 0.0006914237820507857, ""HCP_A3#2"": 0.002272615596949363, ""ZRO2_MONO#1"": 0.0007038760999634438}"
0.8,0.045,0.02,0.125,0.01,True,False,0.8,0.01,"{""BCC_B2#1"": 0.975540085568319, ""C15_LAVES#1"": 0.020783299081259744, ""FCC_L12#1"": 0.0006918734124895476, ""HCP_A3#2"": 0.002280987091194141, ""ZRO2_MONO#1"": 0.000703754846737803}"
0.8,0.045,0.025,0.12,0.01,True,False,0.8,0.01,"{""BCC_B2#1"": 0.9756596917502297, ""C15_LAVES#1"": 0.02065473643122898, ""FCC_L12#1"": 0.0006923319305938657, ""HCP_A3#2"": 0.002289622696635515, ""ZRO2_MONO#1"": 0.0007036171913115091}"
0.8,0.045,0.03,0.115,0.01,True,False,0.8,0.01,"{""BCC_B2#1"": 0.9758842696517741, ""C15_LAVES#1"": 0.020371997182859126, ""FCC_L12#1"": 0.0006926723825522032, ""HCP_A3#2"": 0.002298086730450539, ""HCP_A3#3"": 8.714778107496715e-05, ""ZRO2_MONO#1"": 0.0006658262712888894}"
0.8,0.045,0.035,0.11,0.01,True,False,0.8,0.01,"{""BCC_B2#1"": 0.9776295907656419, ""C15_LAVES#1"": 0.017779857637559682, ""FCC_L12#1"": 0.000690990930110292, ""HCP_A3#2"": 0.0022997375411442944, ""HCP_A3#3"": 0.001577719625842661, ""ZRO2_MONO#1"": 2.2103499701240196e-05}"
0.8,0.045,0.04,0.105,0.01,True,False,0.8,0.01,"{""BCC_B2#1"": 0.9778430684832438, ""C15_LAVES#1"": 0.017523388470486432, ""FCC_L12#1"": 0.0006913901053504651, ""HCP_A3#2"": 0.0023085676722435825, ""HCP_A3#3"": 0.0016335852686752627}"
0.8,0.045,0.045,0.1,0.01,True,False,0.8,0.01,"{""BCC_B2#1"": 0.9780158458745545, ""C15_LAVES#1"": 0.017335869743086672, ""FCC_L12#1"": 0.0006918702047129407, ""HCP_A3#2"": 0.0023178711835295566, ""HCP_A3#3"": 0.0016385429941161403}"
0.8,0.045,0.05,0.095,0.01,True,False,0.8,0.01,"{""BCC_B2#1"": 0.9782038944938859, ""C15_LAVES#1"": 0.01713272571041444, ""FCC_L12#1"": 0.0006923575333800169, ""HCP_A3#2"": 0.002327399979251966, ""HCP_A3#3"": 0.0016436222830675546}"
0.8,0.045,0.055,0.09,0.01,True,False,0.8,0.01,"{""BCC_B2#1"": 0.9784085125983137, ""C15_LAVES#1"": 0.016912665424863915, ""FCC_L12#1"": 0.0006928517559158652, ""HCP_A3#2"": 0.0023371522507522205, ""HCP_A3#3"": 0.0016488179701540377}"
0.8,0.045,0.06,0.085,0.01,True,False,0.8,0.01,"{""BCC_B2#1"": 0.9786311137683025, ""C15_LAVES#1"": 0.01667428494434951, ""FCC_L12#1"": 0.0006933525236218257, ""HCP_A3#2"": 0.0023471259556388352, ""HCP_A3#3"": 0.0016541228080871062}"
0.8,0.045,0.065,0.08,0.01,True,False,0.8,0.01,"{""BCC_B2#1"": 0.9788732379420135, ""C15_LAVES#1"": 0.01641605697561095, ""FCC_L12#1"": 0.000693859474590016, ""HCP_A3#2"": 0.002357318799735378, ""HCP_A3#3"": 0.001659526808050017}"
0.8,0.045,0.07,0.075,0.01,True,False,0.8,0.01,"{""BCC_B2#1"": 0.9791365633770364, ""C15_LAVES#1"": 0.016136319805456115, ""FCC_L12#1"": 0.0006943722339808419, ""HCP_A3#2"": 0.002367728215587541, ""HCP_A3#3"": 0.001665016367939078}"
0.8,0.045,0.075,0.07,0.01,True,False,0.8,0.01,"{""BCC_B2#1"": 0.9794229195785192, ""C15_LAVES#1"": 0.015833265549989893, ""FCC_L12#1"": 0.000694890414621737, ""HCP_A3#2"": 0.0023783513372802574, ""HCP_A3#3"": 0.0016705731195884824}"
0.8,0.045,0.08,0.065,0.01,True,False,0.8,0.01,"{""BCC_B2#1"": 0.979734301220641, ""C15_LAVES#1"": 0.01550492778631574, ""FCC_L12#1"": 0.0006954136180556807, ""HCP_A3#2"": 0.002389184971346246, ""HCP_A3#3"": 0.0016761724036412143}"
0.8,0.045,0.085,0.06,0.01,True,False,0.8,0.01,"{""BCC_B2#1"": 0.9800728830695139, ""C15_LAVES#1"": 0.015149168679718631, ""FCC_L12#1"": 0.000695941436209387, ""HCP_A3#2"": 0.0024002255635942283, ""HCP_A3#3"": 0.0016817812509640193}"
0.8,0.045,0.09,0.055,0.01,True,False,0.8,0.01,"{""BCC_B2#1"": 0.9804410358874067, ""C15_LAVES#1"": 0.014763665786950278, ""FCC_L12#1"": 0.0006964734539066473, ""HCP_A3#2"": 0.0024114691617386874, ""HCP_A3#3"": 0.0016873557099975353}"
0.8,0.045,0.095,0.05,0.01,True,False,0.8,0.01,"{""BCC_B2#1"": 0.9808413432571433, ""C15_LAVES#1"": 0.014345898809477965, ""FCC_L12#1"": 0.0006970092525264041, ""HCP_A3#2"": 0.0024229113738140377, ""HCP_A3#3"": 0.0016928373070383995}"
0.8,0.045,0.1,0.045,0.01,True,False,0.8,0.01,"{""BCC_B2#1"": 0.9812766192072085, ""C15_LAVES#1"": 0.013893136698168211, ""FCC_L12#1"": 0.0006975484152044487, ""HCP_A3#2"": 0.0024345473224677678, ""HCP_A3#3"": 0.0016981483569509404}"
0.8,0.045,0.105,0.04,0.01,True,False,0.8,0.01,"{""BCC_B2#1"": 0.9817499264360138, ""C15_LAVES#1"": 0.01340242568485947, ""FCC_L12#1"": 0.0006980905341102419, ""HCP_A3#2"": 0.0024463715953880177, ""HCP_A3#3"": 0.001703185749628319}"
0.8,0.045,0.11,0.035,0.01,True,False,0.8,0.01,"{""BCC_B2#1"": 0.982264594819906, ""C15_LAVES#1"": 0.01287057905196567, ""FCC_L12#1"": 0.0006986352205074556, ""HCP_A3#2"": 0.0024583781923528105, ""HCP_A3#3"": 0.0017078127152678265}"
0.8,0.045,0.115,0.03,0.01,True,False,0.8,0.01,"{""BCC_B2#1"": 0.9828242397324578, ""C15_LAVES#1"": 0.012294169769940395, ""FCC_L12#1"": 0.000699182118543542, ""HCP_A3#2"": 0.002470560469633987, ""HCP_A3#3"": 0.001711847909423988}"
0.8,0.045,0.12,0.025,0.01,True,False,0.8,0.01,"{""BCC_B2#1"": 0.9834327794874892, ""C15_LAVES#1"": 0.01166952756178791, ""FCC_L12#1"": 0.000699730924029351, ""HCP_A3#2"": 0.002482911082884567, ""HCP_A3#3"": 0.0017150509438090815}"
0.8,0.045,0.125,0.02,0.01,True,False,0.8,0.01,"{""BCC_B2#1"": 0.9840944509251605, ""C15_LAVES#1"": 0.010992742531160952, ""FCC_L12#1"": 0.0007002814098916284, ""HCP_A3#2"": 0.0024954219300885607, ""HCP_A3#3"": 0.0017171032036982661}"
0.8,0.045,0.13,0.015,0.01,True,False,0.8,0.01,"{""BCC_B2#1"": 0.984813821762021, ""C15_LAVES#1"": 0.010259678266219756, ""FCC_L12#1"": 0.0007008334605439975, ""HCP_A3#2"": 0.00250808409670333, ""HCP_A3#3"": 0.0017175824145116876}"
0.8,0.045,0.135,0.01,0.01,True,False,0.8,0.01,"{""BCC_B2#1"": 0.9855957977858888, ""C15_LAVES#1"": 0.009465998372162415, ""FCC_L12#1"": 0.000701387118174119, ""HCP_A3#2"": 0.0025208878058908305, ""HCP_A3#3"": 0.0017159289178837458}"
0.8,0.045,0.14,0.005,0.01,True,False,0.8,0.01,"{""BCC_B2#1"": 0.9864456222449526, ""C15_LAVES#1"": 0.008607211782733874, ""FCC_L12#1"": 0.0007019426449504566, ""HCP_A3#2"": 0.0025338223776353325, ""HCP_A3#3"": 0.0017114009497273303}"
0.8,0.045,0.145,0.0,0.01,True,False,0.8,0.01,"{""BCC_B2#1"": 0.9873688637900592, ""C15_LAVES#1"": 0.0076787440791809755, ""FCC_L12#1"": 0.0007025006064937207, ""HCP_A3#2"": 0.0025468762015683506, ""HCP_A3#3"": 0.0017030153226979701}"
0.8,0.05,0.0,0.14,0.01,True,False,0.8,0.01,"{""BCC_B2#1"": 0.9749960632601203, ""C15_LAVES#1"": 0.021385260304655724, ""FCC_L12#1"": 0.0006883810865596474, ""HCP_A3#2"": 0.0022259200024677796, ""ZRO2_MONO#1"": 0.0007043753461967735}"
0.8,0.05,0.005,0.135,0.01,True,False,0.8,0.01,"{""BCC_B2#1"": 0.975072629118561, ""C15_LAVES#1"": 0.021300856640516494, ""FCC_L12#1"": 0.0006888043192558517, ""HCP_A3#2"": 0.0022334017791407136, ""ZRO2_MONO#1"": 0.0007043081425261189}"
0.8,0.05,0.01,0.13,0.01,True,False,0.8,0.01,"{""BCC_B2#1"": 0.9751568963486211, ""C15_LAVES#1"": 0.021208502456951727, ""FCC_L12#1"": 0.0006892377793280786, ""HCP_A3#2"": 0.002241131150295061, ""ZRO2_MONO#1"": 0.0007042322648039922}"
0.8,0.05,0.015,0.125,0.01,True,False,0.8,0.01,"{""BCC_B2#1"": 0.9752495430653255, ""C15_LAVES#1"": 0.021107518974656018, ""FCC_L12#1"": 0.0006896812427388981, ""HCP_A3#2"": 0.0022491103137413917, ""ZRO2_MONO#1"": 0.0007041464035385201}"
0.8,0.05,0.02,0.12,0.01,True,False,0.8,0.01,"{""BCC_B2#1"": 0.9753513030189982, ""C15_LAVES#1"": 0.020997171874227023, ""FCC_L12#1"": 0.0006901344738516406, ""HCP_A3#2"": 0.002257341673242031, ""ZRO2_MONO#1"": 0.0007040489596812985}"
0.8,0.05,0.025,0.115,0.01,True,False,0.8,0.01,"{""BCC_B2#1"": 0.975462971325338, ""C15_LAVES#1"": 0.020876665576438986, ""FCC_L12#1"": 0.0006905972252061924, ""HCP_A3#2"": 0.0022658278949791344, ""ZRO2_MONO#1"": 0.0007039379780378009}"
0.8,0.05,0.03,0.11,0.01,True,False,0.8,0.01,"{""BCC_B2#1"": 0.975585410812831, ""C15_LAVES#1"": 0.020745136942674283, ""FCC_L12#1"": 0.0006910692371835277, ""HCP_A3#2"": 0.002274571970303575, ""ZRO2_MONO#1"": 0.000703811037007552}"
0.8,0.05,0.035,0.105,0.01,True,False,0.8,0.01,"{""BCC_B2#1"": 0.9757195590395618, ""C15_LAVES#1"": 0.02060164834007669, ""FCC_L12#1"": 0.0006915502375306106, ""HCP_A3#2"": 0.0022835772855796478, ""ZRO2_MONO#1"": 0.0007036650972512439}"
0.8,0.05,0.04,0.1,0.01,True,False,0.8,0.01,"{""BCC_B2#1"": 0.9758664360373278, ""C15_LAVES#1"": 0.02044518002878964, ""FCC_L12#1"": 0.0006920399407544882, ""HCP_A3#2"": 0.002292847700205315, ""ZRO2_MONO#1"": 0.0007034962929226195}"
0.8,0.05,0.045,0.095,0.01,True,False,0.8,0.01,"{""BCC_B2#1"": 0.9760271528473534, ""C15_LAVES#1"": 0.02027462181501969, ""FCC_L12#1"": 0.0006925380473678666, ""HCP_A3#2"": 0.00230238763408401, ""ZRO2_MONO#1"": 0.0007032996561751322}"
0.8,0.05,0.05,0.09,0.01,True,False,0.8,0.01,"{""BCC_B2#1"": 0.9774166183456409, ""C15_LAVES#1"": 0.01823668714596331, ""FCC_L12#1"": 0.0006914488311039287, ""HCP_A3#2"": 0.0023069291785356963, ""HCP_A3#3"": 0.0011348102541774423, ""ZRO2_MONO#1"": 0.00021350624457867868}"
0.8,0.05,0.055,0.085,0.01,True,False,0.8,0.01,"{""BCC_B2#1"": 0.9781389150571848, ""C15_LAVES#1"": 0.017222076831426705, ""FCC_L12#1"": 0.0006912622393066688, ""HCP_A3#2"": 0.0023144262072418366, ""HCP_A3#3"": 0.0016333196648399715}"
0.8,0.05,0.06,0.08,0.01,True,False,0.8,0.01,"{""BCC_B2#1"": 0.9783521958964455, ""C15_LAVES#1"": 0.016993248352031996, ""FCC_L12#1"": 0.0006917720360675148, ""HCP_A3#2"": 0.0023243300339857776, ""HCP_A3#3"": 0.0016384536814691372}"
0.8,0.05,0.065,0.075,0.01,True,False,0.8,0.01,"{""BCC_B2#1"": 0.9785848002333378, ""C15_LAVES#1"": 0.016744792048630025, ""FCC_L12#1"": 0.0006922886401108887, ""HCP_A3#2"": 0.0023344507454466598, ""HCP_A3#3"": 0.0016436683324745015}"
0.8,0.05,0.07,0.07,0.01,True,False,0.8,0.01,"{""BCC_B2#1"": 0.9788384085849314, ""C15_LAVES#1"": 0.01647504986956536, ""FCC_L12#1"": 0.0006928116800279762, ""HCP_A3#2"": 0.002344785638616227, ""HCP_A3#3"": 0.0016489442268586543}"
0.8,0.05,0.075,0.065,0.01,True,False,0.8,0.01,"{""BCC_B2#1"": 0.9791148544716852, ""C15_LAVES#1"": 0.016182217672215338, ""FCC_L12#1"": 0.0006933407738587832, ""HCP_A3#2"": 0.0023553317446499598, ""HCP_A3#3"": 0.0016542553375903607}"
0.8,0.05,0.08,0.06,0.01,True,False,0.8,0.01,"{""BCC_B2#1"": 0.9794161384260046, ""C15_LAVES#1"": 0.015864333353332316, ""FCC_L12#1"": 0.0006938755306773621, ""HCP_A3#2"": 0.0023660858034979674, ""HCP_A3#3"": 0.0016595668864879147}"
0.8,0.05,0.085,0.055,0.01,True,False,0.8,0.01,"{""BCC_B2#1"": 0.9797444428843153, ""C15_LAVES#1"": 0.015519264776609691, ""FCC_L12#1"": 0.000694415552990653, ""HCP_A3#2"": 0.0023770442343878, ""HCP_A3#3"": 0.0016648325516968102}"
0.8,0.05,0.09,0.05,0.01,True,False,0.8,0.01,"{""BCC_B2#1"": 0.980102147887793, ""C15_LAVES#1"": 0.015144697789613953, ""FCC_L12#1"": 0.0006949604402763357, ""HCP_A3#2"": 0.0023882031020385414, ""HCP_A3#3"": 0.0016699907802781376}"
0.8,0.05,0.095,0.045,0.01,True,False,0.8,0.01,"{""BCC_B2#1"": 0.9804918474566638, ""C15_LAVES#1"": 0.014738124752144829, ""FCC_L12#1"": 0.0006955097940348495, ""HCP_A3#2"": 0.0023995580785757006, ""HCP_A3#3"": 0.0016749599185808864}"
0.7999999999999999,0.05,0.1,0.04,0.01,True,False,0.8,0.01,"{""BCC_B2#1"": 0.9809163664192025, ""C15_LAVES#1"": 0.014296834173931046, ""FCC_L12#1"": 0.0006960632248847584, ""HCP_A3#2"": 0.0024111044012311124, ""HCP_A3#3"": 0.0016796317807507522}"
0.8,0.05,0.105,0.035,0.01,True,False,0.8,0.01,"{""BCC_B2#1"": 0.9813787773608716, ""C15_LAVES#1"": 0.013817902296915478, ""FCC_L12#1"": 0.0006966203623941366, ""HCP_A3#2"": 0.0024228368260789616, ""HCP_A3#3"": 0.0016838631537396923}"
0.8,0.05,0.11,0.03,0.01,True,False,0.8,0.01,"{""BCC_B2#1"": 0.9818421602071444, ""C15_LAVES#1"": 0.01334036021426179, ""FCC_L12#1"": 0.0006972098867083501, ""HCP_A3#1"": 0.001666612386734868, ""HCP_A3#2"": 1.879129152207449e-05, ""HCP_A3#3"": 0.002434866013628557}"
0.8,0.05,0.115,0.025,0.01,True,False,0.8,0.01,"{""BCC_B2#1"": 0.9819209435384405, ""C15_LAVES#1"": 0.013267725388532629, ""FCC_L12#1"": 0.0006981120045730121, ""HCP_A3#1"": 0.0024483213189961054, ""HCP_A3#2"": 0.00023872057171588727, ""HCP_A3#3"": 0.0014261771777421635}"
0.8,0.05,0.12,0.02,0.01,True,False,0.8,0.01,"{""BCC_B2#1"": 0.9821994178010042, ""C15_LAVES#1"": 0.012988010316461542, ""FCC_L12#1"": 0.000698907955247234, ""HCP_A3#1"": 0.0012629051747512984, ""HCP_A3#2"": 0.00038924002174531226, ""HCP_A3#3"": 0.0024615187307903343}"
0.8,0.05,0.125,0.015,0.01,True,False,0.8,0.01,"{""BCC_B2#1"": 0.9826797725619029, ""C15_LAVES#1"": 0.012500160473903905, ""FCC_L12#1"": 0.0006995990419671782, ""HCP_A3#1"": 0.00117519631032283, ""HCP_A3#2"": 0.00047082449631396215, ""HCP_A3#3"": 0.0024744471155892863}"
0.8,0.05,0.13,0.01,0.01,True,False,0.8,0.01,"{""BCC_B2#1"": 0.9833652254353603, ""C15_LAVES#1"": 0.011802419681628552, ""FCC_L12#1"": 0.0007001864057937671, ""HCP_A3#1"": 0.0011616612789791523, ""HCP_A3#2"": 0.00048341361825112675, ""HCP_A3#3"": 0.0024870935799873512}"
0.8,0.05,0.135,0.005,0.01,True,False,0.8,0.01,"{""BCC_B2#1"": 0.9842599595748915, ""C15_LAVES#1"": 0.010892446675791125, ""FCC_L12#1"": 0.0007006710895647251, ""HCP_A3#1"": 0.0024994434205248654, ""HCP_A3#2"": 0.000426425924057106, ""HCP_A3#3"": 0.001221053315170626}"
0.8,0.05,0.14,0.0,0.01,True,False,0.8,0.01,"{""BCC_B2#1"": 0.985369052598392, ""C15_LAVES#1"": 0.009767456634220614, ""FCC_L12#1"": 0.0007010541209636928, ""HCP_A3#1"": 0.0013521884426816206, ""HCP_A3#2"": 0.00029876811883528377, ""HCP_A3#3"": 0.0025114800849068584}"
0.8,0.055,0.0,0.135,0.01,True,False,0.8,0.01,"{""BCC_B2#1"": 0.9748672247222353, ""C15_LAVES#1"": 0.02153497983629576, ""FCC_L12#1"": 0.0006868658329663063, ""HCP_A3#3"": 0.0022064152344631925, ""ZRO2_MONO#1"": 0.0007045143740395014}"
0.8,0.055,0.005,0.13,0.01,True,False,0.8,0.01,"{""BCC_B2#1"": 0.9749377725534236, ""C15_LAVES#1"": 0.021456652728531513, ""FCC_L12#1"": 0.0006872900045414807, ""HCP_A3#3"": 0.002213825495772086, ""ZRO2_MONO#1"": 0.0007044592177311482}"
0.8,0.055,0.01,0.125,0.01,True,False,0.8,0.01,"{""BCC_B2#1"": 0.9750159057155204, ""C15_LAVES#1"": 0.021370493338768965, ""FCC_L12#1"": 0.0006877250124315411, ""HCP_A3#3"": 0.002221479741562395, ""ZRO2_MONO#1"": 0.0007043961917165326}"
0.8,0.055,0.015,0.12,0.01,True,False,0.8,0.01,"{""BCC_B2#1"": 0.9751023005336288, ""C15_LAVES#1"": 0.021275824066821034, ""FCC_L12#1"": 0.0006881706237058962, ""HCP_A3#3"": 0.002229379392622422, ""ZRO2_MONO#1"": 0.0007043253832219999}"
0.8,0.055,0.02,0.115,0.01,True,False,0.8,0.01,"{""BCC_B2#1"": 0.9751976918163932, ""C15_LAVES#1"": 0.021171912332863453, ""FCC_L12#1"": 0.0006886265963547067, ""HCP_A3#3"": 0.0022375260061339554, ""ZRO2_MONO#1"": 0.0007042432482547054}"
0.8,0.055,0.025,0.11,0.01,True,False,0.8,0.01,"{""BCC_B2#1"": 0.9753028719671074, ""C15_LAVES#1"": 0.021057964546984626, ""FCC_L12#1"": 0.0006890926744302678, ""HCP_A3#2"": 0.002245921310757686, ""ZRO2_MONO#1"": 0.0007041495007200059}"
0.8,0.055,0.03,0.105,0.01,True,False,0.8,0.01,"{""BCC_B2#1"": 0.9754187043728447, ""C15_LAVES#1"": 0.020933119669394946, ""FCC_L12#1"": 0.0006895685925648345, ""HCP_A3#3"": 0.002254567276979218, ""ZRO2_MONO#1"": 0.0007040400882159747}"
0.8,0.055,0.035,0.1,0.01,True,False,0.8,0.01,"{""BCC_B2#1"": 0.9755461242004505, ""C15_LAVES#1"": 0.020796442100695863, ""FCC_L12#1"": 0.000690054071084989, ""HCP_A3#2"": 0.002263466162980002, ""ZRO2_MONO#1"": 0.0007039134647888249}"
0.8,0.055,0.04,0.095,0.01,True,False,0.8,0.01,"{""BCC_B2#1"": 0.9756861516339204, ""C15_LAVES#1"": 0.020646913716236098, ""FCC_L12#1"": 0.0006905488189408616, ""HCP_A3#3"": 0.0022726205914619865, ""ZRO2_MONO#1"": 0.0007037652394408117}"
0.8,0.055,0.045,0.09,0.01,True,False,0.8,0.01,"{""BCC_B2#1"": 0.9758398991310341, ""C15_LAVES#1"": 0.02048342528010222, ""FCC_L12#1"": 0.0006910525318168172, ""HCP_A3#2"": 0.0022820336182939878, ""ZRO2_MONO#1"": 0.0007035894387527898}"
0.8,0.055,0.05,0.085,0.01,True,False,0.8,0.01,"{""BCC_B2#1"": 0.976008579909949, ""C15_LAVES#1"": 0.02030476715764738, ""FCC_L12#1"": 0.0006915648903247806, ""HCP_A3#2"": 0.002291708809562249, ""ZRO2_MONO#1"": 0.0007033792325165511}"
0.8,0.055,0.055,0.08,0.01,True,False,0.8,0.01,"{""BCC_B2#1"": 0.9761935203382127, ""C15_LAVES#1"": 0.020109618969313684, ""FCC_L12#1"": 0.0006920855598804649, ""HCP_A3#2"": 0.0023016503328372245, ""ZRO2_MONO#1"": 0.000703124799755642}"
0.8,0.055,0.06,0.075,0.01,True,False,0.8,0.01,"{""BCC_B2#1"": 0.9763961698326825, ""C15_LAVES#1"": 0.01989653868247428, ""FCC_L12#1"": 0.0006926141880510577, ""HCP_A3#2"": 0.0023118630513734814, ""ZRO2_MONO#1"": 0.000702814245418581}"
0.8,0.055,0.065,0.07,0.01,True,False,0.8,0.01,"{""BCC_B2#1"": 0.9783504558872435, ""C15_LAVES#1"": 0.017013008776163237, ""FCC_L12#1"": 0.0006909241861947046, ""HCP_A3#2"": 0.0016302857418901279, ""HCP_A3#3"": 0.002315325408508612}"
0.8,0.055,0.07,0.065,0.01,True,False,0.8,0.01,"{""BCC_B2#1"": 0.9785966500903229, ""C15_LAVES#1"": 0.01675094213713345, ""FCC_L12#1"": 0.0006914559104021925, ""HCP_A3#2"": 0.0016353365546909271, ""HCP_A3#3"": 0.002325615307450692}"
0.8,0.055,0.075,0.06,0.01,True,False,0.8,0.01,"{""BCC_B2#1"": 0.978865611711855, ""C15_LAVES#1"": 0.016465900095805168, ""FCC_L12#1"": 0.000691994248983292, ""HCP_A3#2"": 0.0016403802821696072, ""HCP_A3#3"": 0.0023361136611867814}"
0.8,0.055,0.08,0.055,0.01,True,False,0.8,0.01,"{""BCC_B2#1"": 0.9785715988576947, ""C15_LAVES#1"": 0.016774367852993115, ""FCC_L12#1"": 0.0006929514312573797, ""HCP_A3#1"": 0.00027156465569041756, ""HCP_A3#2"": 0.0013412101592069712, ""HCP_A3#3"": 0.0023483070431571636}"
0.8,0.055,0.085,0.05,0.01,True,False,0.8,0.01,"{""BCC_B2#1"": 0.9772673464123596, ""C15_LAVES#1"": 0.018146926239065903, ""FCC_L12#1"": 0.0006946469612225109, ""HCP_A3#1"": 0.0010222766806001584, ""HCP_A3#2"": 0.0005054129749303278, ""HCP_A3#3"": 0.0023633907318212914}"
0.8,0.055,0.09,0.045,0.01,True,False,0.8,0.01,"{""BCC_B2#1"": 0.9766301393254703, ""C15_LAVES#1"": 0.018817237766521805, ""FCC_L12#1"": 0.0006958986651917941, ""HCP_A3#2"": 0.0023769919483521613, ""HCP_A3#3"": 0.001479732294464024}"
0.8,0.055,0.095,0.04,0.01,True,False,0.8,0.01,"{""BCC_B2#1"": 0.9770012059553914, ""C15_LAVES#1"": 0.018425939343340796, ""FCC_L12#1"": 0.0006964592395136951, ""HCP_A3#2"": 0.0023880781981579203, ""HCP_A3#3"": 0.001488317263596186}"
0.8,0.055,0.1,0.035,0.01,True,False,0.8,0.01,"{""BCC_B2#1"": 0.97740769482714, ""C15_LAVES#1"": 0.017998797601065642, ""FCC_L12#1"": 0.0006970245142119046, ""HCP_A3#2"": 0.00239938509534581, ""HCP_A3#3"": 0.0014970979622365532}"
0.8,0.055,0.105,0.03,0.01,True,False,0.8,0.01,"{""BCC_B2#1"": 0.9778530588008764, ""C15_LAVES#1"": 0.017532512496890206, ""FCC_L12#1"": 0.0006975939928822775, ""HCP_A3#2"": 0.002410904496009473, ""HCP_A3#3"": 0.0015059302133416269}"
0.8,0.055,0.11,0.025,0.01,True,False,0.8,0.01,"{""BCC_B2#1"": 0.9783411349125817, ""C15_LAVES#1"": 0.017023456118629057, ""FCC_L12#1"": 0.0006981671372366965, ""HCP_A3#2"": 0.0024226285423041886, ""HCP_A3#3"": 0.0015146132892484348}"
0.8,0.055,0.115,0.02,0.01,True,False,0.8,0.01,"{""BCC_B2#1"": 0.9788761949880477, ""C15_LAVES#1"": 0.01646764235073769, ""FCC_L12#1"": 0.00069874336423371, ""HCP_A3#2"": 0.002434549302614978, ""HCP_A3#3"": 0.0015228699943656925}"
0.8,0.055,0.12,0.015,0.01,True,False,0.8,0.01,"{""BCC_B2#1"": 0.9794630061650277, ""C15_LAVES#1"": 0.015860694177273076, ""FCC_L12#1"": 0.0006993220427657983, ""HCP_A3#2"": 0.0024466584293061032, ""HCP_A3#3"": 0.0015303191856272976}"
0.8,0.055,0.125,0.01,0.01,True,False,0.8,0.01,"{""BCC_B2#1"": 0.9801069038903358, ""C15_LAVES#1"": 0.01519780894613244, ""FCC_L12#1"": 0.0006999024897498149, ""HCP_A3#2"": 0.0024589467993663427, ""HCP_A3#3"": 0.0015364378744155732}"
0.8,0.055,0.13,0.005,0.01,True,False,0.8,0.01,"{""BCC_B2#1"": 0.9808138808233076, ""C15_LAVES#1"": 0.014473722167473621, ""FCC_L12#1"": 0.000700483965400209, ""HCP_A3#2"": 0.0024714041034937526, ""HCP_A3#3"": 0.0015405089403247169}"
0.8,0.055,0.135,0.0,0.01,True,False,0.8,0.01,"{""BCC_B2#1"": 0.981590696211823, ""C15_LAVES#1"": 0.013682670825972696, ""FCC_L12#1"": 0.0007010656673628379, ""HCP_A3#2"": 0.0024840183441372813, ""HCP_A3#3"": 0.0015415489507042302}"
0.8,0.06,0.0,0.13,0.01,True,False,0.8,0.01,"{""BCC_B2#1"": 0.9747622569014528, ""C15_LAVES#1"": 0.021657750461592854, ""FCC_L12#1"": 0.0006855521090361795, ""HCP_A3#2"": 0.002189830926716013, ""ZRO2_MONO#1"": 0.0007046096012019946}"
0.8,0.06,0.005,0.125,0.01,True,False,0.8,0.01,"{""BCC_B2#1"": 0.974827694533494, ""C15_LAVES#1"": 0.021584562917094437, ""FCC_L12#1"": 0.0006859764620837226, ""HCP_A3#2"": 0.002197203471731373, ""ZRO2_MONO#1"": 0.0007045626155962229}"
0.8,0.06,0.01,0.12,0.01,True,False,0.8,0.01,"{""BCC_B2#1"": 0.97490066122458, ""C15_LAVES#1"": 0.02150359984492775, ""FCC_L12#1"": 0.0006864122553486031, ""HCP_A3#2"": 0.0022048178722521767, ""ZRO2_MONO#1"": 0.0007045088028912873}"
0.8,0.06,0.015,0.115,0.01,True,False,0.8,0.01,"{""BCC_B2#1"": 0.9749818376991508, ""C15_LAVES#1"": 0.021414181246289455, ""FCC_L12#1"": 0.0006868592409453448, ""HCP_A3#2"": 0.0022126749037015164, ""ZRO2_MONO#1"": 0.0007044469099129886}"
0.8,0.06,0.02,0.11,0.01,True,False,0.8,0.01,"{""BCC_B2#1"": 0.9750719596184336, ""C15_LAVES#1"": 0.02131557245918373, ""FCC_L12#1"": 0.0006873171602937406, ""HCP_A3#2"": 0.0022207754143693478, ""ZRO2_MONO#1"": 0.0007043753477194749}"
0.8,0.06,0.025,0.105,0.01,True,False,0.8,0.01,"{""BCC_B2#1"": 0.9751718240595575, ""C15_LAVES#1"": 0.021206977999598874, ""FCC_L12#1"": 0.0006877857444288699, ""HCP_A3#2"": 0.0022291203739168873, ""ZRO2_MONO#1"": 0.0007042918224979561}"
0.8,0.06,0.03,0.1,0.01,True,False,0.8,0.01,"{""BCC_B2#1"": 0.9752822947401271, ""C15_LAVES#1"": 0.021087534922433978, ""FCC_L12#1"": 0.0006882647128158861, ""HCP_A3#2"": 0.002237710921285045, ""ZRO2_MONO#1"": 0.0007041947033377883}"
0.8,0.06,0.035,0.095,0.01,True,False,0.8,0.01,"{""BCC_B2#1"": 0.9754043125283159, ""C15_LAVES#1"": 0.02095630532069899, ""FCC_L12#1"": 0.0006887537749612978, ""HCP_A3#2"": 0.002246548425445845, ""ZRO2_MONO#1"": 0.0007040799505774812}"
0.8,0.06,0.04,0.09,0.01,True,False,0.8,0.01,"{""BCC_B2#1"": 0.9755389022145197, ""C15_LAVES#1"": 0.020812268145114343, ""FCC_L12#1"": 0.0006892526286599344, ""HCP_A3#2"": 0.0022556345401642, ""ZRO2_MONO#1"": 0.000703942471541631}"
0.8,0.06,0.045,0.085,0.01,True,False,0.8,0.01,"{""BCC_B2#1"": 0.9756871801542912, ""C15_LAVES#1"": 0.020654310293458805, ""FCC_L12#1"": 0.0006897609580408422, ""HCP_A3#2"": 0.0022649712631424503, ""ZRO2_MONO#1"": 0.0007037773310664463}"
0.8,0.06,0.05,0.08,0.01,True,False,0.8,0.01,"{""BCC_B2#1"": 0.9758503673994944, ""C15_LAVES#1"": 0.020481217048890187, ""FCC_L12#1"": 0.0006902784346057838, ""HCP_A3#2"": 0.0022745610107723765, ""ZRO2_MONO#1"": 0.0007035761062374117}"
0.8,0.06,0.055,0.075,0.01,True,False,0.8,0.01,"{""BCC_B2#1"": 0.9760297993162623, ""C15_LAVES#1"": 0.020291661252979553, ""FCC_L12#1"": 0.0006908047146036262, ""HCP_A3#2"": 0.002284406686718037, ""ZRO2_MONO#1"": 0.000703328029436462}"
0.8,0.06,0.06,0.07,0.01,True,False,0.8,0.01,"{""BCC_B2#1"": 0.976226938275905, ""C15_LAVES#1"": 0.020084192338768767, ""FCC_L12#1"": 0.0006913394379191878, ""HCP_A3#2"": 0.0022945117636039686, ""ZRO2_MONO#1"": 0.0007030181838030093}"
0.8,0.06,0.065,0.065,0.01,True,False,0.8,0.01,"{""BCC_B2#1"": 0.9764433869167918, ""C15_LAVES#1"": 0.019857223947974758, ""FCC_L12#1"": 0.0006918822258278109, ""HCP_A3#2"": 0.0023048803679542426, ""ZRO2_MONO#1"": 0.0007026265414512005}"
0.8,0.06,0.07,0.06,0.01,True,False,0.8,0.01,"{""BCC_B2#1"": 0.9759163358894566, ""C15_LAVES#1"": 0.019970734880893518, ""FCC_L12#1"": 0.0006924306101958128, ""HCP_A3#2"": 0.002316142837030304, ""HCP_A3#3"": 0.0007789726292748848, ""ZRO2_MONO#1"": 0.0003253831531486762}"
0.8,0.06,0.075,0.055,0.01,True,False,0.8,0.01,"{""BCC_B2#1"": 0.9755090645587517, ""C15_LAVES#1"": 0.02001278100283773, ""FCC_L12#1"": 0.000692974394072124, ""HCP_A3#2"": 0.0023268900368449536, ""HCP_A3#3"": 0.0014582900074932995}"
0.8,0.06,0.08,0.05,0.01,True,False,0.8,0.01,"{""BCC_B2#1"": 0.9757860961048995, ""C15_LAVES#1"": 0.01971721644829369, ""FCC_L12#1"": 0.0006935248965618682, ""HCP_A3#2"": 0.00233726445266153, ""HCP_A3#3"": 0.0014658980975833776}"
0.8,0.06,0.085,0.045,0.01,True,False,0.8,0.01,"{""BCC_B2#1"": 0.9760902161319505, ""C15_LAVES#1"": 0.01939391291506017, ""FCC_L12#1"": 0.0006940818775320511, ""HCP_A3#2"": 0.0023478727314093354, ""HCP_A3#3"": 0.0014739163440477326}"
0.8,0.06,0.09,0.04,0.01,True,False,0.8,0.01,"{""BCC_B2#1"": 0.9764240152022723, ""C15_LAVES#1"": 0.019040346903492104, ""FCC_L12#1"": 0.0006946449541855476, ""HCP_A3#2"": 0.002358704976354531, ""HCP_A3#3"": 0.001482287963695443}"
0.8,0.06,0.095,0.035,0.01,True,False,0.8,0.01,"{""BCC_B2#1"": 0.9767903692167514, ""C15_LAVES#1"": 0.018653735442468376, ""FCC_L12#1"": 0.0006952137067976308, ""HCP_A3#2"": 0.002369752606867243, ""HCP_A3#3"": 0.0014909290271153117}"
0.8,0.06,0.1,0.03,0.01,True,False,0.8,0.01,"{""BCC_B2#1"": 0.9771924724071904, ""C15_LAVES#1"": 0.01823101220660924, ""FCC_L12#1"": 0.0006957876764569864, ""HCP_A3#2"": 0.002381007815240522, ""HCP_A3#3"": 0.0014997198945029993}"
0.8,0.06,0.105,0.025,0.01,True,False,0.8,0.01,"{""BCC_B2#1"": 0.9776338763473014, ""C15_LAVES#1"": 0.0177688008750934, ""FCC_L12#1"": 0.000696366362605684, ""HCP_A3#2"": 0.0023924631546044578, ""HCP_A3#3"": 0.001508493260395293}"
0.8,0.06,0.11,0.02,0.01,True,False,0.8,0.01,"{""BCC_B2#1"": 0.9781185361084366, ""C15_LAVES#1"": 0.017263385856481947, ""FCC_L12#1"": 0.0006969492203366974, ""HCP_A3#2"": 0.0024041111976430534, ""HCP_A3#3"": 0.001517017617101749}"
0.8,0.06,0.115,0.015,0.01,True,False,0.8,0.01,"{""BCC_B2#1"": 0.9786508651468392, ""C15_LAVES#1"": 0.01671068051338701, ""FCC_L12#1"": 0.0006975356574227328, ""HCP_A3#2"": 0.002415944224120669, ""HCP_A3#3"": 0.0015249744582302395}"
0.8,0.06,0.12,0.01,0.01,True,False,0.8,0.01,"{""BCC_B2#1"": 0.9792358010781849, ""C15_LAVES#1"": 0.016106193107093065, ""FCC_L12#1"": 0.0006981250309286836, ""HCP_A3#2"": 0.002427953904226909, ""HCP_A3#3"": 0.0015319268795661927}"
0.8,0.06,0.125,0.005,0.01,True,False,0.8,0.01,"{""BCC_B2#1"": 0.9798788852261654, ""C15_LAVES#1"": 0.015444990861888004, ""FCC_L12#1"": 0.000698716643287757, ""HCP_A3#2"": 0.0024401309472037065, ""HCP_A3#3"": 0.0015372763214548818}"
0.8,0.06,0.13,0.0,0.01,True,False,0.8,0.01,"{""BCC_B2#1"": 0.9805863597891223, ""C15_LAVES#1"": 0.014721662853183637, ""FCC_L12#1"": 0.0006993097376077665, ""HCP_A3#2"": 0.002452464682506375, ""HCP_A3#3"": 0.0015402029375800022}"
0.8,0.065,0.0,0.125,0.01,True,False,0.8,0.01,"{""BCC_B2#1"": 0.9746764187777011, ""C15_LAVES#1"": 0.021758857276581927, ""FCC_L12#1"": 0.0006844119187180813, ""HCP_A3#2"": 0.0021756350573637483, ""ZRO2_MONO#1"": 0.0007046769696350741}"
0.8,0.065,0.005,0.12,0.01,True,False,0.8,0.01,"{""BCC_B2#1"": 0.9747374892295056, ""C15_LAVES#1"": 0.02169004503724852, ""FCC_L12#1"": 0.000684835749694944, ""HCP_A3#2"": 0.002182995022925378, ""ZRO2_MONO#1"": 0.0007046349606254793}"
0.8,0.065,0.01,0.115,0.01,True,False,0.8,0.01,"{""BCC_B2#1"": 0.9748060825663255, ""C15_LAVES#1"": 0.021613462252811425, ""FCC_L12#1"": 0.0006852716364152182, ""HCP_A3#2"": 0.0021905957327737692, ""ZRO2_MONO#1"": 0.0007045878116740547}"
0.8,0.065,0.015,0.11,0.01,True,False,0.8,0.01,"{""BCC_B2#1"": 0.9748828877725484, ""C15_LAVES#1"": 0.021528423271051703, ""FCC_L12#1"": 0.0006857193076058524, ""HCP_A3#2"": 0.0021984373906462737, ""ZRO2_MONO#1"": 0.0007045322581476582}"
0.8,0.065,0.02,0.105,0.01,True,False,0.8,0.01,"{""BCC_B2#1"": 0.9749686462638936, ""C15_LAVES#1"": 0.021434188028604088, ""FCC_L12#1"": 0.0006861784809740171, ""HCP_A3#2"": 0.002206520225679871, ""ZRO2_MONO#1"": 0.000704467000848583}"
0.8,0.065,0.025,0.1,0.01,True,False,0.8,0.01,"{""BCC_B2#1"": 0.9750641602636819, ""C15_LAVES#1"": 0.021329955802877373, ""FCC_L12#1"": 0.0006866488649276806, ""HCP_A3#2"": 0.0022148445443171787, ""ZRO2_MONO#1"": 0.0007043905241958466}"
0.8,0.065,0.03,0.095,0.01,True,False,0.8,0.01,"{""BCC_B2#1"": 0.9751703012613823, ""C15_LAVES#1"": 0.021214858135477237, ""FCC_L12#1"": 0.0006871301594165855, ""HCP_A3#2"": 0.002223410782365496, ""ZRO2_MONO#1"": 0.0007042996613586138}"
0.8,0.065,0.035,0.09,0.01,True,False,0.8,0.01,"{""BCC_B2#1"": 0.9752880166576485, ""C15_LAVES#1"": 0.021087951030011272, ""FCC_L12#1"": 0.0006876220546591815, ""HCP_A3#2"": 0.002232219553521497, ""ZRO2_MONO#1"": 0.0007041907041593916}"
0.8,0.065,0.04,0.085,0.01,True,False,0.8,0.01,"{""BCC_B2#1"": 0.975418338873472, ""C15_LAVES#1"": 0.020948206569344364, ""FCC_L12#1"": 0.0006881242307855769, ""HCP_A3#2"": 0.002241271704465821, ""ZRO2_MONO#1"": 0.0007040586219323403}"
0.8,0.065,0.045,0.08,0.01,True,False,0.8,0.01,"{""BCC_B2#1"": 0.9755623950452216, ""C15_LAVES#1"": 0.020794503565183288, ""FCC_L12#1"": 0.0006886363568466606, ""HCP_A3#2"": 0.0022505683713562492, ""ZRO2_MONO#1"": 0.0007038966613920255}"
0.8,0.065,0.05,0.075,0.01,True,False,0.8,0.01,"{""BCC_B2#1"": 0.9757214177078359, ""C15_LAVES#1"": 0.02062561749911751, ""FCC_L12#1"": 0.0006891580895972574, ""HCP_A3#2"": 0.0022601110397182447, ""ZRO2_MONO#1"": 0.0007036956637305538}"
0.8,0.065,0.055,0.07,0.01,True,False,0.8,0.01,"{""BCC_B2#1"": 0.9758967565533663, ""C15_LAVES#1"": 0.020440209716020185, ""FCC_L12#1"": 0.0006896890720156574, ""HCP_A3#2"": 0.002269901607920676, ""ZRO2_MONO#1"": 0.0007034430506774033}"
0.8,0.065,0.06,0.065,0.01,True,False,0.8,0.01,"{""BCC_B2#1"": 0.9760898913602156, ""C15_LAVES#1"": 0.020236815785913125, ""FCC_L12#1"": 0.0006902289315074192, ""HCP_A3#2"": 0.002279942454145308, ""ZRO2_MONO#1"": 0.0007031214682184283}"
0.8,0.065,0.065,0.06,0.01,True,False,0.8,0.01,"{""BCC_B2#1"": 0.97630244619518, ""C15_LAVES#1"": 0.020013833006728116, ""FCC_L12#1"": 0.0006907772776813987, ""HCP_A3#2"": 0.0022902365066479113, ""ZRO2_MONO#1"": 0.0007027070137625922}"
0.8,0.065,0.07,0.055,0.01,True,False,0.8,0.01,"{""BCC_B2#1"": 0.9751076368344573, ""C15_LAVES#1"": 0.020446429536941684, ""FCC_L12#1"": 0.000691311188541535, ""HCP_A3#2"": 0.0023015619593391044, ""HCP_A3#3"": 0.001453060480720097}"
0.8,0.065,0.075,0.05,0.01,True,False,0.8,0.01,"{""BCC_B2#1"": 0.9753563261889686, ""C15_LAVES#1"": 0.020179750718124403, ""FCC_L12#1"": 0.0006918598353189758, ""HCP_A3#2"": 0.0023117166938893007, ""HCP_A3#3"": 0.0014603465636986342}"
0.8,0.065,0.08,0.045,0.01,True,False,0.8,0.01,"{""BCC_B2#1"": 0.9756299607338661, ""C15_LAVES#1"": 0.019887442048389103, ""FCC_L12#1"": 0.0006924157639988248, ""HCP_A3#2"": 0.002322102350216774, ""HCP_A3#3"": 0.001468079103529063}"
0.7999999999999999,0.065,0.085,0.04,0.01,True,False,0.8,0.01,"{""BCC_B2#1"": 0.9759309318822437, ""C15_LAVES#1"": 0.019567167457900072, ""FCC_L12#1"": 0.0006929786292471419, ""HCP_A3#2"": 0.0023327088189187863, ""HCP_A3#3"": 0.0014762132116901787}"
0.8,0.065,0.09,0.035,0.01,True,False,0.8,0.01,"{""BCC_B2#1"": 0.9762618978909826, ""C15_LAVES#1"": 0.019216345902120898, ""FCC_L12#1"": 0.0006935480494469593, ""HCP_A3#2"": 0.002343527480884867, ""HCP_A3#3"": 0.0014846806765645496}"
0.8,0.065,0.095,0.03,0.01,True,False,0.8,0.01,"{""BCC_B2#1"": 0.9766258140393259, ""C15_LAVES#1"": 0.018832128818673723, ""FCC_L12#1"": 0.0006941236043546442, ""HCP_A3#2"": 0.0023545506182399813, ""HCP_A3#3"": 0.0014933829194061093}"
0.8,0.065,0.1,0.025,0.01,True,False,0.8,0.01,"{""BCC_B2#1"": 0.9770259683684802, ""C15_LAVES#1"": 0.018411374720121852, ""FCC_L12#1"": 0.0006947048326396508, ""HCP_A3#2"": 0.0023657709859995625, ""HCP_A3#3"": 0.0015021810927587065}"
0.8,0.065,0.105,0.02,0.01,True,False,0.8,0.01,"{""BCC_B2#1"": 0.9774660238715862, ""C15_LAVES#1"": 0.01795062106798305, ""FCC_L12#1"": 0.0006952912292645245, ""HCP_A3#2"": 0.002377181473014323, ""HCP_A3#3"": 0.0015108823581518232}"
0.8,0.065,0.11,0.015,0.01,True,False,0.8,0.01,"{""BCC_B2#1"": 0.9779500684434048, ""C15_LAVES#1"": 0.017446053537268604, ""FCC_L12#1"": 0.0006958822427056359, ""HCP_A3#2"": 0.002388774805431415, ""HCP_A3#3"": 0.0015192209711896438}"
0.8,0.065,0.115,0.01,0.01,True,False,0.8,0.01,"{""BCC_B2#1"": 0.9784826743938578, ""C15_LAVES#1"": 0.01689347282191365, ""FCC_L12#1"": 0.0006964772719459003, ""HCP_A3#2"": 0.0024005432586703436, ""HCP_A3#3"": 0.0015268322536119833}"
0.8,0.065,0.12,0.005,0.01,True,False,0.8,0.01,"{""BCC_B2#1"": 0.9790689699526554, ""C15_LAVES#1"": 0.016288259254003717, ""FCC_L12#1"": 0.000697075663127673, ""HCP_A3#2"": 0.002412478349110387, ""HCP_A3#3"": 0.0015332167811026298}"
0.8,0.065,0.125,0.0,0.01,True,False,0.8,0.01,"{""BCC_B2#1"": 0.9797147260008262, ""C15_LAVES#1"": 0.015625335733801374, ""FCC_L12#1"": 0.0006976767057441827, ""HCP_A3#2"": 0.0024245704768765764, ""HCP_A3#3"": 0.0015376910827515618}"
0.8,0.07,0.0,0.12,0.01,True,False,0.8,0.01,"{""BCC_B2#1"": 0.9746061159074747, ""C15_LAVES#1"": 0.021842319947689304, ""FCC_L12#1"": 0.0006834214457616742, ""HCP_A3#2"": 0.0021634174880679233, ""ZRO2_MONO#1"": 0.000704725211006551}"
0.8,0.07,0.005,0.115,0.01,True,False,0.8,0.01,"{""BCC_B2#1"": 0.9746634366761566, ""C15_LAVES#1"": 0.021777247124582427, ""FCC_L12#1"": 0.0006838441336755551, ""HCP_A3#2"": 0.002170784352033142, ""ZRO2_MONO#1"": 0.0007046877135521693}"
0.8,0.07,0.01,0.11,0.01,True,False,0.8,0.01,"{""BCC_B2#1"": 0.9747283212526738, ""C15_LAVES#1"": 0.021704364369414204, ""FCC_L12#1"": 0.0006842795187781801, ""HCP_A3#2"": 0.0021783915965732175, ""ZRO2_MONO#1"": 0.0007046432625608014}"
0.8,0.07,0.015,0.105,0.01,True,False,0.8,0.01,"{""BCC_B2#1"": 0.9748014642889282, ""C15_LAVES#1"": 0.021622977430536282, ""FCC_L12#1"": 0.0006847272928915029, ""HCP_A3#2"": 0.0021862388831835437, ""ZRO2_MONO#1"": 0.0007045921044604499}"
0.8,0.07,0.02,0.1,0.01,True,False,0.8,0.01,"{""BCC_B2#1"": 0.9748836175475378, ""C15_LAVES#1"": 0.021532337964248045, ""FCC_L12#1"": 0.0006851871422861081, ""HCP_A3#2"": 0.0021943258769636063, ""ZRO2_MONO#1"": 0.0007045314689644788}"
0.8,0.07,0.025,0.095,0.01,True,False,0.8,0.01,"{""BCC_B2#1"": 0.9749755937372371, ""C15_LAVES#1"": 0.021431636876682994, ""FCC_L12#1"": 0.0006856587461564089, ""HCP_A3#2"": 0.0022026522883267993, ""ZRO2_MONO#1"": 0.0007044583515968632}"
0.8,0.07,0.03,0.09,0.01,True,False,0.8,0.01,"{""BCC_B2#1"": 0.9750782727405618, ""C15_LAVES#1"": 0.021319997019588994, ""FCC_L12#1"": 0.0006861417758070375, ""HCP_A3#2"": 0.0022112179192827737, ""ZRO2_MONO#1"": 0.0007043705447593512}"
0.8,0.07,0.035,0.085,0.01,True,False,0.8,0.01,"{""BCC_B2#1"": 0.9751926128787106, ""C15_LAVES#1"": 0.02119646495193258, ""FCC_L12#1"": 0.0006866358962191637, ""HCP_A3#2"": 0.0022200227194301833, ""ZRO2_MONO#1"": 0.0007042635537075977}"
0.8,0.07,0.04,0.08,0.01,True,False,0.8,0.01,"{""BCC_B2#1"": 0.9753196588369093, ""C15_LAVES#1"": 0.02106000224094414, ""FCC_L12#1"": 0.0006871407645141542, ""HCP_A3#2"": 0.0022290668350228742, ""ZRO2_MONO#1"": 0.0007041313226096063}"
0.8,0.07,0.045,0.075,0.01,True,False,0.8,0.01,"{""BCC_B2#1"": 0.9754605508635396, ""C15_LAVES#1"": 0.02090947578204246, ""FCC_L12#1"": 0.0006876560281687114, ""HCP_A3#2"": 0.0022383506595346995, ""ZRO2_MONO#1"": 0.0007039666667144859}"
0.8,0.07,0.05,0.07,0.01,True,False,0.8,0.01,"{""BCC_B2#1"": 0.9756165375926104, ""C15_LAVES#1"": 0.020743647181002026, ""FCC_L12#1"": 0.000688181324594242, ""HCP_A3#2"": 0.0022478748910841713, ""ZRO2_MONO#1"": 0.0007037590107090794}"
0.8,0.07,0.055,0.065,0.01,True,False,0.8,0.01,"{""BCC_B2#1"": 0.9757889886873142, ""C15_LAVES#1"": 0.020561161788561537, ""FCC_L12#1"": 0.0006887162797483521, ""HCP_A3#2"": 0.0022576405901135483, ""ZRO2_MONO#1"": 0.0007034926542621672}"
0.8,0.07,0.06,0.06,0.01,True,False,0.8,0.01,"{""BCC_B2#1"": 0.975979405134131, ""C15_LAVES#1"": 0.020360536572255304, ""FCC_L12#1"": 0.0006892605036703704, ""HCP_A3#2"": 0.0022676492292026756, ""ZRO2_MONO#1"": 0.000703148560740565}"
0.8,0.07,0.065,0.055,0.01,True,False,0.8,0.01,"{""BCC_B2#1"": 0.9759353059888976, ""C15_LAVES#1"": 0.02026111745084182, ""FCC_L12#1"": 0.000689808146933092, ""HCP_A3#2"": 0.0022780595552042105, ""HCP_A3#3"": 0.0002582517615180376, ""ZRO2_MONO#1"": 0.000577457096605236}"
0.8,0.07,0.07,0.05,0.01,True,False,0.8,0.01,"{""BCC_B2#1"": 0.9749884360981053, ""C15_LAVES#1"": 0.02057752583865246, ""FCC_L12#1"": 0.0006903317888375422, ""HCP_A3#2"": 0.0022888347353679957, ""HCP_A3#3"": 0.0014548715390366783}"
0.8,0.07,0.075,0.045,0.01,True,False,0.8,0.01,"{""BCC_B2#1"": 0.9752350375282397, ""C15_LAVES#1"": 0.020312759190270514, ""FCC_L12#1"": 0.0006908844733335202, ""HCP_A3#2"": 0.002299018022533095, ""HCP_A3#3"": 0.0014623007856232216}"
0.7999999999999999,0.07,0.08,0.04,0.01,True,False,0.8,0.01,"{""BCC_B2#1"": 0.9755068875108658, ""C15_LAVES#1"": 0.02002207338191423, ""FCC_L12#1"": 0.0006914448476880047, ""HCP_A3#2"": 0.0023094208726133895, ""HCP_A3#3"": 0.0014701733869184176}"
0.7999999999999999,0.07,0.085,0.035,0.01,True,False,0.8,0.01,"{""BCC_B2#1"": 0.9758064428009845, ""C15_LAVES#1"": 0.019703075439022343, ""FCC_L12#1"": 0.0006920125679524152, ""HCP_A3#2"": 0.0023200343261642795, ""HCP_A3#3"": 0.0014784348658764515}"
0.8,0.07,0.09,0.03,0.01,True,False,0.8,0.01,"{""BCC_B2#1"": 0.9761364376620623, ""C15_LAVES#1"": 0.019353119776687643, ""FCC_L12#1"": 0.0006925872525762582, ""HCP_A3#2"": 0.0023308505160427166, ""HCP_A3#3"": 0.0014870047926312684}"
0.8,0.07,0.095,0.025,0.01,True,False,0.8,0.01,"{""BCC_B2#1"": 0.9764999165638788, ""C15_LAVES#1"": 0.01896928414095407, ""FCC_L12#1"": 0.0006931684798501261, ""HCP_A3#2"": 0.002341862196749829, ""HCP_A3#3"": 0.0014957686185670227}"
0.8,0.07,0.1,0.02,0.01,True,False,0.8,0.01,"{""BCC_B2#1"": 0.976900272791743, ""C15_LAVES#1"": 0.018548342726225183, ""FCC_L12#1"": 0.0006937557852832734, ""HCP_A3#2"": 0.0023530623904415445, ""HCP_A3#3"": 0.0015045663063072811}"
0.8,0.07,0.105,0.015,0.01,True,False,0.8,0.01,"{""BCC_B2#1"": 0.9773412940218337, ""C15_LAVES#1"": 0.018086736585248488, ""FCC_L12#1"": 0.0006943486589153923, ""HCP_A3#2"": 0.0023644440933339598, ""HCP_A3#3"": 0.001513176640668575}"
0.8,0.07,0.11,0.01,0.01,True,False,0.8,0.01,"{""BCC_B2#1"": 0.9778272163612023, ""C15_LAVES#1"": 0.017580541442630885, ""FCC_L12#1"": 0.000694946542514951, ""HCP_A3#2"": 0.0023760000046319503, ""HCP_A3#3"": 0.0015212956490199766}"
0.8,0.07,0.115,0.005,0.01,True,False,0.8,0.01,"{""BCC_B2#1"": 0.9783627888883202, ""C15_LAVES#1"": 0.0170254330958024, ""FCC_L12#1"": 0.0006955488266389421, ""HCP_A3#2"": 0.002387722248617874, ""HCP_A3#3"": 0.0015285069406205023}"
0.8,0.07,0.12,0.0,0.01,True,False,0.8,0.01,"{""BCC_B2#1"": 0.9789533514171117, ""C15_LAVES#1"": 0.016416650746079686, ""FCC_L12#1"": 0.0006961548474595787, ""HCP_A3#2"": 0.002399602063470825, ""HCP_A3#3"": 0.0015342409258779725}"
0.8,0.075,0.0,0.115,0.01,True,False,0.8,0.01,"{""BCC_B2#1"": 0.9745485932488125, ""C15_LAVES#1"": 0.021911229108150052, ""FCC_L12#1"": 0.0006825604565243089, ""HCP_A3#2"": 0.002152857071457198, ""ZRO2_MONO#1"": 0.0007047601150559485}"
0.8,0.075,0.005,0.11,0.01,True,False,0.8,0.01,"{""BCC_B2#1"": 0.974602689970728, ""C15_LAVES#1"": 0.02184935695093183, ""FCC_L12#1"": 0.00068298148199338, ""HCP_A3#2"": 0.002160246450280147, ""ZRO2_MONO#1"": 0.0007047251460666482}"
0.8,0.075,0.01,0.105,0.01,True,True,0.8,0.01,{}
0.8,0.075,0.015,0.1,0.01,True,False,0.8,0.01,"{""BCC_B2#1"": 0.9747345123545711, ""C15_LAVES#1"": 0.021701243246977354, ""FCC_L12#1"": 0.0006838632823785813, ""HCP_A3#2"": 0.0021757460827752247, ""ZRO2_MONO#1"": 0.0007046350332975986}"
0.8,0.075,0.02,0.095,0.01,True,False,0.8,0.01,"{""BCC_B2#1"": 0.9748137094423087, ""C15_LAVES#1"": 0.021613536849534928, ""FCC_L12#1"": 0.0006843233498338888, ""HCP_A3#2"": 0.0021838546172796426, ""ZRO2_MONO#1"": 0.0007045757410427303}"
0.8,0.075,0.025,0.09,0.01,True,False,0.8,0.01,"{""BCC_B2#1"": 0.9749028413968007, ""C15_LAVES#1"": 0.021515657461153092, ""FCC_L12#1"": 0.0006847957166436039, ""HCP_A3#2"": 0.0021922011535753156, ""ZRO2_MONO#1"": 0.0007045042718272195}"
0.8,0.075,0.03,0.085,0.01,True,False,0.8,0.01,"{""BCC_B2#1"": 0.9750028020487853, ""C15_LAVES#1"": 0.02140671627762999, ""FCC_L12#1"": 0.0006852800197449194, ""HCP_A3#2"": 0.002200784913171979, ""ZRO2_MONO#1"": 0.0007044167406675001}"
0.8,0.075,0.035,0.08,0.01,True,False,0.8,0.01,"{""BCC_B2#1"": 0.9751145631486472, ""C15_LAVES#1"": 0.021285747389152062, ""FCC_L12#1"": 0.0006857758918122563, ""HCP_A3#2"": 0.002209605238279288, ""ZRO2_MONO#1"": 0.0007043083321092481}"
0.8,0.075,0.04,0.075,0.01,True,False,0.8,0.01,"{""BCC_B2#1"": 0.975239184404423, ""C15_LAVES#1"": 0.021151698561912617, ""FCC_L12#1"": 0.0006862829605967628, ""HCP_A3#2"": 0.002218661642406013, ""ZRO2_MONO#1"": 0.0007041724306615181}"
0.8,0.075,0.045,0.07,0.01,True,False,0.8,0.01,"{""BCC_B2#1"": 0.9753778241796001, ""C15_LAVES#1"": 0.021003421110789157, ""FCC_L12#1"": 0.0006868008475596262, ""HCP_A3#2"": 0.0022279538602064638, ""ZRO2_MONO#1"": 0.0007040000018446206}"
0.8,0.075,0.05,0.065,0.01,True,False,0.8,0.01,"{""BCC_B2#1"": 0.9755317512575122, ""C15_LAVES#1"": 0.020839659058723176, ""FCC_L12#1"": 0.0006873291661376404, ""HCP_A3#2"": 0.002237481897869376, ""ZRO2_MONO#1"": 0.0007037786197571697}"
0.8,0.075,0.055,0.06,0.01,True,False,0.8,0.01,"{""BCC_B2#1"": 0.9757023580903572, ""C15_LAVES#1"": 0.020659037592464173, ""FCC_L12#1"": 0.0006878675198896532, ""HCP_A3#2"": 0.0022472460845348987, ""ZRO2_MONO#1"": 0.0007034907127539465}"
0.8,0.075,0.06,0.055,0.01,True,False,0.8,0.01,"{""BCC_B2#1"": 0.9758911733656931, ""C15_LAVES#1"": 0.02046005073627978, ""FCC_L12#1"": 0.0006884154988304797, ""HCP_A3#2"": 0.0022572471187671016, ""ZRO2_MONO#1"": 0.0007031132804293586}"
0.8,0.075,0.065,0.05,0.01,True,False,0.8,0.01,"{""BCC_B2#1"": 0.9746718837006377, ""C15_LAVES#1"": 0.020921535172907693, ""FCC_L12#1"": 0.0006889267064481102, ""HCP_A3#2"": 0.002268132181288738, ""HCP_A3#3"": 0.0014495222387175093}"
0.8,0.075,0.07,0.045,0.01,True,False,0.8,0.01,"{""BCC_B2#1"": 0.974894336048672, ""C15_LAVES#1"": 0.020681430503094178, ""FCC_L12#1"": 0.0006894743107425103, ""HCP_A3#2"": 0.0022781289758198753, ""HCP_A3#3"": 0.0014566301616712105}"
0.8,0.075,0.075,0.04,0.01,True,False,0.8,0.01,"{""BCC_B2#1"": 0.9751401737314174, ""C15_LAVES#1"": 0.020417232601500294, ""FCC_L12#1"": 0.0006900302800356205, ""HCP_A3#2"": 0.002288345851672808, ""HCP_A3#3"": 0.001464217535373984}"
0.8,0.075,0.08,0.035,0.01,True,False,0.8,0.01,"{""BCC_B2#1"": 0.9754116665551713, ""C15_LAVES#1"": 0.020126723947585207, ""FCC_L12#1"": 0.0006905943064842424, ""HCP_A3#2"": 0.002298773178741923, ""HCP_A3#3"": 0.0014722420120173404}"
0.8,0.075,0.085,0.03,0.01,True,False,0.8,0.01,"{""BCC_B2#1"": 0.9757113440815952, ""C15_LAVES#1"": 0.019807448284914084, ""FCC_L12#1"": 0.0006911660461930006, ""HCP_A3#2"": 0.002309402690629322, ""HCP_A3#3"": 0.0014806388966681731}"
0.8,0.075,0.09,0.025,0.01,True,False,0.8,0.01,"{""BCC_B2#1"": 0.9760420254083748, ""C15_LAVES#1"": 0.019456688070869817, ""FCC_L12#1"": 0.0006917451164869309, ""HCP_A3#2"": 0.0023202269361360826, ""HCP_A3#3"": 0.0014893144681324534}"
0.8,0.075,0.095,0.02,0.01,True,False,0.8,0.01,"{""BCC_B2#1"": 0.9764068544814934, ""C15_LAVES#1"": 0.0190714389485133, ""FCC_L12#1"": 0.000692331093197438, ""HCP_A3#2"": 0.0023312388889401973, ""HCP_A3#3"": 0.001498136587855956}"
0.8,0.075,0.1,0.015,0.01,True,False,0.8,0.01,"{""BCC_B2#1"": 0.9768093417443373, ""C15_LAVES#1"": 0.018648381404272767, ""FCC_L12#1"": 0.00069292350792836, ""HCP_A3#2"": 0.0023424316426489543, ""HCP_A3#3"": 0.0015069217008125177}"
0.8,0.075,0.105,0.01,0.01,True,False,0.8,0.01,"{""BCC_B2#1"": 0.9772534133465639, ""C15_LAVES#1"": 0.018183849715187543, ""FCC_L12#1"": 0.0006935218453670969, ""HCP_A3#2"": 0.0023537981453372026, ""HCP_A3#3"": 0.0015154169475441704}"
0.8,0.075,0.11,0.005,0.01,True,False,0.8,0.01,"{""BCC_B2#1"": 0.9777434696108396, ""C15_LAVES#1"": 0.017673798313396934, ""FCC_L12#1"": 0.0006941255405553924, ""HCP_A3#2"": 0.002365330941323274, ""HCP_A3#3"": 0.0015232755938845096}"
0.8,0.075,0.115,0.0,0.01,True,False,0.8,0.01,"{""BCC_B2#1"": 0.9782844550451385, ""C15_LAVES#1"": 0.017113765798882925, ""FCC_L12#1"": 0.0006947339761261403, ""HCP_A3#2"": 0.0023770218937521313, ""HCP_A3#3"": 0.0015300232861001236}"
0.8,0.08,0.0,0.11,0.01,True,False,0.8,0.01,"{""BCC_B2#1"": 0.9745017162952899, ""C15_LAVES#1"": 0.021967987026822785, ""FCC_L12#1"": 0.0006818117493945227, ""HCP_A3#2"": 0.002143698934911246, ""ZRO2_MONO#1"": 0.0007047859935812556}"
0.8,0.08,0.005,0.105,0.01,True,False,0.8,0.01,"{""BCC_B2#1"": 0.9745530416915898, ""C15_LAVES#1"": 0.021908851322051722, ""FCC_L12#1"": 0.0006822307004279998, ""HCP_A3#2"": 0.0021511236911394647, ""ZRO2_MONO#1"": 0.0007047525947906289}"
0.8,0.08,0.01,0.1,0.01,True,False,0.8,0.01,"{""BCC_B2#1"": 0.9746121187442791, ""C15_LAVES#1"": 0.021841715565515486, ""FCC_L12#1"": 0.0006826637223007397, ""HCP_A3#2"": 0.0021587896632756817, ""ZRO2_MONO#1"": 0.0007047123046289901}"
0.8,0.08,0.015,0.095,0.01,True,False,0.8,0.01,"{""BCC_B2#1"": 0.974679668825537, ""C15_LAVES#1"": 0.021765860485428064, ""FCC_L12#1"": 0.0006831104067632476, ""HCP_A3#2"": 0.00216669550020492, ""ZRO2_MONO#1"": 0.00070466478206665}"
0.8,0.08,0.02,0.09,0.01,True,False,0.8,0.01,"{""BCC_B2#1"": 0.9747564707624825, ""C15_LAVES#1"": 0.021680513276619507, ""FCC_L12#1"": 0.0006835703479167931, ""HCP_A3#2"": 0.0021748398124980303, ""ZRO2_MONO#1"": 0.0007046058004834324}"
0.8,0.08,0.025,0.085,0.01,True,False,0.8,0.01,"{""BCC_B2#1"": 0.9748433619393968, ""C15_LAVES#1"": 0.021584839996053148, ""FCC_L12#1"": 0.0006840431382756605, ""HCP_A3#2"": 0.002183221209329868, ""ZRO2_MONO#1"": 0.0007045337169446738}"
0.8,0.08,0.03,0.08,0.01,True,False,0.8,0.01,"{""BCC_B2#1"": 0.9749412519194174, ""C15_LAVES#1"": 0.02147793765829599, ""FCC_L12#1"": 0.0006845283724443666, ""HCP_A3#2"": 0.00219183836074431, ""ZRO2_MONO#1"": 0.000704443689097578}"
0.8,0.08,0.035,0.075,0.01,True,False,0.8,0.01,"{""BCC_B2#1"": 0.9750511278685252, ""C15_LAVES#1"": 0.021358824934993213, ""FCC_L12#1"": 0.000685025643577929, ""HCP_A3#2"": 0.00220069003752914, ""ZRO2_MONO#1"": 0.0007043315153744878}"
0.8,0.08,0.04,0.07,0.01,True,False,0.8,0.01,"{""BCC_B2#1"": 0.9751740700036621, ""C15_LAVES#1"": 0.021226432699507743, ""FCC_L12#1"": 0.0006855345459278738, ""HCP_A3#2"": 0.0022097751719760144, ""ZRO2_MONO#1"": 0.0007041875789262096}"
0.8,0.08,0.045,0.065,0.01,True,False,0.8,0.01,"{""BCC_B2#1"": 0.9753112560545425, ""C15_LAVES#1"": 0.021079593438316935, ""FCC_L12#1"": 0.0006860546684136557, ""HCP_A3#2"": 0.002219092890670505, ""ZRO2_MONO#1"": 0.0007040029480563933}"
0.8,0.08,0.05,0.06,0.01,True,False,0.8,0.01,"{""BCC_B2#1"": 0.9754639804515399, ""C15_LAVES#1"": 0.020917029989077896, ""FCC_L12#1"": 0.000686585597193976, ""HCP_A3#2"": 0.002228642576576644, ""ZRO2_MONO#1"": 0.0007037613856117151}"
0.8,0.08,0.055,0.055,0.01,True,False,0.8,0.01,"{""BCC_B2#1"": 0.975633661089474, ""C15_LAVES#1"": 0.020737343544211556, ""FCC_L12#1"": 0.0006871269084015206, ""HCP_A3#2"": 0.0022384238998581713, ""ZRO2_MONO#1"": 0.0007034445580549195}"
0.8,0.08,0.06,0.05,0.01,True,False,0.8,0.01,"{""BCC_B2#1"": 0.9758218610179868, ""C15_LAVES#1"": 0.020539000997768325, ""FCC_L12#1"": 0.0006876781697932316, ""HCP_A3#2"": 0.0022484368767253073, ""ZRO2_MONO#1"": 0.0007030229377261336}"
0.8,0.08,0.065,0.045,0.01,True,False,0.8,0.01,"{""BCC_B2#1"": 0.9745991580057278, ""C15_LAVES#1"": 0.021002507783173908, ""FCC_L12#1"": 0.0006881734005667618, ""HCP_A3#2"": 0.0022590607487794636, ""HCP_A3#3"": 0.001451100061751769}"
0.7999999999999999,0.08,0.07,0.04,0.01,True,False,0.8,0.01,"{""BCC_B2#1"": 0.9748215999238533, ""C15_LAVES#1"": 0.020762192245083046, ""FCC_L12#1"": 0.0006887233562296211, ""HCP_A3#2"": 0.002269105578558728, ""HCP_A3#3"": 0.0014583788962752088}"
0.8,0.08,0.075,0.035,0.01,True,False,0.8,0.01,"{""BCC_B2#1"": 0.9750678596242839, ""C15_LAVES#1"": 0.02049735960332303, ""FCC_L12#1"": 0.0006892820088192644, ""HCP_A3#2"": 0.002279362166061062, ""HCP_A3#3"": 0.001466136597512746}"
0.8,0.08,0.08,0.03,0.01,True,False,0.8,0.01,"{""BCC_B2#1"": 0.9753402766837435, ""C15_LAVES#1"": 0.02020573046006833, ""FCC_L12#1"": 0.000689849050038794, ""HCP_A3#2"": 0.0022898215625678994, ""HCP_A3#3"": 0.0014743222435812566}"
0.8,0.08,0.085,0.025,0.01,True,False,0.8,0.01,"{""BCC_B2#1"": 0.9756414613782324, ""C15_LAVES#1"": 0.019884778530640662, ""FCC_L12#1"": 0.0006904241347515131, ""HCP_A3#2"": 0.002300475891412269, ""HCP_A3#3"": 0.0014828600649630782}"
0.8,0.08,0.09,0.02,0.01,True,False,0.8,0.01,"{""BCC_B2#1"": 0.9759743268755668, ""C15_LAVES#1"": 0.0195317066182191, ""FCC_L12#1"": 0.0006910068780420336, ""HCP_A3#2"": 0.0023113178911881287, ""HCP_A3#3"": 0.001491641736983628}"
0.8,0.08,0.095,0.015,0.01,True,False,0.8,0.01,"{""BCC_B2#1"": 0.9763421272997678, ""C15_LAVES#1"": 0.019143419631251154, ""FCC_L12#1"": 0.0006915968523577048, ""HCP_A3#2"": 0.002322340581043965, ""HCP_A3#3"": 0.0015005156355795525}"
0.8,0.08,0.1,0.01,0.01,True,False,0.8,0.01,"{""BCC_B2#1"": 0.9767485026267925, ""C15_LAVES#1"": 0.01871649477866628, ""FCC_L12#1"": 0.0006921935847796913, ""HCP_A3#2"": 0.0023335369882133803, ""HCP_A3#3"": 0.0015092720215483402}"
0.8,0.08,0.105,0.005,0.01,True,False,0.8,0.01,"{""BCC_B2#1"": 0.9771975318095022, ""C15_LAVES#1"": 0.018247149047728884, ""FCC_L12#1"": 0.0006927965543565546, ""HCP_A3#2"": 0.002344899898982178, ""HCP_A3#3"": 0.0015176226894303465}"
0.8,0.08,0.11,0.0,0.01,True,False,0.8,0.01,"{""BCC_B2#1"": 0.9776937960455924, ""C15_LAVES#1"": 0.017731204120427897, ""FCC_L12#1"": 0.0006934051895814622, ""HCP_A3#2"": 0.0023564216046034247, ""HCP_A3#3"": 0.0015251730397949686}"
0.8,0.085,0.0,0.105,0.01,True,False,0.8,0.01,"{""BCC_B2#1"": 0.9744638148582296, ""C15_LAVES#1"": 0.02201448080710727, ""FCC_L12#1"": 0.0006811606754588848, ""HCP_A3#2"": 0.0021357383562547586, ""ZRO2_MONO#1"": 0.0007048053029496417}"
0.8,0.085,0.005,0.1,0.01,True,False,0.8,0.01,"{""BCC_B2#1"": 0.9745127658652131, ""C15_LAVES#1"": 0.021957675611069944, ""FCC_L12#1"": 0.0006815772503130276, ""HCP_A3#2"": 0.002143209325112094, ""ZRO2_MONO#1"": 0.0007047719482920242}"
0.8,0.085,0.01,0.095,0.01,True,False,0.8,0.01,"{""BCC_B2#1"": 0.9745696088355821, ""C15_LAVES#1"": 0.02189272762975057, ""FCC_L12#1"": 0.0006820086311270563, ""HCP_A3#2"": 0.0021509225158594155, ""ZRO2_MONO#1"": 0.0007047323876807513}"
0.8,0.085,0.015,0.09,0.01,True,False,0.8,0.01,"{""BCC_B2#1"": 0.9746350836053963, ""C15_LAVES#1"": 0.021818901641108716, ""FCC_L12#1"": 0.0006824543444836873, ""HCP_A3#2"": 0.0021588760820311632, ""ZRO2_MONO#1"": 0.000704684326980184}"
0.8,0.085,0.02,0.085,0.01,True,False,0.8,0.01,"{""BCC_B2#1"": 0.9747099844007153, ""C15_LAVES#1"": 0.021735408965376634, ""FCC_L12#1"": 0.0006829139229040534, ""HCP_A3#2"": 0.0021670681188948617, ""ZRO2_MONO#1"": 0.0007046245921090969}"
0.8,0.085,0.025,0.08,0.01,True,False,0.8,0.01,"{""BCC_B2#1"": 0.9747951666547592, ""C15_LAVES#1"": 0.021641399655470087, ""FCC_L12#1"": 0.000683386904530657, ""HCP_A3#2"": 0.0021754967145900853, ""ZRO2_MONO#1"": 0.00070455007065002}"
0.8,0.085,0.03,0.075,0.01,True,False,0.8,0.01,"{""BCC_B2#1"": 0.9748915572910193, ""C15_LAVES#1"": 0.02153595384251157, ""FCC_L12#1"": 0.0006838728337458922, ""HCP_A3#3"": 0.0021841600043328783, ""ZRO2_MONO#1"": 0.0007044560283903211}"
0.8,0.085,0.035,0.07,0.01,True,False,0.8,0.01,"{""BCC_B2#1"": 0.975000164293, ""C15_LAVES#1"": 0.021418072251900715, ""FCC_L12#1"": 0.0006843712599321938, ""HCP_A3#3"": 0.0021930562190615784, ""ZRO2_MONO#1"": 0.0007043359761049838}"
0.8,0.085,0.04,0.065,0.01,True,False,0.8,0.01,"{""BCC_B2#1"": 0.9751220875651331, ""C15_LAVES#1"": 0.021286665934045552, ""FCC_L12#1"": 0.0006848817358343898, ""HCP_A3#3"": 0.0022021837330628686, ""ZRO2_MONO#1"": 0.0007041810319240585}"
0.8,0.085,0.045,0.06,0.01,True,False,0.8,0.01,"{""BCC_B2#1"": 0.9752585308352066, ""C15_LAVES#1"": 0.02114054544325114, ""FCC_L12#1"": 0.0006854038154909456, ""HCP_A3#3"": 0.002211541110550041, ""ZRO2_MONO#1"": 0.0007039787955015584}"
0.8,0.085,0.05,0.055,0.01,True,False,0.8,0.01,"{""BCC_B2#1"": 0.9754108146901155, ""C15_LAVES#1"": 0.02097840898634385, ""FCC_L12#1"": 0.0006859370515132566, ""HCP_A3#3"": 0.0022211271494678897, ""ZRO2_MONO#1"": 0.0007037121225590855}"
0.8,0.085,0.055,0.05,0.01,True,False,0.8,0.01,"{""BCC_B2#1"": 0.975580390845206, ""C15_LAVES#1"": 0.020798830102315313, ""FCC_L12#1"": 0.0006864809919703051, ""HCP_A3#3"": 0.002230940923347779, ""ZRO2_MONO#1"": 0.00070335713716044}"
0.8,0.085,0.06,0.045,0.01,True,False,0.8,0.01,"{""BCC_B2#1"": 0.974342635726044, ""C15_LAVES#1"": 0.021283136464123498, ""FCC_L12#1"": 0.0006869714072219948, ""HCP_A3#2"": 0.0014457351203627504, ""HCP_A3#3"": 0.002241521282247754}"
0.7999999999999999,0.085,0.065,0.04,0.01,True,False,0.8,0.01,"{""BCC_B2#1"": 0.9745438894859688, ""C15_LAVES#1"": 0.021064509180992636, ""FCC_L12#1"": 0.0006875139954713041, ""HCP_A3#2"": 0.0014526827057716107, ""HCP_A3#3"": 0.0022514046317957635}"
0.7999999999999999,0.085,0.07,0.035,0.01,True,False,0.8,0.01,"{""BCC_B2#1"": 0.9747673139039741, ""C15_LAVES#1"": 0.02082297253107614, ""FCC_L12#1"": 0.0006880658572313588, ""HCP_A3#2"": 0.0014601450364890778, ""HCP_A3#3"": 0.002261502671229382}"
0.8,0.085,0.075,0.03,0.01,True,False,0.8,0.01,"{""BCC_B2#1"": 0.9750150716179145, ""C15_LAVES#1"": 0.02055641280992819, ""FCC_L12#1"": 0.0006886267167309274, ""HCP_A3#2"": 0.001468083435764527, ""HCP_A3#3"": 0.0022718054196617966}"
0.8,0.085,0.08,0.025,0.01,True,False,0.8,0.01,"{""BCC_B2#1"": 0.9752895790186547, ""C15_LAVES#1"": 0.02026248265462469, ""FCC_L12#1"": 0.0006891962639425541, ""HCP_A3#2"": 0.0014764377397394615, ""HCP_A3#3"": 0.0022823043230385085}"
0.8,0.085,0.085,0.02,0.01,True,False,0.8,0.01,"{""BCC_B2#1"": 0.975593535366172, ""C15_LAVES#1"": 0.019938578745012, ""FCC_L12#1"": 0.0006897741513398627, ""HCP_A3#2"": 0.0014851200533481876, ""HCP_A3#3"": 0.0022929916841280696}"
0.8,0.085,0.09,0.015,0.01,True,False,0.8,0.01,"{""BCC_B2#1"": 0.9759299575010468, ""C15_LAVES#1"": 0.019581816322187178, ""FCC_L12#1"": 0.0006903599907959789, ""HCP_A3#2"": 0.0014940059142061473, ""HCP_A3#3"": 0.002303860271763802}"
0.8,0.085,0.095,0.01,0.01,True,False,0.8,0.01,"{""BCC_B2#1"": 0.9763022208313578, ""C15_LAVES#1"": 0.019189000748152094, ""FCC_L12#1"": 0.0006909533506656616, ""HCP_A3#2"": 0.0015029220447906205, ""HCP_A3#3"": 0.002314903025033723}"
0.8,0.085,0.1,0.005,0.01,True,False,0.8,0.01,"{""BCC_B2#1"": 0.9767141077121045, ""C15_LAVES#1"": 0.018756596226747923, ""FCC_L12#1"": 0.0006915537530643179, ""HCP_A3#2"": 0.001511629506256001, ""HCP_A3#3"": 0.0023261128018275297}"
0.8,0.085,0.105,0.0,0.01,True,False,0.8,0.01,"{""BCC_B2#1"": 0.9771698648018261, ""C15_LAVES#1"": 0.018280691802388938, ""FCC_L12#1"": 0.0006921606713800607, ""HCP_A3#2"": 0.0015198005864391346, ""HCP_A3#3"": 0.0023374821379656633}"
0.8,0.09,0.0,0.1,0.01,True,False,0.8,0.01,"{""BCC_B2#1"": 0.9744335689386118, ""C15_LAVES#1"": 0.02205220828591917, ""FCC_L12#1"": 0.0006805947319618947, ""HCP_A3#3"": 0.0021288090780545665, ""ZRO2_MONO#1"": 0.0007048189654525286}"
0.8,0.09,0.005,0.095,0.01,True,False,0.8,0.01,"{""BCC_B2#1"": 0.9744804962425161, ""C15_LAVES#1"": 0.021997373503210123, ""FCC_L12#1"": 0.0006810087352616611, ""HCP_A3#3"": 0.0021363355512489125, ""ZRO2_MONO#1"": 0.0007047859677632173}"
0.8,0.09,0.01,0.09,0.01,True,False,0.8,0.01,"{""BCC_B2#1"": 0.9745354846626841, ""C15_LAVES#1"": 0.021934225582978306, ""FCC_L12#1"": 0.0006814383098280131, ""HCP_A3#3"": 0.002144105569490184, ""ZRO2_MONO#1"": 0.000704745875019192}"
0.8,0.09,0.015,0.085,0.01,True,False,0.8,0.01,"{""BCC_B2#1"": 0.9745992931475923, ""C15_LAVES#1"": 0.021862010911250906, ""FCC_L12#1"": 0.0006818829051283026, ""HCP_A3#3"": 0.0021521167830249404, ""ZRO2_MONO#1"": 0.0007046962530035212}"
0.8,0.09,0.02,0.08,0.01,True,False,0.8,0.01,"{""BCC_B2#1"": 0.9746727345535521, ""C15_LAVES#1"": 0.02177992289172065, ""FCC_L12#1"": 0.0006823419836814319, ""HCP_A3#3"": 0.00216036677551409, ""ZRO2_MONO#1"": 0.000704633795531785}"
0.8,0.09,0.025,0.075,0.01,True,False,0.8,0.01,"{""BCC_B2#1"": 0.9747566827473403, ""C15_LAVES#1"": 0.02168709329009614, ""FCC_L12#1"": 0.0006828150200830896, ""HCP_A3#2"": 0.002168853116041195, ""ZRO2_MONO#1"": 0.0007045558264394087}"
0.8,0.09,0.03,0.07,0.01,True,False,0.8,0.01,"{""BCC_B2#1"": 0.9748520870866023, ""C15_LAVES#1"": 0.02158258300654819, ""FCC_L12#1"": 0.0006833015036465412, ""HCP_A3#3"": 0.002177573422096511, ""ZRO2_MONO#1"": 0.0007044549811061153}"
0.8,0.09,0.035,0.065,0.01,True,False,0.8,0.01,"{""BCC_B2#1"": 0.9749599767936064, ""C15_LAVES#1"": 0.021465372284165108, ""FCC_L12#1"": 0.0006838009327875582, ""HCP_A3#3"": 0.0021865253963572625, ""ZRO2_MONO#1"": 0.0007043245930837516}"
0.8,0.09,0.04,0.06,0.01,True,False,0.8,0.01,"{""BCC_B2#1"": 0.9750814757243551, ""C15_LAVES#1"": 0.021334349663281852, ""FCC_L12#1"": 0.0006843128148917074, ""HCP_A3#3"": 0.0021957068797708278, ""ZRO2_MONO#1"": 0.000704154917700441}"
0.8,0.09,0.045,0.055,0.01,True,False,0.8,0.01,"{""BCC_B2#1"": 0.9752178165745784, ""C15_LAVES#1"": 0.021188300685072433, ""FCC_L12#1"": 0.0006848366647637335, ""HCP_A3#3"": 0.0022051158999701307, ""ZRO2_MONO#1"": 0.0007039301756151158}"
0.8,0.09,0.05,0.05,0.01,True,False,0.8,0.01,"{""BCC_B2#1"": 0.9753703500821825, ""C15_LAVES#1"": 0.021025895755618425, ""FCC_L12#1"": 0.0006853719982048843, ""HCP_A3#3"": 0.0022147507028074304, ""ZRO2_MONO#1"": 0.0007036314611870296}"
0.8,0.09,0.055,0.045,0.01,True,False,0.8,0.01,"{""BCC_B2#1"": 0.9755405652248129, ""C15_LAVES#1"": 0.020845677295080564, ""FCC_L12#1"": 0.0006859183316991039, ""HCP_A3#3"": 0.0022246098010966216, ""ZRO2_MONO#1"": 0.0007032293473106125}"
0.8,0.09,0.06,0.04,0.01,True,False,0.8,0.01,"{""BCC_B2#1"": 0.9743012393602686, ""C15_LAVES#1"": 0.021330208733304084, ""FCC_L12#1"": 0.0006863933816204782, ""HCP_A3#2"": 0.0014471502037480832, ""HCP_A3#3"": 0.002235008321059016}"
0.8,0.09,0.065,0.035,0.01,True,False,0.8,0.01,"{""BCC_B2#1"": 0.9745038646662778, ""C15_LAVES#1"": 0.02110995129345963, ""FCC_L12#1"": 0.0006869372559531693, ""HCP_A3#2"": 0.0014542897762590305, ""HCP_A3#3"": 0.0022449570080501774}"
0.8,0.09,0.07,0.03,0.01,True,False,0.8,0.01,"{""BCC_B2#1"": 0.9747291817801554, ""C15_LAVES#1"": 0.020866266899576564, ""FCC_L12#1"": 0.000687490678280353, ""HCP_A3#2"": 0.0014619468608725106, ""HCP_A3#3"": 0.0022551137811150815}"
0.8,0.09,0.075,0.025,0.01,True,False,0.8,0.01,"{""BCC_B2#1"": 0.9749794264746183, ""C15_LAVES#1"": 0.020596976010105614, ""FCC_L12#1"": 0.000688053370290217, ""HCP_A3#2"": 0.0014700750493386204, ""HCP_A3#3"": 0.0022654690956472254}"
0.8,0.09,0.08,0.02,0.01,True,False,0.8,0.01,"{""BCC_B2#1"": 0.9752570993290426, ""C15_LAVES#1"": 0.020299656956105853, ""FCC_L12#1"": 0.0006886250191533587, ""HCP_A3#2"": 0.0014786041071878561, ""HCP_A3#3"": 0.0022760145885102542}"
0.8,0.09,0.085,0.015,0.01,True,False,0.8,0.01,"{""BCC_B2#1"": 0.9755649971862711, ""C15_LAVES#1"": 0.019971622167436216, ""FCC_L12#1"": 0.0006892052740293682, ""HCP_A3#2"": 0.0014874327821376495, ""HCP_A3#3"": 0.0022867425901257022}"
0.8,0.09,0.09,0.01,0.01,True,False,0.8,0.01,"{""BCC_B2#1"": 0.9759062505204313, ""C15_LAVES#1"": 0.019609891234806408, ""FCC_L12#1"": 0.0006897937428556373, ""HCP_A3#2"": 0.0014964187199930314, ""HCP_A3#3"": 0.0022976457819136303}"
0.8,0.09,0.095,0.005,0.01,True,False,0.8,0.01,"{""BCC_B2#1"": 0.9762843675442345, ""C15_LAVES#1"": 0.019211160997889942, ""FCC_L12#1"": 0.0006903899894083682, ""HCP_A3#2"": 0.0015053645409177313, ""HCP_A3#3"": 0.0023087169275494506}"
0.8,0.09,0.1,0.0,0.01,True,False,0.8,0.01,"{""BCC_B2#1"": 0.9767032863377964, ""C15_LAVES#1"": 0.018771772775613586, ""FCC_L12#1"": 0.0006909935306874548, ""HCP_A3#2"": 0.0015139987216333394, ""HCP_A3#3"": 0.002319948634269418}"
0.8,0.095,0.0,0.095,0.01,True,False,0.8,0.01,"{""BCC_B2#1"": 0.9744099240674342, ""C15_LAVES#1"": 0.022082369942004663, ""FCC_L12#1"": 0.000680103221922869, ""HCP_A3#3"": 0.002122774696803615, ""ZRO2_MONO#1"": 0.0007048280718344815}"
0.8,0.095,0.005,0.09,0.01,True,False,0.8,0.01,"{""BCC_B2#1"": 0.9744551439411049, ""C15_LAVES#1"": 0.022029182260591564, ""FCC_L12#1"": 0.000680514561561249, ""HCP_A3#3"": 0.002130364773231912, ""ZRO2_MONO#1"": 0.0007047944635103665}"
0.8,0.095,0.01,0.085,0.01,True,False,0.8,0.01,"{""BCC_B2#1"": 0.974508619144796, ""C15_LAVES#1"": 0.021967485491548647, ""FCC_L12#1"": 0.0006809422616348478, ""HCP_A3#3"": 0.002138199995631773, ""ZRO2_MONO#1"": 0.0007047531063883551}"
0.8,0.095,0.015,0.08,0.01,True,False,0.8,0.01,"{""BCC_B2#1"": 0.9745711292668962, ""C15_LAVES#1"": 0.021896505691644252, ""FCC_L12#1"": 0.0006813856838414235, ""HCP_A3#3"": 0.0021462775014285404, ""ZRO2_MONO#1"": 0.000704701856189575}"
0.8,0.095,0.02,0.075,0.01,True,False,0.8,0.01,"{""BCC_B2#1"": 0.9746435095768554, ""C15_LAVES#1"": 0.021815416157512483, ""FCC_L12#1"": 0.0006818442130873203, ""HCP_A3#3"": 0.0021545943620403436, ""ZRO2_MONO#1"": 0.0007046356905043695}"
0.8,0.095,0.025,0.07,0.01,True,False,0.8,0.01,"{""BCC_B2#1"": 0.9747266555810401, ""C15_LAVES#1"": 0.02172332817429223, ""FCC_L12#1"": 0.0006823172538156721, ""HCP_A3#3"": 0.0021631476304426636, ""ZRO2_MONO#1"": 0.0007045513604092494}"
0.8,0.095,0.03,0.065,0.01,True,False,0.8,0.01,"{""BCC_B2#1"": 0.9748215378864122, ""C15_LAVES#1"": 0.021619281403872415, ""FCC_L12#1"": 0.0006828042319390497, ""HCP_A3#3"": 0.002171934404962828, ""ZRO2_MONO#1"": 0.000704442072813314}"
0.8,0.095,0.035,0.06,0.01,True,False,0.8,0.01,"{""BCC_B2#1"": 0.9749292115108292, ""C15_LAVES#1"": 0.021502232946193005, ""FCC_L12#1"": 0.0006833045910999228, ""HCP_A3#3"": 0.002180951873616936, ""ZRO2_MONO#1"": 0.0007042990782607463}"
0.8,0.095,0.04,0.055,0.01,True,False,0.8,0.01,"{""BCC_B2#1"": 0.9750508284527208, ""C15_LAVES#1"": 0.021371046260213942, ""FCC_L12#1"": 0.0006838177900901329, ""HCP_A3#3"": 0.00219019736130866, ""ZRO2_MONO#1"": 0.0007041101356663043}"
0.8,0.095,0.045,0.05,0.01,True,False,0.8,0.01,"{""BCC_B2#1"": 0.9751876510139594, ""C15_LAVES#1"": 0.021224479067926114, ""FCC_L12#1"": 0.0006843432992308828, ""HCP_A3#3"": 0.0021996683719644286, ""ZRO2_MONO#1"": 0.0007038582469188907}"
0.8,0.095,0.05,0.045,0.01,True,False,0.8,0.01,"{""BCC_B2#1"": 0.9753410662990109, ""C15_LAVES#1"": 0.021061170848818703, ""FCC_L12#1"": 0.0006848805963139972, ""HCP_A3#3"": 0.00220936262726224, ""ZRO2_MONO#1"": 0.0007035196285942872}"
0.8,0.095,0.055,0.04,0.01,True,False,0.8,0.01,"{""BCC_B2#1"": 0.975512602006398, ""C15_LAVES#1"": 0.02087962950072035, ""FCC_L12#1"": 0.0006854291618084413, ""HCP_A3#3"": 0.0022192780994229524, ""ZRO2_MONO#1"": 0.0007030612316501896}"
0.8,0.095,0.06,0.035,0.01,True,False,0.8,0.01,"{""BCC_B2#1"": 0.9742725509401193, ""C15_LAVES#1"": 0.021363435467370902, ""FCC_L12#1"": 0.000685888650263293, ""HCP_A3#2"": 0.0014485914371219228, ""HCP_A3#3"": 0.0022295335051246814}"
0.8,0.095,0.065,0.03,0.01,True,False,0.8,0.01,"{""BCC_B2#1"": 0.974477322980362, ""C15_LAVES#1"": 0.021140756214667895, ""FCC_L12#1"": 0.0006864335721076889, ""HCP_A3#2"": 0.0014559349586120698, ""HCP_A3#3"": 0.0022395522742499783}"
0.8,0.095,0.07,0.025,0.01,True,False,0.8,0.01,"{""BCC_B2#1"": 0.9747053771510384, ""C15_LAVES#1"": 0.020894064037060817, ""FCC_L12#1"": 0.000686988290022389, ""HCP_A3#2"": 0.0014637971712797876, ""HCP_A3#3"": 0.002249773350598319}"
0.8,0.095,0.075,0.02,0.01,True,False,0.8,0.01,"{""BCC_B2#1"": 0.974959028898026, ""C15_LAVES#1"": 0.020621107861992897, ""FCC_L12#1"": 0.0006875525222408075, ""HCP_A3#2"": 0.0014721232980415568, ""HCP_A3#3"": 0.0022601874196985145}"
0.8,0.095,0.08,0.015,0.01,True,False,0.8,0.01,"{""BCC_B2#1"": 0.9752408706657254, ""C15_LAVES#1"": 0.020319385165855245, ""FCC_L12#1"": 0.000688125952315942, ""HCP_A3#2"": 0.0014808320566478204, ""HCP_A3#3"": 0.0022707861594551716}"
0.8,0.095,0.085,0.01,0.01,True,False,0.8,0.01,"{""BCC_B2#1"": 0.9755538058005109, ""C15_LAVES#1"": 0.019986116732138078, ""FCC_L12#1"": 0.0006887082254472278, ""HCP_A3#2"": 0.0014898074277405206, ""HCP_A3#3"": 0.002281561814163156}"
0.8,0.095,0.09,0.005,0.01,True,False,0.8,0.01,"{""BCC_B2#1"": 0.9759010887378345, ""C15_LAVES#1"": 0.019618218244763855, ""FCC_L12#1"": 0.0006892989451798232, ""HCP_A3#2"": 0.0014988871849275572, ""HCP_A3#3"": 0.0022925068872942118}"
0.8,0.095,0.095,0.0,0.01,True,False,0.8,0.01,"{""BCC_B2#1"": 0.9762863724529613, ""C15_LAVES#1"": 0.019212268885089926, ""FCC_L12#1"": 0.0006898976705165476, ""HCP_A3#2"": 0.001507847100300702, ""HCP_A3#3"": 0.002303613891131478}"
0.8,0.1,0.0,0.09,0.01,True,False,0.8,0.01,"{""BCC_B2#1"": 0.9743920295423543, ""C15_LAVES#1"": 0.02210593695676735, ""FCC_L12#1"": 0.0006796769721640175, ""HCP_A3#3"": 0.002117522234857895, ""ZRO2_MONO#1"": 0.000704834293856339}"
0.8,0.1,0.005,0.085,0.01,True,False,0.8,0.01,"{""BCC_B2#1"": 0.9744358287187803, ""C15_LAVES#1"": 0.02205410276116292, ""FCC_L12#1"": 0.0006800856505839786, ""HCP_A3#3"": 0.002125183067349987, ""ZRO2_MONO#1"": 0.0007047998021229788}"
0.8,0.1,0.01,0.08,0.01,True,False,0.8,0.01,"{""BCC_B2#1"": 0.974488102102228, ""C15_LAVES#1"": 0.021993539754812667, ""FCC_L12#1"": 0.0006805114969404001, ""HCP_A3#3"": 0.0021330909048900035, ""ZRO2_MONO#1"": 0.0007047557411288429}"
0.8,0.1,0.015,0.075,0.01,True,False,0.8,0.01,"{""BCC_B2#1"": 0.9745496513758826, ""C15_LAVES#1"": 0.021923451598984768, ""FCC_L12#1"": 0.0006809537750133865, ""HCP_A3#2"": 0.0021412423578807873, ""ZRO2_MONO#1"": 0.000704700892238524}"
0.8,0.1,0.02,0.07,0.01,True,False,0.8,0.01,"{""BCC_B2#1"": 0.974621335005667, ""C15_LAVES#1"": 0.021842989487025857, ""FCC_L12#1"": 0.0006814117832442117, ""HCP_A3#2"": 0.0021496339747950496, ""ZRO2_MONO#1"": 0.0007046297492679625}"
0.8,0.1,0.025,0.065,0.01,True,False,0.8,0.01,"{""BCC_B2#1"": 0.9747040722929301, ""C15_LAVES#1"": 0.021751242374444934, ""FCC_L12#1"": 0.0006818848495240837, ""HCP_A3#2"": 0.0021582622897178493, ""ZRO2_MONO#1"": 0.0007045381933830178}"
0.8,0.1,0.03,0.06,0.01,True,False,0.8,0.01,"{""BCC_B2#1"": 0.9747988596842887, ""C15_LAVES#1"": 0.021647226204694364, ""FCC_L12#1"": 0.0006823723324563526, ""HCP_A3#2"": 0.0021671238869574875, ""ZRO2_MONO#1"": 0.0007044178916031778}"
0.8,0.1,0.035,0.055,0.01,True,False,0.8,0.01,"{""BCC_B2#1"": 0.9749067795694626, ""C15_LAVES#1"": 0.021529872872272558, ""FCC_L12#1"": 0.0006828736161132213, ""HCP_A3#2"": 0.0021762154435905623, ""ZRO2_MONO#1"": 0.0007042584985610556}"
0.8,0.1,0.04,0.05,0.01,True,False,0.8,0.01,"{""BCC_B2#1"": 0.9750290136405569, ""C15_LAVES#1"": 0.021398018155447337, ""FCC_L12#1"": 0.0006833881062707569, ""HCP_A3#2"": 0.0021855337742230497, ""ZRO2_MONO#1"": 0.0007040463235022715}"
0.8,0.1,0.045,0.045,0.01,True,False,0.8,0.01,"{""BCC_B2#1"": 0.9751668583033691, ""C15_LAVES#1"": 0.021250389154863134, ""FCC_L12#1"": 0.0006839152267762936, ""HCP_A3#2"": 0.0021950758738468776, ""ZRO2_MONO#1"": 0.0007037614411445168}"
0.7999999999999999,0.1,0.05,0.04,0.01,True,False,0.8,0.01,"{""BCC_B2#1"": 0.975321739979757, ""C15_LAVES#1"": 0.021085591366135203, ""FCC_L12#1"": 0.0006844544145165976, ""HCP_A3#2"": 0.00220483895336649, ""ZRO2_MONO#1"": 0.0007033752862245251}"
0.8,0.1,0.055,0.035,0.01,True,False,0.8,0.01,"{""BCC_B2#1"": 0.974069361121012, ""C15_LAVES#1"": 0.02158757946200417, ""FCC_L12#1"": 0.0006849133747645033, ""HCP_A3#2"": 0.0022150762405005187, ""HCP_A3#3"": 0.0014430698017188657}"
0.8,0.1,0.06,0.03,0.01,True,False,0.8,0.01,"{""BCC_B2#1"": 0.9742552079572387, ""C15_LAVES#1"": 0.021384311542488595, ""FCC_L12#1"": 0.0006854488949316105, ""HCP_A3#2"": 0.0022249621909089896, ""HCP_A3#3"": 0.0014500694144321238}"
0.8,0.1,0.065,0.025,0.01,True,False,0.8,0.01,"{""BCC_B2#1"": 0.9744628520373353, ""C15_LAVES#1"": 0.021158469101039686, ""FCC_L12#1"": 0.0006859946890370251, ""HCP_A3#2"": 0.002235055914556449, ""HCP_A3#3"": 0.001457628258031482}"
0.8,0.1,0.07,0.02,0.01,True,False,0.8,0.01,"{""BCC_B2#1"": 0.9746944353676257, ""C15_LAVES#1"": 0.020907961996077848, ""FCC_L12#1"": 0.0006865505016892407, ""HCP_A3#2"": 0.002245346758492854, ""HCP_A3#3"": 0.0014657053761142522}"
0.8,0.1,0.075,0.015,0.01,True,False,0.8,0.01,"{""BCC_B2#1"": 0.974952359889533, ""C15_LAVES#1"": 0.020630461717503556, ""FCC_L12#1"": 0.0006871160470386355, ""HCP_A3#2"": 0.0022558254842163926, ""HCP_A3#3"": 0.0014742368617085121}"
0.8,0.1,0.08,0.01,0.01,True,False,0.8,0.01,"{""BCC_B2#1"": 0.9752393178829663, ""C15_LAVES#1"": 0.020323378153271204, ""FCC_L12#1"": 0.0006876910045166826, ""HCP_A3#2"": 0.0022664836967129136, ""HCP_A3#3"": 0.0014831292625331837}"
0.8,0.1,0.085,0.005,0.01,True,False,0.8,0.01,"{""BCC_B2#1"": 0.9755583284467526, ""C15_LAVES#1"": 0.01998383287261698, ""FCC_L12#1"": 0.0006882750149946698, ""HCP_A3#2"": 0.002277313465649037, ""HCP_A3#3"": 0.0014922501999866447}"
0.8,0.1,0.09,0.0,0.01,True,False,0.8,0.01,"{""BCC_B2#1"": 0.975912780690929, ""C15_LAVES#1"": 0.01960862923095904, ""FCC_L12#1"": 0.0006888676774636873, ""HCP_A3#2"": 0.002288307043903434, ""HCP_A3#3"": 0.0015014153567447473}"
0.8,0.105,0.0,0.085,0.01,True,False,0.8,0.01,"{""BCC_B2#1"": 0.9743791956419412, ""C15_LAVES#1"": 0.022123701815710658, ""FCC_L12#1"": 0.0006793081014173278, ""HCP_A3#2"": 0.0021129572891058664, ""ZRO2_MONO#1"": 0.0007048371518249111}"
0.8,0.105,0.005,0.08,0.01,True,False,0.8,0.01,"{""BCC_B2#1"": 0.9744218382132942, ""C15_LAVES#1"": 0.022072951793796952, ""FCC_L12#1"": 0.000679714207863159, ""HCP_A3#2"": 0.0021206952776322147, ""ZRO2_MONO#1"": 0.0007048005074136568}"
0.8,0.105,0.01,0.075,0.01,True,False,0.8,0.01,"{""BCC_B2#1"": 0.974473193970125, ""C15_LAVES#1"": 0.02201323079218517, ""FCC_L12#1"": 0.0006801382985034549, ""HCP_A3#2"": 0.00212868236822185, ""ZRO2_MONO#1"": 0.0007047545709644068}"
0.8,0.105,0.015,0.07,0.01,True,False,0.8,0.01,"{""BCC_B2#1"": 0.9745340929529897, ""C15_LAVES#1"": 0.021943718097262598, ""FCC_L12#1"": 0.0006805795332348353, ""HCP_A3#2"": 0.0021369146366663314, ""ZRO2_MONO#1"": 0.0007046947798462474}"
0.8,0.105,0.02,0.065,0.01,True,False,0.8,0.01,"{""BCC_B2#1"": 0.9746054159231432, ""C15_LAVES#1"": 0.02186354099642628, ""FCC_L12#1"": 0.0006810371149695377, ""HCP_A3#2"": 0.002145388091050017, ""ZRO2_MONO#1"": 0.0007046178744109527}"
0.8,0.105,0.025,0.06,0.01,True,False,0.8,0.01,"{""BCC_B2#1"": 0.9746881106740243, ""C15_LAVES#1"": 0.021771763943374958, ""FCC_L12#1"": 0.0006815102910687495, ""HCP_A3#2"": 0.0021540987447455466, ""ZRO2_MONO#1"": 0.0007045163467866532}"
0.8,0.105,0.03,0.055,0.01,True,False,0.8,0.01,"{""BCC_B2#1"": 0.9747831991647019, ""C15_LAVES#1"": 0.021667377392086264, ""FCC_L12#1"": 0.000681998346753795, ""HCP_A3#2"": 0.00216304266066986, ""ZRO2_MONO#1"": 0.0007043824357881042}"
0.8,0.105,0.035,0.05,0.01,True,False,0.8,0.01,"{""BCC_B2#1"": 0.9748917936746546, ""C15_LAVES#1"": 0.02154928556314873, ""FCC_L12#1"": 0.0006825006028878071, ""HCP_A3#2"": 0.002172216005489531, ""ZRO2_MONO#1"": 0.0007042041538192165}"
0.8,0.105,0.04,0.045,0.01,True,False,0.8,0.01,"{""BCC_B2#1"": 0.9750151106857649, ""C15_LAVES#1"": 0.021416294108909443, ""FCC_L12#1"": 0.0006830164110386989, ""HCP_A3#2"": 0.002181615092823652, ""ZRO2_MONO#1"": 0.0007039637014631372}"
0.8,0.105,0.045,0.04,0.01,True,False,0.8,0.01,"{""BCC_B2#1"": 0.9751544832481169, ""C15_LAVES#1"": 0.0212670968653804, ""FCC_L12#1"": 0.0006835451459188843, ""HCP_A3#2"": 0.0021912364145196686, ""ZRO2_MONO#1"": 0.0007036383260641621}"
0.8,0.105,0.05,0.035,0.01,True,False,0.8,0.01,"{""BCC_B2#1"": 0.9753113787563662, ""C15_LAVES#1"": 0.021100262460323035, ""FCC_L12#1"": 0.0006840862003406889, ""HCP_A3#2"": 0.0022010766757500333, ""ZRO2_MONO#1"": 0.0007031959072200119}"
0.8,0.105,0.055,0.03,0.01,True,False,0.8,0.01,"{""BCC_B2#1"": 0.9740593448072862, ""C15_LAVES#1"": 0.021600539550522244, ""FCC_L12#1"": 0.0006845308797104428, ""HCP_A3#2"": 0.0022112131179976915, ""HCP_A3#3"": 0.0014443716444834552}"
0.8,0.105,0.06,0.025,0.01,True,False,0.8,0.01,"{""BCC_B2#1"": 0.9742481084334402, ""C15_LAVES#1"": 0.021394048674265104, ""FCC_L12#1"": 0.0006850669444380678, ""HCP_A3#2"": 0.002221183788662406, ""HCP_A3#3"": 0.0014515921591939046}"
0.8,0.105,0.065,0.02,0.01,True,False,0.8,0.01,"{""BCC_B2#1"": 0.9744593101569441, ""C15_LAVES#1"": 0.021164341664831925, ""FCC_L12#1"": 0.0006856134852204201, ""HCP_A3#2"": 0.0022313573309728826, ""HCP_A3#3"": 0.0014593773620308764}"
0.8,0.105,0.07,0.015,0.01,True,False,0.8,0.01,"{""BCC_B2#1"": 0.9746951734582371, ""C15_LAVES#1"": 0.020909254306127268, ""FCC_L12#1"": 0.0006861702419566784, ""HCP_A3#2"": 0.00224172323390974, ""HCP_A3#3"": 0.0014676787597692534}"
0.8,0.105,0.075,0.01,0.01,True,False,0.8,0.01,"{""BCC_B2#1"": 0.974958193870329, ""C15_LAVES#1"": 0.02062637455343442, ""FCC_L12#1"": 0.0006867369244102262, ""HCP_A3#2"": 0.002252272216248676, ""HCP_A3#3"": 0.0014764224355777015}"
0.8,0.105,0.08,0.005,0.01,True,False,0.8,0.01,"{""BCC_B2#1"": 0.9752511717765016, ""C15_LAVES#1"": 0.02031301779732693, ""FCC_L12#1"": 0.000687313207666729, ""HCP_A3#2"": 0.002262995720584652, ""HCP_A3#3"": 0.001485501497920138}"
0.8,0.105,0.085,0.0,0.01,True,False,0.8,0.01,"{""BCC_B2#1"": 0.9755772516197592, ""C15_LAVES#1"": 0.01996619865562983, ""FCC_L12#1"": 0.0006878987282167588, ""HCP_A3#2"": 0.0022738855705404727, ""HCP_A3#3"": 0.00149476542585393}"
0.8,0.11,0.0,0.08,0.01,True,False,0.8,0.01,"{""BCC_B2#1"": 0.9743708563763657, ""C15_LAVES#1"": 0.022136316561832653, ""FCC_L12#1"": 0.0006789898237986747, ""HCP_A3#2"": 0.002109000315067476, ""ZRO2_MONO#1"": 0.000704836922935565}"
0.8,0.11,0.005,0.075,0.01,True,False,0.8,0.01,"{""BCC_B2#1"": 0.9744125856522603, ""C15_LAVES#1"": 0.022086401408950313, ""FCC_L12#1"": 0.0006793935228627125, ""HCP_A3#2"": 0.0021168212495699724, ""ZRO2_MONO#1"": 0.0007047981663564782}"
0.8,0.11,0.01,0.07,0.01,True,False,0.8,0.01,"{""BCC_B2#1"": 0.9744632903992699, ""C15_LAVES#1"": 0.022027251726838882, ""FCC_L12#1"": 0.0006798160262782416, ""HCP_A3#2"": 0.002124893623826781, ""ZRO2_MONO#1"": 0.0007047482237862099}"
0.8,0.11,0.015,0.065,0.01,True,False,0.8,0.01,"{""BCC_B2#1"": 0.9745238264711666, ""C15_LAVES#1"": 0.021958020524834816, ""FCC_L12#1"": 0.0006802563790546498, ""HCP_A3#2"": 0.0021332129492325834, ""ZRO2_MONO#1"": 0.0007046836757112556}"
0.8,0.11,0.02,0.06,0.01,True,False,0.8,0.01,"{""BCC_B2#1"": 0.9745951044137421, ""C15_LAVES#1"": 0.02187780931109431, ""FCC_L12#1"": 0.0006807136862236472, ""HCP_A3#2"": 0.002141774690349906, ""ZRO2_MONO#1"": 0.0007045978985900446}"
0.8,0.11,0.025,0.055,0.01,True,False,0.8,0.01,"{""BCC_B2#1"": 0.9746780967325942, ""C15_LAVES#1"": 0.021785656257808282, ""FCC_L12#1"": 0.0006811871059423305, ""HCP_A3#2"": 0.002150574317641032, ""ZRO2_MONO#1"": 0.0007044855860139564}"
0.8,0.11,0.03,0.05,0.01,True,False,0.8,0.01,"{""BCC_B2#1"": 0.9747738570354385, ""C15_LAVES#1"": 0.021680524122224164, ""FCC_L12#1"": 0.0006816758490278787, ""HCP_A3#2"": 0.002159607374693855, ""ZRO2_MONO#1"": 0.0007043356186155883}"
0.8,0.11,0.035,0.045,0.01,True,False,0.8,0.01,"{""BCC_B2#1"": 0.9748835306390009, ""C15_LAVES#1"": 0.02156128739012202, ""FCC_L12#1"": 0.0006821791709515783, ""HCP_A3#2"": 0.002168869517327087, ""ZRO2_MONO#1"": 0.000704133282598446}"
0.8,0.11,0.04,0.04,0.01,True,False,0.8,0.01,"{""BCC_B2#1"": 0.9750083680700837, ""C15_LAVES#1"": 0.02142671916469755, ""FCC_L12#1"": 0.0006826963645378301, ""HCP_A3#2"": 0.002178356551078206, ""ZRO2_MONO#1"": 0.0007038598496023136}"
0.8,0.11,0.045,0.035,0.01,True,False,0.8,0.01,"{""BCC_B2#1"": 0.9751497435202219, ""C15_LAVES#1"": 0.02127547738424323, ""FCC_L12#1"": 0.0006832267546609824, ""HCP_A3#2"": 0.002188064470370136, ""ZRO2_MONO#1"": 0.0007034878705037485}"
0.8,0.11,0.05,0.03,0.01,True,False,0.8,0.01,"{""BCC_B2#1"": 0.9753091718943165, ""C15_LAVES#1"": 0.02110609099120637, ""FCC_L12#1"": 0.000683769690744337, ""HCP_A3#2"": 0.002197989485608543, ""ZRO2_MONO#1"": 0.0007029779381242855}"
0.8,0.11,0.055,0.025,0.01,True,False,0.8,0.01,"{""BCC_B2#1"": 0.9740580781798109, ""C15_LAVES#1"": 0.021603962377403623, ""FCC_L12#1"": 0.0006842000442472331, ""HCP_A3#2"": 0.002208046744641709, ""HCP_A3#3"": 0.001445712653896101}"
0.8,0.11,0.06,0.02,0.01,True,False,0.8,0.01,"{""BCC_B2#1"": 0.9742503548076099, ""C15_LAVES#1"": 0.02139363606070719, ""FCC_L12#1"": 0.000684736590610064, ""HCP_A3#2"": 0.002218106488434146, ""HCP_A3#3"": 0.0014531660526385852}"
0.8,0.11,0.065,0.015,0.01,True,False,0.8,0.01,"{""BCC_B2#1"": 0.9744657683541753, ""C15_LAVES#1"": 0.021159394719970595, ""FCC_L12#1"": 0.0006852837905397321, ""HCP_A3#2"": 0.0022283646389112365, ""HCP_A3#3"": 0.0014611884964031254}"
0.8,0.11,0.07,0.01,0.01,True,False,0.8,0.01,"{""BCC_B2#1"": 0.9747066300566386, ""C15_LAVES#1"": 0.02089899458391534, ""FCC_L12#1"": 0.000685841379175651, ""HCP_A3#2"": 0.0022388106978380434, ""HCP_A3#3"": 0.001469723282432422}"
0.8,0.11,0.075,0.005,0.01,True,False,0.8,0.01,"{""BCC_B2#1"": 0.9749755364091083, ""C15_LAVES#1"": 0.020609933796403187, ""FCC_L12#1"": 0.0006864090618818238, ""HCP_A3#2"": 0.0022494352472762235, ""HCP_A3#3"": 0.001478685485330127}"
0.8,0.11,0.08,0.0,0.01,True,False,0.8,0.01,"{""BCC_B2#1"": 0.9752754044739401, ""C15_LAVES#1"": 0.02028942616913151, ""FCC_L12#1"": 0.0006869865094975612, ""HCP_A3#2"": 0.0022602294948721683, ""HCP_A3#3"": 0.0014879533525584494}"
0.8,0.115,0.0,0.075,0.01,True,False,0.8,0.01,"{""BCC_B2#1"": 0.974366543461043, ""C15_LAVES#1"": 0.022144321725062352, ""FCC_L12#1"": 0.0006787162862041167, ""HCP_A3#2"": 0.002105583765436292, ""ZRO2_MONO#1"": 0.0007048347622543256}"
0.8,0.115,0.005,0.07,0.01,True,False,0.8,0.01,"{""BCC_B2#1"": 0.9744075878289121, ""C15_LAVES#1"": 0.022095008849629262, ""FCC_L12#1"": 0.000679117809239784, ""HCP_A3#2"": 0.0021134929498497195, ""ZRO2_MONO#1"": 0.0007047925623690754}"
0.8,0.115,0.01,0.065,0.01,True,False,0.8,0.01,"{""BCC_B2#1"": 0.9744578899016201, ""C15_LAVES#1"": 0.022036177254765636, ""FCC_L12#1"": 0.0006795389510318294, ""HCP_A3#2"": 0.002121656145627388, ""ZRO2_MONO#1"": 0.0007047377469549694}"
0.8,0.115,0.015,0.06,0.01,True,False,0.8,0.01,"{""BCC_B2#1"": 0.9745183349305632, ""C15_LAVES#1"": 0.02196695195975492, ""FCC_L12#1"": 0.000679978636112205, ""HCP_A3#2"": 0.0021300682798739523, ""ZRO2_MONO#1"": 0.0007046661936958956}"
0.8,0.115,0.02,0.055,0.01,True,False,0.8,0.01,"{""BCC_B2#1"": 0.9745898609701732, ""C15_LAVES#1"": 0.02188640675904971, ""FCC_L12#1"": 0.0006804358635681632, ""HCP_A3#2"": 0.002138724246306228, ""ZRO2_MONO#1"": 0.0007045721609027326}"
0.8,0.115,0.025,0.05,0.01,True,False,0.8,0.01,"{""BCC_B2#1"": 0.9746734740866647, ""C15_LAVES#1"": 0.02179355174535763, ""FCC_L12#1"": 0.000680909703306343, ""HCP_A3#3"": 0.0021476189742389786, ""ZRO2_MONO#1"": 0.0007044454904323605}"
0.8,0.115,0.03,0.045,0.01,True,False,0.8,0.01,"{""BCC_B2#1"": 0.9747702575472434, ""C15_LAVES#1"": 0.02168732005077732, ""FCC_L12#1"": 0.0006813992861742683, ""HCP_A3#3"": 0.0021567474704150364, ""ZRO2_MONO#1"": 0.0007042756453901146}"
0.7999999999999999,0.115,0.035,0.04,0.01,True,False,0.8,0.01,"{""BCC_B2#1"": 0.974881391233812, ""C15_LAVES#1"": 0.0215665542396815, ""FCC_L12#1"": 0.0006819037996344544, ""HCP_A3#3"": 0.0021661048724520506, ""ZRO2_MONO#1"": 0.0007040458544205159}"
0.8,0.115,0.04,0.035,0.01,True,False,0.8,0.01,"{""BCC_B2#1"": 0.9750081654733335, ""C15_LAVES#1"": 0.021429992489436157, ""FCC_L12#1"": 0.0006824224784059314, ""HCP_A3#3"": 0.0021756864816454956, ""ZRO2_MONO#1"": 0.0007037330771790085}"
0.8,0.115,0.045,0.03,0.01,True,False,0.8,0.01,"{""BCC_B2#1"": 0.9751519978493722, ""C15_LAVES#1"": 0.021276254331702143, ""FCC_L12#1"": 0.0006829545958740717, ""HCP_A3#3"": 0.0021854877925066027, ""ZRO2_MONO#1"": 0.0007033054305450748}"
0.8,0.115,0.05,0.025,0.01,True,False,0.8,0.01,"{""BCC_B2#1"": 0.9747016640911341, ""C15_LAVES#1"": 0.021399290303927156, ""FCC_L12#1"": 0.0006834501661940868, ""HCP_A3#2"": 0.0006195284506704501, ""HCP_A3#3"": 0.002195507755044211, ""ZRO2_MONO#1"": 0.0004005592330303956}"
0.8,0.115,0.055,0.02,0.01,True,False,0.8,0.01,"{""BCC_B2#1"": 0.9740648496154681, ""C15_LAVES#1"": 0.02159863662368217, ""FCC_L12#1"": 0.0006839154434908103, ""HCP_A3#2"": 0.0014470981400751452, ""HCP_A3#3"": 0.002205500177283843}"
0.8,0.115,0.06,0.015,0.01,True,False,0.8,0.01,"{""BCC_B2#1"": 0.9742612114970903, ""C15_LAVES#1"": 0.021383886271334286, ""FCC_L12#1"": 0.0006844524367517002, ""HCP_A3#2"": 0.001454796433123869, ""HCP_A3#3"": 0.002215653361699535}"
0.8,0.115,0.065,0.01,0.01,True,False,0.8,0.01,"{""BCC_B2#1"": 0.9744814663893081, ""C15_LAVES#1"": 0.02114446558438958, ""FCC_L12#1"": 0.000685000236559865, ""HCP_A3#2"": 0.0014630669809096901, ""HCP_A3#3"": 0.002226000808832699}"
0.8,0.115,0.07,0.005,0.01,True,False,0.8,0.01,"{""BCC_B2#1"": 0.974728019824392, ""C15_LAVES#1"": 0.020878045569853027, ""FCC_L12#1"": 0.0006855585735503168, ""HCP_A3#2"": 0.0014718441020696847, ""HCP_A3#3"": 0.002236531930134959}"
0.8,0.115,0.075,0.0,0.01,True,False,0.8,0.01,"{""BCC_B2#1"": 0.9750035769066242, ""C15_LAVES#1"": 0.020582028107609004, ""FCC_L12#1"": 0.0006861271489748059, ""HCP_A3#2"": 0.00148103074241956, ""HCP_A3#3"": 0.0022472370943724335}"
0.8,0.12,0.0,0.07,0.01,True,False,0.8,0.01,"{""BCC_B2#1"": 0.974365869644436, ""C15_LAVES#1"": 0.02214816864690011, ""FCC_L12#1"": 0.0006784824341033043, ""HCP_A3#3"": 0.0021026498704576997, ""ZRO2_MONO#1"": 0.0007048294041033015}"
0.8,0.12,0.005,0.065,0.01,True,False,0.8,0.01,"{""BCC_B2#1"": 0.9744064425824805, ""C15_LAVES#1"": 0.022099239451129023, ""FCC_L12#1"": 0.0006788820668914368, ""HCP_A3#3"": 0.0021106522141448782, ""ZRO2_MONO#1"": 0.000704783685354202}"
0.8,0.12,0.01,0.06,0.01,True,False,0.8,0.01,"{""BCC_B2#1"": 0.9744565751696111, ""C15_LAVES#1"": 0.022040487388073723, ""FCC_L12#1"": 0.0006793021197445488, ""HCP_A3#3"": 0.002118911378339341, ""ZRO2_MONO#1"": 0.0007047239442310633}"
0.8,0.12,0.015,0.055,0.01,True,False,0.8,0.01,"{""BCC_B2#1"": 0.9745171849682385, ""C15_LAVES#1"": 0.021971007550316213, ""FCC_L12#1"": 0.0006797413917075885, ""HCP_A3#3"": 0.0021274216803846536, ""ZRO2_MONO#1"": 0.0007046444093528561}"
0.8,0.12,0.02,0.05,0.01,True,False,0.8,0.01,"{""BCC_B2#1"": 0.9745892414055869, ""C15_LAVES#1"": 0.021889844437513524, ""FCC_L12#1"": 0.0006801987733328174, ""HCP_A3#3"": 0.0021361774267329874, ""ZRO2_MONO#1"": 0.0007045379568334098}"
0.8,0.12,0.025,0.045,0.01,True,False,0.8,0.01,"{""BCC_B2#1"": 0.9746737806182871, ""C15_LAVES#1"": 0.021795978181214648, ""FCC_L12#1"": 0.0006806732396991523, ""HCP_A3#2"": 0.002145172977959568, ""ZRO2_MONO#1"": 0.0007043949828393971}"
0.8,0.12,0.03,0.04,0.01,True,False,0.8,0.01,"{""BCC_B2#1"": 0.9747719203585834, ""C15_LAVES#1"": 0.021688310321273552, ""FCC_L12#1"": 0.0006811638416193899, ""HCP_A3#2"": 0.0021544027982163694, ""ZRO2_MONO#1"": 0.0007042026803072966}"
0.8,0.12,0.035,0.035,0.01,True,False,0.8,0.01,"{""BCC_B2#1"": 0.974884879533566, ""C15_LAVES#1"": 0.021565649435834087, ""FCC_L12#1"": 0.0006816696987590146, ""HCP_A3#2"": 0.0021638615035275686, ""ZRO2_MONO#1"": 0.0007039398283133965}"
0.8,0.12,0.04,0.03,0.01,True,False,0.8,0.01,"{""BCC_B2#1"": 0.9750139891872834, ""C15_LAVES#1"": 0.02142669649303271, ""FCC_L12#1"": 0.0006821899857106854, ""HCP_A3#2"": 0.002173543881649633, ""ZRO2_MONO#1"": 0.0007035804523235679}"
0.8,0.12,0.045,0.025,0.01,True,False,0.8,0.01,"{""BCC_B2#1"": 0.9751607135585427, ""C15_LAVES#1"": 0.02127003012344677, ""FCC_L12#1"": 0.0006827239239210291, ""HCP_A3#2"": 0.0021834449236262316, ""ZRO2_MONO#1"": 0.0007030874704628822}"
0.8,0.12,0.05,0.02,0.01,True,False,0.8,0.01,"{""BCC_B2#1"": 0.9739005521690619, ""C15_LAVES#1"": 0.021781641866927465, ""FCC_L12#1"": 0.0006831461073624122, ""HCP_A3#2"": 0.002193460041906879, ""HCP_A3#3"": 0.0014411998147412515}"
0.8,0.12,0.055,0.015,0.01,True,False,0.8,0.01,"{""BCC_B2#1"": 0.9740790718876257, ""C15_LAVES#1"": 0.021585214680836025, ""FCC_L12#1"": 0.0006836723471806852, ""HCP_A3#2"": 0.0022035084511465228, ""HCP_A3#3"": 0.0014485326332108466}"
0.8,0.12,0.06,0.01,0.01,True,False,0.8,0.01,"{""BCC_B2#1"": 0.9742800724524258, ""C15_LAVES#1"": 0.021365470352270505, ""FCC_L12#1"": 0.0006842097725195254, ""HCP_A3#2"": 0.0022137594268735695, ""HCP_A3#3"": 0.001456487995910384}"
0.8,0.12,0.065,0.005,0.01,True,False,0.8,0.01,"{""BCC_B2#1"": 0.9745057791168523, ""C15_LAVES#1"": 0.021120244392246895, ""FCC_L12#1"": 0.000684758132978329, ""HCP_A3#2"": 0.0022242007548182287, ""HCP_A3#3"": 0.001465017603104289}"
0.8,0.12,0.07,0.0,0.01,True,False,0.8,0.01,"{""BCC_B2#1"": 0.9747586985041924, ""C15_LAVES#1"": 0.020847116739804553, ""FCC_L12#1"": 0.0006853171552244981, ""HCP_A3#2"": 0.0022348216717335443, ""HCP_A3#3"": 0.0014740459290450776}"
0.8,0.125,0.0,0.065,0.01,True,False,0.8,0.01,"{""BCC_B2#1"": 0.9743685084646607, ""C15_LAVES#1"": 0.022148236670381037, ""FCC_L12#1"": 0.0006782838930912183, ""HCP_A3#2"": 0.0021001488802575696, ""ZRO2_MONO#1"": 0.000704822091609584}"
0.8,0.125,0.005,0.06,0.01,True,False,0.8,0.01,"{""BCC_B2#1"": 0.974408813565723, ""C15_LAVES#1"": 0.022099484397421, ""FCC_L12#1"": 0.0006786819674995575, ""HCP_A3#2"": 0.0021082489852152454, ""ZRO2_MONO#1"": 0.0007047710841411527}"
0.8,0.125,0.01,0.055,0.01,True,False,0.8,0.01,"{""BCC_B2#1"": 0.9744589995758273, ""C15_LAVES#1"": 0.022040585523904366, ""FCC_L12#1"": 0.0006791012429932986, ""HCP_A3#2"": 0.0021166089627779614, ""ZRO2_MONO#1"": 0.0007047046944969606}"
0.8,0.125,0.015,0.05,0.01,True,False,0.8,0.01,"{""BCC_B2#1"": 0.9745200176425973, ""C15_LAVES#1"": 0.021970603540513806, ""FCC_L12#1"": 0.0006795403883150059, ""HCP_A3#2"": 0.002125222488618879, ""ZRO2_MONO#1"": 0.0007046159399550977}"
0.8,0.125,0.02,0.045,0.01,True,False,0.8,0.01,"{""BCC_B2#1"": 0.9745928708004733, ""C15_LAVES#1"": 0.021888551819062598, ""FCC_L12#1"": 0.0006799981827314565, ""HCP_A3#2"": 0.002134083258363482, ""ZRO2_MONO#1"": 0.0007044959393692941}"
0.8,0.125,0.025,0.04,0.01,True,False,0.8,0.01,"{""BCC_B2#1"": 0.9746786285779285, ""C15_LAVES#1"": 0.02179337878946732, ""FCC_L12#1"": 0.0006804735056015062, ""HCP_A3#2"": 0.00214318504850244, ""ZRO2_MONO#1"": 0.0007043340785004505}"
0.8,0.125,0.03,0.035,0.01,True,False,0.8,0.01,"{""BCC_B2#1"": 0.9747784464268417, ""C15_LAVES#1"": 0.02168395253617547, ""FCC_L12#1"": 0.0006809653274172325, ""HCP_A3#2"": 0.002152521769252808, ""ZRO2_MONO#1"": 0.0007041139403128165}"
0.8,0.125,0.035,0.03,0.01,True,False,0.8,0.01,"{""BCC_B2#1"": 0.97489358157703, ""C15_LAVES#1"": 0.021559045568772226, ""FCC_L12#1"": 0.0006814726973906513, ""HCP_A3#2"": 0.0021620874980019947, ""ZRO2_MONO#1"": 0.0007038126588050371}"
0.8,0.125,0.04,0.025,0.01,True,False,0.8,0.01,"{""BCC_B2#1"": 0.9750254096652613, ""C15_LAVES#1"": 0.02141731941638567, ""FCC_L12#1"": 0.0006819947305683933, ""HCP_A3#2"": 0.0021718765034892005, ""ZRO2_MONO#1"": 0.0007033996842953562}"
0.8,0.125,0.045,0.02,0.01,True,False,0.8,0.01,"{""BCC_B2#1"": 0.9751754468430565, ""C15_LAVES#1"": 0.021257309264635524, ""FCC_L12#1"": 0.000682530597780279, ""HCP_A3#2"": 0.0021818832709446017, ""ZRO2_MONO#1"": 0.0007028300235830393}"
0.8,0.125,0.05,0.015,0.01,True,False,0.8,0.01,"{""BCC_B2#1"": 0.9739173368149475, ""C15_LAVES#1"": 0.02176543454951254, ""FCC_L12#1"": 0.0006829400528782422, ""HCP_A3#2"": 0.00219186215386303, ""HCP_A3#3"": 0.0014424264287987553}"
0.8,0.125,0.055,0.01,0.01,True,False,0.8,0.01,"{""BCC_B2#1"": 0.9741002580028754, ""C15_LAVES#1"": 0.021564238886975083, ""FCC_L12#1"": 0.0006834666147173634, ""HCP_A3#2"": 0.0022020163149608957, ""HCP_A3#3"": 0.0014500201804713403}"
0.8,0.125,0.06,0.005,0.01,True,False,0.8,0.01,"{""BCC_B2#1"": 0.9743064361011021, ""C15_LAVES#1"": 0.02133894495318473, ""FCC_L12#1"": 0.0006840044702844405, ""HCP_A3#2"": 0.002212369405964659, ""HCP_A3#3"": 0.001458245069463784}"
0.8,0.125,0.065,0.0,0.01,True,False,0.8,0.01,"{""BCC_B2#1"": 0.9745381904620719, ""C15_LAVES#1"": 0.021087302187555574, ""FCC_L12#1"": 0.0006845533653499693, ""HCP_A3#2"": 0.0022229091043842685, ""HCP_A3#3"": 0.001467044880638438}"
0.8,0.13,0.0,0.06,0.01,True,False,0.8,0.01,"{""BCC_B2#1"": 0.9743741871432338, ""C15_LAVES#1"": 0.022144846535579802, ""FCC_L12#1"": 0.0006781168747078462, ""HCP_A3#2"": 0.002098037692938745, ""ZRO2_MONO#1"": 0.0007048117535398405}"
0.8,0.13,0.005,0.055,0.01,True,False,0.8,0.01,"{""BCC_B2#1"": 0.974414416257673, ""C15_LAVES#1"": 0.02209607454706703, ""FCC_L12#1"": 0.0006785137563724654, ""HCP_A3#2"": 0.0021062399150236478, ""ZRO2_MONO#1"": 0.0007047555238637023}"
0.8,0.13,0.01,0.05,0.01,True,False,0.8,0.01,"{""BCC_B2#1"": 0.9744648682203274, ""C15_LAVES#1"": 0.02203681297692796, ""FCC_L12#1"": 0.0006789325944277357, ""HCP_A3#2"": 0.00211470531587867, ""ZRO2_MONO#1"": 0.0007046808924383116}"
0.8,0.13,0.015,0.045,0.01,True,False,0.8,0.01,"{""BCC_B2#1"": 0.9745265290337435, ""C15_LAVES#1"": 0.0219660918782497, ""FCC_L12#1"": 0.0006793719236109062, ""HCP_A3#3"": 0.002123426893673444, ""ZRO2_MONO#1"": 0.0007045802707225067}"
0.8,0.13,0.02,0.04,0.01,True,False,0.8,0.01,"{""BCC_B2#1"": 0.9746004349754042, ""C15_LAVES#1"": 0.02188289192941456, ""FCC_L12#1"": 0.000679830408550909, ""HCP_A3#3"": 0.002132397701849487, ""ZRO2_MONO#1"": 0.0007044449847807133}"
0.8,0.13,0.025,0.035,0.01,True,False,0.8,0.01,"{""BCC_B2#1"": 0.9746876932703701, ""C15_LAVES#1"": 0.021786128119923864, ""FCC_L12#1"": 0.0006803068335772672, ""HCP_A3#2"": 0.0021416109170458724, ""ZRO2_MONO#1"": 0.0007042608590829968}"
0.8,0.13,0.03,0.03,0.01,True,False,0.8,0.01,"{""BCC_B2#1"": 0.9747894986868347, ""C15_LAVES#1"": 0.021674633146550604, ""FCC_L12#1"": 0.0006808000882009962, ""HCP_A3#2"": 0.002151059878284156, ""ZRO2_MONO#1"": 0.0007040082001294187}"
0.8,0.13,0.035,0.025,0.01,True,False,0.8,0.01,"{""BCC_B2#1"": 0.9749071487063787, ""C15_LAVES#1"": 0.02154714141709071, ""FCC_L12#1"": 0.0006813091509797615, ""HCP_A3#2"": 0.002160738110743701, ""ZRO2_MONO#1"": 0.0007036626148073174}"
0.8,0.13,0.04,0.02,0.01,True,False,0.8,0.01,"{""BCC_B2#1"": 0.9750420687773703, ""C15_LAVES#1"": 0.02140227281345195, ""FCC_L12#1"": 0.0006818330794146066, ""HCP_A3#2"": 0.0021706393591941673, ""ZRO2_MONO#1"": 0.0007031859705688073}"
0.8,0.13,0.045,0.015,0.01,True,False,0.8,0.01,"{""BCC_B2#1"": 0.9751958274163536, ""C15_LAVES#1"": 0.021238516872827042, ""FCC_L12#1"": 0.0006823709922623602, ""HCP_A3#2"": 0.0021807575882563123, ""ZRO2_MONO#1"": 0.0007025271303006665}"
0.8,0.13,0.05,0.01,0.01,True,False,0.8,0.01,"{""BCC_B2#1"": 0.9739402031415527, ""C15_LAVES#1"": 0.021742620371829932, ""FCC_L12#1"": 0.0006827676937468543, ""HCP_A3#2"": 0.0021907124609881314, ""HCP_A3#3"": 0.0014436963318821912}"
0.8,0.13,0.055,0.005,0.01,True,False,0.8,0.01,"{""BCC_B2#1"": 0.9741280023896514, ""C15_LAVES#1"": 0.021536161966327055, ""FCC_L12#1"": 0.0006832946079040084, ""HCP_A3#2"": 0.002200976480134632, ""HCP_A3#3"": 0.0014515645559825968}"
0.8,0.13,0.06,0.0,0.01,True,False,0.8,0.01,"{""BCC_B2#1"": 0.9743398858144438, ""C15_LAVES#1"": 0.021304773485000855, ""FCC_L12#1"": 0.0006838328990277034, ""HCP_A3#2"": 0.0022114359866644137, ""HCP_A3#3"": 0.0014600718148632228}"
0.8,0.135,0.0,0.055,0.01,True,False,0.8,0.01,"{""BCC_B2#1"": 0.9743826739396972, ""C15_LAVES#1"": 0.0221382710269706, ""FCC_L12#1"": 0.0006779780913800763, ""HCP_A3#2"": 0.0020962787465959856, ""ZRO2_MONO#1"": 0.0007047981953563813}"
0.8,0.135,0.005,0.05,0.01,True,False,0.8,0.01,"{""BCC_B2#1"": 0.9744230115017357, ""C15_LAVES#1"": 0.022089291339423018, ""FCC_L12#1"": 0.0006783741724406259, ""HCP_A3#2"": 0.0021045872605013624, ""ZRO2_MONO#1"": 0.0007047357258995054}"
0.8,0.135,0.01,0.045,0.01,True,False,0.8,0.01,"{""BCC_B2#1"": 0.9744739330875248, ""C15_LAVES#1"": 0.022029459989928134, ""FCC_L12#1"": 0.0006787929327415982, ""HCP_A3#2"": 0.0021131625197065794, ""ZRO2_MONO#1"": 0.0007046514700988524}"
0.7999999999999999,0.135,0.015,0.04,0.01,True,False,0.8,0.01,"{""BCC_B2#1"": 0.974536460176182, ""C15_LAVES#1"": 0.021957771968577438, ""FCC_L12#1"": 0.000679232770126731, ""HCP_A3#2"": 0.0021219968045829624, ""ZRO2_MONO#1"": 0.0007045382805311291}"
0.8,0.135,0.02,0.035,0.01,True,False,0.8,0.01,"{""BCC_B2#1"": 0.974611667772748, ""C15_LAVES#1"": 0.021873173552157326, ""FCC_L12#1"": 0.0006796922361708252, ""HCP_A3#2"": 0.0021310825043030905, ""ZRO2_MONO#1"": 0.0007043839346207672}"
0.8,0.135,0.025,0.03,0.01,True,False,0.8,0.01,"{""BCC_B2#1"": 0.9747007005812371, ""C15_LAVES#1"": 0.021774544458968776, ""FCC_L12#1"": 0.0006801700185633449, ""HCP_A3#2"": 0.0021404121677031833, ""ZRO2_MONO#1"": 0.0007041727735275382}"
0.8,0.135,0.03,0.025,0.01,True,False,0.8,0.01,"{""BCC_B2#1"": 0.9748047927121863, ""C15_LAVES#1"": 0.021660680291203074, ""FCC_L12#1"": 0.0006806649248819877, ""HCP_A3#2"": 0.002149978540262845, ""ZRO2_MONO#1"": 0.0007038835314657469}"
0.8,0.135,0.035,0.02,0.01,True,False,0.8,0.01,"{""BCC_B2#1"": 0.9749252890604242, ""C15_LAVES#1"": 0.021530275321355603, ""FCC_L12#1"": 0.0006811758669537981, ""HCP_A3#2"": 0.0021597745904885345, ""ZRO2_MONO#1"": 0.0007034851607780173}"
0.8,0.135,0.04,0.015,0.01,True,False,0.8,0.01,"{""BCC_B2#1"": 0.9750636636783349, ""C15_LAVES#1"": 0.02138190560058203, ""FCC_L12#1"": 0.0006817018427365513, ""HCP_A3#2"": 0.0021697935180528564, ""ZRO2_MONO#1"": 0.0007029353602937609}"
0.8,0.135,0.045,0.01,0.01,True,False,0.8,0.01,"{""BCC_B2#1"": 0.9744477670863201, ""C15_LAVES#1"": 0.021588019825658167, ""FCC_L12#1"": 0.0006821679931354662, ""HCP_A3#2"": 0.002179885584906657, ""HCP_A3#3"": 0.0007815487371121045, ""ZRO2_MONO#1"": 0.0003206107728674038}"
0.8,0.135,0.05,0.005,0.01,True,False,0.8,0.01,"{""BCC_B2#1"": 0.9739688207138867, ""C15_LAVES#1"": 0.02171357058943914, ""FCC_L12#1"": 0.000682625819217085, ""HCP_A3#2"": 0.0021899702258398506, ""HCP_A3#3"": 0.0014450126516168886}"
0.8,0.135,0.055,0.0,0.01,True,False,0.8,0.01,"{""BCC_B2#1"": 0.9741619661232939, ""C15_LAVES#1"": 0.02150136309173542, ""FCC_L12#1"": 0.0006831531181619347, ""HCP_A3#2"": 0.0022003482510381364, ""HCP_A3#3"": 0.0014531694157705285}"
0.8,0.14,0.0,0.05,0.01,True,False,0.8,0.01,"{""BCC_B2#1"": 0.9743937710400535, ""C15_LAVES#1"": 0.022128743354678525, ""FCC_L12#1"": 0.0006778646859920667, ""HCP_A3#2"": 0.002094839136109174, ""ZRO2_MONO#1"": 0.0007047817831666672}"
0.8,0.14,0.005,0.045,0.01,True,False,0.8,0.01,"{""BCC_B2#1"": 0.9744343942586915, ""C15_LAVES#1"": 0.022079375448590795, ""FCC_L12#1"": 0.0006782603759551566, ""HCP_A3#2"": 0.002103257984205414, ""ZRO2_MONO#1"": 0.0007047119325574331}"
0.7999999999999999,0.14,0.01,0.04,0.01,True,False,0.8,0.01,"{""BCC_B2#1"": 0.9744859815361476, ""C15_LAVES#1"": 0.02201877489435632, ""FCC_L12#1"": 0.0006786794303349266, ""HCP_A3#2"": 0.0021119474142645635, ""ZRO2_MONO#1"": 0.0007046167248964384}"
0.7999999999999999,0.14,0.015,0.035,0.01,True,False,0.8,0.01,"{""BCC_B2#1"": 0.9745495933814208, ""C15_LAVES#1"": 0.021945899824456716, ""FCC_L12#1"": 0.0006791201102124639, ""HCP_A3#2"": 0.002120898950921418, ""ZRO2_MONO#1"": 0.0007044877329886515}"
0.8,0.14,0.02,0.03,0.01,True,False,0.8,0.01,"{""BCC_B2#1"": 0.9746263428632913, ""C15_LAVES#1"": 0.021859660445287952, ""FCC_L12#1"": 0.0006795808524226488, ""HCP_A3#2"": 0.002130104281290284, ""ZRO2_MONO#1"": 0.0007043115577079589}"
0.8,0.14,0.025,0.025,0.01,True,False,0.8,0.01,"{""BCC_B2#1"": 0.9747174148917974, ""C15_LAVES#1"": 0.021758899633038425, ""FCC_L12#1"": 0.0006800602493153585, ""HCP_A3#2"": 0.002139555303012399, ""ZRO2_MONO#1"": 0.0007040699228366101}"
0.8,0.14,0.03,0.02,0.01,True,False,0.8,0.01,"{""BCC_B2#1"": 0.9748240875264883, ""C15_LAVES#1"": 0.02164237402438397, ""FCC_L12#1"": 0.0006805570292468072, ""HCP_A3#2"": 0.002149244153105675, ""ZRO2_MONO#1"": 0.0007037372667751681}"
0.8,0.14,0.035,0.015,0.01,True,False,0.8,0.01,"{""BCC_B2#1"": 0.9749477534786022, ""C15_LAVES#1"": 0.021508735770747602, ""FCC_L12#1"": 0.0006810700370752228, ""HCP_A3#2"": 0.0021591632225007257, ""ZRO2_MONO#1"": 0.0007032774910742996}"
0.7999999999999999,0.14,0.04,0.01,0.01,True,False,0.8,0.01,"{""BCC_B2#1"": 0.9750899400922066, ""C15_LAVES#1"": 0.021356515110645673, ""FCC_L12#1"": 0.0006815982136866545, ""HCP_A3#2"": 0.0021693051555977936, ""ZRO2_MONO#1"": 0.0007026414278634424}"
0.8,0.14,0.045,0.005,0.01,True,False,0.8,0.01,"{""BCC_B2#1"": 0.9738275202463754, ""C15_LAVES#1"": 0.021872553392081707, ""FCC_L12#1"": 0.0006819955925683709, ""HCP_A3#2"": 0.0021793078109248213, ""HCP_A3#3"": 0.0014386229580495365}"
0.8,0.14,0.05,0.0,0.01,True,False,0.8,0.01,"{""BCC_B2#1"": 0.9740029117896635, ""C15_LAVES#1"": 0.021678597994226962, ""FCC_L12#1"": 0.0006825115913510966, ""HCP_A3#2"": 0.002189600216560916, ""HCP_A3#3"": 0.001446378408197817}"
0.8,0.145,0.0,0.045,0.01,True,False,0.8,0.01,"{""BCC_B2#1"": 0.9744073102548089, ""C15_LAVES#1"": 0.022116463828602866, ""FCC_L12#1"": 0.0006777741726411181, ""HCP_A3#2"": 0.0020936899023009073, ""ZRO2_MONO#1"": 0.0007047618416462958}"
0.8,0.145,0.005,0.04,0.01,True,False,0.8,0.01,"{""BCC_B2#1"": 0.9744483907347453, ""C15_LAVES#1"": 0.02206653364762903, ""FCC_L12#1"": 0.0006781698912145235, ""HCP_A3#2"": 0.002102223040280113, ""ZRO2_MONO#1"": 0.0007046826861309934}"
0.8,0.145,0.01,0.035,0.01,True,False,0.8,0.01,"{""BCC_B2#1"": 0.9745008335458465, ""C15_LAVES#1"": 0.022004970979513695, ""FCC_L12#1"": 0.0006785896170489362, ""HCP_A3#2"": 0.0021110308768423802, ""ZRO2_MONO#1"": 0.0007045749807487485}"
0.8,0.145,0.015,0.03,0.01,True,False,0.8,0.01,"{""BCC_B2#1"": 0.9745657414735274, ""C15_LAVES#1"": 0.02193069530956719, ""FCC_L12#1"": 0.0006790314754069962, ""HCP_A3#2"": 0.002120104138853737, ""ZRO2_MONO#1"": 0.0007044276026443912}"
0.8,0.145,0.02,0.025,0.01,True,False,0.8,0.01,"{""BCC_B2#1"": 0.9746442672795171, ""C15_LAVES#1"": 0.02184257919019441, ""FCC_L12#1"": 0.0006794937891472363, ""HCP_A3#2"": 0.0021294337760302757, ""ZRO2_MONO#1"": 0.0007042259651109654}"
0.8,0.145,0.025,0.02,0.01,True,False,0.8,0.01,"{""BCC_B2#1"": 0.9747376381925548, ""C15_LAVES#1"": 0.02173942695345116, ""FCC_L12#1"": 0.0006799750567631762, ""HCP_A3#2"": 0.0021390110076986136, ""ZRO2_MONO#1"": 0.0007039487895322677}"
0.8,0.145,0.03,0.015,0.01,True,False,0.8,0.01,"{""BCC_B2#1"": 0.9748471786026995, ""C15_LAVES#1"": 0.021619954491922888, ""FCC_L12#1"": 0.0006804739291346114, ""HCP_A3#2"": 0.0021488273410184794, ""ZRO2_MONO#1"": 0.0007035656352243519}"
0.8,0.145,0.035,0.01,0.01,True,False,0.8,0.01,"{""BCC_B2#1"": 0.9749743307956885, ""C15_LAVES#1"": 0.021482769994471154, ""FCC_L12#1"": 0.0006809891852816831, ""HCP_A3#2"": 0.0021588745697053257, ""ZRO2_MONO#1"": 0.0007030354548527527}"
0.8,0.145,0.04,0.005,0.01,True,False,0.8,0.01,"{""BCC_B2#1"": 0.9751206801625868, ""C15_LAVES#1"": 0.021326355824906718, ""FCC_L12#1"": 0.0006815197117079766, ""HCP_A3#2"": 0.0021691447704729693, ""ZRO2_MONO#1"": 0.0007022995303253908}"
0.8,0.145,0.045,0.0,0.01,True,False,0.8,0.01,"{""BCC_B2#1"": 0.9738614644113651, ""C15_LAVES#1"": 0.021837739483446986, ""FCC_L12#1"": 0.000681906062635601, ""HCP_A3#2"": 0.0021791540867120026, ""HCP_A3#3"": 0.0014397359558400765}"
0.8,0.15,0.0,0.04,0.01,True,False,0.8,0.01,"{""BCC_B2#1"": 0.9744231469704184, ""C15_LAVES#1"": 0.022101605200823746, ""FCC_L12#1"": 0.0006777043840980924, ""HCP_A3#2"": 0.002092805448254624, ""ZRO2_MONO#1"": 0.0007047379964051961}"
0.8,0.15,0.005,0.035,0.01,True,False,0.8,0.01,"{""BCC_B2#1"": 0.9744648499061404, ""C15_LAVES#1"": 0.022050944514884145, ""FCC_L12#1"": 0.0006781005534941119, ""HCP_A3#2"": 0.0021014567808793315, ""ZRO2_MONO#1"": 0.0007046482446020562}"
0.8,0.15,0.01,0.03,0.01,True,False,0.8,0.01,"{""BCC_B2#1"": 0.9745183330756585, ""C15_LAVES#1"": 0.021988232388713263, ""FCC_L12#1"": 0.0006785213280209821, ""HCP_A3#2"": 0.0021103872227505043, ""ZRO2_MONO#1"": 0.0007045259848569819}"
0.8,0.15,0.015,0.025,0.01,True,False,0.8,0.01,"{""BCC_B2#1"": 0.9745847425376248, ""C15_LAVES#1"": 0.02191234817954998, ""FCC_L12#1"": 0.0006789646976004005, ""HCP_A3#2"": 0.002119586653519065, ""ZRO2_MONO#1"": 0.0007043579317057212}"
0.8,0.15,0.02,0.02,0.01,True,False,0.8,0.01,"{""BCC_B2#1"": 0.9746652743515651, ""C15_LAVES#1"": 0.02182212518527036, ""FCC_L12#1"": 0.0006794288739798313, ""HCP_A3#2"": 0.0021290452517945435, ""ZRO2_MONO#1"": 0.0007041263373901721}"
0.8,0.15,0.025,0.015,0.01,True,False,0.8,0.01,"{""BCC_B2#1"": 0.9747611998919042, ""C15_LAVES#1"": 0.02171632751066487, ""FCC_L12#1"": 0.0006799122636579947, ""HCP_A3#2"": 0.0021387535289147616, ""ZRO2_MONO#1"": 0.0007038068048582604}"
0.8,0.15,0.03,0.01,0.01,True,False,0.8,0.01,"{""BCC_B2#1"": 0.9748738903666091, ""C15_LAVES#1"": 0.021593628569206276, ""FCC_L12#1"": 0.00068041344092162, ""HCP_A3#2"": 0.0021487023350014204, ""ZRO2_MONO#1"": 0.000703365288261663}"
0.8,0.15,0.035,0.005,0.01,True,False,0.8,0.01,"{""BCC_B2#1"": 0.9750048430202506, ""C15_LAVES#1"": 0.021452590721494, ""FCC_L12#1"": 0.0006809311228386479, ""HCP_A3#2"": 0.002158882852806575, ""ZRO2_MONO#1"": 0.0007027522826098135}"
0.8,0.15,0.04,0.0,0.01,True,False,0.8,0.01,"{""BCC_B2#1"": 0.975155702549647, ""C15_LAVES#1"": 0.021291646669742797, ""FCC_L12#1"": 0.0006814641420736807, ""HCP_A3#2"": 0.002169286569824738, ""ZRO2_MONO#1"": 0.0007019000687119123}"
0.8,0.155,0.0,0.035,0.01,True,False,0.8,0.01,"{""BCC_B2#1"": 0.9744411566394501, ""C15_LAVES#1"": 0.022084317191120837, ""FCC_L12#1"": 0.0006776534279376749, ""HCP_A3#2"": 0.002092163065005219, ""ZRO2_MONO#1"": 0.0007047096764863646}"
0.8,0.155,0.005,0.03,0.01,True,False,0.8,0.01,"{""BCC_B2#1"": 0.9744836428112444, ""C15_LAVES#1"": 0.022032762584911745, ""FCC_L12#1"": 0.0006780504678410184, ""HCP_A3#2"": 0.002100936482210177, ""ZRO2_MONO#1"": 0.0007046076537923513}"
0.8,0.155,0.01,0.025,0.01,True,False,0.8,0.01,"{""BCC_B2#1"": 0.9745383472192477, ""C15_LAVES#1"": 0.02196871866749621, ""FCC_L12#1"": 0.0006784726634892755, ""HCP_A3#2"": 0.0021099937271945707, ""ZRO2_MONO#1"": 0.00070446772257233}"
0.8,0.155,0.015,0.02,0.01,True,False,0.8,0.01,"{""BCC_B2#1"": 0.974606460226239, ""C15_LAVES#1"": 0.02189102289427035, ""FCC_L12#1"": 0.0006789178706512159, ""HCP_A3#2"": 0.0021193237791170103, ""ZRO2_MONO#1"": 0.0007042752297218552}"
0.8,0.155,0.02,0.015,0.01,True,False,0.8,0.01,"{""BCC_B2#1"": 0.9746892225592676, ""C15_LAVES#1"": 0.021798467693124112, ""FCC_L12#1"": 0.0006793841919107104, ""HCP_A3#2"": 0.002128916004573853, ""ZRO2_MONO#1"": 0.0007040095511235647}"
0.8,0.155,0.025,0.01,0.01,True,False,0.8,0.01,"{""BCC_B2#1"": 0.9747879525824291, ""C15_LAVES#1"": 0.021689775405634368, ""FCC_L12#1"": 0.0006798699448946491, ""HCP_A3#2"": 0.0021387601777837387, ""ZRO2_MONO#1"": 0.0007036418892579207}"
0.8,0.155,0.03,0.005,0.01,True,False,0.8,0.01,"{""BCC_B2#1"": 0.9749040727545348, ""C15_LAVES#1"": 0.021563575166134302, ""FCC_L12#1"": 0.0006803736311665185, ""HCP_A3#2"": 0.002148846471260271, ""ZRO2_MONO#1"": 0.0007031319769039112}"
0.8,0.155,0.035,0.0,0.01,True,False,0.8,0.01,"{""BCC_B2#1"": 0.9750391355414012, ""C15_LAVES#1"": 0.021418381916757556, ""FCC_L12#1"": 0.0006808939065223427, ""HCP_A3#2"": 0.0021591654308076584, ""ZRO2_MONO#1"": 0.0007024232045110943}"
0.8,0.16,0.0,0.03,0.01,True,False,0.8,0.01,"{""BCC_B2#1"": 0.9744612316760862, ""C15_LAVES#1"": 0.02206472979306384, ""FCC_L12#1"": 0.0006776196486100166, ""HCP_A3#2"": 0.002091742539683566, ""ZRO2_MONO#1"": 0.0007046763425565617}"
0.8,0.16,0.005,0.025,0.01,True,False,0.8,0.01,"{""BCC_B2#1"": 0.9745046577183126, ""C15_LAVES#1"": 0.02201212234419134, ""FCC_L12#1"": 0.0006780179712280544, ""HCP_A3#2"": 0.0021006419465322487, ""ZRO2_MONO#1"": 0.0007045600197355106}"
0.8,0.16,0.01,0.02,0.01,True,False,0.8,0.01,"{""BCC_B2#1"": 0.9745607593225983, ""C15_LAVES#1"": 0.02194656854663826, ""FCC_L12#1"": 0.0006784419503213959, ""HCP_A3#2"": 0.002109830218443556, ""ZRO2_MONO#1"": 0.0007043999619985022}"
0.8,0.16,0.015,0.015,0.01,True,False,0.8,0.01,"{""BCC_B2#1"": 0.9746307738436095, ""C15_LAVES#1"": 0.021866862384850954, ""FCC_L12#1"": 0.0006788893106236883, ""HCP_A3#2"": 0.0021192953815622573, ""ZRO2_MONO#1"": 0.0007041790793538641}"
0.8,0.16,0.02,0.01,0.01,True,False,0.8,0.01,"{""BCC_B2#1"": 0.974715988733907, ""C15_LAVES#1"": 0.021771753806615713, ""FCC_L12#1"": 0.0006793580485376936, ""HCP_A3#2"": 0.002129025948775016, ""ZRO2_MONO#1"": 0.0007038734621645069}"
0.8,0.16,0.025,0.005,0.01,True,False,0.8,0.01,"{""BCC_B2#1"": 0.9748177712670916, ""C15_LAVES#1"": 0.021659921777449385, ""FCC_L12#1"": 0.0006798463956228926, ""HCP_A3#2"": 0.0021390109241387592, ""ZRO2_MONO#1"": 0.000703449635697207}"
0.8,0.16,0.03,0.0,0.01,True,False,0.8,0.01,"{""BCC_B2#1"": 0.9749375967257494, ""C15_LAVES#1"": 0.02152994967551939, ""FCC_L12#1"": 0.0006803527830323282, ""HCP_A3#2"": 0.0021492397748781207, ""ZRO2_MONO#1"": 0.0007028610408210324}"
0.8,0.165,0.0,0.025,0.01,True,False,0.8,0.01,"{""BCC_B2#1"": 0.9744832785996618, ""C15_LAVES#1"": 0.022042956418726528, ""FCC_L12#1"": 0.0006776015949870127, ""HCP_A3#2"": 0.0020915258314013804, ""ZRO2_MONO#1"": 0.0007046375552236211}"
0.8,0.165,0.005,0.02,0.01,True,False,0.8,0.01,"{""BCC_B2#1"": 0.974527798167252, ""C15_LAVES#1"": 0.02198914103960345, ""FCC_L12#1"": 0.0006780016014282078, ""HCP_A3#2"": 0.002100555175774738, ""ZRO2_MONO#1"": 0.0007045040159413862}"
0.8,0.165,0.01,0.015,0.01,True,False,0.8,0.01,"{""BCC_B2#1"": 0.9745854695316315, ""C15_LAVES#1"": 0.021921903095738982, ""FCC_L12#1"": 0.0006784277135754758, ""HCP_A3#2"": 0.0021098787541545105, ""ZRO2_MONO#1"": 0.0007043209048993918}"
0.8,0.165,0.015,0.01,0.01,True,False,0.8,0.01,"{""BCC_B2#1"": 0.9746575804204685, ""C15_LAVES#1"": 0.021839991349756366, ""FCC_L12#1"": 0.0006788775292447734, ""HCP_A3#2"": 0.002119483585106115, ""ZRO2_MONO#1"": 0.0007040671154242525}"
0.8,0.165,0.02,0.005,0.01,True,False,0.8,0.01,"{""BCC_B2#1"": 0.9747454671129118, ""C15_LAVES#1"": 0.02174211178186086, ""FCC_L12#1"": 0.0006793489421430092, ""HCP_A3#2"": 0.0021293572842834905, ""ZRO2_MONO#1"": 0.0007037148788008519}"
0.8,0.165,0.025,0.0,0.01,True,False,0.8,0.01,"{""BCC_B2#1"": 0.9748505471160132, ""C15_LAVES#1"": 0.021626898463418, ""FCC_L12#1"": 0.0006798401004969473, ""HCP_A3#2"": 0.002139488049739032, ""ZRO2_MONO#1"": 0.000703226270332681}"
0.8,0.17,0.0,0.02,0.01,True,False,0.8,0.01,"{""BCC_B2#1"": 0.9745072175941014, ""C15_LAVES#1"": 0.02201909607171542, ""FCC_L12#1"": 0.000677597993750177, ""HCP_A3#2"": 0.0020914968046022576, ""ZRO2_MONO#1"": 0.0007045915358309562}"
0.8,0.17,0.005,0.015,0.01,True,False,0.8,0.01,"{""BCC_B2#1"": 0.9745529792184905, ""C15_LAVES#1"": 0.021963921200242507, ""FCC_L12#1"": 0.0006780000691249364, ""HCP_A3#2"": 0.0021006600957879495, ""ZRO2_MONO#1"": 0.0007044394163540124}"
0.7999999999999999,0.17,0.01,0.01,0.01,True,False,0.8,0.01,"{""BCC_B2#1"": 0.9746123909741553, ""C15_LAVES#1"": 0.021894828134214554, ""FCC_L12#1"": 0.0006784286492621111, ""HCP_A3#2"": 0.0021101233424286347, ""ZRO2_MONO#1"": 0.0007042288999395199}"
0.8,0.17,0.015,0.005,0.01,True,False,0.8,0.01,"{""BCC_B2#1"": 0.9746867904963328, ""C15_LAVES#1"": 0.021810518826278526, ""FCC_L12#1"": 0.0006788812071240219, ""HCP_A3#2"": 0.0021198724901816254, ""ZRO2_MONO#1"": 0.0007039369800829482}"
0.8,0.17,0.02,0.0,0.01,True,False,0.8,0.01,"{""BCC_B2#1"": 0.9747775647178064, ""C15_LAVES#1"": 0.021709653795882418, ""FCC_L12#1"": 0.0006793555373488916, ""HCP_A3#2"": 0.0021298942111938864, ""ZRO2_MONO#1"": 0.0007035317377683312}"
0.8,0.175,0.0,0.015,0.01,True,False,0.8,0.01,"{""BCC_B2#1"": 0.9745329775742635, ""C15_LAVES#1"": 0.021993235402809324, ""FCC_L12#1"": 0.0006776077236355635, ""HCP_A3#2"": 0.00209164099701892, ""ZRO2_MONO#1"": 0.0007045383022726456}"
0.7999999999999999,0.175,0.005,0.01,0.01,True,False,0.8,0.01,"{""BCC_B2#1"": 0.9745801289594069, ""C15_LAVES#1"": 0.021936552579368194, ""FCC_L12#1"": 0.0006780122372491715, ""HCP_A3#2"": 0.0021009423351532578, ""ZRO2_MONO#1"": 0.0007043638888222809}"
0.7999999999999999,0.175,0.01,0.005,0.01,True,False,0.8,0.01,"{""BCC_B2#1"": 0.9746414486155232, ""C15_LAVES#1"": 0.021865436370509795, ""FCC_L12#1"": 0.0006784436026402653, ""HCP_A3#2"": 0.002110549713178116, ""ZRO2_MONO#1"": 0.0007041216981486358}"
0.8,0.175,0.015,0.0,0.01,True,False,0.8,0.01,"{""BCC_B2#1"": 0.9747183265931967, ""C15_LAVES#1"": 0.021778540332915514, ""FCC_L12#1"": 0.0006788991724017284, ""HCP_A3#2"": 0.0021204479417607004, ""ZRO2_MONO#1"": 0.0007037859597252516}"
0.8,0.18,0.0,0.01,0.01,True,False,0.8,0.01,"{""BCC_B2#1"": 0.9745604980506517, ""C15_LAVES#1"": 0.021965450311374153, ""FCC_L12#1"": 0.0006776297975901893, ""HCP_A3#2"": 0.002091945437104626, ""ZRO2_MONO#1"": 0.000704476403279686}"
0.8,0.18,0.005,0.005,0.01,True,False,0.8,0.01,"{""BCC_B2#1"": 0.9746091838428012, ""C15_LAVES#1"": 0.021907113815906147, ""FCC_L12#1"": 0.0006780370993719382, ""HCP_A3#2"": 0.002101389027012371, ""ZRO2_MONO#1"": 0.0007042762149084406}"
0.8,0.18,0.01,0.0,0.01,True,False,0.8,0.01,"{""BCC_B2#1"": 0.9746725761785079, ""C15_LAVES#1"": 0.021833809137493883, ""FCC_L12#1"": 0.000678471548320096, ""HCP_A3#2"": 0.0021111451215169576, ""ZRO2_MONO#1"": 0.0007039980141610384}"
0.8,0.185,0.0,0.005,0.01,True,False,0.8,0.01,"{""BCC_B2#1"": 0.974589726059242, ""C15_LAVES#1"": 0.02193580723996332, ""FCC_L12#1"": 0.0006776633443701189, ""HCP_A3#2"": 0.0020923984802749627, ""ZRO2_MONO#1"": 0.0007044048761495253}"
0.8,0.185,0.005,0.0,0.01,True,False,0.8,0.01,"{""BCC_B2#1"": 0.9746400891557216, ""C15_LAVES#1"": 0.02187567391028199, ""FCC_L12#1"": 0.0006780737644255452, ""HCP_A3#2"": 0.002101988651460239, ""ZRO2_MONO#1"": 0.0007041745181104835}"
0.8,0.19,0.0,0.0,0.01,True,False,0.8,0.01,"{""BCC_B2#1"": 0.9746206168736263, ""C15_LAVES#1"": 0.021904364294950063, ""FCC_L12#1"": 0.0006777075952563771, ""HCP_A3#2"": 0.002092989677395356, ""ZRO2_MONO#1"": 0.0007043215587723035}"
