V,Cr,Ti,W,Zr,_neutronics_ok,_calphad_ok,slice_V,slice_Zr,phases
0.92,0.0,0.0,0.075,0.005,True,True,0.92,0.005,"{""BCC_B2#1"": 0.9950950847957157, ""FCC_L12#1"": 0.0007017413354313112, ""HCP_A3#2"": 0.0017439191706879792, ""HCP_A3#3"": 0.0024592546981648503}"
0.92,0.0,0.005,0.07,0.005,True,True,0.92,0.005,"{""BCC_B2#1"": 0.9951067509890588, ""FCC_L12#1"": 0.0007013055514921286, ""HCP_A3#2"": 0.0024534048817539448, ""HCP_A3#3"": 0.0017385385776949884}"
0.92,0.0,0.01,0.065,0.005,True,True,0.92,0.005,"{""BCC_B2#1"": 0.9951185597767159, ""FCC_L12#1"": 0.0007008633428470046, ""HCP_A3#2"": 0.0024475691694573628, ""HCP_A3#3"": 0.0017330077109800836}"
0.92,0.0,0.015,0.06,0.005,True,True,0.92,0.005,"{""BCC_B2#1"": 0.9951305687087538, ""FCC_L12#1"": 0.000700415368434136, ""HCP_A3#2"": 0.0017272572083863464, ""HCP_A3#3"": 0.002441758714425413}"
0.92,0.0,0.02,0.055,0.005,True,True,0.92,0.005,"{""BCC_B2#1"": 0.9951428693711734, ""FCC_L12#1"": 0.0006999625799427131, ""HCP_A3#2"": 0.001721179350047925, ""HCP_A3#3"": 0.0024359886988360954}"
0.92,0.0,0.025,0.05,0.005,True,True,0.92,0.005,"{""BCC_B2#1"": 0.9951556054745441, ""FCC_L12#1"": 0.0006995063676298065, ""HCP_A3#2"": 0.0017146078998215842, ""HCP_A3#3"": 0.002430280258004705}"
0.92,0.0,0.03,0.045,0.005,True,True,0.92,0.005,"{""BCC_B2#1"": 0.9951690002456032, ""FCC_L12#1"": 0.0006990487763937413, ""HCP_A3#2"": 0.0017072877013991712, ""HCP_A3#3"": 0.0024246632766036}"
0.92,0.0,0.035,0.04,0.005,True,True,0.92,0.005,"{""BCC_B2#1"": 0.9951833974556683, ""FCC_L12#1"": 0.0006985928211596382, ""HCP_A3#2"": 0.0016988293332728624, ""HCP_A3#3"": 0.0024191803898992925}"
0.92,0.0,0.04,0.035,0.005,True,True,0.92,0.005,"{""BCC_B2#1"": 0.9951993218307374, ""FCC_L12#1"": 0.0006981429367499057, ""HCP_A3#2"": 0.0024138925730857797, ""HCP_A3#3"": 0.0016886426594270934}"
0.92,0.0,0.045,0.03,0.005,True,True,0.92,0.005,"{""BCC_B2#1"": 0.9952175656518591, ""FCC_L12#1"": 0.000697705596971195, ""HCP_A3#2"": 0.0024088866568355485, ""HCP_A3#3"": 0.0016758420943342844}"
0.92,0.0,0.05,0.025,0.005,True,True,0.92,0.005,"{""BCC_B2#1"": 0.995239307806709, ""FCC_L12#1"": 0.0006972901188297397, ""HCP_A3#2"": 0.002404284822093093, ""HCP_A3#3"": 0.0016591172523679663}"
0.92,0.0,0.055,0.02,0.005,True,True,0.92,0.005,"{""BCC_B2#1"": 0.9952662668917538, ""FCC_L12#1"": 0.0006969096099032732, ""HCP_A3#2"": 0.00240025536165585, ""HCP_A3#3"": 0.0016365681366871368}"
0.92,0.0,0.06,0.015,0.005,True,True,0.92,0.005,"{""BCC_B2#1"": 0.9953008774798594, ""FCC_L12#1"": 0.0006965818942653855, ""HCP_A3#2"": 0.0016055181460669372, ""HCP_A3#3"": 0.0023970224798083696}"
0.92,0.0,0.065,0.01,0.005,True,True,0.92,0.005,"{""BCC_B2#1"": 0.9953464556471627, ""FCC_L12#1"": 0.0006963300587854068, ""HCP_A3#2"": 0.002394870648096052, ""HCP_A3#3"": 0.0015623436459558954}"
0.92,0.0,0.07,0.005,0.005,True,True,0.92,0.005,"{""BCC_B2#1"": 0.9954072911810552, ""FCC_L12#1"": 0.0006961820690281711, ""HCP_A3#2"": 0.002394137030795315, ""HCP_A3#3"": 0.0015023897191212532}"
0.92,0.0,0.075,0.0,0.005,True,True,0.92,0.005,"{""BCC_B2#1"": 0.9954885909977559, ""FCC_L12#1"": 0.0006961689213367473, ""HCP_A3#2"": 0.002395186273660947, ""HCP_A3#3"": 0.0014200538072465542}"
0.92,0.005,0.0,0.07,0.005,True,True,0.92,0.005,"{""BCC_B2#1"": 0.9951077114655432, ""FCC_L12#1"": 0.0007013479700532396, ""HCP_A3#2"": 0.002452119036028229, ""HCP_A3#3"": 0.001738821528375435}"
0.92,0.005,0.005,0.065,0.005,True,True,0.92,0.005,"{""BCC_B2#1"": 0.9951194626051072, ""FCC_L12#1"": 0.000700905469207604, ""HCP_A3#2"": 0.0024462673491007334, ""HCP_A3#3"": 0.0017333645765845826}"
0.92,0.005,0.01,0.06,0.005,True,True,0.92,0.005,"{""BCC_B2#1"": 0.9951313773045025, ""FCC_L12#1"": 0.0007004568964724478, ""HCP_A3#2"": 0.0024404377729988313, ""HCP_A3#3"": 0.0017277280260259446}"
0.92,0.005,0.015,0.055,0.005,True,True,0.92,0.005,"{""BCC_B2#1"": 0.9951435284509983, ""FCC_L12#1"": 0.0007000030495404864, ""HCP_A3#2"": 0.002434643277204693, ""HCP_A3#3"": 0.0017218252222564471}"
0.92,0.005,0.02,0.05,0.005,True,True,0.92,0.005,"{""BCC_B2#1"": 0.9951560312418399, ""FCC_L12#1"": 0.0006995450849055451, ""HCP_A3#2"": 0.0024289016993512104, ""HCP_A3#3"": 0.0017155219739031396}"
0.92,0.005,0.025,0.045,0.005,True,True,0.92,0.005,"{""BCC_B2#1"": 0.995169065584608, ""FCC_L12#1"": 0.0006990846957481159, ""HCP_A3#2"": 0.0024232380554495957, ""HCP_A3#3"": 0.0017086116641942173}"
0.92,0.005,0.03,0.04,0.005,True,True,0.92,0.005,"{""BCC_B2#1"": 0.9951829098688929, ""FCC_L12#1"": 0.0006986243737564147, ""HCP_A3#2"": 0.002417687874788231, ""HCP_A3#3"": 0.0017007778825626236}"
0.92,0.005,0.035,0.035,0.005,True,True,0.92,0.005,"{""BCC_B2#1"": 0.9951979911898842, ""FCC_L12#1"": 0.0006981677873902797, ""HCP_A3#2"": 0.0024123019219070042, ""HCP_A3#3"": 0.0016915391008183853}"
0.92,0.005,0.04,0.03,0.005,True,True,0.92,0.005,"{""BCC_B2#1"": 0.9952149584580242, ""FCC_L12#1"": 0.0006977203129322898, ""HCP_A3#2"": 0.0024071526831050656, ""HCP_A3#3"": 0.0016801685459382465}"
0.92,0.005,0.045,0.025,0.005,True,True,0.92,0.005,"{""BCC_B2#1"": 0.9952347853278496, ""FCC_L12#1"": 0.00069728974700261, ""HCP_A3#2"": 0.002402342853963354, ""HCP_A3#3"": 0.001665582071184199}"
0.92,0.005,0.05,0.02,0.005,True,True,0.92,0.005,"{""BCC_B2#1"": 0.995258907678501, ""FCC_L12#1"": 0.0006968871939027573, ""HCP_A3#2"": 0.002398015575147237, ""HCP_A3#3"": 0.0016461895524489713}"
0.92,0.005,0.055,0.015,0.005,True,True,0.92,0.005,"{""BCC_B2#1"": 0.9952893922592773, ""FCC_L12#1"": 0.000696528033608279, ""HCP_A3#2"": 0.002394365052619924, ""HCP_A3#3"": 0.0016197146544946858}"
0.92,0.005,0.06,0.01,0.005,True,True,0.92,0.005,"{""BCC_B2#1"": 0.9953291153181114, ""FCC_L12#1"": 0.0006962327154541137, ""HCP_A3#2"": 0.0023916442754171882, ""HCP_A3#3"": 0.0015830076910171946}"
0.92,0.005,0.065,0.005,0.005,True,True,0.92,0.005,"{""BCC_B2#1"": 0.9953819024958528, ""FCC_L12#1"": 0.000696026912378927, ""HCP_A3#2"": 0.0023901642066099927, ""HCP_A3#3"": 0.0015319063851584678}"
0.92,0.005,0.07,0.0,0.005,True,True,0.92,0.005,"{""BCC_B2#1"": 0.9954525563783857, ""FCC_L12#1"": 0.0006959404489673546, ""HCP_A3#2"": 0.0023902778201344236, ""HCP_A3#3"": 0.0014612253525125196}"
0.92,0.01,0.0,0.065,0.005,True,True,0.92,0.005,"{""BCC_B2#1"": 0.9951201194722674, ""FCC_L12#1"": 0.0007009581378080072, ""HCP_A3#2"": 0.0024451214005372568, ""HCP_A3#3"": 0.0017338009893869825}"
0.92,0.01,0.005,0.06,0.005,True,True,0.92,0.005,"{""BCC_B2#1"": 0.9951319613119392, ""FCC_L12#1"": 0.0007005091781572664, ""HCP_A3#2"": 0.0024392736289772423, ""HCP_A3#3"": 0.001728255880926144}"
0.92,0.01,0.01,0.055,0.005,True,True,0.92,0.005,"{""BCC_B2#1"": 0.9951439943681266, ""FCC_L12#1"": 0.0007000545632377739, ""HCP_A3#2"": 0.002433456752473873, ""HCP_A3#3"": 0.001722494316161938}"
0.92,0.01,0.015,0.05,0.005,True,True,0.92,0.005,"{""BCC_B2#1"": 0.9951563105019916, ""FCC_L12#1"": 0.0006995952583062402, ""HCP_A3#2"": 0.0024276859129027644, ""HCP_A3#3"": 0.0017164083267992819}"
0.92,0.01,0.02,0.045,0.005,True,True,0.92,0.005,"{""BCC_B2#1"": 0.9951690540744174, ""FCC_L12#1"": 0.0006991326675821588, ""HCP_A3#2"": 0.002421982125889108, ""HCP_A3#3"": 0.0017098311321114405}"
0.92,0.01,0.025,0.04,0.005,True,True,0.92,0.005,"{""BCC_B2#1"": 0.995182449598847, ""FCC_L12#1"": 0.0006986688503687566, ""HCP_A3#2"": 0.0024163750446678394, ""HCP_A3#3"": 0.0017025065061164633}"
0.92,0.01,0.03,0.035,0.005,True,True,0.92,0.005,"{""BCC_B2#1"": 0.9951968431988492, ""FCC_L12#1"": 0.0006982068365386492, ""HCP_A3#2"": 0.0024109069164939823, ""HCP_A3#3"": 0.0016940430481187053}"
0.92,0.01,0.035,0.03,0.005,True,True,0.92,0.005,"{""BCC_B2#1"": 0.9952127637094094, ""FCC_L12#1"": 0.0006977510765942597, ""HCP_A3#2"": 0.0024056381109951227, ""HCP_A3#3"": 0.001683847103001308}"
0.92,0.01,0.04,0.025,0.005,True,True,0.92,0.005,"{""BCC_B2#1"": 0.995231010361236, ""FCC_L12#1"": 0.0006973080610641182, ""HCP_A3#2"": 0.002400654554991819, ""HCP_A3#3"": 0.0016710270227081523}"
0.92,0.01,0.045,0.02,0.005,True,True,0.92,0.005,"{""BCC_B2#1"": 0.9952527734684791, ""FCC_L12#1"": 0.0006968871251259806, ""HCP_A3#2"": 0.0023960771246849095, ""HCP_A3#3"": 0.0016542622817098168}"
0.92,0.01,0.05,0.015,0.005,True,True,0.92,0.005,"{""BCC_B2#1"": 0.995279789864541, ""FCC_L12#1"": 0.0006965013962915345, ""HCP_A3#2"": 0.0023920722846666647, ""HCP_A3#3"": 0.0016316364545005413}"
0.92,0.01,0.055,0.01,0.005,True,True,0.92,0.005,"{""BCC_B2#1"": 0.9953145222229648, ""FCC_L12#1"": 0.0006961687199941377, ""HCP_A3#2"": 0.002388861754941356, ""HCP_A3#3"": 0.0016004473020996251}"
0.92,0.01,0.06,0.005,0.005,True,True,0.92,0.005,"{""BCC_B2#1"": 0.9953603280707461, ""FCC_L12#1"": 0.0006959122038472941, ""HCP_A3#2"": 0.002386726746798095, ""HCP_A3#3"": 0.0015570329786084825}"
0.92,0.01,0.065,0.0,0.005,True,True,0.92,0.005,"{""BCC_B2#1"": 0.995421555149574, ""FCC_L12#1"": 0.0006957598286083082, ""HCP_A3#2"": 0.002386000320148841, ""HCP_A3#3"": 0.0014966847016689572}"
0.92,0.015,0.0,0.06,0.005,True,True,0.92,0.005,"{""BCC_B2#1"": 0.9951323164498387, ""FCC_L12#1"": 0.0007005720151486899, ""HCP_A3#2"": 0.002438261101271567, ""HCP_A3#3"": 0.0017288504337409525}"
0.92,0.015,0.005,0.055,0.005,True,True,0.92,0.005,"{""BCC_B2#1"": 0.995144257649732, ""FCC_L12#1"": 0.0007001168806522341, ""HCP_A3#2"": 0.002432423299712753, ""HCP_A3#3"": 0.0017232021699031112}"
0.92,0.015,0.01,0.05,0.005,True,True,0.92,0.005,"{""BCC_B2#1"": 0.9951564259456803, ""FCC_L12#1"": 0.0006996565833153988, ""HCP_A3#2"": 0.0024266261032719126, ""HCP_A3#3"": 0.0017172913677322389}"
0.92,0.015,0.015,0.045,0.005,True,True,0.92,0.005,"{""BCC_B2#1"": 0.9951689366244152, ""FCC_L12#1"": 0.0006991922907606235, ""HCP_A3#2"": 0.002420887252427934, ""HCP_A3#3"": 0.001710983832396177}"
0.92,0.015,0.02,0.04,0.005,True,True,0.92,0.005,"{""BCC_B2#1"": 0.9951819699859618, ""FCC_L12#1"": 0.0006987257065135262, ""HCP_A3#2"": 0.002415231562377266, ""HCP_A3#3"": 0.0017040727451476225}"
0.92,0.015,0.025,0.035,0.005,True,True,0.92,0.005,"{""BCC_B2#1"": 0.9951958053565572, ""FCC_L12#1"": 0.0006982593313467182, ""HCP_A3#2"": 0.0024096942153583657, ""HCP_A3#3"": 0.001696241096738074}"
0.92,0.015,0.03,0.03,0.005,True,True,0.92,0.005,"{""BCC_B2#1"": 0.9952108717223618, ""FCC_L12#1"": 0.0006977968409354905, ""HCP_A3#2"": 0.0024043254244182884, ""HCP_A3#3"": 0.0016870060122842231}"
0.92,0.015,0.035,0.025,0.005,True,True,0.92,0.005,"{""BCC_B2#1"": 0.995227821519943, ""FCC_L12#1"": 0.0006973436161982529, ""HCP_A3#2"": 0.0023991968426681823, ""HCP_A3#3"": 0.0016756380211906318}"
0.92,0.015,0.04,0.02,0.005,True,True,0.92,0.005,"{""BCC_B2#1"": 0.9952476346619444, ""FCC_L12#1"": 0.0006969074551011689, ""HCP_A3#2"": 0.0023944099529141197, ""HCP_A3#3"": 0.00166104793004028}"
0.92,0.015,0.045,0.015,0.005,True,True,0.92,0.005,"{""BCC_B2#1"": 0.9952717577128717, ""FCC_L12#1"": 0.0006964994594986869, ""HCP_A3#2"": 0.002390106188231096, ""HCP_A3#3"": 0.0016416366393985152}"
0.92,0.015,0.05,0.01,0.005,True,True,0.92,0.005,"{""BCC_B2#1"": 0.9953022750009672, ""FCC_L12#1"": 0.0006961350031435193, ""HCP_A3#2"": 0.0023864774324025215, ""HCP_A3#3"": 0.0016151125634865438}"
0.92,0.015,0.055,0.005,0.005,True,True,0.92,0.005,"{""BCC_B2#1"": 0.9953420905211688, ""FCC_L12#1"": 0.000695834526192952, ""HCP_A3#2"": 0.002383773640115009, ""HCP_A3#3"": 0.001578301312522952}"
0.92,0.015,0.06,0.0,0.005,True,True,0.92,0.005,"{""BCC_B2#1"": 0.9953950715974104, ""FCC_L12#1"": 0.0006956236910223176, ""HCP_A3#2"": 0.002382301992732996, ""HCP_A3#3"": 0.0015270027188343635}"
0.92,0.02,0.0,0.055,0.005,True,True,0.92,0.005,"{""BCC_B2#1"": 0.9951443112961517, ""FCC_L12#1"": 0.0007001897798137539, ""HCP_A3#2"": 0.002431537487896282, ""HCP_A3#3"": 0.0017239614361383537}"
0.92,0.02,0.005,0.05,0.005,True,True,0.92,0.005,"{""BCC_B2#1"": 0.9951563640299387, ""FCC_L12#1"": 0.0006997287851276005, ""HCP_A3#2"": 0.0024257160462774524, ""HCP_A3#3"": 0.001718191138656232}"
0.92,0.02,0.01,0.045,0.005,True,True,0.92,0.005,"{""BCC_B2#1"": 0.9951686898254594, ""FCC_L12#1"": 0.000699263210308504, ""HCP_A3#2"": 0.0017121009412706476, ""HCP_A3#3"": 0.0024199460229615533}"
0.92,0.02,0.015,0.04,0.005,True,True,0.92,0.005,"{""BCC_B2#1"": 0.995181432830617, ""FCC_L12#1"": 0.0006987944672475528, ""HCP_A3#2"": 0.001705524436777748, ""HCP_A3#3"": 0.002414248265357791}"
0.92,0.02,0.02,0.035,0.005,True,True,0.92,0.005,"{""BCC_B2#1"": 0.9951948175238812, ""FCC_L12#1"": 0.0006983246204868114, ""HCP_A3#2"": 0.0016982057315272352, ""HCP_A3#3"": 0.0024086521241048994}"
0.92,0.02,0.025,0.03,0.005,True,True,0.92,0.005,"{""BCC_B2#1"": 0.9952091903729074, ""FCC_L12#1"": 0.0006978567015256107, ""HCP_A3#2"": 0.0016897535709906675, ""HCP_A3#3"": 0.0024031993545762043}"
0.92,0.02,0.03,0.025,0.005,True,True,0.92,0.005,"{""BCC_B2#1"": 0.9952250813037226, ""FCC_L12#1"": 0.0006973951573682835, ""HCP_A3#2"": 0.0016795739672753067, ""HCP_A3#3"": 0.002397949571633792}"
0.92,0.02,0.035,0.02,0.005,True,True,0.92,0.005,"{""BCC_B2#1"": 0.9952432920346803, ""FCC_L12#1"": 0.0006969464681642612, ""HCP_A3#2"": 0.0016667739069983183, ""HCP_A3#3"": 0.0023929875901572708}"
0.92,0.02,0.04,0.015,0.005,True,True,0.92,0.005,"{""BCC_B2#1"": 0.995265017868383, ""FCC_L12#1"": 0.0006965199501519739, ""HCP_A3#2"": 0.001650029476425549, ""HCP_A3#3"": 0.002388432705039379}"
0.92,0.02,0.045,0.01,0.005,True,True,0.92,0.005,"{""BCC_B2#1"": 0.9952920049152357, ""FCC_L12#1"": 0.000696128702461667, ""HCP_A3#2"": 0.0016274171694113607, ""HCP_A3#3"": 0.0023844492128911633}"
0.92,0.02,0.05,0.005,0.005,True,True,0.92,0.005,"{""BCC_B2#1"": 0.9953267321170753, ""FCC_L12#1"": 0.0006957905338156201, ""HCP_A3#2"": 0.001596221363856206, ""HCP_A3#3"": 0.002381255985252954}"
0.92,0.02,0.055,0.0,0.005,True,True,0.92,0.005,"{""BCC_B2#1"": 0.9953725839499087, ""FCC_L12#1"": 0.0006955285112583943, ""HCP_A3#2"": 0.001552756859429398, ""HCP_A3#3"": 0.0023791306794038415}"
0.92,0.025,0.0,0.05,0.005,True,True,0.92,0.005,"{""BCC_B2#1"": 0.9951561143925971, ""FCC_L12#1"": 0.0006998116131302706, ""HCP_A3#2"": 0.0017191240095671785, ""HCP_A3#3"": 0.002424949984705596}"
0.92,0.025,0.005,0.045,0.005,True,True,0.92,0.005,"{""BCC_B2#1"": 0.9951682950842168, ""FCC_L12#1"": 0.0006993451094459688, ""HCP_A3#2"": 0.0024191517062855912, ""HCP_A3#3"": 0.0017132081000518023}"
0.92,0.025,0.01,0.04,0.005,True,True,0.92,0.005,"{""BCC_B2#1"": 0.9951808071510344, ""FCC_L12#1"": 0.0006988747159988914, ""HCP_A3#2"": 0.0024134169735401598, ""HCP_A3#3"": 0.0017069011594264868}"
0.92,0.025,0.015,0.035,0.005,True,True,0.92,0.005,"{""BCC_B2#1"": 0.9951938302197287, ""FCC_L12#1"": 0.0006984021392128876, ""HCP_A3#2"": 0.0024077703446231656, ""HCP_A3#3"": 0.0016999972964351667}"
0.92,0.025,0.02,0.03,0.005,True,True,0.92,0.005,"{""BCC_B2#1"": 0.9952076429256485, ""FCC_L12#1"": 0.0006979298780881042, ""HCP_A3#2"": 0.0024022465719698628, ""HCP_A3#3"": 0.0016921806242935053}"
0.92,0.025,0.025,0.025,0.005,True,True,0.92,0.005,"{""BCC_B2#1"": 0.9952226736825016, ""FCC_L12#1"": 0.0006974615997807996, ""HCP_A3#2"": 0.002396895196720532, ""HCP_A3#3"": 0.0016829695209970752}"
0.92,0.025,0.03,0.02,0.005,True,True,0.92,0.005,"{""BCC_B2#1"": 0.9952395747731554, ""FCC_L12#1"": 0.0006970026673538142, ""HCP_A3#2"": 0.0023917868675968463, ""HCP_A3#3"": 0.001671635691893814}"
0.92,0.025,0.035,0.015,0.005,True,True,0.92,0.005,"{""BCC_B2#1"": 0.9952593269791127, ""FCC_L12#1"": 0.0006965608487454, ""HCP_A3#2"": 0.0023870216204015197, ""HCP_A3#3"": 0.0016570905517405547}"
0.92,0.025,0.04,0.01,0.005,True,True,0.92,0.005,"{""BCC_B2#1"": 0.995283379886635, ""FCC_L12#1"": 0.0006961472013143861, ""HCP_A3#2"": 0.0023827388793586464, ""HCP_A3#3"": 0.0016377340326920314}"
0.92,0.025,0.045,0.005,0.005,True,True,0.92,0.005,"{""BCC_B2#1"": 0.9953138249666125, ""FCC_L12#1"": 0.000695777039697796, ""HCP_A3#2"": 0.0023791278564012273, ""HCP_A3#3"": 0.001611270137288434}"
0.92,0.025,0.05,0.0,0.005,True,True,0.92,0.005,"{""BCC_B2#1"": 0.9953535806071401, ""FCC_L12#1"": 0.0006954707347276748, ""HCP_A3#2"": 0.002376435136339736, ""HCP_A3#3"": 0.0015745135217926807}"
0.92,0.03,0.0,0.045,0.005,True,True,0.92,0.005,"{""BCC_B2#1"": 0.9951677378737402, ""FCC_L12#1"": 0.0006994377026900042, ""HCP_A3#2"": 0.002418498128622125, ""HCP_A3#3"": 0.0017143262949476199}"
0.92,0.03,0.005,0.04,0.005,True,True,0.92,0.005,"{""BCC_B2#1"": 0.9951800680887003, ""FCC_L12#1"": 0.0006989660847446747, ""HCP_A3#2"": 0.0024127303212926306, ""HCP_A3#3"": 0.001708235505262507}"
0.92,0.03,0.01,0.035,0.005,True,True,0.92,0.005,"{""BCC_B2#1"": 0.9951928030780792, ""FCC_L12#1"": 0.0006984913958695492, ""HCP_A3#2"": 0.001701665774657461, ""HCP_A3#3"": 0.002407039751393714}"
0.92,0.03,0.015,0.03,0.005,True,True,0.92,0.005,"{""BCC_B2#1"": 0.9952061659764815, ""FCC_L12#1"": 0.0006980156970515096, ""HCP_A3#2"": 0.0016943629247123096, ""HCP_A3#3"": 0.0024014554017546814}"
0.92,0.03,0.02,0.025,0.005,True,True,0.92,0.005,"{""BCC_B2#1"": 0.9952205016027006, ""FCC_L12#1"": 0.0006975420086090798, ""HCP_A3#2"": 0.0016859379487832273, ""HCP_A3#3"": 0.0023960184399072306}"
0.92,0.03,0.025,0.02,0.005,True,True,0.92,0.005,"{""BCC_B2#1"": 0.9952363379711573, ""FCC_L12#1"": 0.000697074755575492, ""HCP_A3#2"": 0.0016757996860111359, ""HCP_A3#3"": 0.0023907875872556583}"
0.92,0.03,0.03,0.015,0.005,True,True,0.92,0.005,"{""BCC_B2#1"": 0.9952544748353279, ""FCC_L12#1"": 0.0006966203815664179, ""HCP_A3#2"": 0.0016630584307505462, ""HCP_A3#3"": 0.0023858463523548676}"
0.92,0.03,0.035,0.01,0.005,True,True,0.92,0.005,"{""BCC_B2#1"": 0.9952761060394767, ""FCC_L12#1"": 0.0006961881479940732, ""HCP_A3#2"": 0.0016463936231399026, ""HCP_A3#3"": 0.002381312189389143}"
0.92,0.03,0.04,0.005,0.005,True,True,0.92,0.005,"{""BCC_B2#1"": 0.9953029779611997, ""FCC_L12#1"": 0.000695791078775946, ""HCP_A3#2"": 0.0016238840528660409, ""HCP_A3#3"": 0.0023773469071581383}"
0.92,0.03,0.045,0.0,0.005,True,True,0.92,0.005,"{""BCC_B2#1"": 0.9953375738510294, ""FCC_L12#1"": 0.0006954468894661362, ""HCP_A3#2"": 0.0015928130747671053, ""HCP_A3#3"": 0.00237416618473751}"
0.92,0.035,0.0,0.04,0.005,True,True,0.92,0.005,"{""BCC_B2#1"": 0.9951791959559593, ""FCC_L12#1"": 0.0006990682454642013, ""HCP_A3#2"": 0.0017095541871731802, ""HCP_A3#3"": 0.002412181611403176}"
0.92,0.035,0.005,0.035,0.005,True,True,0.92,0.005,"{""BCC_B2#1"": 0.9951917034765205, ""FCC_L12#1"": 0.000698591959915195, ""HCP_A3#2"": 0.0024064521943726446, ""HCP_A3#3"": 0.001703252369191072}"
0.92,0.035,0.01,0.03,0.005,True,True,0.92,0.005,"{""BCC_B2#1"": 0.995204707560809, ""FCC_L12#1"": 0.0006981135755118003, ""HCP_A3#2"": 0.001696363297532167, ""HCP_A3#3"": 0.0024008155661469966}"
0.92,0.035,0.015,0.025,0.005,True,True,0.92,0.005,"{""BCC_B2#1"": 0.9952184845542587, ""FCC_L12#1"": 0.0006976355791314623, ""HCP_A3#2"": 0.0016885738927751425, ""HCP_A3#3"": 0.002395305973834825}"
0.92,0.035,0.02,0.02,0.005,True,True,0.92,0.005,"{""BCC_B2#1"": 0.9952334598717985, ""FCC_L12#1"": 0.000697161614378349, ""HCP_A3#2"": 0.0016794063378825924, ""HCP_A3#3"": 0.002389972175940765}"
0.92,0.035,0.025,0.015,0.005,True,True,0.92,0.005,"{""BCC_B2#1"": 0.9952502820073523, ""FCC_L12#1"": 0.0006966970049232632, ""HCP_A3#2"": 0.001668137329326124, ""HCP_A3#3"": 0.0023848836583982252}"
0.92,0.035,0.03,0.01,0.005,True,True,0.92,0.005,"{""BCC_B2#1"": 0.995269927268208, ""FCC_L12#1"": 0.0006962494585611726, ""HCP_A3#2"": 0.0016536844810888, ""HCP_A3#3"": 0.0023801387921419496}"
0.92,0.035,0.035,0.005,0.005,True,True,0.92,0.005,"{""BCC_B2#1"": 0.9952938406311609, ""FCC_L12#1"": 0.0006958299476729611, ""HCP_A3#2"": 0.0016344547102566883, ""HCP_A3#3"": 0.002375874710909377}"
0.92,0.035,0.04,0.0,0.005,True,True,0.92,0.005,"{""BCC_B2#1"": 0.995324110260932, ""FCC_L12#1"": 0.0006954536766519855, ""HCP_A3#2"": 0.0016081584363750103, ""HCP_A3#3"": 0.0023722776260413133}"
0.92,0.04,0.0,0.035,0.005,True,True,0.92,0.005,"{""BCC_B2#1"": 0.9951905053354381, ""FCC_L12#1"": 0.0006987034514282073, ""HCP_A3#2"": 0.0017047908862333982, ""HCP_A3#3"": 0.002406000326900568}"
0.92,0.04,0.005,0.03,0.005,True,True,0.92,0.005,"{""BCC_B2#1"": 0.9952032254533486, ""FCC_L12#1"": 0.0006982230068099864, ""HCP_A3#2"": 0.0016982335847963337, ""HCP_A3#3"": 0.002400317955045209}"
0.92,0.04,0.01,0.025,0.005,True,True,0.92,0.005,"{""BCC_B2#1"": 0.9952165562876708, ""FCC_L12#1"": 0.0006977416180295831, ""HCP_A3#2"": 0.002394746129588373, ""HCP_A3#3"": 0.0016909559647112322}"
0.92,0.04,0.015,0.02,0.005,True,True,0.92,0.005,"{""BCC_B2#1"": 0.9952308390652791, ""FCC_L12#1"": 0.0006972622820930619, ""HCP_A3#2"": 0.00238932534306558, ""HCP_A3#3"": 0.0016825733095620261}"
0.92,0.04,0.02,0.015,0.005,True,True,0.92,0.005,"{""BCC_B2#1"": 0.995246596952863, ""FCC_L12#1"": 0.0006967893845207549, ""HCP_A3#2"": 0.00238411329651451, ""HCP_A3#3"": 0.0016725003661016721}"
0.92,0.04,0.025,0.01,0.005,True,True,0.92,0.005,"{""BCC_B2#1"": 0.9952646233695027, ""FCC_L12#1"": 0.0006963293074917831, ""HCP_A3#2"": 0.0023791920131398456, ""HCP_A3#3"": 0.0016598553098654913}"
0.92,0.04,0.03,0.005,0.005,True,True,0.92,0.005,"{""BCC_B2#1"": 0.9952861043465623, ""FCC_L12#1"": 0.0006958912233072146, ""HCP_A3#2"": 0.0023746768660190026, ""HCP_A3#3"": 0.0016433275641113054}"
0.92,0.04,0.035,0.0,0.005,True,True,0.92,0.005,"{""BCC_B2#1"": 0.9953127775987077, ""FCC_L12#1"": 0.0006954880357261205, ""HCP_A3#2"": 0.0023707268776556657, ""HCP_A3#3"": 0.001621007487910555}"
0.92,0.045,0.0,0.03,0.005,True,True,0.92,0.005,"{""BCC_B2#1"": 0.9952016856674217, ""FCC_L12#1"": 0.0006983435477770708, ""HCP_A3#2"": 0.0023999544243075927, ""HCP_A3#3"": 0.001700016360493888}"
0.92,0.045,0.005,0.025,0.005,True,True,0.92,0.005,"{""BCC_B2#1"": 0.9952146627324044, ""FCC_L12#1"": 0.0006978595262778715, ""HCP_A3#2"": 0.00239432863267465, ""HCP_A3#3"": 0.0016931491086429082}"
0.92,0.045,0.01,0.02,0.005,True,True,0.92,0.005,"{""BCC_B2#1"": 0.9952283917870219, ""FCC_L12#1"": 0.0006973759325474155, ""HCP_A3#2"": 0.0023888337557728136, ""HCP_A3#3"": 0.001685398524657425}"
0.92,0.045,0.015,0.015,0.005,True,True,0.92,0.005,"{""BCC_B2#1"": 0.9952432928993222, ""FCC_L12#1"": 0.0006968963724891833, ""HCP_A3#2"": 0.0023835176694328524, ""HCP_A3#3"": 0.0016762930587555464}"
0.92,0.045,0.02,0.01,0.005,True,True,0.92,0.005,"{""BCC_B2#1"": 0.9952600072438426, ""FCC_L12#1"": 0.0006964261100528935, ""HCP_A3#2"": 0.002378448552579663, ""HCP_A3#3"": 0.0016651180935248718}"
0.92,0.045,0.025,0.005,0.005,True,True,0.92,0.005,"{""BCC_B2#1"": 0.9952795014419659, ""FCC_L12#1"": 0.0006959727643624045, ""HCP_A3#2"": 0.0023737229114594487, ""HCP_A3#3"": 0.0016508028822121517}"
0.92,0.045,0.03,0.0,0.005,True,True,0.92,0.005,"{""BCC_B2#1"": 0.9953032083765607, ""FCC_L12#1"": 0.0006955471842859147, ""HCP_A3#2"": 0.0023694753289339836, ""HCP_A3#3"": 0.0016317691102196237}"
0.92,0.05,0.0,0.025,0.005,True,True,0.92,0.005,"{""BCC_B2#1"": 0.9952127601402104, ""FCC_L12#1"": 0.0006979887838216357, ""HCP_A3#2"": 0.0023940443684058953, ""HCP_A3#3"": 0.0016952067075625466}"
0.92,0.05,0.005,0.02,0.005,True,True,0.92,0.005,"{""BCC_B2#1"": 0.9952260494068742, ""FCC_L12#1"": 0.0006975018551339796, ""HCP_A3#2"": 0.0016879629985178416, ""HCP_A3#3"": 0.00238848573947388}"
0.92,0.05,0.01,0.015,0.005,True,True,0.92,0.005,"{""BCC_B2#1"": 0.9952402647237114, ""FCC_L12#1"": 0.0006970169839187766, ""HCP_A3#2"": 0.001679636819163596, ""HCP_A3#3"": 0.0023830814732062372}"
0.92,0.05,0.015,0.01,0.005,True,True,0.92,0.005,"{""BCC_B2#1"": 0.9952559215884108, ""FCC_L12#1"": 0.0006965384997781872, ""HCP_A3#2"": 0.001669651775562401, ""HCP_A3#3"": 0.0023778881362486333}"
0.92,0.05,0.02,0.005,0.005,True,True,0.92,0.005,"{""BCC_B2#1"": 0.9952738028692327, ""FCC_L12#1"": 0.0006960727000786366, ""HCP_A3#2"": 0.0016571383264595934, ""HCP_A3#3"": 0.0023729861042291545}"
0.92,0.05,0.025,0.0,0.005,True,True,0.92,0.005,"{""BCC_B2#1"": 0.9952950806198817, ""FCC_L12#1"": 0.0006956286356687296, ""HCP_A3#2"": 0.0016408022951330697, ""HCP_A3#3"": 0.002368488449316871}"
0.92,0.055,0.0,0.02,0.005,True,True,0.92,0.005,"{""BCC_B2#1"": 0.9952237561588706, ""FCC_L12#1"": 0.0006976394366611842, ""HCP_A3#2"": 0.0016903333965878776, ""HCP_A3#3"": 0.0023882710078805317}"
0.92,0.055,0.005,0.015,0.005,True,True,0.92,0.005,"{""BCC_B2#1"": 0.9952374259786314, ""FCC_L12#1"": 0.0006971503741676721, ""HCP_A3#2"": 0.0016826322830174425, ""HCP_A3#3"": 0.002382791364183738}"
0.92,0.055,0.01,0.01,0.005,True,True,0.92,0.005,"{""BCC_B2#1"": 0.995252235406165, ""FCC_L12#1"": 0.0006966653037004984, ""HCP_A3#2"": 0.0016736061404956967, ""HCP_A3#3"": 0.0023774931496385048}"
0.92,0.055,0.015,0.005,0.005,True,True,0.92,0.005,"{""BCC_B2#1"": 0.9952688149272937, ""FCC_L12#1"": 0.0006961894105919521, ""HCP_A3#2"": 0.001662552554820962, ""HCP_A3#3"": 0.0023724431072933852}"
0.92,0.055,0.02,0.0,0.005,True,True,0.92,0.005,"{""BCC_B2#1"": 0.9952881164779807, ""FCC_L12#1"": 0.0006957301986449749, ""HCP_A3#2"": 0.0016484176250209197, ""HCP_A3#3"": 0.0023677356983534143}"
0.92,0.06,0.0,0.015,0.005,True,True,0.92,0.005,"{""BCC_B2#1"": 0.9952347061549986, ""FCC_L12#1"": 0.0006972958177330636, ""HCP_A3#2"": 0.0016853623744792574, ""HCP_A3#3"": 0.002382635652789113}"
0.92,0.06,0.005,0.01,0.005,True,True,0.92,0.005,"{""BCC_B2#1"": 0.9952488405623963, ""FCC_L12#1"": 0.0006968055172808913, ""HCP_A3#2"": 0.002377248277329026, ""HCP_A3#3"": 0.0016771056429938512}"
0.92,0.06,0.01,0.005,0.005,True,True,0.92,0.005,"{""BCC_B2#1"": 0.9952643755200622, ""FCC_L12#1"": 0.0006963215024114569, ""HCP_A3#2"": 0.0023720736293738405, ""HCP_A3#3"": 0.0016672293481523551}"
0.92,0.06,0.015,0.0,0.005,True,True,0.92,0.005,"{""BCC_B2#1"": 0.9952820793472111, ""FCC_L12#1"": 0.0006958499640687814, ""HCP_A3#2"": 0.002367190292732009, ""HCP_A3#3"": 0.0016548803959881009}"
0.92,0.065,0.0,0.01,0.005,True,True,0.92,0.005,"{""BCC_B2#1"": 0.9952456485397836, ""FCC_L12#1"": 0.0006969582803387173, ""HCP_A3#2"": 0.002377140162227218, ""HCP_A3#3"": 0.0016802530176504135}"
0.92,0.065,0.005,0.005,0.005,True,True,0.92,0.005,"{""BCC_B2#1"": 0.9952603502833317, ""FCC_L12#1"": 0.0006964677818242894, ""HCP_A3#2"": 0.0016713218862159684, ""HCP_A3#3"": 0.00237186004862803}"
0.92,0.065,0.01,0.0,0.005,True,True,0.92,0.005,"{""BCC_B2#1"": 0.9952767700980643, ""FCC_L12#1"": 0.0006959862830097815, ""HCP_A3#2"": 0.0023668288820301747, ""HCP_A3#3"": 0.0016604147368957944}"
0.92,0.07,0.0,0.005,0.005,True,False,0.92,0.005,"{""BCC_B2#1"": 0.995228904106145, ""C15_LAVES#1"": 3.039774259928482e-05, ""FCC_L12#1"": 0.0006965357715384072, ""HCP_A3#2"": 0.0023703195412952205, ""HCP_A3#3"": 0.0016738428384223498}"
0.92,0.07,0.005,0.0,0.005,True,True,0.92,0.005,"{""BCC_B2#1"": 0.9952720228831216, ""FCC_L12#1"": 0.0006961377401519687, ""HCP_A3#2"": 0.002366631176557123, ""HCP_A3#3"": 0.0016652082001692226}"
0.92,0.075,0.0,0.0,0.005,True,False,0.92,0.005,"{""BCC_B2#1"": 0.9951419335289546, ""C15_LAVES#1"": 0.00013786140538852218, ""FCC_L12#1"": 0.0006958893381119399, ""HCP_A3#2"": 0.00236001090477421, ""HCP_A3#3"": 0.0016643048227709247}"
0.85,0.0,0.0,0.145,0.005,True,True,0.85,0.005,"{""BCC_B2#1"": 0.9949753027773767, ""FCC_L12#1"": 0.0007052940111520353, ""HCP_A3#2"": 0.0017923094275362492, ""HCP_A3#3"": 0.002527093783934902}"
0.85,0.0,0.005,0.14,0.005,True,True,0.85,0.005,"{""BCC_B2#1"": 0.9949867796568582, ""FCC_L12#1"": 0.0007049047439226953, ""HCP_A3#2"": 0.002521162353009552, ""HCP_A3#3"": 0.001787153246209535}"
0.85,0.0,0.01,0.135,0.005,True,True,0.85,0.005,"{""BCC_B2#1"": 0.9949983205348945, ""FCC_L12#1"": 0.0007045076935114465, ""HCP_A3#2"": 0.0025152065916757647, ""HCP_A3#3"": 0.0017819651799183254}"
0.85,0.0,0.015,0.13,0.005,True,True,0.85,0.005,"{""BCC_B2#1"": 0.9950099200826309, ""FCC_L12#1"": 0.000704102930338185, ""HCP_A3#2"": 0.0017767476309694078, ""HCP_A3#3"": 0.0025092293560614633}"
0.85,0.0,0.02,0.125,0.005,True,True,0.85,0.005,"{""BCC_B2#1"": 0.9950215731750195, ""FCC_L12#1"": 0.0007036905340049021, ""HCP_A3#2"": 0.0025032335736158936, ""HCP_A3#3"": 0.0017715027173599114}"
0.85,0.0,0.025,0.12,0.005,True,True,0.85,0.005,"{""BCC_B2#1"": 0.9950332750399911, ""FCC_L12#1"": 0.0007032705941184756, ""HCP_A3#2"": 0.002497222258898628, ""HCP_A3#3"": 0.0017662321069921029}"
0.85,0.0,0.03,0.115,0.005,True,True,0.85,0.005,"{""BCC_B2#1"": 0.9950450214838283, ""FCC_L12#1"": 0.0007028432116457453, ""HCP_A3#2"": 0.0017609367661212422, ""HCP_A3#3"": 0.002491198538404773}"
0.85,0.0,0.035,0.11,0.005,True,True,0.85,0.005,"{""BCC_B2#1"": 0.9950568092339709, ""FCC_L12#1"": 0.0007024085011254813, ""HCP_A3#2"": 0.0017556165760616394, ""HCP_A3#3"": 0.002485165688841985}"
0.85,0.0,0.04,0.105,0.005,True,True,0.85,0.005,"{""BCC_B2#1"": 0.995068636463698, ""FCC_L12#1"": 0.0007019665942405878, ""HCP_A3#2"": 0.002479127194660737, ""HCP_A3#3"": 0.001750269747400564}"
0.85,0.0,0.045,0.1,0.005,True,True,0.85,0.005,"{""BCC_B2#1"": 0.9950805035919527, ""FCC_L12#1"": 0.0007015176454514464, ""HCP_A3#2"": 0.0017448919217840472, ""HCP_A3#3"": 0.0024730868408117334}"
0.85,0.0,0.05,0.095,0.005,True,True,0.85,0.005,"{""BCC_B2#1"": 0.9950924145165918, ""FCC_L12#1"": 0.0007010618409111976, ""HCP_A3#2"": 0.002467048848530539, ""HCP_A3#3"": 0.0017394747939664962}"
0.85,0.0,0.055,0.09,0.005,True,True,0.85,0.005,"{""BCC_B2#1"": 0.9951043785123739, ""FCC_L12#1"": 0.0007005994123808672, ""HCP_A3#2"": 0.00246101808068831, ""HCP_A3#3"": 0.0017340039945571736}"
0.85,0.0,0.06,0.085,0.005,True,True,0.85,0.005,"{""BCC_B2#1"": 0.9951164131556554, ""FCC_L12#1"": 0.0007001306587994163, ""HCP_A3#2"": 0.002455000350379117, ""HCP_A3#3"": 0.0017284558351660412}"
0.85,0.0,0.065,0.08,0.005,True,True,0.85,0.005,"{""BCC_B2#1"": 0.9951285488331297, ""FCC_L12#1"": 0.0006996559795190502, ""HCP_A3#2"": 0.002449002882235057, ""HCP_A3#3"": 0.0017227923051162692}"
0.85,0.0,0.07,0.075,0.005,True,True,0.85,0.005,"{""BCC_B2#1"": 0.9951408356886553, ""FCC_L12#1"": 0.0006991759252187188, ""HCP_A3#2"": 0.00244303499939425, ""HCP_A3#3"": 0.0017169533867317753}"
0.85,0.0,0.075,0.07,0.005,True,True,0.85,0.005,"{""BCC_B2#1"": 0.9951533543089445, ""FCC_L12#1"": 0.0006986912754223558, ""HCP_A3#2"": 0.001710845273801796, ""HCP_A3#3"": 0.00243710914183141}"
0.85,0.0,0.08,0.065,0.005,True,True,0.85,0.005,"{""BCC_B2#1"": 0.995166232108485, ""FCC_L12#1"": 0.000698203155691957, ""HCP_A3#2"": 0.0017043223690522875, ""HCP_A3#3"": 0.0024312423667708126}"
0.85,0.0,0.085,0.06,0.005,True,True,0.85,0.005,"{""BCC_B2#1"": 0.9951796683190003, ""FCC_L12#1"": 0.0006977132131811128, ""HCP_A3#2"": 0.001697159927412767, ""HCP_A3#3"": 0.002425458540405481}"
0.85,0.0,0.09,0.055,0.005,True,True,0.85,0.005,"{""BCC_B2#1"": 0.995193971773878, ""FCC_L12#1"": 0.0006972238762678179, ""HCP_A3#2"": 0.0016890128512372271, ""HCP_A3#3"": 0.0024197914986166342}"
0.85,0.0,0.095,0.05,0.005,True,True,0.85,0.005,"{""BCC_B2#1"": 0.9952096172651277, ""FCC_L12#1"": 0.0006967387314033218, ""HCP_A3#2"": 0.002414289516692022, ""HCP_A3#3"": 0.0016793544867770537}"
0.85,0.0,0.1,0.045,0.005,True,True,0.85,0.005,"{""BCC_B2#1"": 0.9952273278310693, ""FCC_L12#1"": 0.000696263054728709, ""HCP_A3#2"": 0.0024090214399702177, ""HCP_A3#3"": 0.0016673876742318086}"
0.85,0.0,0.105,0.04,0.005,True,True,0.85,0.005,"{""BCC_B2#1"": 0.9952481909764416, ""FCC_L12#1"": 0.0006958045292722047, ""HCP_A3#2"": 0.002404084690833508, ""HCP_A3#3"": 0.0016519198034528006}"
0.85,0.0,0.11,0.035,0.005,True,True,0.85,0.005,"{""BCC_B2#1"": 0.9952706543138445, ""FCC_L12#1"": 0.0006956319417992983, ""HCP_A3#1"": 0.0015955133303541139, ""HCP_A3#2"": 3.5158849974895613e-05, ""HCP_A3#3"": 0.002403041564026983}"
0.85,0.0,0.115,0.03,0.005,True,True,0.85,0.005,"{""BCC_B2#1"": 0.995285684240766, ""FCC_L12#1"": 0.0006964890785289375, ""HCP_A3#1"": 0.0002141876932727313, ""HCP_A3#2"": 0.0024156748547886544, ""HCP_A3#3"": 0.0013879641326437313}"
0.85,0.0,0.12,0.025,0.005,True,True,0.85,0.005,"{""BCC_B2#1"": 0.9953061025553255, ""FCC_L12#1"": 0.0006973272068015578, ""HCP_A3#1"": 0.0003991768223774419, ""HCP_A3#2"": 0.0024279624668582427, ""HCP_A3#3"": 0.001169430948637779}"
0.85,0.0,0.125,0.02,0.005,True,True,0.85,0.005,"{""BCC_B2#1"": 0.9953333524755473, ""FCC_L12#1"": 0.0006981487398617849, ""HCP_A3#1"": 0.0009391088777849253, ""HCP_A3#2"": 0.0024399089158295526, ""HCP_A3#3"": 0.0005894809909764278}"
0.85,0.0,0.13,0.015,0.005,True,True,0.85,0.005,"{""BCC_B2#1"": 0.9953695015634512, ""FCC_L12#1"": 0.0006989559954187708, ""HCP_A3#1"": 0.0006961426841051742, ""HCP_A3#2"": 0.0024515160685071244, ""HCP_A3#3"": 0.0007838836885177865}"
0.85,0.0,0.135,0.01,0.005,True,True,0.85,0.005,"{""BCC_B2#1"": 0.995417488958262, ""FCC_L12#1"": 0.0006997512627931174, ""HCP_A3#1"": 0.0009803590938245142, ""HCP_A3#2"": 0.0024627834064831836, ""HCP_A3#3"": 0.0004396172786372095}"
0.85,0.0,0.14,0.005,0.005,True,True,0.85,0.005,"{""BCC_B2#1"": 0.9954814720463069, ""FCC_L12#1"": 0.0007005368840698658, ""HCP_A3#1"": 0.0011757379163314684, ""HCP_A3#2"": 0.002473708246320939, ""HCP_A3#3"": 0.00016854490697085515}"
0.85,0.0,0.145,0.0,0.005,True,True,0.85,0.005,"{""BCC_B2#1"": 0.9955659887247098, ""FCC_L12#1"": 0.0007006693685978098, ""HCP_A3#2"": 0.002475055665269332, ""HCP_A3#3"": 0.0012582862414232082}"
0.85,0.005,0.0,0.14,0.005,True,True,0.85,0.005,"{""BCC_B2#1"": 0.9949891335192151, ""FCC_L12#1"": 0.0007049026091097587, ""HCP_A3#2"": 0.0025192294774548604, ""HCP_A3#3"": 0.0017867343942200367}"
0.85,0.005,0.005,0.135,0.005,True,True,0.85,0.005,"{""BCC_B2#1"": 0.9950006904268597, ""FCC_L12#1"": 0.0007045053867052607, ""HCP_A3#2"": 0.002513258758451445, ""HCP_A3#3"": 0.0017815454279834489}"
0.85,0.005,0.01,0.13,0.005,True,True,0.85,0.005,"{""BCC_B2#1"": 0.9950123042928002, ""FCC_L12#1"": 0.000704100430782694, ""HCP_A3#2"": 0.0025072678494149456, ""HCP_A3#3"": 0.0017763274270021696}"
0.85,0.005,0.015,0.125,0.005,True,True,0.85,0.005,"{""BCC_B2#1"": 0.9950239697532876, ""FCC_L12#1"": 0.0007036878221298897, ""HCP_A3#2"": 0.0025012597288720643, ""HCP_A3#3"": 0.0017710826957105582}"
0.85,0.005,0.02,0.12,0.005,True,True,0.85,0.005,"{""BCC_B2#1"": 0.995035681723565, ""FCC_L12#1"": 0.0007032676512265632, ""HCP_A3#2"": 0.002495237451414612, ""HCP_A3#3"": 0.001765813173793979}"
0.85,0.005,0.025,0.115,0.005,True,True,0.85,0.005,"{""BCC_B2#1"": 0.995047435583094, ""FCC_L12#1"": 0.0007028400193110835, ""HCP_A3#2"": 0.0024892041673140793, ""HCP_A3#3"": 0.0017605202302809777}"
0.85,0.005,0.03,0.11,0.005,True,True,0.85,0.005,"{""BCC_B2#1"": 0.9950592274563078, ""FCC_L12#1"": 0.0007024050401320034, ""HCP_A3#2"": 0.0024831631532813694, ""HCP_A3#3"": 0.0017552043502789651}"
0.85,0.005,0.035,0.105,0.005,True,True,0.85,0.005,"{""BCC_B2#1"": 0.995071054641615, ""FCC_L12#1"": 0.0007019628427965305, ""HCP_A3#2"": 0.002477117858851115, ""HCP_A3#3"": 0.0017498646567371704}"
0.85,0.005,0.04,0.1,0.005,True,True,0.85,0.005,"{""BCC_B2#1"": 0.9950829162662841, ""FCC_L12#1"": 0.0007015135763103439, ""HCP_A3#2"": 0.002471071979552053, ""HCP_A3#3"": 0.001744498177853368}"
0.85,0.005,0.045,0.095,0.005,True,True,0.85,0.005,"{""BCC_B2#1"": 0.9950948142910768, ""FCC_L12#1"": 0.0007010574167422284, ""HCP_A3#2"": 0.0024650295692787063, ""HCP_A3#3"": 0.00173909872290216}"
0.85,0.005,0.05,0.09,0.005,True,True,0.85,0.005,"{""BCC_B2#1"": 0.9951067550594727, ""FCC_L12#1"": 0.0007005945784903545, ""HCP_A3#2"": 0.0024589952065355043, ""HCP_A3#3"": 0.0017336551555015244}"
0.85,0.005,0.055,0.085,0.005,True,True,0.85,0.005,"{""BCC_B2#1"": 0.9951187516838419, ""FCC_L12#1"": 0.0007001253317850311, ""HCP_A3#2"": 0.002452974246070413, ""HCP_A3#3"": 0.0017281487383025826}"
0.85,0.005,0.06,0.08,0.005,True,True,0.85,0.005,"{""BCC_B2#1"": 0.9951308277253228, ""FCC_L12#1"": 0.0006996500297274049, ""HCP_A3#2"": 0.0024469731958355807, ""HCP_A3#3"": 0.001722549049113999}"
0.85,0.005,0.065,0.075,0.005,True,True,0.85,0.005,"{""BCC_B2#1"": 0.9951430228680774, ""FCC_L12#1"": 0.0006991691498139315, ""HCP_A3#2"": 0.002441000279531874, ""HCP_A3#3"": 0.0017168077025766896}"
0.85,0.005,0.07,0.07,0.005,True,True,0.85,0.005,"{""BCC_B2#1"": 0.9951554016593156, ""FCC_L12#1"": 0.0006986833573351062, ""HCP_A3#2"": 0.0024350662725798468, ""HCP_A3#3"": 0.0017108487107693904}"
0.85,0.005,0.075,0.065,0.005,True,True,0.85,0.005,"{""BCC_B2#1"": 0.9951680669396533, ""FCC_L12#1"": 0.0006981936015472861, ""HCP_A3#2"": 0.002429185737885862, ""HCP_A3#3"": 0.0017045537209133617}"
0.85,0.005,0.08,0.06,0.005,True,True,0.85,0.005,"{""BCC_B2#1"": 0.9951811803944552, ""FCC_L12#1"": 0.000697701260399294, ""HCP_A3#2"": 0.002423378839383355, ""HCP_A3#3"": 0.0016977395057621103}"
0.85,0.005,0.085,0.055,0.005,True,True,0.85,0.005,"{""BCC_B2#1"": 0.9951949937857838, ""FCC_L12#1"": 0.0006972083559883982, ""HCP_A3#2"": 0.002417673975432911, ""HCP_A3#3"": 0.0016901238827945453}"
0.85,0.005,0.09,0.05,0.005,True,True,0.85,0.005,"{""BCC_B2#1"": 0.9952098958984845, ""FCC_L12#1"": 0.0006967178703780259, ""HCP_A3#2"": 0.0024121115420983443, ""HCP_A3#3"": 0.0016812746890388518}"
0.85,0.005,0.095,0.045,0.005,True,True,0.85,0.005,"{""BCC_B2#1"": 0.9952264819060296, ""FCC_L12#1"": 0.0006962341979096513, ""HCP_A3#2"": 0.0024067491800837115, ""HCP_A3#3"": 0.0016705347159774195}"
0.85,0.005,0.1,0.04,0.005,True,True,0.85,0.005,"{""BCC_B2#1"": 0.9952456531556, ""FCC_L12#1"": 0.000695763770202241, ""HCP_A3#2"": 0.0024016688107843737, ""HCP_A3#3"": 0.0016569142634132294}"
0.85,0.005,0.105,0.035,0.005,True,True,0.85,0.005,"{""BCC_B2#1"": 0.9952687548154598, ""FCC_L12#1"": 0.0006953158717074719, ""HCP_A3#2"": 0.0023969854890152436, ""HCP_A3#3"": 0.0016389438238174295}"
0.85,0.005,0.11,0.03,0.005,True,True,0.85,0.005,"{""BCC_B2#1"": 0.9952843252572012, ""FCC_L12#1"": 0.0006959629707865482, ""HCP_A3#1"": 0.0014642581466191085, ""HCP_A3#2"": 0.00014863176272441656, ""HCP_A3#3"": 0.002406821862668566}"
0.85,0.005,0.115,0.025,0.005,True,True,0.85,0.005,"{""BCC_B2#1"": 0.9953019708855625, ""FCC_L12#1"": 0.0006968297802884681, ""HCP_A3#1"": 0.0012455934878748047, ""HCP_A3#2"": 0.0003361216933145165, ""HCP_A3#3"": 0.002419484152959438}"
0.85,0.005,0.12,0.02,0.005,True,True,0.85,0.005,"{""BCC_B2#1"": 0.9953255927299356, ""FCC_L12#1"": 0.0006976784662337235, ""HCP_A3#1"": 0.0010151365919032823, ""HCP_A3#2"": 0.0005297958652541327, ""HCP_A3#3"": 0.002431796346673002}"
0.85,0.005,0.125,0.015,0.005,True,True,0.85,0.005,"{""BCC_B2#1"": 0.9953568626604852, ""FCC_L12#1"": 0.0006985115437227947, ""HCP_A3#1"": 0.0007720189598826592, ""HCP_A3#2"": 0.0007288441630677332, ""HCP_A3#3"": 0.002443762672841453}"
0.85,0.005,0.13,0.01,0.005,True,True,0.85,0.005,"{""BCC_B2#1"": 0.9953981701273923, ""FCC_L12#1"": 0.0006993314526897135, ""HCP_A3#1"": 0.0005153147613720487, ""HCP_A3#2"": 0.0009317989771053136, ""HCP_A3#3"": 0.0024553846814403695}"
0.85,0.005,0.135,0.005,0.005,True,True,0.85,0.005,"{""BCC_B2#1"": 0.9954529068189354, ""FCC_L12#1"": 0.0007001406332737254, ""HCP_A3#1"": 0.0002440294237669015, ""HCP_A3#2"": 0.0011362616162596021, ""HCP_A3#3"": 0.002466661507764239}"
0.85,0.005,0.14,0.0,0.005,True,True,0.85,0.005,"{""BCC_B2#1"": 0.995525311139332, ""FCC_L12#1"": 0.0007007060461663845, ""HCP_A3#2"": 0.0012997574363637278, ""HCP_A3#3"": 0.0024742253781382846}"
0.85,0.01,0.0,0.135,0.005,True,True,0.85,0.005,"{""BCC_B2#1"": 0.9950027242324403, ""FCC_L12#1"": 0.0007045132383824262, ""HCP_A3#2"": 0.0017812638364826637, ""HCP_A3#3"": 0.0025114986926950034}"
0.85,0.01,0.005,0.13,0.005,True,True,0.85,0.005,"{""BCC_B2#1"": 0.9950143539797127, ""FCC_L12#1"": 0.0007041081844354468, ""HCP_A3#2"": 0.0017760445880034411, ""HCP_A3#3"": 0.002505493247848536}"
0.85,0.01,0.01,0.125,0.005,True,True,0.85,0.005,"{""BCC_B2#1"": 0.9950260336280525, ""FCC_L12#1"": 0.0007036954552343248, ""HCP_A3#2"": 0.0017707990951363317, ""HCP_A3#3"": 0.00249947182157677}"
0.85,0.01,0.015,0.12,0.005,True,True,0.85,0.005,"{""BCC_B2#1"": 0.995037757819869, ""FCC_L12#1"": 0.000703275142132523, ""HCP_A3#2"": 0.0017655295251205764, ""HCP_A3#3"": 0.0024934375128779916}"
0.85,0.01,0.02,0.115,0.005,True,True,0.85,0.005,"{""BCC_B2#1"": 0.9950495215678636, ""FCC_L12#1"": 0.0007028473467868203, ""HCP_A3#2"": 0.0017602375820160846, ""HCP_A3#3"": 0.0024873935033336266}"
0.85,0.01,0.025,0.11,0.005,True,True,0.85,0.005,"{""BCC_B2#1"": 0.995061320485043, ""FCC_L12#1"": 0.0007024121825379803, ""HCP_A3#2"": 0.0017549242509141629, ""HCP_A3#3"": 0.002481343081504837}"
0.85,0.01,0.03,0.105,0.005,True,True,0.85,0.005,"{""BCC_B2#1"": 0.9950731511346862, ""FCC_L12#1"": 0.0007019697766663144, ""HCP_A3#2"": 0.001749589407875385, ""HCP_A3#3"": 0.0024752896807723516}"
0.85,0.01,0.035,0.1,0.005,True,True,0.85,0.005,"{""BCC_B2#1"": 0.9950850115663322, ""FCC_L12#1"": 0.0007015202740368177, ""HCP_A3#2"": 0.0017442312232818676, ""HCP_A3#3"": 0.002469236936349248}"
0.85,0.01,0.04,0.095,0.005,True,True,0.85,0.005,"{""BCC_B2#1"": 0.9950969021335084, ""FCC_L12#1"": 0.0007010638428451106, ""HCP_A3#2"": 0.001738845246169814, ""HCP_A3#3"": 0.002463188777476797}"
0.85,0.01,0.045,0.09,0.005,True,True,0.85,0.005,"{""BCC_B2#1"": 0.9951088267555239, ""FCC_L12#1"": 0.0007006006837028219, ""HCP_A3#2"": 0.001733422998212877, ""HCP_A3#3"": 0.0024571495625598226}"
0.85,0.01,0.05,0.085,0.005,True,True,0.85,0.005,"{""BCC_B2#1"": 0.9951207948611008, ""FCC_L12#1"": 0.0007001310438067357, ""HCP_A3#2"": 0.0017279498114497521, ""HCP_A3#3"": 0.002451124283642912}"
0.85,0.01,0.055,0.08,0.005,True,True,0.85,0.005,"{""BCC_B2#1"": 0.9951328243858771, ""FCC_L12#1"": 0.0006996552388829799, ""HCP_A3#2"": 0.0017224015013732952, ""HCP_A3#3"": 0.002445118873866511}"
0.85,0.01,0.06,0.075,0.005,True,True,0.85,0.005,"{""BCC_B2#1"": 0.9951449463971265, ""FCC_L12#1"": 0.0006991736869730253, ""HCP_A3#2"": 0.0017167392486584245, ""HCP_A3#3"": 0.0024391406672419646}"
0.85,0.01,0.065,0.07,0.005,True,True,0.85,0.005,"{""BCC_B2#1"": 0.9951572122247307, ""FCC_L12#1"": 0.0006986869601518979, ""HCP_A3#2"": 0.0017109017316590386, ""HCP_A3#3"": 0.0024331990834581627}"
0.85,0.01,0.07,0.065,0.005,True,True,0.85,0.005,"{""BCC_B2#1"": 0.9951697044379796, ""FCC_L12#1"": 0.0006981958632203572, ""HCP_A3#2"": 0.0017047930557212538, ""HCP_A3#3"": 0.0024273066430787384}"
0.85,0.01,0.075,0.06,0.005,True,True,0.85,0.005,"{""BCC_B2#1"": 0.9951825536878474, ""FCC_L12#1"": 0.0006977015525939231, ""HCP_A3#2"": 0.001698264296323489, ""HCP_A3#3"": 0.0024214804632351336}"
0.85,0.01,0.08,0.055,0.005,True,True,0.85,0.005,"{""BCC_B2#1"": 0.9951959644085685, ""FCC_L12#1"": 0.0006972057142739341, ""HCP_A3#2"": 0.0016910854352539702, ""HCP_A3#3"": 0.0024157444419037775}"
0.85,0.01,0.085,0.05,0.005,True,True,0.85,0.005,"{""BCC_B2#1"": 0.9952102536962452, ""FCC_L12#1"": 0.0006967108268435055, ""HCP_A3#2"": 0.0016829030706297626, ""HCP_A3#3"": 0.0024101324062814912}"
0.85,0.01,0.09,0.045,0.005,True,True,0.85,0.005,"{""BCC_B2#1"": 0.9952259093139124, ""FCC_L12#1"": 0.0006962205427962723, ""HCP_A3#2"": 0.001673177582294824, ""HCP_A3#3"": 0.0024046925609967212}"
0.85,0.01,0.095,0.04,0.005,True,True,0.85,0.005,"{""BCC_B2#1"": 0.9952436743872911, ""FCC_L12#1"": 0.0006957402256788522, ""HCP_A3#2"": 0.0016610918072215426, ""HCP_A3#3"": 0.0023994935798084746}"
0.85,0.01,0.1,0.035,0.005,True,True,0.85,0.005,"{""BCC_B2#1"": 0.9952646669808206, ""FCC_L12#1"": 0.000695277673113182, ""HCP_A3#2"": 0.0016454228053602144, ""HCP_A3#3"": 0.002394632540706056}"
0.85,0.01,0.105,0.03,0.005,True,True,0.85,0.005,"{""BCC_B2#1"": 0.9952839472910026, ""FCC_L12#1"": 0.0006954081949657073, ""HCP_A3#1"": 7.791300224933398e-05, ""HCP_A3#2"": 0.0015450792989348512, ""HCP_A3#3"": 0.002397652212847489}"
0.85,0.01,0.11,0.025,0.005,True,True,0.85,0.005,"{""BCC_B2#1"": 0.9952991472594387, ""FCC_L12#1"": 0.0006963053616215846, ""HCP_A3#1"": 0.0002673973101822675, ""HCP_A3#2"": 0.0013264422701854766, ""HCP_A3#3"": 0.002410707798571598}"
0.85,0.01,0.115,0.02,0.005,True,True,0.85,0.005,"{""BCC_B2#1"": 0.9953196488509897, ""FCC_L12#1"": 0.0006971826103775233, ""HCP_A3#1"": 0.0004637335579422044, ""HCP_A3#2"": 0.0010960331789221438, ""HCP_A3#3"": 0.0024234018017683084}"
0.85,0.01,0.12,0.015,0.005,True,True,0.85,0.005,"{""BCC_B2#1"": 0.9953467948890486, ""FCC_L12#1"": 0.000698042693634238, ""HCP_A3#1"": 0.0006664518590274766, ""HCP_A3#2"": 0.0008529693795774656, ""HCP_A3#3"": 0.0024357411787118526}"
0.85,0.01,0.125,0.01,0.005,True,True,0.85,0.005,"{""BCC_B2#1"": 0.9953825189994284, ""FCC_L12#1"": 0.0006988882397660602, ""HCP_A3#1"": 0.0008745497650343122, ""HCP_A3#2"": 0.0005963131431516007, ""HCP_A3#3"": 0.0024477298526199374}"
0.85,0.01,0.13,0.005,0.005,True,True,0.85,0.005,"{""BCC_B2#1"": 0.9954295791578899, ""FCC_L12#1"": 0.0006997218257447616, ""HCP_A3#1"": 0.001086268630079438, ""HCP_A3#2"": 0.0003250613511441518, ""HCP_A3#3"": 0.0024593690351419387}"
0.85,0.01,0.135,0.0,0.005,True,True,0.85,0.005,"{""BCC_B2#1"": 0.9954918852283509, ""FCC_L12#1"": 0.0007005460621185192, ""HCP_A3#1"": 0.001298779429587063, ""HCP_A3#2"": 3.8131789050289033e-05, ""HCP_A3#3"": 0.0024706574908934637}"
0.85,0.015,0.0,0.13,0.005,True,True,0.85,0.005,"{""BCC_B2#1"": 0.9950160754552507, ""FCC_L12#1"": 0.0007041260866758931, ""HCP_A3#2"": 0.0017758971695989439, ""HCP_A3#3"": 0.0025039012884747343}"
0.85,0.015,0.005,0.125,0.005,True,True,0.85,0.005,"{""BCC_B2#1"": 0.9950277710223249, ""FCC_L12#1"": 0.0007037133283902744, ""HCP_A3#2"": 0.0017706500323630967, ""HCP_A3#3"": 0.0024978656169218068}"
0.85,0.015,0.01,0.12,0.005,True,True,0.85,0.005,"{""BCC_B2#1"": 0.9950395094390441, ""FCC_L12#1"": 0.0007032929615811912, ""HCP_A3#2"": 0.0017653793624527881, ""HCP_A3#3"": 0.0024918182369222594}"
0.85,0.015,0.015,0.115,0.005,True,True,0.85,0.005,"{""BCC_B2#1"": 0.9950512854013362, ""FCC_L12#1"": 0.0007028650884052723, ""HCP_A3#2"": 0.0017600871430535898, ""HCP_A3#3"": 0.0024857623672048966}"
0.85,0.015,0.02,0.11,0.005,True,True,0.85,0.005,"{""BCC_B2#1"": 0.9950630940866027, ""FCC_L12#1"": 0.0007024298220672283, ""HCP_A3#2"": 0.0017547747735095146, ""HCP_A3#3"": 0.0024797013178205632}"
0.85,0.015,0.025,0.105,0.005,True,True,0.85,0.005,"{""BCC_B2#1"": 0.9950749314393922, ""FCC_L12#1"": 0.0007019872885997879, ""HCP_A3#2"": 0.0017494427515415457, ""HCP_A3#3"": 0.002473638520466476}"
0.85,0.015,0.03,0.1,0.005,True,True,0.85,0.005,"{""BCC_B2#1"": 0.9950867946081128, ""FCC_L12#1"": 0.0007015376297602439, ""HCP_A3#2"": 0.0017440901877020013, ""HCP_A3#3"": 0.0024675775744252663}"
0.85,0.015,0.035,0.095,0.005,True,True,0.85,0.005,"{""BCC_B2#1"": 0.9950986826123699, ""FCC_L12#1"": 0.0007010810076490955, ""HCP_A3#2"": 0.0017387140609743733, ""HCP_A3#3"": 0.0024615223190064097}"
0.85,0.015,0.04,0.09,0.005,True,True,0.85,0.005,"{""BCC_B2#1"": 0.9951105973672609, ""FCC_L12#1"": 0.0007006176119926721, ""HCP_A3#2"": 0.0017333080754405482, ""HCP_A3#3"": 0.0024554769453055494}"
0.85,0.015,0.045,0.085,0.005,True,True,0.85,0.005,"{""BCC_B2#1"": 0.9951225452643881, ""FCC_L12#1"": 0.000700147671587672, ""HCP_A3#2"": 0.0017278609025957379, ""HCP_A3#3"": 0.0024494461614287}"
0.85,0.015,0.05,0.08,0.005,True,True,0.85,0.005,"{""BCC_B2#1"": 0.9951345396090132, ""FCC_L12#1"": 0.0006996714720665249, ""HCP_A3#2"": 0.0017223534761387066, ""HCP_A3#3"": 0.002443435442781289}"
0.85,0.015,0.055,0.075,0.005,True,True,0.85,0.005,"{""BCC_B2#1"": 0.9951466043816164, ""FCC_L12#1"": 0.0006991893833210171, ""HCP_A3#2"": 0.0017167548279149736, ""HCP_A3#3"": 0.002437451407147345}"
0.85,0.015,0.06,0.07,0.005,True,True,0.85,0.005,"{""BCC_B2#1"": 0.9951587800426239, ""FCC_L12#1"": 0.0006987019015884847, ""HCP_A3#2"": 0.0017110156812429281, ""HCP_A3#3"": 0.002431502374544719}"
0.85,0.015,0.065,0.065,0.005,True,True,0.85,0.005,"{""BCC_B2#1"": 0.9951711324800252, ""FCC_L12#1"": 0.000698209713666818, ""HCP_A3#2"": 0.0017050586070215964, ""HCP_A3#3"": 0.0024255991992863874}"
0.85,0.015,0.07,0.06,0.005,True,True,0.85,0.005,"{""BCC_B2#1"": 0.9951837667682294, ""FCC_L12#1"": 0.0006977137942656359, ""HCP_A3#2"": 0.0016987629375463718, ""HCP_A3#3"": 0.002419756499958797}"
0.85,0.015,0.075,0.055,0.005,True,True,0.85,0.005,"{""BCC_B2#1"": 0.9951968482353272, ""FCC_L12#1"": 0.0006972155524178689, ""HCP_A3#2"": 0.0016919417480451557, ""HCP_A3#3"": 0.0024139944642096465}"
0.85,0.015,0.08,0.05,0.005,True,True,0.85,0.005,"{""BCC_B2#1"": 0.9952106344966156, ""FCC_L12#1"": 0.0006967170492995318, ""HCP_A3#2"": 0.0016843069855245654, ""HCP_A3#3"": 0.0024083414685601642}"
0.85,0.015,0.085,0.045,0.005,True,True,0.85,0.005,"{""BCC_B2#1"": 0.9952255236263892, ""FCC_L12#1"": 0.0006962213172523177, ""HCP_A3#2"": 0.0016754172364091306, ""HCP_A3#3"": 0.0024028378199493316}"
0.85,0.015,0.09,0.04,0.005,True,True,0.85,0.005,"{""BCC_B2#1"": 0.9952421253537528, ""FCC_L12#1"": 0.0006957328161902215, ""HCP_A3#2"": 0.0016646008632204663, ""HCP_A3#3"": 0.0023975409668361325}"
0.85,0.015,0.095,0.035,0.005,True,True,0.85,0.005,"{""BCC_B2#1"": 0.9952613634816032, ""FCC_L12#1"": 0.0006952580632640578, ""HCP_A3#2"": 0.0016508459804687502, ""HCP_A3#3"": 0.002392532474663819}"
0.85,0.015,0.1,0.03,0.005,True,True,0.85,0.005,"{""BCC_B2#1"": 0.9952844424701643, ""FCC_L12#1"": 0.0006948225059611435, ""HCP_A3#1"": 2.1829691477648853e-06, ""HCP_A3#2"": 0.0016304152903227301, ""HCP_A3#3"": 0.0023881367644043704}"
0.85,0.015,0.105,0.025,0.005,True,True,0.85,0.005,"{""BCC_B2#1"": 0.9952974378106451, ""FCC_L12#1"": 0.0006957520155872533, ""HCP_A3#1"": 0.00019325304736958978, ""HCP_A3#2"": 0.00141194983593719, ""HCP_A3#3"": 0.0024016072904608963}"
0.85,0.015,0.11,0.02,0.005,True,True,0.85,0.005,"{""BCC_B2#1"": 0.995315213379483, ""FCC_L12#1"": 0.0006966595020933961, ""HCP_A3#1"": 0.0003916676450426847, ""HCP_A3#2"": 0.00118175772828984, ""HCP_A3#3"": 0.0024147017450910427}"
0.85,0.015,0.115,0.015,0.005,True,True,0.85,0.005,"{""BCC_B2#1"": 0.995338837736378, ""FCC_L12#1"": 0.0006975480016249188, ""HCP_A3#1"": 0.0005972427922117788, ""HCP_A3#2"": 0.0009389412114633713, ""HCP_A3#3"": 0.002427430258321969}"
0.85,0.015,0.12,0.01,0.005,True,True,0.85,0.005,"{""BCC_B2#1"": 0.9953698660042962, ""FCC_L12#1"": 0.000698420373016666, ""HCP_A3#1"": 0.0008093645792486341, ""HCP_A3#2"": 0.0006825495480288346, ""HCP_A3#3"": 0.0024397994954095514}"
0.85,0.015,0.125,0.005,0.005,True,True,0.85,0.005,"{""BCC_B2#1"": 0.9954105312715752, ""FCC_L12#1"": 0.000699279370794826, ""HCP_A3#1"": 0.001026806759445833, ""HCP_A3#2"": 0.0004115695455311053, ""HCP_A3#3"": 0.00245181305265318}"
0.85,0.015,0.13,0.0,0.005,True,True,0.85,0.005,"{""BCC_B2#1"": 0.9954640131783329, ""FCC_L12#1"": 0.0007001277257922419, ""HCP_A3#1"": 0.0012474739996722896, ""HCP_A3#2"": 0.00012491331660823945, ""HCP_A3#3"": 0.0024634717795942833}"
0.85,0.02,0.0,0.125,0.005,True,False,0.85,0.005,"{""BCC_B2#1"": 0.9947921479456984, ""C15_LAVES#1"": 0.00026823459310808067, ""FCC_L12#1"": 0.0007028076005907293, ""HCP_A3#2"": 0.00175814412260439, ""HCP_A3#3"": 0.0024786657379982087}"
0.85,0.02,0.005,0.12,0.005,True,False,0.85,0.005,"{""BCC_B2#1"": 0.9950166576450147, ""C15_LAVES#1"": 2.73951857056324e-05, ""FCC_L12#1"": 0.0007032280101300098, ""HCP_A3#2"": 0.0017641160806050483, ""HCP_A3#3"": 0.0024886030785446133}"
0.85,0.02,0.01,0.115,0.005,True,True,0.85,0.005,"{""BCC_B2#1"": 0.9950527329448121, ""FCC_L12#1"": 0.0007028931345990875, ""HCP_A3#2"": 0.0017600672647159537, ""HCP_A3#3"": 0.0024843066558727428}"
0.85,0.02,0.015,0.11,0.005,True,True,0.85,0.005,"{""BCC_B2#1"": 0.9950645539427249, ""FCC_L12#1"": 0.0007024578488483723, ""HCP_A3#2"": 0.0017547544197593294, ""HCP_A3#3"": 0.002478233788667617}"
0.85,0.02,0.02,0.105,0.005,True,True,0.85,0.005,"{""BCC_B2#1"": 0.9950764009956331, ""FCC_L12#1"": 0.0007020152681324871, ""HCP_A3#2"": 0.0017494234075990983, ""HCP_A3#3"": 0.002472160328635256}"
0.85,0.02,0.025,0.1,0.005,True,True,0.85,0.005,"{""BCC_B2#1"": 0.9950882704977021, ""FCC_L12#1"": 0.0007015655319180781, ""HCP_A3#2"": 0.0017440741124908248, ""HCP_A3#3"": 0.0024660898578888926}"
0.85,0.02,0.03,0.095,0.005,True,True,0.85,0.005,"{""BCC_B2#1"": 0.9951001603596277, ""FCC_L12#1"": 0.0007011087976184986, ""HCP_A3#2"": 0.001738704687626394, ""HCP_A3#3"": 0.002460026155127306}"
0.85,0.02,0.035,0.09,0.005,True,True,0.85,0.005,"{""BCC_B2#1"": 0.9951120708396518, ""FCC_L12#1"": 0.0007006452464205284, ""HCP_A3#2"": 0.0017333106268919627, ""HCP_A3#3"": 0.0024539732870355797}"
0.85,0.02,0.04,0.085,0.005,True,True,0.85,0.005,"{""BCC_B2#1"": 0.99512400582674, ""FCC_L12#1"": 0.000700175092489814, ""HCP_A3#2"": 0.0017278833382808737, ""HCP_A3#3"": 0.0024479357424892485}"
0.85,0.02,0.045,0.08,0.005,True,True,0.85,0.005,"{""BCC_B2#1"": 0.9951359748189583, ""FCC_L12#1"": 0.000699698597318823, ""HCP_A3#2"": 0.0017224079481578227, ""HCP_A3#3"": 0.002441918635564872}"
0.85,0.02,0.05,0.075,0.005,True,True,0.85,0.005,"{""BCC_B2#1"": 0.9951479959770323, ""FCC_L12#1"": 0.0006992160919327748, ""HCP_A3#2"": 0.0017168599200757361, ""HCP_A3#3"": 0.002435928010959231}"
0.85,0.02,0.055,0.07,0.005,True,True,0.85,0.005,"{""BCC_B2#1"": 0.9951601008392585, ""FCC_L12#1"": 0.0006987280110544536, ""HCP_A3#2"": 0.0017111998488672374, ""HCP_A3#3"": 0.002429971300819964}"
0.85,0.02,0.06,0.065,0.005,True,True,0.85,0.005,"{""BCC_B2#1"": 0.9951723415970759, ""FCC_L12#1"": 0.0006982349453712578, ""HCP_A3#2"": 0.0017053654523023227, ""HCP_A3#3"": 0.0024240580052503516}"
0.85,0.02,0.065,0.06,0.005,True,True,0.85,0.005,"{""BCC_B2#1"": 0.9951848023024826, ""FCC_L12#1"": 0.0006977377210163493, ""HCP_A3#2"": 0.0016992592753368556, ""HCP_A3#3"": 0.0024182007011637665}"
0.85,0.02,0.07,0.055,0.005,True,True,0.85,0.005,"{""BCC_B2#1"": 0.9951976160757303, ""FCC_L12#1"": 0.000697237519583864, ""HCP_A3#2"": 0.0016927298761581816, ""HCP_A3#3"": 0.002412416528527679}"
0.85,0.02,0.075,0.05,0.005,True,True,0.85,0.005,"{""BCC_B2#1"": 0.9952109913807108, ""FCC_L12#1"": 0.0006967360576830775, ""HCP_A3#2"": 0.001685543201217575, ""HCP_A3#3"": 0.002406729360388806}"
0.85,0.02,0.08,0.045,0.005,True,True,0.85,0.005,"{""BCC_B2#1"": 0.9952252517931143, ""FCC_L12#1"": 0.0006962358521042195, ""HCP_A3#2"": 0.0016773394253545954, ""HCP_A3#3"": 0.0024011729294267994}"
0.85,0.02,0.085,0.04,0.005,True,True,0.85,0.005,"{""BCC_B2#1"": 0.9952408953586742, ""FCC_L12#1"": 0.0006957406039815771, ""HCP_A3#2"": 0.0016675687951665692, ""HCP_A3#3"": 0.002395795242177991}"
0.85,0.02,0.09,0.035,0.005,True,True,0.85,0.005,"{""BCC_B2#1"": 0.9952586812897234, ""FCC_L12#1"": 0.0006952557393300156, ""HCP_A3#2"": 0.0016553983540344532, ""HCP_A3#3"": 0.002390664616912192}"
0.85,0.02,0.095,0.03,0.005,True,True,0.85,0.005,"{""BCC_B2#1"": 0.9952797523736561, ""FCC_L12#1"": 0.0006947891354383771, ""HCP_A3#2"": 0.0016395809583668861, ""HCP_A3#3"": 0.002385877532538779}"
0.85,0.02,0.1,0.025,0.005,True,True,0.85,0.005,"{""BCC_B2#1"": 0.995296704298788, ""FCC_L12#1"": 0.0006951674989967969, ""HCP_A3#1"": 0.00011388036421519735, ""HCP_A3#2"": 0.0015020945432135868, ""HCP_A3#3"": 0.002392153294786467}"
0.85,0.02,0.105,0.02,0.005,True,True,0.85,0.005,"{""BCC_B2#1"": 0.9953120500177125, ""FCC_L12#1"": 0.0006961072089027749, ""HCP_A3#1"": 0.0003139002305326718, ""HCP_A3#2"": 0.0012722726624364372, ""HCP_A3#3"": 0.002405669880415647}"
0.85,0.02,0.11,0.015,0.005,True,True,0.85,0.005,"{""BCC_B2#1"": 0.9953326245792545, ""FCC_L12#1"": 0.0006970258000128839, ""HCP_A3#1"": 0.0005216606807885807, ""HCP_A3#2"": 0.001029882740901471, ""HCP_A3#3"": 0.002418806199042445}"
0.85,0.02,0.115,0.01,0.005,True,True,0.85,0.005,"{""BCC_B2#1"": 0.995359668172073, ""FCC_L12#1"": 0.0006979264099150437, ""HCP_A3#1"": 0.0007368734212096825, ""HCP_A3#2"": 0.0007739598880726432, ""HCP_A3#3"": 0.002431572108729683}"
0.85,0.02,0.12,0.005,0.005,True,True,0.85,0.005,"{""BCC_B2#1"": 0.9953949786250819, ""FCC_L12#1"": 0.0006988120151387959, ""HCP_A3#1"": 0.0009587559699213367, ""HCP_A3#2"": 0.0005034794267649161, ""HCP_A3#3"": 0.002443973963092961}"
0.85,0.02,0.125,0.0,0.005,True,True,0.85,0.005,"{""BCC_B2#1"": 0.9954411314171556, ""FCC_L12#1"": 0.0006996855108846112, ""HCP_A3#1"": 0.0011858222799430455, ""HCP_A3#2"": 0.0002173457837229187, ""HCP_A3#3"": 0.002456015008293878}"
0.85,0.025,0.0,0.12,0.005,True,False,0.85,0.005,"{""BCC_B2#1"": 0.9941787155512218, ""C15_LAVES#1"": 0.000976244800093676, ""FCC_L12#1"": 0.0006998140236478071, ""HCP_A3#2"": 0.00172055021361194, ""HCP_A3#3"": 0.0024246754114247214}"
0.85,0.025,0.005,0.115,0.005,True,False,0.85,0.005,"{""BCC_B2#1"": 0.9943805693867083, ""C15_LAVES#1"": 0.0007589236592266945, ""FCC_L12#1"": 0.000700244775428345, ""HCP_A3#2"": 0.0017261166557130466, ""HCP_A3#3"": 0.0024341455229237572}"
0.85,0.025,0.01,0.11,0.005,True,False,0.85,0.005,"{""BCC_B2#1"": 0.9945974216331178, ""C15_LAVES#1"": 0.0005261622020185622, ""FCC_L12#1"": 0.0007006817171404011, ""HCP_A3#2"": 0.0017318448173198055, ""HCP_A3#3"": 0.0024438896304034012}"
0.85,0.025,0.015,0.105,0.005,True,False,0.85,0.005,"{""BCC_B2#1"": 0.9948304513205034, ""C15_LAVES#1"": 0.00027678031816321107, ""FCC_L12#1"": 0.0007011245206934894, ""HCP_A3#2"": 0.0017377351687165895, ""HCP_A3#3"": 0.002453908671923343}"
0.85,0.025,0.02,0.1,0.005,True,False,0.85,0.005,"{""BCC_B2#1"": 0.9950809350009442, ""C15_LAVES#1"": 9.500995300980544e-06, ""FCC_L12#1"": 0.0007015728448170119, ""HCP_A3#2"": 0.001743787774165768, ""HCP_A3#3"": 0.0024642033847719507}"
0.85,0.025,0.025,0.095,0.005,True,True,0.85,0.005,"{""BCC_B2#1"": 0.9951013400552534, ""FCC_L12#1"": 0.0007011470970466763, ""HCP_A3#2"": 0.0017388165044230608, ""HCP_A3#3"": 0.0024586963432769618}"
0.85,0.025,0.03,0.09,0.005,True,True,0.85,0.005,"{""BCC_B2#1"": 0.9951132512621464, ""FCC_L12#1"": 0.0007006834687721602, ""HCP_A3#2"": 0.0017334306356736446, ""HCP_A3#3"": 0.0024526346334077776}"
0.85,0.025,0.035,0.085,0.005,True,True,0.85,0.005,"{""BCC_B2#1"": 0.9951251797756285, ""FCC_L12#1"": 0.0007002131839148283, ""HCP_A3#2"": 0.0017280180127190558, ""HCP_A3#3"": 0.0024465890277374615}"
0.85,0.025,0.04,0.08,0.005,True,True,0.85,0.005,"{""BCC_B2#1"": 0.9951371319659529, ""FCC_L12#1"": 0.0006997364846798733, ""HCP_A3#2"": 0.0017225671911542725, ""HCP_A3#3"": 0.0024405643582130873}"
0.85,0.025,0.045,0.075,0.005,True,True,0.85,0.005,"{""BCC_B2#1"": 0.9951491212206497, ""FCC_L12#1"": 0.000699253670824924, ""HCP_A3#2"": 0.0017170588942231624, ""HCP_A3#3"": 0.002434566214302068}"
0.85,0.025,0.05,0.07,0.005,True,True,0.85,0.005,"{""BCC_B2#1"": 0.9951611717664236, ""FCC_L12#1"": 0.0006987651273283049, ""HCP_A3#2"": 0.0017114617911808004, ""HCP_A3#3"": 0.0024286013150672907}"
0.85,0.025,0.055,0.065,0.005,True,True,0.85,0.005,"{""BCC_B2#1"": 0.995173324571536, ""FCC_L12#1"": 0.0006982713668256909, ""HCP_A3#2"": 0.0017057259970269794, ""HCP_A3#3"": 0.002422678064611623}"
0.85,0.025,0.06,0.06,0.005,True,True,0.85,0.005,"{""BCC_B2#1"": 0.9951856464506554, ""FCC_L12#1"": 0.0006977730943247718, ""HCP_A3#2"": 0.001699773077389704, ""HCP_A3#3"": 0.002416807377629973}"
0.85,0.025,0.065,0.055,0.005,True,True,0.85,0.005,"{""BCC_B2#1"": 0.9951982440753304, ""FCC_L12#1"": 0.0006972713052640269, ""HCP_A3#2"": 0.0016934807196662422, ""HCP_A3#3"": 0.0024110038997395716}"
0.85,0.025,0.07,0.05,0.005,True,True,0.85,0.005,"{""BCC_B2#1"": 0.9952112854407513, ""FCC_L12#1"": 0.0006967674329150633, ""HCP_A3#2"": 0.0016866593284412565, ""HCP_A3#3"": 0.002405287797892517}"
0.85,0.025,0.075,0.045,0.005,True,True,0.85,0.005,"{""BCC_B2#1"": 0.9952250325268788, ""FCC_L12#1"": 0.0006962635675603971, ""HCP_A3#2"": 0.0016790165469187305, ""HCP_A3#3"": 0.002399687358642003}"
0.85,0.025,0.08,0.04,0.005,True,True,0.85,0.005,"{""BCC_B2#1"": 0.9952398904414117, ""FCC_L12#1"": 0.0006957627773091109, ""HCP_A3#2"": 0.0016701040841062918, ""HCP_A3#3"": 0.0023942426971731174}"
0.85,0.025,0.085,0.035,0.005,True,True,0.85,0.005,"{""BCC_B2#1"": 0.9952564800855676, ""FCC_L12#1"": 0.000695269566708213, ""HCP_A3#2"": 0.0016592394287010634, ""HCP_A3#3"": 0.0023890109190231536}"
0.85,0.025,0.09,0.03,0.005,True,True,0.85,0.005,"{""BCC_B2#1"": 0.9952757427254352, ""FCC_L12#1"": 0.0006947905087546135, ""HCP_A3#2"": 0.0016453937455459527, ""HCP_A3#3"": 0.002384073020264225}"
0.85,0.025,0.095,0.025,0.005,True,True,0.85,0.005,"{""BCC_B2#1"": 0.9952968590770039, ""FCC_L12#1"": 0.0006945492031464413, ""HCP_A3#1"": 2.941544744206297e-05, ""HCP_A3#2"": 0.0015968636112624135, ""HCP_A3#3"": 0.0023823126611451453}"
0.85,0.025,0.1,0.02,0.005,True,True,0.85,0.005,"{""BCC_B2#1"": 0.9953099853373664, ""FCC_L12#1"": 0.0006955234893789458, ""HCP_A3#1"": 0.00023066807583776498, ""HCP_A3#2"": 0.0013675464296838912, ""HCP_A3#3"": 0.002396276667732808}"
0.85,0.025,0.105,0.015,0.005,True,True,0.85,0.005,"{""BCC_B2#1"": 0.9953278700150051, ""FCC_L12#1"": 0.0006964741586234508, ""HCP_A3#1"": 0.00044006762661036845, ""HCP_A3#2"": 0.0011257456922149445, ""HCP_A3#3"": 0.0024098425075461684}"
0.85,0.025,0.11,0.01,0.005,True,True,0.85,0.005,"{""BCC_B2#1"": 0.995351490455741, ""FCC_L12#1"": 0.0006974046844019083, ""HCP_A3#1"": 0.0006575999949056264, ""HCP_A3#2"": 0.0008704810766399848, ""HCP_A3#3"": 0.0024230237883114294}"
0.85,0.025,0.115,0.005,0.005,True,True,0.85,0.005,"{""BCC_B2#1"": 0.9953822829189194, ""FCC_L12#1"": 0.0006983183156704325, ""HCP_A3#1"": 0.0008828536555448901, ""HCP_A3#2"": 0.0006007150337729942, ""HCP_A3#3"": 0.0024358300760919395}"
0.85,0.025,0.12,0.0,0.005,True,True,0.85,0.005,"{""BCC_B2#1"": 0.9954223225246125, ""FCC_L12#1"": 0.0006992181593031325, ""HCP_A3#1"": 0.0011148494268534853, ""HCP_A3#2"": 0.00031534249901752286, ""HCP_A3#3"": 0.0024482673902131062}"
0.85,0.03,0.0,0.115,0.005,True,False,0.85,0.005,"{""BCC_B2#1"": 0.9937110838298077, ""C15_LAVES#1"": 0.0015182307197158696, ""FCC_L12#1"": 0.0006972802719779876, ""HCP_A3#2"": 0.0016913029857079276, ""HCP_A3#3"": 0.0023821021927908173}"
0.85,0.03,0.005,0.11,0.005,True,False,0.85,0.005,"{""BCC_B2#1"": 0.9938956825273454, ""C15_LAVES#1"": 0.0013187469834219758, ""FCC_L12#1"": 0.0006977202822643639, ""HCP_A3#2"": 0.0016965823571377084, ""HCP_A3#3"": 0.0023912678498307282}"
0.85,0.03,0.01,0.105,0.005,True,False,0.85,0.005,"{""BCC_B2#1"": 0.9940945730121561, ""C15_LAVES#1"": 0.0011045375385592023, ""FCC_L12#1"": 0.0006981674141349403, ""HCP_A3#2"": 0.0017020188208273028, ""HCP_A3#3"": 0.0024007032143224974}"
0.85,0.03,0.015,0.1,0.005,True,False,0.85,0.005,"{""BCC_B2#1"": 0.994308909116188, ""C15_LAVES#1"": 0.0008744478979897254, ""FCC_L12#1"": 0.0006986213546010586, ""HCP_A3#2"": 0.0017076124974700923, ""HCP_A3#3"": 0.002410409133750839}"
0.85,0.03,0.02,0.095,0.005,True,False,0.85,0.005,"{""BCC_B2#1"": 0.9945399418803953, ""C15_LAVES#1"": 0.0006272271227741091, ""FCC_L12#1"": 0.0006990817768263652, ""HCP_A3#2"": 0.0017133629476554335, ""HCP_A3#3"": 0.0024203862723482894}"
0.85,0.03,0.025,0.09,0.005,True,False,0.85,0.005,"{""BCC_B2#1"": 0.9947890284411773, ""C15_LAVES#1"": 0.0003615191282742345, ""FCC_L12#1"": 0.0006995483399853018, ""HCP_A3#2"": 0.0017192689974549595, ""HCP_A3#3"": 0.0024306350931081076}"
0.85,0.03,0.03,0.085,0.005,True,False,0.85,0.005,"{""BCC_B2#1"": 0.9950576417497287, ""C15_LAVES#1"": 7.585321478357201e-05, ""FCC_L12#1"": 0.0007000206891976392, ""HCP_A3#2"": 0.0017253285091180846, ""HCP_A3#3"": 0.002441155837171673}"
0.85,0.03,0.035,0.08,0.005,True,True,0.85,0.005,"{""BCC_B2#1"": 0.9951380134399406, ""FCC_L12#1"": 0.0006997850053507043, ""HCP_A3#2"": 0.0017228328951538888, ""HCP_A3#3"": 0.0024393686595546283}"
0.85,0.03,0.04,0.075,0.005,True,True,0.85,0.005,"{""BCC_B2#1"": 0.9951499808898928, ""FCC_L12#1"": 0.0006993019816521628, ""HCP_A3#2"": 0.0017173551900630565, ""HCP_A3#3"": 0.0024333619383921155}"
0.85,0.03,0.045,0.07,0.005,True,True,0.85,0.005,"{""BCC_B2#1"": 0.9951619911766139, ""FCC_L12#1"": 0.0006988130965545288, ""HCP_A3#2"": 0.0017118076090895087, ""HCP_A3#3"": 0.0024273881177419524}"
0.85,0.03,0.05,0.065,0.005,True,True,0.85,0.005,"{""BCC_B2#1"": 0.9951740760886035, ""FCC_L12#1"": 0.0006983187994924216, ""HCP_A3#2"": 0.0017061503930664705, ""HCP_A3#3"": 0.0024214547188373676}"
0.85,0.03,0.055,0.06,0.005,True,True,0.85,0.005,"{""BCC_B2#1"": 0.9951862883378395, ""FCC_L12#1"": 0.0006978196970128896, ""HCP_A3#2"": 0.0017003206567796998, ""HCP_A3#3"": 0.0024155713083680256}"
0.85,0.03,0.06,0.055,0.005,True,True,0.85,0.005,"{""BCC_B2#1"": 0.9951987129340446, ""FCC_L12#1"": 0.0006973166326585481, ""HCP_A3#2"": 0.00169421993543433, ""HCP_A3#3"": 0.002409750497862737}"
0.85,0.03,0.065,0.05,0.005,True,True,0.85,0.005,"{""BCC_B2#1"": 0.9952114846607055, ""FCC_L12#1"": 0.0006968108075339711, ""HCP_A3#2"": 0.0016876951158752388, ""HCP_A3#3"": 0.002404009415885185}"
0.85,0.03,0.07,0.045,0.005,True,True,0.85,0.005,"{""BCC_B2#1"": 0.995224814777984, ""FCC_L12#1"": 0.0006963039606052272, ""HCP_A3#2"": 0.0016805094042077126, ""HCP_A3#3"": 0.002398371857202849}"
0.85,0.03,0.075,0.04,0.005,True,True,0.85,0.005,"{""BCC_B2#1"": 0.9952390314636955, ""FCC_L12#1"": 0.0006957986348378986, ""HCP_A3#2"": 0.001672298523099403, ""HCP_A3#3"": 0.0023928713783673756}"
0.85,0.03,0.08,0.035,0.005,True,True,0.85,0.005,"{""BCC_B2#1"": 0.9952546402122053, ""FCC_L12#1"": 0.0006952985625528178, ""HCP_A3#2"": 0.0016625055592564, ""HCP_A3#3"": 0.0023875556659854187}"
0.85,0.03,0.085,0.03,0.005,True,True,0.85,0.005,"{""BCC_B2#1"": 0.9952724121003802, ""FCC_L12#1"": 0.0006948092072460496, ""HCP_A3#2"": 0.0016502861856752841, ""HCP_A3#3"": 0.002382492506698441}"
0.85,0.03,0.09,0.025,0.005,True,True,0.85,0.005,"{""BCC_B2#1"": 0.9952935084751225, ""FCC_L12#1"": 0.00069433849095552, ""HCP_A3#2"": 0.0016343754971111497, ""HCP_A3#3"": 0.002377777536810419}"
0.85,0.03,0.095,0.02,0.005,True,True,0.85,0.005,"{""BCC_B2#1"": 0.9953089025693416, ""FCC_L12#1"": 0.0006949057350454323, ""HCP_A3#1"": 0.00014214631297004764, ""HCP_A3#2"": 0.0014675566582992101, ""HCP_A3#3"": 0.0023864887243435456}"
0.85,0.03,0.1,0.015,0.005,True,True,0.85,0.005,"{""BCC_B2#1"": 0.9953243598900752, ""FCC_L12#1"": 0.0006958908375290801, ""HCP_A3#1"": 0.0003527518151991492, ""HCP_A3#2"": 0.0012264880332625286, ""HCP_A3#3"": 0.002400509423933947}"
0.85,0.03,0.105,0.01,0.005,True,True,0.85,0.005,"{""BCC_B2#1"": 0.9953449906783173, ""FCC_L12#1"": 0.0006968532679562658, ""HCP_A3#1"": 0.0005719746575633088, ""HCP_A3#2"": 0.0009720535670998768, ""HCP_A3#3"": 0.0024141278290630667}"
0.85,0.03,0.11,0.005,0.005,True,True,0.85,0.005,"{""BCC_B2#1"": 0.9953719300387417, ""FCC_L12#1"": 0.0006977966067717939, ""HCP_A3#1"": 0.0007997147093113816, ""HCP_A3#2"": 0.0007032013651091261, ""HCP_A3#3"": 0.0024273572800659737}"
0.85,0.03,0.115,0.0,0.005,True,True,0.85,0.005,"{""BCC_B2#1"": 0.9954068380745777, ""FCC_L12#1"": 0.0006987242254003247, ""HCP_A3#1"": 0.0010354155064232987, ""HCP_A3#2"": 0.0004188151645721658, ""HCP_A3#3"": 0.002440207029026432}"
0.85,0.035,0.0,0.11,0.005,True,False,0.85,0.005,"{""BCC_B2#1"": 0.99334722781701, ""C15_LAVES#1"": 0.0019419214470825805, ""FCC_L12#1"": 0.0006951199410881902, ""HCP_A3#2"": 0.00166798023978936, ""HCP_A3#3"": 0.002347750555029896}"
0.85,0.035,0.005,0.105,0.005,True,False,0.85,0.005,"{""BCC_B2#1"": 0.9935183455614622, ""C15_LAVES#1"": 0.0017563314302503545, ""FCC_L12#1"": 0.0006955679654291836, ""HCP_A3#2"": 0.0023567111904591394, ""HCP_A3#3"": 0.0016730438523989736}"
0.85,0.035,0.01,0.1,0.005,True,False,0.85,0.005,"{""BCC_B2#1"": 0.993703239087249, ""C15_LAVES#1"": 0.0015565390068769814, ""FCC_L12#1"": 0.0006960238593726676, ""HCP_A3#2"": 0.0023659382975330704, ""HCP_A3#3"": 0.001678259748968613}"
0.85,0.035,0.015,0.095,0.005,True,False,0.85,0.005,"{""BCC_B2#1"": 0.9939030457501458, ""C15_LAVES#1"": 0.001341406917709804, ""FCC_L12#1"": 0.0006964873219617325, ""HCP_A3#2"": 0.0023754325804507008, ""HCP_A3#3"": 0.001683627429731966}"
0.85,0.035,0.02,0.09,0.005,True,False,0.85,0.005,"{""BCC_B2#1"": 0.9941190001193381, ""C15_LAVES#1"": 0.001109701666442563, ""FCC_L12#1"": 0.0006969580380980536, ""HCP_A3#2"": 0.0023851945701569423, ""HCP_A3#3"": 0.0016891456059641191}"
0.85,0.035,0.025,0.085,0.005,True,False,0.85,0.005,"{""BCC_B2#1"": 0.994352443042193, ""C15_LAVES#1"": 0.0008600847206940954, ""FCC_L12#1"": 0.0006974356784017577, ""HCP_A3#2"": 0.00239522461019399, ""HCP_A3#3"": 0.00169481194851674}"
0.85,0.035,0.03,0.08,0.005,True,False,0.85,0.005,"{""BCC_B2#1"": 0.9946048315533209, ""C15_LAVES#1"": 0.0005911029510197502, ""FCC_L12#1"": 0.0006979198991632554, ""HCP_A3#2"": 0.0024055228399648605, ""HCP_A3#3"": 0.001700622756531402}"
0.85,0.035,0.035,0.075,0.005,True,False,0.85,0.005,"{""BCC_B2#1"": 0.9948777496922722, ""C15_LAVES#1"": 0.00030117826977152856, ""FCC_L12#1"": 0.0006984103424274509, ""HCP_A3#2"": 0.002416089175071688, ""HCP_A3#3"": 0.0017065725204571398}"
0.85,0.035,0.04,0.07,0.005,True,True,0.85,0.005,"{""BCC_B2#1"": 0.9951625584324487, ""FCC_L12#1"": 0.0006988717705203045, ""HCP_A3#2"": 0.0024263276127862226, ""HCP_A3#3"": 0.0017122421842446019}"
0.85,0.035,0.045,0.065,0.005,True,True,0.85,0.005,"{""BCC_B2#1"": 0.9951745924379164, ""FCC_L12#1"": 0.0006983770751922188, ""HCP_A3#2"": 0.002420383588624517, ""HCP_A3#3"": 0.001706646898266693}"
0.85,0.035,0.05,0.06,0.005,True,True,0.85,0.005,"{""BCC_B2#1"": 0.9951867195969715, ""FCC_L12#1"": 0.0006978773293338835, ""HCP_A3#2"": 0.0024144876615023536, ""HCP_A3#3"": 0.001700915412191879}"
0.85,0.035,0.055,0.055,0.005,True,True,0.85,0.005,"{""BCC_B2#1"": 0.9951990072205843, ""FCC_L12#1"": 0.0006973732529118499, ""HCP_A3#2"": 0.002408650790399502, ""HCP_A3#3"": 0.0016949687361043934}"
0.85,0.035,0.06,0.05,0.005,True,True,0.85,0.005,"{""BCC_B2#1"": 0.9952115629156958, ""FCC_L12#1"": 0.0006968658574145341, ""HCP_A3#2"": 0.0024028876220659255, ""HCP_A3#3"": 0.001688683604823283}"
0.85,0.035,0.065,0.045,0.005,True,True,0.85,0.005,"{""BCC_B2#1"": 0.9952245563296893, ""FCC_L12#1"": 0.0006963565935512374, ""HCP_A3#2"": 0.002397218261636405, ""HCP_A3#3"": 0.0016818688151229214}"
0.85,0.035,0.07,0.04,0.005,True,True,0.85,0.005,"{""BCC_B2#1"": 0.995238252256799, ""FCC_L12#1"": 0.0006958475707864017, ""HCP_A3#2"": 0.0023916708416969546, ""HCP_A3#3"": 0.0016742293307177875}"
0.85,0.035,0.075,0.035,0.005,True,True,0.85,0.005,"{""BCC_B2#1"": 0.9952530604851642, ""FCC_L12#1"": 0.0006953418785433229, ""HCP_A3#2"": 0.0023862851884824295, ""HCP_A3#3"": 0.0016653124478101834}"
0.85,0.035,0.08,0.03,0.005,True,True,0.85,0.005,"{""BCC_B2#1"": 0.9952696095544896, ""FCC_L12#1"": 0.0006948440451515514, ""HCP_A3#2"": 0.0023811179213559506, ""HCP_A3#3"": 0.0016544284790027091}"
0.85,0.035,0.085,0.025,0.005,True,True,0.85,0.005,"{""BCC_B2#1"": 0.9952888529739625, ""FCC_L12#1"": 0.0006943606699314703, ""HCP_A3#2"": 0.002376249264006432, ""HCP_A3#3"": 0.001640537092099586}"
0.85,0.035,0.09,0.02,0.005,True,True,0.85,0.005,"{""BCC_B2#1"": 0.9953087373134254, ""FCC_L12#1"": 0.0006942508976430386, ""HCP_A3#1"": 0.0015722938875672, ""HCP_A3#2"": 4.844982574703381e-05, ""HCP_A3#3"": 0.0023762680756173626}"
0.85,0.035,0.095,0.015,0.005,True,True,0.85,0.005,"{""BCC_B2#1"": 0.9953219437141776, ""FCC_L12#1"": 0.000695273228393768, ""HCP_A3#1"": 0.0023907733199422607, ""HCP_A3#2"": 0.0002599324898905662, ""HCP_A3#3"": 0.0013320772475958623}"
0.85,0.035,0.1,0.01,0.005,True,True,0.85,0.005,"{""BCC_B2#1"": 0.9953399076023923, ""FCC_L12#1"": 0.0006962699217605918, ""HCP_A3#1"": 0.0010786242784008994, ""HCP_A3#2"": 0.0004803439604369124, ""HCP_A3#3"": 0.0024048542370090063}"
0.85,0.035,0.105,0.005,0.005,True,True,0.85,0.005,"{""BCC_B2#1"": 0.9953635122243499, ""FCC_L12#1"": 0.0006972449607432646, ""HCP_A3#1"": 0.0008108670468088311, ""HCP_A3#2"": 0.0007098471251394748, ""HCP_A3#3"": 0.0024185286429584054}"
0.85,0.035,0.11,0.0,0.005,True,True,0.85,0.005,"{""BCC_B2#1"": 0.9953940726585295, ""FCC_L12#1"": 0.0006982020425177859, ""HCP_A3#1"": 0.0005276763605647456, ""HCP_A3#2"": 0.0009482393487993895, ""HCP_A3#3"": 0.0024318095895886852}"
0.85,0.04,0.0,0.105,0.005,True,False,0.85,0.005,"{""BCC_B2#1"": 0.993059579568917, ""C15_LAVES#1"": 0.0022785855254406316, ""FCC_L12#1"": 0.0006932666523356177, ""HCP_A3#2"": 0.001649025993585764, ""HCP_A3#3"": 0.002319542259720833}"
0.85,0.04,0.005,0.1,0.005,True,False,0.85,0.005,"{""BCC_B2#1"": 0.9932199812347764, ""C15_LAVES#1"": 0.002104013578681186, ""FCC_L12#1"": 0.0006937215163210361, ""HCP_A3#2"": 0.002328363677559817, ""HCP_A3#3"": 0.0016539199926616285}"
0.85,0.04,0.01,0.095,0.005,True,False,0.85,0.005,"{""BCC_B2#1"": 0.9933937890484923, ""C15_LAVES#1"": 0.0019156160509143094, ""FCC_L12#1"": 0.0006941848660771467, ""HCP_A3#2"": 0.0023374490721097796, ""HCP_A3#3"": 0.0016589609624065409}"
0.85,0.04,0.015,0.09,0.005,True,False,0.85,0.005,"{""BCC_B2#1"": 0.9935821308399826, ""C15_LAVES#1"": 0.0017122663100198115, ""FCC_L12#1"": 0.0006946564099441403, ""HCP_A3#2"": 0.002346798965364855, ""HCP_A3#3"": 0.0016641474746886375}"
0.85,0.04,0.02,0.085,0.005,True,False,0.85,0.005,"{""BCC_B2#1"": 0.993786231900874, ""C15_LAVES#1"": 0.0014927415517892878, ""FCC_L12#1"": 0.0006951358421477586, ""HCP_A3#2"": 0.0023564137114661624, ""HCP_A3#3"": 0.001669476993722666}"
0.85,0.04,0.025,0.08,0.005,True,False,0.85,0.005,"{""BCC_B2#1"": 0.9940074242339748, ""C15_LAVES#1"": 0.0012557139164146769, ""FCC_L12#1"": 0.0006956228427201933, ""HCP_A3#2"": 0.00236629348607662, ""HCP_A3#3"": 0.0016749455208135808}"
0.85,0.04,0.03,0.075,0.005,True,False,0.85,0.005,"{""BCC_B2#1"": 0.9942471566545121, ""C15_LAVES#1"": 0.0009997408684523973, ""FCC_L12#1"": 0.0006961170775364327, ""HCP_A3#2"": 0.0023764382732043223, ""HCP_A3#3"": 0.0016805471262947575}"
0.85,0.04,0.035,0.07,0.005,True,False,0.85,0.005,"{""BCC_B2#1"": 0.9945070057993071, ""C15_LAVES#1"": 0.0007232548205842508, ""FCC_L12#1"": 0.0006966181985205743, ""HCP_A3#2"": 0.0023868478491211255, ""HCP_A3#3"": 0.0016862733324668861}"
0.85,0.04,0.04,0.065,0.005,True,False,0.85,0.005,"{""BCC_B2#1"": 0.9947886880979754, ""C15_LAVES#1"": 0.0004245519951942337, ""FCC_L12#1"": 0.0006971258440930221, ""HCP_A3#2"": 0.002397521763050884, ""HCP_A3#3"": 0.001692112299686451}"
0.85,0.04,0.045,0.06,0.005,True,False,0.85,0.005,"{""BCC_B2#1"": 0.9950940727552646, ""C15_LAVES#1"": 0.00010178053815671463, ""FCC_L12#1"": 0.0006976396399523601, ""HCP_A3#2"": 0.0024084593142929375, ""HCP_A3#3"": 0.0016980477523333155}"
0.85,0.04,0.05,0.055,0.005,True,True,0.85,0.005,"{""BCC_B2#1"": 0.9951991147770672, ""FCC_L12#1"": 0.0006974409401282194, ""HCP_A3#2"": 0.002407699698770502, ""HCP_A3#3"": 0.0016957445840343028}"
0.85,0.04,0.055,0.05,0.005,True,True,0.85,0.005,"{""BCC_B2#1"": 0.9952114990896302, ""FCC_L12#1"": 0.00069693229452082, ""HCP_A3#2"": 0.002401916469686651, ""HCP_A3#3"": 0.001689652146162274}"
0.85,0.04,0.06,0.045,0.005,True,True,0.85,0.005,"{""BCC_B2#1"": 0.9952242225308847, ""FCC_L12#1"": 0.0006964210838153126, ""HCP_A3#2"": 0.002396219324224773, ""HCP_A3#3"": 0.0016831370610754872}"
0.85,0.04,0.065,0.04,0.005,True,True,0.85,0.005,"{""BCC_B2#1"": 0.995237497886058, ""FCC_L12#1"": 0.0006959090611846602, ""HCP_A3#2"": 0.002390631929480635, ""HCP_A3#3"": 0.0016759611232771388}"
0.85,0.04,0.07,0.035,0.005,True,True,0.85,0.005,"{""BCC_B2#1"": 0.9952516559973418, ""FCC_L12#1"": 0.0006953987838726305, ""HCP_A3#2"": 0.002385187589453246, ""HCP_A3#3"": 0.0016677576293323267}"
0.85,0.04,0.075,0.03,0.005,True,True,0.85,0.005,"{""BCC_B2#1"": 0.9952672068782306, ""FCC_L12#1"": 0.0006948939981224182, ""HCP_A3#2"": 0.002379933556009531, ""HCP_A3#3"": 0.0016579655676374708}"
0.85,0.04,0.08,0.025,0.005,True,True,0.85,0.005,"{""BCC_B2#1"": 0.9952849290992632, ""FCC_L12#1"": 0.0006944001802076841, ""HCP_A3#2"": 0.0023749369177474217, ""HCP_A3#3"": 0.0016457338027817117}"
0.85,0.04,0.085,0.02,0.005,True,True,0.85,0.005,"{""BCC_B2#1"": 0.9953059961772657, ""FCC_L12#1"": 0.0006939252624406033, ""HCP_A3#2"": 0.0023702922383690484, ""HCP_A3#3"": 0.0016297863219243514}"
0.85,0.04,0.09,0.015,0.005,True,True,0.85,0.005,"{""BCC_B2#1"": 0.9953205292490054, ""FCC_L12#1"": 0.0006946182810547045, ""HCP_A3#1"": 0.0014424941925985822, ""HCP_A3#2"": 0.002380595945863371, ""HCP_A3#3"": 0.00016176233147782306}"
0.85,0.04,0.095,0.01,0.005,True,True,0.85,0.005,"{""BCC_B2#1"": 0.995336051739561, ""FCC_L12#1"": 0.0006956520374324015, ""HCP_A3#1"": 0.00038297710417984927, ""HCP_A3#2"": 0.0011901499942471726, ""HCP_A3#3"": 0.0023951691245796686}"
0.85,0.04,0.1,0.005,0.005,True,True,0.85,0.005,"{""BCC_B2#1"": 0.9953567138568025, ""FCC_L12#1"": 0.0006966611393070105, ""HCP_A3#1"": 0.0006136636917348228, ""HCP_A3#2"": 0.000923647390157292, ""HCP_A3#3"": 0.0024093139219981768}"
0.85,0.04,0.105,0.0,0.005,True,True,0.85,0.005,"{""BCC_B2#1"": 0.9953835428212763, ""FCC_L12#1"": 0.0006976496826786377, ""HCP_A3#1"": 0.0008539172417995676, ""HCP_A3#2"": 0.000641842357184687, ""HCP_A3#3"": 0.0024230478970609297}"
0.85,0.045,0.0,0.1,0.005,True,False,0.85,0.005,"{""BCC_B2#1"": 0.9928293650478007, ""C15_LAVES#1"": 0.002549521293729361, ""FCC_L12#1"": 0.0006916685047958299, ""HCP_A3#2"": 0.0016333880222302083, ""HCP_A3#3"": 0.0022960571314437446}"
0.85,0.045,0.005,0.095,0.005,True,False,0.85,0.005,"{""BCC_B2#1"": 0.9929811504758074, ""C15_LAVES#1"": 0.002383790866547637, ""FCC_L12#1"": 0.0006921291823727621, ""HCP_A3#2"": 0.0023047857407657536, ""HCP_A3#3"": 0.0016381437345061812}"
0.85,0.045,0.01,0.09,0.005,True,False,0.85,0.005,"{""BCC_B2#1"": 0.9931460889523617, ""C15_LAVES#1"": 0.0022044954245275124, ""FCC_L12#1"": 0.0006925988671689101, ""HCP_A3#2"": 0.002313776424942732, ""HCP_A3#3"": 0.0016430403309992709}"
0.85,0.045,0.015,0.085,0.005,True,False,0.85,0.005,"{""BCC_B2#1"": 0.9933253045301371, ""C15_LAVES#1"": 0.002010513611508783, ""FCC_L12#1"": 0.0006930772740374593, ""HCP_A3#2"": 0.002323029491630096, ""HCP_A3#3"": 0.0016480750926863282}"
0.85,0.045,0.02,0.08,0.005,True,False,0.85,0.005,"{""BCC_B2#1"": 0.9935200191630086, ""C15_LAVES#1"": 0.001800627884099424, ""FCC_L12#1"": 0.0006935641040535797, ""HCP_A3#2"": 0.0023325450829874013, ""HCP_A3#3"": 0.0016532437658511845}"
0.85,0.045,0.025,0.075,0.005,True,False,0.85,0.005,"{""BCC_B2#1"": 0.9937315621390238, ""C15_LAVES#1"": 0.0015735155774572907, ""FCC_L12#1"": 0.000694059044555211, ""HCP_A3#2"": 0.0023423231684104678, ""HCP_A3#3"": 0.0016585400705531272}"
0.85,0.045,0.03,0.07,0.005,True,False,0.85,0.005,"{""BCC_B2#1"": 0.9939613803656648, ""C15_LAVES#1"": 0.0013277392767583479, ""FCC_L12#1"": 0.0006945617693315844, ""HCP_A3#2"": 0.0023523635346744056, ""HCP_A3#3"": 0.001663955053570884}"
0.85,0.045,0.035,0.065,0.005,True,False,0.85,0.005,"{""BCC_B2#1"": 0.994211049552563, ""C15_LAVES#1"": 0.0010617364988277154, ""FCC_L12#1"": 0.0006950719390316646, ""HCP_A3#2"": 0.0023626657731564997, ""HCP_A3#3"": 0.0016694762364210015}"
0.85,0.045,0.04,0.06,0.005,True,False,0.85,0.005,"{""BCC_B2#1"": 0.9944822863305667, ""C15_LAVES#1"": 0.0007738087104163567, ""FCC_L12#1"": 0.0006955892018865749, ""HCP_A3#2"": 0.002373229263785108, ""HCP_A3#3"": 0.0016750864933454573}"
0.85,0.045,0.045,0.055,0.005,True,False,0.85,0.005,"{""BCC_B2#1"": 0.9947769613355772, ""C15_LAVES#1"": 0.0004621097407049622, ""FCC_L12#1"": 0.000696113194869849, ""HCP_A3#2"": 0.00238405315538297, ""HCP_A3#3"": 0.0016807625734648482}"
0.85,0.045,0.05,0.05,0.005,True,False,0.85,0.005,"{""BCC_B2#1"": 0.9950971132689024, ""C15_LAVES#1"": 0.0001246336895288967, ""FCC_L12#1"": 0.0006966435454586168, ""HCP_A3#2"": 0.002395136342101055, ""HCP_A3#3"": 0.0016864731540093137}"
0.85,0.045,0.055,0.045,0.005,True,True,0.85,0.005,"{""BCC_B2#1"": 0.9952237851708254, ""FCC_L12#1"": 0.0006964970949073237, ""HCP_A3#2"": 0.0023953685628313173, ""HCP_A3#3"": 0.0016843491714357331}"
0.85,0.045,0.06,0.04,0.005,True,True,0.85,0.005,"{""BCC_B2#1"": 0.9952367230654462, ""FCC_L12#1"": 0.000695982651436155, ""HCP_A3#2"": 0.002389746571074324, ""HCP_A3#3"": 0.0016775477120431043}"
0.85,0.045,0.065,0.035,0.005,True,True,0.85,0.005,"{""BCC_B2#1"": 0.9952503560143393, ""FCC_L12#1"": 0.0006954686491071995, ""HCP_A3#2"": 0.0023842524910258726, ""HCP_A3#3"": 0.0016699228455277744}"
0.85,0.045,0.07,0.03,0.005,True,True,0.85,0.005,"{""BCC_B2#1"": 0.9952650960784011, ""FCC_L12#1"": 0.0006949581844619358, ""HCP_A3#2"": 0.002378925769350622, ""HCP_A3#3"": 0.0016610199677864737}"
0.85,0.045,0.075,0.025,0.005,True,True,0.85,0.005,"{""BCC_B2#1"": 0.9952815758138405, ""FCC_L12#1"": 0.0006944557891303608, ""HCP_A3#2"": 0.0023738224050256747, ""HCP_A3#3"": 0.001650145992003323}"
0.85,0.045,0.08,0.02,0.005,True,True,0.85,0.005,"{""BCC_B2#1"": 0.9953007556128634, ""FCC_L12#1"": 0.0006939680597718862, ""HCP_A3#2"": 0.002369021658825117, ""HCP_A3#3"": 0.001636254668539957}"
0.85,0.045,0.085,0.015,0.005,True,True,0.85,0.005,"{""BCC_B2#1"": 0.9953200791646207, ""FCC_L12#1"": 0.0006939224106754324, ""HCP_A3#1"": 0.001557737707473414, ""HCP_A3#2"": 0.002369933477741061, ""HCP_A3#3"": 5.832723948971204e-05}"
0.85,0.045,0.09,0.01,0.005,True,True,0.85,0.005,"{""BCC_B2#1"": 0.9953332986309918, ""FCC_L12#1"": 0.0006949965628829288, ""HCP_A3#1"": 0.00028006949570801373, ""HCP_A3#2"": 0.0013066013566506074, ""HCP_A3#3"": 0.0023850339537660015}"
0.85,0.045,0.095,0.005,0.005,True,True,0.85,0.005,"{""BCC_B2#1"": 0.9953513003980402, ""FCC_L12#1"": 0.0006960425337248711, ""HCP_A3#1"": 0.0005114901838847926, ""HCP_A3#2"": 0.0010414879282432054, ""HCP_A3#3"": 0.0023996789561066194}"
0.85,0.045,0.1,0.0,0.005,True,True,0.85,0.005,"{""BCC_B2#1"": 0.9953748701914606, ""FCC_L12#1"": 0.0006970649074248471, ""HCP_A3#1"": 0.000752937138463007, ""HCP_A3#2"": 0.0007612363180915368, ""HCP_A3#3"": 0.0024138914445599523}"
0.85,0.05,0.0,0.095,0.005,True,False,0.85,0.005,"{""BCC_B2#1"": 0.9908716752667105, ""C15_LAVES#1"": 0.005449522310434403, ""FCC_L12#1"": 0.000692550598468536, ""HCP_A3#3"": 0.0022825474148835266, ""ZRO2_MONO#1"": 0.000703704409503167}"
0.85,0.05,0.005,0.09,0.005,True,False,0.85,0.005,"{""BCC_B2#1"": 0.9917895376352718, ""C15_LAVES#1"": 0.004123034022254142, ""FCC_L12#1"": 0.0006920287566089835, ""HCP_A3#2"": 0.002288569516786543, ""HCP_A3#3"": 0.0007104427895718396, ""ZRO2_MONO#1"": 0.0003963872795067024}"
0.85,0.05,0.01,0.085,0.005,True,False,0.85,0.005,"{""BCC_B2#1"": 0.9929460318415189, ""C15_LAVES#1"": 0.002439115590671881, ""FCC_L12#1"": 0.0006912250826187559, ""HCP_A3#2"": 0.0022938888471041932, ""HCP_A3#3"": 0.0016297386380862125}"
0.85,0.05,0.015,0.08,0.005,True,False,0.85,0.005,"{""BCC_B2#1"": 0.9931179583196212, ""C15_LAVES#1"": 0.0022526108874676497, ""FCC_L12#1"": 0.0006917093508090563, ""HCP_A3#2"": 0.0023030805085626376, ""HCP_A3#3"": 0.0016346409335393677}"
0.85,0.05,0.02,0.075,0.005,True,False,0.85,0.005,"{""BCC_B2#1"": 0.9933052287696428, ""C15_LAVES#1"": 0.0020503699035981007, ""FCC_L12#1"": 0.0006922025035729873, ""HCP_A3#2"": 0.00231253281465061, ""HCP_A3#3"": 0.0016396660085356103}"
0.85,0.05,0.025,0.07,0.005,True,False,0.85,0.005,"{""BCC_B2#1"": 0.9935091749240381, ""C15_LAVES#1"": 0.0018310707742547783, ""FCC_L12#1"": 0.0006927042333483656, ""HCP_A3#2"": 0.002322245495905386, ""HCP_A3#3"": 0.0016448045724528283}"
0.85,0.05,0.03,0.065,0.005,True,False,0.85,0.005,"{""BCC_B2#1"": 0.9937312470643842, ""C15_LAVES#1"": 0.0015932769090771925, ""FCC_L12#1"": 0.0006932142200873753, ""HCP_A3#2"": 0.002332218106977746, ""HCP_A3#3"": 0.0016500436994733086}"
0.85,0.05,0.035,0.06,0.005,True,False,0.85,0.005,"{""BCC_B2#1"": 0.9939730253466093, ""C15_LAVES#1"": 0.0013354268285996932, ""FCC_L12#1"": 0.00069373213195037, ""HCP_A3#2"": 0.0023424500168759514, ""HCP_A3#3"": 0.0016553656759644697}"
0.85,0.05,0.04,0.055,0.005,True,False,0.85,0.005,"{""BCC_B2#1"": 0.9942362320189014, ""C15_LAVES#1"": 0.0010558234736546585, ""FCC_L12#1"": 0.0006942576264067764, ""HCP_A3#2"": 0.0023529403958444323, ""HCP_A3#3"": 0.0016607464851929818}"
0.85,0.05,0.045,0.05,0.005,True,False,0.85,0.005,"{""BCC_B2#1"": 0.9945227445338423, ""C15_LAVES#1"": 0.0007526231004118303, ""FCC_L12#1"": 0.0006947903519038829, ""HCP_A3#2"": 0.002363688198545981, ""HCP_A3#3"": 0.0016661538152956449}"
0.85,0.05,0.05,0.045,0.005,True,False,0.85,0.005,"{""BCC_B2#1"": 0.9948346095306363, ""C15_LAVES#1"": 0.000423823935157308, ""FCC_L12#1"": 0.0006953299503146096, ""HCP_A3#2"": 0.0023746921432218466, ""HCP_A3#3"": 0.0016715444406697922}"
0.85,0.05,0.055,0.04,0.005,True,False,0.85,0.005,"{""BCC_B2#1"": 0.9951740576258348, ""C15_LAVES#1"": 6.725484735884382e-05, ""FCC_L12#1"": 0.0006958760604419155, ""HCP_A3#2"": 0.002385950686519582, ""HCP_A3#3"": 0.0016768607798449099}"
0.85,0.05,0.06,0.035,0.005,True,True,0.85,0.005,"{""BCC_B2#1"": 0.9952491020198486, ""FCC_L12#1"": 0.000695550931310161, ""HCP_A3#2"": 0.0023834708049766482, ""HCP_A3#3"": 0.0016718762438644081}"
0.85,0.05,0.065,0.03,0.005,True,True,0.85,0.005,"{""BCC_B2#1"": 0.9952631868845847, ""FCC_L12#1"": 0.0006950358466814672, ""HCP_A3#2"": 0.0023780827058907756, ""HCP_A3#3"": 0.0016636945628431023}"
0.85,0.05,0.07,0.025,0.005,True,True,0.85,0.005,"{""BCC_B2#1"": 0.9952786568908002, ""FCC_L12#1"": 0.0006945264346816541, ""HCP_A3#2"": 0.0023728900200926106, ""HCP_A3#3"": 0.001653926654425351}"
0.85,0.05,0.075,0.02,0.005,True,True,0.85,0.005,"{""BCC_B2#1"": 0.9952962936578822, ""FCC_L12#1"": 0.0006940281602598633, ""HCP_A3#2"": 0.002367958983199681, ""HCP_A3#3"": 0.0016417191986582954}"
0.85,0.05,0.08,0.015,0.005,True,True,0.85,0.005,"{""BCC_B2#1"": 0.9953172763607799, ""FCC_L12#1"": 0.000693548932378795, ""HCP_A3#2"": 0.0023633828719305037, ""HCP_A3#3"": 0.0016257918349107594}"
0.85,0.05,0.085,0.01,0.005,True,True,0.85,0.005,"{""BCC_B2#1"": 0.9953315844455569, ""FCC_L12#1"": 0.0006942999086343159, ""HCP_A3#1"": 0.0014279676212750115, ""HCP_A3#2"": 0.0023744045783250624, ""HCP_A3#3"": 0.00017174344620863075}"
0.85,0.05,0.09,0.005,0.005,True,True,0.85,0.005,"{""BCC_B2#1"": 0.995347110146803, ""FCC_L12#1"": 0.0006953860898619921, ""HCP_A3#1"": 0.00040357030334998187, ""HCP_A3#2"": 0.001164348554682171, ""HCP_A3#3"": 0.0023895849053030857}"
0.85,0.05,0.095,0.0,0.005,True,True,0.85,0.005,"{""BCC_B2#1"": 0.9953677682453148, ""FCC_L12#1"": 0.0006964451071426079, ""HCP_A3#1"": 0.0006456888781278839, ""HCP_A3#2"": 0.0008857919866300268, ""HCP_A3#3"": 0.0024043057827850406}"
0.85,0.055,0.0,0.09,0.005,True,False,0.85,0.005,"{""BCC_B2#1"": 0.9907360042768947, ""C15_LAVES#1"": 0.005604048576366984, ""FCC_L12#1"": 0.000691271750894555, ""HCP_A3#3"": 0.0022647496717566307, ""ZRO2_MONO#1"": 0.000703925724087054}"
0.85,0.055,0.005,0.085,0.005,True,False,0.85,0.005,"{""BCC_B2#1"": 0.9908713085226456, ""C15_LAVES#1"": 0.00545958169007099, ""FCC_L12#1"": 0.0006917525868988733, ""HCP_A3#3"": 0.0022735792756426094, ""ZRO2_MONO#1"": 0.0007037779247419887}"
0.85,0.055,0.01,0.08,0.005,True,False,0.85,0.005,"{""BCC_B2#1"": 0.9910194398426534, ""C15_LAVES#1"": 0.00530201188133122, ""FCC_L12#1"": 0.0006922435656768958, ""HCP_A3#3"": 0.0022827029103841302, ""ZRO2_MONO#1"": 0.0007036017999541381}"
0.85,0.055,0.015,0.075,0.005,True,False,0.85,0.005,"{""BCC_B2#1"": 0.9911815454409902, ""C15_LAVES#1"": 0.0051301936242168335, ""FCC_L12#1"": 0.0006927444144037353, ""HCP_A3#3"": 0.0022921261606512152, ""ZRO2_MONO#1"": 0.0007033903597380821}"
0.85,0.055,0.02,0.07,0.005,True,False,0.85,0.005,"{""BCC_B2#1"": 0.993130988443612, ""C15_LAVES#1"": 0.0022542053708265865, ""FCC_L12#1"": 0.0006910187932864743, ""HCP_A3#2"": 0.0016281783222296758, ""HCP_A3#3"": 0.0022956090700447834}"
0.85,0.055,0.025,0.065,0.005,True,False,0.85,0.005,"{""BCC_B2#1"": 0.993328996467751, ""C15_LAVES#1"": 0.0020410273300851428, ""FCC_L12#1"": 0.0006915263923675202, ""HCP_A3#2"": 0.0016331652227156664, ""HCP_A3#3"": 0.002305284587080319}"
0.85,0.055,0.03,0.06,0.005,True,False,0.85,0.005,"{""BCC_B2#1"": 0.9935450780168444, ""C15_LAVES#1"": 0.0018094312451898931, ""FCC_L12#1"": 0.0006920426630199436, ""HCP_A3#2"": 0.001638230057600274, ""HCP_A3#3"": 0.002315218017345644}"
0.85,0.055,0.035,0.055,0.005,True,False,0.85,0.005,"{""BCC_B2#1"": 0.99378082217973, ""C15_LAVES#1"": 0.0015578536540193713, ""FCC_L12#1"": 0.0006925672797541645, ""HCP_A3#2"": 0.0016433484112134385, ""HCP_A3#3"": 0.002325408475282926}"
0.85,0.055,0.04,0.05,0.005,True,False,0.85,0.005,"{""BCC_B2#1"": 0.9940379612648118, ""C15_LAVES#1"": 0.001284596470480883, ""FCC_L12#1"": 0.0006930999088042275, ""HCP_A3#2"": 0.0016484874688133969, ""HCP_A3#3"": 0.0023358548870894523}"
0.85,0.055,0.045,0.045,0.005,True,False,0.85,0.005,"{""BCC_B2#1"": 0.9943183838435071, ""C15_LAVES#1"": 0.0009878165899677488, ""FCC_L12#1"": 0.0006936402104514629, ""HCP_A3#2"": 0.0016536033797549714, ""HCP_A3#3"": 0.0023465559763188428}"
0.85,0.055,0.05,0.04,0.005,True,False,0.85,0.005,"{""BCC_B2#1"": 0.9946241485176379, ""C15_LAVES#1"": 0.0006655155966402195, ""FCC_L12#1"": 0.0006941878423424449, ""HCP_A3#2"": 0.0016586377980866613, ""HCP_A3#3"": 0.0023575102452927103}"
0.85,0.055,0.055,0.035,0.005,True,False,0.85,0.005,"{""BCC_B2#1"": 0.99495749828851, ""C15_LAVES#1"": 0.0003155299506807708, ""FCC_L12#1"": 0.0006947424641591133, ""HCP_A3#2"": 0.0016635133446500376, ""HCP_A3#3"": 0.0023687159519997047}"
0.85,0.055,0.06,0.03,0.005,True,True,0.85,0.005,"{""BCC_B2#1"": 0.9952614043815611, ""FCC_L12#1"": 0.0006951263340732546, ""HCP_A3#2"": 0.0016660752486040722, ""HCP_A3#3"": 0.0023773940357615184}"
0.85,0.055,0.065,0.025,0.005,True,True,0.85,0.005,"{""BCC_B2#1"": 0.9952760580466015, ""FCC_L12#1"": 0.0006946112051510841, ""HCP_A3#2"": 0.0016572046069591175, ""HCP_A3#3"": 0.0023721261412886405}"
0.85,0.055,0.07,0.02,0.005,True,True,0.85,0.005,"{""BCC_B2#1"": 0.9952924398638752, ""FCC_L12#1"": 0.0006941042889383793, ""HCP_A3#2"": 0.0016463697480209127, ""HCP_A3#3"": 0.0023670860991655885}"
0.85,0.055,0.075,0.015,0.005,True,True,0.85,0.005,"{""BCC_B2#1"": 0.9953115116978483, ""FCC_L12#1"": 0.0006936121513381129, ""HCP_A3#2"": 0.0016325241197899336, ""HCP_A3#3"": 0.0023623520310235673}"
0.85,0.055,0.08,0.01,0.005,True,True,0.85,0.005,"{""BCC_B2#1"": 0.9953309038678514, ""FCC_L12#1"": 0.0006935578280842114, ""HCP_A3#1"": 0.0023632300168746666, ""HCP_A3#2"": 0.0015542624081450649, ""HCP_A3#3"": 5.8045879044289444e-05}"
0.85,0.055,0.085,0.005,0.005,True,True,0.85,0.005,"{""BCC_B2#1"": 0.9953440486019102, ""FCC_L12#1"": 0.0006946882136477149, ""HCP_A3#1"": 0.0002900674607221214, ""HCP_A3#2"": 0.0012922084357402724, ""HCP_A3#3"": 0.0023789872879798083}"
0.85,0.055,0.09,0.0,0.005,True,True,0.85,0.005,"{""BCC_B2#1"": 0.9953620322873478, ""FCC_L12#1"": 0.0006957872254220145, ""HCP_A3#1"": 0.0005324707504515995, ""HCP_A3#2"": 0.001015457981083242, ""HCP_A3#3"": 0.0023942517556956684}"
0.85,0.06,0.0,0.085,0.005,True,False,0.85,0.005,"{""BCC_B2#1"": 0.9906261155758439, ""C15_LAVES#1"": 0.005730027029111131, ""FCC_L12#1"": 0.0006901573490794403, ""HCP_A3#3"": 0.002249622823876819, ""ZRO2_MONO#1"": 0.0007040772220889635}"
0.85,0.06,0.005,0.08,0.005,True,False,0.85,0.005,"{""BCC_B2#1"": 0.9907569211093806, ""C15_LAVES#1"": 0.005590107537386629, ""FCC_L12#1"": 0.0006906415185720528, ""HCP_A3#3"": 0.0022583905577427603, ""ZRO2_MONO#1"": 0.0007039392769181221}"
0.85,0.06,0.01,0.075,0.005,True,False,0.85,0.005,"{""BCC_B2#1"": 0.9909005365746318, ""C15_LAVES#1"": 0.005437109246658734, ""FCC_L12#1"": 0.0006911361869055389, ""HCP_A3#3"": 0.0022674456237463665, ""ZRO2_MONO#1"": 0.0007037723680575073}"
0.85,0.06,0.015,0.07,0.005,True,False,0.85,0.005,"{""BCC_B2#1"": 0.9910581212126923, ""C15_LAVES#1"": 0.005269878191197718, ""FCC_L12#1"": 0.000691641078237698, ""HCP_A3#3"": 0.0022767924859498014, ""ZRO2_MONO#1"": 0.0007035670319225473}"
0.85,0.06,0.02,0.065,0.005,True,False,0.85,0.005,"{""BCC_B2#1"": 0.9912309381924724, ""C15_LAVES#1"": 0.005087157029270188, ""FCC_L12#1"": 0.000692155899627926, ""HCP_A3#3"": 0.0022864361971720666, ""ZRO2_MONO#1"": 0.0007033126814571182}"
0.85,0.06,0.025,0.06,0.005,True,False,0.85,0.005,"{""BCC_B2#1"": 0.991420368950271, ""C15_LAVES#1"": 0.004887574665258186, ""FCC_L12#1"": 0.0006926803418679441, ""HCP_A3#2"": 0.0022963825192852784, ""ZRO2_MONO#1"": 0.0007029935233175879}"
0.85,0.06,0.03,0.055,0.005,True,False,0.85,0.005,"{""BCC_B2#1"": 0.9933942922234541, ""C15_LAVES#1"": 0.0019858297167879325, ""FCC_L12#1"": 0.0006910214101920359, ""HCP_A3#2"": 0.002300779243302745, ""HCP_A3#3"": 0.0016280774062632738}"
0.85,0.06,0.035,0.05,0.005,True,False,0.85,0.005,"{""BCC_B2#1"": 0.9936255387069889, ""C15_LAVES#1"": 0.0017389791805387843, ""FCC_L12#1"": 0.0006915519153239419, ""HCP_A3#2"": 0.0023109515229425524, ""HCP_A3#3"": 0.0016329786742058626}"
0.85,0.06,0.04,0.045,0.005,True,False,0.85,0.005,"{""BCC_B2#1"": 0.9938782362858049, ""C15_LAVES#1"": 0.0014704423010243736, ""FCC_L12#1"": 0.0006920908173968249, ""HCP_A3#2"": 0.0023213774796376385, ""HCP_A3#3"": 0.0016378531161363322}"
0.85,0.06,0.045,0.04,0.005,True,False,0.85,0.005,"{""BCC_B2#1"": 0.9941542879918172, ""C15_LAVES#1"": 0.0011783762255450966, ""FCC_L12#1"": 0.0006926377892085688, ""HCP_A3#2"": 0.0023320555734424823, ""HCP_A3#3"": 0.0016426424199868582}"
0.85,0.06,0.05,0.035,0.005,True,False,0.85,0.005,"{""BCC_B2#1"": 0.9944557673052262, ""C15_LAVES#1"": 0.0008607868067147875, ""FCC_L12#1"": 0.0006931925059790553, ""HCP_A3#2"": 0.002342984055696017, ""HCP_A3#3"": 0.0016472693263841608}"
0.85,0.06,0.055,0.03,0.005,True,False,0.85,0.005,"{""BCC_B2#1"": 0.9947849318685953, ""C15_LAVES#1"": 0.0005155207937397488, ""FCC_L12#1"": 0.0006937546514524429, ""HCP_A3#2"": 0.0023541609473787316, ""HCP_A3#3"": 0.0016516317388338777}"
0.85,0.06,0.06,0.025,0.005,True,False,0.85,0.005,"{""BCC_B2#1"": 0.9951442372372631, ""C15_LAVES#1"": 0.0001402598104472547, ""FCC_L12#1"": 0.0006943239263027092, ""HCP_A3#2"": 0.002365584012322718, ""HCP_A3#3"": 0.0016555950136640924}"
0.85,0.06,0.065,0.02,0.005,True,True,0.85,0.005,"{""BCC_B2#1"": 0.9952890506443217, ""FCC_L12#1"": 0.0006941953501746521, ""HCP_A3#2"": 0.0023663873021893362, ""HCP_A3#3"": 0.00165036670331452}"
0.85,0.06,0.07,0.015,0.005,True,True,0.85,0.005,"{""BCC_B2#1"": 0.9953065665805337, ""FCC_L12#1"": 0.0006936926099077352, ""HCP_A3#2"": 0.002361521039194641, ""HCP_A3#3"": 0.00163821977036378}"
0.85,0.06,0.075,0.01,0.005,True,True,0.85,0.005,"{""BCC_B2#1"": 0.9953274102479482, ""FCC_L12#1"": 0.0006932089516672199, ""HCP_A3#2"": 0.002357011946094687, ""HCP_A3#3"": 0.0016223688542897686}"
0.85,0.06,0.08,0.005,0.005,True,True,0.85,0.005,"{""BCC_B2#1"": 0.9953420853625135, ""FCC_L12#1"": 0.0006939446502599598, ""HCP_A3#1"": 0.001425071934465118, ""HCP_A3#2"": 0.00017106330532460617, ""HCP_A3#3"": 0.0023678347474369254}"
0.85,0.06,0.085,0.0,0.005,True,True,0.85,0.005,"{""BCC_B2#1"": 0.9953575323751409, ""FCC_L12#1"": 0.0006950876635637614, ""HCP_A3#1"": 0.0023836845328655785, ""HCP_A3#2"": 0.0004134925539419147, ""HCP_A3#3"": 0.0011502028744878085}"
0.85,0.065,0.0,0.08,0.005,True,False,0.85,0.005,"{""BCC_B2#1"": 0.9905371254536653, ""C15_LAVES#1"": 0.0058328376826301005, ""FCC_L12#1"": 0.0006891839324055758, ""HCP_A3#2"": 0.002236671013369801, ""ZRO2_MONO#1"": 0.0007041819179291097}"
0.85,0.065,0.005,0.075,0.005,True,False,0.85,0.005,"{""BCC_B2#1"": 0.990664356254173, ""C15_LAVES#1"": 0.005696517752502913, ""FCC_L12#1"": 0.0006896710213286575, ""HCP_A3#2"": 0.002245407303900557, ""ZRO2_MONO#1"": 0.0007040476680948847}"
0.85,0.065,0.01,0.07,0.005,True,False,0.85,0.005,"{""BCC_B2#1"": 0.9908044435004633, ""C15_LAVES#1"": 0.005547078867122163, ""FCC_L12#1"": 0.0006901689363740201, ""HCP_A3#2"": 0.002254426171425254, ""ZRO2_MONO#1"": 0.0007038825246152023}"
0.85,0.065,0.015,0.065,0.005,True,False,0.85,0.005,"{""BCC_B2#1"": 0.9909585604052688, ""C15_LAVES#1"": 0.00538335458930491, ""FCC_L12#1"": 0.000690677393422651, ""HCP_A3#2"": 0.002263731157473194, ""ZRO2_MONO#1"": 0.0007036764545303186}"
0.85,0.065,0.02,0.06,0.005,True,False,0.85,0.005,"{""BCC_B2#1"": 0.9911279873545832, ""C15_LAVES#1"": 0.00520407367676297, ""FCC_L12#1"": 0.0006911960925699681, ""HCP_A3#2"": 0.002273326301765075, ""ZRO2_MONO#1"": 0.0007034165743189679}"
0.85,0.065,0.025,0.055,0.005,True,False,0.85,0.005,"{""BCC_B2#1"": 0.9913141257235374, ""C15_LAVES#1"": 0.005007849618644299, ""FCC_L12#1"": 0.0006917247182489671, ""HCP_A3#2"": 0.0022832162462909744, ""ZRO2_MONO#1"": 0.0007030836932781355}"
0.85,0.065,0.03,0.05,0.005,True,False,0.85,0.005,"{""BCC_B2#1"": 0.9915185073268332, ""C15_LAVES#1"": 0.004793169415354978, ""FCC_L12#1"": 0.0006922629350409321, ""HCP_A3#2"": 0.0022934063361277584, ""ZRO2_MONO#1"": 0.0007026539866428855}"
0.85,0.065,0.035,0.045,0.005,True,False,0.85,0.005,"{""BCC_B2#1"": 0.9921509068162639, ""C15_LAVES#1"": 0.003937975714524943, ""FCC_L12#1"": 0.0006923110003482727, ""HCP_A3#2"": 0.002302641103790479, ""HCP_A3#3"": 0.00037665771394753875, ""ZRO2_MONO#1"": 0.000539507651124861}"
0.85,0.065,0.04,0.04,0.005,True,False,0.85,0.005,"{""BCC_B2#1"": 0.9937501294672058, ""C15_LAVES#1"": 0.0016211172572410545, ""FCC_L12#1"": 0.0006912097329217987, ""HCP_A3#2"": 0.002309055376695274, ""HCP_A3#3"": 0.0016284881659361383}"
0.85,0.065,0.045,0.035,0.005,True,False,0.85,0.005,"{""BCC_B2#1"": 0.994023259645593, ""C15_LAVES#1"": 0.0013323444049846789, ""FCC_L12#1"": 0.0006917626718246369, ""HCP_A3#2"": 0.0023197301218515036, ""HCP_A3#3"": 0.0016329031557460471}"
0.85,0.065,0.05,0.03,0.005,True,False,0.85,0.005,"{""BCC_B2#1"": 0.994321983956872, ""C15_LAVES#1"": 0.0010179838259336041, ""FCC_L12#1"": 0.0006923237400532108, ""HCP_A3#2"": 0.0023306526149849552, ""HCP_A3#3"": 0.0016370558621560023}"
0.85,0.065,0.055,0.025,0.005,True,False,0.85,0.005,"{""BCC_B2#1"": 0.9946485756715293, ""C15_LAVES#1"": 0.0006758973617995475, ""FCC_L12#1"": 0.0006928926493471948, ""HCP_A3#2"": 0.0023418206051077865, ""HCP_A3#3"": 0.0016408137122160835}"
0.85,0.065,0.06,0.02,0.005,True,False,0.85,0.005,"{""BCC_B2#1"": 0.9950055034605391, ""C15_LAVES#1"": 0.00030379348389396506, ""FCC_L12#1"": 0.0006934691387200107, ""HCP_A3#2"": 0.0023532315952266335, ""HCP_A3#3"": 0.0016440023216199818}"
0.85,0.065,0.065,0.015,0.005,True,True,0.85,0.005,"{""BCC_B2#1"": 0.9953022619752155, ""FCC_L12#1"": 0.000693788995666114, ""HCP_A3#2"": 0.002360871771050071, ""HCP_A3#3"": 0.0016430772580686092}"
0.85,0.065,0.07,0.01,0.005,True,True,0.85,0.005,"{""BCC_B2#1"": 0.9953211822764412, ""FCC_L12#1"": 0.0006932923854291757, ""HCP_A3#2"": 0.0023562033072367984, ""HCP_A3#3"": 0.0016293220308930875}"
0.85,0.065,0.075,0.005,0.005,True,True,0.85,0.005,"{""BCC_B2#1"": 0.9953412536565908, ""FCC_L12#1"": 0.000693150327867167, ""HCP_A3#1"": 0.0015629758828440928, ""HCP_A3#2"": 4.655268263109193e-05, ""HCP_A3#3"": 0.002356067450066647}"
0.85,0.065,0.08,0.0,0.005,True,True,0.85,0.005,"{""BCC_B2#1"": 0.9953542090662423, ""FCC_L12#1"": 0.0006943421586795712, ""HCP_A3#1"": 0.0012900213028910477, ""HCP_A3#2"": 0.00028887510270138094, ""HCP_A3#3"": 0.002372552369485875}"
0.85,0.07,0.0,0.075,0.005,True,False,0.85,0.005,"{""BCC_B2#1"": 0.9904653364483939, ""C15_LAVES#1"": 0.005916560477211243, ""FCC_L12#1"": 0.0006883321657031568, ""HCP_A3#3"": 0.0022255190079627615, ""ZRO2_MONO#1"": 0.000704251900728922}"
0.85,0.07,0.005,0.07,0.005,True,False,0.85,0.005,"{""BCC_B2#1"": 0.9905897736432814, ""C15_LAVES#1"": 0.005783039607091732, ""FCC_L12#1"": 0.0006888218443658045, ""HCP_A3#3"": 0.0022342473292408654, ""ZRO2_MONO#1"": 0.0007041175760200606}"
0.85,0.07,0.01,0.065,0.005,True,False,0.85,0.005,"{""BCC_B2#1"": 0.990727169736583, ""C15_LAVES#1"": 0.005636303536155091, ""FCC_L12#1"": 0.0006893226549757129, ""HCP_A3#3"": 0.0022432548787237197, ""ZRO2_MONO#1"": 0.0007039491935626602}"
0.85,0.07,0.015,0.06,0.005,True,False,0.85,0.005,"{""BCC_B2#1"": 0.9908787161338011, ""C15_LAVES#1"": 0.0054751695648025765, ""FCC_L12#1"": 0.0006898343016019237, ""HCP_A3#3"": 0.0022525444064328834, ""ZRO2_MONO#1"": 0.0007037355933613823}"
0.85,0.07,0.02,0.055,0.005,True,False,0.85,0.005,"{""BCC_B2#1"": 0.9910457142789045, ""C15_LAVES#1"": 0.005298348719963709, ""FCC_L12#1"": 0.0006903564737263586, ""HCP_A3#2"": 0.002262119093696977, ""ZRO2_MONO#1"": 0.0007034614337080543}"
0.85,0.07,0.025,0.05,0.005,True,False,0.85,0.005,"{""BCC_B2#1"": 0.9912295883323222, ""C15_LAVES#1"": 0.005104434971006218, ""FCC_L12#1"": 0.0006908888450171934, ""HCP_A3#3"": 0.0022719826426714253, ""ZRO2_MONO#1"": 0.0007031052089824135}"
0.85,0.07,0.03,0.045,0.005,True,False,0.85,0.005,"{""BCC_B2#1"": 0.9914318971539009, ""C15_LAVES#1"": 0.004891893810688292, ""FCC_L12#1"": 0.0006914310702869494, ""HCP_A3#2"": 0.0022821393677031326, ""ZRO2_MONO#1"": 0.0007026385974204212}"
0.85,0.07,0.035,0.04,0.005,True,False,0.85,0.005,"{""BCC_B2#1"": 0.9916543522733491, ""C15_LAVES#1"": 0.004659050415779663, ""FCC_L12#1"": 0.0006919827851508087, ""HCP_A3#2"": 0.0022925943039816747, ""ZRO2_MONO#1"": 0.0007020202217388674}"
0.85,0.07,0.04,0.035,0.005,True,False,0.85,0.005,"{""BCC_B2#1"": 0.9918988327248183, ""C15_LAVES#1"": 0.00440407751757185, ""FCC_L12#1"": 0.000692543601795373, ""HCP_A3#2"": 0.0023033533119876885, ""ZRO2_MONO#1"": 0.000701192843826218}"
0.85,0.07,0.045,0.03,0.005,True,False,0.85,0.005,"{""BCC_B2#1"": 0.9939198021397928, ""C15_LAVES#1"": 0.0014558867388769334, ""FCC_L12#1"": 0.0006909980124652224, ""HCP_A3#2"": 0.0023092255641278393, ""HCP_A3#3"": 0.0016240875447373218}"
0.85,0.07,0.05,0.025,0.005,True,False,0.85,0.005,"{""BCC_B2#1"": 0.9942170790032037, ""C15_LAVES#1"": 0.0011435141970213892, ""FCC_L12#1"": 0.0006915648738272802, ""HCP_A3#2"": 0.002320158816444852, ""HCP_A3#3"": 0.001627683109502853}"
0.85,0.07,0.055,0.02,0.005,True,False,0.85,0.005,"{""BCC_B2#1"": 0.9945424735356828, ""C15_LAVES#1"": 0.0008033272001329072, ""FCC_L12#1"": 0.0006921399732393478, ""HCP_A3#2"": 0.0023313347509528143, ""HCP_A3#3"": 0.001630724539991925}"
0.85,0.07,0.06,0.015,0.005,True,False,0.85,0.005,"{""BCC_B2#1"": 0.9948984656643672, ""C15_LAVES#1"": 0.0004330716399607473, ""FCC_L12#1"": 0.0006927230950679465, ""HCP_A3#2"": 0.002342750572732623, ""HCP_A3#3"": 0.0016329890278714528}"
0.85,0.07,0.065,0.01,0.005,True,False,0.85,0.005,"{""BCC_B2#1"": 0.9952877353267955, ""C15_LAVES#1"": 3.0362905225622744e-05, ""FCC_L12#1"": 0.0006933140816763813, ""HCP_A3#2"": 0.002354403214134338, ""HCP_A3#3"": 0.001634184472168403}"
0.85,0.07,0.07,0.005,0.005,True,True,0.85,0.005,"{""BCC_B2#1"": 0.9953364596886923, ""FCC_L12#1"": 0.0006929047457320721, ""HCP_A3#2"": 0.0023511429600581554, ""HCP_A3#3"": 0.0016194926055175488}"
0.85,0.07,0.075,0.0,0.005,True,True,0.85,0.005,"{""BCC_B2#1"": 0.9953520720403629, ""FCC_L12#1"": 0.0006935456259720316, ""HCP_A3#1"": 0.0014349414453676747, ""HCP_A3#2"": 0.00015864589243457387, ""HCP_A3#3"": 0.002360794995862859}"
0.85,0.075,0.0,0.07,0.005,True,False,0.85,0.005,"{""BCC_B2#1"": 0.9904079032495138, ""C15_LAVES#1"": 0.005984337944704262, ""FCC_L12#1"": 0.0006875859833164589, ""HCP_A3#3"": 0.0022158763407170677, ""ZRO2_MONO#1"": 0.0007042964817481264}"
0.85,0.075,0.005,0.065,0.005,True,False,0.85,0.005,"{""BCC_B2#1"": 0.9905302203163201, ""C15_LAVES#1"": 0.005852928257954499, ""FCC_L12#1"": 0.0006880779976870304, ""HCP_A3#3"": 0.00222461542203882, ""ZRO2_MONO#1"": 0.0007041580059993461}"
0.85,0.075,0.01,0.06,0.005,True,False,0.85,0.005,"{""BCC_B2#1"": 0.990665647716313, ""C15_LAVES#1"": 0.005708157435523929, ""FCC_L12#1"": 0.0006885814326161501, ""HCP_A3#3"": 0.0022336314407301505, ""ZRO2_MONO#1"": 0.0007039819748168442}"
0.85,0.075,0.015,0.055,0.005,True,False,0.85,0.005,"{""BCC_B2#1"": 0.9908153996720469, ""C15_LAVES#1"": 0.005548823024199421, ""FCC_L12#1"": 0.0006890959773323638, ""HCP_A3#3"": 0.0022429264424295484, ""ZRO2_MONO#1"": 0.0007037548839920415}"
0.85,0.075,0.02,0.05,0.005,True,False,0.85,0.005,"{""BCC_B2#1"": 0.9909808022576019, ""C15_LAVES#1"": 0.0053736147388124276, ""FCC_L12#1"": 0.0006896213070809956, ""HCP_A3#2"": 0.0022525028520880594, ""ZRO2_MONO#1"": 0.0007034588444165544}"
0.85,0.075,0.025,0.045,0.005,True,False,0.85,0.005,"{""BCC_B2#1"": 0.9911633063039056, ""C15_LAVES#1"": 0.005181103273882601, ""FCC_L12#1"": 0.0006901570813656966, ""HCP_A3#3"": 0.002262363554070969, ""ZRO2_MONO#1"": 0.0007030697867750214}"
0.85,0.075,0.03,0.04,0.005,True,False,0.85,0.005,"{""BCC_B2#1"": 0.991364503606071, ""C15_LAVES#1"": 0.004969728721061995, ""FCC_L12#1"": 0.0006907029431419861, ""HCP_A3#2"": 0.0022725119806775622, ""ZRO2_MONO#1"": 0.000702552749047208}"
0.85,0.075,0.035,0.035,0.005,True,False,0.85,0.005,"{""BCC_B2#1"": 0.9915861396157217, ""C15_LAVES#1"": 0.004737788755506301, ""FCC_L12#1"": 0.0006912585140310825, ""HCP_A3#2"": 0.002282952192888224, ""ZRO2_MONO#1"": 0.0007018609218526054}"
0.85,0.075,0.04,0.03,0.005,True,False,0.85,0.005,"{""BCC_B2#1"": 0.9918301338969744, ""C15_LAVES#1"": 0.004483426612620678, ""FCC_L12#1"": 0.0006918233929841125, ""HCP_A3#2"": 0.002293688976605285, ""ZRO2_MONO#1"": 0.0007009271208152799}"
0.85,0.075,0.045,0.025,0.005,True,False,0.85,0.005,"{""BCC_B2#1"": 0.9920985972393576, ""C15_LAVES#1"": 0.0042046198959387006, ""FCC_L12#1"": 0.0006923971507180386, ""HCP_A3#2"": 0.0023047279283385843, ""ZRO2_MONO#1"": 0.0006996577856467833}"
0.85,0.075,0.05,0.02,0.005,True,False,0.85,0.005,"{""BCC_B2#1"": 0.9941366095149154, ""C15_LAVES#1"": 0.0012423830066355232, ""FCC_L12#1"": 0.0006909020322235914, ""HCP_A3#2"": 0.0023112213945238394, ""HCP_A3#3"": 0.0016188840517014217}"
0.85,0.075,0.055,0.015,0.005,True,False,0.85,0.005,"{""BCC_B2#1"": 0.9944619920910097, ""C15_LAVES#1"": 0.0009030302770410049, ""FCC_L12#1"": 0.0006914829014697701, ""HCP_A3#2"": 0.002322419766052555, ""HCP_A3#3"": 0.001621074964427013}"
0.85,0.075,0.06,0.01,0.005,True,False,0.85,0.005,"{""BCC_B2#1"": 0.9948182859876772, ""C15_LAVES#1"": 0.0005335492665634925, ""FCC_L12#1"": 0.0006920722381977679, ""HCP_A3#2"": 0.0023338549540191105, ""HCP_A3#3"": 0.0016222375535420355}"
0.85,0.075,0.065,0.005,0.005,True,False,0.85,0.005,"{""BCC_B2#1"": 0.995208169516608, ""C15_LAVES#1"": 0.00013163330494134223, ""FCC_L12#1"": 0.0006926699578211973, ""HCP_A3#2"": 0.0023455235564089, ""HCP_A3#3"": 0.001622003664220562}"
0.85,0.075,0.07,0.0,0.005,True,True,0.85,0.005,"{""BCC_B2#1"": 0.9953512018715581, ""FCC_L12#1"": 0.0006926919519584983, ""HCP_A3#1"": 0.001585034366132147, ""HCP_A3#2"": 0.0023483414939348473, ""HCP_A3#3"": 2.273031641663652e-05}"
0.85,0.08,0.0,0.065,0.005,True,False,0.85,0.005,"{""BCC_B2#1"": 0.9903626089166842, ""C15_LAVES#1"": 0.006038624249168332, ""FCC_L12#1"": 0.0006869319382661257, ""HCP_A3#2"": 0.0022075139338637436, ""ZRO2_MONO#1"": 0.000704320962017701}"
0.85,0.08,0.005,0.06,0.005,True,False,0.85,0.005,"{""BCC_B2#1"": 0.9904833950745185, ""C15_LAVES#1"": 0.005908725491205215, ""FCC_L12#1"": 0.0006874260999036704, ""HCP_A3#2"": 0.002216279146883522, ""ZRO2_MONO#1"": 0.000704174187488977}"
0.85,0.08,0.01,0.055,0.005,True,False,0.85,0.005,"{""BCC_B2#1"": 0.9906174879788806, ""C15_LAVES#1"": 0.005765274829117997, ""FCC_L12#1"": 0.0006879319569374188, ""HCP_A3#2"": 0.002225319833146167, ""ZRO2_MONO#1"": 0.000703985401917896}"
0.85,0.08,0.015,0.05,0.005,True,False,0.85,0.005,"{""BCC_B2#1"": 0.9907661274553535, ""C15_LAVES#1"": 0.005607046939019246, ""FCC_L12#1"": 0.0006884491797850903, ""HCP_A3#2"": 0.002234637388040691, ""ZRO2_MONO#1"": 0.0007037390378013199}"
0.85,0.08,0.02,0.045,0.005,True,False,0.85,0.005,"{""BCC_B2#1"": 0.9909306675816365, ""C15_LAVES#1"": 0.005432706955397134, ""FCC_L12#1"": 0.0006889774259863531, ""HCP_A3#2"": 0.002244233548156486, ""ZRO2_MONO#1"": 0.000703414488823125}"
0.85,0.08,0.025,0.04,0.005,True,False,0.85,0.005,"{""BCC_B2#1"": 0.9911125921722311, ""C15_LAVES#1"": 0.005240798764889673, ""FCC_L12#1"": 0.0006895163393887933, ""HCP_A3#2"": 0.0022541104682961698, ""ZRO2_MONO#1"": 0.0007029822551942474}"
0.85,0.08,0.03,0.035,0.005,True,False,0.85,0.005,"{""BCC_B2#1"": 0.9913135276869841, ""C15_LAVES#1"": 0.005029733578774182, ""FCC_L12#1"": 0.000690065546444204, ""HCP_A3#2"": 0.0022642707925711416, ""ZRO2_MONO#1"": 0.000702402395226453}"
0.85,0.08,0.035,0.03,0.005,True,False,0.85,0.005,"{""BCC_B2#1"": 0.9915352612180528, ""C15_LAVES#1"": 0.0047977778950912455, ""FCC_L12#1"": 0.0006906246540127822, ""HCP_A3#2"": 0.002274717732105152, ""ZRO2_MONO#1"": 0.0007016185007379406}"
0.85,0.08,0.04,0.025,0.005,True,False,0.85,0.005,"{""BCC_B2#1"": 0.9917797560782253, ""C15_LAVES#1"": 0.004543041972547377, ""FCC_L12#1"": 0.0006911932437063511, ""HCP_A3#2"": 0.002285455132300414, ""ZRO2_MONO#1"": 0.0007005535732205343}"
0.85,0.08,0.045,0.02,0.005,True,False,0.85,0.005,"{""BCC_B2#1"": 0.9920491762217533, ""C15_LAVES#1"": 0.004263468952964107, ""FCC_L12#1"": 0.0006917708699466689, ""HCP_A3#2"": 0.002296487549961605, ""ZRO2_MONO#1"": 0.0006990964053741803}"
0.85,0.08,0.05,0.015,0.005,True,False,0.85,0.005,"{""BCC_B2#1"": 0.9923459004786825, ""C15_LAVES#1"": 0.003956826326983645, ""FCC_L12#1"": 0.000692357048514768, ""HCP_A3#2"": 0.0023078202929366644, ""ZRO2_MONO#1"": 0.000697095852882219}"
0.85,0.08,0.055,0.01,0.005,True,False,0.85,0.005,"{""BCC_B2#1"": 0.9944034717832682, ""C15_LAVES#1"": 0.0009791636395171729, ""FCC_L12#1"": 0.0006909099257459036, ""HCP_A3#2"": 0.002314849064483926, ""HCP_A3#3"": 0.0016116055869847107}"
0.85,0.08,0.06,0.005,0.005,True,False,0.85,0.005,"{""BCC_B2#1"": 0.9947611349873321, ""C15_LAVES#1"": 0.0006095863501814129, ""FCC_L12#1"": 0.0006915051985117576, ""HCP_A3#2"": 0.002326316288405323, ""HCP_A3#3"": 0.0016114571755691547}"
0.85,0.08,0.065,0.0,0.005,True,False,0.85,0.005,"{""BCC_B2#1"": 0.9951527303930129, ""C15_LAVES#1"": 0.00020762742433239206, ""FCC_L12#1"": 0.0006921093989486477, ""HCP_A3#2"": 0.0023380134997663935, ""HCP_A3#3"": 0.0016095192839398645}"
0.85,0.085,0.0,0.06,0.005,True,False,0.85,0.005,"{""BCC_B2#1"": 0.9903277053309463, ""C15_LAVES#1"": 0.0060813601139442855, ""FCC_L12#1"": 0.0006863586980560871, ""HCP_A3#2"": 0.0022002482589778966, ""ZRO2_MONO#1"": 0.0007043275980756312}"
0.85,0.085,0.005,0.055,0.005,True,False,0.85,0.005,"{""BCC_B2#1"": 0.9904474814800845, ""C15_LAVES#1"": 0.005952441068761318, ""FCC_L12#1"": 0.0006868548738942822, ""HCP_A3#2"": 0.002209052525312792, ""ZRO2_MONO#1"": 0.0007041700519470632}"
0.85,0.085,0.01,0.05,0.005,True,False,0.85,0.005,"{""BCC_B2#1"": 0.9905808024351798, ""C15_LAVES#1"": 0.005809738380092101, ""FCC_L12#1"": 0.000687363008075369, ""HCP_A3#2"": 0.0022181314669760203, ""ZRO2_MONO#1"": 0.0007039647096765785}"
0.85,0.085,0.015,0.045,0.005,True,False,0.85,0.005,"{""BCC_B2#1"": 0.9907289369256145, ""C15_LAVES#1"": 0.005652001022068726, ""FCC_L12#1"": 0.0006878827488931997, ""HCP_A3#2"": 0.0022274858646969316, ""ZRO2_MONO#1"": 0.000703693438726675}"
0.85,0.085,0.02,0.04,0.005,True,False,0.85,0.005,"{""BCC_B2#1"": 0.9908932722301375, ""C15_LAVES#1"": 0.0054778663169955145, ""FCC_L12#1"": 0.0006884137341425641, ""HCP_A3#2"": 0.002237116815481887, ""ZRO2_MONO#1"": 0.0007033309032426244}"
0.85,0.085,0.025,0.035,0.005,True,False,0.85,0.005,"{""BCC_B2#1"": 0.9910753250541747, ""C15_LAVES#1"": 0.00528584839758919, ""FCC_L12#1"": 0.00068895558655859, ""HCP_A3#2"": 0.002247025793028081, ""ZRO2_MONO#1"": 0.0007028451686492711}"
0.85,0.085,0.03,0.03,0.005,True,False,0.85,0.005,"{""BCC_B2#1"": 0.9912767636903367, ""C15_LAVES#1"": 0.005074326197444083, ""FCC_L12#1"": 0.0006895079153373505, ""HCP_A3#2"": 0.0022572147280262413, ""ZRO2_MONO#1"": 0.0007021874688555836}"
0.85,0.085,0.035,0.025,0.005,True,False,0.85,0.005,"{""BCC_B2#1"": 0.9914994185120617, ""C15_LAVES#1"": 0.004841531961372765, ""FCC_L12#1"": 0.0006900703079776349, ""HCP_A3#2"": 0.00226768605693035, ""ZRO2_MONO#1"": 0.0007012931616577614}"
0.85,0.085,0.04,0.02,0.005,True,False,0.85,0.005,"{""BCC_B2#1"": 0.9917453058748825, ""C15_LAVES#1"": 0.004585539677012558, ""FCC_L12#1"": 0.0006906423289178523, ""HCP_A3#2"": 0.002278442789113242, ""ZRO2_MONO#1"": 0.00070006933007382}"
0.85,0.085,0.045,0.015,0.005,True,False,0.85,0.005,"{""BCC_B2#1"": 0.9920166444305143, ""C15_LAVES#1"": 0.004304255502961991, ""FCC_L12#1"": 0.0006912235108246924, ""HCP_A3#2"": 0.0022894885437252056, ""ZRO2_MONO#1"": 0.0006983880119737565}"
0.85,0.085,0.05,0.01,0.005,True,False,0.85,0.005,"{""BCC_B2#1"": 0.9923158805849684, ""C15_LAVES#1"": 0.003995410208914479, ""FCC_L12#1"": 0.000691813348978074, ""HCP_A3#2"": 0.002300827582818071, ""ZRO2_MONO#1"": 0.000696068274320875}"
0.85,0.085,0.055,0.005,0.005,True,False,0.85,0.005,"{""BCC_B2#1"": 0.9926457066094366, ""C15_LAVES#1"": 0.0036565565724464683, ""FCC_L12#1"": 0.0006924112874115266, ""HCP_A3#2"": 0.002312464794322581, ""ZRO2_MONO#1"": 0.0006928607363827819}"
0.85,0.085,0.06,0.0,0.005,True,False,0.85,0.005,"{""BCC_B2#1"": 0.994527290978841, ""C15_LAVES#1"": 0.0008717142958404555, ""FCC_L12#1"": 0.0006911356087982175, ""HCP_A3#1"": 0.0014996557109192262, ""HCP_A3#2"": 0.0023202498172523573, ""HCP_A3#3"": 8.995358834878385e-05}"
0.85,0.09,0.0,0.055,0.005,True,False,0.85,0.005,"{""BCC_B2#1"": 0.9903017958572854, ""C15_LAVES#1"": 0.006114097577757982, ""FCC_L12#1"": 0.0006858566495724671, ""HCP_A3#2"": 0.0021939302667188785, ""ZRO2_MONO#1"": 0.0007043196486652096}"
0.85,0.09,0.005,0.05,0.005,True,False,0.85,0.005,"{""BCC_B2#1"": 0.9904210314374037, ""C15_LAVES#1"": 0.005985681960064221, ""FCC_L12#1"": 0.0006863547561271262, ""HCP_A3#2"": 0.0022027846861599255, ""ZRO2_MONO#1"": 0.0007041471602449789}"
0.85,0.09,0.01,0.045,0.005,True,False,0.85,0.005,"{""BCC_B2#1"": 0.9905540879861139, ""C15_LAVES#1"": 0.005843213197856543, ""FCC_L12#1"": 0.0006868650723526814, ""HCP_A3#2"": 0.0022119135335319346, ""ZRO2_MONO#1"": 0.0007039202101450527}"
0.85,0.09,0.015,0.04,0.005,True,False,0.85,0.005,"{""BCC_B2#1"": 0.9907022669868281, ""C15_LAVES#1"": 0.005685411685417139, ""FCC_L12#1"": 0.0006873872216428737, ""HCP_A3#2"": 0.0022213169969411924, ""ZRO2_MONO#1"": 0.0007036171091706158}"
0.85,0.09,0.02,0.035,0.005,True,False,0.85,0.005,"{""BCC_B2#1"": 0.990866990058058, ""C15_LAVES#1"": 0.005510884207987504, ""FCC_L12#1"": 0.0006879208176498061, ""HCP_A3#2"": 0.002230995558334627, ""ZRO2_MONO#1"": 0.0007032093579703978}"
0.85,0.09,0.025,0.03,0.005,True,False,0.85,0.005,"{""BCC_B2#1"": 0.991049814161986, ""C15_LAVES#1"": 0.005318112116634126, ""FCC_L12#1"": 0.0006884654617943744, ""HCP_A3#2"": 0.0022409500560553876, ""ZRO2_MONO#1"": 0.0007026582035298506}"
0.85,0.09,0.03,0.025,0.005,True,False,0.85,0.005,"{""BCC_B2#1"": 0.9912524505572649, ""C15_LAVES#1"": 0.005105439262812492, ""FCC_L12#1"": 0.0006890207415239748, ""HCP_A3#2"": 0.0022511817479765033, ""ZRO2_MONO#1"": 0.0007019076904225343}"
0.85,0.09,0.035,0.02,0.005,True,False,0.85,0.005,"{""BCC_B2#1"": 0.9914767806668907, ""C15_LAVES#1"": 0.004871060579664194, ""FCC_L12#1"": 0.0006895862246374285, ""HCP_A3#2"": 0.0022616923587108493, ""ZRO2_MONO#1"": 0.0007008801700969938}"
0.85,0.09,0.04,0.015,0.005,True,False,0.85,0.005,"{""BCC_B2#1"": 0.9917248755028446, ""C15_LAVES#1"": 0.004613011325710127, ""FCC_L12#1"": 0.0006901614536360033, ""HCP_A3#2"": 0.0022724841198447213, ""ZRO2_MONO#1"": 0.0006994675979641326}"
0.85,0.09,0.045,0.01,0.005,True,False,0.85,0.005,"{""BCC_B2#1"": 0.991999016695522, ""C15_LAVES#1"": 0.0043291583280911546, ""FCC_L12#1"": 0.0006907459385370676, ""HCP_A3#2"": 0.0022835597934070598, ""ZRO2_MONO#1"": 0.0006975192444427119}"
0.85,0.09,0.05,0.005,0.005,True,False,0.85,0.005,"{""BCC_B2#1"": 0.9923017187478735, ""C15_LAVES#1"": 0.004017194603344944, ""FCC_L12#1"": 0.000691339147375562, ""HCP_A3#2"": 0.002294922667576386, ""ZRO2_MONO#1"": 0.0006948248338294934}"
0.85,0.09,0.055,0.0,0.005,True,False,0.85,0.005,"{""BCC_B2#1"": 0.9926357568745318, ""C15_LAVES#1"": 0.0036746392494605906, ""FCC_L12#1"": 0.0006919404966045351, ""HCP_A3#2"": 0.0023065765188797333, ""ZRO2_MONO#1"": 0.000691086860523314}"
0.85,0.095,0.0,0.05,0.005,True,False,0.85,0.005,"{""BCC_B2#1"": 0.9902837571730605, ""C15_LAVES#1"": 0.006138090661657806, ""FCC_L12#1"": 0.0006854175936565826, ""HCP_A3#2"": 0.00218843747468157, ""ZRO2_MONO#1"": 0.0007042970969434475}"
0.85,0.095,0.005,0.045,0.005,True,False,0.85,0.005,"{""BCC_B2#1"": 0.9904028776141086, ""C15_LAVES#1"": 0.006009746457615152, ""FCC_L12#1"": 0.0006859175877705459, ""HCP_A3#2"": 0.00219735175575047, ""ZRO2_MONO#1"": 0.0007041065847551356}"
0.85,0.095,0.01,0.04,0.005,True,True,0.85,0.005,{}
0.85,0.095,0.015,0.035,0.005,True,False,0.85,0.005,"{""BCC_B2#1"": 0.9906848573733619, ""C15_LAVES#1"": 0.0057086734200203545, ""FCC_L12#1"": 0.0006869545213357137, ""HCP_A3#2"": 0.002216003873056936, ""ZRO2_MONO#1"": 0.0007035108122252363}"
0.85,0.095,0.02,0.03,0.005,True,False,0.85,0.005,"{""BCC_B2#1"": 0.9908505123757887, ""C15_LAVES#1"": 0.005533207387822528, ""FCC_L12#1"": 0.0006874906425443651, ""HCP_A3#2"": 0.002225741197305098, ""ZRO2_MONO#1"": 0.0007030483965389102}"
0.85,0.095,0.025,0.025,0.005,True,False,0.85,0.005,"{""BCC_B2#1"": 0.9910346985547539, ""C15_LAVES#1"": 0.005339092004226769, ""FCC_L12#1"": 0.0006880379735819249, ""HCP_A3#2"": 0.0022357528881457997, ""ZRO2_MONO#1"": 0.0007024185792913781}"
0.85,0.095,0.03,0.02,0.005,True,False,0.85,0.005,"{""BCC_B2#1"": 0.9912391738189895, ""C15_LAVES#1"": 0.005124633431419691, ""FCC_L12#1"": 0.0006885960776059283, ""HCP_A3#2"": 0.0022460395610791753, ""ZRO2_MONO#1"": 0.0007015571109055792}"
0.85,0.095,0.035,0.015,0.005,True,False,0.85,0.005,"{""BCC_B2#1"": 0.9914658747090708, ""C15_LAVES#1"": 0.004887986793735606, ""FCC_L12#1"": 0.0006891645001376038, ""HCP_A3#2"": 0.0022566022654921113, ""ZRO2_MONO#1"": 0.0007003717315637569}"
0.85,0.095,0.04,0.01,0.005,True,False,0.85,0.005,"{""BCC_B2#1"": 0.9917169313746065, ""C15_LAVES#1"": 0.004627146470782505, ""FCC_L12#1"": 0.0006897427590010823, ""HCP_A3#2"": 0.0022674424975297623, ""ZRO2_MONO#1"": 0.0006987368980800011}"
0.85,0.095,0.045,0.005,0.005,True,False,0.85,0.005,"{""BCC_B2#1"": 0.9919946939757821, ""C15_LAVES#1"": 0.004339938465936744, ""FCC_L12#1"": 0.000690330338976249, ""HCP_A3#2"": 0.0022785622107397924, ""ZRO2_MONO#1"": 0.0006964750085650062}"
0.85,0.095,0.05,0.0,0.005,True,False,0.85,0.005,"{""BCC_B2#1"": 0.9923017543055578, ""C15_LAVES#1"": 0.004024017378285437, ""FCC_L12#1"": 0.000690926679835214, ""HCP_A3#2"": 0.002289963777989162, ""ZRO2_MONO#1"": 0.000693337858332673}"
0.85,0.1,0.0,0.045,0.005,True,False,0.85,0.005,"{""BCC_B2#1"": 0.9902726750256657, ""C15_LAVES#1"": 0.0061543620836669016, ""FCC_L12#1"": 0.0006850344981634085, ""HCP_A3#2"": 0.0021836681656792, ""ZRO2_MONO#1"": 0.0007042602268248536}"
0.85,0.1,0.005,0.04,0.005,True,False,0.85,0.005,"{""BCC_B2#1"": 0.9903920718233712, ""C15_LAVES#1"": 0.0060256932869854314, ""FCC_L12#1"": 0.0006855363718533753, ""HCP_A3#2"": 0.002192650946336837, ""ZRO2_MONO#1"": 0.0007040475714531315}"
0.85,0.1,0.01,0.035,0.005,True,False,0.85,0.005,"{""BCC_B2#1"": 0.9905259505948445, ""C15_LAVES#1"": 0.0058823283739601615, ""FCC_L12#1"": 0.0006860509242992837, ""HCP_A3#2"": 0.0022019090071761487, ""ZRO2_MONO#1"": 0.0007037610997196916}"
0.85,0.1,0.015,0.03,0.005,True,False,0.85,0.005,"{""BCC_B2#1"": 0.9906756839969743, ""C15_LAVES#1"": 0.005722923099139957, ""FCC_L12#1"": 0.0006865777181587149, ""HCP_A3#2"": 0.0022114413666009035, ""ZRO2_MONO#1"": 0.0007033738191264115}"
0.85,0.1,0.02,0.025,0.005,True,False,0.85,0.005,"{""BCC_B2#1"": 0.990842775322143, ""C15_LAVES#1"": 0.005546015182355065, ""FCC_L12#1"": 0.0006871163130800187, ""HCP_A3#2"": 0.0022212473258330172, ""ZRO2_MONO#1"": 0.000702845856588791}"
0.85,0.1,0.025,0.02,0.005,True,False,0.85,0.005,"{""BCC_B2#1"": 0.9910288719932584, ""C15_LAVES#1"": 0.0053500124713144375, ""FCC_L12#1"": 0.0006876662600116051, ""HCP_A3#2"": 0.0022313265128527044, ""ZRO2_MONO#1"": 0.0007021227625628891}"
0.85,0.1,0.03,0.015,0.005,True,False,0.85,0.005,"{""BCC_B2#1"": 0.9912357835112484, ""C15_LAVES#1"": 0.005133180991734537, ""FCC_L12#1"": 0.0006882270962988874, ""HCP_A3#2"": 0.002241678921858621, ""ZRO2_MONO#1"": 0.0007011294788596118}"
0.85,0.1,0.035,0.01,0.005,True,False,0.85,0.005,"{""BCC_B2#1"": 0.9914655039013995, ""C15_LAVES#1"": 0.0048936340374409965, ""FCC_L12#1"": 0.0006887983416442538, ""HCP_A3#2"": 0.0022523049460648446, ""ZRO2_MONO#1"": 0.0006997587734500455}"
0.85,0.1,0.04,0.005,0.005,True,False,0.85,0.005,"{""BCC_B2#1"": 0.9917202298103613, ""C15_LAVES#1"": 0.00462932330909021, ""FCC_L12#1"": 0.0006893794884669985, ""HCP_A3#2"": 0.002263205377808319, ""ZRO2_MONO#1"": 0.0006978620142728489}"
0.85,0.1,0.045,0.0,0.005,True,False,0.85,0.005,"{""BCC_B2#1"": 0.9920023827627815, ""C15_LAVES#1"": 0.004338033203316184, ""FCC_L12#1"": 0.0006899699918658987, ""HCP_A3#2"": 0.0022743813843283086, ""ZRO2_MONO#1"": 0.0006952326577080991}"
0.85,0.105,0.0,0.04,0.005,True,False,0.85,0.005,"{""BCC_B2#1"": 0.9902677987775835, ""C15_LAVES#1"": 0.006163753154703116, ""FCC_L12#1"": 0.000684701302414591, ""HCP_A3#2"": 0.0021795370731775257, ""ZRO2_MONO#1"": 0.0007042096921210638}"
0.85,0.105,0.005,0.035,0.005,True,False,0.85,0.005,"{""BCC_B2#1"": 0.9903878358624251, ""C15_LAVES#1"": 0.006034393178763764, ""FCC_L12#1"": 0.0006852050769227362, ""HCP_A3#2"": 0.0021885961554307825, ""ZRO2_MONO#1"": 0.0007039697264576009}"
0.85,0.105,0.01,0.03,0.005,True,False,0.85,0.005,"{""BCC_B2#1"": 0.990522734291385, ""C15_LAVES#1"": 0.005889967386517388, ""FCC_L12#1"": 0.0006857217450337443, ""HCP_A3#2"": 0.002197931506099769, ""ZRO2_MONO#1"": 0.0007036450709641516}"
0.85,0.105,0.015,0.025,0.005,True,False,0.85,0.005,"{""BCC_B2#1"": 0.9906739093296731, ""C15_LAVES#1"": 0.0057290954958599425, ""FCC_L12#1"": 0.0006862508369078485, ""HCP_A3#2"": 0.002207541560831122, ""ZRO2_MONO#1"": 0.0007032027767278949}"
0.85,0.105,0.02,0.02,0.005,True,False,0.85,0.005,"{""BCC_B2#1"": 0.9908429085488727, ""C15_LAVES#1"": 0.0055502772521501195, ""FCC_L12#1"": 0.0006867918808901575, ""HCP_A3#2"": 0.002217425033113822, ""ZRO2_MONO#1"": 0.0007025972849730693}"
0.85,0.105,0.025,0.015,0.005,True,False,0.85,0.005,"{""BCC_B2#1"": 0.991031429486114, ""C15_LAVES#1"": 0.005351880216934158, ""FCC_L12#1"": 0.0006873443991867702, ""HCP_A3#2"": 0.0022275809575454542, ""ZRO2_MONO#1"": 0.0007017649402194971}"
0.85,0.105,0.03,0.01,0.005,True,False,0.85,0.005,"{""BCC_B2#1"": 0.9912413384677616, ""C15_LAVES#1"": 0.005132128154615767, ""FCC_L12#1"": 0.0006879079022115941, ""HCP_A3#2"": 0.002238008719472365, ""ZRO2_MONO#1"": 0.000700616755938787}"
0.85,0.105,0.035,0.005,0.005,True,False,0.85,0.005,"{""BCC_B2#1"": 0.9914746912954449, ""C15_LAVES#1"": 0.004889090761854409, ""FCC_L12#1"": 0.0006884818816865753, ""HCP_A3#2"": 0.0022487080677975105, ""ZRO2_MONO#1"": 0.0006990279932164576}"
0.85,0.105,0.04,0.0,0.005,True,False,0.85,0.005,"{""BCC_B2#1"": 0.9917337531734334, ""C15_LAVES#1"": 0.004620676091631114, ""FCC_L12#1"": 0.0006890658004355957, ""HCP_A3#2"": 0.002259679097947143, ""ZRO2_MONO#1"": 0.0006968258365525066}"
0.85,0.11,0.0,0.035,0.005,True,False,0.85,0.005,"{""BCC_B2#1"": 0.9902685100625944, ""C15_LAVES#1"": 0.006166961297793762, ""FCC_L12#1"": 0.0006844127615098265, ""HCP_A3#2"": 0.0021759721239545007, ""ZRO2_MONO#1"": 0.0007041437541474836}"
0.85,0.11,0.005,0.03,0.005,True,False,0.85,0.005,"{""BCC_B2#1"": 0.9903895272150869, ""C15_LAVES#1"": 0.006036567974607313, ""FCC_L12#1"": 0.0006849184809326282, ""HCP_A3#2"": 0.0021851146491074, ""ZRO2_MONO#1"": 0.0007038716802659242}"
0.85,0.11,0.01,0.025,0.005,True,False,0.85,0.005,"{""BCC_B2#1"": 0.9905258176697264, ""C15_LAVES#1"": 0.005890708831342302, ""FCC_L12#1"": 0.0006854372953904289, ""HCP_A3#2"": 0.002194534759819664, ""ZRO2_MONO#1"": 0.0007035014437210062}"
0.85,0.11,0.015,0.02,0.005,True,False,0.85,0.005,"{""BCC_B2#1"": 0.9906788413145541, ""C15_LAVES#1"": 0.005727965387189025, ""FCC_L12#1"": 0.0006859686997504472, ""HCP_A3#2"": 0.002204230297576296, ""ZRO2_MONO#1"": 0.000702994300930369}"
0.85,0.11,0.02,0.015,0.005,True,False,0.85,0.005,"{""BCC_B2#1"": 0.9908501932503568, ""C15_LAVES#1"": 0.005546797213609989, ""FCC_L12#1"": 0.0006865121890963712, ""HCP_A3#2"": 0.002214199383582, ""ZRO2_MONO#1"": 0.0007022979633548284}"
0.85,0.11,0.025,0.01,0.005,True,False,0.85,0.005,"{""BCC_B2#1"": 0.9910416259944584, ""C15_LAVES#1"": 0.005345529534001603, ""FCC_L12#1"": 0.0006870672559732962, ""HCP_A3#2"": 0.00222444046132434, ""ZRO2_MONO#1"": 0.0007013367542423221}"
0.85,0.11,0.03,0.005,0.005,True,False,0.85,0.005,"{""BCC_B2#1"": 0.9912550642947163, ""C15_LAVES#1"": 0.005122342192819342, ""FCC_L12#1"": 0.0006876333804483941, ""HCP_A3#2"": 0.0022349523043265155, ""ZRO2_MONO#1"": 0.0007000078276892743}"
0.85,0.11,0.035,0.0,0.005,True,False,0.85,0.005,"{""BCC_B2#1"": 0.9914926313074601, ""C15_LAVES#1"": 0.004875259923929965, ""FCC_L12#1"": 0.0006882100250507136, ""HCP_A3#2"": 0.0022457340224952215, ""ZRO2_MONO#1"": 0.0006981647210641794}"
0.85,0.115,0.0,0.03,0.005,True,False,0.85,0.005,"{""BCC_B2#1"": 0.9902742936412547, ""C15_LAVES#1"": 0.006164568943974528, ""FCC_L12#1"": 0.0006841643163165771, ""HCP_A3#2"": 0.002172911929586302, ""ZRO2_MONO#1"": 0.0007040611688678654}"
0.85,0.115,0.005,0.025,0.005,True,False,0.85,0.005,"{""BCC_B2#1"": 0.990396611541706, ""C15_LAVES#1"": 0.006032820381651976, ""FCC_L12#1"": 0.0006846720434995065, ""HCP_A3#2"": 0.0021821445188053954, ""ZRO2_MONO#1"": 0.0007037515143367114}"
0.85,0.115,0.01,0.02,0.005,True,False,0.85,0.005,"{""BCC_B2#1"": 0.9905346461579645, ""C15_LAVES#1"": 0.005885176843162093, ""FCC_L12#1"": 0.00068519305241129, ""HCP_A3#2"": 0.0021916563137882087, ""ZRO2_MONO#1"": 0.0007033276326737166}"
0.85,0.115,0.015,0.015,0.005,True,False,0.85,0.005,"{""BCC_B2#1"": 0.9906899040085696, ""C15_LAVES#1"": 0.005720179590347276, ""FCC_L12#1"": 0.000685726800073709, ""HCP_A3#2"": 0.002201444545896412, ""ZRO2_MONO#1"": 0.0007027450551130956}"
0.85,0.115,0.02,0.01,0.005,True,False,0.85,0.005,"{""BCC_B2#1"": 0.990864032938009, ""C15_LAVES#1"": 0.005536245970223339, ""FCC_L12#1"": 0.0006862727479335325, ""HCP_A3#2"": 0.0022115067389169587, ""ZRO2_MONO#1"": 0.0007019416049170909}"
0.85,0.115,0.025,0.005,0.005,True,False,0.85,0.005,"{""BCC_B2#1"": 0.9910588413565354, ""C15_LAVES#1"": 0.005331657201368916, ""FCC_L12#1"": 0.0006868303554537849, ""HCP_A3#2"": 0.00222184073351563, ""ZRO2_MONO#1"": 0.0007008303531264613}"
0.85,0.115,0.03,0.0,0.005,True,False,0.85,0.005,"{""BCC_B2#1"": 0.9912763189422668, ""C15_LAVES#1"": 0.005104547640507352, ""FCC_L12#1"": 0.0006873990723185107, ""HCP_A3#2"": 0.002232444692074316, ""ZRO2_MONO#1"": 0.000699289652833059}"
0.85,0.12,0.0,0.025,0.005,True,False,0.85,0.005,"{""BCC_B2#1"": 0.9902847175491541, ""C15_LAVES#1"": 0.006157065660935512, ""FCC_L12#1"": 0.0006839519889033243, ""HCP_A3#2"": 0.0021703038448016637, ""ZRO2_MONO#1"": 0.0007039609562050409}"
0.85,0.12,0.005,0.02,0.005,True,False,0.85,0.005,"{""BCC_B2#1"": 0.9904086417254598, ""C15_LAVES#1"": 0.006023657027491377, ""FCC_L12#1"": 0.0006844618016836786, ""HCP_A3#2"": 0.0021796327102988513, ""ZRO2_MONO#1"": 0.0007036067350662206}"
0.85,0.12,0.01,0.015,0.005,True,False,0.85,0.005,"{""BCC_B2#1"": 0.9905487559125403, ""C15_LAVES#1"": 0.005873896009071043, ""FCC_L12#1"": 0.0006849850663179076, ""HCP_A3#2"": 0.0021892426840495792, ""ZRO2_MONO#1"": 0.0007031203280210306}"
0.85,0.12,0.015,0.01,0.005,True,False,0.85,0.005,"{""BCC_B2#1"": 0.9907066179023402, ""C15_LAVES#1"": 0.00570628172266919, ""FCC_L12#1"": 0.0006855212015205024, ""HCP_A3#2"": 0.002199130373242639, ""ZRO2_MONO#1"": 0.0007024488002275242}"
0.85,0.12,0.02,0.005,0.005,True,False,0.85,0.005,"{""BCC_B2#1"": 0.9908839295522397, ""C15_LAVES#1"": 0.005519187529396084, ""FCC_L12#1"": 0.0006860696322488155, ""HCP_A3#2"": 0.0022092926863544696, ""ZRO2_MONO#1"": 0.0007015205997609749}"
0.85,0.12,0.025,0.0,0.005,True,False,0.85,0.005,"{""BCC_B2#1"": 0.9910825603514583, ""C15_LAVES#1"": 0.005310849090990128, ""FCC_L12#1"": 0.0006866297844605814, ""HCP_A3#2"": 0.0022197268536189095, ""ZRO2_MONO#1"": 0.0007002339194720246}"
0.85,0.125,0.0,0.02,0.005,True,False,0.85,0.005,"{""BCC_B2#1"": 0.9902994190422663, ""C15_LAVES#1"": 0.006144865555987363, ""FCC_L12#1"": 0.0006837722974598948, ""HCP_A3#2"": 0.0021681024474453905, ""ZRO2_MONO#1"": 0.000703840656841045}"
0.85,0.125,0.005,0.015,0.005,True,False,0.85,0.005,"{""BCC_B2#1"": 0.9904252415682483, ""C15_LAVES#1"": 0.00600950634343003, ""FCC_L12#1"": 0.000684284284186771, ""HCP_A3#2"": 0.0021775334783176318, ""ZRO2_MONO#1"": 0.0007034343258169086}"
0.85,0.125,0.01,0.01,0.005,True,False,0.85,0.005,"{""BCC_B2#1"": 0.9905677578618146, ""C15_LAVES#1"": 0.005857310042581444, ""FCC_L12#1"": 0.0006848098760016772, ""HCP_A3#2"": 0.0021872477914967312, ""ZRO2_MONO#1"": 0.0007028744281052856}"
0.85,0.125,0.015,0.005,0.005,True,False,0.85,0.005,"{""BCC_B2#1"": 0.9907285790093047, ""C15_LAVES#1"": 0.005686731669833883, ""FCC_L12#1"": 0.0006853484511446582, ""HCP_A3#2"": 0.002197241346031839, ""ZRO2_MONO#1"": 0.000702099523684684}"
0.85,0.125,0.02,0.0,0.005,True,False,0.85,0.005,"{""BCC_B2#1"": 0.9909094651210032, ""C15_LAVES#1"": 0.005496099163251644, ""FCC_L12#1"": 0.000685899397497389, ""HCP_A3#2"": 0.002207510420048414, ""ZRO2_MONO#1"": 0.0007010258981994439}"
0.85,0.13,0.0,0.015,0.005,True,False,0.85,0.005,"{""BCC_B2#1"": 0.990318090630393, ""C15_LAVES#1"": 0.0061283208153171025, ""FCC_L12#1"": 0.0006836221837244339, ""HCP_A3#2"": 0.002166268327333738, ""ZRO2_MONO#1"": 0.0007036980432316235}"
0.85,0.13,0.005,0.01,0.005,True,False,0.85,0.005,"{""BCC_B2#1"": 0.9904460929982788, ""C15_LAVES#1"": 0.0059907328261489135, ""FCC_L12#1"": 0.0006841364404751751, ""HCP_A3#2"": 0.0021758071634714058, ""ZRO2_MONO#1"": 0.0007032305716255927}"
0.85,0.13,0.01,0.005,0.005,True,False,0.85,0.005,"{""BCC_B2#1"": 0.9905913230931542, ""C15_LAVES#1"": 0.005835796363293064, ""FCC_L12#1"": 0.0006846644375958839, ""HCP_A3#2"": 0.0021856317182763836, ""ZRO2_MONO#1"": 0.0007025843876804373}"
0.85,0.13,0.015,0.0,0.005,True,False,0.85,0.005,"{""BCC_B2#1"": 0.9907554466800274, ""C15_LAVES#1"": 0.005661920859960502, ""FCC_L12#1"": 0.0006852055105963433, ""HCP_A3#2"": 0.0021957372745650488, ""ZRO2_MONO#1"": 0.0007016896748506285}"
0.85,0.135,0.0,0.01,0.005,True,False,0.85,0.005,"{""BCC_B2#1"": 0.9903404723127414, ""C15_LAVES#1"": 0.006107732519700991, ""FCC_L12#1"": 0.0006834989548555267, ""HCP_A3#2"": 0.0021647671254933555, ""ZRO2_MONO#1"": 0.0007035290872089391}"
0.85,0.135,0.005,0.005,0.005,True,False,0.85,0.005,"{""BCC_B2#1"": 0.9904709259561785, ""C15_LAVES#1"": 0.005967648160903325, ""FCC_L12#1"": 0.0006840155816861729, ""HCP_A3#2"": 0.002174419214724368, ""ZRO2_MONO#1"": 0.0007029910865074053}"
0.85,0.135,0.01,0.0,0.005,True,False,0.85,0.005,"{""BCC_B2#1"": 0.9906191703708823, ""C15_LAVES#1"": 0.005809677971455934, ""FCC_L12#1"": 0.0006845460646481462, ""HCP_A3#2"": 0.0021843597136784847, ""ZRO2_MONO#1"": 0.0007022458793350653}"
0.85,0.14,0.0,0.005,0.005,True,False,0.85,0.005,"{""BCC_B2#1"": 0.9903663402061048, ""C15_LAVES#1"": 0.006083359328002218, ""FCC_L12#1"": 0.0006834002312537548, ""HCP_A3#2"": 0.002163568748774402, ""ZRO2_MONO#1"": 0.0007033314858648705}"
0.85,0.14,0.005,0.0,0.005,True,True,0.85,0.005,{}
0.85,0.145,0.0,0.0,0.005,True,False,0.85,0.005,"{""BCC_B2#1"": 0.9903955049492709, ""C15_LAVES#1"": 0.006055424389682062, ""FCC_L12#1"": 0.0006833239079348306, ""HCP_A3#2"": 0.002162646748599444, ""ZRO2_MONO#1"": 0.0007031000045130872}"
0.8,0.0,0.0,0.195,0.005,True,True,0.8,0.005,"{""BCC_B2#1"": 0.9948863122085875, ""FCC_L12#1"": 0.0007077070358538666, ""HCP_A3#2"": 0.002577559850534041, ""HCP_A3#3"": 0.0018284209050247482}"
0.8,0.0,0.005,0.19,0.005,True,True,0.8,0.005,"{""BCC_B2#1"": 0.9948976549446659, ""FCC_L12#1"": 0.0007073528136983494, ""HCP_A3#2"": 0.0018232942983018054, ""HCP_A3#3"": 0.002571697943333993}"
0.8,0.0,0.01,0.185,0.005,True,True,0.8,0.005,"{""BCC_B2#1"": 0.9949090867097781, ""FCC_L12#1"": 0.0007069907350889826, ""HCP_A3#2"": 0.0018181249325333446, ""HCP_A3#3"": 0.0025657976225996384}"
0.8,0.0,0.015,0.18,0.005,True,True,0.8,0.005,"{""BCC_B2#1"": 0.9949206021256413, ""FCC_L12#1"": 0.0007066208307178439, ""HCP_A3#2"": 0.001812915627055987, ""HCP_A3#3"": 0.0025598614165850057}"
0.8,0.0,0.02,0.175,0.005,True,True,0.8,0.005,"{""BCC_B2#1"": 0.9949321957025615, ""FCC_L12#1"": 0.0007062431395020406, ""HCP_A3#2"": 0.0018076692402415038, ""HCP_A3#3"": 0.002553891917694583}"
0.8,0.0,0.025,0.17,0.005,True,True,0.8,0.005,"{""BCC_B2#1"": 0.9949438618506479, ""FCC_L12#1"": 0.0007058577086258749, ""HCP_A3#2"": 0.0018023886594781189, ""HCP_A3#3"": 0.0025478917812482987}"
0.8,0.0,0.03,0.165,0.005,True,True,0.8,0.005,"{""BCC_B2#1"": 0.9949555948942511, ""FCC_L12#1"": 0.0007054645935462903, ""HCP_A3#2"": 0.0025418637239871685, ""HCP_A3#3"": 0.001797076788215477}"
0.8,0.0,0.035,0.16,0.005,True,True,0.8,0.005,"{""BCC_B2#1"": 0.9949673890908048, ""FCC_L12#1"": 0.0007050638579678736, ""HCP_A3#2"": 0.0025358105225116714, ""HCP_A3#3"": 0.0017917365287154513}"
0.8,0.0,0.04,0.155,0.005,True,True,0.8,0.005,"{""BCC_B2#1"": 0.9949792386558722, ""FCC_L12#1"": 0.0007046555737966377, ""HCP_A3#2"": 0.001786370758399759, ""HCP_A3#3"": 0.00252973501193141}"
0.8,0.0,0.045,0.15,0.005,True,True,0.8,0.005,"{""BCC_B2#1"": 0.9949911377972466, ""FCC_L12#1"": 0.0007042398210895294, ""HCP_A3#2"": 0.0025236400851342657, ""HCP_A3#3"": 0.0017809822965298594}"
0.8,0.0,0.05,0.145,0.005,True,True,0.8,0.005,"{""BCC_B2#1"": 0.995003080762527, ""FCC_L12#1"": 0.0007038166880287554, ""HCP_A3#2"": 0.0025175286932701216, ""HCP_A3#3"": 0.0017755738561741955}"
0.8,0.0,0.055,0.14,0.005,True,True,0.8,0.005,"{""BCC_B2#1"": 0.9950150619070395, ""FCC_L12#1"": 0.0007033862709659372, ""HCP_A3#2"": 0.002511403848323062, ""HCP_A3#3"": 0.0017701479736716725}"
0.8,0.0,0.06,0.135,0.005,True,True,0.8,0.005,"{""BCC_B2#1"": 0.9950270757927727, ""FCC_L12#1"": 0.0007029486746107352, ""HCP_A3#2"": 0.0025052686290528625, ""HCP_A3#3"": 0.0017647069035635916}"
0.8,0.0,0.065,0.13,0.005,True,True,0.8,0.005,"{""BCC_B2#1"": 0.9950391173348972, ""FCC_L12#1"": 0.0007025040124790232, ""HCP_A3#2"": 0.0024991261921961812, ""HCP_A3#3"": 0.0017592524604273696}"
0.8,0.0,0.07,0.125,0.005,True,True,0.8,0.005,"{""BCC_B2#1"": 0.9950511820215503, ""FCC_L12#1"": 0.0007020524077825615, ""HCP_A3#2"": 0.0024929797917164548, ""HCP_A3#3"": 0.0017537857789507428}"
0.8,0.0,0.075,0.12,0.005,True,True,0.8,0.005,"{""BCC_B2#1"": 0.9950632662470155, ""FCC_L12#1"": 0.0007015939950422278, ""HCP_A3#2"": 0.0024868328099110614, ""HCP_A3#3"": 0.0017483069480309183}"
0.8,0.0,0.08,0.115,0.005,True,True,0.8,0.005,"{""BCC_B2#1"": 0.9950753678210168, ""FCC_L12#1"": 0.00070112892287094, ""HCP_A3#2"": 0.0017428144506861098, ""HCP_A3#3"": 0.002480688805426102}"
0.8,0.0,0.085,0.11,0.005,True,True,0.8,0.005,"{""BCC_B2#1"": 0.9950874867448828, ""FCC_L12#1"": 0.0007006573585415522, ""HCP_A3#2"": 0.0024745515929581975, ""HCP_A3#3"": 0.0017373043036172033}"
0.8,0.0,0.09,0.105,0.005,True,True,0.8,0.005,"{""BCC_B2#1"": 0.9950996264099591, ""FCC_L12#1"": 0.0007001794954344506, ""HCP_A3#2"": 0.0024684253601188737, ""HCP_A3#3"": 0.0017317687344873287}"
0.8,0.0,0.095,0.1,0.005,True,True,0.8,0.005,"{""BCC_B2#1"": 0.995111795444485, ""FCC_L12#1"": 0.0006996955648960346, ""HCP_A3#2"": 0.002462314845474861, ""HCP_A3#3"": 0.0017261941451438348}"
0.8,0.0,0.1,0.095,0.005,True,True,0.8,0.005,"{""BCC_B2#1"": 0.995124010564568, ""FCC_L12#1"": 0.0006992058548904139, ""HCP_A3#2"": 0.0024562256068943987, ""HCP_A3#3"": 0.001720557973647344}"
0.8,0.0,0.105,0.09,0.005,True,True,0.8,0.005,"{""BCC_B2#1"": 0.9951363009778106, ""FCC_L12#1"": 0.0006987107390580502, ""HCP_A3#2"": 0.0024501644232206225, ""HCP_A3#3"": 0.0017148238599106237}"
0.8,0.0,0.11,0.085,0.005,True,True,0.8,0.005,"{""BCC_B2#1"": 0.9951487151825021, ""FCC_L12#1"": 0.0006982107216170964, ""HCP_A3#2"": 0.00244413989262665, ""HCP_A3#3"": 0.001708934203254129}"
0.8,0.0,0.115,0.08,0.005,True,True,0.8,0.005,"{""BCC_B2#1"": 0.9951613314504131, ""FCC_L12#1"": 0.0006977065062185143, ""HCP_A3#2"": 0.0024381633194770318, ""HCP_A3#3"": 0.001702798723891292}"
0.8,0.0,0.12,0.075,0.005,True,True,0.8,0.005,"{""BCC_B2#1"": 0.9951742739429862, ""FCC_L12#1"": 0.0006971991006989264, ""HCP_A3#2"": 0.002432250020768612, ""HCP_A3#3"": 0.001696276935546236}"
0.8,0.0,0.125,0.07,0.005,True,True,0.8,0.005,"{""BCC_B2#1"": 0.9951833073969119, ""FCC_L12#1"": 0.0006971294836604962, ""HCP_A3#1"": 5.6831527714246025e-05, ""HCP_A3#2"": 0.001630208169149594, ""HCP_A3#3"": 0.0024325234225637967}"
0.8,0.0,0.13,0.065,0.005,True,True,0.8,0.005,"{""BCC_B2#1"": 0.9951843355654819, ""FCC_L12#1"": 0.0006979217667875413, ""HCP_A3#1"": 0.0002324440050452446, ""HCP_A3#2"": 0.0024447600695388285, ""HCP_A3#3"": 0.0014405385931466818}"
0.8,0.0,0.135,0.06,0.005,True,True,0.8,0.005,"{""BCC_B2#1"": 0.9951861593537704, ""FCC_L12#1"": 0.0006986995691386978, ""HCP_A3#1"": 0.00041750660155212305, ""HCP_A3#2"": 0.002456718083705406, ""HCP_A3#3"": 0.0012409163918331333}"
0.8,0.0,0.14,0.055,0.005,True,True,0.8,0.005,"{""BCC_B2#1"": 0.995188739805129, ""FCC_L12#1"": 0.0006994645995748643, ""HCP_A3#1"": 0.0006127358756921472, ""HCP_A3#2"": 0.0024683973576619484, ""HCP_A3#3"": 0.001030662361941795}"
0.8,0.0,0.145,0.05,0.005,True,True,0.8,0.005,"{""BCC_B2#1"": 0.9951921012696763, ""FCC_L12#1"": 0.0007002184587613515, ""HCP_A3#1"": 0.0008188198588523251, ""HCP_A3#2"": 0.002479795797163343, ""HCP_A3#3"": 0.0008090646155470501}"
0.8,0.0,0.15,0.045,0.005,True,True,0.8,0.005,"{""BCC_B2#1"": 0.995196361928564, ""FCC_L12#1"": 0.0007009626569696119, ""HCP_A3#1"": 0.0010363893548934174, ""HCP_A3#2"": 0.0024909094626066964, ""HCP_A3#3"": 0.0005753765969667221}"
0.8,0.0,0.155,0.04,0.005,True,True,0.8,0.005,"{""BCC_B2#1"": 0.9952017772377522, ""FCC_L12#1"": 0.0007016986311455968, ""HCP_A3#1"": 0.001265976414743341, ""HCP_A3#2"": 0.0025017326922491994, ""HCP_A3#3"": 0.00032881502410942343}"
0.8,0.0,0.16,0.035,0.005,True,True,0.8,0.005,"{""BCC_B2#1"": 0.9952088014719981, ""FCC_L12#1"": 0.0007024277624406838, ""HCP_A3#1"": 0.0015079549253064783, ""HCP_A3#2"": 0.002512258211744602, ""HCP_A3#3"": 6.855762851003948e-05}"
0.8,0.0,0.165,0.03,0.005,True,True,0.8,0.005,"{""BCC_B2#1"": 0.9952212939260846, ""FCC_L12#1"": 0.0007020129784322369, ""HCP_A3#2"": 0.001571337239497152, ""HCP_A3#3"": 0.002505355855986073}"
0.8,0.0,0.17,0.025,0.005,True,True,0.8,0.005,"{""BCC_B2#1"": 0.9952393672861058, ""FCC_L12#1"": 0.000701200394593691, ""HCP_A3#2"": 0.001566407020672738, ""HCP_A3#3"": 0.0024930252986275366}"
0.8,0.0,0.175,0.02,0.005,True,True,0.8,0.005,"{""BCC_B2#1"": 0.9952640822243733, ""FCC_L12#1"": 0.0007003781723500782, ""HCP_A3#2"": 0.002481149889411609, ""HCP_A3#3"": 0.0015543897138650246}"
0.8,0.0,0.18,0.015,0.005,True,True,0.8,0.005,"{""BCC_B2#1"": 0.99529820307474, ""FCC_L12#1"": 0.0006995460032608861, ""HCP_A3#2"": 0.002469665639588359, ""HCP_A3#3"": 0.0015325852824103472}"
0.8,0.0,0.185,0.01,0.005,True,True,0.8,0.005,"{""BCC_B2#1"": 0.9953455653066838, ""FCC_L12#1"": 0.0006987035174405586, ""HCP_A3#2"": 0.0024585198455878417, ""HCP_A3#3"": 0.0014972113302876542}"
0.8,0.0,0.19,0.005,0.005,True,True,0.8,0.005,"{""BCC_B2#1"": 0.9954115130650498, ""FCC_L12#1"": 0.0006978504419031694, ""HCP_A3#2"": 0.0024476675208698153, ""HCP_A3#3"": 0.0014429689721770986}"
0.8,0.0,0.195,0.0,0.005,True,True,0.8,0.005,"{""BCC_B2#1"": 0.995503516540177, ""FCC_L12#1"": 0.0006969868552053267, ""HCP_A3#2"": 0.002437068522958294, ""HCP_A3#3"": 0.001362428081659419}"
0.8,0.005,0.0,0.19,0.005,True,True,0.8,0.005,"{""BCC_B2#1"": 0.9949009898211584, ""FCC_L12#1"": 0.000707323606472307, ""HCP_A3#2"": 0.0025692350285082847, ""HCP_A3#3"": 0.001822451543861204}"
0.8,0.005,0.005,0.185,0.005,True,True,0.8,0.005,"{""BCC_B2#1"": 0.9949124481356251, ""FCC_L12#1"": 0.0007069610173050695, ""HCP_A3#2"": 0.0025633116101588054, ""HCP_A3#3"": 0.001817279236911352}"
0.8,0.005,0.01,0.18,0.005,True,True,0.8,0.005,"{""BCC_B2#1"": 0.9949239887241165, ""FCC_L12#1"": 0.0007065905773548439, ""HCP_A3#2"": 0.0025573535066912515, ""HCP_A3#3"": 0.0018120671918373627}"
0.8,0.005,0.015,0.175,0.005,True,True,0.8,0.005,"{""BCC_B2#1"": 0.9949356059848776, ""FCC_L12#1"": 0.0007062123270479287, ""HCP_A3#2"": 0.002551363389340088, ""HCP_A3#3"": 0.0018068182987346307}"
0.8,0.005,0.02,0.17,0.005,True,True,0.8,0.005,"{""BCC_B2#1"": 0.9949472942152914, ""FCC_L12#1"": 0.000705826315208043, ""HCP_A3#2"": 0.0025453439910117326, ""HCP_A3#3"": 0.001801535478488738}"
0.8,0.005,0.025,0.165,0.005,True,True,0.8,0.005,"{""BCC_B2#1"": 0.9949590476251656, ""FCC_L12#1"": 0.0007054325990665397, ""HCP_A3#2"": 0.0025392981045964575, ""HCP_A3#3"": 0.0017962216711716879}"
0.8,0.005,0.03,0.16,0.005,True,True,0.8,0.005,"{""BCC_B2#1"": 0.9949708603537547, ""FCC_L12#1"": 0.0007050312442386926, ""HCP_A3#2"": 0.0025332285811276007, ""HCP_A3#3"": 0.0017908798208791583}"
0.8,0.005,0.035,0.155,0.005,True,True,0.8,0.005,"{""BCC_B2#1"": 0.9949827264920064, ""FCC_L12#1"": 0.0007046223246739267, ""HCP_A3#2"": 0.00252713832802536, ""HCP_A3#3"": 0.0017855128552942687}"
0.8,0.005,0.04,0.15,0.005,True,True,0.8,0.005,"{""BCC_B2#1"": 0.9949946401123255, ""FCC_L12#1"": 0.0007042059225944881, ""HCP_A3#2"": 0.002521030307765648, ""HCP_A3#3"": 0.0017801236573143522}"
0.8,0.005,0.045,0.145,0.005,True,True,0.8,0.005,"{""BCC_B2#1"": 0.9950065953094647, ""FCC_L12#1"": 0.0007037821284448816, ""HCP_A3#2"": 0.002514907537470933, ""HCP_A3#3"": 0.0017747150246193116}"
0.8,0.005,0.05,0.14,0.005,True,True,0.8,0.005,"{""BCC_B2#1"": 0.9950185862581518, ""FCC_L12#1"": 0.0007033510408897201, ""HCP_A3#2"": 0.002508773090147656, ""HCP_A3#3"": 0.0017692896108106456}"
0.8,0.005,0.055,0.135,0.005,True,True,0.8,0.005,"{""BCC_B2#1"": 0.9950306072961689, ""FCC_L12#1"": 0.0007029127669195691, ""HCP_A3#2"": 0.002502630098632075, ""HCP_A3#3"": 0.0017638498382794177}"
0.8,0.005,0.06,0.13,0.005,True,True,0.8,0.005,"{""BCC_B2#1"": 0.9950426530464318, ""FCC_L12#1"": 0.0007024674221599666, ""HCP_A3#2"": 0.002496481763804379, ""HCP_A3#3"": 0.00175839776760386}"
0.8,0.005,0.065,0.125,0.005,True,True,0.8,0.005,"{""BCC_B2#1"": 0.9950547185990943, ""FCC_L12#1"": 0.0007020151315303529, ""HCP_A3#2"": 0.002490331369372669, ""HCP_A3#3"": 0.001752934900002664}"
0.8,0.005,0.07,0.12,0.005,True,True,0.8,0.005,"{""BCC_B2#1"": 0.9950667997862989, ""FCC_L12#1"": 0.0007015560304837147, ""HCP_A3#2"": 0.0024841823066271192, ""HCP_A3#3"": 0.001747461876590353}"
0.8,0.005,0.075,0.115,0.005,True,True,0.8,0.005,"{""BCC_B2#1"": 0.9950788936014531, ""FCC_L12#1"": 0.0007010902671927031, ""HCP_A3#2"": 0.002478038112762171, ""HCP_A3#3"": 0.0017419780185921993}"
0.8,0.005,0.08,0.11,0.005,True,True,0.8,0.005,"{""BCC_B2#1"": 0.9950909988384296, ""FCC_L12#1"": 0.0007006180062023125, ""HCP_A3#2"": 0.0024719025337634104, ""HCP_A3#3"": 0.0017364806216049221}"
0.8,0.005,0.085,0.105,0.005,True,True,0.8,0.005,"{""BCC_B2#1"": 0.9951031170737877, ""FCC_L12#1"": 0.0007001394343956385, ""HCP_A3#2"": 0.0024657796213333593, ""HCP_A3#3"": 0.0017309638704836002}"
0.8,0.005,0.09,0.1,0.005,True,True,0.8,0.005,"{""BCC_B2#1"": 0.9951152541831748, ""FCC_L12#1"": 0.000699654770589303, ""HCP_A3#2"": 0.0024596738773452103, ""HCP_A3#3"": 0.0017254171688907986}"
0.8,0.005,0.095,0.095,0.005,True,True,0.8,0.005,"{""BCC_B2#1"": 0.9951274226810286, ""FCC_L12#1"": 0.0006991642806831027, ""HCP_A3#2"": 0.002453590473373284, ""HCP_A3#3"": 0.001719822564915125}"
0.8,0.005,0.1,0.09,0.005,True,True,0.8,0.005,"{""BCC_B2#1"": 0.9951396453356646, ""FCC_L12#1"": 0.000698668301345846, ""HCP_A3#2"": 0.0024475355800782227, ""HCP_A3#3"": 0.0017141507829110609}"
0.8,0.005,0.105,0.085,0.005,True,True,0.8,0.005,"{""BCC_B2#1"": 0.9951519607550092, ""FCC_L12#1"": 0.0006981672767250949, ""HCP_A3#2"": 0.0024415168589434293, ""HCP_A3#3"": 0.0017083551093223625}"
0.8,0.005,0.11,0.08,0.005,True,True,0.8,0.005,"{""BCC_B2#1"": 0.9951644320091116, ""FCC_L12#1"": 0.0006976618149085969, ""HCP_A3#2"": 0.002435544192825832, ""HCP_A3#3"": 0.0017023619831537593}"
0.8,0.005,0.115,0.075,0.005,True,True,0.8,0.005,"{""BCC_B2#1"": 0.9951771599119834, ""FCC_L12#1"": 0.000697152774108379, ""HCP_A3#2"": 0.0024296307653248446, ""HCP_A3#3"": 0.0016960565485831386}"
0.8,0.005,0.12,0.07,0.005,True,True,0.8,0.005,"{""BCC_B2#1"": 0.9951903034024545, ""FCC_L12#1"": 0.0006966413931016963, ""HCP_A3#2"": 0.0024237946441399124, ""HCP_A3#3"": 0.0016892605603039523}"
0.8,0.005,0.125,0.065,0.005,True,True,0.8,0.005,"{""BCC_B2#1"": 0.9951914591047086, ""FCC_L12#1"": 0.0006974294325250593, ""HCP_A3#1"": 0.0015031214012400484, ""HCP_A3#2"": 0.00017205166311087418, ""HCP_A3#3"": 0.002435938398415518}"
0.8,0.005,0.13,0.06,0.005,True,True,0.8,0.005,"{""BCC_B2#1"": 0.9951931993267157, ""FCC_L12#1"": 0.000698230186103299, ""HCP_A3#1"": 0.0013032260199847211, ""HCP_A3#2"": 0.0003571552702668274, ""HCP_A3#3"": 0.002448189196929483}"
0.8,0.005,0.135,0.055,0.005,True,True,0.8,0.005,"{""BCC_B2#1"": 0.9951957253938594, ""FCC_L12#1"": 0.0006990171869236374, ""HCP_A3#1"": 0.0010926574071911804, ""HCP_A3#2"": 0.0005524428695089486, ""HCP_A3#3"": 0.0024601571425169515}"
0.8,0.005,0.14,0.05,0.005,True,True,0.8,0.005,"{""BCC_B2#1"": 0.9951990121903549, ""FCC_L12#1"": 0.0006997921972520318, ""HCP_A3#1"": 0.0008706867296157304, ""HCP_A3#2"": 0.0007586670551208238, ""HCP_A3#3"": 0.0024718418276566045}"
0.8,0.005,0.145,0.045,0.005,True,True,0.8,0.005,"{""BCC_B2#1"": 0.9952031087952284, ""FCC_L12#1"": 0.0007005568749660837, ""HCP_A3#1"": 0.00248324083487283, ""HCP_A3#2"": 0.0009765440745505401, ""HCP_A3#3"": 0.0006365494203821438}"
0.8,0.005,0.15,0.04,0.005,True,True,0.8,0.005,"{""BCC_B2#1"": 0.9952081739505005, ""FCC_L12#1"": 0.0007013127924227749, ""HCP_A3#1"": 0.00038944297921696185, ""HCP_A3#2"": 0.0012067203978884601, ""HCP_A3#3"": 0.002494349879971036}"
0.8,0.005,0.155,0.035,0.005,True,True,0.8,0.005,"{""BCC_B2#1"": 0.9952145264819654, ""FCC_L12#1"": 0.0007020614548958792, ""HCP_A3#1"": 0.0014497244912551042, ""HCP_A3#2"": 0.00012852463488455707, ""HCP_A3#3"": 0.0025051629369989598}"
0.8,0.005,0.16,0.03,0.005,True,True,0.8,0.005,"{""BCC_B2#1"": 0.9952244074448033, ""FCC_L12#1"": 0.0007019902929646068, ""HCP_A3#2"": 0.0025034608968009676, ""HCP_A3#3"": 0.0015701413654308821}"
0.8,0.005,0.165,0.025,0.005,True,True,0.8,0.005,"{""BCC_B2#1"": 0.995239343103201, ""FCC_L12#1"": 0.0007011798132007468, ""HCP_A3#2"": 0.0024911324839243386, ""HCP_A3#3"": 0.0015683445996741278}"
0.8,0.005,0.17,0.02,0.005,True,True,0.8,0.005,"{""BCC_B2#1"": 0.9952596814358764, ""FCC_L12#1"": 0.000700360092555928, ""HCP_A3#2"": 0.002479277046851153, ""HCP_A3#3"": 0.0015606814247165872}"
0.8,0.005,0.175,0.015,0.005,True,True,0.8,0.005,"{""BCC_B2#1"": 0.995287711857379, ""FCC_L12#1"": 0.0006995308965623473, ""HCP_A3#2"": 0.0024678272996818684, ""HCP_A3#3"": 0.001544929946376519}"
0.8,0.005,0.18,0.01,0.005,True,True,0.8,0.005,"{""BCC_B2#1"": 0.9953266010347129, ""FCC_L12#1"": 0.0006986918926231545, ""HCP_A3#2"": 0.002456728502624932, ""HCP_A3#3"": 0.001517978570038929}"
0.8,0.005,0.185,0.005,0.005,True,True,0.8,0.005,"{""BCC_B2#1"": 0.9953807501955391, ""FCC_L12#1"": 0.0006978427800509259, ""HCP_A3#2"": 0.0024459346375334794, ""HCP_A3#3"": 0.0014754723868763162}"
0.8,0.005,0.19,0.0,0.005,True,True,0.8,0.005,"{""BCC_B2#1"": 0.9954562989646724, ""FCC_L12#1"": 0.0006969834957639915, ""HCP_A3#2"": 0.0014113121328918148, ""HCP_A3#3"": 0.0024354054066716346}"
0.8,0.01,0.0,0.185,0.005,True,False,0.8,0.005,"{""BCC_B2#1"": 0.9946282920447848, ""C15_LAVES#1"": 0.00033182955197080116, ""FCC_L12#1"": 0.0007057259597505456, ""HCP_A3#2"": 0.0017984896204687574, ""HCP_A3#3"": 0.002535662823025398}"
0.8,0.01,0.005,0.18,0.005,True,False,0.8,0.005,"{""BCC_B2#1"": 0.9948175726773071, ""C15_LAVES#1"": 0.00012607235242078846, ""FCC_L12#1"": 0.0007061184352506289, ""HCP_A3#2"": 0.0018046328671655844, ""HCP_A3#3"": 0.0025456036678557954}"
0.8,0.01,0.01,0.175,0.005,True,True,0.8,0.005,"{""BCC_B2#1"": 0.9949386475004923, ""FCC_L12#1"": 0.0007061915375340209, ""HCP_A3#2"": 0.0018061162713163962, ""HCP_A3#3"": 0.002549044690657134}"
0.8,0.01,0.015,0.17,0.005,True,True,0.8,0.005,"{""BCC_B2#1"": 0.9949503584729014, ""FCC_L12#1"": 0.0007058050578958439, ""HCP_A3#2"": 0.0018008308107971109, ""HCP_A3#3"": 0.002543005658405539}"
0.8,0.01,0.02,0.165,0.005,True,True,0.8,0.005,"{""BCC_B2#1"": 0.9949621331175987, ""FCC_L12#1"": 0.0007054108512479298, ""HCP_A3#2"": 0.0017955145891108255, ""HCP_A3#3"": 0.002536941442042989}"
0.8,0.01,0.025,0.16,0.005,True,True,0.8,0.005,"{""BCC_B2#1"": 0.9949739654609819, ""FCC_L12#1"": 0.000705008984887916, ""HCP_A3#2"": 0.0017901705891671315, ""HCP_A3#3"": 0.002530854964963056}"
0.8,0.01,0.03,0.155,0.005,True,True,0.8,0.005,"{""BCC_B2#1"": 0.9949858494756595, ""FCC_L12#1"": 0.0007045995345822088, ""HCP_A3#2"": 0.001784801784431247, ""HCP_A3#3"": 0.0025247492053267592}"
0.8,0.01,0.035,0.15,0.005,True,True,0.8,0.005,"{""BCC_B2#1"": 0.9949977791066241, ""FCC_L12#1"": 0.0007041825844970705, ""HCP_A3#2"": 0.001779411114622888, ""HCP_A3#3"": 0.002518627194255843}"
0.8,0.01,0.04,0.145,0.005,True,True,0.8,0.005,"{""BCC_B2#1"": 0.9950097483066179, ""FCC_L12#1"": 0.0007037582271295345, ""HCP_A3#2"": 0.0017740014515454702, ""HCP_A3#3"": 0.002512492014707081}"
0.8,0.01,0.045,0.14,0.005,True,True,0.8,0.005,"{""BCC_B2#1"": 0.9950217510852529, ""FCC_L12#1"": 0.0007033265632692572, ""HCP_A3#2"": 0.001768575549847476, ""HCP_A3#3"": 0.002506346801630365}"
0.8,0.01,0.05,0.135,0.005,True,True,0.8,0.005,"{""BCC_B2#1"": 0.9950337815789915, ""FCC_L12#1"": 0.0007028877020390504, ""HCP_A3#2"": 0.001763135974678738, ""HCP_A3#3"": 0.002500194744290583}"
0.8,0.01,0.055,0.13,0.005,True,True,0.8,0.005,"{""BCC_B2#1"": 0.9950458341530435, ""FCC_L12#1"": 0.0007024417610915818, ""HCP_A3#2"": 0.0017576849938219763, ""HCP_A3#3"": 0.002494039092042718}"
0.8,0.01,0.06,0.125,0.005,True,True,0.8,0.005,"{""BCC_B2#1"": 0.9950579035523478, ""FCC_L12#1"": 0.0007019888670826799, ""HCP_A3#2"": 0.0017522244151115642, ""HCP_A3#3"": 0.0024878831654579995}"
0.8,0.01,0.065,0.12,0.005,True,True,0.8,0.005,"{""BCC_B2#1"": 0.9950699851282979, ""FCC_L12#1"": 0.0007015291566083229, ""HCP_A3#2"": 0.0017467553394912622, ""HCP_A3#3"": 0.002481730375602216}"
0.8,0.01,0.07,0.115,0.005,True,True,0.8,0.005,"{""BCC_B2#1"": 0.995082075182928, ""FCC_L12#1"": 0.0007010627778990901, ""HCP_A3#2"": 0.0017412777839413498, ""HCP_A3#3"": 0.002475584255231397}"
0.8,0.01,0.075,0.11,0.005,True,True,0.8,0.005,"{""BCC_B2#1"": 0.9950941714955495, ""FCC_L12#1"": 0.0007005898937270062, ""HCP_A3#2"": 0.0017357901035719402, ""HCP_A3#3"": 0.0024694485071514974}"
0.8,0.01,0.08,0.105,0.005,True,True,0.8,0.005,"{""BCC_B2#1"": 0.995106274126556, ""FCC_L12#1"": 0.0007001106861621715, ""HCP_A3#2"": 0.0017302881028615096, ""HCP_A3#3"": 0.0024633270844204055}"
0.8,0.01,0.085,0.1,0.005,True,True,0.8,0.005,"{""BCC_B2#1"": 0.9951183866599685, ""FCC_L12#1"": 0.0006996253643024228, ""HCP_A3#2"": 0.0017247636679613143, ""HCP_A3#3"": 0.0024572243077674}"
0.8,0.01,0.09,0.095,0.005,True,True,0.8,0.005,"{""BCC_B2#1"": 0.995130518120235, ""FCC_L12#1"": 0.0006991341765431841, ""HCP_A3#2"": 0.0017192026586210175, ""HCP_A3#3"": 0.0024511450446005954}"
0.8,0.01,0.095,0.09,0.005,True,True,0.8,0.005,"{""BCC_B2#1"": 0.9951426859340406, ""FCC_L12#1"": 0.0006986374298321644, ""HCP_A3#2"": 0.0017135816574917167, ""HCP_A3#3"": 0.0024450949786356067}"
0.8,0.01,0.1,0.085,0.005,True,True,0.8,0.005,"{""BCC_B2#1"": 0.9951549205090973, ""FCC_L12#1"": 0.0006981355196080687, ""HCP_A3#2"": 0.0017078629579896512, ""HCP_A3#3"": 0.002439081013305012}"
0.8,0.01,0.105,0.08,0.005,True,True,0.8,0.005,"{""BCC_B2#1"": 0.995167272309201, ""FCC_L12#1"": 0.000697628975981013, ""HCP_A3#2"": 0.0017019868424119856, ""HCP_A3#3"": 0.002433111872405913}"
0.8,0.01,0.11,0.075,0.005,True,True,0.8,0.005,"{""BCC_B2#1"": 0.9951798227695953, ""FCC_L12#1"": 0.0006971185344436107, ""HCP_A3#2"": 0.001695859706103156, ""HCP_A3#3"": 0.0024271989898578313}"
0.8,0.01,0.115,0.07,0.005,True,True,0.8,0.005,"{""BCC_B2#1"": 0.995192701087319, ""FCC_L12#1"": 0.0006966052432940217, ""HCP_A3#2"": 0.0016893358498975464, ""HCP_A3#3"": 0.002421357819489393}"
0.8,0.01,0.12,0.065,0.005,True,True,0.8,0.005,"{""BCC_B2#1"": 0.9951983832887907, ""FCC_L12#1"": 0.0006969156921742095, ""HCP_A3#1"": 0.00010818404118259944, ""HCP_A3#2"": 0.0015696143395436412, ""HCP_A3#3"": 0.0024269026383085543}"
0.8,0.01,0.125,0.06,0.005,True,True,0.8,0.005,"{""BCC_B2#1"": 0.9951999980615216, ""FCC_L12#1"": 0.0006977405065657586, ""HCP_A3#1"": 0.00029319538183865184, ""HCP_A3#2"": 0.0013696073671433185, ""HCP_A3#3"": 0.002439458682930692}"
0.8,0.01,0.13,0.055,0.005,True,True,0.8,0.005,"{""BCC_B2#1"": 0.9952024552395199, ""FCC_L12#1"": 0.0006985504064078691, ""HCP_A3#1"": 0.0004883626131698804, ""HCP_A3#2"": 0.001158905666553091, ""HCP_A3#3"": 0.0024517260743492615}"
0.8,0.01,0.135,0.05,0.005,True,True,0.8,0.005,"{""BCC_B2#1"": 0.9952056884758419, ""FCC_L12#1"": 0.0006993473328844856, ""HCP_A3#1"": 0.0006944939668961153, ""HCP_A3#2"": 0.0009367639328015892, ""HCP_A3#3"": 0.002463706291575911}"
0.8,0.01,0.14,0.045,0.005,True,True,0.8,0.005,"{""BCC_B2#1"": 0.9952096894327577, ""FCC_L12#1"": 0.0007001331058721263, ""HCP_A3#1"": 0.0009123786537679917, ""HCP_A3#2"": 0.0007024001975452382, ""HCP_A3#3"": 0.0024753986100570485}"
0.8,0.01,0.145,0.04,0.005,True,True,0.8,0.005,"{""BCC_B2#1"": 0.995214536593868, ""FCC_L12#1"": 0.0007009094452260658, ""HCP_A3#1"": 0.0011427602317281623, ""HCP_A3#2"": 0.0004549934583651761, ""HCP_A3#3"": 0.0024868002708127745}"
0.8,0.01,0.15,0.035,0.005,True,True,0.8,0.005,"{""BCC_B2#1"": 0.995220436441989, ""FCC_L12#1"": 0.0007016779908298419, ""HCP_A3#1"": 0.0013862977153672642, ""HCP_A3#2"": 0.00019368122640663898, ""HCP_A3#3"": 0.002497906625407128}"
0.8,0.01,0.155,0.03,0.005,True,True,0.8,0.005,"{""BCC_B2#1"": 0.995228447340719, ""FCC_L12#1"": 0.0007019825663604219, ""HCP_A3#2"": 0.0025018588213754057, ""HCP_A3#3"": 0.0015677112715453858}"
0.8,0.01,0.16,0.025,0.005,True,True,0.8,0.005,"{""BCC_B2#1"": 0.9952407923480833, ""FCC_L12#1"": 0.0007011739728864538, ""HCP_A3#2"": 0.0024895152358554882, ""HCP_A3#3"": 0.0015685184431746923}"
0.8,0.01,0.165,0.02,0.005,True,True,0.8,0.005,"{""BCC_B2#1"": 0.9952575075563442, ""FCC_L12#1"": 0.0007003564716730078, ""HCP_A3#2"": 0.0024776649072580487, ""HCP_A3#3"": 0.001564471064724599}"
0.8,0.01,0.17,0.015,0.005,True,True,0.8,0.005,"{""BCC_B2#1"": 0.9952804920441133, ""FCC_L12#1"": 0.0006995299084652789, ""HCP_A3#2"": 0.002466236504131729, ""HCP_A3#3"": 0.001553741543289629}"
0.7999999999999999,0.01,0.175,0.01,0.005,True,True,0.8,0.005,"{""BCC_B2#1"": 0.9953123634051753, ""FCC_L12#1"": 0.0006986940008428316, ""HCP_A3#2"": 0.0024551726778530296, ""HCP_A3#3"": 0.001533769916128607}"
0.8,0.01,0.18,0.005,0.005,True,True,0.8,0.005,"{""BCC_B2#1"": 0.9953567495781755, ""FCC_L12#1"": 0.0006978484466338625, ""HCP_A3#2"": 0.0024444259046507858, ""HCP_A3#3"": 0.0015009760705400636}"
0.8,0.01,0.185,0.0,0.005,True,True,0.8,0.005,"{""BCC_B2#1"": 0.9954186999180287, ""FCC_L12#1"": 0.0006969930907412476, ""HCP_A3#2"": 0.0024339552980727056, ""HCP_A3#3"": 0.001450351693157351}"
0.8,0.015,0.0,0.18,0.005,True,False,0.8,0.005,"{""BCC_B2#1"": 0.993653927630158, ""C15_LAVES#1"": 0.0014732955301311914, ""FCC_L12#1"": 0.0007007259758861838, ""HCP_A3#2"": 0.0024404615991273646, ""HCP_A3#3"": 0.0017315892646973263}"
0.8,0.015,0.005,0.175,0.005,True,False,0.8,0.005,"{""BCC_B2#1"": 0.9938070064922895, ""C15_LAVES#1"": 0.0013058164322391856, ""FCC_L12#1"": 0.0007011200477353467, ""HCP_A3#2"": 0.0024492426823405408, ""HCP_A3#3"": 0.0017368143453956254}"
0.8,0.015,0.01,0.17,0.005,True,False,0.8,0.005,"{""BCC_B2#1"": 0.9939704797636219, ""C15_LAVES#1"": 0.001127533586552072, ""FCC_L12#1"": 0.0007015197180213902, ""HCP_A3#2"": 0.0024582777830488883, ""HCP_A3#3"": 0.001742189148755854}"
0.8,0.015,0.015,0.165,0.005,True,False,0.8,0.005,"{""BCC_B2#1"": 0.9941450933467212, ""C15_LAVES#1"": 0.0009377001349638326, ""FCC_L12#1"": 0.000701924671910963, ""HCP_A3#2"": 0.0024675674866056346, ""HCP_A3#3"": 0.0017477143597983585}"
0.8,0.015,0.02,0.16,0.005,True,False,0.8,0.005,"{""BCC_B2#1"": 0.9943316486749476, ""C15_LAVES#1"": 0.0007355140447887563, ""FCC_L12#1"": 0.0007023345827571662, ""HCP_A3#2"": 0.0024771121688543607, ""HCP_A3#3"": 0.0017533905286520944}"
0.8,0.015,0.025,0.155,0.005,True,False,0.8,0.005,"{""BCC_B2#1"": 0.9945310071000201, ""C15_LAVES#1"": 0.0005201137643642224, ""FCC_L12#1"": 0.0007027491119642875, ""HCP_A3#2"": 0.0024869119731909845, ""HCP_A3#3"": 0.0017592180504603248}"
0.8,0.015,0.03,0.15,0.005,True,False,0.8,0.005,"{""BCC_B2#1"": 0.9947440946511482, ""C15_LAVES#1"": 0.00029057351193022805, ""FCC_L12#1"": 0.0007031679088845847, ""HCP_A3#2"": 0.00249696678529261, ""HCP_A3#3"": 0.0017651971427447343}"
0.8,0.015,0.035,0.145,0.005,True,False,0.8,0.005,"{""BCC_B2#1"": 0.9949719071979137, ""C15_LAVES#1"": 4.589816631821452e-05, ""FCC_L12#1"": 0.0007035906107522047, ""HCP_A3#2"": 0.0025072762052962515, ""HCP_A3#3"": 0.0017713278197194595}"
0.8,0.015,0.04,0.14,0.005,True,True,0.8,0.005,"{""BCC_B2#1"": 0.9950245631876138, ""FCC_L12#1"": 0.0007033127472442744, ""HCP_A3#2"": 0.0025041204577364324, ""HCP_A3#3"": 0.0017680036074057567}"
0.8,0.015,0.045,0.135,0.005,True,True,0.8,0.005,"{""BCC_B2#1"": 0.9950366053567471, ""FCC_L12#1"": 0.0007028733883748334, ""HCP_A3#2"": 0.0024979580748385713, ""HCP_A3#3"": 0.001762563180039462}"
0.8,0.015,0.05,0.13,0.005,True,True,0.8,0.005,"{""BCC_B2#1"": 0.9950486672643817, ""FCC_L12#1"": 0.0007024269369599395, ""HCP_A3#2"": 0.002491793720911621, ""HCP_A3#3"": 0.0017571120777470548}"
0.8,0.015,0.055,0.125,0.005,True,True,0.8,0.005,"{""BCC_B2#1"": 0.9950607433542443, ""FCC_L12#1"": 0.0007019735213776491, ""HCP_A3#2"": 0.002485630759047172, ""HCP_A3#3"": 0.0017516523653308142}"
0.8,0.015,0.06,0.12,0.005,True,True,0.8,0.005,"{""BCC_B2#1"": 0.9950728285645469, ""FCC_L12#1"": 0.0007015132795010481, ""HCP_A3#2"": 0.0024794726290717503, ""HCP_A3#3"": 0.0017461855268800877}"
0.8,0.015,0.065,0.115,0.005,True,True,0.8,0.005,"{""BCC_B2#1"": 0.9950849186107007, ""FCC_L12#1"": 0.0007010463599960872, ""HCP_A3#2"": 0.002473322872399683, ""HCP_A3#3"": 0.0017407121569037794}"
0.8,0.015,0.07,0.11,0.005,True,True,0.8,0.005,"{""BCC_B2#1"": 0.9950970104173692, ""FCC_L12#1"": 0.000700572924602816, ""HCP_A3#2"": 0.002467185170471731, ""HCP_A3#3"": 0.0017352314875563127}"
0.8,0.015,0.075,0.105,0.005,True,True,0.8,0.005,"{""BCC_B2#1"": 0.9951091027777882, ""FCC_L12#1"": 0.0007000931519294131, ""HCP_A3#2"": 0.002461063408161925, ""HCP_A3#3"": 0.0017297406621206222}"
0.8,0.015,0.08,0.1,0.005,True,True,0.8,0.005,"{""BCC_B2#1"": 0.9951211973685565, ""FCC_L12#1"": 0.000699607243634133, ""HCP_A3#2"": 0.0024549617709780855, ""HCP_A3#3"": 0.0017242336168314526}"
0.8,0.015,0.085,0.095,0.005,True,True,0.8,0.005,"{""BCC_B2#1"": 0.9951333003177095, ""FCC_L12#1"": 0.0006991154343342156, ""HCP_A3#2"": 0.0024488848901630866, ""HCP_A3#3"": 0.0017186993577933862}"
0.8,0.015,0.09,0.09,0.005,True,True,0.8,0.005,"{""BCC_B2#1"": 0.9951454246266637, ""FCC_L12#1"": 0.0006986180072154713, ""HCP_A3#2"": 0.0024428380630090647, ""HCP_A3#3"": 0.0017131193031118856}"
0.8,0.015,0.095,0.085,0.005,True,True,0.8,0.005,"{""BCC_B2#1"": 0.9951575939157462, ""FCC_L12#1"": 0.0006981153183852454, ""HCP_A3#2"": 0.0024368275832409056, ""HCP_A3#3"": 0.0017074631826274453}"
0.8,0.015,0.1,0.08,0.005,True,True,0.8,0.005,"{""BCC_B2#1"": 0.9951698482161242, ""FCC_L12#1"": 0.0006976078345512989, ""HCP_A3#2"": 0.0024308612339784957, ""HCP_A3#3"": 0.0017016827153459543}"
0.8,0.015,0.105,0.075,0.005,True,True,0.8,0.005,"{""BCC_B2#1"": 0.9951822529169614, ""FCC_L12#1"": 0.000697096190885052, ""HCP_A3#2"": 0.002424949019693301, ""HCP_A3#3"": 0.0016957018724599196}"
0.8,0.015,0.11,0.07,0.005,True,True,0.8,0.005,"{""BCC_B2#1"": 0.9951949125556842, ""FCC_L12#1"": 0.0006965812792228029, ""HCP_A3#2"": 0.0024191042469453305, ""HCP_A3#3"": 0.0016894019181479018}"
0.8,0.015,0.115,0.065,0.005,True,True,0.8,0.005,"{""BCC_B2#1"": 0.9952051422451824, ""FCC_L12#1"": 0.0006963789967908909, ""HCP_A3#1"": 0.0016399927962323256, ""HCP_A3#2"": 4.085442118582649e-05, ""HCP_A3#3"": 0.002417631540608445}"
0.8,0.015,0.12,0.06,0.005,True,True,0.8,0.005,"{""BCC_B2#1"": 0.9952065723587847, ""FCC_L12#1"": 0.0006972291734896342, ""HCP_A3#1"": 0.0024305071792324767, ""HCP_A3#2"": 0.00022566509213609826, ""HCP_A3#3"": 0.0014400261963568555}"
0.8,0.015,0.125,0.055,0.005,True,True,0.8,0.005,"{""BCC_B2#1"": 0.9952089258688767, ""FCC_L12#1"": 0.0006980630699128872, ""HCP_A3#1"": 0.0012293640682229554, ""HCP_A3#2"": 0.0004205605570009578, ""HCP_A3#3"": 0.002443086435986471}"
0.8,0.015,0.13,0.05,0.005,True,True,0.8,0.005,"{""BCC_B2#1"": 0.9952121019231049, ""FCC_L12#1"": 0.0006988828275004544, ""HCP_A3#1"": 0.0010072450124965799, ""HCP_A3#2"": 0.0006263973209627674, ""HCP_A3#3"": 0.002455372915935131}"
0.8,0.015,0.135,0.045,0.005,True,True,0.8,0.005,"{""BCC_B2#1"": 0.9952160444095308, ""FCC_L12#1"": 0.0006996904456725513, ""HCP_A3#1"": 0.0008440271545157228, ""HCP_A3#2"": 0.0007728702000461682, ""HCP_A3#3"": 0.002467367790234885}"
0.7999999999999999,0.015,0.14,0.04,0.005,True,True,0.8,0.005,"{""BCC_B2#1"": 0.9952207651928758, ""FCC_L12#1"": 0.0007004878064334761, ""HCP_A3#1"": 0.001074276203665295, ""HCP_A3#2"": 0.0005254007981543066, ""HCP_A3#3"": 0.002479069998871123}"
0.8,0.015,0.145,0.035,0.005,True,True,0.8,0.005,"{""BCC_B2#1"": 0.9952263775906334, ""FCC_L12#1"": 0.0007012766967791164, ""HCP_A3#1"": 0.0013179139247905501, ""HCP_A3#2"": 0.0002639553663077284, ""HCP_A3#3"": 0.002490476421488963}"
0.8,0.015,0.15,0.03,0.005,True,True,0.8,0.005,"{""BCC_B2#1"": 0.9952332042943235, ""FCC_L12#1"": 0.0007019897514805849, ""HCP_A3#2"": 0.0025005496599538684, ""HCP_A3#3"": 0.0015642562942419797}"
0.8,0.015,0.155,0.025,0.005,True,True,0.8,0.005,"{""BCC_B2#1"": 0.9952434174798089, ""FCC_L12#1"": 0.0007011828622921209, ""HCP_A3#2"": 0.002488172345188127, ""HCP_A3#3"": 0.0015672273127109169}"
0.8,0.015,0.16,0.02,0.005,True,True,0.8,0.005,"{""BCC_B2#1"": 0.9952571384543405, ""FCC_L12#1"": 0.0007003673345820003, ""HCP_A3#2"": 0.0024763114551359633, ""HCP_A3#3"": 0.00156618275594172}"
0.8,0.015,0.165,0.015,0.005,True,True,0.8,0.005,"{""BCC_B2#1"": 0.9952759454200168, ""FCC_L12#1"": 0.0006995430996228501, ""HCP_A3#2"": 0.0024648907422336885, ""HCP_A3#3"": 0.0015596207381264504}"
0.8,0.015,0.17,0.01,0.005,True,True,0.8,0.005,"{""BCC_B2#1"": 0.995302005092497, ""FCC_L12#1"": 0.0006987099351035155, ""HCP_A3#2"": 0.0024538496038145523, ""HCP_A3#3"": 0.001545435368585047}"
0.8,0.015,0.175,0.005,0.005,True,True,0.8,0.005,"{""BCC_B2#1"": 0.9953383111460749, ""FCC_L12#1"": 0.0006978675573945364, ""HCP_A3#2"": 0.0024431384987786946, ""HCP_A3#3"": 0.0015206827977516095}"
0.8,0.015,0.18,0.0,0.005,True,True,0.8,0.005,"{""BCC_B2#1"": 0.9953890195858704, ""FCC_L12#1"": 0.0006970157580320008, ""HCP_A3#2"": 0.0024327155083218245, ""HCP_A3#3"": 0.0014812491477757368}"
0.8,0.02,0.0,0.175,0.005,True,False,0.8,0.005,"{""BCC_B2#1"": 0.992978041161621, ""C15_LAVES#1"": 0.0022692334522792794, ""FCC_L12#1"": 0.0006966516144720936, ""HCP_A3#2"": 0.002371721059189152, ""HCP_A3#3"": 0.00168435271243837}"
0.8,0.02,0.005,0.17,0.005,True,False,0.8,0.005,"{""BCC_B2#1"": 0.9931064469976055, ""C15_LAVES#1"": 0.0021275860222838925, ""FCC_L12#1"": 0.0006970501076739549, ""HCP_A3#2"": 0.001689047856108212, ""HCP_A3#3"": 0.0023798690163283863}"
0.8,0.02,0.01,0.165,0.005,True,False,0.8,0.005,"{""BCC_B2#1"": 0.9932441456148121, ""C15_LAVES#1"": 0.0019762499587609975, ""FCC_L12#1"": 0.0006974556191980668, ""HCP_A3#2"": 0.002388262413673193, ""HCP_A3#3"": 0.0016938863935556092}"
0.8,0.02,0.015,0.16,0.005,True,False,0.8,0.005,"{""BCC_B2#1"": 0.9933918344663039, ""C15_LAVES#1"": 0.0018145265595448116, ""FCC_L12#1"": 0.0006978678678983307, ""HCP_A3#2"": 0.0023969018214623663, ""HCP_A3#3"": 0.001698869284790458}"
0.8,0.02,0.02,0.155,0.005,True,False,0.8,0.005,"{""BCC_B2#1"": 0.9935502645138066, ""C15_LAVES#1"": 0.0016416639041791376, ""FCC_L12#1"": 0.0006982865603075049, ""HCP_A3#2"": 0.0024057876357006726, ""HCP_A3#3"": 0.0017039973860062479}"
0.8,0.02,0.025,0.15,0.005,True,False,0.8,0.005,"{""BCC_B2#1"": 0.9937202446779505, ""C15_LAVES#1"": 0.0014568524393942816, ""FCC_L12#1"": 0.0006987113903769563, ""HCP_A3#2"": 0.0024149200622369652, ""HCP_A3#3"": 0.0017092714300410332}"
0.8,0.02,0.03,0.145,0.005,True,False,0.8,0.005,"{""BCC_B2#1"": 0.9939026466815474, ""C15_LAVES#1"": 0.0012592201768179929, ""FCC_L12#1"": 0.0006991420392276878, ""HCP_A3#2"": 0.002424299098994732, ""HCP_A3#3"": 0.0017146920034121498}"
0.8,0.02,0.035,0.14,0.005,True,False,0.8,0.005,"{""BCC_B2#1"": 0.9940984103188542, ""C15_LAVES#1"": 0.0010478274710367837, ""FCC_L12#1"": 0.0006995781749173265, ""HCP_A3#2"": 0.0024339245161404777, ""HCP_A3#3"": 0.0017202595190512649}"
0.8,0.02,0.04,0.135,0.005,True,False,0.8,0.005,"{""BCC_B2#1"": 0.9943085491869185, ""C15_LAVES#1"": 0.0008216613433349825, ""FCC_L12#1"": 0.0007000194522276479, ""HCP_A3#2"": 0.0024437958339261294, ""HCP_A3#3"": 0.0017259741835926145}"
0.8,0.02,0.045,0.13,0.005,True,False,0.8,0.005,"{""BCC_B2#1"": 0.9945341569184755, ""C15_LAVES#1"": 0.0005796293133576257, ""FCC_L12#1"": 0.0007004655124778659, ""HCP_A3#2"": 0.002453912297987902, ""HCP_A3#3"": 0.0017318359577010414}"
0.8,0.02,0.05,0.125,0.005,True,False,0.8,0.005,"{""BCC_B2#1"": 0.9947764139596357, ""C15_LAVES#1"": 0.000320552697734115, ""FCC_L12#1"": 0.0007009159833698316, ""HCP_A3#2"": 0.0024642728518255493, ""HCP_A3#3"": 0.0017378445074347224}"
0.8,0.02,0.055,0.12,0.005,True,False,0.8,0.005,"{""BCC_B2#1"": 0.9950365949397041, ""C15_LAVES#1"": 4.315933121941777e-05, ""FCC_L12#1"": 0.0007013704788721159, ""HCP_A3#2"": 0.0024748761062286773, ""HCP_A3#3"": 0.0017439991439755962}"
0.8,0.02,0.06,0.115,0.005,True,True,0.8,0.005,"{""BCC_B2#1"": 0.9950874297725218, ""FCC_L12#1"": 0.000701040915325587, ""HCP_A3#2"": 0.002471249747357824, ""HCP_A3#3"": 0.0017402795647949078}"
0.8,0.02,0.065,0.11,0.005,True,True,0.8,0.005,"{""BCC_B2#1"": 0.9950995211857612, ""FCC_L12#1"": 0.0007005669996012409, ""HCP_A3#2"": 0.002465108333460032, ""HCP_A3#3"": 0.001734803481177643}"
0.8,0.02,0.07,0.105,0.005,True,True,0.8,0.005,"{""BCC_B2#1"": 0.9951116081787452, ""FCC_L12#1"": 0.0007000867307753373, ""HCP_A3#2"": 0.0024589844159446, ""HCP_A3#3"": 0.001729320674534894}"
0.8,0.02,0.075,0.1,0.005,True,True,0.8,0.005,"{""BCC_B2#1"": 0.9951236908403396, ""FCC_L12#1"": 0.0006996003049069563, ""HCP_A3#2"": 0.0024528820827574914, ""HCP_A3#3"": 0.0017238267719960109}"
0.8,0.02,0.08,0.095,0.005,True,True,0.8,0.005,"{""BCC_B2#1"": 0.9951357728960721, ""FCC_L12#1"": 0.0006991079458694584, ""HCP_A3#2"": 0.002446805785166714, ""HCP_A3#3"": 0.0017183133728919699}"
0.8,0.02,0.085,0.09,0.005,True,True,0.8,0.005,"{""BCC_B2#1"": 0.9951478636851774, ""FCC_L12#1"": 0.0006986099179672584, ""HCP_A3#2"": 0.002440760517229913, ""HCP_A3#3"": 0.0017127658796254495}"
0.8,0.02,0.09,0.085,0.005,True,True,0.8,0.005,"{""BCC_B2#1"": 0.995159981218392, ""FCC_L12#1"": 0.0006981065456940756, ""HCP_A3#2"": 0.0024347520859129288, ""HCP_A3#3"": 0.0017071601500006533}"
0.8,0.02,0.095,0.08,0.005,True,True,0.8,0.005,"{""BCC_B2#1"": 0.9951721569090853, ""FCC_L12#1"": 0.0006975982443985384, ""HCP_A3#2"": 0.0024287875149867247, ""HCP_A3#3"": 0.0017014573315295026}"
0.8,0.02,0.1,0.075,0.005,True,True,0.8,0.005,"{""BCC_B2#1"": 0.9951844428891786, ""FCC_L12#1"": 0.0006970855675140192, ""HCP_A3#2"": 0.0024228756460393914, ""HCP_A3#3"": 0.001695595897267934}"
0.8,0.02,0.105,0.07,0.005,True,True,0.8,0.005,"{""BCC_B2#1"": 0.9951969233035299, ""FCC_L12#1"": 0.0006965692787762425, ""HCP_A3#2"": 0.002417028028203281, ""HCP_A3#3"": 0.0016894793894907166}"
0.8,0.02,0.11,0.065,0.005,True,True,0.8,0.005,"{""BCC_B2#1"": 0.9952097316929157, ""FCC_L12#1"": 0.0006960504617936457, ""HCP_A3#2"": 0.0024112602269142267, ""HCP_A3#3"": 0.0016829576183766497}"
0.8,0.02,0.115,0.06,0.005,True,True,0.8,0.005,"{""BCC_B2#1"": 0.9952129525550921, ""FCC_L12#1"": 0.0006966946460288603, ""HCP_A3#1"": 0.0015144488439640643, ""HCP_A3#2"": 0.00015459058341224557, ""HCP_A3#3"": 0.0024213133715025293}"
0.8,0.02,0.12,0.055,0.005,True,True,0.8,0.005,"{""BCC_B2#1"": 0.9952151485818438, ""FCC_L12#1"": 0.0006975538300578789, ""HCP_A3#1"": 0.001303988578210828, ""HCP_A3#2"": 0.00034909020304103514, ""HCP_A3#3"": 0.0024342188068468495}"
0.8,0.02,0.125,0.05,0.005,True,True,0.8,0.005,"{""BCC_B2#1"": 0.9952182412596353, ""FCC_L12#1"": 0.0006983975040084504, ""HCP_A3#1"": 0.0010820763414226772, ""HCP_A3#2"": 0.0005544609641366323, ""HCP_A3#3"": 0.002446823930797253}"
0.8,0.02,0.13,0.045,0.005,True,True,0.8,0.005,"{""BCC_B2#1"": 0.9952221346046668, ""FCC_L12#1"": 0.0006992278683980502, ""HCP_A3#1"": 0.0008478968892191229, ""HCP_A3#2"": 0.0007716085848147832, ""HCP_A3#3"": 0.0024591320529014165}"
0.8,0.02,0.135,0.04,0.005,True,True,0.8,0.005,"{""BCC_B2#1"": 0.9952267851342175, ""FCC_L12#1"": 0.0007000469852184815, ""HCP_A3#1"": 0.0006005941649420671, ""HCP_A3#2"": 0.0010014296976006446, ""HCP_A3#3"": 0.002471144018021399}"
0.8,0.02,0.14,0.035,0.005,True,True,0.8,0.005,"{""BCC_B2#1"": 0.995232228902329, ""FCC_L12#1"": 0.0007008568035280965, ""HCP_A3#1"": 0.00124478737806859, ""HCP_A3#2"": 0.0003392685054203789, ""HCP_A3#3"": 0.002482858410653622}"
0.8,0.02,0.145,0.03,0.005,True,True,0.8,0.005,"{""BCC_B2#1"": 0.9952386203588615, ""FCC_L12#1"": 0.00070165918302089, ""HCP_A3#1"": 0.0015024749620038565, ""HCP_A3#2"": 6.297376871724742e-05, ""HCP_A3#3"": 0.002494271727396841}"
0.8,0.02,0.15,0.025,0.005,True,True,0.8,0.005,"{""BCC_B2#1"": 0.9952469716179001, ""FCC_L12#1"": 0.0007012064537778573, ""HCP_A3#2"": 0.002487103802947168, ""HCP_A3#3"": 0.0015647181253750316}"
0.8,0.02,0.155,0.02,0.005,True,True,0.8,0.005,"{""BCC_B2#1"": 0.9952582245275575, ""FCC_L12#1"": 0.0007003926895363049, ""HCP_A3#2"": 0.0024752156380999845, ""HCP_A3#3"": 0.001566167144806261}"
0.8,0.02,0.16,0.015,0.005,True,True,0.8,0.005,"{""BCC_B2#1"": 0.9952735772945677, ""FCC_L12#1"": 0.0006995705140957096, ""HCP_A3#2"": 0.002463788292358323, ""HCP_A3#3"": 0.0015630638989779498}"
0.8,0.02,0.165,0.01,0.005,True,True,0.8,0.005,"{""BCC_B2#1"": 0.9952948262986839, ""FCC_L12#1"": 0.0006987397731852483, ""HCP_A3#2"": 0.0024527571666583597, ""HCP_A3#3"": 0.0015536767614722398}"
0.8,0.02,0.17,0.005,0.005,True,True,0.8,0.005,"{""BCC_B2#1"": 0.9953244448668517, ""FCC_L12#1"": 0.000697900217175023, ""HCP_A3#2"": 0.0024420701357556296, ""HCP_A3#3"": 0.0015355847802176817}"
0.8,0.02,0.175,0.0,0.005,True,True,0.8,0.005,"{""BCC_B2#1"": 0.9953658569395738, ""FCC_L12#1"": 0.0006970516141307821, ""HCP_A3#2"": 0.0024316837807145403, ""HCP_A3#3"": 0.0015054076655807932}"
0.8,0.025,0.0,0.17,0.005,True,False,0.8,0.005,"{""BCC_B2#1"": 0.992489235133202, ""C15_LAVES#1"": 0.0028484684086096577, ""FCC_L12#1"": 0.0006932920483179754, ""HCP_A3#2"": 0.0023197033878920325, ""HCP_A3#3"": 0.001649301021978273}"
0.8,0.025,0.005,0.165,0.005,True,False,0.8,0.005,"{""BCC_B2#1"": 0.9925996249275725, ""C15_LAVES#1"": 0.002725565002597397, ""FCC_L12#1"": 0.000693694899144799, ""HCP_A3#2"": 0.0016536478787609733, ""HCP_A3#3"": 0.002327467291924398}"
0.8,0.025,0.01,0.16,0.005,True,False,0.8,0.005,"{""BCC_B2#1"": 0.9927185326555199, ""C15_LAVES#1"": 0.0025937562078114044, ""FCC_L12#1"": 0.0006941058583888743, ""HCP_A3#2"": 0.002335471577760882, ""HCP_A3#3"": 0.0016581337005188432}"
0.8,0.025,0.015,0.155,0.005,True,False,0.8,0.005,"{""BCC_B2#1"": 0.9928466215510082, ""C15_LAVES#1"": 0.0024523774774297333, ""FCC_L12#1"": 0.0006945246688016668, ""HCP_A3#2"": 0.002343716710105225, ""HCP_A3#3"": 0.0016627595926550687}"
0.8,0.025,0.02,0.15,0.005,True,False,0.8,0.005,"{""BCC_B2#1"": 0.9929846066447569, ""C15_LAVES#1"": 0.0023007127362613283, ""FCC_L12#1"": 0.0006949510605034108, ""HCP_A3#2"": 0.002352202993548512, ""HCP_A3#3"": 0.0016675265649297574}"
0.8,0.025,0.025,0.145,0.005,True,False,0.8,0.005,"{""BCC_B2#1"": 0.9931332592748413, ""C15_LAVES#1"": 0.0021379899035557704, ""FCC_L12#1"": 0.0006953847506728946, ""HCP_A3#2"": 0.0023609305618504076, ""HCP_A3#3"": 0.0016724355090797472}"
0.8,0.025,0.03,0.14,0.005,True,False,0.8,0.005,"{""BCC_B2#1"": 0.9932934120131286, ""C15_LAVES#1"": 0.0019633760064719816, ""FCC_L12#1"": 0.0006958254432295221, ""HCP_A3#2"": 0.002369899365701816, ""HCP_A3#3"": 0.0016774871714679465}"
0.8,0.025,0.035,0.135,0.005,True,False,0.8,0.005,"{""BCC_B2#1"": 0.9934659640414607, ""C15_LAVES#1"": 0.0017759718519547035, ""FCC_L12#1"": 0.0006962728285124073, ""HCP_A3#2"": 0.0023791091587279933, ""HCP_A3#3"": 0.0016826821193440134}"
0.8,0.025,0.04,0.13,0.005,True,False,0.8,0.005,"{""BCC_B2#1"": 0.9936518870144557, ""C15_LAVES#1"": 0.0015748062222600947, ""FCC_L12#1"": 0.0006967265829616548, ""HCP_A3#2"": 0.0023885594814748424, ""HCP_A3#3"": 0.0016880206988478489}"
0.8,0.025,0.045,0.125,0.005,True,False,0.8,0.005,"{""BCC_B2#1"": 0.993852231449, ""C15_LAVES#1"": 0.0013588295567750065, ""FCC_L12#1"": 0.0006971863688083177, ""HCP_A3#2"": 0.0023982496431301475, ""HCP_A3#3"": 0.0016935029822864336}"
0.8,0.025,0.05,0.12,0.005,True,False,0.8,0.005,"{""BCC_B2#1"": 0.9940681336837898, ""C15_LAVES#1"": 0.0011269070804370749, ""FCC_L12#1"": 0.0006976518337807259, ""HCP_A3#2"": 0.002408178700579385, ""HCP_A3#3"": 0.0016991287014128354}"
0.8,0.025,0.055,0.115,0.005,True,False,0.8,0.005,"{""BCC_B2#1"": 0.9943008234562201, ""C15_LAVES#1"": 0.0008778113359730132, ""FCC_L12#1"": 0.0006981226108379928, ""HCP_A3#2"": 0.0024183454346027697, ""HCP_A3#3"": 0.0017048971623661261}"
0.8,0.025,0.06,0.11,0.005,True,False,0.8,0.005,"{""BCC_B2#1"": 0.9945516321489539, ""C15_LAVES#1"": 0.0006102140727753168, ""FCC_L12#1"": 0.0006985983179401117, ""HCP_A3#2"": 0.0024287483238461796, ""HCP_A3#3"": 0.0017108071364841284}"
0.8,0.025,0.065,0.105,0.005,True,False,0.8,0.005,"{""BCC_B2#1"": 0.9948220017590946, ""C15_LAVES#1"": 0.00032267744921335954, ""FCC_L12#1"": 0.0006990785578716524, ""HCP_A3#2"": 0.002439385514507738, ""HCP_A3#3"": 0.0017168567193126465}"
0.8,0.025,0.07,0.1,0.005,True,False,0.8,0.005,"{""BCC_B2#1"": 0.9951134946508933, ""C15_LAVES#1"": 1.3644496707187786e-05, ""FCC_L12#1"": 0.0006995629181366883, ""HCP_A3#2"": 0.002450254786721413, ""HCP_A3#3"": 0.0017230431475415923}"
0.8,0.025,0.075,0.095,0.005,True,True,0.8,0.005,"{""BCC_B2#1"": 0.9951379396203773, ""FCC_L12#1"": 0.0006991116025922186, ""HCP_A3#2"": 0.002444903685223762, ""HCP_A3#3"": 0.0017180450918066917}"
0.8,0.025,0.08,0.09,0.005,True,True,0.8,0.005,"{""BCC_B2#1"": 0.9951500057205752, ""FCC_L12#1"": 0.0006986130477399888, ""HCP_A3#2"": 0.002438858234850905, ""HCP_A3#3"": 0.0017125229968337407}"
0.8,0.025,0.085,0.085,0.005,True,True,0.8,0.005,"{""BCC_B2#1"": 0.9951620833030894, ""FCC_L12#1"": 0.0006981090776806848, ""HCP_A3#2"": 0.002432850289911075, ""HCP_A3#3"": 0.001706957329318389}"
0.8,0.025,0.09,0.08,0.005,True,True,0.8,0.005,"{""BCC_B2#1"": 0.9951741966744393, ""FCC_L12#1"": 0.000697600066325358, ""HCP_A3#2"": 0.002426886265079436, ""HCP_A3#3"": 0.001701316994155837}"
0.8,0.025,0.095,0.075,0.005,True,True,0.8,0.005,"{""BCC_B2#1"": 0.9951863870354949, ""FCC_L12#1"": 0.0006970865007392895, ""HCP_A3#2"": 0.002420974060427536, ""HCP_A3#3"": 0.001695552403338227}"
0.8,0.025,0.1,0.07,0.005,True,True,0.8,0.005,"{""BCC_B2#1"": 0.995198721707517, ""FCC_L12#1"": 0.000696569040116321, ""HCP_A3#2"": 0.0024151237924116198, ""HCP_A3#3"": 0.0016895854599549825}"
0.8,0.025,0.105,0.065,0.005,True,True,0.8,0.005,"{""BCC_B2#1"": 0.9952113083609144, ""FCC_L12#1"": 0.0006960486055608033, ""HCP_A3#2"": 0.0024093488724083235, ""HCP_A3#3"": 0.0016832941611161503}"
0.8,0.025,0.11,0.06,0.005,True,True,0.8,0.005,"{""BCC_B2#1"": 0.9952191827376318, ""FCC_L12#1"": 0.0006961351686659176, ""HCP_A3#1"": 0.0015928440278710414, ""HCP_A3#2"": 7.998439504024658e-05, ""HCP_A3#3"": 0.0024118536707907283}"
0.8,0.025,0.115,0.055,0.005,True,True,0.8,0.005,"{""BCC_B2#1"": 0.9952211491772122, ""FCC_L12#1"": 0.0006970211545716625, ""HCP_A3#1"": 0.002425101793885687, ""HCP_A3#2"": 0.0002739920224118431, ""HCP_A3#3"": 0.0013827358519187811}"
0.8,0.025,0.12,0.05,0.005,True,True,0.8,0.005,"{""BCC_B2#1"": 0.9952241112793262, ""FCC_L12#1"": 0.000697890025135535, ""HCP_A3#1"": 0.0011612034040771563, ""HCP_A3#2"": 0.00047875544791476954, ""HCP_A3#3"": 0.0024380398435464227}"
0.8,0.025,0.125,0.045,0.005,True,True,0.8,0.005,"{""BCC_B2#1"": 0.995227939588476, ""FCC_L12#1"": 0.0006987442084182842, ""HCP_A3#1"": 0.0009274153417014467, ""HCP_A3#2"": 0.0006952273009686962, ""HCP_A3#3"": 0.002450673560435717}"
0.8,0.025,0.13,0.04,0.005,True,True,0.8,0.005,"{""BCC_B2#1"": 0.9952325445372743, ""FCC_L12#1"": 0.0006995859682054541, ""HCP_A3#1"": 0.0006804988977387969, ""HCP_A3#2"": 0.0009243646565274282, ""HCP_A3#3"": 0.0024630059402541487}"
0.8,0.025,0.135,0.035,0.005,True,True,0.8,0.005,"{""BCC_B2#1"": 0.9952378980718598, ""FCC_L12#1"": 0.0007004174337502023, ""HCP_A3#1"": 0.0024750374814933155, ""HCP_A3#2"": 0.0011671101575895133, ""HCP_A3#3"": 0.0004195368553070038}"
0.8,0.025,0.14,0.03,0.005,True,True,0.8,0.005,"{""BCC_B2#1"": 0.9952440650716293, ""FCC_L12#1"": 0.0007012406264495255, ""HCP_A3#1"": 0.00014356450489718306, ""HCP_A3#2"": 0.0014243634056492808, ""HCP_A3#3"": 0.0024867663913747816}"
0.8,0.025,0.145,0.025,0.005,True,True,0.8,0.005,"{""BCC_B2#1"": 0.9952512495322103, ""FCC_L12#1"": 0.0007012447033645695, ""HCP_A3#2"": 0.001561194829864567, ""HCP_A3#3"": 0.0024863109345603382}"
0.8,0.025,0.15,0.02,0.005,True,True,0.8,0.005,"{""BCC_B2#1"": 0.9952604758922508, ""FCC_L12#1"": 0.0007004325282178451, ""HCP_A3#2"": 0.001564714130386507, ""HCP_A3#3"": 0.00247437744914492}"
0.8,0.025,0.155,0.015,0.005,True,True,0.8,0.005,"{""BCC_B2#1"": 0.9952729782610381, ""FCC_L12#1"": 0.000699612179095206, ""HCP_A3#2"": 0.0015644812887849588, ""HCP_A3#3"": 0.002462928271081662}"
0.8,0.025,0.16,0.01,0.005,True,True,0.8,0.005,"{""BCC_B2#1"": 0.9952902487661799, ""FCC_L12#1"": 0.0006987835766234065, ""HCP_A3#2"": 0.0015590737227772153, ""HCP_A3#3"": 0.002451893934419291}"
0.8,0.025,0.165,0.005,0.005,True,True,0.8,0.005,"{""BCC_B2#1"": 0.995314333727188, ""FCC_L12#1"": 0.0006979465172538117, ""HCP_A3#2"": 0.0015465006689513719, ""HCP_A3#3"": 0.0024412190866067223}"
0.8,0.025,0.17,0.0,0.005,True,True,0.8,0.005,"{""BCC_B2#1"": 0.9953480570712658, ""FCC_L12#1"": 0.0006971007687777082, ""HCP_A3#2"": 0.0015239838592093012, ""HCP_A3#3"": 0.0024308583007471097}"
0.8,0.03,0.0,0.165,0.005,True,False,0.8,0.005,"{""BCC_B2#1"": 0.9908207755704856, ""C15_LAVES#1"": 0.005259939559871515, ""FCC_L12#1"": 0.0006923787166035459, ""HCP_A3#2"": 0.0004170929263384396, ""HCP_A3#3"": 0.002286514402130527, ""ZRO2_MONO#1"": 0.0005232988245704065}"
0.8,0.03,0.005,0.16,0.005,True,False,0.8,0.005,"{""BCC_B2#1"": 0.9920007993369024, ""C15_LAVES#1"": 0.0035092060471236405, ""FCC_L12#1"": 0.0006912208534000811, ""HCP_A3#2"": 0.0014222902821891441, ""HCP_A3#3"": 0.0022878401382779466, ""ZRO2_MONO#1"": 8.864334210650405e-05}"
0.8,0.03,0.01,0.155,0.005,True,False,0.8,0.005,"{""BCC_B2#1"": 0.9923256921928395, ""C15_LAVES#1"": 0.003057930528005329, ""FCC_L12#1"": 0.0006913180202565573, ""HCP_A3#2"": 0.0016307298826586623, ""HCP_A3#3"": 0.0022943293762401054}"
0.8,0.03,0.015,0.15,0.005,True,False,0.8,0.005,"{""BCC_B2#1"": 0.9924388612956048, ""C15_LAVES#1"": 0.0029319771882399155, ""FCC_L12#1"": 0.0006917418909483721, ""HCP_A3#2"": 0.0016350995898090648, ""HCP_A3#3"": 0.002302320035397919}"
0.8,0.03,0.02,0.145,0.005,True,False,0.8,0.005,"{""BCC_B2#1"": 0.992561319360045, ""C15_LAVES#1"": 0.002796351474010191, ""FCC_L12#1"": 0.0006921742473831801, ""HCP_A3#2"": 0.0016396068174065075, ""HCP_A3#3"": 0.002310548101154996}"
0.8,0.03,0.025,0.14,0.005,True,False,0.8,0.005,"{""BCC_B2#1"": 0.9926938104759851, ""C15_LAVES#1"": 0.002650308656085157, ""FCC_L12#1"": 0.0006926148233795432, ""HCP_A3#2"": 0.0016442524928974433, ""HCP_A3#3"": 0.0023190135516527157}"
0.8,0.03,0.03,0.135,0.005,True,False,0.8,0.005,"{""BCC_B2#1"": 0.9928371386253868, ""C15_LAVES#1"": 0.002493044465855, ""FCC_L12#1"": 0.0006930633393563004, ""HCP_A3#2"": 0.0016490373755177657, ""HCP_A3#3"": 0.0023277161938838383}"
0.8,0.03,0.035,0.13,0.005,True,False,0.8,0.005,"{""BCC_B2#1"": 0.9929921731708955, ""C15_LAVES#1"": 0.0023236896614746306, ""FCC_L12#1"": 0.0006935195019944949, ""HCP_A3#2"": 0.0016539620109825728, ""HCP_A3#3"": 0.002336655654652792}"
0.8,0.03,0.04,0.125,0.005,True,False,0.8,0.005,"{""BCC_B2#1"": 0.9931598548571242, ""C15_LAVES#1"": 0.0021413040949430206, ""FCC_L12#1"": 0.0006939830038798961, ""HCP_A3#2"": 0.0016590266737216246, ""HCP_A3#3"": 0.0023458313703309773}"
0.8,0.03,0.045,0.12,0.005,True,False,0.8,0.005,"{""BCC_B2#1"": 0.993341202363257, ""C15_LAVES#1"": 0.001944870247086405, ""FCC_L12#1"": 0.0006944535231375432, ""HCP_A3#2"": 0.0016642312928368107, ""HCP_A3#3"": 0.0023552425736824804}"
0.8,0.03,0.05,0.115,0.005,True,False,0.8,0.005,"{""BCC_B2#1"": 0.9935373194521103, ""C15_LAVES#1"": 0.0017332861894994388, ""FCC_L12#1"": 0.0006949307230677159, ""HCP_A3#2"": 0.001669575356695716, ""HCP_A3#3"": 0.002364888278626777}"
0.8,0.03,0.055,0.11,0.005,True,False,0.8,0.005,"{""BCC_B2#1"": 0.9937494027622692, ""C15_LAVES#1"": 0.001505357934114384, ""FCC_L12#1"": 0.0006954142517968525, ""HCP_A3#2"": 0.001675057789440951, ""HCP_A3#3"": 0.0023747672623784435}"
0.8,0.03,0.06,0.105,0.005,True,False,0.8,0.005,"{""BCC_B2#1"": 0.9939787502935272, ""C15_LAVES#1"": 0.0012597911293299783, ""FCC_L12#1"": 0.0006959037419603454, ""HCP_A3#2"": 0.00168067679050468, ""HCP_A3#3"": 0.002384878044677731}"
0.8,0.03,0.065,0.1,0.005,True,False,0.8,0.005,"{""BCC_B2#1"": 0.9942267706391401, ""C15_LAVES#1"": 0.0009951820612791246, ""FCC_L12#1"": 0.0006963988104383786, ""HCP_A3#2"": 0.0016864296253054159, ""HCP_A3#3"": 0.002395218863836955}"
0.8,0.03,0.07,0.095,0.005,True,False,0.8,0.005,"{""BCC_B2#1"": 0.9944949930213126, ""C15_LAVES#1"": 0.000710007919749202, ""FCC_L12#1"": 0.000696899058171636, ""HCP_A3#2"": 0.0016923123514275102, ""HCP_A3#3"": 0.0024057876493391514}"
0.8,0.03,0.075,0.09,0.005,True,False,0.8,0.005,"{""BCC_B2#1"": 0.994785078188728, ""C15_LAVES#1"": 0.0004026162910375824, ""FCC_L12#1"": 0.0006974040700911437, ""HCP_A3#2"": 0.0016983194594196599, ""HCP_A3#3"": 0.002416581990723651}"
0.8,0.03,0.08,0.085,0.005,True,False,0.8,0.005,"{""BCC_B2#1"": 0.99509883023632, ""C15_LAVES#1"": 7.121384548195407e-05, ""FCC_L12#1"": 0.0006979134152064551, ""HCP_A3#2"": 0.0017044434004681894, ""HCP_A3#3"": 0.0024275991025232116}"
0.8,0.03,0.085,0.08,0.005,True,True,0.8,0.005,"{""BCC_B2#1"": 0.9951759667277051, ""FCC_L12#1"": 0.0006976131667413481, ""HCP_A3#2"": 0.0017012668032116156, ""HCP_A3#3"": 0.0024251533023419733}"
0.8,0.03,0.09,0.075,0.005,True,True,0.8,0.005,"{""BCC_B2#1"": 0.9951880812406975, ""FCC_L12#1"": 0.0006970988370710783, ""HCP_A3#2"": 0.001695580125054961, ""HCP_A3#3"": 0.002419239797176585}"
0.8,0.03,0.095,0.07,0.005,True,True,0.8,0.005,"{""BCC_B2#1"": 0.9952002985994471, ""FCC_L12#1"": 0.0006965803782689201, ""HCP_A3#2"": 0.0016897344031267276, ""HCP_A3#3"": 0.0024133866191572272}"
0.8,0.03,0.1,0.065,0.005,True,True,0.8,0.005,"{""BCC_B2#1"": 0.9952127051583347, ""FCC_L12#1"": 0.0006960585786372345, ""HCP_A3#2"": 0.001683630842742004, ""HCP_A3#3"": 0.0024076054202860284}"
0.8,0.03,0.105,0.06,0.005,True,True,0.8,0.005,"{""BCC_B2#1"": 0.9952253213106167, ""FCC_L12#1"": 0.0006955487334388053, ""HCP_A3#1"": 1.8432099828765294e-06, ""HCP_A3#2"": 0.0016751849241275424, ""HCP_A3#3"": 0.0024021018218338235}"
0.8,0.03,0.11,0.055,0.005,True,True,0.8,0.005,"{""BCC_B2#1"": 0.9952269680391211, ""FCC_L12#1"": 0.0006964632952318159, ""HCP_A3#1"": 0.00019529184654125726, ""HCP_A3#2"": 0.0014655651113945356, ""HCP_A3#3"": 0.002415711707711279}"
0.8,0.03,0.115,0.05,0.005,True,True,0.8,0.005,"{""BCC_B2#1"": 0.9952297323815138, ""FCC_L12#1"": 0.0006973588676536985, ""HCP_A3#1"": 0.0003993370646521024, ""HCP_A3#2"": 0.0012445725171012427, ""HCP_A3#3"": 0.002428999169078915}"
0.8,0.03,0.12,0.045,0.005,True,True,0.8,0.005,"{""BCC_B2#1"": 0.9952334564893646, ""FCC_L12#1"": 0.0006982381390286763, ""HCP_A3#1"": 0.0006149727923131557, ""HCP_A3#2"": 0.0010113598454247709, ""HCP_A3#3"": 0.0024419727338689193}"
0.8,0.03,0.125,0.04,0.005,True,True,0.8,0.005,"{""BCC_B2#1"": 0.9952380122490926, ""FCC_L12#1"": 0.0006991036016491179, ""HCP_A3#1"": 0.0008432082996513905, ""HCP_A3#2"": 0.0007650380047332809, ""HCP_A3#3"": 0.002454637844873506}"
0.8,0.03,0.13,0.035,0.005,True,True,0.8,0.005,"{""BCC_B2#1"": 0.9952433183341785, ""FCC_L12#1"": 0.0006999575870616737, ""HCP_A3#1"": 0.0010850541104230284, ""HCP_A3#2"": 0.0005046728043329403, ""HCP_A3#3"": 0.0024669971640039093}"
0.8,0.03,0.135,0.03,0.005,True,True,0.8,0.005,"{""BCC_B2#1"": 0.9952493653877286, ""FCC_L12#1"": 0.0007008022968347104, ""HCP_A3#1"": 0.001341499800578893, ""HCP_A3#2"": 0.00022928169326957775, ""HCP_A3#3"": 0.0024790508215883312}"
0.8,0.03,0.14,0.025,0.005,True,True,0.8,0.005,"{""BCC_B2#1"": 0.9952560801642788, ""FCC_L12#1"": 0.0007012975504783123, ""HCP_A3#2"": 0.0024857965839417953, ""HCP_A3#3"": 0.0015568257013012284}"
0.8,0.03,0.145,0.02,0.005,True,True,0.8,0.005,"{""BCC_B2#1"": 0.995263651778046, ""FCC_L12#1"": 0.0007004868257703998, ""HCP_A3#2"": 0.0024737980426209993, ""HCP_A3#3"": 0.0015620633535622214}"
0.8,0.03,0.15,0.015,0.005,True,True,0.8,0.005,"{""BCC_B2#1"": 0.9952738091195721, ""FCC_L12#1"": 0.0006996681049602999, ""HCP_A3#2"": 0.0024623107059085635, ""HCP_A3#3"": 0.001564212069558645}"
0.8,0.03,0.155,0.01,0.005,True,True,0.8,0.005,"{""BCC_B2#1"": 0.9952877943179408, ""FCC_L12#1"": 0.0006988413901159364, ""HCP_A3#2"": 0.0024512592024980994, ""HCP_A3#3"": 0.0015621050894450634}"
0.8,0.03,0.16,0.005,0.005,True,True,0.8,0.005,"{""BCC_B2#1"": 0.9953073031763525, ""FCC_L12#1"": 0.0006980065336154506, ""HCP_A3#2"": 0.0024405842064985535, ""HCP_A3#3"": 0.001554106083533124}"
0.8,0.03,0.165,0.0,0.005,True,True,0.8,0.005,"{""BCC_B2#1"": 0.9953346677056619, ""FCC_L12#1"": 0.0006971633211228452, ""HCP_A3#2"": 0.0024302377165047037, ""HCP_A3#3"": 0.0015379312567104005}"
0.8,0.035,0.0,0.16,0.005,True,False,0.8,0.005,"{""BCC_B2#1"": 0.9901182171601756, ""C15_LAVES#1"": 0.006232654733979727, ""FCC_L12#1"": 0.0006905370144230354, ""HCP_A3#2"": 0.0022544845214486947, ""ZRO2_MONO#1"": 0.0007041065699729827}"
0.8,0.035,0.005,0.155,0.005,True,False,0.8,0.005,"{""BCC_B2#1"": 0.9902014404963817, ""C15_LAVES#1"": 0.0061415798267109994, ""FCC_L12#1"": 0.0006909556009890288, ""HCP_A3#2"": 0.0022620057466862286, ""ZRO2_MONO#1"": 0.0007040183292320261}"
0.8,0.035,0.01,0.15,0.005,True,False,0.8,0.005,"{""BCC_B2#1"": 0.99029215170909, ""C15_LAVES#1"": 0.006042760444010867, ""FCC_L12#1"": 0.0006913840396985924, ""HCP_A3#2"": 0.002269784166153346, ""ZRO2_MONO#1"": 0.0007039196410473653}"
0.8,0.035,0.015,0.145,0.005,True,False,0.8,0.005,"{""BCC_B2#1"": 0.9903909789599822, ""C15_LAVES#1"": 0.0059355663123812135, ""FCC_L12#1"": 0.0006918221113123342, ""HCP_A3#2"": 0.0022778234726949604, ""ZRO2_MONO#1"": 0.000703809143629308}"
0.8,0.035,0.02,0.14,0.005,True,False,0.8,0.005,"{""BCC_B2#1"": 0.990498600882839, ""C15_LAVES#1"": 0.005819316556727095, ""FCC_L12#1"": 0.0006922695839718272, ""HCP_A3#2"": 0.002286127715031681, ""ZRO2_MONO#1"": 0.0007036852614301786}"
0.8,0.035,0.025,0.135,0.005,True,False,0.8,0.005,"{""BCC_B2#1"": 0.9906157514028431, ""C15_LAVES#1"": 0.005693274841625706, ""FCC_L12#1"": 0.0006927262128397685, ""HCP_A3#2"": 0.0022947013694953494, ""ZRO2_MONO#1"": 0.0007035461731960351}"
0.8,0.035,0.03,0.13,0.005,True,False,0.8,0.005,"{""BCC_B2#1"": 0.9919012108026878, ""C15_LAVES#1"": 0.0037931083891516197, ""FCC_L12#1"": 0.0006915619709742648, ""HCP_A3#2"": 0.002297229465851404, ""HCP_A3#3"": 0.001079854344871151, ""ZRO2_MONO#1"": 0.00023703502646367296}"
0.8,0.035,0.035,0.125,0.005,True,False,0.8,0.005,"{""BCC_B2#1"": 0.9926278088782007, ""C15_LAVES#1"": 0.002746651070603151, ""FCC_L12#1"": 0.0006912057405623601, ""HCP_A3#2"": 0.002302927991806218, ""HCP_A3#3"": 0.0016314063188273458}"
0.8,0.035,0.04,0.12,0.005,True,False,0.8,0.005,"{""BCC_B2#1"": 0.9927813848039395, ""C15_LAVES#1"": 0.00257876074181654, ""FCC_L12#1"": 0.0006916765963766041, ""HCP_A3#2"": 0.0023119189484306565, ""HCP_A3#3"": 0.0016362589094368741}"
0.8,0.035,0.045,0.115,0.005,True,False,0.8,0.005,"{""BCC_B2#1"": 0.9929480842305201, ""C15_LAVES#1"": 0.002397371736550708, ""FCC_L12#1"": 0.0006921552789820945, ""HCP_A3#2"": 0.002321141616394767, ""HCP_A3#3"": 0.0016412471375523746}"
0.8,0.035,0.05,0.11,0.005,True,False,0.8,0.005,"{""BCC_B2#1"": 0.9931289872560651, ""C15_LAVES#1"": 0.002201406476219744, ""FCC_L12#1"": 0.0006926414625508869, ""HCP_A3#2"": 0.0023305948650036903, ""HCP_A3#3"": 0.0016463699401601643}"
0.8,0.035,0.055,0.105,0.005,True,False,0.8,0.005,"{""BCC_B2#1"": 0.9933252665560195, ""C15_LAVES#1"": 0.001989695808653183, ""FCC_L12#1"": 0.0006931348062448715, ""HCP_A3#2"": 0.00234027735580634, ""HCP_A3#3"": 0.0016516254732758117}"
0.8,0.035,0.06,0.1,0.005,True,False,0.8,0.005,"{""BCC_B2#1"": 0.9935381961098986, ""C15_LAVES#1"": 0.001760970530961891, ""FCC_L12#1"": 0.000693634953872419, ""HCP_A3#2"": 0.0023501875270401994, ""HCP_A3#3"": 0.0016570108782269098}"
0.8,0.035,0.065,0.095,0.005,True,False,0.8,0.005,"{""BCC_B2#1"": 0.993769160693983, ""C15_LAVES#1"": 0.001513852221837979, ""FCC_L12#1"": 0.0006941415336026088, ""HCP_A3#2"": 0.0023603235749665437, ""HCP_A3#3"": 0.0016625219756096535}"
0.8,0.035,0.07,0.09,0.005,True,False,0.8,0.005,"{""BCC_B2#1"": 0.9940196661921539, ""C15_LAVES#1"": 0.001246843354410087, ""FCC_L12#1"": 0.0006946541577749226, ""HCP_A3#2"": 0.002370683431828533, ""HCP_A3#3"": 0.0016681528638329097}"
0.8,0.035,0.075,0.085,0.005,True,False,0.8,0.005,"{""BCC_B2#1"": 0.9942913507772947, ""C15_LAVES#1"": 0.0009583166679757786, ""FCC_L12#1"": 0.0006951724228526913, ""HCP_A3#2"": 0.002381264740162458, ""HCP_A3#3"": 0.0016738953917143722}"
0.8,0.035,0.08,0.08,0.005,True,False,0.8,0.005,"{""BCC_B2#1"": 0.994585997014289, ""C15_LAVES#1"": 0.0006465037882292036, ""FCC_L12#1"": 0.0006956959095826691, ""HCP_A3#2"": 0.0023920648232217795, ""HCP_A3#3"": 0.0016797384646772356}"
0.8,0.035,0.085,0.075,0.005,True,False,0.8,0.005,"{""BCC_B2#1"": 0.9949055449316555, ""C15_LAVES#1"": 0.00030948310261632835, ""FCC_L12#1"": 0.0006962241834416341, ""HCP_A3#2"": 0.0024030806512960346, ""HCP_A3#3"": 0.0016856671309904612}"
0.8,0.035,0.09,0.07,0.005,True,True,0.8,0.005,"{""BCC_B2#1"": 0.9952016468943233, ""FCC_L12#1"": 0.0006966031221731155, ""HCP_A3#2"": 0.002411811971117449, ""HCP_A3#3"": 0.001689938012386152}"
0.8,0.035,0.095,0.065,0.005,True,True,0.8,0.005,"{""BCC_B2#1"": 0.9952139085243104, ""FCC_L12#1"": 0.0006960801694743464, ""HCP_A3#2"": 0.0024060247602121815, ""HCP_A3#3"": 0.0016839865460031873}"
0.8,0.035,0.1,0.06,0.005,True,True,0.8,0.005,"{""BCC_B2#1"": 0.9952264177352171, ""FCC_L12#1"": 0.0006955545190389791, ""HCP_A3#2"": 0.0024003205502049732, ""HCP_A3#3"": 0.0016777071955387688}"
0.8,0.035,0.105,0.055,0.005,True,True,0.8,0.005,"{""BCC_B2#1"": 0.9952326606013365, ""FCC_L12#1"": 0.000695878249832482, ""HCP_A3#1"": 0.0015524402945660575, ""HCP_A3#2"": 0.00011299868492492758, ""HCP_A3#3"": 0.0024060221693403172}"
0.8,0.035,0.11,0.05,0.005,True,True,0.8,0.005,"{""BCC_B2#1"": 0.9952351405061344, ""FCC_L12#1"": 0.0006968022911065845, ""HCP_A3#1"": 0.002419678104736109, ""HCP_A3#2"": 0.0003162463196822, ""HCP_A3#3"": 0.001332132778340671}"
0.8,0.035,0.115,0.045,0.005,True,True,0.8,0.005,"{""BCC_B2#1"": 0.9952386993132469, ""FCC_L12#1"": 0.0006977081465148868, ""HCP_A3#1"": 0.001099665691706053, ""HCP_A3#2"": 0.0005309188662833211, ""HCP_A3#3"": 0.002433007982248678}"
0.8,0.035,0.12,0.04,0.005,True,True,0.8,0.005,"{""BCC_B2#1"": 0.9952431763954188, ""FCC_L12#1"": 0.0006985985698567507, ""HCP_A3#1"": 0.0008541338319109551, ""HCP_A3#2"": 0.0007580711510564265, ""HCP_A3#3"": 0.002446020051756802}"
0.8,0.035,0.125,0.035,0.005,True,True,0.8,0.005,"{""BCC_B2#1"": 0.9952484460069569, ""FCC_L12#1"": 0.0006994761219996548, ""HCP_A3#1"": 0.0005945864887727376, ""HCP_A3#2"": 0.000998771943741948, ""HCP_A3#3"": 0.002458719438528842}"
0.8,0.035,0.13,0.03,0.005,True,True,0.8,0.005,"{""BCC_B2#1"": 0.9952544372069109, ""FCC_L12#1"": 0.0007003432070955582, ""HCP_A3#1"": 0.00032002391276412113, ""HCP_A3#2"": 0.0012540872242280134, ""HCP_A3#3"": 0.0024711084490013926}"
0.8,0.035,0.135,0.025,0.005,True,True,0.8,0.005,"{""BCC_B2#1"": 0.9952611631444073, ""FCC_L12#1"": 0.0007012021044385286, ""HCP_A3#1"": 0.002483186821638781, ""HCP_A3#2"": 0.0015250541379462, ""HCP_A3#3"": 2.939379156906951e-05}"
0.8,0.035,0.14,0.02,0.005,True,True,0.8,0.005,"{""BCC_B2#1"": 0.9952675517390109, ""FCC_L12#1"": 0.0007005555407437491, ""HCP_A3#2"": 0.0015584128276341755, ""HCP_A3#3"": 0.0024734798926115916}"
0.8,0.035,0.145,0.015,0.005,True,True,0.8,0.005,"{""BCC_B2#1"": 0.9952757884096225, ""FCC_L12#1"": 0.000699738285239233, ""HCP_A3#2"": 0.0015625366684030569, ""HCP_A3#3"": 0.002461936636735008}"
0.8,0.035,0.15,0.01,0.005,True,True,0.8,0.005,"{""BCC_B2#1"": 0.9952870671347124, ""FCC_L12#1"": 0.0006989132413997506, ""HCP_A3#2"": 0.0015631665647505288, ""HCP_A3#3"": 0.00245085305913733}"
0.8,0.035,0.155,0.005,0.005,True,True,0.8,0.005,"{""BCC_B2#1"": 0.9953027959089754, ""FCC_L12#1"": 0.0006980803260628925, ""HCP_A3#2"": 0.0015589587867617194, ""HCP_A3#3"": 0.00244016497820004}"
0.8,0.035,0.16,0.0,0.005,True,True,0.8,0.005,"{""BCC_B2#1"": 0.9953249033155354, ""FCC_L12#1"": 0.0006972393571391887, ""HCP_A3#2"": 0.0015480361576814346, ""HCP_A3#3"": 0.0024298211696439673}"
0.8,0.04,0.0,0.155,0.005,True,False,0.8,0.005,"{""BCC_B2#1"": 0.9899241199488451, ""C15_LAVES#1"": 0.006456591784435143, ""FCC_L12#1"": 0.0006884284041333981, ""HCP_A3#3"": 0.002226488869878722, ""ZRO2_MONO#1"": 0.0007043709927074992}"
0.8,0.04,0.005,0.15,0.005,True,False,0.8,0.005,"{""BCC_B2#1"": 0.9899985660622233, ""C15_LAVES#1"": 0.006374454415310826, ""FCC_L12#1"": 0.0006888471209812768, ""HCP_A3#3"": 0.0022338265828202334, ""ZRO2_MONO#1"": 0.0007043058186641746}"
0.8,0.04,0.01,0.145,0.005,True,False,0.8,0.005,"{""BCC_B2#1"": 0.9900801934462903, ""C15_LAVES#1"": 0.006284885788652833, ""FCC_L12#1"": 0.0006892763529886848, ""HCP_A3#3"": 0.002241412113591696, ""ZRO2_MONO#1"": 0.0007042322984764921}"
0.8,0.04,0.015,0.14,0.005,True,False,0.8,0.005,"{""BCC_B2#1"": 0.9901696159122961, ""C15_LAVES#1"": 0.006187269969216692, ""FCC_L12#1"": 0.0006897158855275659, ""HCP_A3#3"": 0.002249247934568503, ""ZRO2_MONO#1"": 0.0007041502983910572}"
0.8,0.04,0.02,0.135,0.005,True,False,0.8,0.005,"{""BCC_B2#1"": 0.9902674984568824, ""C15_LAVES#1"": 0.006080941743568767, ""FCC_L12#1"": 0.000690165492809661, ""HCP_A3#3"": 0.002257336736302886, ""ZRO2_MONO#1"": 0.0007040575704363672}"
0.8,0.04,0.025,0.13,0.005,True,False,0.8,0.005,"{""BCC_B2#1"": 0.9903745585468038, ""C15_LAVES#1"": 0.005965181821495258, ""FCC_L12#1"": 0.0006906249352654555, ""HCP_A3#2"": 0.0022656814747697104, ""ZRO2_MONO#1"": 0.0007039532216656242}"
0.8,0.04,0.03,0.125,0.005,True,False,0.8,0.005,"{""BCC_B2#1"": 0.9904915751579928, ""C15_LAVES#1"": 0.005839211288238616, ""FCC_L12#1"": 0.0006910939616377721, ""HCP_A3#3"": 0.002274285440290542, ""ZRO2_MONO#1"": 0.0007038341518403913}"
0.8,0.04,0.035,0.12,0.005,True,False,0.8,0.005,"{""BCC_B2#1"": 0.9906193891560632, ""C15_LAVES#1"": 0.005702185841401529, ""FCC_L12#1"": 0.0006915723048157268, ""HCP_A3#2"": 0.0022831523145343904, ""ZRO2_MONO#1"": 0.0007037003831850297}"
0.8,0.04,0.04,0.115,0.005,True,False,0.8,0.005,"{""BCC_B2#1"": 0.9907589180958407, ""C15_LAVES#1"": 0.005553188959788108, ""FCC_L12#1"": 0.0006920596867961324, ""HCP_A3#2"": 0.002292286265245656, ""ZRO2_MONO#1"": 0.0007035469923291569}"
0.8,0.04,0.045,0.11,0.005,True,False,0.8,0.005,"{""BCC_B2#1"": 0.9909111548915609, ""C15_LAVES#1"": 0.005391225057098004, ""FCC_L12#1"": 0.0006925558123131458, ""HCP_A3#2"": 0.002301692015635497, ""ZRO2_MONO#1"": 0.0007033722233922372}"
0.8,0.04,0.05,0.105,0.005,True,False,0.8,0.005,"{""BCC_B2#1"": 0.992151391011988, ""C15_LAVES#1"": 0.0035740231035127938, ""FCC_L12#1"": 0.0006915934594134447, ""HCP_A3#2"": 0.002306022319123542, ""HCP_A3#3"": 0.00100921451857167, ""ZRO2_MONO#1"": 0.00026775558739048207}"
0.8,0.04,0.055,0.1,0.005,True,False,0.8,0.005,"{""BCC_B2#1"": 0.9929924336149193, ""C15_LAVES#1"": 0.0023710975257180502, ""FCC_L12#1"": 0.0006912020080768001, ""HCP_A3#2"": 0.0023124459597674138, ""HCP_A3#3"": 0.0016328208915182784}"
0.8,0.04,0.06,0.095,0.005,True,False,0.8,0.005,"{""BCC_B2#1"": 0.9931926475413406, ""C15_LAVES#1"": 0.002155416657813563, ""FCC_L12#1"": 0.0006917103540682189, ""HCP_A3#2"": 0.002322217446723284, ""HCP_A3#3"": 0.0016380080000544502}"
0.8,0.04,0.065,0.09,0.005,True,False,0.8,0.005,"{""BCC_B2#1"": 0.9934104524506902, ""C15_LAVES#1"": 0.0019218010690237966, ""FCC_L12#1"": 0.0006922258501743257, ""HCP_A3#2"": 0.002332210763629149, ""HCP_A3#3"": 0.0016433098664826488}"
0.8,0.04,0.07,0.085,0.005,True,False,0.8,0.005,"{""BCC_B2#1"": 0.9936473389132066, ""C15_LAVES#1"": 0.0016687715100884664, ""FCC_L12#1"": 0.0006927481172745282, ""HCP_A3#2"": 0.0023424237440952986, ""HCP_A3#3"": 0.0016487177153353438}"
0.8,0.04,0.075,0.08,0.005,True,False,0.8,0.005,"{""BCC_B2#1"": 0.993904930694936, ""C15_LAVES#1"": 0.0013947189918218604, ""FCC_L12#1"": 0.0006932767613290416, ""HCP_A3#2"": 0.0023528539737780866, ""HCP_A3#3"": 0.0016542195781348193}"
0.8,0.04,0.08,0.075,0.005,True,False,0.8,0.005,"{""BCC_B2#1"": 0.9941849970986978, ""C15_LAVES#1"": 0.0010978934604159725, ""FCC_L12#1"": 0.0006938113737092277, ""HCP_A3#2"": 0.0023634987656575186, ""HCP_A3#3"": 0.001659799301519378}"
0.8,0.04,0.085,0.07,0.005,True,False,0.8,0.005,"{""BCC_B2#1"": 0.9944894662403115, ""C15_LAVES#1"": 0.000776391853651834, ""FCC_L12#1"": 0.0006943515319068702, ""HCP_A3#2"": 0.002374355131214088, ""HCP_A3#3"": 0.0016654352429155903}"
0.8,0.04,0.09,0.065,0.005,True,False,0.8,0.005,"{""BCC_B2#1"": 0.994820439275048, ""C15_LAVES#1"": 0.000428145622551152, ""FCC_L12#1"": 0.0006948968007678856, ""HCP_A3#2"": 0.0023854197473218612, ""HCP_A3#3"": 0.001671098554311022}"
0.8,0.04,0.095,0.06,0.005,True,False,0.8,0.005,"{""BCC_B2#1"": 0.9951802055678427, ""C15_LAVES#1"": 5.090785603845145e-05, ""FCC_L12#1"": 0.000695446734439787, ""HCP_A3#2"": 0.002396688918749883, ""HCP_A3#3"": 0.0016767509229292069}"
0.8,0.04,0.1,0.055,0.005,True,True,0.8,0.005,"{""BCC_B2#1"": 0.9952382982269319, ""FCC_L12#1"": 0.0006952637155122684, ""HCP_A3#1"": 0.0016433325379834522, ""HCP_A3#2"": 2.7101891043056546e-05, ""HCP_A3#3"": 0.0023960036285292758}"
0.8,0.04,0.105,0.05,0.005,True,True,0.8,0.005,"{""BCC_B2#1"": 0.9952403874771718, ""FCC_L12#1"": 0.000696218299561391, ""HCP_A3#1"": 0.0024100501355293303, ""HCP_A3#2"": 0.00022950579644038342, ""HCP_A3#3"": 0.001423838291296997}"
0.8,0.04,0.11,0.045,0.005,True,True,0.8,0.005,"{""BCC_B2#1"": 0.995243698700866, ""FCC_L12#1"": 0.0006971524986771947, ""HCP_A3#1"": 0.0011922711987524756, ""HCP_A3#2"": 0.0004431222252298312, ""HCP_A3#3"": 0.00242375537647414}"
0.8,0.04,0.115,0.04,0.005,True,True,0.8,0.005,"{""BCC_B2#1"": 0.9952480434426241, ""FCC_L12#1"": 0.0006980693691221816, ""HCP_A3#1"": 0.0006690464084680931, ""HCP_A3#2"": 0.0009477099298694239, ""HCP_A3#3"": 0.0024371308499158938}"
0.8,0.04,0.12,0.035,0.005,True,True,0.8,0.005,"{""BCC_B2#1"": 0.9952532586717107, ""FCC_L12#1"": 0.0006989717343696161, ""HCP_A3#1"": 0.0009083975480574169, ""HCP_A3#2"": 0.00068918753738815, ""HCP_A3#3"": 0.0024501845084742677}"
0.8,0.04,0.125,0.03,0.005,True,True,0.8,0.005,"{""BCC_B2#1"": 0.9952592222352624, ""FCC_L12#1"": 0.0006998622285161736, ""HCP_A3#1"": 0.0011623068034202105, ""HCP_A3#2"": 0.00041568759431673854, ""HCP_A3#3"": 0.0024629211384844894}"
0.8,0.04,0.13,0.025,0.005,True,True,0.8,0.005,"{""BCC_B2#1"": 0.9952658760929044, ""FCC_L12#1"": 0.0007007433334814331, ""HCP_A3#1"": 0.0014318974946041802, ""HCP_A3#2"": 0.00012614041164650156, ""HCP_A3#3"": 0.002475342667363361}"
0.8,0.04,0.135,0.02,0.005,True,True,0.8,0.005,"{""BCC_B2#1"": 0.9952720083583441, ""FCC_L12#1"": 0.0007006386147338053, ""HCP_A3#2"": 0.0024734270060428926, ""HCP_A3#3"": 0.0015539260208791098}"
0.8,0.04,0.14,0.015,0.005,True,True,0.8,0.005,"{""BCC_B2#1"": 0.9952786820921987, ""FCC_L12#1"": 0.0006998226967526908, ""HCP_A3#2"": 0.0024618082533375578, ""HCP_A3#3"": 0.0015596869577110093}"
0.8,0.04,0.145,0.01,0.005,True,True,0.8,0.005,"{""BCC_B2#1"": 0.9952877391148475, ""FCC_L12#1"": 0.0006989991412541646, ""HCP_A3#2"": 0.002450676475341857, ""HCP_A3#3"": 0.00156258526855672}"
0.8,0.04,0.15,0.005,0.005,True,True,0.8,0.005,"{""BCC_B2#1"": 0.9953003510566771, ""FCC_L12#1"": 0.0006981679376570737, ""HCP_A3#2"": 0.0024399615722910453, ""HCP_A3#3"": 0.0015615194333749632}"
0.8,0.04,0.155,0.0,0.005,True,True,0.8,0.005,"{""BCC_B2#1"": 0.9953181155252248, ""FCC_L12#1"": 0.0006973289479871982, ""HCP_A3#2"": 0.002429608338179739, ""HCP_A3#3"": 0.0015549471886085375}"
0.8,0.045,0.0,0.15,0.005,True,False,0.8,0.005,"{""BCC_B2#1"": 0.9897711948816688, ""C15_LAVES#1"": 0.0066341512003303856, ""FCC_L12#1"": 0.0006866390585030502, ""HCP_A3#2"": 0.002203480766056266, ""ZRO2_MONO#1"": 0.0007045340934412602}"
0.8,0.045,0.005,0.145,0.005,True,False,0.8,0.005,"{""BCC_B2#1"": 0.9898384307652826, ""C15_LAVES#1"": 0.006559326522514327, ""FCC_L12#1"": 0.0006870568915221012, ""HCP_A3#2"": 0.002210702547318661, ""ZRO2_MONO#1"": 0.0007044832733626047}"
0.8,0.045,0.01,0.14,0.005,True,False,0.8,0.005,"{""BCC_B2#1"": 0.9899126389131381, ""C15_LAVES#1"": 0.006477282971380128, ""FCC_L12#1"": 0.0006874858708269859, ""HCP_A3#2"": 0.0022181663363775427, ""ZRO2_MONO#1"": 0.0007044259082771312}"
0.8,0.045,0.015,0.135,0.005,True,False,0.8,0.005,"{""BCC_B2#1"": 0.9899944263289494, ""C15_LAVES#1"": 0.006387413105497524, ""FCC_L12#1"": 0.0006879257788021812, ""HCP_A3#2"": 0.002225873735567398, ""ZRO2_MONO#1"": 0.00070436105118374}"
0.8,0.045,0.02,0.13,0.005,True,False,0.8,0.005,"{""BCC_B2#1"": 0.9900844484656609, ""C15_LAVES#1"": 0.006289061453885474, ""FCC_L12#1"": 0.0006883763859132096, ""HCP_A3#2"": 0.002233826470861831, ""ZRO2_MONO#1"": 0.0007042872236784814}"
0.8,0.045,0.025,0.125,0.005,True,False,0.8,0.005,"{""BCC_B2#1"": 0.9901834129301329, ""C15_LAVES#1"": 0.006181519445580772, ""FCC_L12#1"": 0.0006888374497715881, ""HCP_A3#2"": 0.0022420264358547965, ""ZRO2_MONO#1"": 0.0007042037386601525}"
0.8,0.045,0.03,0.12,0.005,True,False,0.8,0.005,"{""BCC_B2#1"": 0.9902920867001472, ""C15_LAVES#1"": 0.006064020021277645, ""FCC_L12#1"": 0.0006893087162193734, ""HCP_A3#2"": 0.0022504757476691133, ""ZRO2_MONO#1"": 0.0007041088146865468}"
0.8,0.045,0.035,0.115,0.005,True,False,0.8,0.005,"{""BCC_B2#1"": 0.9904113026011355, ""C15_LAVES#1"": 0.0059357311558064585, ""FCC_L12#1"": 0.0006897899189926563, ""HCP_A3#2"": 0.0022591768027944593, ""ZRO2_MONO#1"": 0.00070399952127101}"
0.8,0.045,0.04,0.11,0.005,True,False,0.8,0.005,"{""BCC_B2#1"": 0.9905419624758148, ""C15_LAVES#1"": 0.005795749599750555, ""FCC_L12#1"": 0.0006902807770255597, ""HCP_A3#2"": 0.00226813233306031, ""ZRO2_MONO#1"": 0.0007038748143486743}"
0.8,0.045,0.045,0.105,0.005,True,False,0.8,0.005,"{""BCC_B2#1"": 0.9906850509011946, ""C15_LAVES#1"": 0.005643093152681344, ""FCC_L12#1"": 0.0006907809979030026, ""HCP_A3#2"": 0.0022773454869614513, ""ZRO2_MONO#1"": 0.0007037294612596214}"
0.8,0.045,0.05,0.1,0.005,True,False,0.8,0.005,"{""BCC_B2#1"": 0.9908416364795792, ""C15_LAVES#1"": 0.005476692730897761, ""FCC_L12#1"": 0.0006912902723468286, ""HCP_A3#2"": 0.002286819890779129, ""ZRO2_MONO#1"": 0.0007035606263968969}"
0.8,0.045,0.055,0.095,0.005,True,False,0.8,0.005,"{""BCC_B2#1"": 0.9910128861165914, ""C15_LAVES#1"": 0.00529538375564088, ""FCC_L12#1"": 0.0006918082770231774, ""HCP_A3#2"": 0.002296559746300199, ""ZRO2_MONO#1"": 0.0007033621044440228}"
0.8,0.045,0.06,0.09,0.005,True,False,0.8,0.005,"{""BCC_B2#1"": 0.9912000712703612, ""C15_LAVES#1"": 0.005097896357343358, ""FCC_L12#1"": 0.0006923346707567715, ""HCP_A3#2"": 0.0023065699169385052, ""ZRO2_MONO#1"": 0.000703127784599601}"
0.8,0.045,0.065,0.085,0.005,True,False,0.8,0.005,"{""BCC_B2#1"": 0.9921279671168297, ""C15_LAVES#1"": 0.0037748337601608414, ""FCC_L12#1"": 0.000691907976181274, ""HCP_A3#2"": 0.002313556219596796, ""HCP_A3#3"": 0.000683544456087507, ""ZRO2_MONO#1"": 0.0004081904711436464}"
0.8,0.045,0.07,0.08,0.005,True,False,0.8,0.005,"{""BCC_B2#1"": 0.9933515190108838, ""C15_LAVES#1"": 0.0020052341570695464, ""FCC_L12#1"": 0.000691119990070855, ""HCP_A3#2"": 0.0023193398591309883, ""HCP_A3#3"": 0.0016327869828449788}"
0.8,0.045,0.075,0.075,0.005,True,False,0.8,0.005,"{""BCC_B2#1"": 0.9935983198466274, ""C15_LAVES#1"": 0.0017423030421205555, ""FCC_L12#1"": 0.0006916568176815132, ""HCP_A3#2"": 0.002329664171923817, ""HCP_A3#3"": 0.0016380561216468104}"
0.8,0.045,0.08,0.07,0.005,True,False,0.8,0.005,"{""BCC_B2#1"": 0.9938672834183715, ""C15_LAVES#1"": 0.0014569448277294847, ""FCC_L12#1"": 0.0006922002554018628, ""HCP_A3#2"": 0.002340198727250258, ""HCP_A3#3"": 0.0016433727712472205}"
0.8,0.045,0.085,0.065,0.005,True,False,0.8,0.005,"{""BCC_B2#1"": 0.9930757900044516, ""C15_LAVES#1"": 0.002288113217387923, ""FCC_L12#1"": 0.0006935412529274933, ""HCP_A3#1"": 0.0010847237777462334, ""HCP_A3#2"": 0.0005037424814087636, ""HCP_A3#3"": 0.0023540892660779858}"
0.8,0.045,0.09,0.06,0.005,True,False,0.8,0.005,"{""BCC_B2#1"": 0.9921185300796703, ""C15_LAVES#1"": 0.0032944079443068047, ""FCC_L12#1"": 0.00069503280373841, ""HCP_A3#1"": 0.000426114189148813, ""HCP_A3#2"": 0.0010970989971034037, ""HCP_A3#3"": 0.0023688159860322344}"
0.8,0.045,0.095,0.055,0.005,True,False,0.8,0.005,"{""BCC_B2#1"": 0.9916365988975355, ""C15_LAVES#1"": 0.0038003732249432113, ""FCC_L12#1"": 0.000696202612002444, ""HCP_A3#2"": 0.001484413415245628, ""HCP_A3#3"": 0.002382411850273349}"
0.8,0.045,0.1,0.05,0.005,True,False,0.8,0.005,"{""BCC_B2#1"": 0.9920042230088602, ""C15_LAVES#1"": 0.0034120525822895387, ""FCC_L12#1"": 0.0006967698492588977, ""HCP_A3#2"": 0.001493353936558737, ""HCP_A3#3"": 0.0023936006230329057}"
0.8,0.045,0.105,0.045,0.005,True,False,0.8,0.005,"{""BCC_B2#1"": 0.9924058416271553, ""C15_LAVES#1"": 0.0029891920176989524, ""FCC_L12#1"": 0.0006973417893777242, ""HCP_A3#2"": 0.0015026113571307168, ""HCP_A3#3"": 0.0024050132086370734}"
0.8,0.045,0.11,0.04,0.005,True,False,0.8,0.005,"{""BCC_B2#1"": 0.9928446565128625, ""C15_LAVES#1"": 0.0025286906099775434, ""FCC_L12#1"": 0.0006979179164137175, ""HCP_A3#2"": 0.0015120920810440127, ""HCP_A3#3"": 0.0024166428797021467}"
0.8,0.045,0.115,0.035,0.005,True,False,0.8,0.005,"{""BCC_B2#1"": 0.9933242058890281, ""C15_LAVES#1"": 0.0020271486990689164, ""FCC_L12#1"": 0.0006984976744498348, ""HCP_A3#2"": 0.0015216646362115865, ""HCP_A3#3"": 0.002428483101241435}"
0.8,0.045,0.12,0.03,0.005,True,False,0.8,0.005,"{""BCC_B2#1"": 0.9938484049004188, ""C15_LAVES#1"": 0.0014808408279532032, ""FCC_L12#1"": 0.000699080465356959, ""HCP_A3#2"": 0.0015311465496767613, ""HCP_A3#3"": 0.0024405272565938495}"
0.8,0.045,0.125,0.025,0.005,True,False,0.8,0.005,"{""BCC_B2#1"": 0.9944215931853929, ""C15_LAVES#1"": 0.0008856865185005342, ""FCC_L12#1"": 0.0006996656462368893, ""HCP_A3#2"": 0.0015402862630480585, ""HCP_A3#3"": 0.0024527683868217336}"
0.8,0.045,0.13,0.02,0.005,True,False,0.8,0.005,"{""BCC_B2#1"": 0.9950485912891088, ""C15_LAVES#1"": 0.00023721904166740718, ""FCC_L12#1"": 0.000700252526432272, ""HCP_A3#2"": 0.0015487382229990151, ""HCP_A3#3"": 0.0024651989197923556}"
0.8,0.045,0.135,0.015,0.005,True,True,0.8,0.005,"{""BCC_B2#1"": 0.9952822950008166, ""FCC_L12#1"": 0.0006999212994420188, ""HCP_A3#2"": 0.0015558546203419902, ""HCP_A3#3"": 0.002461929079399489}"
0.8,0.045,0.14,0.01,0.005,True,True,0.8,0.005,"{""BCC_B2#1"": 0.995289537773873, ""FCC_L12#1"": 0.0006990990835912215, ""HCP_A3#2"": 0.0015606317171421742, ""HCP_A3#3"": 0.002450731425393618}"
0.8,0.045,0.145,0.005,0.005,True,True,0.8,0.005,"{""BCC_B2#1"": 0.9952995870151913, ""FCC_L12#1"": 0.000698269394626764, ""HCP_A3#2"": 0.0015621686621988902, ""HCP_A3#3"": 0.0024399749279830213}"
0.8,0.045,0.15,0.0,0.005,True,True,0.8,0.005,"{""BCC_B2#1"": 0.9953137687064464, ""FCC_L12#1"": 0.0006974321490535067, ""HCP_A3#2"": 0.0015591996513350977, ""HCP_A3#3"": 0.0024295994931650693}"
0.8,0.05,0.0,0.145,0.005,True,False,0.8,0.005,"{""BCC_B2#1"": 0.9896491542652921, ""C15_LAVES#1"": 0.006776792035942364, ""FCC_L12#1"": 0.0006851138856375915, ""HCP_A3#3"": 0.002184299474744477, ""ZRO2_MONO#1"": 0.0007046403383835855}"
0.8,0.05,0.005,0.14,0.005,True,False,0.8,0.005,"{""BCC_B2#1"": 0.9897103688604044, ""C15_LAVES#1"": 0.006708052009769556, ""FCC_L12#1"": 0.0006855298647674674, ""HCP_A3#3"": 0.00219145071788389, ""ZRO2_MONO#1"": 0.0007045985471747394}"
0.8,0.05,0.01,0.135,0.005,True,False,0.8,0.005,"{""BCC_B2#1"": 0.9897784240444009, ""C15_LAVES#1"": 0.0066322265099187875, ""FCC_L12#1"": 0.0006859576267169673, ""HCP_A3#3"": 0.002198840315607099, ""ZRO2_MONO#1"": 0.0007045515033564061}"
0.8,0.05,0.015,0.13,0.005,True,False,0.8,0.005,"{""BCC_B2#1"": 0.9898539239751234, ""C15_LAVES#1"": 0.006548711950018081, ""FCC_L12#1"": 0.000686396940254062, ""HCP_A3#3"": 0.0022064691800108595, ""ZRO2_MONO#1"": 0.0007044979545935232}"
0.8,0.05,0.02,0.125,0.005,True,False,0.8,0.005,"{""BCC_B2#1"": 0.9899375199540443, ""C15_LAVES#1"": 0.0064568576699056916, ""FCC_L12#1"": 0.0006868475626583799, ""HCP_A3#3"": 0.0022143382819627775, ""ZRO2_MONO#1"": 0.0007044365314288227}"
0.8,0.05,0.025,0.12,0.005,True,False,0.8,0.005,"{""BCC_B2#1"": 0.9900299139574228, ""C15_LAVES#1"": 0.006355960989823387, ""FCC_L12#1"": 0.0006873092389878723, ""HCP_A3#3"": 0.0022224486921305353, ""ZRO2_MONO#1"": 0.0007043671216356878}"
0.8,0.05,0.03,0.115,0.005,True,False,0.8,0.005,"{""BCC_B2#1"": 0.9901318693251808, ""C15_LAVES#1"": 0.006245261092840041, ""FCC_L12#1"": 0.0006877817052730234, ""HCP_A3#3"": 0.0022308016373521295, ""ZRO2_MONO#1"": 0.0007042862393540335}"
0.8,0.05,0.035,0.11,0.005,True,False,0.8,0.005,"{""BCC_B2#1"": 0.9902442105507618, ""C15_LAVES#1"": 0.006123933176791499, ""FCC_L12#1"": 0.0006882646840636992, ""HCP_A3#2"": 0.0022393985381387385, ""ZRO2_MONO#1"": 0.0007041930502442139}"
0.8,0.05,0.04,0.105,0.005,True,False,0.8,0.005,"{""BCC_B2#1"": 0.9903678352515349, ""C15_LAVES#1"": 0.00599108117483262, ""FCC_L12#1"": 0.0006887578871917419, ""HCP_A3#3"": 0.002248241072446852, ""ZRO2_MONO#1"": 0.0007040846139932868}"
0.8,0.05,0.045,0.1,0.005,True,False,0.8,0.005,"{""BCC_B2#1"": 0.9905037199451537, ""C15_LAVES#1"": 0.005845730388606772, ""FCC_L12#1"": 0.0006892610139208828, ""HCP_A3#2"": 0.002257331230632594, ""ZRO2_MONO#1"": 0.0007039574216858067}"
0.8,0.05,0.05,0.095,0.005,True,False,0.8,0.005,"{""BCC_B2#1"": 0.9906529288952213, ""C15_LAVES#1"": 0.005686818864199932, ""FCC_L12#1"": 0.0006897737501196274, ""HCP_A3#2"": 0.002266671378303155, ""ZRO2_MONO#1"": 0.0007038071121561253}"
0.8,0.05,0.055,0.09,0.005,True,False,0.8,0.005,"{""BCC_B2#1"": 0.9908166231477487, ""C15_LAVES#1"": 0.005513188751238197, ""FCC_L12#1"": 0.0006902957672577077, ""HCP_A3#2"": 0.0022762643262153525, ""ZRO2_MONO#1"": 0.0007036280075398858}"
0.8,0.05,0.06,0.085,0.005,True,False,0.8,0.005,"{""BCC_B2#1"": 0.9909960724401825, ""C15_LAVES#1"": 0.005323576160990327, ""FCC_L12#1"": 0.0006908267220967346, ""HCP_A3#2"": 0.002286113408403238, ""ZRO2_MONO#1"": 0.0007034112683272375}"
0.8,0.05,0.065,0.08,0.005,True,False,0.8,0.005,"{""BCC_B2#1"": 0.9911926634976919, ""C15_LAVES#1"": 0.0051166007127580095, ""FCC_L12#1"": 0.0006913662532873297, ""HCP_A3#2"": 0.0022962225593581207, ""ZRO2_MONO#1"": 0.0007031469769047163}"
0.8,0.05,0.07,0.075,0.005,True,False,0.8,0.005,"{""BCC_B2#1"": 0.9914079140148212, ""C15_LAVES#1"": 0.004890754220273476, ""FCC_L12#1"": 0.0006919139809174159, ""HCP_A3#2"": 0.0023065964102668432, ""ZRO2_MONO#1"": 0.0007028213737210555}"
0.8,0.05,0.075,0.07,0.005,True,False,0.8,0.005,"{""BCC_B2#1"": 0.9902174822482906, ""C15_LAVES#1"": 0.005316493090519467, ""FCC_L12#1"": 0.0006924737199104834, ""HCP_A3#2"": 0.0023183300526411535, ""HCP_A3#3"": 0.0014552208886382484}"
0.8,0.05,0.08,0.065,0.005,True,False,0.8,0.005,"{""BCC_B2#1"": 0.9904671575015719, ""C15_LAVES#1"": 0.0050487701968356235, ""FCC_L12#1"": 0.000693022969668392, ""HCP_A3#2"": 0.0023285059712179236, ""HCP_A3#3"": 0.001462543360706471}"
0.8,0.05,0.085,0.06,0.005,True,False,0.8,0.005,"{""BCC_B2#1"": 0.9907405735794824, ""C15_LAVES#1"": 0.004756584656967671, ""FCC_L12#1"": 0.0006935792322482147, ""HCP_A3#2"": 0.0023389208679772833, ""HCP_A3#3"": 0.0014703416633246166}"
0.8,0.05,0.09,0.055,0.005,True,False,0.8,0.005,"{""BCC_B2#1"": 0.9910399158012699, ""C15_LAVES#1"": 0.004437781085729338, ""FCC_L12#1"": 0.0006941421434796526, ""HCP_A3#2"": 0.0023495656213967323, ""HCP_A3#3"": 0.001478595348124266}"
0.8,0.05,0.095,0.05,0.005,True,False,0.8,0.005,"{""BCC_B2#1"": 0.9913675997690854, ""C15_LAVES#1"": 0.004089986827909501, ""FCC_L12#1"": 0.0006947113047748108, ""HCP_A3#2"": 0.0023604325238509457, ""HCP_A3#3"": 0.0014872695743791801}"
0.8,0.05,0.1,0.045,0.005,True,False,0.8,0.005,"{""BCC_B2#1"": 0.9917262950382518, ""C15_LAVES#1"": 0.0037105927841033707, ""FCC_L12#1"": 0.0006952862812802039, ""HCP_A3#2"": 0.002371514762780386, ""HCP_A3#3"": 0.0014963111335841075}"
0.8,0.05,0.105,0.04,0.005,True,False,0.8,0.005,"{""BCC_B2#1"": 0.9921189527182169, ""C15_LAVES#1"": 0.0032967318466187233, ""FCC_L12#1"": 0.0006958665999283098, ""HCP_A3#2"": 0.0023828060420799384, ""HCP_A3#3"": 0.0015056427931562596}"
0.8,0.05,0.11,0.035,0.005,True,False,0.8,0.005,"{""BCC_B2#1"": 0.992548837523155, ""C15_LAVES#1"": 0.002845255023716486, ""FCC_L12#1"": 0.0006964517473562194, ""HCP_A3#2"": 0.002394300286313004, ""HCP_A3#3"": 0.0015151554194592278}"
0.8,0.05,0.115,0.03,0.005,True,False,0.8,0.005,"{""BCC_B2#1"": 0.9930195650531379, ""C15_LAVES#1"": 0.0023527052858148545, ""FCC_L12#1"": 0.0006970411676705581, ""HCP_A3#2"": 0.0024059913901659895, ""HCP_A3#3"": 0.001524697103210396}"
0.8,0.05,0.12,0.025,0.005,True,False,0.8,0.005,"{""BCC_B2#1"": 0.9935351453876644, ""C15_LAVES#1"": 0.0018152891719572294, ""FCC_L12#1"": 0.0006976342600279729, ""HCP_A3#2"": 0.0024178729862148955, ""HCP_A3#3"": 0.001534058194135301}"
0.8,0.05,0.125,0.02,0.005,True,False,0.8,0.005,"{""BCC_B2#1"": 0.9941000344478652, ""C15_LAVES#1"": 0.0012288462462167863, ""FCC_L12#1"": 0.0006982303759204405, ""HCP_A3#2"": 0.002429938209339404, ""HCP_A3#3"": 0.0015429507206581106}"
0.8,0.05,0.13,0.015,0.005,True,False,0.8,0.005,"{""BCC_B2#1"": 0.9947191950663259, ""C15_LAVES#1"": 0.0005888166029595465, ""FCC_L12#1"": 0.0006988288160774879, ""HCP_A3#2"": 0.002442179437490444, ""HCP_A3#3"": 0.0015509800771467254}"
0.8,0.05,0.135,0.01,0.005,True,True,0.8,0.005,"{""BCC_B2#1"": 0.9952922362338623, ""FCC_L12#1"": 0.0006992130454615571, ""HCP_A3#2"": 0.0024510210470655774, ""HCP_A3#3"": 0.001557529673610703}"
0.8,0.05,0.14,0.005,0.005,True,True,0.8,0.005,"{""BCC_B2#1"": 0.9953001872668618, ""FCC_L12#1"": 0.0006983847063638417, ""HCP_A3#2"": 0.0024402068599936855, ""HCP_A3#3"": 0.001561221166780769}"
0.8,0.05,0.145,0.0,0.005,True,True,0.8,0.005,"{""BCC_B2#1"": 0.9953114198558592, ""FCC_L12#1"": 0.0006975489994229793, ""HCP_A3#2"": 0.002429795572649273, ""HCP_A3#3"": 0.0015612355720686527}"
0.8,0.055,0.0,0.14,0.005,True,False,0.8,0.005,"{""BCC_B2#1"": 0.9895508080302314, ""C15_LAVES#1"": 0.006892542550636916, ""FCC_L12#1"": 0.0006838091101707822, ""HCP_A3#2"": 0.002168128295114881, ""ZRO2_MONO#1"": 0.0007047120138460732}"
0.8,0.055,0.005,0.135,0.005,True,False,0.8,0.005,"{""BCC_B2#1"": 0.9896069290648267, ""C15_LAVES#1"": 0.006828930454189393, ""FCC_L12#1"": 0.0006842223491660784, ""HCP_A3#2"": 0.002175241562540818, ""ZRO2_MONO#1"": 0.0007046765692767429}"
0.8,0.055,0.01,0.13,0.005,True,False,0.8,0.005,"{""BCC_B2#1"": 0.989669821665443, ""C15_LAVES#1"": 0.006758302922862283, ""FCC_L12#1"": 0.000684648039376064, ""HCP_A3#2"": 0.0021825909467807184, ""ZRO2_MONO#1"": 0.0007046364255379932}"
0.8,0.055,0.015,0.125,0.005,True,False,0.8,0.005,"{""BCC_B2#1"": 0.9897400907693726, ""C15_LAVES#1"": 0.0066800561397996365, ""FCC_L12#1"": 0.000685085924095856, ""HCP_A3#2"": 0.0021901767687083867, ""ZRO2_MONO#1"": 0.0007045903980233611}"
0.8,0.055,0.02,0.12,0.005,True,False,0.8,0.005,"{""BCC_B2#1"": 0.9898183868965195, ""C15_LAVES#1"": 0.0065935402596186245, ""FCC_L12#1"": 0.0006855357360562585, ""HCP_A3#2"": 0.002197999359384774, ""ZRO2_MONO#1"": 0.0007045377484207261}"
0.8,0.055,0.025,0.115,0.005,True,False,0.8,0.005,"{""BCC_B2#1"": 0.989905413495434, ""C15_LAVES#1"": 0.006498054058320864, ""FCC_L12#1"": 0.0006859971993562325, ""HCP_A3#2"": 0.002206059107517063, ""ZRO2_MONO#1"": 0.0007044761393719342}"
0.8,0.055,0.03,0.11,0.005,True,False,0.8,0.005,"{""BCC_B2#1"": 0.9900019296313184, ""C15_LAVES#1"": 0.006392838973046872, ""FCC_L12#1"": 0.0006864700274259293, ""HCP_A3#2"": 0.002214356497278604, ""ZRO2_MONO#1"": 0.0007044048709297837}"
0.8,0.055,0.035,0.105,0.005,True,False,0.8,0.005,"{""BCC_B2#1"": 0.9901087599121892, ""C15_LAVES#1"": 0.006277072567535418, ""FCC_L12#1"": 0.0006869539252121014, ""HCP_A3#2"": 0.002222892162948656, ""ZRO2_MONO#1"": 0.0007043214321144879}"
0.8,0.055,0.04,0.1,0.005,True,False,0.8,0.005,"{""BCC_B2#1"": 0.9902268004980685, ""C15_LAVES#1"": 0.0061498613029349275, ""FCC_L12#1"": 0.0006874485878748227, ""HCP_A3#2"": 0.0022316669357199787, ""ZRO2_MONO#1"": 0.000704222675401892}"
0.8,0.055,0.045,0.095,0.005,True,False,0.8,0.005,"{""BCC_B2#1"": 0.9903570258582262, ""C15_LAVES#1"": 0.006010232725322175, ""FCC_L12#1"": 0.0006879536992581983, ""HCP_A3#2"": 0.002240681893565467, ""ZRO2_MONO#1"": 0.0007041058236279346}"
0.8,0.055,0.05,0.09,0.005,True,False,0.8,0.005,"{""BCC_B2#1"": 0.9905005009415971, ""C15_LAVES#1"": 0.005857126669556472, ""FCC_L12#1"": 0.0006884689331160239, ""HCP_A3#2"": 0.002249938423596561, ""ZRO2_MONO#1"": 0.0007039650321339024}"
0.8,0.055,0.055,0.085,0.005,True,False,0.8,0.005,"{""BCC_B2#1"": 0.9906583879686535, ""C15_LAVES#1"": 0.005689386156244733, ""FCC_L12#1"": 0.0006889939500479915, ""HCP_A3#2"": 0.0022594382756791083, ""ZRO2_MONO#1"": 0.0007037936493748303}"
0.8,0.055,0.06,0.08,0.005,True,False,0.8,0.005,"{""BCC_B2#1"": 0.9908319571303179, ""C15_LAVES#1"": 0.005505747114650355, ""FCC_L12#1"": 0.0006895283959877516, ""HCP_A3#2"": 0.002269183625237677, ""ZRO2_MONO#1"": 0.00070358373380597}"
0.8,0.055,0.065,0.075,0.005,True,False,0.8,0.005,"{""BCC_B2#1"": 0.9910226016125937, ""C15_LAVES#1"": 0.0053048274986847825, ""FCC_L12#1"": 0.0006900719028286321, ""HCP_A3#2"": 0.0022791771488349833, ""ZRO2_MONO#1"": 0.0007033218370578884}"
0.8,0.055,0.07,0.07,0.005,True,False,0.8,0.005,"{""BCC_B2#1"": 0.9903646464466181, ""C15_LAVES#1"": 0.005496190185250455, ""FCC_L12#1"": 0.0006906193409502551, ""HCP_A3#2"": 0.0022901370217154322, ""HCP_A3#3"": 0.0008835140110797474, ""ZRO2_MONO#1"": 0.0002748929943857922}"
0.8,0.055,0.075,0.065,0.005,True,False,0.8,0.005,"{""BCC_B2#1"": 0.9900302704008251, ""C15_LAVES#1"": 0.0055206872744084125, ""FCC_L12#1"": 0.000691163413810447, ""HCP_A3#2"": 0.0023005645168836086, ""HCP_A3#3"": 0.0014573143940724747}"
0.8,0.055,0.08,0.06,0.005,True,False,0.8,0.005,"{""BCC_B2#1"": 0.9902738293356949, ""C15_LAVES#1"": 0.0052589646074463585, ""FCC_L12#1"": 0.0006917165543313104, ""HCP_A3#2"": 0.0023107141516286495, ""HCP_A3#3"": 0.001464775350898614}"
0.8,0.055,0.085,0.055,0.005,True,False,0.8,0.005,"{""BCC_B2#1"": 0.9905410974757463, ""C15_LAVES#1"": 0.0049728203627690355, ""FCC_L12#1"": 0.0006922772436195382, ""HCP_A3#2"": 0.002321087696304931, ""HCP_A3#3"": 0.001472717221560165}"
0.8,0.055,0.09,0.05,0.005,True,False,0.8,0.005,"{""BCC_B2#1"": 0.9908342956282791, ""C15_LAVES#1"": 0.004660068682003489, ""FCC_L12#1"": 0.000692845125710711, ""HCP_A3#2"": 0.002331677509261424, ""HCP_A3#3"": 0.0014811130547453066}"
0.8,0.055,0.095,0.045,0.005,True,False,0.8,0.005,"{""BCC_B2#1"": 0.991155881795265, ""C15_LAVES#1"": 0.00431830134776648, ""FCC_L12#1"": 0.0006934198089376591, ""HCP_A3#2"": 0.0023424769146037586, ""HCP_A3#3"": 0.00148992013342725}"
0.8,0.055,0.1,0.04,0.005,True,False,0.8,0.005,"{""BCC_B2#1"": 0.991508576743971, ""C15_LAVES#1"": 0.003944867264492214, ""FCC_L12#1"": 0.0006940008637963958, ""HCP_A3#2"": 0.0023534798152036844, ""HCP_A3#3"": 0.0014990753125368001}"
0.8,0.055,0.105,0.035,0.005,True,False,0.8,0.005,"{""BCC_B2#1"": 0.9918953936947112, ""C15_LAVES#1"": 0.0035368495885443347, ""FCC_L12#1"": 0.0006945878207353509, ""HCP_A3#2"": 0.0023646804005428308, ""HCP_A3#3"": 0.0015084884954662022}"
0.8,0.055,0.11,0.03,0.005,True,False,0.8,0.005,"{""BCC_B2#1"": 0.9923196727587485, ""C15_LAVES#1"": 0.003091040546324673, ""FCC_L12#1"": 0.0006951801678593662, ""HCP_A3#2"": 0.0023760729075899276, ""HCP_A3#3"": 0.0015180336194776844}"
0.8,0.055,0.115,0.025,0.005,True,False,0.8,0.005,"{""BCC_B2#1"": 0.9927851210288366, ""C15_LAVES#1"": 0.0026039139584192496, ""FCC_L12#1"": 0.0006957773485515054, ""HCP_A3#2"": 0.00238765140641743, ""HCP_A3#3"": 0.0015275362577749324}"
0.8,0.055,0.12,0.02,0.005,True,False,0.8,0.005,"{""BCC_B2#1"": 0.9932958595482848, ""C15_LAVES#1"": 0.002071595512050163, ""FCC_L12#1"": 0.0006963787589174937, ""HCP_A3#2"": 0.0023994095892215044, ""HCP_A3#3"": 0.0015367565915262932}"
0.8,0.055,0.125,0.015,0.005,True,False,0.8,0.005,"{""BCC_B2#1"": 0.9938564787938798, ""C15_LAVES#1"": 0.0014898308972123918, ""FCC_L12#1"": 0.0006969837450191546, ""HCP_A3#2"": 0.0024113405443205722, ""HCP_A3#3"": 0.0015453660195680504}"
0.8,0.055,0.13,0.01,0.005,True,False,0.8,0.005,"{""BCC_B2#1"": 0.994472104841142, ""C15_LAVES#1"": 0.0008539520584969496, ""FCC_L12#1"": 0.0006975915997625062, ""HCP_A3#2"": 0.0024234364965030563, ""HCP_A3#3"": 0.0015529150040950815}"
0.8,0.055,0.135,0.005,0.005,True,False,0.8,0.005,"{""BCC_B2#1"": 0.9951484790817264, ""C15_LAVES#1"": 0.00015884204003549022, ""FCC_L12#1"": 0.0006982015592935539, ""HCP_A3#2"": 0.0024356884923213214, ""HCP_A3#3"": 0.0015587888266229326}"
0.8,0.055,0.14,0.0,0.005,True,True,0.8,0.005,"{""BCC_B2#1"": 0.995310701999486, ""FCC_L12#1"": 0.0006976795217439128, ""HCP_A3#2"": 0.0024301982776390365, ""HCP_A3#3"": 0.0015614202011310205}"
0.8,0.06,0.0,0.135,0.005,True,False,0.8,0.005,"{""BCC_B2#1"": 0.9894710145284058, ""C15_LAVES#1"": 0.006987160970038223, ""FCC_L12#1"": 0.000682689592636163, ""HCP_A3#2"": 0.0021543730849298043, ""ZRO2_MONO#1"": 0.0007047618239900685}"
0.8,0.06,0.005,0.13,0.005,True,False,0.8,0.005,"{""BCC_B2#1"": 0.9895227851318934, ""C15_LAVES#1"": 0.006927911554074172, ""FCC_L12#1"": 0.0006830993115669828, ""HCP_A3#2"": 0.0021614729443537534, ""ZRO2_MONO#1"": 0.000704731058111776}"
0.8,0.06,0.01,0.125,0.005,True,False,0.8,0.005,"{""BCC_B2#1"": 0.9895813098630082, ""C15_LAVES#1"": 0.006861664646092012, ""FCC_L12#1"": 0.0006835221993437152, ""HCP_A3#2"": 0.002168807669246264, ""ZRO2_MONO#1"": 0.0007046956223096041}"
0.8,0.06,0.015,0.12,0.005,True,False,0.8,0.005,"{""BCC_B2#1"": 0.9896471975781527, ""C15_LAVES#1"": 0.006787812762103623, ""FCC_L12#1"": 0.0006839579607565436, ""HCP_A3#2"": 0.0021763770460596194, ""ZRO2_MONO#1"": 0.0007046546529274818}"
0.8,0.06,0.02,0.115,0.005,True,False,0.8,0.005,"{""BCC_B2#1"": 0.9897211021779988, ""C15_LAVES#1"": 0.006705703389428258, ""FCC_L12#1"": 0.0006844062925325397, ""HCP_A3#2"": 0.002184180835677261, ""ZRO2_MONO#1"": 0.0007046073043634861}"
0.8,0.06,0.025,0.11,0.005,True,False,0.8,0.005,"{""BCC_B2#1"": 0.9898037301954075, ""C15_LAVES#1"": 0.006614633109380443, ""FCC_L12#1"": 0.0006848668854050337, ""HCP_A3#2"": 0.002192218820699182, ""ZRO2_MONO#1"": 0.0007045509891077129}"
0.8,0.06,0.03,0.105,0.005,True,False,0.8,0.005,"{""BCC_B2#1"": 0.9898958421193377, ""C15_LAVES#1"": 0.006513841873811046, ""FCC_L12#1"": 0.0006853394214220887, ""HCP_A3#2"": 0.0022004908412612363, ""ZRO2_MONO#1"": 0.000704485744167986}"
0.8,0.06,0.035,0.1,0.005,True,False,0.8,0.005,"{""BCC_B2#1"": 0.9899982659204847, ""C15_LAVES#1"": 0.006402505695179644, ""FCC_L12#1"": 0.0006858235781890029, ""HCP_A3#2"": 0.0022089968540867214, ""ZRO2_MONO#1"": 0.0007044079520597916}"
0.8,0.06,0.04,0.095,0.005,True,False,0.8,0.005,"{""BCC_B2#1"": 0.9901118997794548, ""C15_LAVES#1"": 0.006279729392461738, ""FCC_L12#1"": 0.0006863190252414279, ""HCP_A3#2"": 0.0022177369701329177, ""ZRO2_MONO#1"": 0.0007043148327090991}"
0.8,0.06,0.045,0.09,0.005,True,False,0.8,0.005,"{""BCC_B2#1"": 0.9902377228356538, ""C15_LAVES#1"": 0.006144538364661788, ""FCC_L12#1"": 0.0006868254248669658, ""HCP_A3#2"": 0.00222671150879138, ""ZRO2_MONO#1"": 0.000704201866026122}"
0.8,0.06,0.05,0.085,0.005,True,False,0.8,0.005,"{""BCC_B2#1"": 0.9903768024898083, ""C15_LAVES#1"": 0.005995869496225541, ""FCC_L12#1"": 0.0006873424295792252, ""HCP_A3#2"": 0.0022359210439741226, ""ZRO2_MONO#1"": 0.0007040645404128272}"
0.8,0.06,0.055,0.08,0.005,True,False,0.8,0.005,"{""BCC_B2#1"": 0.9905303075589226, ""C15_LAVES#1"": 0.005832561709708076, ""FCC_L12#1"": 0.0006878696829462919, ""HCP_A3#2"": 0.002245366464625186, ""ZRO2_MONO#1"": 0.0007038945837975998}"
0.8,0.06,0.06,0.075,0.005,True,False,0.8,0.005,"{""BCC_B2#1"": 0.9906995177984056, ""C15_LAVES#1"": 0.005653345208220917, ""FCC_L12#1"": 0.0006884068166045253, ""HCP_A3#2"": 0.002255049025388632, ""ZRO2_MONO#1"": 0.0007036811513802673}"
0.8,0.06,0.065,0.07,0.005,True,False,0.8,0.005,"{""BCC_B2#1"": 0.9908858345050294, ""C15_LAVES#1"": 0.0054568305422384444, ""FCC_L12#1"": 0.0006889534473552315, ""HCP_A3#2"": 0.0022649704016837273, ""ZRO2_MONO#1"": 0.0007034111036931119}"
0.8,0.06,0.07,0.065,0.005,True,False,0.8,0.005,"{""BCC_B2#1"": 0.9896630556917303, ""C15_LAVES#1"": 0.005919364165142973, ""FCC_L12#1"": 0.000689479353435629, ""HCP_A3#2"": 0.002275947196751047, ""HCP_A3#3"": 0.0014521535929402681}"
0.8,0.06,0.075,0.06,0.005,True,False,0.8,0.005,"{""BCC_B2#1"": 0.9898806168136728, ""C15_LAVES#1"": 0.0056842235933857186, ""FCC_L12#1"": 0.0006900269965236353, ""HCP_A3#2"": 0.002285861310915958, ""HCP_A3#3"": 0.0014592712855020595}"
0.8,0.06,0.08,0.055,0.005,True,False,0.8,0.005,"{""BCC_B2#1"": 0.9901199468940001, ""C15_LAVES#1"": 0.005426582208291396, ""FCC_L12#1"": 0.0006905829823375111, ""HCP_A3#2"": 0.0022959958515863074, ""HCP_A3#3"": 0.0014668920637844467}"
0.8,0.06,0.085,0.05,0.005,True,False,0.8,0.005,"{""BCC_B2#1"": 0.9903830878507522, ""C15_LAVES#1"": 0.0051444261737535225, ""FCC_L12#1"": 0.0006911469952301019, ""HCP_A3#2"": 0.002306342921538608, ""HCP_A3#3"": 0.00147499605872548}"
0.8,0.06,0.09,0.045,0.005,True,False,0.8,0.005,"{""BCC_B2#1"": 0.9906723033438388, ""C15_LAVES#1"": 0.00483553248701233, ""FCC_L12#1"": 0.0006917186851363152, ""HCP_A3#2"": 0.0023168957264261087, ""HCP_A3#3"": 0.001483549757586183}"
0.8,0.06,0.095,0.04,0.005,True,False,0.8,0.005,"{""BCC_B2#1"": 0.9909901023797835, ""C15_LAVES#1"": 0.004497449610081742, ""FCC_L12#1"": 0.0006922976651750228, ""HCP_A3#2"": 0.00232764815529384, ""HCP_A3#3"": 0.0014925021896656392}"
0.8,0.06,0.1,0.035,0.005,True,False,0.8,0.005,"{""BCC_B2#1"": 0.991339266795975, ""C15_LAVES#1"": 0.004127475680925669, ""FCC_L12#1"": 0.0006928835092498543, ""HCP_A3#2"": 0.002338594476752409, ""HCP_A3#3"": 0.0015017795370972813}"
0.8,0.06,0.105,0.03,0.005,True,False,0.8,0.005,"{""BCC_B2#1"": 0.9917228831139727, ""C15_LAVES#1"": 0.0037226343708171615, ""FCC_L12#1"": 0.0006934757496369784, ""HCP_A3#2"": 0.002349729100614047, ""HCP_A3#3"": 0.001511277664958929}"
0.8,0.06,0.11,0.025,0.005,True,False,0.8,0.005,"{""BCC_B2#1"": 0.9921443795041157, ""C15_LAVES#1"": 0.003279648403976323, ""FCC_L12#1"": 0.0006940738745411566, ""HCP_A3#2"": 0.0023610463728779693, ""HCP_A3#3"": 0.0015208518444889119}"
0.8,0.06,0.115,0.02,0.005,True,False,0.8,0.005,"{""BCC_B2#1"": 0.992607568889203, ""C15_LAVES#1"": 0.0027949107534387856, ""FCC_L12#1"": 0.0006946773256147525, ""HCP_A3#2"": 0.002372540381407728, ""HCP_A3#3"": 0.0015303026503354757}"
0.8,0.06,0.12,0.015,0.005,True,False,0.8,0.005,"{""BCC_B2#1"": 0.9931166995666005, ""C15_LAVES#1"": 0.0022644535699417696, ""FCC_L12#1"": 0.0006952854953563314, ""HCP_A3#2"": 0.0023842047543471217, ""HCP_A3#3"": 0.0015393566137540985}"
0.8,0.06,0.125,0.01,0.005,True,False,0.8,0.005,"{""BCC_B2#1"": 0.993676515178849, ""C15_LAVES#1"": 0.001683914996529731, ""FCC_L12#1"": 0.000695897724382593, ""HCP_A3#2"": 0.0023960324344343446, ""HCP_A3#3"": 0.0015476396658043925}"
0.8,0.06,0.13,0.005,0.005,True,False,0.8,0.005,"{""BCC_B2#1"": 0.9942923264526874, ""C15_LAVES#1"": 0.0010485041884931547, ""FCC_L12#1"": 0.0006965132984075933, ""HCP_A3#2"": 0.0024080154112173287, ""HCP_A3#3"": 0.0015546406491944013}"
0.8,0.06,0.135,0.0,0.005,True,False,0.8,0.005,"{""BCC_B2#1"": 0.9949700979040128, ""C15_LAVES#1"": 0.0003529651268728686, ""FCC_L12#1"": 0.0006971314448550205, ""HCP_A3#2"": 0.0024201443893085497, ""HCP_A3#3"": 0.0015596611349506034}"
0.8,0.065,0.0,0.13,0.005,True,False,0.8,0.005,"{""BCC_B2#1"": 0.9894060200918144, ""C15_LAVES#1"": 0.0070648647896310235, ""FCC_L12#1"": 0.0006817268321075371, ""HCP_A3#2"": 0.002142590181763953, ""ZRO2_MONO#1"": 0.0007047981046829381}"
0.8,0.065,0.005,0.125,0.005,True,False,0.8,0.005,"{""BCC_B2#1"": 0.9894540507705006, ""C15_LAVES#1"": 0.007009351248415253, ""FCC_L12#1"": 0.0006821323715495829, ""HCP_A3#2"": 0.002149695904269294, ""ZRO2_MONO#1"": 0.0007047697052649009}"
0.8,0.065,0.01,0.12,0.005,True,True,0.8,0.005,{}
0.8,0.065,0.015,0.115,0.005,True,False,0.8,0.005,"{""BCC_B2#1"": 0.9895710649358415, ""C15_LAVES#1"": 0.0068766406729086306, ""FCC_L12#1"": 0.0006829849389031861, ""HCP_A3#2"": 0.002164609634091999, ""ZRO2_MONO#1"": 0.0007046998182545399}"
0.8,0.065,0.02,0.11,0.005,True,False,0.8,0.005,"{""BCC_B2#1"": 0.9896413256686453, ""C15_LAVES#1"": 0.0067981710131171415, ""FCC_L12#1"": 0.0006834312678845705, ""HCP_A3#2"": 0.0021724161603355846, ""ZRO2_MONO#1"": 0.0007046558900174178}"
0.8,0.065,0.025,0.105,0.005,True,False,0.8,0.005,"{""BCC_B2#1"": 0.9897203540893528, ""C15_LAVES#1"": 0.006710697119885135, ""FCC_L12#1"": 0.0006838904883847169, ""HCP_A3#2"": 0.0021804547626818336, ""ZRO2_MONO#1"": 0.0007046035396954652}"
0.8,0.065,0.03,0.1,0.005,True,False,0.8,0.005,"{""BCC_B2#1"": 0.9898089173656363, ""C15_LAVES#1"": 0.006613453939847222, ""FCC_L12#1"": 0.0006843622418749232, ""HCP_A3#2"": 0.0021887246999151037, ""ZRO2_MONO#1"": 0.0007045417527263233}"
0.8,0.065,0.035,0.095,0.005,True,False,0.8,0.005,"{""BCC_B2#1"": 0.989907849956352, ""C15_LAVES#1"": 0.0065056125950945926, ""FCC_L12#1"": 0.0006848461690695676, ""HCP_A3#2"": 0.0021972253207448037, ""ZRO2_MONO#1"": 0.000704465958739143}"
0.8,0.065,0.04,0.09,0.005,True,False,0.8,0.005,"{""BCC_B2#1"": 0.9900180547532389, ""C15_LAVES#1"": 0.00638627261760226, ""FCC_L12#1"": 0.0006853419047604628, ""HCP_A3#2"": 0.0022059560956546784, ""ZRO2_MONO#1"": 0.0007043746287436824}"
0.8,0.065,0.045,0.085,0.005,True,False,0.8,0.005,"{""BCC_B2#1"": 0.9901405181999662, ""C15_LAVES#1"": 0.006254453342482502, ""FCC_L12#1"": 0.0006858490811696371, ""HCP_A3#2"": 0.0022149166777881537, ""ZRO2_MONO#1"": 0.0007042626985936188}"
0.8,0.065,0.05,0.08,0.005,True,False,0.8,0.005,"{""BCC_B2#1"": 0.9902763183709128, ""C15_LAVES#1"": 0.006109084515935661, ""FCC_L12#1"": 0.0006863673254709092, ""HCP_A3#2"": 0.002224106947156821, ""ZRO2_MONO#1"": 0.0007041228405235944}"
0.8,0.065,0.055,0.075,0.005,True,False,0.8,0.005,"{""BCC_B2#1"": 0.990426633002458, ""C15_LAVES#1"": 0.00594899633152654, ""FCC_L12#1"": 0.0006868962563787284, ""HCP_A3#2"": 0.0022335270539784965, ""ZRO2_MONO#1"": 0.0007039473556579006}"
0.8,0.065,0.06,0.07,0.005,True,False,0.8,0.005,"{""BCC_B2#1"": 0.9905927548018731, ""C15_LAVES#1"": 0.005772908612145335, ""FCC_L12#1"": 0.0006874354846417987, ""HCP_A3#2"": 0.0022431774764313803, ""ZRO2_MONO#1"": 0.000703723624908294}"
0.8,0.065,0.065,0.065,0.005,True,False,0.8,0.005,"{""BCC_B2#1"": 0.990345791822713, ""C15_LAVES#1"": 0.005784678555789563, ""FCC_L12#1"": 0.0006879727482869284, ""HCP_A3#2"": 0.0022533148525426205, ""HCP_A3#3"": 0.00043720172658216896, ""ZRO2_MONO#1"": 0.0004910402940856469}"
0.8,0.065,0.07,0.06,0.005,True,False,0.8,0.005,"{""BCC_B2#1"": 0.9895466901005175, ""C15_LAVES#1"": 0.00604725323266382, ""FCC_L12#1"": 0.000688489496821766, ""HCP_A3#2"": 0.0022636758701160657, ""HCP_A3#3"": 0.0014538912998810296}"
0.8,0.065,0.075,0.055,0.005,True,False,0.8,0.005,"{""BCC_B2#1"": 0.9897614531172558, ""C15_LAVES#1"": 0.005814731324035581, ""FCC_L12#1"": 0.0006890387628711569, ""HCP_A3#2"": 0.0022735967793308673, ""HCP_A3#3"": 0.0014611800165062546}"
0.8,0.065,0.08,0.05,0.005,True,False,0.8,0.005,"{""BCC_B2#1"": 0.9899981605491992, ""C15_LAVES#1"": 0.0055595368131699345, ""FCC_L12#1"": 0.0006895967984866068, ""HCP_A3#2"": 0.002283728251924885, ""HCP_A3#3"": 0.0014689775872192775}"
0.8,0.065,0.085,0.045,0.005,True,False,0.8,0.005,"{""BCC_B2#1"": 0.9902588973663815, ""C15_LAVES#1"": 0.005279617573037975, ""FCC_L12#1"": 0.0006901632921775077, ""HCP_A3#2"": 0.002294063127483348, ""HCP_A3#3"": 0.0014772586409195628}"
0.8,0.065,0.09,0.04,0.005,True,False,0.8,0.005,"{""BCC_B2#1"": 0.990545977795045, ""C15_LAVES#1"": 0.004972706442909664, ""FCC_L12#1"": 0.0006907378973818365, ""HCP_A3#2"": 0.0023045950769236536, ""HCP_A3#3"": 0.0014859827877399053}"
0.8,0.065,0.095,0.035,0.005,True,False,0.8,0.005,"{""BCC_B2#1"": 0.9908619706980815, ""C15_LAVES#1"": 0.004636300612944219, ""FCC_L12#1"": 0.000691320229789902, ""HCP_A3#2"": 0.0023153182687500446, ""HCP_A3#3"": 0.0014950901904341592}"
0.8,0.065,0.1,0.03,0.005,True,False,0.8,0.005,"{""BCC_B2#1"": 0.9912097290381263, ""C15_LAVES#1"": 0.0042676385924344815, ""FCC_L12#1"": 0.0006919098647355378, ""HCP_A3#2"": 0.0023262271198986064, ""HCP_A3#3"": 0.001504495384805364}"
0.8,0.065,0.105,0.025,0.005,True,False,0.8,0.005,"{""BCC_B2#1"": 0.9915924240143907, ""C15_LAVES#1"": 0.0038636747969487636, ""FCC_L12#1"": 0.0006925063346038283, ""HCP_A3#2"": 0.0023373160918442066, ""HCP_A3#3"": 0.0015140787622126143}"
0.8,0.065,0.11,0.02,0.005,True,False,0.8,0.005,"{""BCC_B2#1"": 0.9920135847264829, ""C15_LAVES#1"": 0.0034210517582456577, ""FCC_L12#1"": 0.0006931091263003287, ""HCP_A3#2"": 0.0023485795061369765, ""HCP_A3#3"": 0.001523674882833952}"
0.8,0.065,0.115,0.015,0.005,True,False,0.8,0.005,"{""BCC_B2#1"": 0.9924771445256572, ""C15_LAVES#1"": 0.002936069975942187, ""FCC_L12#1"": 0.0006937176787273918, ""HCP_A3#2"": 0.0023600113603064305, ""HCP_A3#3"": 0.0015330564593667528}"
0.8,0.065,0.12,0.01,0.005,True,False,0.8,0.005,"{""BCC_B2#1"": 0.9929874955987349, ""C15_LAVES#1"": 0.002404655491666244, ""FCC_L12#1"": 0.0006943313802317571, ""HCP_A3#2"": 0.0023716051280778688, ""HCP_A3#3"": 0.0015419124012889115}"
0.8,0.065,0.125,0.005,0.005,True,False,0.8,0.005,"{""BCC_B2#1"": 0.9935495538278584, ""C15_LAVES#1"": 0.0018223253869540192, ""FCC_L12#1"": 0.0006949495660066172, ""HCP_A3#2"": 0.002383353527862972, ""HCP_A3#3"": 0.0015498176913180304}"
0.8,0.065,0.13,0.0,0.005,True,False,0.8,0.005,"{""BCC_B2#1"": 0.9941688366229683, ""C15_LAVES#1"": 0.001184151607360077, ""FCC_L12#1"": 0.0006955715153051349, ""HCP_A3#2"": 0.0023952482412812988, ""HCP_A3#3"": 0.0015561920130850965}"
0.8,0.07,0.0,0.125,0.005,True,False,0.8,0.005,"{""BCC_B2#1"": 0.9893530356241168, ""C15_LAVES#1"": 0.007128801721349001, ""FCC_L12#1"": 0.0006808974851924166, ""HCP_A3#2"": 0.002132441115968367, ""ZRO2_MONO#1"": 0.000704824053373564}"
0.8,0.07,0.005,0.12,0.005,True,False,0.8,0.005,"{""BCC_B2#1"": 0.9893978353536959, ""C15_LAVES#1"": 0.00707649969195802, ""FCC_L12#1"": 0.0006812983119281591, ""HCP_A3#2"": 0.002139568270301483, ""ZRO2_MONO#1"": 0.0007047983721167699}"
0.8,0.07,0.01,0.115,0.005,True,False,0.8,0.005,"{""BCC_B2#1"": 0.9894494762016725, ""C15_LAVES#1"": 0.007017111877694755, ""FCC_L12#1"": 0.000681713924701167, ""HCP_A3#2"": 0.002146929774371267, ""ZRO2_MONO#1"": 0.0007047682215602795}"
0.8,0.07,0.015,0.11,0.005,True,False,0.8,0.005,"{""BCC_B2#1"": 0.9895085848656198, ""C15_LAVES#1"": 0.006950014478056386, ""FCC_L12#1"": 0.0006821439095747426, ""HCP_A3#2"": 0.0021545244339911144, ""ZRO2_MONO#1"": 0.000704732312758006}"
0.8,0.07,0.02,0.105,0.005,True,False,0.8,0.005,"{""BCC_B2#1"": 0.9895758306679028, ""C15_LAVES#1"": 0.006874540515735757, ""FCC_L12#1"": 0.0006825878524604925, ""HCP_A3#2"": 0.002162350975402716, ""ZRO2_MONO#1"": 0.0007046899884983163}"
0.8,0.07,0.025,0.1,0.005,True,False,0.8,0.005,"{""BCC_B2#1"": 0.9896519334908204, ""C15_LAVES#1"": 0.006789973448984371, ""FCC_L12#1"": 0.0006830453414865314, ""HCP_A3#2"": 0.002170408096620001, ""ZRO2_MONO#1"": 0.0007046396220886567}"
0.8,0.07,0.03,0.095,0.005,True,False,0.8,0.005,"{""BCC_B2#1"": 0.9897376711049167, ""C15_LAVES#1"": 0.006695540407521831, ""FCC_L12#1"": 0.0006835159678604043, ""HCP_A3#2"": 0.002178694516010662, ""ZRO2_MONO#1"": 0.000704578003690286}"
0.8,0.07,0.035,0.09,0.005,True,False,0.8,0.005,"{""BCC_B2#1"": 0.9898338836073669, ""C15_LAVES#1"": 0.006590404592287856, ""FCC_L12#1"": 0.0006839993234875544, ""HCP_A3#2"": 0.0021872090118920016, ""ZRO2_MONO#1"": 0.0007045034649656227}"
0.8,0.07,0.04,0.085,0.005,True,False,0.8,0.005,"{""BCC_B2#1"": 0.9899414868665125, ""C15_LAVES#1"": 0.006473656878914984, ""FCC_L12#1"": 0.0006844950035740881, ""HCP_A3#2"": 0.0021959504793554662, ""ZRO2_MONO#1"": 0.0007044107716427385}"
0.8,0.07,0.045,0.08,0.005,True,False,0.8,0.005,"{""BCC_B2#1"": 0.9900614765837222, ""C15_LAVES#1"": 0.006344307080730064, ""FCC_L12#1"": 0.0006850026019516934, ""HCP_A3#2"": 0.0022049179657542806, ""ZRO2_MONO#1"": 0.0007042957678417752}"
0.8,0.07,0.05,0.075,0.005,True,False,0.8,0.005,"{""BCC_B2#1"": 0.9901949434517451, ""C15_LAVES#1"": 0.006201273990018797, ""FCC_L12#1"": 0.0006855217126648539, ""HCP_A3#2"": 0.0022141107268558893, ""ZRO2_MONO#1"": 0.0007041501187151934}"
0.8,0.07,0.055,0.07,0.005,True,False,0.8,0.005,"{""BCC_B2#1"": 0.9903430807183854, ""C15_LAVES#1"": 0.00604337499923324, ""FCC_L12#1"": 0.0006860519254697056, ""HCP_A3#2"": 0.0022235282650252927, ""ZRO2_MONO#1"": 0.000703964091886425}"
0.8,0.07,0.06,0.065,0.005,True,False,0.8,0.005,"{""BCC_B2#1"": 0.9905071980736243, ""C15_LAVES#1"": 0.005869314980215853, ""FCC_L12#1"": 0.0006865928245799004, ""HCP_A3#2"": 0.002233170378594884, ""ZRO2_MONO#1"": 0.0007037237429851428}"
0.8,0.07,0.065,0.06,0.005,True,False,0.8,0.005,"{""BCC_B2#1"": 0.9892613155352878, ""C15_LAVES#1"": 0.006359272077924968, ""FCC_L12#1"": 0.0006870865137243714, ""HCP_A3#2"": 0.002243653807829526, ""HCP_A3#3"": 0.0014486720652334324}"
0.8,0.07,0.07,0.055,0.005,True,False,0.8,0.005,"{""BCC_B2#1"": 0.9894542756696397, ""C15_LAVES#1"": 0.006149099337972231, ""FCC_L12#1"": 0.0006876274066548811, ""HCP_A3#2"": 0.002253381087174816, ""HCP_A3#3"": 0.0014556164985584277}"
0.8,0.07,0.075,0.05,0.005,True,False,0.8,0.005,"{""BCC_B2#1"": 0.9896675332567596, ""C15_LAVES#1"": 0.005917878202364932, ""FCC_L12#1"": 0.0006881777354241311, ""HCP_A3#2"": 0.0022633186354989216, ""HCP_A3#3"": 0.0014630921699523302}"
0.8,0.07,0.08,0.045,0.005,True,False,0.8,0.005,"{""BCC_B2#1"": 0.9899030086621597, ""C15_LAVES#1"": 0.0056637144472527845, ""FCC_L12#1"": 0.0006887372227984773, ""HCP_A3#2"": 0.00227345866396917, ""HCP_A3#3"": 0.0014710810038197839}"
0.7999999999999999,0.07,0.085,0.04,0.005,True,False,0.8,0.005,"{""BCC_B2#1"": 0.9901628367667877, ""C15_LAVES#1"": 0.005384511374934476, ""FCC_L12#1"": 0.0006893055590067552, ""HCP_A3#2"": 0.0022837944183197526, ""HCP_A3#3"": 0.0014795518809513374}"
0.8,0.07,0.09,0.035,0.005,True,False,0.8,0.005,"{""BCC_B2#1"": 0.9904493902744264, ""C15_LAVES#1"": 0.005077950498693665, ""FCC_L12#1"": 0.0006898823987170399, ""HCP_A3#2"": 0.0022943197898956554, ""HCP_A3#3"": 0.0014884570382669915}"
0.8,0.07,0.095,0.03,0.005,True,False,0.8,0.005,"{""BCC_B2#1"": 0.9907653069185571, ""C15_LAVES#1"": 0.004741469705983835, ""FCC_L12#1"": 0.0006904673581202623, ""HCP_A3#2"": 0.002305029040888538, ""HCP_A3#3"": 0.0014977269764500994}"
0.8,0.07,0.1,0.025,0.005,True,False,0.8,0.005,"{""BCC_B2#1"": 0.9911135210030647, ""C15_LAVES#1"": 0.004372238984014246, ""FCC_L12#1"": 0.000691060012116679, ""HCP_A3#2"": 0.002315916592112607, ""HCP_A3#3"": 0.001507263408691687}"
0.8,0.07,0.105,0.02,0.005,True,False,0.8,0.005,"{""BCC_B2#1"": 0.9914972999688371, ""C15_LAVES#1"": 0.003967133722460241, ""FCC_L12#1"": 0.0006916598916280968, ""HCP_A3#2"": 0.0023269768413947535, ""HCP_A3#3"": 0.0015169295756796764}"
0.8,0.07,0.11,0.015,0.005,True,False,0.8,0.005,"{""BCC_B2#1"": 0.9919202869557195, ""C15_LAVES#1"": 0.0035227055932491626, ""FCC_L12#1"": 0.0006922664810002019, ""HCP_A3#2"": 0.0023382039909247924, ""HCP_A3#3"": 0.0015265369791062284}"
0.8,0.07,0.115,0.01,0.005,True,False,0.8,0.005,"{""BCC_B2#1"": 0.9923865506628625, ""C15_LAVES#1"": 0.0030351510390233616, ""FCC_L12#1"": 0.000692879215521919, ""HCP_A3#2"": 0.0023495918668602974, ""HCP_A3#3"": 0.0015358272157316572}"
0.8,0.07,0.12,0.005,0.005,True,False,0.8,0.005,"{""BCC_B2#1"": 0.9929006442334816, ""C15_LAVES#1"": 0.002500277484358454, ""FCC_L12#1"": 0.0006934974790263862, ""HCP_A3#2"": 0.0023611337161213064, ""HCP_A3#3"": 0.0015444470870121705}"
0.8,0.07,0.125,0.0,0.005,True,False,0.8,0.005,"{""BCC_B2#1"": 0.9934676754413114, ""C15_LAVES#1"": 0.001913467531416887, ""FCC_L12#1"": 0.000694120601511632, ""HCP_A3#2"": 0.002372821964438693, ""HCP_A3#3"": 0.0015519144613214135}"
0.8,0.075,0.0,0.12,0.005,True,False,0.8,0.005,"{""BCC_B2#1"": 0.989309949836489, ""C15_LAVES#1"": 0.0071813615262207664, ""FCC_L12#1"": 0.0006801822586593319, ""HCP_A3#2"": 0.0021236629049269915, ""ZRO2_MONO#1"": 0.000704843473704049}"
0.8,0.075,0.005,0.115,0.005,True,False,0.8,0.005,"{""BCC_B2#1"": 0.9893519546806876, ""C15_LAVES#1"": 0.00713182385604333, ""FCC_L12#1"": 0.0006805779725921834, ""HCP_A3#2"": 0.0021308243721577945, ""ZRO2_MONO#1"": 0.0007048191185189399}"
0.8,0.075,0.01,0.11,0.005,True,False,0.8,0.005,"{""BCC_B2#1"": 0.9894008939192049, ""C15_LAVES#1"": 0.007075105544753605, ""FCC_L12#1"": 0.0006809893761737585, ""HCP_A3#2"": 0.002138220636270703, ""ZRO2_MONO#1"": 0.0007047905235967685}"
0.8,0.075,0.015,0.105,0.005,True,False,0.8,0.005,"{""BCC_B2#1"": 0.9894574076601407, ""C15_LAVES#1"": 0.007010570614021689, ""FCC_L12#1"": 0.0006814159740275615, ""HCP_A3#2"": 0.002145850033486203, ""ZRO2_MONO#1"": 0.0007047557183236657}"
0.8,0.075,0.02,0.1,0.005,True,False,0.8,0.005,"{""BCC_B2#1"": 0.9895221763736836, ""C15_LAVES#1"": 0.006937541038376536, ""FCC_L12#1"": 0.0006818572765267748, ""HCP_A3#2"": 0.002153710799282127, ""ZRO2_MONO#1"": 0.000704714512130791}"
0.8,0.075,0.025,0.095,0.005,True,False,0.8,0.005,"{""BCC_B2#1"": 0.9895959325702227, ""C15_LAVES#1"": 0.006855289702720035, ""FCC_L12#1"": 0.0006823128043124492, ""HCP_A3#3"": 0.0021618011291294975, ""ZRO2_MONO#1"": 0.0007046637936153246}"
0.8,0.075,0.03,0.09,0.005,True,False,0.8,0.005,"{""BCC_B2#1"": 0.9896794636631135, ""C15_LAVES#1"": 0.006763033395650933, ""FCC_L12#1"": 0.0006827820857545978, ""HCP_A3#3"": 0.0021701192188868, ""ZRO2_MONO#1"": 0.0007046016365937821}"
0.8,0.075,0.035,0.085,0.005,True,False,0.8,0.005,"{""BCC_B2#1"": 0.9897736221671712, ""C15_LAVES#1"": 0.006659924461428822, ""FCC_L12#1"": 0.0006832646577160527, ""HCP_A3#3"": 0.0021786633159144703, ""ZRO2_MONO#1"": 0.0007045253977692425}"
0.8,0.075,0.04,0.08,0.005,True,False,0.8,0.005,"{""BCC_B2#1"": 0.989879336029, ""C15_LAVES#1"": 0.006545042325174919, ""FCC_L12#1"": 0.0006837600655261278, ""HCP_A3#2"": 0.0021874317693266667, ""ZRO2_MONO#1"": 0.0007044298109723798}"
0.8,0.075,0.045,0.075,0.005,True,False,0.8,0.005,"{""BCC_B2#1"": 0.9899976168313644, ""C15_LAVES#1"": 0.006417383888997924, ""FCC_L12#1"": 0.0006842678600904976, ""HCP_A3#2"": 0.0021964230715696793, ""ZRO2_MONO#1"": 0.0007043083479774778}"
0.8,0.075,0.05,0.07,0.005,True,False,0.8,0.005,"{""BCC_B2#1"": 0.9901295705556082, ""C15_LAVES#1"": 0.006275853544026311, ""FCC_L12#1"": 0.000684787595826574, ""HCP_A3#2"": 0.0022056359035946284, ""ZRO2_MONO#1"": 0.0007041524009441165}"
0.8,0.075,0.055,0.065,0.005,True,False,0.8,0.005,"{""BCC_B2#1"": 0.9902764090029667, ""C15_LAVES#1"": 0.0061192521580932585, ""FCC_L12#1"": 0.0006853188277661993, ""HCP_A3#2"": 0.0022150691773131057, ""ZRO2_MONO#1"": 0.0007039508338608472}"
0.8,0.075,0.06,0.06,0.005,True,False,0.8,0.005,"{""BCC_B2#1"": 0.9904394642750747, ""C15_LAVES#1"": 0.005946265494352543, ""FCC_L12#1"": 0.000685861109685698, ""HCP_A3#2"": 0.002224722081398518, ""ZRO2_MONO#1"": 0.0007036870394886252}"
0.8,0.075,0.065,0.055,0.005,True,False,0.8,0.005,"{""BCC_B2#1"": 0.989189729445817, ""C15_LAVES#1"": 0.006438747519726886, ""FCC_L12#1"": 0.000686334468174621, ""HCP_A3#2"": 0.0014502252163044096, ""HCP_A3#3"": 0.0022349633499771544}"
0.8,0.075,0.07,0.05,0.005,True,False,0.8,0.005,"{""BCC_B2#1"": 0.9893820063637788, ""C15_LAVES#1"": 0.006229030978517129, ""FCC_L12#1"": 0.0006868756578428585, ""HCP_A3#2"": 0.0014573628632340095, ""HCP_A3#3"": 0.002244724136626975}"
0.8,0.075,0.075,0.045,0.005,True,False,0.8,0.005,"{""BCC_B2#1"": 0.9895948939185997, ""C15_LAVES#1"": 0.005997951852110356, ""FCC_L12#1"": 0.00068742663968372, ""HCP_A3#2"": 0.0014650396755102532, ""HCP_A3#3"": 0.0022546879140961686}"
0.8,0.075,0.08,0.04,0.005,True,False,0.8,0.005,"{""BCC_B2#1"": 0.9898303615414351, ""C15_LAVES#1"": 0.005743571290971733, ""FCC_L12#1"": 0.0006879871359777118, ""HCP_A3#2"": 0.001473232753765218, ""HCP_A3#3"": 0.0022648472778501686}"
0.8,0.075,0.085,0.035,0.005,True,False,0.8,0.005,"{""BCC_B2#1"": 0.9900906010584706, ""C15_LAVES#1"": 0.0054637416041739394, ""FCC_L12#1"": 0.0006885568364736663, ""HCP_A3#2"": 0.0014819048410467698, ""HCP_A3#3"": 0.0022751956598347687}"
0.8,0.075,0.09,0.03,0.005,True,False,0.8,0.005,"{""BCC_B2#1"": 0.9903780517074925, ""C15_LAVES#1"": 0.005156085730219725, ""FCC_L12#1"": 0.0006891353950522959, ""HCP_A3#2"": 0.00149100016049588, ""HCP_A3#3"": 0.0022857270067394163}"
0.8,0.075,0.095,0.025,0.005,True,False,0.8,0.005,"{""BCC_B2#1"": 0.9906954292519239, ""C15_LAVES#1"": 0.004817974179773373, ""FCC_L12#1"": 0.0006897224265768339, ""HCP_A3#2"": 0.001500438594876893, ""HCP_A3#3"": 0.002296435546848913}"
0.8,0.075,0.1,0.02,0.005,True,False,0.8,0.005,"{""BCC_B2#1"": 0.9910457597228076, ""C15_LAVES#1"": 0.004446499503417137, ""FCC_L12#1"": 0.0006903175039161582, ""HCP_A3#2"": 0.0015101076667790574, ""HCP_A3#3"": 0.002307315603080097}"
0.8,0.075,0.105,0.015,0.005,True,False,0.8,0.005,"{""BCC_B2#1"": 0.991432418584424, ""C15_LAVES#1"": 0.00403844828663673, ""FCC_L12#1"": 0.0006909201551767709, ""HCP_A3#2"": 0.001519851548263648, ""HCP_A3#3"": 0.0023183614254988394}"
0.8,0.075,0.11,0.01,0.005,True,False,0.8,0.005,"{""BCC_B2#1"": 0.9918591764171356, ""C15_LAVES#1"": 0.003590270674685715, ""FCC_L12#1"": 0.0006915298611486067, ""HCP_A3#2"": 0.0015294560224967343, ""HCP_A3#3"": 0.002329567024533215}"
0.8,0.075,0.115,0.005,0.005,True,False,0.8,0.005,"{""BCC_B2#1"": 0.9923302525745082, ""C15_LAVES#1"": 0.0030980474798722388, ""FCC_L12#1"": 0.0006921460529232798, ""HCP_A3#2"": 0.0015386279031010036, ""HCP_A3#3"": 0.0023409259895950923}"
0.8,0.075,0.12,0.0,0.005,True,False,0.8,0.005,"{""BCC_B2#1"": 0.9928503787393664, ""C15_LAVES#1"": 0.0025574550274196192, ""FCC_L12#1"": 0.0006927681097448329, ""HCP_A3#2"": 0.001546966845009247, ""HCP_A3#3"": 0.0023524312784599867}"
0.8,0.08,0.0,0.115,0.005,True,False,0.8,0.005,"{""BCC_B2#1"": 0.9892751423736792, ""C15_LAVES#1"": 0.007224386727920063, ""FCC_L12#1"": 0.0006795650837060465, ""HCP_A3#3"": 0.0021160479393001214, ""ZRO2_MONO#1"": 0.0007048578753946801}"
0.8,0.08,0.005,0.11,0.005,True,False,0.8,0.005,"{""BCC_B2#1"": 0.9893147302539635, ""C15_LAVES#1"": 0.007177225505784002, ""FCC_L12#1"": 0.0006799554163424223, ""HCP_A3#3"": 0.0021232545700529577, ""ZRO2_MONO#1"": 0.0007048342538567298}"
0.8,0.08,0.01,0.105,0.005,True,False,0.8,0.005,"{""BCC_B2#1"": 0.9893613745289873, ""C15_LAVES#1"": 0.007122760322404782, ""FCC_L12#1"": 0.0006803624018506637, ""HCP_A3#3"": 0.0021306967997761113, ""ZRO2_MONO#1"": 0.000704805946981019}"
0.8,0.08,0.015,0.1,0.005,True,False,0.8,0.005,"{""BCC_B2#1"": 0.9894157294785576, ""C15_LAVES#1"": 0.007060340868406357, ""FCC_L12#1"": 0.000680785447295844, ""HCP_A3#2"": 0.0021383724961961262, ""ZRO2_MONO#1"": 0.0007047717095441148}"
0.8,0.08,0.02,0.095,0.005,True,False,0.8,0.005,"{""BCC_B2#1"": 0.989478491031447, ""C15_LAVES#1"": 0.006989275561131249, ""FCC_L12#1"": 0.000681223975656646, ""HCP_A3#3"": 0.0021462794156374555, ""ZRO2_MONO#1"": 0.0007047300161277135}"
0.8,0.08,0.025,0.09,0.005,True,False,0.8,0.005,"{""BCC_B2#1"": 0.9895504040429864, ""C15_LAVES#1"": 0.006908824600583002, ""FCC_L12#1"": 0.0006816774271542837, ""HCP_A3#3"": 0.0021544152582076205, ""ZRO2_MONO#1"": 0.0007046786710685573}"
0.8,0.08,0.03,0.085,0.005,True,False,0.8,0.005,"{""BCC_B2#1"": 0.9896322706497837, ""C15_LAVES#1"": 0.006818191762834028, ""FCC_L12#1"": 0.0006821452593194288, ""HCP_A3#3"": 0.002162777718936816, ""ZRO2_MONO#1"": 0.0007046146091258966}"
0.8,0.08,0.035,0.08,0.005,True,False,0.8,0.005,"{""BCC_B2#1"": 0.9897249570821928, ""C15_LAVES#1"": 0.006716516301292513, ""FCC_L12#1"": 0.0006826269450239667, ""HCP_A3#3"": 0.002171364533711389, ""ZRO2_MONO#1"": 0.0007045351377793828}"
0.8,0.08,0.04,0.075,0.005,True,False,0.8,0.005,"{""BCC_B2#1"": 0.9898294081833774, ""C15_LAVES#1"": 0.006602863238439655, ""FCC_L12#1"": 0.0006831219739277015, ""HCP_A3#3"": 0.002180173535598308, ""ZRO2_MONO#1"": 0.0007044330686568639}"
0.8,0.08,0.045,0.07,0.005,True,False,0.8,0.005,"{""BCC_B2#1"": 0.989946651253443, ""C15_LAVES#1"": 0.006476213716388075, ""FCC_L12#1"": 0.0006836298458278309, ""HCP_A3#3"": 0.0021892026865957337, ""ZRO2_MONO#1"": 0.000704302497745224}"
0.8,0.08,0.05,0.065,0.005,True,False,0.8,0.005,"{""BCC_B2#1"": 0.9900778123419287, ""C15_LAVES#1"": 0.006335454380039881, ""FCC_L12#1"": 0.0006841500712089203, ""HCP_A3#3"": 0.002198450131954147, ""ZRO2_MONO#1"": 0.000704133074868198}"
0.8,0.08,0.055,0.06,0.005,True,False,0.8,0.005,"{""BCC_B2#1"": 0.9902241266325124, ""C15_LAVES#1"": 0.00617936600169358, ""FCC_L12#1"": 0.0006846821665839469, ""HCP_A3#3"": 0.002207914237385095, ""ZRO2_MONO#1"": 0.0007039109618248646}"
0.8,0.08,0.06,0.055,0.005,True,False,0.8,0.005,"{""BCC_B2#1"": 0.988961086127878, ""C15_LAVES#1"": 0.006690696179193795, ""FCC_L12#1"": 0.0006851477117818323, ""HCP_A3#2"": 0.0014450244615007298, ""HCP_A3#3"": 0.00221804551964542}"
0.8,0.08,0.065,0.05,0.005,True,False,0.8,0.005,"{""BCC_B2#1"": 0.9891344336116594, ""C15_LAVES#1"": 0.006500437548641581, ""FCC_L12#1"": 0.0006856785632384569, ""HCP_A3#2"": 0.0014518075500887628, ""HCP_A3#3"": 0.0022276427263717767}"
0.8,0.08,0.07,0.045,0.005,True,False,0.8,0.005,"{""BCC_B2#1"": 0.9893269644885172, ""C15_LAVES#1"": 0.00629021832920536, ""FCC_L12#1"": 0.0006862197866691237, ""HCP_A3#2"": 0.0014591523999919992, ""HCP_A3#3"": 0.0022374449956162}"
0.8,0.08,0.075,0.04,0.005,True,False,0.8,0.005,"{""BCC_B2#1"": 0.9895404950429058, ""C15_LAVES#1"": 0.006058246287377699, ""FCC_L12#1"": 0.0006867711303874664, ""HCP_A3#2"": 0.0014670435340149372, ""HCP_A3#3"": 0.002247444005313868}"
0.8,0.08,0.08,0.035,0.005,True,False,0.8,0.005,"{""BCC_B2#1"": 0.9897770499899402, ""C15_LAVES#1"": 0.005802532232203366, ""FCC_L12#1"": 0.0006873323141924869, ""HCP_A3#2"": 0.0014754529353604088, ""HCP_A3#3"": 0.0022576325283035982}"
0.8,0.08,0.085,0.03,0.005,True,False,0.8,0.005,"{""BCC_B2#1"": 0.9900388852758467, ""C15_LAVES#1"": 0.0055208709657327635, ""FCC_L12#1"": 0.0006879030255023041, ""HCP_A3#2"": 0.0014843367028181153, ""HCP_A3#3"": 0.0022680040301001543}"
0.8,0.08,0.09,0.025,0.005,True,False,0.8,0.005,"{""BCC_B2#1"": 0.9903285148667962, ""C15_LAVES#1"": 0.005210819544529722, ""FCC_L12#1"": 0.0006884829157200639, ""HCP_A3#2"": 0.0014936302766433468, ""HCP_A3#3"": 0.0022785523963107577}"
0.8,0.08,0.095,0.02,0.005,True,False,0.8,0.005,"{""BCC_B2#1"": 0.9906487418735317, ""C15_LAVES#1"": 0.004869672987854009, ""FCC_L12#1"": 0.0006890715968604746, ""HCP_A3#2"": 0.0015032418124659344, ""HCP_A3#3"": 0.00228927172928808}"
0.8,0.08,0.1,0.015,0.005,True,False,0.8,0.005,"{""BCC_B2#1"": 0.9910026946384995, ""C15_LAVES#1"": 0.004494437463223541, ""FCC_L12#1"": 0.0006896686384670619, ""HCP_A3#2"": 0.0015130430814032476, ""HCP_A3#3"": 0.002300156178406292}"
0.8,0.08,0.105,0.01,0.005,True,False,0.8,0.005,"{""BCC_B2#1"": 0.9913938686908597, ""C15_LAVES#1"": 0.004081800945193328, ""FCC_L12#1"": 0.0006902735648247296, ""HCP_A3#2"": 0.0015228570181549674, ""HCP_A3#3"": 0.0023111997809673428}"
0.8,0.08,0.11,0.005,0.005,True,False,0.8,0.005,"{""BCC_B2#1"": 0.9918261757954386, ""C15_LAVES#1"": 0.003628101360125059, ""FCC_L12#1"": 0.0006908858524905811, ""HCP_A3#2"": 0.0015324406950429524, ""HCP_A3#3"": 0.002322396296902845}"
0.8,0.08,0.115,0.0,0.005,True,False,0.8,0.005,"{""BCC_B2#1"": 0.9923040017218034, ""C15_LAVES#1"": 0.003129292297019932, ""FCC_L12#1"": 0.0006915049281225364, ""HCP_A3#2"": 0.0015414620302576156, ""HCP_A3#3"": 0.0023337390227967264}"
0.8,0.085,0.0,0.11,0.005,True,False,0.8,0.005,"{""BCC_B2#1"": 0.9892473507201356, ""C15_LAVES#1"": 0.007259318059526168, ""FCC_L12#1"": 0.0006790324870434316, ""HCP_A3#3"": 0.002109429978709297, ""ZRO2_MONO#1"": 0.0007048687545854151}"
0.8,0.085,0.005,0.105,0.005,True,False,0.8,0.005,"{""BCC_B2#1"": 0.9892848550760235, ""C15_LAVES#1"": 0.007214191475328232, ""FCC_L12#1"": 0.0006794172990193695, ""HCP_A3#3"": 0.0021166910519705745, ""ZRO2_MONO#1"": 0.0007048450976582253}"
0.8,0.085,0.01,0.1,0.005,True,False,0.8,0.005,"{""BCC_B2#1"": 0.989329562026216, ""C15_LAVES#1"": 0.007161612281838316, ""FCC_L12#1"": 0.0006798197786105448, ""HCP_A3#3"": 0.002124188826264889, ""ZRO2_MONO#1"": 0.0007048170870701194}"
0.8,0.085,0.015,0.095,0.005,True,False,0.8,0.005,"{""BCC_B2#1"": 0.9893821445863327, ""C15_LAVES#1"": 0.007100913395274896, ""FCC_L12#1"": 0.0006802392219503652, ""HCP_A3#2"": 0.0021319207042335532, ""ZRO2_MONO#1"": 0.000704782092208434}"
0.8,0.085,0.02,0.09,0.005,True,False,0.8,0.005,"{""BCC_B2#1"": 0.9894433140100545, ""C15_LAVES#1"": 0.007031387733552881, ""FCC_L12#1"": 0.0006806749505899351, ""HCP_A3#3"": 0.002139883961427127, ""ZRO2_MONO#1"": 0.0007047393443751389}"
0.8,0.085,0.025,0.085,0.005,True,False,0.8,0.005,"{""BCC_B2#1"": 0.989513831324385, ""C15_LAVES#1"": 0.006952280502772072, ""FCC_L12#1"": 0.0006811263147412848, ""HCP_A3#3"": 0.002148075812235354, ""ZRO2_MONO#1"": 0.0007046860458665665}"
0.8,0.085,0.03,0.08,0.005,True,False,0.8,0.005,"{""BCC_B2#1"": 0.9895945146792248, ""C15_LAVES#1"": 0.006862780552946637, ""FCC_L12#1"": 0.0006815926917132121, ""HCP_A3#2"": 0.002156493460123202, ""ZRO2_MONO#1"": 0.0007046186159919817}"
0.8,0.085,0.035,0.075,0.005,True,False,0.8,0.005,"{""BCC_B2#1"": 0.9896862474555398, ""C15_LAVES#1"": 0.006762011395873336, ""FCC_L12#1"": 0.0006820734834593106, ""HCP_A3#2"": 0.002165134145235821, ""ZRO2_MONO#1"": 0.0007045335198915643}"
0.8,0.085,0.04,0.07,0.005,True,False,0.8,0.005,"{""BCC_B2#1"": 0.9897899917733792, ""C15_LAVES#1"": 0.006649021193203354, ""FCC_L12#1"": 0.0006825681162344353, ""HCP_A3#2"": 0.0021739951981959876, ""ZRO2_MONO#1"": 0.0007044237189868181}"
0.8,0.085,0.045,0.065,0.005,True,False,0.8,0.005,"{""BCC_B2#1"": 0.989906795934746, ""C15_LAVES#1"": 0.006522772593624502, ""FCC_L12#1"": 0.0006830760351472984, ""HCP_A3#2"": 0.0021830740779688732, ""ZRO2_MONO#1"": 0.0007042813585132347}"
0.8,0.085,0.05,0.06,0.005,True,False,0.8,0.005,"{""BCC_B2#1"": 0.9900378100367468, ""C15_LAVES#1"": 0.006382131325854429, ""FCC_L12#1"": 0.0006835967027772344, ""HCP_A3#2"": 0.0021923684214802987, ""ZRO2_MONO#1"": 0.0007040935131412397}"
0.8,0.085,0.055,0.055,0.005,True,False,0.8,0.005,"{""BCC_B2#1"": 0.9901842937196981, ""C15_LAVES#1"": 0.006225854704139907, ""FCC_L12#1"": 0.0006841295915797202, ""HCP_A3#2"": 0.0022018760726927426, ""ZRO2_MONO#1"": 0.0007038459118892555}"
0.8,0.085,0.06,0.05,0.005,True,False,0.8,0.005,"{""BCC_B2#1"": 0.9889192093986037, ""C15_LAVES#1"": 0.006737935816639007, ""FCC_L12#1"": 0.0006845762022351738, ""HCP_A3#2"": 0.002211836492385582, ""HCP_A3#3"": 0.0014464420901362824}"
0.8,0.085,0.065,0.045,0.005,True,False,0.8,0.005,"{""BCC_B2#1"": 0.9890932513652619, ""C15_LAVES#1"": 0.006546718520168432, ""FCC_L12#1"": 0.0006851066092952753, ""HCP_A3#2"": 0.002221488491679818, ""HCP_A3#3"": 0.0014534350135946394}"
0.7999999999999999,0.085,0.07,0.04,0.005,True,False,0.8,0.005,"{""BCC_B2#1"": 0.9892868829232064, ""C15_LAVES#1"": 0.006335129153545355, ""FCC_L12#1"": 0.0006856476945106927, ""HCP_A3#2"": 0.0022313398326564734, ""HCP_A3#3"": 0.0014610003960806826}"
0.8,0.085,0.075,0.035,0.005,True,False,0.8,0.005,"{""BCC_B2#1"": 0.9895019738922028, ""C15_LAVES#1"": 0.006101326034194645, ""FCC_L12#1"": 0.0006861992014239512, ""HCP_A3#2"": 0.0022413823909334294, ""HCP_A3#3"": 0.001469118481244974}"
0.8,0.085,0.08,0.03,0.005,True,False,0.8,0.005,"{""BCC_B2#1"": 0.9897406106337738, ""C15_LAVES#1"": 0.005843263806380574, ""FCC_L12#1"": 0.0006867608457489065, ""HCP_A3#2"": 0.0022516089695222654, ""HCP_A3#3"": 0.0014777557445745928}"
0.8,0.085,0.085,0.025,0.005,True,False,0.8,0.005,"{""BCC_B2#1"": 0.9900051205263553, ""C15_LAVES#1"": 0.0055586731753317865, ""FCC_L12#1"": 0.0006873323111009531, ""HCP_A3#2"": 0.0022620129574399896, ""HCP_A3#3"": 0.0014868610297718427}"
0.8,0.085,0.09,0.02,0.005,True,False,0.8,0.005,"{""BCC_B2#1"": 0.9902981006104349, ""C15_LAVES#1"": 0.005245037949097248, ""FCC_L12#1"": 0.000687913245075465, ""HCP_A3#2"": 0.0022725880936256613, ""HCP_A3#3"": 0.001496360101766793}"
0.8,0.085,0.095,0.015,0.005,True,False,0.8,0.005,"{""BCC_B2#1"": 0.9906224508456316, ""C15_LAVES#1"": 0.004899569488457606, ""FCC_L12#1"": 0.0006885032556834958, ""HCP_A3#2"": 0.0022833282850805853, ""HCP_A3#3"": 0.0015061481251464036}"
0.8,0.085,0.1,0.01,0.005,True,False,0.8,0.005,"{""BCC_B2#1"": 0.9909814127055103, ""C15_LAVES#1"": 0.004519178580277822, ""FCC_L12#1"": 0.000689101908207626, ""HCP_A3#2"": 0.0022942274485708482, ""HCP_A3#3"": 0.001516079357433389}"
0.8,0.085,0.105,0.005,0.005,True,False,0.8,0.005,"{""BCC_B2#1"": 0.9913786141317674, ""C15_LAVES#1"": 0.004100444729867131, ""FCC_L12#1"": 0.0006897087224580941, ""HCP_A3#2"": 0.0023052793556737534, ""HCP_A3#3"": 0.001525953060233384}"
0.8,0.085,0.11,0.0,0.005,True,False,0.8,0.005,"{""BCC_B2#1"": 0.9918181222184287, ""C15_LAVES#1"": 0.0036395829012312404, ""FCC_L12#1"": 0.0006903231704511284, ""HCP_A3#2"": 0.002316477465559067, ""HCP_A3#3"": 0.0015354942443299392}"
0.8,0.09,0.0,0.105,0.005,True,False,0.8,0.005,"{""BCC_B2#1"": 0.9892255802988719, ""C15_LAVES#1"": 0.007287296420759986, ""FCC_L12#1"": 0.0006785731105213797, ""HCP_A3#2"": 0.002103674196856119, ""ZRO2_MONO#1"": 0.0007048759729908356}"
0.8,0.09,0.005,0.1,0.005,True,False,0.8,0.005,"{""BCC_B2#1"": 0.9892612981508224, ""C15_LAVES#1"": 0.0072438992453269695, ""FCC_L12#1"": 0.0006789523846991116, ""HCP_A3#2"": 0.0021109977458001155, ""ZRO2_MONO#1"": 0.0007048524733514832}"
0.8,0.09,0.01,0.095,0.005,True,False,0.8,0.005,"{""BCC_B2#1"": 0.9893043890771771, ""C15_LAVES#1"": 0.007192877552936196, ""FCC_L12#1"": 0.0006793503849853226, ""HCP_A3#2"": 0.0021185593688654728, ""ZRO2_MONO#1"": 0.0007048236160359047}"
0.8,0.09,0.015,0.09,0.005,True,False,0.8,0.005,"{""BCC_B2#1"": 0.9893555443316149, ""C15_LAVES#1"": 0.007133545518295252, ""FCC_L12#1"": 0.0006797662806924269, ""HCP_A3#2"": 0.0021263559932565663, ""ZRO2_MONO#1"": 0.0007047878761407922}"
0.8,0.09,0.02,0.085,0.005,True,False,0.8,0.005,"{""BCC_B2#1"": 0.989415494506154, ""C15_LAVES#1"": 0.007065178530915939, ""FCC_L12#1"": 0.0006801992814962273, ""HCP_A3#2"": 0.002134384416263017, ""ZRO2_MONO#1"": 0.0007047432651707078}"
0.8,0.09,0.025,0.08,0.005,True,False,0.8,0.005,"{""BCC_B2#1"": 0.9894850181852843, ""C15_LAVES#1"": 0.0069870048956509265, ""FCC_L12#1"": 0.0006806486374927435, ""HCP_A3#2"": 0.0021426413674417613, ""ZRO2_MONO#1"": 0.0007046869141302093}"
0.8,0.09,0.03,0.075,0.005,True,False,0.8,0.005,"{""BCC_B2#1"": 0.9895649510171849, ""C15_LAVES#1"": 0.006898196364182145, ""FCC_L12#1"": 0.0006811136372952901, ""HCP_A3#2"": 0.002151123562639116, ""ZRO2_MONO#1"": 0.0007046154186984247}"
0.8,0.09,0.035,0.07,0.005,True,False,0.8,0.005,"{""BCC_B2#1"": 0.9896561975032654, ""C15_LAVES#1"": 0.006797858502919881, ""FCC_L12#1"": 0.0006815936065858054, ""HCP_A3#2"": 0.0021598277589581555, ""ZRO2_MONO#1"": 0.0007045226282706433}"
0.8,0.09,0.04,0.065,0.005,True,False,0.8,0.005,"{""BCC_B2#1"": 0.9897597382928193, ""C15_LAVES#1"": 0.006685020331372516, ""FCC_L12#1"": 0.0006820879021119796, ""HCP_A3#2"": 0.0021687507945172884, ""ZRO2_MONO#1"": 0.0007044026791788681}"
0.8,0.09,0.045,0.06,0.005,True,False,0.8,0.005,"{""BCC_B2#1"": 0.989876646877874, ""C15_LAVES#1"": 0.006558623118990467, ""FCC_L12#1"": 0.0006825959107509547, ""HCP_A3#2"": 0.0021778896430558565, ""ZRO2_MONO#1"": 0.0007042444493287359}"
0.8,0.09,0.05,0.055,0.005,True,False,0.8,0.005,"{""BCC_B2#1"": 0.990008097335951, ""C15_LAVES#1"": 0.006417508936256261, ""FCC_L12#1"": 0.0006831170414717301, ""HCP_A3#2"": 0.0021872414451302915, ""ZRO2_MONO#1"": 0.0007040352411905097}"
0.8,0.09,0.055,0.05,0.005,True,False,0.8,0.005,"{""BCC_B2#1"": 0.9901553819933208, ""C15_LAVES#1"": 0.006260408279074411, ""FCC_L12#1"": 0.0006836507227937663, ""HCP_A3#2"": 0.0021968035542666545, ""ZRO2_MONO#1"": 0.0007037554505443643}"
0.8,0.09,0.06,0.045,0.005,True,False,0.8,0.005,"{""BCC_B2#1"": 0.9888890205344297, ""C15_LAVES#1"": 0.006772372600271519, ""FCC_L12#1"": 0.000684078456582717, ""HCP_A3#2"": 0.0022066253364793347, ""HCP_A3#3"": 0.001447903072236477}"
0.8,0.09,0.065,0.04,0.005,True,False,0.8,0.005,"{""BCC_B2#1"": 0.9890644713236725, ""C15_LAVES#1"": 0.006579462527641253, ""FCC_L12#1"": 0.0006846083425719925, ""HCP_A3#2"": 0.0022163385675885747, ""HCP_A3#3"": 0.0014551192385254365}"
0.8,0.09,0.07,0.035,0.005,True,False,0.8,0.005,"{""BCC_B2#1"": 0.9892599791781607, ""C15_LAVES#1"": 0.0063657073527289935, ""FCC_L12#1"": 0.0006851491882754261, ""HCP_A3#2"": 0.00222624609205922, ""HCP_A3#3"": 0.0014629181887756283}"
0.8,0.09,0.075,0.03,0.005,True,False,0.8,0.005,"{""BCC_B2#1"": 0.9894774730640362, ""C15_LAVES#1"": 0.006129210770956272, ""FCC_L12#1"": 0.0006857007311848209, ""HCP_A3#2"": 0.0022363398346764225, ""HCP_A3#3"": 0.0014712755991460001}"
0.8,0.09,0.08,0.025,0.005,True,False,0.8,0.005,"{""BCC_B2#1"": 0.9897191074930722, ""C15_LAVES#1"": 0.005867865343412859, ""FCC_L12#1"": 0.0006862626817447679, ""HCP_A3#2"": 0.002246612520382019, ""HCP_A3#3"": 0.001480151961388188}"
0.8,0.09,0.085,0.02,0.005,True,False,0.8,0.005,"{""BCC_B2#1"": 0.9899872887373646, ""C15_LAVES#1"": 0.005579331010863777, ""FCC_L12#1"": 0.0006868347186856497, ""HCP_A3#2"": 0.0022570573794227647, ""HCP_A3#3"": 0.0014894881536630532}"
0.8,0.09,0.09,0.015,0.005,True,False,0.8,0.005,"{""BCC_B2#1"": 0.9902847054323737, ""C15_LAVES#1"": 0.005261010895142122, ""FCC_L12#1"": 0.0006874164848404014, ""HCP_A3#2"": 0.002267667938677431, ""HCP_A3#3"": 0.0014991992489663986}"
0.8,0.09,0.095,0.01,0.005,True,False,0.8,0.005,"{""BCC_B2#1"": 0.9906143641045754, ""C15_LAVES#1"": 0.004910024461180714, ""FCC_L12#1"": 0.0006880075834408226, ""HCP_A3#2"": 0.0022784378551210394, ""HCP_A3#3"": 0.0015091659956819653}"
0.8,0.09,0.1,0.005,0.005,True,False,0.8,0.005,"{""BCC_B2#1"": 0.9909796304537584, ""C15_LAVES#1"": 0.004523178045158774, ""FCC_L12#1"": 0.0006886075749448411, ""HCP_A3#2"": 0.002289360764636825, ""HCP_A3#3"": 0.001519223161501195}"
0.8,0.09,0.105,0.0,0.005,True,False,0.8,0.005,"{""BCC_B2#1"": 0.9913842775367048, ""C15_LAVES#1"": 0.004096932749850375, ""FCC_L12#1"": 0.0006892159744083048, ""HCP_A3#2"": 0.0023004301278100703, ""HCP_A3#3"": 0.0015291436112265062}"
0.8,0.095,0.0,0.1,0.005,True,False,0.8,0.005,"{""BCC_B2#1"": 0.9892090357197092, ""C15_LAVES#1"": 0.007309235910723831, ""FCC_L12#1"": 0.0006781773342033233, ""HCP_A3#2"": 0.002098669956831561, ""ZRO2_MONO#1"": 0.0007048810785323}"
0.8,0.095,0.005,0.095,0.005,True,False,0.8,0.005,"{""BCC_B2#1"": 0.989243236695636, ""C15_LAVES#1"": 0.007267292110859503, ""FCC_L12#1"": 0.0006785511683898966, ""HCP_A3#2"": 0.002106063017607056, ""ZRO2_MONO#1"": 0.0007048570075074545}"
0.8,0.095,0.01,0.09,0.005,True,False,0.8,0.005,"{""BCC_B2#1"": 0.9892850018180225, ""C15_LAVES#1"": 0.007217530467384412, ""FCC_L12#1"": 0.0006789448189634529, ""HCP_A3#2"": 0.002113695773144521, ""ZRO2_MONO#1"": 0.0007048271224852278}"
0.8,0.095,0.015,0.085,0.005,True,False,0.8,0.005,"{""BCC_B2#1"": 0.9893350436019115, ""C15_LAVES#1"": 0.0071592443960811665, ""FCC_L12#1"": 0.0006793573158687595, ""HCP_A3#2"": 0.0021215646680876844, ""ZRO2_MONO#1"": 0.00070479001805107}"
0.8,0.095,0.02,0.08,0.005,True,False,0.8,0.005,"{""BCC_B2#1"": 0.989394113905841, ""C15_LAVES#1"": 0.007091689986275249, ""FCC_L12#1"": 0.000679787746234298, ""HCP_A3#3"": 0.0021296660162036774, ""ZRO2_MONO#1"": 0.0007047423454457166}"
0.8,0.095,0.025,0.075,0.005,True,False,0.8,0.005,"{""BCC_B2#1"": 0.9894630101488148, ""C15_LAVES#1"": 0.007014076638632606, ""FCC_L12#1"": 0.000680235250904011, ""HCP_A3#3"": 0.002137996058582689, ""ZRO2_MONO#1"": 0.0007046819030658349}"
0.8,0.095,0.03,0.07,0.005,True,False,0.8,0.005,"{""BCC_B2#1"": 0.9895425888371333, ""C15_LAVES#1"": 0.0069255571316139885, ""FCC_L12#1"": 0.0006806990238753592, ""HCP_A3#3"": 0.0021465510280627696, ""ZRO2_MONO#1"": 0.0007046039793144406}"
0.8,0.095,0.035,0.065,0.005,True,False,0.8,0.005,"{""BCC_B2#1"": 0.9896337745305852, ""C15_LAVES#1"": 0.006825217095006026, ""FCC_L12#1"": 0.0006811783069270202, ""HCP_A3#3"": 0.0021553271966915214, ""ZRO2_MONO#1"": 0.0007045028707901783}"
0.8,0.095,0.04,0.06,0.005,True,False,0.8,0.005,"{""BCC_B2#1"": 0.989737573175772, ""C15_LAVES#1"": 0.006712063863701713, ""FCC_L12#1"": 0.0006816723858072995, ""HCP_A3#3"": 0.002164320926422828, ""ZRO2_MONO#1"": 0.0007043696482962477}"
0.8,0.095,0.045,0.055,0.005,True,False,0.8,0.005,"{""BCC_B2#1"": 0.9898550829639546, ""C15_LAVES#1"": 0.006585014981602574, ""FCC_L12#1"": 0.000682180583634043, ""HCP_A3#3"": 0.002173528709592324, ""ZRO2_MONO#1"": 0.0007041927612163262}"
0.8,0.095,0.05,0.05,0.005,True,False,0.8,0.005,"{""BCC_B2#1"": 0.9899875074214811, ""C15_LAVES#1"": 0.00644288586294557, ""FCC_L12#1"": 0.0006827022545437935, ""HCP_A3#3"": 0.0021829472077657293, ""ZRO2_MONO#1"": 0.0007039572532637049}"
0.8,0.095,0.055,0.045,0.005,True,False,0.8,0.005,"{""BCC_B2#1"": 0.9887104925891502, ""C15_LAVES#1"": 0.0069711072468680805, ""FCC_L12#1"": 0.0006831278447479055, ""HCP_A3#2"": 0.0014425726267238341, ""HCP_A3#3"": 0.00219269969250991}"
0.8,0.095,0.06,0.04,0.005,True,False,0.8,0.005,"{""BCC_B2#1"": 0.988869212664794, ""C15_LAVES#1"": 0.00679544373557559, ""FCC_L12#1"": 0.00068364572160483, ""HCP_A3#2"": 0.001449416563497691, ""HCP_A3#3"": 0.0022022813145276586}"
0.8,0.095,0.065,0.035,0.005,True,False,0.8,0.005,"{""BCC_B2#1"": 0.989046733535948, ""C15_LAVES#1"": 0.006600160218056991, ""FCC_L12#1"": 0.0006841750638693834, ""HCP_A3#2"": 0.0014568692708659791, ""HCP_A3#3"": 0.0022120619112594806}"
0.8,0.095,0.07,0.03,0.005,True,False,0.8,0.005,"{""BCC_B2#1"": 0.9892448373275557, ""C15_LAVES#1"": 0.006383500023931606, ""FCC_L12#1"": 0.00068471562274358, ""HCP_A3#2"": 0.001464914780216565, ""HCP_A3#3"": 0.0022220322455525753}"
0.8,0.095,0.075,0.025,0.005,True,False,0.8,0.005,"{""BCC_B2#1"": 0.9894655179117794, ""C15_LAVES#1"": 0.006143506938919403, ""FCC_L12#1"": 0.0006852671288226808, ""HCP_A3#2"": 0.0014735238403166438, ""HCP_A3#3"": 0.002232184180162112}"
0.8,0.095,0.08,0.02,0.005,True,False,0.8,0.005,"{""BCC_B2#1"": 0.9897110046046964, ""C15_LAVES#1"": 0.005878005426760205, ""FCC_L12#1"": 0.0006858292865061039, ""HCP_A3#2"": 0.0014826504022258176, ""HCP_A3#3"": 0.0022425102798114657}"
0.8,0.095,0.085,0.015,0.005,True,False,0.8,0.005,"{""BCC_B2#1"": 0.9899837902021282, ""C15_LAVES#1"": 0.005584577908103038, ""FCC_L12#1"": 0.0006864017689560171, ""HCP_A3#2"": 0.0014922265684464877, ""HCP_A3#3"": 0.0022530035523660795}"
0.8,0.095,0.09,0.01,0.005,True,False,0.8,0.005,"{""BCC_B2#1"": 0.9902866636569682, ""C15_LAVES#1"": 0.005260539294043991, ""FCC_L12#1"": 0.0006869842136670008, ""HCP_A3#2"": 0.0015021555745756054, ""HCP_A3#3"": 0.002263657260745465}"
0.8,0.095,0.095,0.005,0.005,True,False,0.8,0.005,"{""BCC_B2#1"": 0.9906227480310434, ""C15_LAVES#1"": 0.004902908826738502, ""FCC_L12#1"": 0.0006875762186839252, ""HCP_A3#2"": 0.0015123021564746053, ""HCP_A3#3"": 0.0022744647670593673}"
0.8,0.095,0.1,0.0,0.005,True,False,0.8,0.005,"{""BCC_B2#1"": 0.9909955446622648, ""C15_LAVES#1"": 0.004508379228021462, ""FCC_L12#1"": 0.0006881773394550435, ""HCP_A3#2"": 0.001522479385201456, ""HCP_A3#3"": 0.002285419385057393}"
0.8,0.1,0.0,0.095,0.005,True,False,0.8,0.005,"{""BCC_B2#1"": 0.989197076382921, ""C15_LAVES#1"": 0.007325876742263104, ""FCC_L12#1"": 0.000677836982701635, ""HCP_A3#3"": 0.0020943254999926577, ""ZRO2_MONO#1"": 0.0007048843921215412}"
0.8,0.1,0.005,0.09,0.005,True,False,0.8,0.005,"{""BCC_B2#1"": 0.9892300071068532, ""C15_LAVES#1"": 0.007285133952139938, ""FCC_L12#1"": 0.0006782055785198153, ""HCP_A3#3"": 0.0021017942989270968, ""ZRO2_MONO#1"": 0.000704859063559989}"
0.8,0.1,0.01,0.085,0.005,True,False,0.8,0.005,"{""BCC_B2#1"": 0.9892707123305082, ""C15_LAVES#1"": 0.00723635994393913, ""FCC_L12#1"": 0.0006785951012930004, ""HCP_A3#3"": 0.0021095046515220883, ""ZRO2_MONO#1"": 0.0007048279727378936}"
0.8,0.1,0.015,0.08,0.005,True,False,0.8,0.005,"{""BCC_B2#1"": 0.9893199297571453, ""C15_LAVES#1"": 0.00717882542401851, ""FCC_L12#1"": 0.0006790044309427388, ""HCP_A3#3"": 0.002117452510718689, ""ZRO2_MONO#1"": 0.0007047878771746193}"
0.8,0.1,0.02,0.075,0.005,True,False,0.8,0.005,"{""BCC_B2#1"": 0.9893784310576108, ""C15_LAVES#1"": 0.00711176543833176, ""FCC_L12#1"": 0.0006794325203655798, ""HCP_A3#3"": 0.002125633690528687, ""ZRO2_MONO#1"": 0.0007047372931629587}"
0.8,0.1,0.025,0.07,0.005,True,False,0.8,0.005,"{""BCC_B2#1"": 0.9894470376304024, ""C15_LAVES#1"": 0.007034368727080389, ""FCC_L12#1"": 0.0006798783960264087, ""HCP_A3#3"": 0.0021340439451113472, ""ZRO2_MONO#1"": 0.0007046713013794442}"
0.8,0.1,0.03,0.065,0.005,True,False,0.8,0.005,"{""BCC_B2#1"": 0.9895266268306, ""C15_LAVES#1"": 0.00694576725724603, ""FCC_L12#1"": 0.0006803411502902086, ""HCP_A3#3"": 0.00214267901811329, ""ZRO2_MONO#1"": 0.0007045857437504522}"
0.8,0.1,0.035,0.06,0.005,True,False,0.8,0.005,"{""BCC_B2#1"": 0.9896181474185883, ""C15_LAVES#1"": 0.006845024595337878, ""FCC_L12#1"": 0.0006808199380081934, ""HCP_A3#3"": 0.002151534701592378, ""ZRO2_MONO#1"": 0.000704473346473385}"
0.8,0.1,0.04,0.055,0.005,True,False,0.8,0.005,"{""BCC_B2#1"": 0.9897226304394982, ""C15_LAVES#1"": 0.00673112433614443, ""FCC_L12#1"": 0.000681313968956269, ""HCP_A3#3"": 0.0021606068799295023, ""ZRO2_MONO#1"": 0.0007043243754718311}"
0.8,0.1,0.045,0.05,0.005,True,False,0.8,0.005,"{""BCC_B2#1"": 0.9898412028612554, ""C15_LAVES#1"": 0.00660295765733652, ""FCC_L12#1"": 0.0006818225008405097, ""HCP_A3#3"": 0.002169891572634029, ""ZRO2_MONO#1"": 0.0007041254079334905}"
0.8,0.1,0.05,0.045,0.005,True,False,0.8,0.005,"{""BCC_B2#1"": 0.9899751014514666, ""C15_LAVES#1"": 0.006459310662848766, ""FCC_L12#1"": 0.0006823448315911345, ""HCP_A3#2"": 0.002179384972127093, ""ZRO2_MONO#1"": 0.0007038580819662065}"
0.8,0.1,0.055,0.04,0.005,True,False,0.8,0.005,"{""BCC_B2#1"": 0.9886978479705523, ""C15_LAVES#1"": 0.0069864502442766865, ""FCC_L12#1"": 0.0006827534281205436, ""HCP_A3#2"": 0.002189038488155802, ""HCP_A3#3"": 0.0014439098688947408}"
0.8,0.1,0.06,0.035,0.005,True,False,0.8,0.005,"{""BCC_B2#1"": 0.9888587369793913, ""C15_LAVES#1"": 0.0068083050654694985, ""FCC_L12#1"": 0.0006832705383227947, ""HCP_A3#2"": 0.002198697455762365, ""HCP_A3#3"": 0.0014509899610539584}"
0.8,0.1,0.065,0.03,0.005,True,False,0.8,0.005,"{""BCC_B2#1"": 0.9890389472229517, ""C15_LAVES#1"": 0.0066100095780712315, ""FCC_L12#1"": 0.0006837993546380657, ""HCP_A3#2"": 0.002208551227151514, ""HCP_A3#3"": 0.0014586926171873745}"
0.8,0.1,0.07,0.025,0.005,True,False,0.8,0.005,"{""BCC_B2#1"": 0.9892403225664587, ""C15_LAVES#1"": 0.006389749453905434, ""FCC_L12#1"": 0.0006843396195592343, ""HCP_A3#2"": 0.0022185905434745313, ""HCP_A3#3"": 0.0014669978166019183}"
0.8,0.1,0.075,0.02,0.005,True,False,0.8,0.005,"{""BCC_B2#1"": 0.9894649277011015, ""C15_LAVES#1"": 0.0061455031682562285, ""FCC_L12#1"": 0.0006848910563716066, ""HCP_A3#2"": 0.002228807119850318, ""HCP_A3#3"": 0.001475870954420469}"
0.8,0.1,0.08,0.015,0.005,True,False,0.8,0.005,"{""BCC_B2#1"": 0.989715073566178, ""C15_LAVES#1"": 0.005875020970143918, ""FCC_L12#1"": 0.0006854533630458169, ""HCP_A3#2"": 0.002239193296530547, ""HCP_A3#3"": 0.0014852588041015394}"
0.8,0.1,0.085,0.01,0.005,True,False,0.8,0.005,"{""BCC_B2#1"": 0.9899933473019621, ""C15_LAVES#1"": 0.005575800903278636, ""FCC_L12#1"": 0.0006860262068674386, ""HCP_A3#2"": 0.0022497418081272474, ""HCP_A3#3"": 0.0014950837797645393}"
0.8,0.1,0.09,0.005,0.005,True,False,0.8,0.005,"{""BCC_B2#1"": 0.9903026471314982, ""C15_LAVES#1"": 0.005245062039825004, ""FCC_L12#1"": 0.0006866092197902955, ""HCP_A3#2"": 0.0022604456108664722, ""HCP_A3#3"": 0.0015052359980202183}"
0.8,0.1,0.095,0.0,0.005,True,False,0.8,0.005,"{""BCC_B2#1"": 0.9906462229057154, ""C15_LAVES#1"": 0.004879714963835179, ""FCC_L12#1"": 0.0006872019946175254, ""HCP_A3#2"": 0.0022712977336834302, ""HCP_A3#3"": 0.001515562402148457}"
0.8,0.105,0.0,0.09,0.005,True,False,0.8,0.005,"{""BCC_B2#1"": 0.989189181719346, ""C15_LAVES#1"": 0.007337824018684393, ""FCC_L12#1"": 0.0006775450885399209, ""HCP_A3#2"": 0.0020905639719010698, ""ZRO2_MONO#1"": 0.0007048852015284203}"
0.8,0.105,0.005,0.085,0.005,True,False,0.8,0.005,"{""BCC_B2#1"": 0.9892210689797186, ""C15_LAVES#1"": 0.007298049331363736, ""FCC_L12#1"": 0.0006779087389775442, ""HCP_A3#2"": 0.0020981140743736603, ""ZRO2_MONO#1"": 0.0007048588755666397}"
0.8,0.105,0.01,0.08,0.005,True,False,0.8,0.005,"{""BCC_B2#1"": 0.9892609610285917, ""C15_LAVES#1"": 0.007250010954700226, ""FCC_L12#1"": 0.0006782944365084539, ""HCP_A3#2"": 0.002105907829063489, ""ZRO2_MONO#1"": 0.0007048257511359802}"
0.8,0.105,0.015,0.075,0.005,True,False,0.8,0.005,"{""BCC_B2#1"": 0.9893096203328753, ""C15_LAVES#1"": 0.007192955169164699, ""FCC_L12#1"": 0.0006787008989776145, ""HCP_A3#2"": 0.002113940675237982, ""ZRO2_MONO#1"": 0.0007047829237442078}"
0.8,0.105,0.02,0.07,0.005,True,False,0.8,0.005,"{""BCC_B2#1"": 0.9893678434373225, ""C15_LAVES#1"": 0.0071260940982089006, ""FCC_L12#1"": 0.000679126939141178, ""HCP_A3#2"": 0.002122207920621546, ""ZRO2_MONO#1"": 0.000704727604705325}"
0.8,0.105,0.025,0.065,0.005,True,False,0.8,0.005,"{""BCC_B2#1"": 0.9894364738844148, ""C15_LAVES#1"": 0.007048594372621032, ""FCC_L12#1"": 0.0006795714607124377, ""HCP_A3#2"": 0.0021307048163804734, ""ZRO2_MONO#1"": 0.0007046554658708526}"
0.8,0.105,0.03,0.06,0.005,True,False,0.8,0.005,"{""BCC_B2#1"": 0.9895164140963704, ""C15_LAVES#1"": 0.006959565164084043, ""FCC_L12#1"": 0.0006800334514604483, ""HCP_A3#2"": 0.002139426616064506, ""ZRO2_MONO#1"": 0.0007045606720204923}"
0.8,0.105,0.035,0.055,0.005,True,False,0.8,0.005,"{""BCC_B2#1"": 0.9896086385016655, ""C15_LAVES#1"": 0.0068580462009017, ""FCC_L12#1"": 0.0006805119757741854, ""HCP_A3#2"": 0.0021483686286129025, ""ZRO2_MONO#1"": 0.0007044346930457175}"
0.8,0.105,0.04,0.05,0.005,True,False,0.8,0.005,"{""BCC_B2#1"": 0.9897142056509177, ""C15_LAVES#1"": 0.006742995026635604, ""FCC_L12#1"": 0.0006810061651433681, ""HCP_A3#2"": 0.0021575262609277905, ""ZRO2_MONO#1"": 0.0007042668963756288}"
0.8,0.105,0.045,0.045,0.005,True,False,0.8,0.005,"{""BCC_B2#1"": 0.9898342740334816, ""C15_LAVES#1"": 0.006613274076022058, ""FCC_L12#1"": 0.0006815152103349976, ""HCP_A3#2"": 0.0021668950624067662, ""ZRO2_MONO#1"": 0.000704041617754368}"
0.8,0.105,0.05,0.04,0.005,True,False,0.8,0.005,"{""BCC_B2#1"": 0.9899701177731918, ""C15_LAVES#1"": 0.006467637409230708, ""FCC_L12#1"": 0.0006820383526285045, ""HCP_A3#2"": 0.0021764707626135754, ""ZRO2_MONO#1"": 0.0007037357023355102}"
0.8,0.105,0.055,0.035,0.005,True,False,0.8,0.005,"{""BCC_B2#1"": 0.9886931502160125, ""C15_LAVES#1"": 0.006993076161456342, ""FCC_L12#1"": 0.0006824300991144577, ""HCP_A3#2"": 0.0021860438015727, ""HCP_A3#3"": 0.0014452997218440463}"
0.8,0.105,0.06,0.03,0.005,True,False,0.8,0.005,"{""BCC_B2#1"": 0.9888567446248641, ""C15_LAVES#1"": 0.0068118939957073354, ""FCC_L12#1"": 0.0006829465146492976, ""HCP_A3#2"": 0.0021957852531400306, ""HCP_A3#3"": 0.0014526296116391334}"
0.8,0.105,0.065,0.025,0.005,True,False,0.8,0.005,"{""BCC_B2#1"": 0.9890402304176017, ""C15_LAVES#1"": 0.006609981130707399, ""FCC_L12#1"": 0.0006834748518619548, ""HCP_A3#2"": 0.0022057176984166707, ""HCP_A3#3"": 0.0014605959014122184}"
0.8,0.105,0.07,0.02,0.005,True,False,0.8,0.005,"{""BCC_B2#1"": 0.9892455184261001, ""C15_LAVES#1"": 0.006385460760565046, ""FCC_L12#1"": 0.0006840148445134595, ""HCP_A3#2"": 0.0022158317633489033, ""HCP_A3#3"": 0.0014691742054723474}"
0.8,0.105,0.075,0.015,0.005,True,False,0.8,0.005,"{""BCC_B2#1"": 0.9894747502366835, ""C15_LAVES#1"": 0.0061362405322758, ""FCC_L12#1"": 0.0006845662085639341, ""HCP_A3#2"": 0.002226118947684913, ""HCP_A3#3"": 0.0014783240747918724}"
0.8,0.105,0.08,0.01,0.005,True,False,0.8,0.005,"{""BCC_B2#1"": 0.9897303254127555, ""C15_LAVES#1"": 0.005859990249332543, ""FCC_L12#1"": 0.0006851286355543177, ""HCP_A3#2"": 0.0022365713154050802, ""HCP_A3#3"": 0.001487984386952745}"
0.8,0.105,0.085,0.005,0.005,True,False,0.8,0.005,"{""BCC_B2#1"": 0.9900149334733092, ""C15_LAVES#1"": 0.005554116606553593, ""FCC_L12#1"": 0.0006857017869199329, ""HCP_A3#2"": 0.0022471812858045653, ""HCP_A3#3"": 0.0014980668474127796}"
0.8,0.105,0.09,0.0,0.005,True,False,0.8,0.005,"{""BCC_B2#1"": 0.9903315911232329, ""C15_LAVES#1"": 0.005215735088927793, ""FCC_L12#1"": 0.0006862852892169828, ""HCP_A3#2"": 0.002257941471889797, ""HCP_A3#3"": 0.0015084470267326888}"
0.8,0.11,0.0,0.085,0.005,True,False,0.8,0.005,"{""BCC_B2#1"": 0.9891849223738073, ""C15_LAVES#1"": 0.007345576871097024, ""FCC_L12#1"": 0.0006772956984398037, ""HCP_A3#2"": 0.0020873204089209723, ""ZRO2_MONO#1"": 0.0007048846477350274}"
0.8,0.11,0.005,0.08,0.005,True,False,0.8,0.005,"{""BCC_B2#1"": 0.9892159783542666, ""C15_LAVES#1"": 0.007306553469834777, ""FCC_L12#1"": 0.0006776547765927152, ""HCP_A3#2"": 0.0020949568466824314, ""ZRO2_MONO#1"": 0.000704856552623805}"
0.8,0.11,0.01,0.075,0.005,True,False,0.8,0.005,"{""BCC_B2#1"": 0.989255287620796, ""C15_LAVES#1"": 0.007259015532840448, ""FCC_L12#1"": 0.0006780370191745442, ""HCP_A3#2"": 0.002102839276233321, ""ZRO2_MONO#1"": 0.0007048205509558829}"
0.8,0.11,0.015,0.07,0.005,True,False,0.8,0.005,"{""BCC_B2#1"": 0.9893036392277071, ""C15_LAVES#1"": 0.007202183235856801, ""FCC_L12#1"": 0.0006784409730579181, ""HCP_A3#3"": 0.0021109626016911514, ""ZRO2_MONO#1"": 0.0007047739616869896}"
0.8,0.11,0.02,0.065,0.005,True,False,0.8,0.005,"{""BCC_B2#1"": 0.9893618556478742, ""C15_LAVES#1"": 0.007135244248912695, ""FCC_L12#1"": 0.0006788653039085499, ""HCP_A3#2"": 0.0021193216065284026, ""ZRO2_MONO#1"": 0.0007047131927761941}"
0.8,0.11,0.025,0.06,0.005,True,False,0.8,0.005,"{""BCC_B2#1"": 0.9894308056250716, ""C15_LAVES#1"": 0.007057341276520248, ""FCC_L12#1"": 0.0006793087888467092, ""HCP_A3#2"": 0.002127911028952434, ""ZRO2_MONO#1"": 0.0007046332806085521}"
0.8,0.11,0.03,0.055,0.005,True,False,0.8,0.005,"{""BCC_B2#1"": 0.9895114175398135, ""C15_LAVES#1"": 0.006967559158684743, ""FCC_L12#1"": 0.000679770307314595, ""HCP_A3#2"": 0.0021367256223961298, ""ZRO2_MONO#1"": 0.0007045273717909653}"
0.8,0.11,0.035,0.05,0.005,True,False,0.8,0.005,"{""BCC_B2#1"": 0.9896046932641851, ""C15_LAVES#1"": 0.006864911707685758, ""FCC_L12#1"": 0.0006802488308681207, ""HCP_A3#2"": 0.002145760206383633, ""ZRO2_MONO#1"": 0.0007043859908772941}"
0.8,0.11,0.04,0.045,0.005,True,False,0.8,0.005,"{""BCC_B2#1"": 0.9897117229006677, ""C15_LAVES#1"": 0.0067483283753975, ""FCC_L12#1"": 0.000680743412640289, ""HCP_A3#2"": 0.0021550097115694195, ""ZRO2_MONO#1"": 0.0007041955997252519}"
0.8,0.11,0.045,0.04,0.005,True,False,0.8,0.005,"{""BCC_B2#1"": 0.9898336982215183, ""C15_LAVES#1"": 0.006616640516806359, ""FCC_L12#1"": 0.0006812531751044107, ""HCP_A3#2"": 0.002164469214715994, ""ZRO2_MONO#1"": 0.0007039388718548506}"
0.8,0.11,0.05,0.035,0.005,True,False,0.8,0.005,"{""BCC_B2#1"": 0.9894021927149199, ""C15_LAVES#1"": 0.006743795430731251, ""FCC_L12#1"": 0.0006817237544721572, ""HCP_A3#2"": 0.002174067962805381, ""HCP_A3#3"": 0.0005759044921645043, ""ZRO2_MONO#1"": 0.0004223156449065882}"
0.8,0.11,0.055,0.03,0.005,True,False,0.8,0.005,"{""BCC_B2#1"": 0.9886957322362763, ""C15_LAVES#1"": 0.006991725993185908, ""FCC_L12#1"": 0.0006821523304681525, ""HCP_A3#2"": 0.0021836418720057225, ""HCP_A3#3"": 0.0014467475680638173}"
0.8,0.11,0.06,0.025,0.005,True,False,0.8,0.005,"{""BCC_B2#1"": 0.9888625435259982, ""C15_LAVES#1"": 0.006806976301082473, ""FCC_L12#1"": 0.000682668143513395, ""HCP_A3#2"": 0.00219347075940571, ""HCP_A3#3"": 0.0014543412700000883}"
0.8,0.11,0.065,0.02,0.005,True,False,0.8,0.005,"{""BCC_B2#1"": 0.989049865048839, ""C15_LAVES#1"": 0.006600866490611772, ""FCC_L12#1"": 0.0006831960680581733, ""HCP_A3#2"": 0.002203487099548509, ""HCP_A3#3"": 0.0014625852929427271}"
0.8,0.11,0.07,0.015,0.005,True,False,0.8,0.005,"{""BCC_B2#1"": 0.9892596799928103, ""C15_LAVES#1"": 0.006371452327966248, ""FCC_L12#1"": 0.0006837358295337514, ""HCP_A3#2"": 0.0022136813283696786, ""HCP_A3#3"": 0.0014714505213198371}"
0.8,0.11,0.075,0.01,0.005,True,False,0.8,0.005,"{""BCC_B2#1"": 0.9894942130906567, ""C15_LAVES#1"": 0.006116564990025332, ""FCC_L12#1"": 0.0006842871369077006, ""HCP_A3#2"": 0.002224044675191084, ""HCP_A3#3"": 0.0014808901072190224}"
0.8,0.11,0.08,0.005,0.005,True,False,0.8,0.005,"{""BCC_B2#1"": 0.989755959730454, ""C15_LAVES#1"": 0.005833787479451193, ""FCC_L12#1"": 0.0006848496756226702, ""HCP_A3#2"": 0.0022345688846965644, ""HCP_A3#3"": 0.001490834229775558}"
0.8,0.11,0.085,0.0,0.005,True,False,0.8,0.005,"{""BCC_B2#1"": 0.990047720080899, ""C15_LAVES#1"": 0.005520428041266277, ""FCC_L12#1"": 0.0006854231016251651, ""HCP_A3#2"": 0.0022452460248502944, ""HCP_A3#3"": 0.0015011827513592975}"
0.8,0.115,0.0,0.08,0.005,True,False,0.8,0.005,"{""BCC_B2#1"": 0.9891839440325179, ""C15_LAVES#1"": 0.007349550371997023, ""FCC_L12#1"": 0.0006770837183462262, ""HCP_A3#2"": 0.0020845394426854914, ""ZRO2_MONO#1"": 0.0007048824344533015}"
0.8,0.115,0.005,0.075,0.005,True,False,0.8,0.005,"{""BCC_B2#1"": 0.9892143675744518, ""C15_LAVES#1"": 0.007311074751743521, ""FCC_L12#1"": 0.0006774386635428998, ""HCP_A3#2"": 0.0020922668136349617, ""ZRO2_MONO#1"": 0.0007048521966269296}"
0.8,0.115,0.01,0.07,0.005,True,False,0.8,0.005,"{""BCC_B2#1"": 0.9892533105736474, ""C15_LAVES#1"": 0.007263816104032548, ""FCC_L12#1"": 0.000677817876622856, ""HCP_A3#2"": 0.0021002427647360848, ""ZRO2_MONO#1"": 0.0007048126809608841}"
0.8,0.115,0.015,0.065,0.005,True,False,0.8,0.005,"{""BCC_B2#1"": 0.9893015901210891, ""C15_LAVES#1"": 0.007206966684064665, ""FCC_L12#1"": 0.0006782197259371604, ""HCP_A3#3"": 0.0021084616379072538, ""ZRO2_MONO#1"": 0.0007047618310018619}"
0.8,0.115,0.02,0.06,0.005,True,False,0.8,0.005,"{""BCC_B2#1"": 0.989360057276663, ""C15_LAVES#1"": 0.007139688089177973, ""FCC_L12#1"": 0.0006786427257170545, ""HCP_A3#2"": 0.0021169176738151806, ""ZRO2_MONO#1"": 0.0007046942346270173}"
0.8,0.115,0.025,0.055,0.005,True,False,0.8,0.005,"{""BCC_B2#1"": 0.9894296063769433, ""C15_LAVES#1"": 0.007061097667389071, ""FCC_L12#1"": 0.0006790855224366112, ""HCP_A3#2"": 0.002125605079750424, ""ZRO2_MONO#1"": 0.0007046053534804519}"
0.8,0.115,0.03,0.05,0.005,True,False,0.8,0.005,"{""BCC_B2#1"": 0.9895111949388201, ""C15_LAVES#1"": 0.006970254107026981, ""FCC_L12#1"": 0.0006795468861200868, ""HCP_A3#2"": 0.002134518100221003, ""ZRO2_MONO#1"": 0.0007044859678119313}"
0.8,0.115,0.035,0.045,0.005,True,False,0.8,0.005,"{""BCC_B2#1"": 0.9896058530625806, ""C15_LAVES#1"": 0.006866143577130607, ""FCC_L12#1"": 0.000680025693703849, ""HCP_A3#2"": 0.0021436510549969487, ""ZRO2_MONO#1"": 0.0007043266115878075}"
0.8,0.115,0.04,0.04,0.005,True,False,0.8,0.005,"{""BCC_B2#1"": 0.9897147054705264, ""C15_LAVES#1"": 0.006747665192538386, ""FCC_L12#1"": 0.0006805209200215302, ""HCP_A3#2"": 0.002152998394321835, ""ZRO2_MONO#1"": 0.0007041100225917511}"
0.8,0.115,0.045,0.035,0.005,True,False,0.8,0.005,"{""BCC_B2#1"": 0.9898389806472588, ""C15_LAVES#1"": 0.006613616911486458, ""FCC_L12#1"": 0.0006810316198215425, ""HCP_A3#2"": 0.002162554720548771, ""ZRO2_MONO#1"": 0.0007038161008844975}"
0.8,0.115,0.05,0.03,0.005,True,False,0.8,0.005,"{""BCC_B2#1"": 0.9885538691413145, ""C15_LAVES#1"": 0.007151604344744338, ""FCC_L12#1"": 0.000681412577416874, ""HCP_A3#2"": 0.0021720445106044187, ""HCP_A3#3"": 0.0014410694259195088}"
0.8,0.115,0.055,0.025,0.005,True,False,0.8,0.005,"{""BCC_B2#1"": 0.9887050458791811, ""C15_LAVES#1"": 0.006983009850562705, ""FCC_L12#1"": 0.0006819153413729609, ""HCP_A3#2"": 0.0021817705554591496, ""HCP_A3#3"": 0.0014482583734240068}"
0.8,0.115,0.06,0.02,0.005,True,False,0.8,0.005,"{""BCC_B2#1"": 0.9888755658779778, ""C15_LAVES#1"": 0.006794181397364113, ""FCC_L12#1"": 0.0006824306562398523, ""HCP_A3#2"": 0.002191691661546144, ""HCP_A3#3"": 0.001456130406872063}"
0.8,0.115,0.065,0.015,0.005,True,False,0.8,0.005,"{""BCC_B2#1"": 0.9890672630844862, ""C15_LAVES#1"": 0.00658331499363181, ""FCC_L12#1"": 0.0006829582462839852, ""HCP_A3#2"": 0.0022017968778630143, ""HCP_A3#3"": 0.0014646667977351122}"
0.8,0.115,0.07,0.01,0.005,True,False,0.8,0.005,"{""BCC_B2#1"": 0.9892821986026155, ""C15_LAVES#1"": 0.006348393893886671, ""FCC_L12#1"": 0.0006834978293408196, ""HCP_A3#2"": 0.002212076389041387, ""HCP_A3#3"": 0.0014738332851154784}"
0.8,0.115,0.075,0.005,0.005,True,False,0.8,0.005,"{""BCC_B2#1"": 0.9895226867508875, ""C15_LAVES#1"": 0.006087167030989975, ""FCC_L12#1"": 0.0006840491080518558, ""HCP_A3#2"": 0.0022225211080083743, ""HCP_A3#3"": 0.0014835760020623762}"
0.8,0.115,0.08,0.0,0.005,True,False,0.8,0.005,"{""BCC_B2#1"": 0.9897913261602842, ""C15_LAVES#1"": 0.005797124115955726, ""FCC_L12#1"": 0.0006846117623782175, ""HCP_A3#2"": 0.0022331224232271093, ""HCP_A3#3"": 0.0014938155381550903}"
0.8,0.12,0.0,0.075,0.005,True,False,0.8,0.005,"{""BCC_B2#1"": 0.9891859509502278, ""C15_LAVES#1"": 0.007350092183503274, ""FCC_L12#1"": 0.0006769047819934473, ""HCP_A3#2"": 0.002082173515297364, ""ZRO2_MONO#1"": 0.000704878568978465}"
0.8,0.12,0.005,0.07,0.005,True,False,0.8,0.005,"{""BCC_B2#1"": 0.9892159299507665, ""C15_LAVES#1"": 0.007311972211081724, ""FCC_L12#1"": 0.0006772560873356511, ""HCP_A3#2"": 0.0020899960718325826, ""ZRO2_MONO#1"": 0.0007048456789837807}"
0.8,0.12,0.01,0.065,0.005,True,False,0.8,0.005,"{""BCC_B2#1"": 0.9892547115532657, ""C15_LAVES#1"": 0.007264783305705241, ""FCC_L12#1"": 0.000677632739415436, ""HCP_A3#2"": 0.0020980700545712343, ""ZRO2_MONO#1"": 0.0007048023470424214}"
0.8,0.12,0.015,0.06,0.005,True,False,0.8,0.005,"{""BCC_B2#1"": 0.9893031436174837, ""C15_LAVES#1"": 0.007207688168761774, ""FCC_L12#1"": 0.0006780329232119527, ""HCP_A3#2"": 0.0021063892148110025, ""ZRO2_MONO#1"": 0.000704746075731584}"
0.8,0.12,0.02,0.055,0.005,True,False,0.8,0.005,"{""BCC_B2#1"": 0.9893621057852414, ""C15_LAVES#1"": 0.00713982096470141, ""FCC_L12#1"": 0.0006784549970517026, ""HCP_A3#3"": 0.0021149472231145883, ""ZRO2_MONO#1"": 0.000704671029890971}"
0.8,0.12,0.025,0.05,0.005,True,False,0.8,0.005,"{""BCC_B2#1"": 0.9894325219819494, ""C15_LAVES#1"": 0.007060271942815139, ""FCC_L12#1"": 0.0006788974763578101, ""HCP_A3#3"": 0.0021237377416361354, ""ZRO2_MONO#1"": 0.0007045708572412716}"
0.8,0.12,0.03,0.045,0.005,True,False,0.8,0.005,"{""BCC_B2#1"": 0.9895153784131, ""C15_LAVES#1"": 0.00696807211851739, ""FCC_L12#1"": 0.0006793590195169699, ""HCP_A3#3"": 0.0021327544873692944, ""ZRO2_MONO#1"": 0.0007044359614964029}"
0.8,0.12,0.035,0.04,0.005,True,False,0.8,0.005,"{""BCC_B2#1"": 0.9896117378242718, ""C15_LAVES#1"": 0.006862178001226768, ""FCC_L12#1"": 0.0006798384103825981, ""HCP_A3#3"": 0.0021419912744809672, ""ZRO2_MONO#1"": 0.0007042544896376337}"
0.8,0.12,0.04,0.035,0.005,True,False,0.8,0.005,"{""BCC_B2#1"": 0.9897227593581335, ""C15_LAVES#1"": 0.006741456540091154, ""FCC_L12#1"": 0.0006803345443683454, ""HCP_A3#3"": 0.002151442060102752, ""ZRO2_MONO#1"": 0.0007040074973042526}"
0.8,0.12,0.045,0.03,0.005,True,False,0.8,0.005,"{""BCC_B2#1"": 0.9898497123359492, ""C15_LAVES#1"": 0.006604669876087458, ""FCC_L12#1"": 0.0006808464101523561, ""HCP_A3#3"": 0.0021611009690191154, ""ZRO2_MONO#1"": 0.0007036704087918392}"
0.8,0.12,0.05,0.025,0.005,True,False,0.8,0.005,"{""BCC_B2#1"": 0.9885659180895219, ""C15_LAVES#1"": 0.0071399452076175126, ""FCC_L12#1"": 0.0006812127472268941, ""HCP_A3#2"": 0.0014423727565553643, ""HCP_A3#3"": 0.002170551199078409}"
0.8,0.12,0.055,0.02,0.005,True,False,0.8,0.005,"{""BCC_B2#1"": 0.9887206381396837, ""C15_LAVES#1"": 0.006967432876647479, ""FCC_L12#1"": 0.0006817149771278508, ""HCP_A3#2"": 0.0014498369159895827, ""HCP_A3#3"": 0.0021803770905515275}"
0.8,0.12,0.06,0.015,0.005,True,False,0.8,0.005,"{""BCC_B2#1"": 0.9888953433773793, ""C15_LAVES#1"": 0.006774029239726089, ""FCC_L12#1"": 0.0006822299035627192, ""HCP_A3#2"": 0.001458002424640169, ""HCP_A3#3"": 0.0021903950546919232}"
0.8,0.12,0.065,0.01,0.005,True,False,0.8,0.005,"{""BCC_B2#1"": 0.9890919407043562, ""C15_LAVES#1"": 0.006557861657723337, ""FCC_L12#1"": 0.0006827572424909486, ""HCP_A3#2"": 0.0014668464660308148, ""HCP_A3#3"": 0.0022005939293985484}"
0.8,0.12,0.07,0.005,0.005,True,False,0.8,0.005,"{""BCC_B2#1"": 0.9893125748787033, ""C15_LAVES#1"": 0.006316835651282192, ""FCC_L12#1"": 0.0006832967052037236, ""HCP_A3#2"": 0.001476329168275658, ""HCP_A3#3"": 0.00221096359653508}"
0.8,0.12,0.075,0.0,0.005,True,False,0.8,0.005,"{""BCC_B2#1"": 0.9895596564454417, ""C15_LAVES#1"": 0.006048611994921998, ""FCC_L12#1"": 0.0006838479889483838, ""HCP_A3#2"": 0.001486388957571704, ""HCP_A3#3"": 0.0022214946131159934}"
0.8,0.125,0.0,0.07,0.005,True,False,0.8,0.005,"{""BCC_B2#1"": 0.9891906948667256, ""C15_LAVES#1"": 0.007347495447845046, ""FCC_L12#1"": 0.0006767551422755364, ""HCP_A3#3"": 0.0020801814888278176, ""ZRO2_MONO#1"": 0.0007048730543260734}"
0.8,0.125,0.005,0.065,0.005,True,False,0.8,0.005,"{""BCC_B2#1"": 0.9892204076264368, ""C15_LAVES#1"": 0.007309548537183719, ""FCC_L12#1"": 0.0006771033420388883, ""HCP_A3#3"": 0.0020881032117380165, ""ZRO2_MONO#1"": 0.0007048372826027799}"
0.8,0.125,0.01,0.06,0.005,True,False,0.8,0.005,"{""BCC_B2#1"": 0.9892592235275145, ""C15_LAVES#1"": 0.007262229622714135, ""FCC_L12#1"": 0.0006774779337901805, ""HCP_A3#3"": 0.0020962794776289853, ""ZRO2_MONO#1"": 0.000704789438351928}"
0.8,0.125,0.015,0.055,0.005,True,False,0.8,0.005,"{""BCC_B2#1"": 0.9893080229183212, ""C15_LAVES#1"": 0.0072046703746701385, ""FCC_L12#1"": 0.0006778769154072508, ""HCP_A3#3"": 0.002104703412456094, ""ZRO2_MONO#1"": 0.0007047263791451694}"
0.8,0.125,0.02,0.05,0.005,True,False,0.8,0.005,"{""BCC_B2#1"": 0.9893677153167441, ""C15_LAVES#1"": 0.007135975926015421, ""FCC_L12#1"": 0.0006782984871070831, ""HCP_A3#2"": 0.0021133680879263997, ""ZRO2_MONO#1"": 0.0007046421822070016}"
0.8,0.125,0.025,0.045,0.005,True,False,0.8,0.005,"{""BCC_B2#1"": 0.98943925526338, ""C15_LAVES#1"": 0.007055208003973395, ""FCC_L12#1"": 0.0006787410322986189, ""HCP_A3#2"": 0.0021222665982734263, ""ZRO2_MONO#1"": 0.0007045291020747796}"
0.8,0.125,0.03,0.04,0.005,True,False,0.8,0.005,"{""BCC_B2#1"": 0.9895236601771003, ""C15_LAVES#1"": 0.006961368207231199, ""FCC_L12#1"": 0.0006792030985074344, ""HCP_A3#2"": 0.002131392117560838, ""ZRO2_MONO#1"": 0.0007043763996000867}"
0.8,0.125,0.035,0.035,0.005,True,False,0.8,0.005,"{""BCC_B2#1"": 0.9896220279138638, ""C15_LAVES#1"": 0.0068533817274757415, ""FCC_L12#1"": 0.0006796833778108291, ""HCP_A3#2"": 0.0021407379427952652, ""ZRO2_MONO#1"": 0.0007041690380543049}"
0.8,0.125,0.04,0.03,0.005,True,False,0.8,0.005,"{""BCC_B2#1"": 0.9897355541782251, ""C15_LAVES#1"": 0.006730081077957959, ""FCC_L12#1"": 0.000680180687178543, ""HCP_A3#2"": 0.002150297526959649, ""ZRO2_MONO#1"": 0.0007038865296785463}"
0.8,0.125,0.045,0.025,0.005,True,False,0.8,0.005,"{""BCC_B2#1"": 0.9898655523124196, ""C15_LAVES#1"": 0.006590190386251022, ""FCC_L12#1"": 0.0006806939509320179, ""HCP_A3#2"": 0.002160064510229876, ""ZRO2_MONO#1"": 0.0007034988401671904}"
0.8,0.125,0.05,0.02,0.005,True,False,0.8,0.005,"{""BCC_B2#1"": 0.9885834475760847, ""C15_LAVES#1"": 0.007122287183372581, ""FCC_L12#1"": 0.0006810457774478171, ""HCP_A3#2"": 0.0021694862743034367, ""HCP_A3#3"": 0.0014437331887911533}"
0.8,0.125,0.055,0.015,0.005,True,False,0.8,0.005,"{""BCC_B2#1"": 0.9887421328509856, ""C15_LAVES#1"": 0.006945415209362519, ""FCC_L12#1"": 0.0006815476107726917, ""HCP_A3#2"": 0.002179416378589607, ""HCP_A3#3"": 0.001451487950289801}"
0.8,0.125,0.06,0.01,0.005,True,False,0.8,0.005,"{""BCC_B2#1"": 0.9889214881386942, ""C15_LAVES#1"": 0.0067469510612063, ""FCC_L12#1"": 0.0006820622584068304, ""HCP_A3#2"": 0.002189535725660037, ""HCP_A3#3"": 0.0014599628160325174}"
0.8,0.125,0.065,0.005,0.005,True,False,0.8,0.005,"{""BCC_B2#1"": 0.9891234983796973, ""C15_LAVES#1"": 0.006524948759297368, ""FCC_L12#1"": 0.0006825894294935378, ""HCP_A3#2"": 0.0021998328818221523, ""HCP_A3#3"": 0.001469130549689501}"
0.8,0.125,0.07,0.0,0.005,True,False,0.8,0.005,"{""BCC_B2#1"": 0.9893503979120599, ""C15_LAVES#1"": 0.006277230724029008, ""FCC_L12#1"": 0.0006831288300690412, ""HCP_A3#2"": 0.0022102973818525083, ""HCP_A3#3"": 0.0014789451519896825}"
0.8,0.13,0.0,0.065,0.005,True,False,0.8,0.005,"{""BCC_B2#1"": 0.989197966134035, ""C15_LAVES#1"": 0.007342008986642519, ""FCC_L12#1"": 0.0006766315797285102, ""HCP_A3#2"": 0.0020785275493487867, ""ZRO2_MONO#1"": 0.0007048657502453657}"
0.8,0.13,0.005,0.06,0.005,True,False,0.8,0.005,"{""BCC_B2#1"": 0.9892275840479926, ""C15_LAVES#1"": 0.007304060597800614, ""FCC_L12#1"": 0.0006769772386158866, ""HCP_A3#2"": 0.0020865522151120404, ""ZRO2_MONO#1"": 0.0007048259004788182}"
0.8,0.13,0.01,0.055,0.005,True,False,0.8,0.005,"{""BCC_B2#1"": 0.9892666219206065, ""C15_LAVES#1"": 0.007256420305068418, ""FCC_L12#1"": 0.0006773502922322093, ""HCP_A3#3"": 0.0020948348224003027, ""ZRO2_MONO#1"": 0.0007047726596924826}"
0.8,0.13,0.015,0.05,0.005,True,False,0.8,0.005,"{""BCC_B2#1"": 0.9893159942945465, ""C15_LAVES#1"": 0.007198186981986073, ""FCC_L12#1"": 0.0006777485491211765, ""HCP_A3#3"": 0.0021033678319153665, ""ZRO2_MONO#1"": 0.0007047023424309461}"
0.8,0.13,0.02,0.045,0.005,True,False,0.8,0.005,"{""BCC_B2#1"": 0.9893766434966014, ""C15_LAVES#1"": 0.007128435327963508, ""FCC_L12#1"": 0.0006781700518215067, ""HCP_A3#3"": 0.0021121436881302905, ""ZRO2_MONO#1"": 0.0007046074354834856}"
0.8,0.13,0.025,0.04,0.005,True,False,0.8,0.005,"{""BCC_B2#1"": 0.9894495557136332, ""C15_LAVES#1"": 0.007046197051010938, ""FCC_L12#1"": 0.000678613051945893, ""HCP_A3#3"": 0.002121154891575939, ""ZRO2_MONO#1"": 0.0007044792918342992}"
0.8,0.13,0.03,0.035,0.005,True,False,0.8,0.005,"{""BCC_B2#1"": 0.9895357817928436, ""C15_LAVES#1"": 0.006950442802964873, ""FCC_L12#1"": 0.0006790759878345561, ""HCP_A3#3"": 0.0021303940553978485, ""ZRO2_MONO#1"": 0.00070430536095907}"
0.8,0.13,0.035,0.03,0.005,True,False,0.8,0.005,"{""BCC_B2#1"": 0.9896364562115482, ""C15_LAVES#1"": 0.006840064433555335, ""FCC_L12#1"": 0.0006795574610481573, ""HCP_A3#3"": 0.0021398539427965667, ""ZRO2_MONO#1"": 0.0007040679510515393}"
0.8,0.13,0.04,0.025,0.005,True,False,0.8,0.005,"{""BCC_B2#1"": 0.9897528147417922, ""C15_LAVES#1"": 0.0067138581934770075, ""FCC_L12#1"": 0.0006800562128932862, ""HCP_A3#3"": 0.0021495274934050304, ""ZRO2_MONO#1"": 0.0007037433584325513}"
0.8,0.13,0.045,0.02,0.005,True,False,0.8,0.005,"{""BCC_B2#1"": 0.9893093011388253, ""C15_LAVES#1"": 0.006849861312841846, ""FCC_L12#1"": 0.0006805074095176897, ""HCP_A3#2"": 0.0005826461643725573, ""HCP_A3#3"": 0.0021592130526656237, ""ZRO2_MONO#1"": 0.00041847092177716425}"
0.8,0.13,0.05,0.015,0.005,True,False,0.8,0.005,"{""BCC_B2#1"": 0.9886061529362711, ""C15_LAVES#1"": 0.007098972786759628, ""FCC_L12#1"": 0.0006809084926162518, ""HCP_A3#2"": 0.0014451547843602815, ""HCP_A3#3"": 0.0021688109999925364}"
0.8,0.13,0.055,0.01,0.005,True,False,0.8,0.005,"{""BCC_B2#1"": 0.9887692164474859, ""C15_LAVES#1"": 0.006917307515536152, ""FCC_L12#1"": 0.0006814100622326493, ""HCP_A3#2"": 0.0014532163311240006, ""HCP_A3#3"": 0.0021788496436209556}"
0.8,0.13,0.06,0.005,0.005,True,False,0.8,0.005,"{""BCC_B2#1"": 0.9889536778388537, ""C15_LAVES#1"": 0.0067133055232118065, ""FCC_L12#1"": 0.0006819245360415299, ""HCP_A3#2"": 0.0014620172879398173, ""HCP_A3#3"": 0.0021890748139529845}"
0.8,0.13,0.065,0.0,0.005,True,False,0.8,0.005,"{""BCC_B2#1"": 0.9891616053495151, ""C15_LAVES#1"": 0.006484942649265978, ""FCC_L12#1"": 0.000682451618089989, ""HCP_A3#2"": 0.0014715256296019687, ""HCP_A3#3"": 0.002199474753526968}"
0.8,0.135,0.0,0.06,0.005,True,False,0.8,0.005,"{""BCC_B2#1"": 0.989207587084748, ""C15_LAVES#1"": 0.00733384501982979, ""FCC_L12#1"": 0.0006765313251749208, ""HCP_A3#3"": 0.0020771803359923183, ""ZRO2_MONO#1"": 0.0007048562342547862}"
0.8,0.135,0.005,0.055,0.005,True,False,0.8,0.005,"{""BCC_B2#1"": 0.9892372734730489, ""C15_LAVES#1"": 0.007295727727931351, ""FCC_L12#1"": 0.0006768750262129655, ""HCP_A3#2"": 0.002085311568789505, ""ZRO2_MONO#1"": 0.0007048122040171701}"
0.8,0.135,0.01,0.05,0.005,True,False,0.8,0.005,"{""BCC_B2#1"": 0.9892767135351606, ""C15_LAVES#1"": 0.007247581635193483, ""FCC_L12#1"": 0.0006772470753769817, ""HCP_A3#3"": 0.002093704437486463, ""ZRO2_MONO#1"": 0.0007047533167827411}"
0.8,0.135,0.015,0.045,0.005,True,False,0.8,0.005,"{""BCC_B2#1"": 0.989326859354676, ""C15_LAVES#1"": 0.007188471357360012, ""FCC_L12#1"": 0.0006776450924915462, ""HCP_A3#3"": 0.0021023506974075707, ""ZRO2_MONO#1"": 0.0007046734980648505}"
0.8,0.135,0.02,0.04,0.005,True,False,0.8,0.005,"{""BCC_B2#1"": 0.9893886847205624, ""C15_LAVES#1"": 0.00711743979318372, ""FCC_L12#1"": 0.0006780669612888949, ""HCP_A3#3"": 0.002111242125106188, ""ZRO2_MONO#1"": 0.0007045663998587545}"
0.8,0.135,0.025,0.035,0.005,True,False,0.8,0.005,"{""BCC_B2#1"": 0.989463211145813, ""C15_LAVES#1"": 0.007033487103721179, ""FCC_L12#1"": 0.000678510804674459, ""HCP_A3#3"": 0.002120370604473222, ""ZRO2_MONO#1"": 0.0007044203413178663}"
0.8,0.135,0.03,0.03,0.005,True,False,0.8,0.005,"{""BCC_B2#1"": 0.9895515235034649, ""C15_LAVES#1"": 0.006935551306577256, ""FCC_L12#1"": 0.0006789749531732118, ""HCP_A3#3"": 0.0021297281637184078, ""ZRO2_MONO#1"": 0.0007042220730660657}"
0.8,0.135,0.035,0.025,0.005,True,False,0.8,0.005,"{""BCC_B2#1"": 0.9896547957636462, ""C15_LAVES#1"": 0.00682248929251622, ""FCC_L12#1"": 0.0006794579209261324, ""HCP_A3#3"": 0.0021393070174190454, ""ZRO2_MONO#1"": 0.000703950005492274}"
0.8,0.135,0.04,0.02,0.005,True,False,0.8,0.005,"{""BCC_B2#1"": 0.9897743063391858, ""C15_LAVES#1"": 0.006693058801624791, ""FCC_L12#1"": 0.0006799583759990469, ""HCP_A3#3"": 0.0021490995777150106, ""ZRO2_MONO#1"": 0.000703576905475448}"
0.8,0.135,0.045,0.015,0.005,True,False,0.8,0.005,"{""BCC_B2#1"": 0.9884861897555212, ""C15_LAVES#1"": 0.007235928127539706, ""FCC_L12#1"": 0.0006803099489717895, ""HCP_A3#2"": 0.0014390344044122123, ""HCP_A3#3"": 0.002158537763555106}"
0.8,0.135,0.05,0.01,0.005,True,False,0.8,0.005,"{""BCC_B2#1"": 0.9886337786641172, ""C15_LAVES#1"": 0.0070702896588030265, ""FCC_L12#1"": 0.0006807981012569086, ""HCP_A3#2"": 0.001446641689460806, ""HCP_A3#3"": 0.0021684918863615534}"
0.8,0.135,0.055,0.005,0.005,True,False,0.8,0.005,"{""BCC_B2#1"": 0.9888016267873546, ""C15_LAVES#1"": 0.006883403191286108, ""FCC_L12#1"": 0.0006812995315193862, ""HCP_A3#2"": 0.0014550271123813293, ""HCP_A3#3"": 0.0021786433774583945}"
0.8,0.135,0.06,0.0,0.005,True,False,0.8,0.005,"{""BCC_B2#1"": 0.9889916440420738, ""C15_LAVES#1"": 0.006673391408754484, ""FCC_L12#1"": 0.0006818139281446295, ""HCP_A3#2"": 0.00146417186466109, ""HCP_A3#3"": 0.002188978756366022}"
0.8,0.14,0.0,0.055,0.005,True,False,0.8,0.005,"{""BCC_B2#1"": 0.9892194048771904, ""C15_LAVES#1"": 0.00732318568066051, ""FCC_L12#1"": 0.000676451992935498, ""HCP_A3#3"": 0.002076112240254386, ""ZRO2_MONO#1"": 0.0007048452089595939}"
0.8,0.14,0.005,0.05,0.005,True,False,0.8,0.005,"{""BCC_B2#1"": 0.9892493182395825, ""C15_LAVES#1"": 0.0072847378520489664, ""FCC_L12#1"": 0.0006767943292573786, ""HCP_A3#2"": 0.0020843535651357626, ""ZRO2_MONO#1"": 0.0007047960139755933}"
0.8,0.14,0.01,0.045,0.005,True,False,0.8,0.005,"{""BCC_B2#1"": 0.9892893372408587, ""C15_LAVES#1"": 0.007235907494713232, ""FCC_L12#1"": 0.0006771659127807032, ""HCP_A3#3"": 0.0020928605327606652, ""ZRO2_MONO#1"": 0.0007047288188868398}"
0.7999999999999999,0.14,0.015,0.04,0.005,True,False,0.8,0.005,"{""BCC_B2#1"": 0.9893404489281038, ""C15_LAVES#1"": 0.007175723522454643, ""FCC_L12#1"": 0.0006775641726592964, ""HCP_A3#3"": 0.0021016241362631317, ""ZRO2_MONO#1"": 0.000704639240518919}"
0.8,0.14,0.02,0.035,0.005,True,False,0.8,0.005,"{""BCC_B2#1"": 0.9894036651198191, ""C15_LAVES#1"": 0.007103195294893752, ""FCC_L12#1"": 0.000677986839095592, ""HCP_A3#3"": 0.0021106354562298755, ""ZRO2_MONO#1"": 0.000704517289961734}"
0.8,0.14,0.025,0.03,0.005,True,False,0.8,0.005,"{""BCC_B2#1"": 0.9894800410887538, ""C15_LAVES#1"": 0.007017290185776436, ""FCC_L12#1"": 0.0006784319069144457, ""HCP_A3#3"": 0.0021198857240577735, ""ZRO2_MONO#1"": 0.0007043510944974025}"
0.8,0.14,0.03,0.025,0.005,True,False,0.8,0.005,"{""BCC_B2#1"": 0.9895707003192574, ""C15_LAVES#1"": 0.006916911893985899, ""FCC_L12#1"": 0.000678897603674029, ""HCP_A3#3"": 0.002129366365448586, ""ZRO2_MONO#1"": 0.0007041238176341151}"
0.8,0.14,0.035,0.02,0.005,True,False,0.8,0.005,"{""BCC_B2#1"": 0.9896768559042348, ""C15_LAVES#1"": 0.006800880551460728, ""FCC_L12#1"": 0.0006793823574444823, ""HCP_A3#3"": 0.002139069022385788, ""ZRO2_MONO#1"": 0.0007038121644741249}"
0.8,0.14,0.04,0.015,0.005,True,False,0.8,0.005,"{""BCC_B2#1"": 0.9897998335080258, ""C15_LAVES#1"": 0.006667913453977649, ""FCC_L12#1"": 0.0006798847674562596, ""HCP_A3#3"": 0.0021489855686445537, ""ZRO2_MONO#1"": 0.0007033827018955814}"
0.8,0.14,0.045,0.01,0.005,True,False,0.8,0.005,"{""BCC_B2#1"": 0.9885140677248996, ""C15_LAVES#1"": 0.0072070084912068885, ""FCC_L12#1"": 0.0006802240514674095, ""HCP_A3#2"": 0.0014402734241314202, ""HCP_A3#3"": 0.002158426308294914}"
0.8,0.14,0.05,0.005,0.005,True,False,0.8,0.005,"{""BCC_B2#1"": 0.9886661099305266, ""C15_LAVES#1"": 0.007036479864726023, ""FCC_L12#1"": 0.0006807121396843381, ""HCP_A3#2"": 0.0014481982142791631, ""HCP_A3#3"": 0.0021684998507836353}"
0.8,0.14,0.055,0.0,0.005,True,False,0.8,0.005,"{""BCC_B2#1"": 0.9888391442999828, ""C15_LAVES#1"": 0.006843948024373586, ""FCC_L12#1"": 0.0006812135433108155, ""HCP_A3#2"": 0.0014569256311083119, ""HCP_A3#3"": 0.002178768501224752}"
0.8,0.145,0.0,0.05,0.005,True,False,0.8,0.005,"{""BCC_B2#1"": 0.9892332907273433, ""C15_LAVES#1"": 0.007310187622717048, ""FCC_L12#1"": 0.0006763915270524644, ""HCP_A3#3"": 0.0020752988494712873, ""ZRO2_MONO#1"": 0.0007048312734160803}"
0.8,0.145,0.005,0.045,0.005,True,False,0.8,0.005,"{""BCC_B2#1"": 0.9892635845541736, ""C15_LAVES#1"": 0.00727125297302201, ""FCC_L12#1"": 0.0006767330929528273, ""HCP_A3#2"": 0.0020836537341110124, ""ZRO2_MONO#1"": 0.0007047756457406408}"
0.8,0.145,0.01,0.04,0.005,True,False,0.8,0.005,"{""BCC_B2#1"": 0.9893043510389252, ""C15_LAVES#1"": 0.007221565085535403, ""FCC_L12#1"": 0.0006771047437385885, ""HCP_A3#3"": 0.0020922785872426884, ""ZRO2_MONO#1"": 0.0007047005445581301}"
0.8,0.145,0.015,0.035,0.005,True,False,0.8,0.005,"{""BCC_B2#1"": 0.9893566185183491, ""C15_LAVES#1"": 0.007160115581907833, ""FCC_L12#1"": 0.000677503723256194, ""HCP_A3#3"": 0.0021011635972794564, ""ZRO2_MONO#1"": 0.0007045985792072997}"
0.8,0.145,0.02,0.03,0.005,True,False,0.8,0.005,"{""BCC_B2#1"": 0.9894214342046811, ""C15_LAVES#1"": 0.00708587908697498, ""FCC_L12#1"": 0.0006779276085191686, ""HCP_A3#3"": 0.002110299099649115, ""ZRO2_MONO#1"": 0.0007044600001759423}"
0.8,0.145,0.025,0.025,0.005,True,False,0.8,0.005,"{""BCC_B2#1"": 0.9894998911924803, ""C15_LAVES#1"": 0.006997788504945402, ""FCC_L12#1"": 0.0006783742713518127, ""HCP_A3#3"": 0.0021196756460335415, ""ZRO2_MONO#1"": 0.000704270385188996}"
0.8,0.145,0.03,0.02,0.005,True,False,0.8,0.005,"{""BCC_B2#1"": 0.9895931532430403, ""C15_LAVES#1"": 0.006894711737235216, ""FCC_L12#1"": 0.0006788418399343936, ""HCP_A3#3"": 0.002129284034479947, ""ZRO2_MONO#1"": 0.0007040091453102145}"
0.8,0.145,0.035,0.015,0.005,True,False,0.8,0.005,"{""BCC_B2#1"": 0.9897024748924138, ""C15_LAVES#1"": 0.006775430279912927, ""FCC_L12#1"": 0.0006793286598778013, ""HCP_A3#3"": 0.002139115314332288, ""ZRO2_MONO#1"": 0.0007036508534631229}"
0.8,0.145,0.04,0.01,0.005,True,False,0.8,0.005,"{""BCC_B2#1"": 0.989829230772926, ""C15_LAVES#1"": 0.00663861909186381, ""FCC_L12#1"": 0.0006798332642989206, ""HCP_A3#3"": 0.0021491608023434545, ""ZRO2_MONO#1"": 0.000703156068567707}"
0.8,0.145,0.045,0.005,0.005,True,False,0.8,0.005,"{""BCC_B2#1"": 0.9885461114020178, ""C15_LAVES#1"": 0.007173547624913228, ""FCC_L12#1"": 0.0006801602730982754, ""HCP_A3#2"": 0.0014415683818189055, ""HCP_A3#3"": 0.002158612318151884}"
0.8,0.145,0.05,0.0,0.005,True,False,0.8,0.005,"{""BCC_B2#1"": 0.9887029658191526, ""C15_LAVES#1"": 0.006997747308641185, ""FCC_L12#1"": 0.0006806484251816068, ""HCP_A3#2"": 0.0014498289013404294, ""HCP_A3#3"": 0.0021688095456840212}"
0.8,0.15,0.0,0.045,0.005,True,False,0.8,0.005,"{""BCC_B2#1"": 0.9892491314418532, ""C15_LAVES#1"": 0.007294986578826433, ""FCC_L12#1"": 0.0006763481504408255, ""HCP_A3#3"": 0.00207471847987962, ""ZRO2_MONO#1"": 0.0007048153490000521}"
0.8,0.15,0.005,0.04,0.005,True,False,0.8,0.005,"{""BCC_B2#1"": 0.9892799542361966, ""C15_LAVES#1"": 0.00725541320326788, ""FCC_L12#1"": 0.0006766895334650453, ""HCP_A3#2"": 0.002083190370197521, ""ZRO2_MONO#1"": 0.0007047526568727206}"
0.8,0.15,0.01,0.035,0.005,True,False,0.8,0.005,"{""BCC_B2#1"": 0.9893216348744475, ""C15_LAVES#1"": 0.0072046988944077005, ""FCC_L12#1"": 0.0006770617760907761, ""HCP_A3#3"": 0.002091936893661373, ""ZRO2_MONO#1"": 0.0007046675613930027}"
0.8,0.15,0.015,0.03,0.005,True,False,0.8,0.005,"{""BCC_B2#1"": 0.9893752420842302, ""C15_LAVES#1"": 0.0071417963566143125, ""FCC_L12#1"": 0.0006774619384518022, ""HCP_A3#3"": 0.002100947372303748, ""ZRO2_MONO#1"": 0.0007045522483999102}"
0.8,0.15,0.02,0.025,0.005,True,False,0.8,0.005,"{""BCC_B2#1"": 0.9894418640934084, ""C15_LAVES#1"": 0.0070656440030204114, ""FCC_L12#1"": 0.000677887451120316, ""HCP_A3#3"": 0.0021102113611606165, ""ZRO2_MONO#1"": 0.0007043930912903262}"
0.8,0.15,0.025,0.02,0.005,True,False,0.8,0.005,"{""BCC_B2#1"": 0.98952263064806, ""C15_LAVES#1"": 0.006975139010551573, ""FCC_L12#1"": 0.0006783360653425254, ""HCP_A3#3"": 0.002119718692829772, ""ZRO2_MONO#1"": 0.0007041755832163736}"
0.8,0.15,0.03,0.015,0.005,True,False,0.8,0.005,"{""BCC_B2#1"": 0.989618746515589, ""C15_LAVES#1"": 0.0068691117697598685, ""FCC_L12#1"": 0.0006788058132688538, ""HCP_A3#3"": 0.00212945950834992, ""ZRO2_MONO#1"": 0.0007038763930326616}"
0.8,0.15,0.035,0.01,0.005,True,False,0.8,0.005,"{""BCC_B2#1"": 0.9897315136781737, ""C15_LAVES#1"": 0.006746303354661976, ""FCC_L12#1"": 0.0006792949645404382, ""HCP_A3#3"": 0.002139424250919881, ""ZRO2_MONO#1"": 0.0007034637517040088}"
0.8,0.15,0.04,0.005,0.005,True,False,0.8,0.005,"{""BCC_B2#1"": 0.9898623562094275, ""C15_LAVES#1"": 0.006605344586623272, ""FCC_L12#1"": 0.0006798019882835499, ""HCP_A3#3"": 0.0021496036576165657, ""ZRO2_MONO#1"": 0.0007028935580489008}"
0.8,0.15,0.045,0.0,0.005,True,False,0.8,0.005,"{""BCC_B2#1"": 0.9885821707463587, ""C15_LAVES#1"": 0.007135716061403523, ""FCC_L12#1"": 0.0006801166895255632, ""HCP_A3#2"": 0.0014429229383700606, ""HCP_A3#3"": 0.0021590735643419287}"
0.8,0.155,0.0,0.04,0.005,True,False,0.8,0.005,"{""BCC_B2#1"": 0.9892668315106992, ""C15_LAVES#1"": 0.00727770016916195, ""FCC_L12#1"": 0.00067632032724983, ""HCP_A3#3"": 0.0020743518111929825, ""ZRO2_MONO#1"": 0.0007047961816959338}"
0.8,0.155,0.005,0.035,0.005,True,False,0.8,0.005,"{""BCC_B2#1"": 0.9892983283602191, ""C15_LAVES#1"": 0.007237340119586692, ""FCC_L12#1"": 0.0006766621027899444, ""HCP_A3#2"": 0.002082944166781511, ""ZRO2_MONO#1"": 0.0007047252506226752}"
0.8,0.155,0.01,0.03,0.005,True,False,0.8,0.005,"{""BCC_B2#1"": 0.9893410859417279, ""C15_LAVES#1"": 0.007185434161350357, ""FCC_L12#1"": 0.0006770354465514627, ""HCP_A3#3"": 0.0020918161710178343, ""ZRO2_MONO#1"": 0.0007046282793523193}"
0.8,0.155,0.015,0.025,0.005,True,False,0.8,0.005,"{""BCC_B2#1"": 0.9893962151363741, ""C15_LAVES#1"": 0.007120894666846412, ""FCC_L12#1"": 0.0006774372395064527, ""HCP_A3#3"": 0.0021009562202091102, ""ZRO2_MONO#1"": 0.000704496737064203}"
0.8,0.155,0.02,0.02,0.005,True,False,0.8,0.005,"{""BCC_B2#1"": 0.9894648445850825, ""C15_LAVES#1"": 0.007042622507041489, ""FCC_L12#1"": 0.0006778647691377098, ""HCP_A3#3"": 0.0021103530383873356, ""ZRO2_MONO#1"": 0.0007043151003507153}"
0.8,0.155,0.025,0.015,0.005,True,False,0.8,0.005,"{""BCC_B2#1"": 0.9895481451557737, ""C15_LAVES#1"": 0.006949477416091072, ""FCC_L12#1"": 0.0006783156727084656, ""HCP_A3#3"": 0.0021199957087231795, ""ZRO2_MONO#1"": 0.0007040660467035372}"
0.8,0.155,0.03,0.01,0.005,True,False,0.8,0.005,"{""BCC_B2#1"": 0.9896473653795935, ""C15_LAVES#1"": 0.006840250885526429, ""FCC_L12#1"": 0.0006787878916116196, ""HCP_A3#3"": 0.0021298736894940916, ""ZRO2_MONO#1"": 0.0007037221537747083}"
0.8,0.155,0.035,0.005,0.005,True,False,0.8,0.005,"{""BCC_B2#1"": 0.9897638551588257, ""C15_LAVES#1"": 0.006713641860181648, ""FCC_L12#1"": 0.0006792796225133686, ""HCP_A3#3"": 0.0021399767912993555, ""ZRO2_MONO#1"": 0.0007032465671799104}"
0.8,0.155,0.04,0.0,0.005,True,False,0.8,0.005,"{""BCC_B2#1"": 0.9886548773734438, ""C15_LAVES#1"": 0.007171759144638264, ""FCC_L12#1"": 0.0006796369738834875, ""HCP_A3#2"": 0.0012556913999092053, ""HCP_A3#3"": 0.0021496243517492583, ""ZRO2_MONO#1"": 8.841075637587658e-05}"
0.8,0.16,0.0,0.035,0.005,True,False,0.8,0.005,"{""BCC_B2#1"": 0.9892863071709348, ""C15_LAVES#1"": 0.007258430889751976, ""FCC_L12#1"": 0.0006763067258166832, ""HCP_A3#3"": 0.0020741815710271106, ""ZRO2_MONO#1"": 0.0007047736424695626}"
0.8,0.16,0.005,0.03,0.005,True,False,0.8,0.005,"{""BCC_B2#1"": 0.989318619925894, ""C15_LAVES#1"": 0.007217139536070683, ""FCC_L12#1"": 0.0006766494517471608, ""HCP_A3#2"": 0.0020828978931394437, ""ZRO2_MONO#1"": 0.0007046931931484845}"
0.8,0.16,0.01,0.025,0.005,True,False,0.8,0.005,"{""BCC_B2#1"": 0.9893626135761713, ""C15_LAVES#1"": 0.007163879966402344, ""FCC_L12#1"": 0.0006770243864134361, ""HCP_A3#3"": 0.0020918992429246716, ""ZRO2_MONO#1"": 0.0007045828280883388}"
0.8,0.16,0.015,0.02,0.005,True,False,0.8,0.005,"{""BCC_B2#1"": 0.9894194439417326, ""C15_LAVES#1"": 0.007097522617911824, ""FCC_L12#1"": 0.0006774282376175394, ""HCP_A3#3"": 0.0021011730298245114, ""ZRO2_MONO#1"": 0.0007044321729133899}"
0.8,0.16,0.02,0.015,0.005,True,False,0.8,0.005,"{""BCC_B2#1"": 0.9894902808284471, ""C15_LAVES#1"": 0.007016929423698494, ""FCC_L12#1"": 0.0006778581546407013, ""HCP_A3#3"": 0.002110707096607423, ""ZRO2_MONO#1"": 0.0007042244966064906}"
0.8,0.16,0.025,0.01,0.005,True,False,0.8,0.005,"{""BCC_B2#1"": 0.9895763387674593, ""C15_LAVES#1"": 0.006920921299560824, ""FCC_L12#1"": 0.0006783116666632782, ""HCP_A3#3"": 0.002120489741694516, ""ZRO2_MONO#1"": 0.0007039385246224437}"
0.8,0.16,0.03,0.005,0.005,True,False,0.8,0.005,"{""BCC_B2#1"": 0.9896789118831961, ""C15_LAVES#1"": 0.006808249208401458, ""FCC_L12#1"": 0.0006787866290939039, ""HCP_A3#3"": 0.002130509711034019, ""ZRO2_MONO#1"": 0.0007035425682745951}"
0.8,0.16,0.035,0.0,0.005,True,False,0.8,0.005,"{""BCC_B2#1"": 0.9897993995308135, ""C15_LAVES#1"": 0.006677568257009584, ""FCC_L12#1"": 0.0006792811694537064, ""HCP_A3#3"": 0.002140756157145009, ""ZRO2_MONO#1"": 0.0007029948855780753}"
0.8,0.165,0.0,0.03,0.005,True,False,0.8,0.005,"{""BCC_B2#1"": 0.989307486497462, ""C15_LAVES#1"": 0.007237268048939271, ""FCC_L12#1"": 0.0006763061903090089, ""HCP_A3#3"": 0.0020741922825633207, ""ZRO2_MONO#1"": 0.000704746980726241}"
0.8,0.165,0.005,0.025,0.005,True,False,0.8,0.005,"{""BCC_B2#1"": 0.9893407542155912, ""C15_LAVES#1"": 0.0071949037354931125, ""FCC_L12#1"": 0.0006766504029853825, ""HCP_A3#2"": 0.002083036139818714, ""ZRO2_MONO#1"": 0.0007046555061115078}"
0.8,0.165,0.01,0.02,0.005,True,False,0.8,0.005,"{""BCC_B2#1"": 0.9893861402037697, ""C15_LAVES#1"": 0.00714013133317432, ""FCC_L12#1"": 0.0006770273958014098, ""HCP_A3#3"": 0.002092170780644758, ""ZRO2_MONO#1"": 0.0007045302866098421}"
0.8,0.165,0.015,0.015,0.005,True,False,0.8,0.005,"{""BCC_B2#1"": 0.989444848376305, ""C15_LAVES#1"": 0.007071777800165933, ""FCC_L12#1"": 0.0006774337103735671, ""HCP_A3#3"": 0.0021015825640177755, ""ZRO2_MONO#1"": 0.0007043575491378883}"
0.8,0.165,0.02,0.01,0.005,True,False,0.8,0.005,"{""BCC_B2#1"": 0.9895180908280738, ""C15_LAVES#1"": 0.006988664678415633, ""FCC_L12#1"": 0.000677866363382387, ""HCP_A3#3"": 0.002111258399682101, ""ZRO2_MONO#1"": 0.0007041197304464352}"
0.8,0.165,0.025,0.005,0.005,True,False,0.8,0.005,"{""BCC_B2#1"": 0.9896071283458341, ""C15_LAVES#1"": 0.006889572764612007, ""FCC_L12#1"": 0.0006783227822015033, ""HCP_A3#3"": 0.002121185764769356, ""ZRO2_MONO#1"": 0.0007037903425832541}"
0.8,0.165,0.03,0.0,0.005,True,False,0.8,0.005,"{""BCC_B2#1"": 0.9897133008951015, ""C15_LAVES#1"": 0.006773210783423552, ""FCC_L12#1"": 0.0006788007400749289, ""HCP_A3#3"": 0.0021313526586309896, ""ZRO2_MONO#1"": 0.0007033349227690584}"
0.8,0.17,0.0,0.025,0.005,True,False,0.8,0.005,"{""BCC_B2#1"": 0.9893303058849563, ""C15_LAVES#1"": 0.007214289734880854, ""FCC_L12#1"": 0.0006763177142689881, ""HCP_A3#3"": 0.0020743700473945443, ""ZRO2_MONO#1"": 0.0007047166184996434}"
0.8,0.17,0.005,0.02,0.005,True,False,0.8,0.005,"{""BCC_B2#1"": 0.9893646655566712, ""C15_LAVES#1"": 0.007170713381666681, ""FCC_L12#1"": 0.0006766639256761168, ""HCP_A3#2"": 0.0020833450989568357, ""ZRO2_MONO#1"": 0.0007046120370292411}"
0.8,0.17,0.01,0.015,0.005,True,False,0.8,0.005,"{""BCC_B2#1"": 0.9894115993673924, ""C15_LAVES#1"": 0.007114271226583974, ""FCC_L12#1"": 0.0006770434201344045, ""HCP_A3#3"": 0.0020926170834482485, ""ZRO2_MONO#1"": 0.0007044689024414568}"
0.8,0.17,0.015,0.01,0.005,True,False,0.8,0.005,"{""BCC_B2#1"": 0.9894723602234204, ""C15_LAVES#1"": 0.007043745276239908, ""FCC_L12#1"": 0.0006774525791273997, ""HCP_A3#3"": 0.0021021712380001533, ""ZRO2_MONO#1"": 0.0007042706832123005}"
0.8,0.17,0.02,0.005,0.005,True,False,0.8,0.005,"{""BCC_B2#1"": 0.9895482053264222, ""C15_LAVES#1"": 0.006957915276512062, ""FCC_L12#1"": 0.0006778882938860829, ""HCP_A3#3"": 0.0021119934892178016, ""ZRO2_MONO#1"": 0.0007039976139620298}"
0.8,0.17,0.025,0.0,0.005,True,False,0.8,0.005,"{""BCC_B2#1"": 0.989640442063594, ""C15_LAVES#1"": 0.006855520400891291, ""FCC_L12#1"": 0.0006783478948157408, ""HCP_A3#3"": 0.002122070449897517, ""ZRO2_MONO#1"": 0.00070361919080163}"
0.8,0.175,0.0,0.02,0.005,True,False,0.8,0.005,"{""BCC_B2#1"": 0.9893547120796299, ""C15_LAVES#1"": 0.007189564151651471, ""FCC_L12#1"": 0.0006763404214752968, ""HCP_A3#3"": 0.002074702373186746, ""ZRO2_MONO#1"": 0.0007046809740561269}"
0.8,0.175,0.005,0.015,0.005,True,True,0.8,0.005,{}
0.7999999999999999,0.175,0.01,0.01,0.005,True,False,0.8,0.005,"{""BCC_B2#1"": 0.9894389327386318, ""C15_LAVES#1"": 0.00708637210752178, ""FCC_L12#1"": 0.0006770715292595582, ""HCP_A3#3"": 0.002093225891445176, ""ZRO2_MONO#1"": 0.0007043977331418372}"
0.8,0.175,0.015,0.005,0.005,True,False,0.8,0.005,"{""BCC_B2#1"": 0.9895019191535187, ""C15_LAVES#1"": 0.007013499231250818, ""FCC_L12#1"": 0.0006774838881470506, ""HCP_A3#3"": 0.00210292692804972, ""ZRO2_MONO#1"": 0.0007041707990337119}"
0.8,0.175,0.02,0.0,0.005,True,False,0.8,0.005,"{""BCC_B2#1"": 0.9895805630778568, ""C15_LAVES#1"": 0.006924756916216021, ""FCC_L12#1"": 0.0006779229666654783, ""HCP_A3#3"": 0.0021129003897638094, ""ZRO2_MONO#1"": 0.0007038566494978625}"
0.8,0.18,0.0,0.015,0.005,True,False,0.8,0.005,"{""BCC_B2#1"": 0.9893806581833604, ""C15_LAVES#1"": 0.007163150970824617, ""FCC_L12#1"": 0.000676373545934788, ""HCP_A3#3"": 0.0020751780171183024, ""ZRO2_MONO#1"": 0.0007046392827622029}"
0.8,0.18,0.005,0.01,0.005,True,True,0.8,0.005,{}
0.8,0.18,0.01,0.005,0.005,True,False,0.8,0.005,"{""BCC_B2#1"": 0.989468090013428, ""C15_LAVES#1"": 0.007056497180572576, ""FCC_L12#1"": 0.0006771109014855252, ""HCP_A3#3"": 0.0020939862329685485, ""ZRO2_MONO#1"": 0.0007043156715455288}"
0.8,0.18,0.015,0.0,0.005,True,False,0.8,0.005,"{""BCC_B2#1"": 0.9895334752189883, ""C15_LAVES#1"": 0.006981104300099858, ""FCC_L12#1"": 0.0006775267910007259, ""HCP_A3#3"": 0.002103838822878398, ""ZRO2_MONO#1"": 0.00070405486703303}"
0.8,0.185,0.0,0.01,0.005,True,False,0.8,0.005,"{""BCC_B2#1"": 0.9894081024845559, ""C15_LAVES#1"": 0.007135102278020563, ""FCC_L12#1"": 0.0006764164164152671, ""HCP_A3#3"": 0.0020757868576502677, ""ZRO2_MONO#1"": 0.0007045919633582332}"
0.8,0.185,0.005,0.005,0.005,True,True,0.8,0.005,{}
0.8,0.185,0.01,0.0,0.005,True,False,0.8,0.005,"{""BCC_B2#1"": 0.9894990293452619, ""C15_LAVES#1"": 0.007024701491660977, ""FCC_L12#1"": 0.0006771608105207798, ""HCP_A3#3"": 0.0020948882968398405, ""ZRO2_MONO#1"": 0.0007042200557165536}"
0.8,0.19,0.0,0.005,0.005,True,False,0.8,0.005,"{""BCC_B2#1"": 0.989437012390064, ""C15_LAVES#1"": 0.00710546318182358, ""FCC_L12#1"": 0.0006764684467373216, ""HCP_A3#3"": 0.0020765197956011893, ""ZRO2_MONO#1"": 0.0007045361857737631}"
0.8,0.19,0.005,0.0,0.005,True,True,0.8,0.005,{}
0.8,0.195,0.0,0.0,0.005,True,False,0.8,0.005,"{""BCC_B2#1"": 0.9894673572978366, ""C15_LAVES#1"": 0.007074272893648261, ""FCC_L12#1"": 0.0006765291208473353, ""HCP_A3#3"": 0.0020773686493190716, ""ZRO2_MONO#1"": 0.0007044720383485932}"
