V,Cr,Ti,W,Zr,_neutronics_ok,_calphad_ok,slice_V,slice_Zr,phases
0.92,0.0,0.0,0.065,0.015,True,False,0.92,0.015,"{""BCC_B2#1"": 0.9769316064750885, ""C15_LAVES#1"": 0.016778787312835525, ""FCC_L12#1"": 0.0007259419823223372, ""HCP_A3#2"": 0.0023307236838652494, ""HCP_A3#3"": 0.0032329405458885892}"
0.92,0.0,0.005,0.06,0.015,True,False,0.92,0.015,"{""BCC_B2#1"": 0.9777474452368125, ""C15_LAVES#1"": 0.01591137879236347, ""FCC_L12#1"": 0.0007262748684894443, ""HCP_A3#2"": 0.0032626027566017646, ""HCP_A3#3"": 0.0023522983457329514}"
0.92,0.0,0.01,0.055,0.015,True,False,0.92,0.015,"{""BCC_B2#1"": 0.9786133489647251, ""C15_LAVES#1"": 0.014992446144129435, ""FCC_L12#1"": 0.0007265941732202156, ""HCP_A3#2"": 0.0023744688625714663, ""HCP_A3#3"": 0.003293141855353492}"
0.92,0.0,0.015,0.05,0.015,True,False,0.92,0.015,"{""BCC_B2#1"": 0.9795324697417196, ""C15_LAVES#1"": 0.014018892657712747, ""FCC_L12#1"": 0.0007268988549759899, ""HCP_A3#2"": 0.002397206256298981, ""HCP_A3#3"": 0.0033245324892926774}"
0.92,0.0,0.02,0.045,0.015,True,False,0.92,0.015,"{""BCC_B2#1"": 0.9805081517402718, ""C15_LAVES#1"": 0.012987457050870682, ""FCC_L12#1"": 0.0007271879016076202, ""HCP_A3#2"": 0.00242046850036677, ""HCP_A3#3"": 0.0033567348068830882}"
0.92,0.0,0.025,0.04,0.015,True,False,0.92,0.015,"{""BCC_B2#1"": 0.9815439480286919, ""C15_LAVES#1"": 0.011894702521342414, ""FCC_L12#1"": 0.0007274603513723087, ""HCP_A3#2"": 0.0024441977271814443, ""HCP_A3#3"": 0.0033896913714119518}"
0.92,0.0,0.03,0.035,0.015,True,False,0.92,0.015,"{""BCC_B2#1"": 0.9826436429684059, ""C15_LAVES#1"": 0.01073700063126014, ""FCC_L12#1"": 0.0007277153192091704, ""HCP_A3#2"": 0.0034233238894676604, ""HCP_A3#3"": 0.0024683171916573448}"
0.92,0.0,0.035,0.03,0.015,True,False,0.92,0.015,"{""BCC_B2#1"": 0.9838112823240331, ""C15_LAVES#1"": 0.009510507469930233, ""FCC_L12#1"": 0.0007279520288923842, ""HCP_A3#2"": 0.003457530014844728, ""HCP_A3#3"": 0.0024927281622996364}"
0.92,0.0,0.04,0.025,0.015,True,False,0.92,0.015,"{""BCC_B2#1"": 0.9850512133426497, ""C15_LAVES#1"": 0.008211129117696678, ""FCC_L12#1"": 0.0007281698513057226, ""HCP_A3#2"": 0.0034921806592935803, ""HCP_A3#3"": 0.00251730702905448}"
0.92,0.0,0.045,0.02,0.015,True,False,0.92,0.015,"{""BCC_B2#1"": 0.9863681367171521, ""C15_LAVES#1"": 0.006834473444219187, ""FCC_L12#1"": 0.0007283683483489676, ""HCP_A3#2"": 0.0035271184431901145, ""HCP_A3#3"": 0.0025419030470896346}"
0.92,0.0,0.05,0.015,0.015,True,False,0.92,0.015,"{""BCC_B2#1"": 0.9877671713354136, ""C15_LAVES#1"": 0.005375786009315067, ""FCC_L12#1"": 0.0007285473207895405, ""HCP_A3#2"": 0.0025663372307384103, ""HCP_A3#3"": 0.0035621581037434467}"
0.92,0.0,0.055,0.01,0.015,True,False,0.92,0.015,"{""BCC_B2#1"": 0.9892539311043603, ""C15_LAVES#1"": 0.003829869405058971, ""FCC_L12#1"": 0.0007287068567300664, ""HCP_A3#2"": 0.0025904028829517975, ""HCP_A3#3"": 0.00359708975089895}"
0.92,0.0,0.06,0.005,0.015,True,False,0.92,0.015,"{""BCC_B2#1"": 0.9908346115125611, ""C15_LAVES#1"": 0.0021909874586455496, ""FCC_L12#1"": 0.0007288473755881726, ""HCP_A3#2"": 0.0036316856862983584, ""HCP_A3#3"": 0.0026138679669070507}"
0.92,0.0,0.065,0.0,0.015,True,False,0.92,0.015,"{""BCC_B2#1"": 0.9925160829980397, ""C15_LAVES#1"": 0.0004527575032086266, ""FCC_L12#1"": 0.00072896966135322, ""HCP_A3#2"": 0.0026364788804562663, ""HCP_A3#3"": 0.0036657109569420802}"
0.92,0.005,0.0,0.06,0.015,True,False,0.92,0.015,"{""BCC_B2#1"": 0.9746573435516014, ""C15_LAVES#1"": 0.0193897912394205, ""FCC_L12#1"": 0.0007227232327867598, ""HCP_A3#2"": 0.0021822526222357494, ""HCP_A3#3"": 0.003047889353955641}"
0.92,0.005,0.005,0.055,0.015,True,False,0.92,0.015,"{""BCC_B2#1"": 0.9753506681062885, ""C15_LAVES#1"": 0.018659239686627405, ""FCC_L12#1"": 0.0007230766230850818, ""HCP_A3#2"": 0.0030697197516628186, ""HCP_A3#3"": 0.0021972958323365583}"
0.92,0.005,0.01,0.05,0.015,True,False,0.92,0.015,"{""BCC_B2#1"": 0.9760867902620942, ""C15_LAVES#1"": 0.017885185212139346, ""FCC_L12#1"": 0.000723420531649818, ""HCP_A3#2"": 0.0030920079254641796, ""HCP_A3#3"": 0.002212596068652476}"
0.92,0.005,0.015,0.045,0.015,True,False,0.92,0.015,"{""BCC_B2#1"": 0.9768685992344798, ""C15_LAVES#1"": 0.01706479056367857, ""FCC_L12#1"": 0.0007237542099008802, ""HCP_A3#2"": 0.0031147294442473335, ""HCP_A3#3"": 0.0022281265476936153}"
0.92,0.005,0.02,0.04,0.015,True,False,0.92,0.015,"{""BCC_B2#1"": 0.9776992217898778, ""C15_LAVES#1"": 0.016194991799865218, ""FCC_L12#1"": 0.0007240769358966014, ""HCP_A3#2"": 0.0031378545933246713, ""HCP_A3#3"": 0.0022438548810356407}"
0.92,0.005,0.025,0.035,0.015,True,False,0.92,0.015,"{""BCC_B2#1"": 0.9785820546453537, ""C15_LAVES#1"": 0.01527246701989832, ""FCC_L12#1"": 0.0007243880260340883, ""HCP_A3#2"": 0.0031613480108182716, ""HCP_A3#3"": 0.0022597422978955103}"
0.92,0.005,0.03,0.03,0.015,True,False,0.92,0.015,"{""BCC_B2#1"": 0.9795208037876917, ""C15_LAVES#1"": 0.014293598150093869, ""FCC_L12#1"": 0.0007246868489287985, ""HCP_A3#2"": 0.0031851684561196043, ""HCP_A3#3"": 0.002275742757166202}"
0.92,0.005,0.035,0.025,0.015,True,False,0.92,0.015,"{""BCC_B2#1"": 0.9805195319023086, ""C15_LAVES#1"": 0.013254424583056016, ""FCC_L12#1"": 0.0007249728416825361, ""HCP_A3#2"": 0.0032092687729982734, ""HCP_A3#3"": 0.00229180189995467}"
0.92,0.005,0.04,0.02,0.015,True,False,0.92,0.015,"{""BCC_B2#1"": 0.9815827149229102, ""C15_LAVES#1"": 0.012150587677048701, ""FCC_L12#1"": 0.0007252455286924263, ""HCP_A3#2"": 0.0032335961166389047, ""HCP_A3#3"": 0.0023078557547098924}"
0.92,0.005,0.045,0.015,0.015,True,False,0.92,0.015,"{""BCC_B2#1"": 0.982715308259061, ""C15_LAVES#1"": 0.010977265641851123, ""FCC_L12#1"": 0.0007255045430729117, ""HCP_A3#2"": 0.002323829043005405, ""HCP_A3#3"": 0.0032580925130099633}"
0.92,0.005,0.05,0.01,0.015,True,False,0.92,0.015,"{""BCC_B2#1"": 0.9839228224448845, ""C15_LAVES#1"": 0.00972909926521042, ""FCC_L12#1"": 0.0007257496506757663, ""HCP_A3#2"": 0.003282695805715697, ""HCP_A3#3"": 0.0023396328335136916}"
0.92,0.005,0.055,0.005,0.015,True,False,0.92,0.015,"{""BCC_B2#1"": 0.9852114067423933, ""C15_LAVES#1"": 0.008400110324908457, ""FCC_L12#1"": 0.0007259807766459493, ""HCP_A3#2"": 0.0033073410154152846, ""HCP_A3#3"": 0.00235516114063692}"
0.92,0.005,0.06,0.0,0.015,True,False,0.92,0.015,"{""BCC_B2#1"": 0.9865879377015456, ""C15_LAVES#1"": 0.006983616330115107, ""FCC_L12#1"": 0.0007261980345294898, ""HCP_A3#2"": 0.00333196208771384, ""HCP_A3#3"": 0.0023702858460960406}"
0.92,0.01,0.0,0.055,0.015,True,False,0.92,0.015,"{""BCC_B2#1"": 0.9729671584241102, ""C15_LAVES#1"": 0.021311338623757062, ""FCC_L12#1"": 0.0007197271730365211, ""HCP_A3#2"": 0.002919486501060885, ""HCP_A3#3"": 0.0020822892780353623}"
0.92,0.01,0.005,0.05,0.015,True,False,0.92,0.015,"{""BCC_B2#1"": 0.9735825894623722, ""C15_LAVES#1"": 0.020665638330192703, ""FCC_L12#1"": 0.0007200927776796892, ""HCP_A3#2"": 0.002937462076800783, ""HCP_A3#3"": 0.002094217352954657}"
0.92,0.01,0.01,0.045,0.015,True,False,0.92,0.015,"{""BCC_B2#1"": 0.974237361135061, ""C15_LAVES#1"": 0.019980084229478494, ""FCC_L12#1"": 0.0007204516313124579, ""HCP_A3#2"": 0.002955784418666854, ""HCP_A3#3"": 0.00210631858548114}"
0.92,0.01,0.015,0.04,0.015,True,False,0.92,0.015,"{""BCC_B2#1"": 0.9749343338556975, ""C15_LAVES#1"": 0.019251850417408345, ""FCC_L12#1"": 0.0007208031551560371, ""HCP_A3#2"": 0.002974439292364397, ""HCP_A3#3"": 0.002118573279373708}"
0.92,0.01,0.02,0.035,0.015,True,False,0.92,0.015,"{""BCC_B2#1"": 0.9756766250578557, ""C15_LAVES#1"": 0.01847786012667553, ""FCC_L12#1"": 0.0007211467973355108, ""HCP_A3#2"": 0.002993410364980129, ""HCP_A3#3"": 0.0021309576531534516}"
0.92,0.01,0.025,0.03,0.015,True,False,0.92,0.015,"{""BCC_B2#1"": 0.9764676416201498, ""C15_LAVES#1"": 0.01765475426546568, ""FCC_L12#1"": 0.0007214820415446722, ""HCP_A3#2"": 0.0030126791922891385, ""HCP_A3#3"": 0.002143442880551003}"
0.92,0.01,0.03,0.025,0.015,True,False,0.92,0.015,"{""BCC_B2#1"": 0.97731111743387, ""C15_LAVES#1"": 0.016778855097501075, ""FCC_L12#1"": 0.0007218084171790801, ""HCP_A3#2"": 0.0030322252657513545, ""HCP_A3#3"": 0.002155993785698557}"
0.92,0.01,0.035,0.02,0.015,True,False,0.92,0.015,"{""BCC_B2#1"": 0.978211156717552, ""C15_LAVES#1"": 0.015846124598634798, ""FCC_L12#1"": 0.0007221255111868362, ""HCP_A3#2"": 0.003052026131909445, ""HCP_A3#3"": 0.002168567040716855}"
0.92,0.01,0.04,0.015,0.015,True,False,0.92,0.015,"{""BCC_B2#1"": 0.9791722835769764, ""C15_LAVES#1"": 0.01485211720019992, ""FCC_L12#1"": 0.0007224329819631483, ""HCP_A3#2"": 0.0030720575953571, ""HCP_A3#3"": 0.0021811086455035974}"
0.92,0.01,0.045,0.01,0.015,True,False,0.92,0.015,"{""BCC_B2#1"": 0.9801994980942763, ""C15_LAVES#1"": 0.01379192694436105, ""FCC_L12#1"": 0.000722730575740468, ""HCP_A3#2"": 0.0030922940124394793, ""HCP_A3#3"": 0.00219355037318281}"
0.92,0.01,0.05,0.005,0.015,True,False,0.92,0.015,"{""BCC_B2#1"": 0.981298338875282, ""C15_LAVES#1"": 0.012660129569694699, ""FCC_L12#1"": 0.0007230181461267677, ""HCP_A3#2"": 0.0031127086801753462, ""HCP_A3#3"": 0.002205804728721212}"
0.92,0.01,0.055,0.0,0.015,True,False,0.92,0.015,"{""BCC_B2#1"": 0.9824749514372069, ""C15_LAVES#1"": 0.011450720795896057, ""FCC_L12#1"": 0.0007232956777677332, ""HCP_A3#2"": 0.0022177577776835737, ""HCP_A3#3"": 0.003133274311445977}"
0.92,0.015,0.0,0.05,0.015,True,False,0.92,0.015,"{""BCC_B2#1"": 0.971654124964872, ""C15_LAVES#1"": 0.022796373558445732, ""FCC_L12#1"": 0.0007169993690875665, ""HCP_A3#2"": 0.0020090549251095533, ""HCP_A3#3"": 0.0028234471824852654}"
0.92,0.015,0.005,0.045,0.015,True,False,0.92,0.015,"{""BCC_B2#1"": 0.9722153118501834, ""C15_LAVES#1"": 0.022208839481820314, ""FCC_L12#1"": 0.0007173771407314626, ""HCP_A3#2"": 0.002019226988322143, ""HCP_A3#3"": 0.0028392445389426985}"
0.92,0.015,0.01,0.04,0.015,True,False,0.92,0.015,"{""BCC_B2#1"": 0.9728138874097084, ""C15_LAVES#1"": 0.021583461504443204, ""FCC_L12#1"": 0.0007177504281884709, ""HCP_A3#2"": 0.0020295432884692628, ""HCP_A3#3"": 0.0028553573691906457}"
0.92,0.015,0.015,0.035,0.015,True,False,0.92,0.015,"{""BCC_B2#1"": 0.973452724886877, ""C15_LAVES#1"": 0.020917392344645087, ""FCC_L12#1"": 0.0007181187653380574, ""HCP_A3#2"": 0.002039985743775286, ""HCP_A3#3"": 0.0028717782593646627}"
0.92,0.015,0.02,0.03,0.015,True,False,0.92,0.015,"{""BCC_B2#1"": 0.9741349626249727, ""C15_LAVES#1"": 0.020207525514504977, ""FCC_L12#1"": 0.0007184817106704874, ""HCP_A3#2"": 0.0020505313355749497, ""HCP_A3#3"": 0.0028884988142769043}"
0.92,0.015,0.025,0.025,0.015,True,False,0.92,0.015,"{""BCC_B2#1"": 0.974864034713176, ""C15_LAVES#1"": 0.019450466264372152, ""FCC_L12#1"": 0.0007188388544476548, ""HCP_A3#2"": 0.0020611505036246093, ""HCP_A3#3"": 0.002905509664380019}"
0.92,0.015,0.03,0.02,0.015,True,False,0.92,0.015,"{""BCC_B2#1"": 0.9756437055739867, ""C15_LAVES#1"": 0.018642499179125204, ""FCC_L12#1"": 0.0007191898273469274, ""HCP_A3#2"": 0.0020718049251601555, ""HCP_A3#3"": 0.002922800494380949}"
0.92,0.015,0.035,0.015,0.015,True,False,0.92,0.015,"{""BCC_B2#1"": 0.9764781088127543, ""C15_LAVES#1"": 0.017779552348839215, ""FCC_L12#1"": 0.0007195343110240617, ""HCP_A3#2"": 0.0020824444306972592, ""HCP_A3#3"": 0.002940360096685118}"
0.92,0.015,0.04,0.01,0.015,True,False,0.92,0.015,"{""BCC_B2#1"": 0.9773717905514989, ""C15_LAVES#1"": 0.016857158236223663, ""FCC_L12#1"": 0.0007198720512189265, ""HCP_A3#2"": 0.0020930027111622663, ""HCP_A3#3"": 0.0029581764498963128}"
0.92,0.015,0.045,0.005,0.015,True,False,0.92,0.015,"{""BCC_B2#1"": 0.9783297573067903, ""C15_LAVES#1"": 0.015870411659782143, ""FCC_L12#1"": 0.0007202028742840923, ""HCP_A3#2"": 0.0021033913339373457, ""HCP_A3#3"": 0.00297623682520637}"
0.92,0.015,0.05,0.0,0.015,True,False,0.92,0.015,"{""BCC_B2#1"": 0.9793575282002563, ""C15_LAVES#1"": 0.014813925775637516, ""FCC_L12#1"": 0.0007205267083928583, ""HCP_A3#2"": 0.0029945279200960565, ""HCP_A3#3"": 0.002113491395617441}"
0.92,0.02,0.0,0.045,0.015,True,False,0.92,0.015,"{""BCC_B2#1"": 0.9706084799762251, ""C15_LAVES#1"": 0.023975984852541907, ""FCC_L12#1"": 0.000714535806560052, ""HCP_A3#2"": 0.001952649859491284, ""HCP_A3#3"": 0.002748349505181889}"
0.92,0.02,0.005,0.04,0.015,True,False,0.92,0.015,"{""BCC_B2#1"": 0.9711300032280881, ""C15_LAVES#1"": 0.023430531854308347, ""FCC_L12#1"": 0.000714926982299791, ""HCP_A3#2"": 0.0019617189506185777, ""HCP_A3#3"": 0.0027628189846853513}"
0.92,0.02,0.01,0.035,0.015,True,False,0.92,0.015,"{""BCC_B2#1"": 0.9716877175960191, ""C15_LAVES#1"": 0.022848456209769243, ""FCC_L12#1"": 0.0007153156130833123, ""HCP_A3#2"": 0.001970913087768704, ""HCP_A3#3"": 0.002777597493359748}"
0.92,0.02,0.015,0.03,0.015,True,False,0.92,0.015,"{""BCC_B2#1"": 0.9722845184013441, ""C15_LAVES#1"": 0.022226887911614774, ""FCC_L12#1"": 0.0007157013053197947, ""HCP_A3#2"": 0.001980210775024874, ""HCP_A3#3"": 0.0027926816066964734}"
0.92,0.02,0.02,0.025,0.015,True,False,0.92,0.015,"{""BCC_B2#1"": 0.9729235698554496, ""C15_LAVES#1"": 0.02156269579024209, ""FCC_L12#1"": 0.0007160836875107011, ""HCP_A3#2"": 0.001989583338569944, ""HCP_A3#3"": 0.002808067328227922}"
0.92,0.02,0.025,0.02,0.015,True,False,0.92,0.015,"{""BCC_B2#1"": 0.973608333996169, ""C15_LAVES#1"": 0.020852461132696593, ""FCC_L12#1"": 0.0007164624172829194, ""HCP_A3#2"": 0.0019989923760473103, ""HCP_A3#3"": 0.0028237500778043687}"
0.92,0.02,0.03,0.015,0.015,True,False,0.92,0.015,"{""BCC_B2#1"": 0.9743426027265116, ""C15_LAVES#1"": 0.020092449151448494, ""FCC_L12#1"": 0.0007168371903450385, ""HCP_A3#2"": 0.002008386245212443, ""HCP_A3#3"": 0.0028397246864823827}"
0.92,0.02,0.035,0.01,0.015,True,False,0.92,0.015,"{""BCC_B2#1"": 0.9751305330606943, ""C15_LAVES#1"": 0.019278578563259197, ""FCC_L12#1"": 0.0007172077520552692, ""HCP_A3#2"": 0.00201769522516043, ""HCP_A3#3"": 0.0028559853988308773}"
0.92,0.02,0.04,0.005,0.015,True,False,0.92,0.015,"{""BCC_B2#1"": 0.9759766855528264, ""C15_LAVES#1"": 0.018406389807170975, ""FCC_L12#1"": 0.0007175739125626334, ""HCP_A3#2"": 0.0020268248437873442, ""HCP_A3#3"": 0.00287252588365296}"
0.92,0.02,0.045,0.0,0.015,True,False,0.92,0.015,"{""BCC_B2#1"": 0.9768860656775645, ""C15_LAVES#1"": 0.017471012828925405, ""FCC_L12#1"": 0.0007179355668608204, ""HCP_A3#2"": 0.0020356466726256938, ""HCP_A3#3"": 0.0028893392540233808}"
0.92,0.025,0.0,0.04,0.015,True,False,0.92,0.015,"{""BCC_B2#1"": 0.9697629698238429, ""C15_LAVES#1"": 0.024929063348667534, ""FCC_L12#1"": 0.000712319883636981, ""HCP_A3#2"": 0.0019077446731752255, ""HCP_A3#3"": 0.00268790227067736}"
0.92,0.025,0.005,0.035,0.015,True,False,0.92,0.015,"{""BCC_B2#1"": 0.970254627925222, ""C15_LAVES#1"": 0.024415067133645375, ""FCC_L12#1"": 0.0007127254822546465, ""HCP_A3#2"": 0.001916054699668264, ""HCP_A3#3"": 0.002701524759209832}"
0.92,0.025,0.01,0.03,0.015,True,False,0.92,0.015,"{""BCC_B2#1"": 0.970781718071938, ""C15_LAVES#1"": 0.023865228384450057, ""FCC_L12#1"": 0.0007131301882198245, ""HCP_A3#2"": 0.001924465624998901, ""HCP_A3#3"": 0.0027154577303930756}"
0.92,0.025,0.015,0.025,0.015,True,False,0.92,0.015,"{""BCC_B2#1"": 0.971347160475898, ""C15_LAVES#1"": 0.023276658017280256, ""FCC_L12#1"": 0.0007135336551795881, ""HCP_A3#2"": 0.001932947838049826, ""HCP_A3#3"": 0.0027297000135922808}"
0.92,0.025,0.02,0.02,0.015,True,False,0.92,0.015,"{""BCC_B2#1"": 0.9719541462212433, ""C15_LAVES#1"": 0.02264620716176507, ""FCC_L12#1"": 0.00071393555822437, ""HCP_A3#2"": 0.0019414610373491687, ""HCP_A3#3"": 0.0027442500214179813}"
0.92,0.025,0.025,0.015,0.015,True,False,0.92,0.015,"{""BCC_B2#1"": 0.9726061646049549, ""C15_LAVES#1"": 0.021970443687869875, ""FCC_L12#1"": 0.0007143356020122076, ""HCP_A3#2"": 0.0019499503813687857, ""HCP_A3#3"": 0.0027591057237944332}"
0.92,0.025,0.03,0.01,0.015,True,False,0.92,0.015,"{""BCC_B2#1"": 0.9733070328438697, ""C15_LAVES#1"": 0.021245627779088422, ""FCC_L12#1"": 0.0007147335315473434, ""HCP_A3#2"": 0.001958341222451003, ""HCP_A3#3"": 0.0027742646230434526}"
0.92,0.025,0.035,0.005,0.015,True,False,0.92,0.015,"{""BCC_B2#1"": 0.9740609280281062, ""C15_LAVES#1"": 0.020467687194150676, ""FCC_L12#1"": 0.0007151291465970962, ""HCP_A3#2"": 0.0019665319004038943, ""HCP_A3#3"": 0.0027897237307420385}"
0.92,0.025,0.04,0.0,0.015,True,False,0.92,0.015,"{""BCC_B2#1"": 0.974872421008149, ""C15_LAVES#1"": 0.019632193245207052, ""FCC_L12#1"": 0.0007155223211000254, ""HCP_A3#2"": 0.001974383878208253, ""HCP_A3#3"": 0.0028054795473361808}"
0.92,0.03,0.0,0.035,0.015,True,False,0.92,0.015,"{""BCC_B2#1"": 0.9690724215094776, ""C15_LAVES#1"": 0.02570786435500569, ""FCC_L12#1"": 0.0007103315906460073, ""HCP_A3#2"": 0.0018711278943466993, ""HCP_A3#3"": 0.002638254650524132}"
0.92,0.03,0.005,0.03,0.015,True,False,0.92,0.015,"{""BCC_B2#1"": 0.9695411808764995, ""C15_LAVES#1"": 0.025217881496460322, ""FCC_L12#1"": 0.0007107521162992999, ""HCP_A3#2"": 0.0018788635461780205, ""HCP_A3#3"": 0.0026513219645626415}"
0.92,0.03,0.01,0.025,0.015,True,False,0.92,0.015,"{""BCC_B2#1"": 0.9700448974123332, ""C15_LAVES#1"": 0.024692561971690206, ""FCC_L12#1"": 0.000711173150628612, ""HCP_A3#2"": 0.0018866641809397564, ""HCP_A3#3"": 0.0026647032844080622}"
0.92,0.03,0.015,0.02,0.015,True,False,0.92,0.015,"{""BCC_B2#1"": 0.9705865175928255, ""C15_LAVES#1"": 0.024129002266539572, ""FCC_L12#1"": 0.0007115943815302136, ""HCP_A3#2"": 0.0018944870733236634, ""HCP_A3#3"": 0.0026783986857811005}"
0.92,0.03,0.02,0.015,0.015,True,False,0.92,0.015,"{""BCC_B2#1"": 0.9711692595821663, ""C15_LAVES#1"": 0.023524043165012287, ""FCC_L12#1"": 0.0007120155206521811, ""HCP_A3#2"": 0.0019022738426587031, ""HCP_A3#3"": 0.0026924078895105034}"
0.92,0.03,0.025,0.01,0.015,True,False,0.92,0.015,"{""BCC_B2#1"": 0.9717966388564792, ""C15_LAVES#1"": 0.022874249745676575, ""FCC_L12#1"": 0.0007124363136935412, ""HCP_A3#2"": 0.0019099448558294236, ""HCP_A3#3"": 0.0027067302283215583}"
0.92,0.03,0.03,0.005,0.015,True,False,0.92,0.015,"{""BCC_B2#1"": 0.9724724954074011, ""C15_LAVES#1"": 0.022175891812171236, ""FCC_L12#1"": 0.0007128565543410967, ""HCP_A3#2"": 0.0019173916133457386, ""HCP_A3#3"": 0.002721364612741011}"
0.92,0.03,0.035,0.0,0.015,True,False,0.92,0.015,"{""BCC_B2#1"": 0.9732010221373374, ""C15_LAVES#1"": 0.021424925872262485, ""FCC_L12#1"": 0.0007132761031782816, ""HCP_A3#2"": 0.0019244663903484312, ""HCP_A3#3"": 0.002736309496873446}"
0.92,0.035,0.0,0.03,0.015,True,False,0.92,0.015,"{""BCC_B2#1"": 0.9685046007940779, ""C15_LAVES#1"": 0.02634928291452334, ""FCC_L12#1"": 0.0007085503766885233, ""HCP_A3#2"": 0.001840700292845787, ""HCP_A3#3"": 0.002596865621864446}"
0.92,0.035,0.005,0.025,0.015,True,False,0.92,0.015,"{""BCC_B2#1"": 0.9689556223768274, ""C15_LAVES#1"": 0.02587787457364033, ""FCC_L12#1"": 0.0007089858589271528, ""HCP_A3#2"": 0.0018479531980381797, ""HCP_A3#3"": 0.002609563992567054}"
0.92,0.035,0.01,0.02,0.015,True,False,0.92,0.015,"{""BCC_B2#1"": 0.9694413263053318, ""C15_LAVES#1"": 0.025371452047790934, ""FCC_L12#1"": 0.0007094230407459583, ""HCP_A3#2"": 0.001855218653478655, ""HCP_A3#3"": 0.002622579952652794}"
0.92,0.035,0.015,0.015,0.015,True,False,0.92,0.015,"{""BCC_B2#1"": 0.9699646858341002, ""C15_LAVES#1"": 0.02482710324498592, ""FCC_L12#1"": 0.0007098616404877771, ""HCP_A3#2"": 0.0018624350364628407, ""HCP_A3#3"": 0.0026359142439632065}"
0.92,0.035,0.02,0.01,0.015,True,False,0.92,0.015,"{""BCC_B2#1"": 0.9705289454513127, ""C15_LAVES#1"": 0.024241667528913685, ""FCC_L12#1"": 0.0007103014060482908, ""HCP_A3#2"": 0.0018695183339364051, ""HCP_A3#3"": 0.002649567279788938}"
0.92,0.035,0.025,0.005,0.015,True,False,0.92,0.015,"{""BCC_B2#1"": 0.9711376444132088, ""C15_LAVES#1"": 0.023611720113036416, ""FCC_L12#1"": 0.0007107421283928646, ""HCP_A3#2"": 0.0018763542365490592, ""HCP_A3#3"": 0.002663539108813093}"
0.92,0.035,0.03,0.0,0.015,True,False,0.92,0.015,"{""BCC_B2#1"": 0.971794640922813, ""C15_LAVES#1"": 0.02293355860403266, ""FCC_L12#1"": 0.0007111836599571307, ""HCP_A3#2"": 0.0018827874357306114, ""HCP_A3#3"": 0.0026778293774664882}"
0.92,0.04,0.0,0.025,0.015,True,False,0.92,0.015,"{""BCC_B2#1"": 0.9680355704479714, ""C15_LAVES#1"": 0.026880506668211505, ""FCC_L12#1"": 0.0007069563063679606, ""HCP_A3#2"": 0.0018150026518545224, ""HCP_A3#3"": 0.002561963925594743}"
0.92,0.04,0.005,0.02,0.015,True,False,0.92,0.015,"{""BCC_B2#1"": 0.9684728036422585, ""C15_LAVES#1"": 0.026423569449380076, ""FCC_L12#1"": 0.0007074064279612857, ""HCP_A3#2"": 0.0018218034221343482, ""HCP_A3#3"": 0.002574417058265791}"
0.92,0.04,0.01,0.015,0.015,True,False,0.92,0.015,"{""BCC_B2#1"": 0.968944593553327, ""C15_LAVES#1"": 0.025931813094688477, ""FCC_L12#1"": 0.0007078592712855973, ""HCP_A3#2"": 0.0025871908196778903, ""HCP_A3#3"": 0.0018285432610210897}"
0.92,0.04,0.015,0.01,0.015,True,False,0.92,0.015,"{""BCC_B2#1"": 0.9694539395110942, ""C15_LAVES#1"": 0.025402324915019123, ""FCC_L12#1"": 0.0007083145879104132, ""HCP_A3#2"": 0.0026002862788703945, ""HCP_A3#3"": 0.0018351347071057288}"
0.92,0.04,0.02,0.005,0.015,True,False,0.92,0.015,"{""BCC_B2#1"": 0.9700041099267576, ""C15_LAVES#1"": 0.0248319547181535, ""FCC_L12#1"": 0.0007087721686145229, ""HCP_A3#2"": 0.0026137041881415402, ""HCP_A3#3"": 0.0018414589983327466}"
0.92,0.04,0.025,0.0,0.015,True,False,0.92,0.015,"{""BCC_B2#1"": 0.9705986631286627, ""C15_LAVES#1"": 0.024217304897643743, ""FCC_L12#1"": 0.0007092318612091214, ""HCP_A3#2"": 0.002627444946232954, ""HCP_A3#3"": 0.0018473551662516747}"
0.92,0.045,0.0,0.02,0.015,True,False,0.92,0.015,"{""BCC_B2#1"": 0.9676470749540448, ""C15_LAVES#1"": 0.027322160578065833, ""FCC_L12#1"": 0.0007055306292724006, ""HCP_A3#2"": 0.002532263689928674, ""HCP_A3#3"": 0.0017929701486883568}"
0.92,0.045,0.005,0.015,0.015,True,False,0.92,0.015,"{""BCC_B2#1"": 0.9680736228346868, ""C15_LAVES#1"": 0.02687652110662366, ""FCC_L12#1"": 0.0007059948573546004, ""HCP_A3#2"": 0.0017993045218606197, ""HCP_A3#3"": 0.0025445566794744757}"
0.92,0.045,0.01,0.01,0.015,True,False,0.92,0.015,"{""BCC_B2#1"": 0.9685347168030651, ""C15_LAVES#1"": 0.026396169366405698, ""FCC_L12#1"": 0.0007064626998855006, ""HCP_A3#2"": 0.0018054784286222526, ""HCP_A3#3"": 0.002557172702021322}"
0.92,0.045,0.015,0.005,0.015,True,False,0.92,0.015,"{""BCC_B2#1"": 0.9690333798611479, ""C15_LAVES#1"": 0.025878203089142873, ""FCC_L12#1"": 0.0007069339492567334, ""HCP_A3#2"": 0.001811370151093859, ""HCP_A3#3"": 0.0025701129493586857}"
0.92,0.045,0.02,0.0,0.015,True,False,0.92,0.015,"{""BCC_B2#1"": 0.9695728996502617, ""C15_LAVES#1"": 0.025319498494105492, ""FCC_L12#1"": 0.000707408450962617, ""HCP_A3#2"": 0.0018168151035702804, ""HCP_A3#3"": 0.0025833783011000315}"
0.92,0.05,0.0,0.015,0.015,True,False,0.92,0.015,"{""BCC_B2#1"": 0.9673249311336569, ""C15_LAVES#1"": 0.02769021682617499, ""FCC_L12#1"": 0.0007042560682562905, ""HCP_A3#2"": 0.0017737936054028594, ""HCP_A3#3"": 0.002506802366508941}"
0.92,0.05,0.005,0.01,0.015,True,False,0.92,0.015,"{""BCC_B2#1"": 0.9677432844965996, ""C15_LAVES#1"": 0.02725337569896214, ""FCC_L12#1"": 0.0007047337616031593, ""HCP_A3#2"": 0.001779610363472417, ""HCP_A3#3"": 0.0025189956793625796}"
0.92,0.05,0.01,0.005,0.015,True,False,0.92,0.015,"{""BCC_B2#1"": 0.9681962627408263, ""C15_LAVES#1"": 0.026781872229632346, ""FCC_L12#1"": 0.0007052158680689563, ""HCP_A3#2"": 0.0017851352878377436, ""HCP_A3#3"": 0.0025315138736346355}"
0.92,0.05,0.015,0.0,0.015,True,False,0.92,0.015,"{""BCC_B2#1"": 0.9686869079911643, ""C15_LAVES#1"": 0.026272829434253735, ""FCC_L12#1"": 0.0007057022322514927, ""HCP_A3#2"": 0.0025443581337648395, ""HCP_A3#3"": 0.0017902022085657416}"
0.92,0.055,0.0,0.01,0.015,True,False,0.92,0.015,"{""BCC_B2#1"": 0.967057965510074, ""C15_LAVES#1"": 0.02799723986764678, ""FCC_L12#1"": 0.0007031169358844443, ""HCP_A3#2"": 0.002484842147183212, ""HCP_A3#3"": 0.001756835539211616}"
0.92,0.055,0.005,0.005,0.015,True,False,0.92,0.015,"{""BCC_B2#1"": 0.9674701573728105, ""C15_LAVES#1"": 0.02756720530065751, ""FCC_L12#1"": 0.0007036074237337413, ""HCP_A3#2"": 0.0024969801054726677, ""HCP_A3#3"": 0.001762049797325383}"
0.92,0.055,0.01,0.0,0.015,True,False,0.92,0.015,"{""BCC_B2#1"": 0.9679171212385222, ""C15_LAVES#1"": 0.027102529047379947, ""FCC_L12#1"": 0.0007041030606234713, ""HCP_A3#2"": 0.002509444355456241, ""HCP_A3#3"": 0.0017668022980179001}"
0.92,0.06,0.0,0.005,0.015,True,False,0.92,0.015,"{""BCC_B2#1"": 0.966837275166088, ""C15_LAVES#1"": 0.028253242647940272, ""FCC_L12#1"": 0.0007020991385829299, ""HCP_A3#2"": 0.002465806704783313, ""HCP_A3#3"": 0.0017415763426056148}"
0.92,0.06,0.005,0.0,0.015,True,False,0.92,0.015,"{""BCC_B2#1"": 0.9672449850920024, ""C15_LAVES#1"": 0.027828420329389626, ""FCC_L12#1"": 0.000702601774778345, ""HCP_A3#2"": 0.0024779227853783765, ""HCP_A3#3"": 0.0017460700184512264}"
0.92,0.065,0.0,0.0,0.015,True,False,0.92,0.015,"{""BCC_B2#1"": 0.9666556945418194, ""C15_LAVES#1"": 0.02846629851558309, ""FCC_L12#1"": 0.000701190110318558, ""HCP_A3#2"": 0.0024492388088726605, ""HCP_A3#3"": 0.001727578023406224}"
0.85,0.0,0.0,0.135,0.015,True,False,0.85,0.015,"{""BCC_B2#1"": 0.9717637892673222, ""C15_LAVES#1"": 0.022251471545034644, ""FCC_L12#1"": 0.0007230899816333587, ""HCP_A3#2"": 0.003065379773286031, ""HCP_A3#3"": 0.0021962694327236627}"
0.85,0.0,0.005,0.13,0.015,True,False,0.85,0.015,"{""BCC_B2#1"": 0.9722975372453019, ""C15_LAVES#1"": 0.021674088943281395, ""FCC_L12#1"": 0.0007235062380918955, ""HCP_A3#2"": 0.002214304541323466, ""HCP_A3#3"": 0.0030905630320015036}"
0.85,0.0,0.01,0.125,0.015,True,False,0.85,0.015,"{""BCC_B2#1"": 0.9728647096679525, ""C15_LAVES#1"": 0.021061602479794134, ""FCC_L12#1"": 0.0007239167762201728, ""HCP_A3#2"": 0.003116732106249623, ""HCP_A3#3"": 0.0022330389697836797}"
0.85,0.0,0.015,0.12,0.015,True,False,0.85,0.015,"{""BCC_B2#1"": 0.9734675906052455, ""C15_LAVES#1"": 0.02041165895815358, ""FCC_L12#1"": 0.0007243207092705668, ""HCP_A3#2"": 0.0031439283374978403, ""HCP_A3#3"": 0.0022525013898325396}"
0.85,0.0,0.02,0.115,0.015,True,False,0.85,0.015,"{""BCC_B2#1"": 0.9741086299952099, ""C15_LAVES#1"": 0.019721736767395047, ""FCC_L12#1"": 0.000724717119435384, ""HCP_A3#2"": 0.0022727214057601834, ""HCP_A3#3"": 0.0031721947121999515}"
0.85,0.0,0.025,0.11,0.015,True,False,0.85,0.015,"{""BCC_B2#1"": 0.9747904561718691, ""C15_LAVES#1"": 0.01898913369877409, ""FCC_L12#1"": 0.000725105058656608, ""HCP_A3#2"": 0.0022937293886558722, ""HCP_A3#3"": 0.0032015756820444347}"
0.85,0.0,0.03,0.105,0.015,True,False,0.85,0.015,"{""BCC_B2#1"": 0.9755158894013113, ""C15_LAVES#1"": 0.01821095392331281, ""FCC_L12#1"": 0.0007254835500875353, ""HCP_A3#2"": 0.00231555623749261, ""HCP_A3#3"": 0.003232116887795726}"
0.85,0.0,0.035,0.1,0.015,True,False,0.85,0.015,"{""BCC_B2#1"": 0.9762879565153542, ""C15_LAVES#1"": 0.017384094092416837, ""FCC_L12#1"": 0.0007258515903930088, ""HCP_A3#2"": 0.002338233045277048, ""HCP_A3#3"": 0.0032638647565589192}"
0.85,0.0,0.04,0.095,0.015,True,False,0.85,0.015,"{""BCC_B2#1"": 0.9771099067426222, ""C15_LAVES#1"": 0.01650522852740506, ""FCC_L12#1"": 0.0007262081531189858, ""HCP_A3#2"": 0.002361790642719622, ""HCP_A3#3"": 0.003296865934134291}"
0.85,0.0,0.045,0.09,0.015,True,False,0.85,0.015,"{""BCC_B2#1"": 0.9779852288482568, ""C15_LAVES#1"": 0.015570793469301349, ""FCC_L12#1"": 0.0007265521934163377, ""HCP_A3#2"": 0.00333116650415389, ""HCP_A3#3"": 0.0023862589848717905}"
0.85,0.0,0.05,0.085,0.015,True,False,0.85,0.015,"{""BCC_B2#1"": 0.978917669705555, ""C15_LAVES#1"": 0.014576970368331083, ""FCC_L12#1"": 0.0007268826544673184, ""HCP_A3#2"": 0.003366810933819046, ""HCP_A3#3"": 0.0024116663378275847}"
0.85,0.0,0.055,0.08,0.015,True,False,0.85,0.015,"{""BCC_B2#1"": 0.9799112544340555, ""C15_LAVES#1"": 0.013519668204515164, ""FCC_L12#1"": 0.0007271984760353884, ""HCP_A3#2"": 0.0034038406724150815, ""HCP_A3#3"": 0.0024380382129787982}"
0.85,0.0,0.06,0.075,0.015,True,False,0.85,0.015,"{""BCC_B2#1"": 0.9809703082456872, ""C15_LAVES#1"": 0.012394504848895711, ""FCC_L12#1"": 0.0007274986056372198, ""HCP_A3#2"": 0.003442292313964405, ""HCP_A3#3"": 0.0024653959858154622}"
0.85,0.0,0.065,0.07,0.015,True,False,0.85,0.015,"{""BCC_B2#1"": 0.9820994801370078, ""C15_LAVES#1"": 0.011196787503450418, ""FCC_L12#1"": 0.0007277820129131826, ""HCP_A3#2"": 0.00348219522083867, ""HCP_A3#3"": 0.002493755125790356}"
0.85,0.0,0.07,0.065,0.015,True,False,0.85,0.015,"{""BCC_B2#1"": 0.9833037685397547, ""C15_LAVES#1"": 0.009921492303581655, ""FCC_L12#1"": 0.0007280477078370723, ""HCP_A3#2"": 0.003523568493706479, ""HCP_A3#3"": 0.002523122955119821}"
0.85,0.0,0.075,0.06,0.015,True,False,0.85,0.015,"{""BCC_B2#1"": 0.984588548974672, ""C15_LAVES#1"": 0.008563243241347525, ""FCC_L12#1"": 0.000728294763434549, ""HCP_A3#2"": 0.003566417169819692, ""HCP_A3#3"": 0.002553495850726317}"
0.85,0.0,0.08,0.055,0.015,True,False,0.85,0.015,"{""BCC_B2#1"": 0.9859596036191759, ""C15_LAVES#1"": 0.00711629068155536, ""FCC_L12#1"": 0.0007285223436376576, ""HCP_A3#2"": 0.0036107275446264227, ""HCP_A3#3"": 0.0025848558110047673}"
0.85,0.0,0.085,0.05,0.015,True,False,0.85,0.015,"{""BCC_B2#1"": 0.9874231524335098, ""C15_LAVES#1"": 0.005574489954660416, ""FCC_L12#1"": 0.0007287297367302575, ""HCP_A3#2"": 0.003656461550996335, ""HCP_A3#3"": 0.002617166324103408}"
0.85,0.0,0.09,0.045,0.015,True,False,0.85,0.015,"{""BCC_B2#1"": 0.9889858851872078, ""C15_LAVES#1"": 0.0039312806412424624, ""FCC_L12#1"": 0.0007289163944794204, ""HCP_A3#2"": 0.0037035502211570665, ""HCP_A3#3"": 0.0026503675559131695}"
0.85,0.0,0.095,0.04,0.015,True,False,0.85,0.015,"{""BCC_B2#1"": 0.9906549930507075, ""C15_LAVES#1"": 0.002179667678659804, ""FCC_L12#1"": 0.0007290819763595178, ""HCP_A3#2"": 0.003751886392458895, ""HCP_A3#3"": 0.0026843709018144345}"
0.85,0.0,0.1,0.035,0.015,True,False,0.85,0.015,"{""BCC_B2#1"": 0.9924381980613549, ""C15_LAVES#1"": 0.00031220533283153644, ""FCC_L12#1"": 0.000729226397259923, ""HCP_A3#2"": 0.0038013170560638222, ""HCP_A3#3"": 0.0027190531524897855}"
0.85,0.0,0.105,0.03,0.015,True,True,0.85,0.015,"{""BCC_B2#1"": 0.9928582088035532, ""FCC_L12#1"": 0.0007289258980881217, ""HCP_A3#2"": 0.003744690853326709, ""HCP_A3#3"": 0.0026681744450318123}"
0.85,0.0,0.11,0.025,0.015,True,True,0.85,0.015,"{""BCC_B2#1"": 0.99299622891476, ""FCC_L12#1"": 0.0007284721933021759, ""HCP_A3#2"": 0.003670630069343012, ""HCP_A3#3"": 0.002604668822594899}"
0.85,0.0,0.115,0.02,0.015,True,True,0.85,0.015,"{""BCC_B2#1"": 0.9931269881262171, ""FCC_L12#1"": 0.000727948212869909, ""HCP_A3#2"": 0.0035999877945463057, ""HCP_A3#3"": 0.0025450758663667092}"
0.85,0.0,0.12,0.015,0.015,True,True,0.85,0.015,"{""BCC_B2#1"": 0.9932508245614899, ""FCC_L12#1"": 0.0007273605372332282, ""HCP_A3#2"": 0.0024890136801396217, ""HCP_A3#3"": 0.003532801221137542}"
0.85,0.0,0.125,0.01,0.015,True,True,0.85,0.015,"{""BCC_B2#1"": 0.9933682351486965, ""FCC_L12#1"": 0.000726715912376174, ""HCP_A3#2"": 0.002436006280396425, ""HCP_A3#3"": 0.003469042658530902}"
0.85,0.0,0.13,0.005,0.015,True,True,0.85,0.015,"{""BCC_B2#1"": 0.9934798970306545, ""FCC_L12#1"": 0.0007260212530386103, ""HCP_A3#2"": 0.002385440380771721, ""HCP_A3#3"": 0.0034086413355349887}"
0.85,0.0,0.135,0.0,0.015,True,True,0.85,0.015,"{""BCC_B2#1"": 0.9935867270935985, ""FCC_L12#1"": 0.0007252837940853317, ""HCP_A3#2"": 0.0033515038720196236, ""HCP_A3#3"": 0.0023364852402962583}"
0.85,0.005,0.0,0.13,0.015,True,False,0.85,0.015,"{""BCC_B2#1"": 0.969857557052419, ""C15_LAVES#1"": 0.02447101041124396, ""FCC_L12#1"": 0.000718987502940874, ""HCP_A3#2"": 0.0020610319777299995, ""HCP_A3#3"": 0.002891413055665837}"
0.85,0.005,0.005,0.125,0.015,True,False,0.85,0.015,"{""BCC_B2#1"": 0.9702911298081752, ""C15_LAVES#1"": 0.02400621596663468, ""FCC_L12#1"": 0.0007193983880700918, ""HCP_A3#2"": 0.0020735185801572117, ""HCP_A3#3"": 0.0029097372569627552}"
0.85,0.005,0.01,0.12,0.015,True,False,0.85,0.015,"{""BCC_B2#1"": 0.9707512761360375, ""C15_LAVES#1"": 0.023513995415412388, ""FCC_L12#1"": 0.0007198058922997727, ""HCP_A3#2"": 0.002086339092285798, ""HCP_A3#3"": 0.002928583463964515}"
0.85,0.005,0.015,0.115,0.015,True,False,0.85,0.015,"{""BCC_B2#1"": 0.9712397474484838, ""C15_LAVES#1"": 0.022992594572308817, ""FCC_L12#1"": 0.0007202093509174269, ""HCP_A3#2"": 0.0020994934702327573, ""HCP_A3#3"": 0.0029479551580572547}"
0.85,0.005,0.02,0.11,0.015,True,False,0.85,0.015,"{""BCC_B2#1"": 0.9717584160655147, ""C15_LAVES#1"": 0.022440141055258225, ""FCC_L12#1"": 0.0007206080870679382, ""HCP_A3#2"": 0.002967854401807145, ""HCP_A3#3"": 0.0021129803903521386}"
0.85,0.005,0.025,0.105,0.015,True,False,0.85,0.015,"{""BCC_B2#1"": 0.9723092843391912, ""C15_LAVES#1"": 0.02185463566432567, ""FCC_L12#1"": 0.0007210014135744109, ""HCP_A3#2"": 0.002988281556361897, ""HCP_A3#3"": 0.0021267970265469436}"
0.85,0.005,0.03,0.1,0.015,True,False,0.85,0.015,"{""BCC_B2#1"": 0.9728944947526174, ""C15_LAVES#1"": 0.021233942848628368, ""FCC_L12#1"": 0.0007213886351959559, ""HCP_A3#2"": 0.0030092349625893797, ""HCP_A3#3"": 0.0021409388009690587}"
0.85,0.005,0.035,0.095,0.015,True,False,0.85,0.015,"{""BCC_B2#1"": 0.9735163411724569, ""C15_LAVES#1"": 0.02057578008497673, ""FCC_L12#1"": 0.0007217690513861145, ""HCP_A3#2"": 0.0030307105844165055, ""HCP_A3#3"": 0.0021553991067636284}"
0.85,0.005,0.04,0.09,0.015,True,False,0.85,0.015,"{""BCC_B2#1"": 0.9741772814781617, ""C15_LAVES#1"": 0.01987770594625093, ""FCC_L12#1"": 0.000722141959618788, ""HCP_A3#2"": 0.003052701613985967, ""HCP_A3#3"": 0.0021701690019824936}"
0.85,0.005,0.045,0.085,0.015,True,False,0.85,0.015,"{""BCC_B2#1"": 0.9748799518447389, ""C15_LAVES#1"": 0.019137106581600758, ""FCC_L12#1"": 0.0007225066593516093, ""HCP_A3#2"": 0.00307519803990302, ""HCP_A3#3"": 0.0021852368744058287}"
0.85,0.005,0.05,0.08,0.015,True,False,0.85,0.015,"{""BCC_B2#1"": 0.9756271830206903, ""C15_LAVES#1"": 0.018351180262774033, ""FCC_L12#1"": 0.0007228624566975213, ""HCP_A3#2"": 0.0030981861821033083, ""HCP_A3#3"": 0.0022005880777346116}"
0.85,0.005,0.055,0.075,0.015,True,False,0.85,0.015,"{""BCC_B2#1"": 0.9764220190191594, ""C15_LAVES#1"": 0.017516919570656386, ""FCC_L12#1"": 0.0007232086698731166, ""HCP_A3#2"": 0.003121648199956245, ""HCP_A3#3"": 0.002216204540354777}"
0.85,0.005,0.06,0.07,0.015,True,False,0.85,0.015,"{""BCC_B2#1"": 0.9772677387279031, ""C15_LAVES#1"": 0.01663109070412987, ""FCC_L12#1"": 0.0007235446354857248, ""HCP_A3#2"": 0.003145561584051675, ""HCP_A3#3"": 0.0022320643484296564}"
0.85,0.005,0.065,0.065,0.015,True,False,0.85,0.015,"{""BCC_B2#1"": 0.9781678810405288, ""C15_LAVES#1"": 0.01569020929163967, ""FCC_L12#1"": 0.0007238697157084915, ""HCP_A3#2"": 0.003169898646943433, ""HCP_A3#3"": 0.0022481413051799615}"
0.85,0.005,0.07,0.06,0.015,True,False,0.85,0.015,"{""BCC_B2#1"": 0.9791262742085924, ""C15_LAVES#1"": 0.014690511984978333, ""FCC_L12#1"": 0.0007241833063778224, ""HCP_A3#2"": 0.003194626033646214, ""HCP_A3#3"": 0.002264404466405142}"
0.85,0.005,0.075,0.055,0.015,True,False,0.85,0.015,"{""BCC_B2#1"": 0.980147070218107, ""C15_LAVES#1"": 0.013627923005860717, ""FCC_L12#1"": 0.0007244848460050717, ""HCP_A3#2"": 0.0032197042785830307, ""HCP_A3#3"": 0.002280817651444299}"
0.85,0.005,0.08,0.05,0.015,True,False,0.85,0.015,"{""BCC_B2#1"": 0.9812347850476498, ""C15_LAVES#1"": 0.012498014767426137, ""FCC_L12#1"": 0.0007247738256892976, ""HCP_A3#2"": 0.0032450874420246814, ""HCP_A3#3"": 0.0022973389172102204}"
0.85,0.005,0.085,0.045,0.015,True,False,0.85,0.015,"{""BCC_B2#1"": 0.9823943457193685, ""C15_LAVES#1"": 0.011295961640860715, ""FCC_L12#1"": 0.000725049799837367, ""HCP_A3#2"": 0.003270722863600499, ""HCP_A3#3"": 0.0023139199763328646}"
0.85,0.005,0.09,0.04,0.015,True,False,0.85,0.015,"{""BCC_B2#1"": 0.9836311449916848, ""C15_LAVES#1"": 0.010016486022732272, ""FCC_L12#1"": 0.0007253123975833678, ""HCP_A3#2"": 0.0032965510736084084, ""HCP_A3#3"": 0.0023305055143912064}"
0.85,0.005,0.095,0.035,0.015,True,False,0.85,0.015,"{""BCC_B2#1"": 0.9849511043998807, ""C15_LAVES#1"": 0.008653796034496867, ""FCC_L12#1"": 0.0007255613347460219, ""HCP_A3#2"": 0.003322505901462026, ""HCP_A3#3"": 0.0023470323294145713}"
0.85,0.005,0.1,0.03,0.015,True,False,0.85,0.015,"{""BCC_B2#1"": 0.9863607460477442, ""C15_LAVES#1"": 0.007201514548755657, ""FCC_L12#1"": 0.0007257964261524285, ""HCP_A3#2"": 0.002363428163745097, ""HCP_A3#3"": 0.0033485148136028027}"
0.85,0.005,0.105,0.025,0.015,True,False,0.85,0.015,"{""BCC_B2#1"": 0.9878672730723164, ""C15_LAVES#1"": 0.005652599809822511, ""FCC_L12#1"": 0.0007260175981908782, ""HCP_A3#2"": 0.0033744994986501234, ""HCP_A3#3"": 0.002379610021020079}"
0.85,0.005,0.11,0.02,0.015,True,False,0.85,0.015,"{""BCC_B2#1"": 0.9894786580258873, ""C15_LAVES#1"": 0.003999258727655769, ""FCC_L12#1"": 0.0007262249015793242, ""HCP_A3#2"": 0.0023954816502830124, ""HCP_A3#3"": 0.0034003766945946215}"
0.85,0.005,0.115,0.015,0.015,True,False,0.85,0.015,"{""BCC_B2#1"": 0.9912037375622847, ""C15_LAVES#1"": 0.002232854965736623, ""FCC_L12#1"": 0.0007264185246020753, ""HCP_A3#2"": 0.0024109297249937877, ""HCP_A3#3"": 0.003426059222382835}"
0.85,0.005,0.12,0.01,0.015,True,False,0.85,0.015,"{""BCC_B2#1"": 0.9930523108423119, ""C15_LAVES#1"": 0.00034381516015783456, ""FCC_L12#1"": 0.0007265988075436775, ""HCP_A3#2"": 0.0024258180343228646, ""HCP_A3#3"": 0.003451457155663739}"
0.85,0.005,0.125,0.005,0.015,True,True,0.85,0.015,"{""BCC_B2#1"": 0.9934802894023035, ""FCC_L12#1"": 0.0007260519139916702, ""HCP_A3#2"": 0.0034064931244256816, ""HCP_A3#3"": 0.0023871655592793157}"
0.85,0.005,0.13,0.0,0.015,True,True,0.85,0.015,"{""BCC_B2#1"": 0.9935861961904029, ""FCC_L12#1"": 0.0007253128463308078, ""HCP_A3#2"": 0.002338920677430267, ""HCP_A3#3"": 0.003349570285836433}"
0.85,0.01,0.0,0.125,0.015,True,False,0.85,0.015,"{""BCC_B2#1"": 0.9684391908016657, ""C15_LAVES#1"": 0.026109139045154522, ""FCC_L12#1"": 0.0007152356096031147, ""HCP_A3#2"": 0.0019680631436949808, ""HCP_A3#3"": 0.002768371399881911}"
0.85,0.01,0.005,0.12,0.015,True,False,0.85,0.015,"{""BCC_B2#1"": 0.9688071676750841, ""C15_LAVES#1"": 0.025716214717539276, ""FCC_L12#1"": 0.0007156402861692588, ""HCP_A3#2"": 0.0019777917819513054, ""HCP_A3#3"": 0.002783185539255912}"
0.85,0.01,0.01,0.115,0.015,True,False,0.85,0.015,"{""BCC_B2#1"": 0.9691980579252545, ""C15_LAVES#1"": 0.02529979482881795, ""FCC_L12#1"": 0.0007160431606609879, ""HCP_A3#2"": 0.0019877396094843984, ""HCP_A3#3"": 0.0027983644757822628}"
0.85,0.01,0.015,0.11,0.015,True,False,0.85,0.015,"{""BCC_B2#1"": 0.9696134178305107, ""C15_LAVES#1"": 0.024858328799631832, ""FCC_L12#1"": 0.0007164436802377676, ""HCP_A3#2"": 0.0019979035440320847, ""HCP_A3#3"": 0.0028139061455877026}"
0.85,0.01,0.02,0.105,0.015,True,False,0.85,0.015,"{""BCC_B2#1"": 0.9700549176724532, ""C15_LAVES#1"": 0.024390153977105426, ""FCC_L12#1"": 0.0007168412852736299, ""HCP_A3#2"": 0.0020082796266853876, ""HCP_A3#3"": 0.0028298074384825716}"
0.85,0.01,0.025,0.1,0.015,True,False,0.85,0.015,"{""BCC_B2#1"": 0.9705243513460275, ""C15_LAVES#1"": 0.02389348625582379, ""FCC_L12#1"": 0.0007172354109542548, ""HCP_A3#2"": 0.0020188629167054973, ""HCP_A3#3"": 0.0028460640704889386}"
0.85,0.01,0.03,0.095,0.015,True,False,0.85,0.015,"{""BCC_B2#1"": 0.9710236470602381, ""C15_LAVES#1"": 0.02336640962563852, ""FCC_L12#1"": 0.0007176254891576938, ""HCP_A3#2"": 0.002029647376192523, ""HCP_A3#3"": 0.002862670448772978}"
0.85,0.01,0.035,0.09,0.015,True,False,0.85,0.015,"{""BCC_B2#1"": 0.971554879297186, ""C15_LAVES#1"": 0.022806864479102185, ""FCC_L12#1"": 0.0007180109506469922, ""HCP_A3#2"": 0.0020406257429297775, ""HCP_A3#3"": 0.0028796195301351198}"
0.85,0.01,0.04,0.085,0.015,True,False,0.85,0.015,"{""BCC_B2#1"": 0.9721202822258612, ""C15_LAVES#1"": 0.022212634482912396, ""FCC_L12#1"": 0.0007183912276019505, ""HCP_A3#2"": 0.0020517893889130186, ""HCP_A3#3"": 0.0028969026747114506}"
0.85,0.01,0.045,0.08,0.015,True,False,0.85,0.015,"{""BCC_B2#1"": 0.9727222647994832, ""C15_LAVES#1"": 0.021581331786056597, ""FCC_L12#1"": 0.0007187657565166625, ""HCP_A3#2"": 0.002063128160814268, ""HCP_A3#3"": 0.002914509497129648}"
0.85,0.01,0.05,0.075,0.015,True,False,0.85,0.015,"{""BCC_B2#1"": 0.9733634278011237, ""C15_LAVES#1"": 0.02091038030267022, ""FCC_L12#1"": 0.0007191339814881353, ""HCP_A3#2"": 0.002074630196706152, ""HCP_A3#3"": 0.002932427718011662}"
0.85,0.01,0.055,0.07,0.015,True,False,0.85,0.015,"{""BCC_B2#1"": 0.974046583141414, ""C15_LAVES#1"": 0.02019699677076007, ""FCC_L12#1"": 0.0007194953579197084, ""HCP_A3#2"": 0.002086281710480825, ""HCP_A3#3"": 0.0029506430194252056}"
0.85,0.01,0.06,0.065,0.015,True,False,0.85,0.015,"{""BCC_B2#1"": 0.9747747757531474, ""C15_LAVES#1"": 0.019438169250538016, ""FCC_L12#1"": 0.0007198493566612742, ""HCP_A3#2"": 0.0020980667310965535, ""HCP_A3#3"": 0.0029691389085565578}"
0.85,0.01,0.065,0.06,0.015,True,False,0.85,0.015,"{""BCC_B2#1"": 0.9755513084688866, ""C15_LAVES#1"": 0.01863063269044981, ""FCC_L12#1"": 0.0007201954686072682, ""HCP_A3#2"": 0.0021099667774664745, ""HCP_A3#3"": 0.0029878965945896643}"
0.85,0.01,0.07,0.055,0.015,True,False,0.85,0.015,"{""BCC_B2#1"": 0.9763797703064898, ""C15_LAVES#1"": 0.0177708411588726, ""FCC_L12#1"": 0.0007205332097746075, ""HCP_A3#2"": 0.0021219604405979787, ""HCP_A3#3"": 0.0030068948842649247}"
0.85,0.01,0.075,0.05,0.015,True,False,0.85,0.015,"{""BCC_B2#1"": 0.9772640686197781, ""C15_LAVES#1"": 0.016854936320108815, ""FCC_L12#1"": 0.0007208621268882269, ""HCP_A3#2"": 0.002134022831297456, ""HCP_A3#3"": 0.0030261101019274116}"
0.85,0.01,0.08,0.045,0.015,True,False,0.85,0.015,"{""BCC_B2#1"": 0.9782084655919825, ""C15_LAVES#1"": 0.015878711731951024, ""FCC_L12#1"": 0.0007211818035153279, ""HCP_A3#2"": 0.0021461248326944244, ""HCP_A3#3"": 0.0030455160398565905}"
0.85,0.01,0.085,0.04,0.015,True,False,0.85,0.015,"{""BCC_B2#1"": 0.9792176195507752, ""C15_LAVES#1"": 0.01483757256856812, ""FCC_L12#1"": 0.0007214918668163463, ""HCP_A3#2"": 0.002158232069681159, ""HCP_A3#3"": 0.00306508394415921}"
0.85,0.01,0.09,0.035,0.015,True,False,0.85,0.015,"{""BCC_B2#1"": 0.9802966315562633, ""C15_LAVES#1"": 0.013726490439357865, ""FCC_L12#1"": 0.0007217919950287981, ""HCP_A3#2"": 0.0021703034688915403, ""HCP_A3#3"": 0.0030847825404586547}"
0.85,0.01,0.095,0.03,0.015,True,False,0.85,0.015,"{""BCC_B2#1"": 0.9814510976458379, ""C15_LAVES#1"": 0.012539953097872194, ""FCC_L12#1"": 0.0007220819258814062, ""HCP_A3#2"": 0.002182289228591243, ""HCP_A3#3"": 0.0031045781018176188}"
0.85,0.01,0.1,0.025,0.015,True,False,0.85,0.015,"{""BCC_B2#1"": 0.9826871669978529, ""C15_LAVES#1"": 0.011271909035456915, ""FCC_L12#1"": 0.0007223614662660993, ""HCP_A3#2"": 0.002194127941665841, ""HCP_A3#3"": 0.0031244345587584104}"
0.8500000000000001,0.01,0.105,0.02,0.015,True,False,0.85,0.015,"{""BCC_B2#1"": 0.9840116060837321, ""C15_LAVES#1"": 0.00991570725642774, ""FCC_L12#1"": 0.0007226305036990907, ""HCP_A3#2"": 0.0022057425082681794, ""HCP_A3#3"": 0.003144313647872835}"
0.85,0.01,0.11,0.015,0.015,True,False,0.85,0.015,"{""BCC_B2#1"": 0.9854318686006537, ""C15_LAVES#1"": 0.008464032958186405, ""FCC_L12#1"": 0.0007228890204047908, ""HCP_A3#2"": 0.002217034325787163, ""HCP_A3#3"": 0.0031641750949681466}"
0.85,0.01,0.115,0.01,0.015,True,False,0.85,0.015,"{""BCC_B2#1"": 0.9869561705767151, ""C15_LAVES#1"": 0.0069088404563316785, ""FCC_L12#1"": 0.0007231371113092335, ""HCP_A3#2"": 0.0022278750366481995, ""HCP_A3#3"": 0.003183976818995918}"
0.85,0.01,0.12,0.005,0.015,True,False,0.85,0.015,"{""BCC_B2#1"": 0.9885935695210211, ""C15_LAVES#1"": 0.005241285498652483, ""FCC_L12#1"": 0.0007233750078808101, ""HCP_A3#2"": 0.0032036751461793915, ""HCP_A3#3"": 0.002238094826266393}"
0.85,0.01,0.125,0.0,0.015,True,False,0.85,0.015,"{""BCC_B2#1"": 0.9903540457965101, ""C15_LAVES#1"": 0.003451660209109037, ""FCC_L12#1"": 0.0007236031106759732, ""HCP_A3#2"": 0.0032232250203718432, ""HCP_A3#3"": 0.002247465863333382}"
0.85,0.015,0.0,0.12,0.015,True,False,0.85,0.015,"{""BCC_B2#1"": 0.9673355402930351, ""C15_LAVES#1"": 0.02737896295801388, ""FCC_L12#1"": 0.0007118248556346599, ""HCP_A3#2"": 0.0026748181488808766, ""HCP_A3#3"": 0.0018988537444353738}"
0.85,0.015,0.005,0.115,0.015,True,False,0.85,0.015,"{""BCC_B2#1"": 0.9676566591860909, ""C15_LAVES#1"": 0.02703653744931444, ""FCC_L12#1"": 0.0007122268448292448, ""HCP_A3#2"": 0.002687585015968005, ""HCP_A3#3"": 0.0019069915037973762}"
0.85,0.015,0.01,0.11,0.015,True,False,0.85,0.015,"{""BCC_B2#1"": 0.9679984081960684, ""C15_LAVES#1"": 0.026673003992457058, ""FCC_L12#1"": 0.0007126285025079583, ""HCP_A3#2"": 0.0027006539324831184, ""HCP_A3#3"": 0.0019153053764832282}"
0.85,0.015,0.015,0.105,0.015,True,False,0.85,0.015,"{""BCC_B2#1"": 0.9683622511266975, ""C15_LAVES#1"": 0.02628690380290535, ""FCC_L12#1"": 0.0007130293616366021, ""HCP_A3#2"": 0.0027140228124613278, ""HCP_A3#3"": 0.0019237928962993834}"
0.85,0.015,0.02,0.1,0.015,True,False,0.85,0.015,"{""BCC_B2#1"": 0.9687497651442685, ""C15_LAVES#1"": 0.025876665964668, ""FCC_L12#1"": 0.0007134289507252101, ""HCP_A3#2"": 0.0027276889179937364, ""HCP_A3#3"": 0.0019324510223447978}"
0.85,0.015,0.025,0.095,0.015,True,False,0.85,0.015,"{""BCC_B2#1"": 0.9691626508354052, ""C15_LAVES#1"": 0.025440597511666208, ""FCC_L12#1"": 0.000713826795032685, ""HCP_A3#2"": 0.0027416487955884087, ""HCP_A3#3"": 0.0019412760623077755}"
0.85,0.015,0.03,0.09,0.015,True,False,0.85,0.015,"{""BCC_B2#1"": 0.9696027433674788, ""C15_LAVES#1"": 0.024976872423899586, ""FCC_L12#1"": 0.0007142224179453661, ""HCP_A3#2"": 0.0027558982096739836, ""HCP_A3#3"": 0.0019502635810024387}"
0.85,0.015,0.035,0.085,0.015,True,False,0.85,0.015,"{""BCC_B2#1"": 0.9700720248954767, ""C15_LAVES#1"": 0.02448351939924696, ""FCC_L12#1"": 0.0007146153425437653, ""HCP_A3#2"": 0.0027704320736653323, ""HCP_A3#3"": 0.001959408289067383}"
0.85,0.015,0.04,0.08,0.015,True,False,0.85,0.015,"{""BCC_B2#1"": 0.9705726383784017, ""C15_LAVES#1"": 0.023958408244462295, ""FCC_L12#1"": 0.0007150050933718373, ""HCP_A3#2"": 0.0027852443790976835, ""HCP_A3#3"": 0.0019687039046665765}"
0.85,0.015,0.045,0.075,0.015,True,False,0.85,0.015,"{""BCC_B2#1"": 0.9711069029892727, ""C15_LAVES#1"": 0.02339923471062846, ""FCC_L12#1"": 0.0007153911984235247, ""HCP_A3#2"": 0.002800328123457905, ""HCP_A3#3"": 0.0019781429782176423}"
0.85,0.015,0.05,0.07,0.015,True,False,0.85,0.015,"{""BCC_B2#1"": 0.9716773313226851, ""C15_LAVES#1"": 0.022803503583335088, ""FCC_L12#1"": 0.0007157731913746574, ""HCP_A3#2"": 0.0028156752374811985, ""HCP_A3#3"": 0.0019877166651241307}"
0.85,0.015,0.055,0.065,0.015,True,False,0.85,0.015,"{""BCC_B2#1"": 0.9722866486339693, ""C15_LAVES#1"": 0.02216850981036553, ""FCC_L12#1"": 0.0007161506140578062, ""HCP_A3#2"": 0.0028312765126370714, ""HCP_A3#3"": 0.00199741442897041}"
0.85,0.015,0.06,0.06,0.015,True,False,0.85,0.015,"{""BCC_B2#1"": 0.9729378143518401, ""C15_LAVES#1"": 0.021491317455969043, ""FCC_L12#1"": 0.0007165230192576969, ""HCP_A3#2"": 0.0028471215298934067, ""HCP_A3#3"": 0.0020072236430397827}"
0.85,0.015,0.065,0.055,0.015,True,False,0.85,0.015,"{""BCC_B2#1"": 0.9736340461458189, ""C15_LAVES#1"": 0.02076873623498139, ""FCC_L12#1"": 0.0007168899738296696, ""HCP_A3#2"": 0.002863198590515568, ""HCP_A3#3"": 0.00201712905485449}"
0.85,0.015,0.07,0.05,0.015,True,False,0.85,0.015,"{""BCC_B2#1"": 0.9743788468325596, ""C15_LAVES#1"": 0.01999729539911017, ""FCC_L12#1"": 0.0007172510622367284, ""HCP_A3#2"": 0.002879494649955631, ""HCP_A3#3"": 0.0020271120561378294}"
0.85,0.015,0.075,0.045,0.015,True,False,0.85,0.015,"{""BCC_B2#1"": 0.9751760344238496, ""C15_LAVES#1"": 0.01917321474802696, ""FCC_L12#1"": 0.0007176058905986317, ""HCP_A3#2"": 0.002895995255690391, ""HCP_A3#3"": 0.0020371496818344845}"
0.85,0.015,0.08,0.04,0.015,True,False,0.85,0.015,"{""BCC_B2#1"": 0.9760297756178137, ""C15_LAVES#1"": 0.018292372570972392, ""FCC_L12#1"": 0.0007179540914069006, ""HCP_A3#2"": 0.002912684489602652, ""HCP_A3#3"": 0.0020472132302041}"
0.85,0.015,0.085,0.035,0.015,True,False,0.85,0.015,"{""BCC_B2#1"": 0.9769446230210385, ""C15_LAVES#1"": 0.01735027038090958, ""FCC_L12#1"": 0.0007182953291346352, ""HCP_A3#2"": 0.0029295449155339708, ""HCP_A3#3"": 0.0020572663533835038}"
0.85,0.015,0.09,0.03,0.015,True,False,0.85,0.015,"{""BCC_B2#1"": 0.9779255563545272, ""C15_LAVES#1"": 0.016341994395960614, ""FCC_L12#1"": 0.0007186293070756873, ""HCP_A3#2"": 0.0029465575341254425, ""HCP_A3#3"": 0.0020672624083116174}"
0.85,0.015,0.095,0.025,0.015,True,False,0.85,0.015,"{""BCC_B2#1"": 0.9789780278208088, ""C15_LAVES#1"": 0.015262173885749889, ""FCC_L12#1"": 0.0007189557759108694, ""HCP_A3#2"": 0.002963701742207547, ""HCP_A3#3"": 0.002077140775322731}"
0.85,0.015,0.1,0.02,0.015,True,False,0.85,0.015,"{""BCC_B2#1"": 0.9801080117009304, ""C15_LAVES#1"": 0.014104936718675284, ""FCC_L12#1"": 0.000719274544723373, ""HCP_A3#2"": 0.002980955298828224, ""HCP_A3#3"": 0.002086821736842437}"
0.85,0.015,0.105,0.015,0.015,True,False,0.85,0.015,"{""BCC_B2#1"": 0.9813220580691436, ""C15_LAVES#1"": 0.01286386278819455, ""FCC_L12#1"": 0.0007195854955083498, ""HCP_A3#2"": 0.0029982942977540912, ""HCP_A3#3"": 0.002096199349399354}"
0.85,0.015,0.11,0.01,0.015,True,False,0.85,0.015,"{""BCC_B2#1"": 0.9826273502489997, ""C15_LAVES#1"": 0.011531936479872837, ""FCC_L12#1"": 0.0007198886026775423, ""HCP_A3#2"": 0.0030156931469125497, ""HCP_A3#3"": 0.002105131521537047}"
0.85,0.015,0.115,0.005,0.015,True,False,0.85,0.015,"{""BCC_B2#1"": 0.9840317652531342, ""C15_LAVES#1"": 0.010101500025978082, ""FCC_L12#1"": 0.0007201839596978183, ""HCP_A3#2"": 0.003033124556179012, ""HCP_A3#3"": 0.002113426205010769}"
0.85,0.015,0.12,0.0,0.015,True,False,0.85,0.015,"{""BCC_B2#1"": 0.9855439359090551, ""C15_LAVES#1"": 0.008564210553835617, ""FCC_L12#1"": 0.0007204718158858298, ""HCP_A3#2"": 0.002120822184872029, ""HCP_A3#3"": 0.0030505595363516055}"
0.85,0.02,0.0,0.115,0.015,True,False,0.85,0.015,"{""BCC_B2#1"": 0.9664556452750515, ""C15_LAVES#1"": 0.02839004817110372, ""FCC_L12#1"": 0.0007087329801262332, ""HCP_A3#2"": 0.0026006551570016733, ""HCP_A3#3"": 0.0018449184167167367}"
0.85,0.02,0.005,0.11,0.015,True,False,0.85,0.015,"{""BCC_B2#1"": 0.9667417233299804, ""C15_LAVES#1"": 0.028084935214621767, ""FCC_L12#1"": 0.0007091361475592476, ""HCP_A3#2"": 0.0026121451193750734, ""HCP_A3#3"": 0.0018520601884634968}"
0.85,0.02,0.01,0.105,0.015,True,False,0.85,0.015,"{""BCC_B2#1"": 0.9670468927870861, ""C15_LAVES#1"": 0.027760294862426985, ""FCC_L12#1"": 0.0007095403988676282, ""HCP_A3#2"": 0.002623911004135483, ""HCP_A3#3"": 0.0018593609474838652}"
0.85,0.02,0.015,0.1,0.015,True,False,0.85,0.015,"{""BCC_B2#1"": 0.9673725676594954, ""C15_LAVES#1"": 0.02741471628863299, ""FCC_L12#1"": 0.0007099453318643337, ""HCP_A3#2"": 0.002635951594896634, ""HCP_A3#3"": 0.0018668191251106619}"
0.85,0.02,0.02,0.095,0.015,True,False,0.85,0.015,"{""BCC_B2#1"": 0.9677202760566043, ""C15_LAVES#1"": 0.027046675466745135, ""FCC_L12#1"": 0.0007103505400301297, ""HCP_A3#2"": 0.0026482652499582723, ""HCP_A3#3"": 0.001874432686662082}"
0.85,0.02,0.025,0.09,0.015,True,False,0.85,0.015,"{""BCC_B2#1"": 0.9680916705546572, ""C15_LAVES#1"": 0.026654524931123233, ""FCC_L12#1"": 0.0007107556132838475, ""HCP_A3#2"": 0.002660849861404409, ""HCP_A3#3"": 0.001882199039531298}"
0.85,0.02,0.03,0.085,0.015,True,False,0.85,0.015,"{""BCC_B2#1"": 0.9684885396622851, ""C15_LAVES#1"": 0.026236482472313815, ""FCC_L12#1"": 0.0007111601388635685, ""HCP_A3#2"": 0.0026737028114631653, ""HCP_A3#3"": 0.0018901149150742978}"
0.85,0.02,0.035,0.08,0.015,True,False,0.85,0.015,"{""BCC_B2#1"": 0.9689128205083783, ""C15_LAVES#1"": 0.025790618648370286, ""FCC_L12#1"": 0.0007115637023334081, ""HCP_A3#2"": 0.002686820926060377, ""HCP_A3#3"": 0.0018981762148574078}"
0.85,0.02,0.04,0.075,0.015,True,False,0.85,0.015,"{""BCC_B2#1"": 0.9693666128939693, ""C15_LAVES#1"": 0.02531484298345814, ""FCC_L12#1"": 0.000711965888732462, ""HCP_A3#2"": 0.00270020042546834, ""HCP_A3#3"": 0.0019063778083718082}"
0.85,0.02,0.045,0.07,0.015,True,False,0.85,0.015,"{""BCC_B2#1"": 0.969852194862798, ""C15_LAVES#1"": 0.024806888717770346, ""FCC_L12#1"": 0.0007123662839001517, ""HCP_A3#2"": 0.002713836872071627, ""HCP_A3#3"": 0.001914713263459792}"
0.85,0.02,0.05,0.065,0.015,True,False,0.85,0.015,"{""BCC_B2#1"": 0.970372039966095, ""C15_LAVES#1"": 0.02426429595572312, ""FCC_L12#1"": 0.0007127644759822892, ""HCP_A3#2"": 0.002727725115036583, ""HCP_A3#3"": 0.0019231744871630126}"
0.85,0.02,0.055,0.06,0.015,True,False,0.85,0.015,"{""BCC_B2#1"": 0.970928836398956, ""C15_LAVES#1"": 0.023684393072958623, ""FCC_L12#1"": 0.0007131600572147422, ""HCP_A3#2"": 0.0027418592320826145, ""HCP_A3#3"": 0.0019317512387879876}"
0.85,0.02,0.06,0.055,0.015,True,False,0.85,0.015,"{""BCC_B2#1"": 0.9715255082134104, ""C15_LAVES#1"": 0.023064276220419115, ""FCC_L12#1"": 0.0007135526260033381, ""HCP_A3#2"": 0.002756232467970611, ""HCP_A3#3"": 0.0019404304721965951}"
0.85,0.02,0.065,0.05,0.015,True,False,0.85,0.015,"{""BCC_B2#1"": 0.9721652388099878, ""C15_LAVES#1"": 0.02240078679105706, ""FCC_L12#1"": 0.0007139417894277721, ""HCP_A3#2"": 0.0027708371695920092, ""HCP_A3#3"": 0.0019491954399353504}"
0.85,0.02,0.07,0.045,0.015,True,False,0.85,0.015,"{""BCC_B2#1"": 0.9728514969219446, ""C15_LAVES#1"": 0.02169048672198732, ""FCC_L12#1"": 0.000714327166297212, ""HCP_A3#2"": 0.002785664719372874, ""HCP_A3#3"": 0.0019580244703980695}"
0.85,0.02,0.075,0.04,0.015,True,False,0.85,0.015,"{""BCC_B2#1"": 0.9735880652935986, ""C15_LAVES#1"": 0.020929631556801446, ""FCC_L12#1"": 0.000714708390959241, ""HCP_A3#2"": 0.0028007054643153597, ""HCP_A3#3"": 0.001966889294325266}"
0.85,0.02,0.08,0.035,0.015,True,False,0.85,0.015,"{""BCC_B2#1"": 0.9743790722413814, ""C15_LAVES#1"": 0.020114141248000726, ""FCC_L12#1"": 0.0007150851181466752, ""HCP_A3#2"": 0.002815948642363229, ""HCP_A3#3"": 0.0019757527501078815}"
0.85,0.02,0.085,0.03,0.015,True,False,0.85,0.015,"{""BCC_B2#1"": 0.9752290262459538, ""C15_LAVES#1"": 0.019239568785906498, ""FCC_L12#1"": 0.0007154570292654092, ""HCP_A3#2"": 0.002831382306166728, ""HCP_A3#3"": 0.0019845656327077805}"
0.85,0.02,0.09,0.025,0.015,True,False,0.85,0.015,"{""BCC_B2#1"": 0.9761428536572002, ""C15_LAVES#1"": 0.01830106689556941, ""FCC_L12#1"": 0.0007158238406953665, ""HCP_A3#2"": 0.0028469932446308324, ""HCP_A3#3"": 0.0019932623619040063}"
0.85,0.02,0.095,0.02,0.015,True,False,0.85,0.015,"{""BCC_B2#1"": 0.97712593948718, ""C15_LAVES#1"": 0.017293353271930687, ""FCC_L12#1"": 0.000716185314911384, ""HCP_A3#2"": 0.002862766903101452, ""HCP_A3#3"": 0.002001755022876469}"
0.85,0.02,0.1,0.015,0.015,True,False,0.85,0.015,"{""BCC_B2#1"": 0.9781841711022371, ""C15_LAVES#1"": 0.016210675155309755, ""FCC_L12#1"": 0.0007165412755577615, ""HCP_A3#2"": 0.002878687303546431, ""HCP_A3#3"": 0.0020099251633489807}"
0.85,0.02,0.105,0.01,0.015,True,False,0.85,0.015,"{""BCC_B2#1"": 0.9793239843826683, ""C15_LAVES#1"": 0.015046774522735508, ""FCC_L12#1"": 0.0007168916280642931, ""HCP_A3#2"": 0.0028947369669742066, ""HCP_A3#3"": 0.002017612499557717}"
0.85,0.02,0.11,0.005,0.015,True,False,0.85,0.015,"{""BCC_B2#1"": 0.9805524115656311, ""C15_LAVES#1"": 0.013794855839876484, ""FCC_L12#1"": 0.0007172363880191078, ""HCP_A3#2"": 0.002910896841501629, ""HCP_A3#3"": 0.002024599364971896}"
0.85,0.02,0.115,0.0,0.015,True,False,0.85,0.015,"{""BCC_B2#1"": 0.9818771294842993, ""C15_LAVES#1"": 0.012447559255001857, ""FCC_L12#1"": 0.0007175757203730711, ""HCP_A3#2"": 0.002927146241145125, ""HCP_A3#3"": 0.0020305892991806687}"
0.85,0.025,0.0,0.11,0.015,True,False,0.85,0.015,"{""BCC_B2#1"": 0.9657444033547318, ""C15_LAVES#1"": 0.029207630503724304, ""FCC_L12#1"": 0.0007059399065717703, ""HCP_A3#2"": 0.0025403408084632784, ""HCP_A3#3"": 0.0018016854265087178}"
0.85,0.025,0.005,0.105,0.015,True,False,0.85,0.015,"{""BCC_B2#1"": 0.966003538383672, ""C15_LAVES#1"": 0.02893093753072548, ""FCC_L12#1"": 0.000706347490945028, ""HCP_A3#2"": 0.002551005784306094, ""HCP_A3#3"": 0.0018081708103513982}"
0.85,0.025,0.01,0.1,0.015,True,False,0.85,0.015,"{""BCC_B2#1"": 0.9662806811033955, ""C15_LAVES#1"": 0.028635816978274324, ""FCC_L12#1"": 0.0007067574803623906, ""HCP_A3#2"": 0.0025619362108373228, ""HCP_A3#3"": 0.0018148082271304546}"
0.85,0.025,0.015,0.095,0.015,True,False,0.85,0.015,"{""BCC_B2#1"": 0.9665772170600093, ""C15_LAVES#1"": 0.028320885150045563, ""FCC_L12#1"": 0.0007071695178250563, ""HCP_A3#2"": 0.002573131632887204, ""HCP_A3#3"": 0.001821596639232847}"
0.85,0.025,0.02,0.09,0.015,True,False,0.85,0.015,"{""BCC_B2#1"": 0.9668946469963319, ""C15_LAVES#1"": 0.02798464396847322, ""FCC_L12#1"": 0.0007075832408655761, ""HCP_A3#2"": 0.00258459128474422, ""HCP_A3#3"": 0.0018285345095851381}"
0.85,0.025,0.025,0.085,0.015,True,False,0.85,0.015,"{""BCC_B2#1"": 0.9672345974802549, ""C15_LAVES#1"": 0.027625470511962548, ""FCC_L12#1"": 0.000707998281976773, ""HCP_A3#2"": 0.002596314057779894, ""HCP_A3#3"": 0.001835619668025952}"
0.85,0.025,0.03,0.08,0.015,True,False,0.85,0.015,"{""BCC_B2#1"": 0.9675988326244036, ""C15_LAVES#1"": 0.02724160550685472, ""FCC_L12#1"": 0.0007084142691321163, ""HCP_A3#2"": 0.002608298465043803, ""HCP_A3#3"": 0.001842849134565905}"
0.85,0.025,0.035,0.075,0.015,True,False,0.85,0.015,"{""BCC_B2#1"": 0.9679892670132014, ""C15_LAVES#1"": 0.026831140673632896, ""FCC_L12#1"": 0.0007088308264205334, ""HCP_A3#2"": 0.0026205426025787976, ""HCP_A3#3"": 0.0018502188841664035}"
0.85,0.025,0.04,0.07,0.015,True,False,0.85,0.015,"{""BCC_B2#1"": 0.9684079799640788, ""C15_LAVES#1"": 0.026392004821872456, ""FCC_L12#1"": 0.0007092475748260449, ""HCP_A3#2"": 0.0026330441071689653, ""HCP_A3#3"": 0.0018577235320537185}"
0.85,0.025,0.045,0.065,0.015,True,False,0.85,0.015,"{""BCC_B2#1"": 0.9688572312590088, ""C15_LAVES#1"": 0.025921948587080353, ""FCC_L12#1"": 0.0007096641331945872, ""HCP_A3#2"": 0.0026458001098083766, ""HCP_A3#3"": 0.0018653559109078543}"
0.85,0.025,0.05,0.06,0.015,True,False,0.85,0.015,"{""BCC_B2#1"": 0.9693394784942961, ""C15_LAVES#1"": 0.025418527699351375, ""FCC_L12#1"": 0.000710080119447491, ""HCP_A3#2"": 0.002658807186163273, ""HCP_A3#3"": 0.0018731065007414314}"
0.85,0.025,0.055,0.055,0.015,True,False,0.85,0.015,"{""BCC_B2#1"": 0.9698573961993646, ""C15_LAVES#1"": 0.024879084688413034, ""FCC_L12#1"": 0.0007104951521218234, ""HCP_A3#2"": 0.0026720613021801566, ""HCP_A3#3"": 0.0018809626579204067}"
0.85,0.025,0.06,0.05,0.015,True,False,0.85,0.015,"{""BCC_B2#1"": 0.9704138968806726, ""C15_LAVES#1"": 0.024300728942097956, ""FCC_L12#1"": 0.0007109088523559011, ""HCP_A3#2"": 0.0026855577547767527, ""HCP_A3#3"": 0.001888907570096733}"
0.85,0.025,0.065,0.045,0.015,True,False,0.85,0.015,"{""BCC_B2#1"": 0.9710121541449059, ""C15_LAVES#1"": 0.023680315063747185, ""FCC_L12#1"": 0.0007113208464795799, ""HCP_A3#2"": 0.0026992911079953916, ""HCP_A3#3"": 0.0018969188368717959}"
0.85,0.025,0.07,0.04,0.015,True,False,0.85,0.015,"{""BCC_B2#1"": 0.9716556280428188, ""C15_LAVES#1"": 0.023014419524363845, ""FCC_L12#1"": 0.0007117307694353212, ""HCP_A3#2"": 0.0027132551242202213, ""HCP_A3#3"": 0.0019049665391621597}"
0.85,0.025,0.075,0.035,0.015,True,False,0.85,0.015,"{""BCC_B2#1"": 0.9723480927504772, ""C15_LAVES#1"": 0.022299315679896042, ""FCC_L12#1"": 0.0007121382693448697, ""HCP_A3#2"": 0.0027274426904768225, ""HCP_A3#3"": 0.0019130106098050744}"
0.85,0.025,0.08,0.03,0.015,True,False,0.85,0.015,"{""BCC_B2#1"": 0.9730936666602514, ""C15_LAVES#1"": 0.021530947337155236, ""FCC_L12#1"": 0.0007125430136602023, ""HCP_A3#2"": 0.0027418457399652736, ""HCP_A3#3"": 0.0019209972489681066}"
0.85,0.025,0.085,0.025,0.015,True,False,0.85,0.015,"{""BCC_B2#1"": 0.9738968448816899, ""C15_LAVES#1"": 0.020704901217912082, ""FCC_L12#1"": 0.0007129446975085528, ""HCP_A3#2"": 0.00275645516925832, ""HCP_A3#3"": 0.0019288540336311315}"
0.8500000000000001,0.025,0.09,0.02,0.015,True,False,0.85,0.015,"{""BCC_B2#1"": 0.974762534040915, ""C15_LAVES#1"": 0.019816378910435778, ""FCC_L12#1"": 0.0007133430550777752, ""HCP_A3#2"": 0.0027712607519907615, ""HCP_A3#3"": 0.0019364832415806822}"
0.85,0.025,0.095,0.015,0.015,True,False,0.85,0.015,"{""BCC_B2#1"": 0.9756960891002441, ""C15_LAVES#1"": 0.018860169239640182, ""FCC_L12#1"": 0.0007137378752137029, ""HCP_A3#2"": 0.002786251050420641, ""HCP_A3#3"": 0.001943752734481503}"
0.85,0.025,0.1,0.01,0.015,True,False,0.85,0.015,"{""BCC_B2#1"": 0.9767033516760283, ""C15_LAVES#1"": 0.017830622469388227, ""FCC_L12#1"": 0.0007141290228486628, ""HCP_A3#2"": 0.0028014133270210604, ""HCP_A3#3"": 0.0019504835047137478}"
0.85,0.025,0.105,0.005,0.015,True,False,0.85,0.015,"{""BCC_B2#1"": 0.9777906889823742, ""C15_LAVES#1"": 0.016721628425928396, ""FCC_L12#1"": 0.0007145164684938453, ""HCP_A3#2"": 0.002816733459345516, ""HCP_A3#3"": 0.00195643266385795}"
0.85,0.025,0.11,0.0,0.015,True,False,0.85,0.015,"{""BCC_B2#1"": 0.9789650320320089, ""C15_LAVES#1"": 0.0155266015705587, ""FCC_L12#1"": 0.0007149003288616111, ""HCP_A3#2"": 0.002832195862800369, ""HCP_A3#3"": 0.0019612702057705657}"
0.85,0.03,0.0,0.105,0.015,True,False,0.85,0.015,"{""BCC_B2#1"": 0.9651647468258718, ""C15_LAVES#1"": 0.02987496547882016, ""FCC_L12#1"": 0.0007034270719101402, ""HCP_A3#2"": 0.0024904722507618215, ""HCP_A3#3"": 0.0017663883726359365}"
0.85,0.03,0.005,0.1,0.015,True,False,0.85,0.015,"{""BCC_B2#1"": 0.9654027617458553, ""C15_LAVES#1"": 0.029620378505725603, ""FCC_L12#1"": 0.0007038413981299614, ""HCP_A3#2"": 0.0025005942393459112, ""HCP_A3#3"": 0.0017724241109432742}"
0.85,0.03,0.01,0.095,0.015,True,False,0.85,0.015,"{""BCC_B2#1"": 0.9656580020745774, ""C15_LAVES#1"": 0.02934815193026502, ""FCC_L12#1"": 0.0007042593187210471, ""HCP_A3#2"": 0.0025109780282209777, ""HCP_A3#3"": 0.001778608648215539}"
0.85,0.03,0.015,0.09,0.015,True,False,0.85,0.015,"{""BCC_B2#1"": 0.9659318373491267, ""C15_LAVES#1"": 0.029056917486582425, ""FCC_L12#1"": 0.000704680505897771, ""HCP_A3#2"": 0.0025216236493912224, ""HCP_A3#3"": 0.0017849410090023492}"
0.85,0.03,0.02,0.085,0.015,True,False,0.85,0.015,"{""BCC_B2#1"": 0.9662257535813474, ""C15_LAVES#1"": 0.028745191342484887, ""FCC_L12#1"": 0.0007051046248694277, ""HCP_A3#2"": 0.002532530879974127, ""HCP_A3#3"": 0.0017914195713242785}"
0.85,0.03,0.025,0.08,0.015,True,False,0.85,0.015,"{""BCC_B2#1"": 0.966541364133317, ""C15_LAVES#1"": 0.02841136345242949, ""FCC_L12#1"": 0.0007055313340663618, ""HCP_A3#2"": 0.002543699213931765, ""HCP_A3#3"": 0.0017980418662552873}"
0.85,0.03,0.03,0.075,0.015,True,False,0.85,0.015,"{""BCC_B2#1"": 0.9668804216852779, ""C15_LAVES#1"": 0.02805368588839011, ""FCC_L12#1"": 0.0007059602854697975, ""HCP_A3#2"": 0.0025551278304778127, ""HCP_A3#3"": 0.0018048043103844151}"
0.85,0.03,0.035,0.07,0.015,True,False,0.85,0.015,"{""BCC_B2#1"": 0.9672448314044421, ""C15_LAVES#1"": 0.027670260062789907, ""FCC_L12#1"": 0.0007063911250791335, ""HCP_A3#2"": 0.0025668155601715217, ""HCP_A3#3"": 0.001811701847517237}"
0.85,0.03,0.04,0.065,0.015,True,False,0.85,0.015,"{""BCC_B2#1"": 0.9676366654251133, ""C15_LAVES#1"": 0.027259022767652193, ""FCC_L12#1"": 0.0007068234935664539, ""HCP_A3#2"": 0.002578760846093851, ""HCP_A3#3"": 0.0018187274675738985}"
0.85,0.03,0.045,0.06,0.015,True,False,0.85,0.015,"{""BCC_B2#1"": 0.9680581787610034, ""C15_LAVES#1"": 0.02681773095143678, ""FCC_L12#1"": 0.0007072570271846746, ""HCP_A3#2"": 0.0025909617012315443, ""HCP_A3#3"": 0.0018258715591435981}"
0.85,0.03,0.05,0.055,0.015,True,False,0.85,0.015,"{""BCC_B2#1"": 0.96851182677116, ""C15_LAVES#1"": 0.02634394517173279, ""FCC_L12#1"": 0.0007076913590204653, ""HCP_A3#2"": 0.0026034156615080462, ""HCP_A3#3"": 0.001833121036578786}"
0.85,0.03,0.055,0.05,0.015,True,False,0.85,0.015,"{""BCC_B2#1"": 0.9690002842997586, ""C15_LAVES#1"": 0.025835011684079277, ""FCC_L12#1"": 0.0007081261207186552, ""HCP_A3#2"": 0.0026161197341185564, ""HCP_A3#3"": 0.001840458161324839}"
0.85,0.03,0.06,0.045,0.015,True,False,0.85,0.015,"{""BCC_B2#1"": 0.9695264666023995, ""C15_LAVES#1"": 0.025288043163447127, ""FCC_L12#1"": 0.0007085609448526337, ""HCP_A3#2"": 0.0026290703409190923, ""HCP_A3#3"": 0.0018478589483818383}"
0.85,0.03,0.065,0.04,0.015,True,False,0.85,0.015,"{""BCC_B2#1"": 0.9700935521543164, ""C15_LAVES#1"": 0.024699898111185187, ""FCC_L12#1"": 0.0007089954681814781, ""HCP_A3#2"": 0.002642263256661953, ""HCP_A3#3"": 0.001855291009655132}"
0.85,0.03,0.07,0.035,0.015,True,False,0.85,0.015,"{""BCC_B2#1"": 0.9707050074050344, ""C15_LAVES#1"": 0.024067159084071903, ""FCC_L12#1"": 0.0007094293361254017, ""HCP_A3#2"": 0.0026556935420001555, ""HCP_A3#3"": 0.001862710632768003}"
0.85,0.03,0.075,0.03,0.015,True,False,0.85,0.015,"{""BCC_B2#1"": 0.9713646134933106, ""C15_LAVES#1"": 0.023386110004761294, ""FCC_L12#1"": 0.0007098622089160444, ""HCP_A3#2"": 0.0026693554713435198, ""HCP_A3#3"": 0.0018700588216682443}"
0.85,0.03,0.08,0.025,0.015,True,False,0.85,0.015,"{""BCC_B2#1"": 0.972076494857589, ""C15_LAVES#1"": 0.022652712989241056, ""FCC_L12#1"": 0.000710293770049313, ""HCP_A3#2"": 0.002683242455848354, ""HCP_A3#3"": 0.0018772559272724105}"
0.85,0.03,0.085,0.02,0.015,True,False,0.85,0.015,"{""BCC_B2#1"": 0.9728451495593103, ""C15_LAVES#1"": 0.021862585377282237, ""FCC_L12#1"": 0.0007107237379026832, ""HCP_A3#2"": 0.002697346962220894, ""HCP_A3#3"": 0.00188419436328371}"
0.85,0.03,0.09,0.015,0.015,True,False,0.85,0.015,"{""BCC_B2#1"": 0.9736754809637574, ""C15_LAVES#1"": 0.021010978004318382, ""FCC_L12#1"": 0.0007111518816992093, ""HCP_A3#2"": 0.002711660428410721, ""HCP_A3#3"": 0.0018907287218142218}"
0.85,0.03,0.095,0.01,0.015,True,False,0.85,0.015,"{""BCC_B2#1"": 0.9745728301745934, ""C15_LAVES#1"": 0.02009275624513782, ""FCC_L12#1"": 0.0007115780434375186, ""HCP_A3#2"": 0.00272617317798189, ""HCP_A3#3"": 0.0018966623588493657}"
0.85,0.03,0.1,0.005,0.015,True,False,0.85,0.015,"{""BCC_B2#1"": 0.9755430082650771, ""C15_LAVES#1"": 0.019102386042666362, ""FCC_L12#1"": 0.0007120021680027099, ""HCP_A3#2"": 0.0027408743357984836, ""HCP_A3#3"": 0.0019017291884551525}"
0.85,0.03,0.105,0.0,0.015,True,False,0.85,0.015,"{""BCC_B2#1"": 0.9765923268526026, ""C15_LAVES#1"": 0.018033928077643622, ""FCC_L12#1"": 0.0007124243444772865, ""HCP_A3#2"": 0.0027557517487548236, ""HCP_A3#3"": 0.0019055689765217344}"
0.85,0.035,0.0,0.1,0.015,True,False,0.85,0.015,"{""BCC_B2#1"": 0.9646897731352098, ""C15_LAVES#1"": 0.030423088262330162, ""FCC_L12#1"": 0.0007011754245744107, ""HCP_A3#2"": 0.0024487665921289164, ""HCP_A3#3"": 0.0017371965857568674}"
0.85,0.035,0.005,0.095,0.015,True,False,0.85,0.015,"{""BCC_B2#1"": 0.9649109886647615, ""C15_LAVES#1"": 0.03018597206643049, ""FCC_L12#1"": 0.000701597910348873, ""HCP_A3#2"": 0.0024585281576603927, ""HCP_A3#3"": 0.0017429132007984486}"
0.85,0.035,0.01,0.09,0.015,True,False,0.85,0.015,"{""BCC_B2#1"": 0.9651488605654441, ""C15_LAVES#1"": 0.029931787430423944, ""FCC_L12#1"": 0.0007020250321379651, ""HCP_A3#2"": 0.0024685507562302025, ""HCP_A3#3"": 0.001748776215763912}"
0.85,0.035,0.015,0.085,0.015,True,False,0.85,0.015,"{""BCC_B2#1"": 0.965404750802383, ""C15_LAVES#1"": 0.029659173802689728, ""FCC_L12#1"": 0.0007024564800564689, ""HCP_A3#2"": 0.002478834670831198, ""HCP_A3#3"": 0.0017547842440396176}"
0.85,0.035,0.02,0.08,0.015,True,False,0.85,0.015,"{""BCC_B2#1"": 0.9656801392484212, ""C15_LAVES#1"": 0.029366653865362396, ""FCC_L12#1"": 0.0007028919358008946, ""HCP_A3#2"": 0.0024893799567437015, ""HCP_A3#3"": 0.0017609349936719637}"
0.85,0.035,0.025,0.075,0.015,True,False,0.85,0.015,"{""BCC_B2#1"": 0.965976634808386, ""C15_LAVES#1"": 0.029052622732734748, ""FCC_L12#1"": 0.0007033310728031185, ""HCP_A3#2"": 0.0025001864161146997, ""HCP_A3#3"": 0.001767224969961476}"
0.85,0.035,0.03,0.07,0.015,True,False,0.85,0.015,"{""BCC_B2#1"": 0.9662959876386221, ""C15_LAVES#1"": 0.028715336157641845, ""FCC_L12#1"": 0.000703773556519649, ""HCP_A3#2"": 0.00251125356977325, ""HCP_A3#3"": 0.001773649077443186}"
0.85,0.035,0.035,0.065,0.015,True,False,0.85,0.015,"{""BCC_B2#1"": 0.9666401025573509, ""C15_LAVES#1"": 0.02835289768582345, ""FCC_L12#1"": 0.0007042190449094535, ""HCP_A3#2"": 0.0025225806256179762, ""HCP_A3#3"": 0.0017802000862982145}"
0.85,0.035,0.04,0.06,0.015,True,False,0.85,0.015,"{""BCC_B2#1"": 0.9670110537445925, ""C15_LAVES#1"": 0.02796324470702324, ""FCC_L12#1"": 0.0007046671891715871, ""HCP_A3#2"": 0.0025341664432226266, ""HCP_A3#3"": 0.0017868679159901133}"
0.85,0.035,0.045,0.055,0.015,True,False,0.85,0.015,"{""BCC_B2#1"": 0.9674111008299154, ""C15_LAVES#1"": 0.02754413336852999, ""FCC_L12#1"": 0.0007051176348399959, ""HCP_A3#2"": 0.002546009494348032, ""HCP_A3#3"": 0.0017936386723663314}"
0.85,0.035,0.05,0.05,0.015,True,False,0.85,0.015,"{""BCC_B2#1"": 0.9678427064613504, ""C15_LAVES#1"": 0.027093122344157877, ""FCC_L12#1"": 0.0007055700233686453, ""HCP_A3#2"": 0.0025581078190275667, ""HCP_A3#3"": 0.0018004933520956443}"
0.85,0.035,0.055,0.045,0.015,True,False,0.85,0.015,"{""BCC_B2#1"": 0.9683085554369272, ""C15_LAVES#1"": 0.02660755549364284, ""FCC_L12#1"": 0.0007060239943888611, ""HCP_A3#2"": 0.0025704589769571006, ""HCP_A3#3"": 0.001807406098084166}"
0.85,0.035,0.06,0.04,0.015,True,False,0.85,0.015,"{""BCC_B2#1"": 0.9688115754587528, ""C15_LAVES#1"": 0.026084543509736886, ""FCC_L12#1"": 0.000706479188887693, ""HCP_A3#2"": 0.002583059993948368, ""HCP_A3#3"": 0.001814341848674497}"
0.85,0.035,0.065,0.035,0.015,True,False,0.85,0.015,"{""BCC_B2#1"": 0.9693549595336113, ""C15_LAVES#1"": 0.025520944741163922, ""FCC_L12#1"": 0.0007069352536469526, ""HCP_A3#2"": 0.0025959073033103106, ""HCP_A3#3"": 0.0018212531682675062}"
0.85,0.035,0.07,0.03,0.015,True,False,0.85,0.015,"{""BCC_B2#1"": 0.9699421899882331, ""C15_LAVES#1"": 0.02491334550972142, ""FCC_L12#1"": 0.0007073918474067362, ""HCP_A3#2"": 0.0026089966821205277, ""HCP_A3#3"": 0.0018280759725177803}"
0.85,0.035,0.075,0.025,0.015,True,False,0.85,0.015,"{""BCC_B2#1"": 0.9705770639833662, ""C15_LAVES#1"": 0.024258040423943153, ""FCC_L12#1"": 0.0007078486493861483, ""HCP_A3#2"": 0.0026223231825968567, ""HCP_A3#3"": 0.0018347237607081388}"
0.85,0.035,0.08,0.02,0.015,True,False,0.85,0.015,"{""BCC_B2#1"": 0.9712637202874521, ""C15_LAVES#1"": 0.023551013450301014, ""FCC_L12#1"": 0.0007083053710236441, ""HCP_A3#2"": 0.0026358810589627015, ""HCP_A3#3"": 0.0018410798322604448}"
0.85,0.035,0.085,0.015,0.015,True,False,0.85,0.015,"{""BCC_B2#1"": 0.9720066668931994, ""C15_LAVES#1"": 0.022787920862589142, ""FCC_L12#1"": 0.0007087617721115855, ""HCP_A3#2"": 0.0026496636906645195, ""HCP_A3#3"": 0.0018469867814354744}"
0.85,0.035,0.09,0.01,0.015,True,False,0.85,0.015,"{""BCC_B2#1"": 0.9728108088078059, ""C15_LAVES#1"": 0.021964077688229677, ""FCC_L12#1"": 0.0007092176829232734, ""HCP_A3#2"": 0.002663663503232068, ""HCP_A3#3"": 0.0018522323178092233}"
0.85,0.035,0.095,0.005,0.015,True,False,0.85,0.015,"{""BCC_B2#1"": 0.9736814749922433, ""C15_LAVES#1"": 0.021074449956215092, ""FCC_L12#1"": 0.0007096730345052222, ""HCP_A3#2"": 0.002677871888828227, ""HCP_A3#3"": 0.0018565301282081597}"
0.85,0.035,0.1,0.0,0.015,True,False,0.85,0.015,"{""BCC_B2#1"": 0.9746244429294036, ""C15_LAVES#1"": 0.020113655992284096, ""FCC_L12#1"": 0.0007101279000791726, ""HCP_A3#2"": 0.002692279129322978, ""HCP_A3#3"": 0.0018594940489102215}"
0.85,0.04,0.0,0.095,0.015,True,False,0.85,0.015,"{""BCC_B2#1"": 0.9642990047727383, ""C15_LAVES#1"": 0.030875427589679476, ""FCC_L12#1"": 0.0006991647032191284, ""HCP_A3#2"": 0.002413587455832695, ""HCP_A3#3"": 0.00171281547853049}"
0.85,0.04,0.005,0.09,0.015,True,False,0.85,0.015,"{""BCC_B2#1"": 0.9645067068026573, ""C15_LAVES#1"": 0.030652290081858557, ""FCC_L12#1"": 0.0006995960161305168, ""HCP_A3#2"": 0.002423109945009519, ""HCP_A3#3"": 0.0017182971543440156}"
0.85,0.04,0.01,0.085,0.015,True,False,0.85,0.015,"{""BCC_B2#1"": 0.9647306560442113, ""C15_LAVES#1"": 0.030412494978814514, ""FCC_L12#1"": 0.0007000328626369108, ""HCP_A3#2"": 0.0024328938360147065, ""HCP_A3#3"": 0.001723922278322604}"
0.85,0.04,0.015,0.08,0.015,True,False,0.85,0.015,"{""BCC_B2#1"": 0.9649722133118569, ""C15_LAVES#1"": 0.03015468368551625, ""FCC_L12#1"": 0.0007004749435158869, ""HCP_A3#2"": 0.002442939497131993, ""HCP_A3#3"": 0.001729688561978862}"
0.85,0.04,0.02,0.075,0.015,True,False,0.85,0.015,"{""BCC_B2#1"": 0.9652328589039293, ""C15_LAVES#1"": 0.029877379639591056, ""FCC_L12#1"": 0.0007009219500720382, ""HCP_A3#2"": 0.00245324708149681, ""HCP_A3#3"": 0.0017355924249107407}"
0.85,0.04,0.025,0.07,0.015,True,False,0.85,0.015,"{""BCC_B2#1"": 0.9655142039749648, ""C15_LAVES#1"": 0.02957897739382919, ""FCC_L12#1"": 0.0007013735643268258, ""HCP_A3#2"": 0.002463816504820463, ""HCP_A3#3"": 0.0017416285620589355}"
0.85,0.04,0.03,0.065,0.015,True,False,0.85,0.015,"{""BCC_B2#1"": 0.965818003000144, ""C15_LAVES#1"": 0.029257730755742787, ""FCC_L12#1"": 0.0007018294593957124, ""HCP_A3#2"": 0.0024746474200537903, ""HCP_A3#3"": 0.0017477893646635737}"
0.85,0.04,0.035,0.06,0.015,True,False,0.85,0.015,"{""BCC_B2#1"": 0.9661461674144785, ""C15_LAVES#1"": 0.028911739952002802, ""FCC_L12#1"": 0.0007022893001272525, ""HCP_A3#2"": 0.0024857391886430125, ""HCP_A3#3"": 0.001754064144748397}"
0.85,0.04,0.04,0.055,0.015,True,False,0.85,0.015,"{""BCC_B2#1"": 0.9665007805066573, ""C15_LAVES#1"": 0.028538937805495677, ""FCC_L12#1"": 0.0007027527441046488, ""HCP_A3#2"": 0.0024970908480574415, ""HCP_A3#3"": 0.0017604380956846605}"
0.85,0.04,0.045,0.05,0.015,True,False,0.85,0.015,"{""BCC_B2#1"": 0.9668841136394704, ""C15_LAVES#1"": 0.02813707494396828, ""FCC_L12#1"": 0.0007032194431462981, ""HCP_A3#2"": 0.0025087010752569546, ""HCP_A3#3"": 0.0017668908981582866}"
0.85,0.04,0.05,0.045,0.015,True,False,0.85,0.015,"{""BCC_B2#1"": 0.9672986438539081, ""C15_LAVES#1"": 0.027703704105166947, ""FCC_L12#1"": 0.0007036890454907069, ""HCP_A3#2"": 0.002520568145799284, ""HCP_A3#3"": 0.0017733948496351304}"
0.85,0.04,0.055,0.04,0.015,True,False,0.85,0.015,"{""BCC_B2#1"": 0.9677470728888155, ""C15_LAVES#1"": 0.027236163670509246, ""FCC_L12#1"": 0.000704161198917573, ""HCP_A3#2"": 0.0025326898883145676, ""HCP_A3#3"": 0.0017799123534435206}"
0.85,0.04,0.06,0.035,0.015,True,False,0.85,0.015,"{""BCC_B2#1"": 0.9682323476083624, ""C15_LAVES#1"": 0.026731560655141578, ""FCC_L12#1"": 0.0007046355551465891, ""HCP_A3#2"": 0.002545063634165685, ""HCP_A3#3"": 0.0017863925471837492}"
0.85,0.04,0.065,0.03,0.015,True,False,0.85,0.015,"{""BCC_B2#1"": 0.9687576817698028, ""C15_LAVES#1"": 0.026186753517658097, ""FCC_L12#1"": 0.0007051117759775217, ""HCP_A3#2"": 0.002557686162168194, ""HCP_A3#3"": 0.0017927667743936695}"
0.85,0.04,0.07,0.025,0.015,True,False,0.85,0.015,"{""BCC_B2#1"": 0.9693265789759732, ""C15_LAVES#1"": 0.025598335342152057, ""FCC_L12#1"": 0.0007055895418000026, ""HCP_A3#2"": 0.0025705536384469673, ""HCP_A3#3"": 0.001798942501627627}"
0.8500000000000001,0.04,0.075,0.02,0.015,True,False,0.85,0.015,"{""BCC_B2#1"": 0.9699428565299242, ""C15_LAVES#1"": 0.02496261820861693, ""FCC_L12#1"": 0.0007060685633247392, ""HCP_A3#2"": 0.0025836615516438037, ""HCP_A3#3"": 0.0018047951464904455}"
0.85,0.04,0.08,0.015,0.015,True,False,0.85,0.015,"{""BCC_B2#1"": 0.9706106697284781, ""C15_LAVES#1"": 0.02427561993093541, ""FCC_L12#1"": 0.0007065485976897386, ""HCP_A3#2"": 0.002597004644040699, ""HCP_A3#3"": 0.001810157098856075}"
0.85,0.04,0.085,0.01,0.015,True,False,0.85,0.015,"{""BCC_B2#1"": 0.971334535877093, ""C15_LAVES#1"": 0.023533054841243985, ""FCC_L12#1"": 0.0007070294705029081, ""HCP_A3#2"": 0.002610576839512025, ""HCP_A3#3"": 0.0018148029716479467}"
0.85,0.04,0.09,0.005,0.015,True,False,0.85,0.015,"{""BCC_B2#1"": 0.9721193569533787, ""C15_LAVES#1"": 0.022730330982965508, ""FCC_L12#1"": 0.0007075111059332141, ""HCP_A3#2"": 0.0026243711697661594, ""HCP_A3#3"": 0.001818429787956486}"
0.85,0.04,0.095,0.0,0.015,True,False,0.85,0.015,"{""BCC_B2#1"": 0.9729704393544307, ""C15_LAVES#1"": 0.021862557007578116, ""FCC_L12#1"": 0.0007079935676993343, ""HCP_A3#2"": 0.0026383797009473134, ""HCP_A3#3"": 0.0018206303693445783}"
0.85,0.045,0.0,0.09,0.015,True,False,0.85,0.015,"{""BCC_B2#1"": 0.963976457936423, ""C15_LAVES#1"": 0.03125017416149521, ""FCC_L12#1"": 0.0006973738121104592, ""HCP_A3#2"": 0.0023837074814319994, ""HCP_A3#3"": 0.0016922866085396192}"
0.85,0.045,0.005,0.085,0.015,True,False,0.85,0.015,"{""BCC_B2#1"": 0.9641732012250745, ""C15_LAVES#1"": 0.031038322865189365, ""FCC_L12#1"": 0.0006978140759178224, ""HCP_A3#2"": 0.0016975882879355511, ""HCP_A3#3"": 0.0023930735458826315}"
0.85,0.045,0.01,0.08,0.015,True,False,0.85,0.015,"{""BCC_B2#1"": 0.96438590849481, ""C15_LAVES#1"": 0.030810099935997468, ""FCC_L12#1"": 0.0006982606417769826, ""HCP_A3#2"": 0.0017030291493232807, ""HCP_A3#3"": 0.0024027017780920623}"
0.85,0.045,0.015,0.075,0.015,True,False,0.85,0.015,"{""BCC_B2#1"": 0.9646159446633434, ""C15_LAVES#1"": 0.030564144142311643, ""FCC_L12#1"": 0.0006987132167986697, ""HCP_A3#2"": 0.002412592520088539, ""HCP_A3#3"": 0.0017086054574578747}"
0.85,0.045,0.02,0.07,0.015,True,False,0.85,0.015,"{""BCC_B2#1"": 0.9648647958296191, ""C15_LAVES#1"": 0.03029897512446503, ""FCC_L12#1"": 0.0006991714980011714, ""HCP_A3#2"": 0.0024227459047161796, ""HCP_A3#3"": 0.001714311643198444}"
0.85,0.045,0.025,0.065,0.015,True,False,0.85,0.015,"{""BCC_B2#1"": 0.9651340808821994, ""C15_LAVES#1"": 0.03001298242208136, ""FCC_L12#1"": 0.0006996351726333879, ""HCP_A3#2"": 0.0024331618360316624, ""HCP_A3#3"": 0.0017201396870544798}"
0.85,0.045,0.03,0.06,0.015,True,False,0.85,0.015,"{""BCC_B2#1"": 0.9654255641872084, ""C15_LAVES#1"": 0.029704413631914343, ""FCC_L12#1"": 0.0007001039187559025, ""HCP_A3#2"": 0.002443839966668659, ""HCP_A3#3"": 0.0017260782954526812}"
0.85,0.045,0.035,0.055,0.015,True,False,0.85,0.015,"{""BCC_B2#1"": 0.9657411694207706, ""C15_LAVES#1"": 0.029371361701671907, ""FCC_L12#1"": 0.0007005774061825263, ""HCP_A3#2"": 0.0024547796718184245, ""HCP_A3#3"": 0.0017321117995563744}"
0.85,0.045,0.04,0.05,0.015,True,False,0.85,0.015,"{""BCC_B2#1"": 0.9660829946008138, ""C15_LAVES#1"": 0.029011751399055347, ""FCC_L12#1"": 0.0007010552979197678, ""HCP_A3#2"": 0.002465980019516598, ""HCP_A3#3"": 0.0017382186826942305}"
0.85,0.045,0.045,0.045,0.015,True,False,0.85,0.015,"{""BCC_B2#1"": 0.9664533283559028, ""C15_LAVES#1"": 0.028623325044294233, ""FCC_L12#1"": 0.0007015372522901036, ""HCP_A3#2"": 0.0024774397368794924, ""HCP_A3#3"": 0.0017443696106331913}"
0.85,0.045,0.05,0.04,0.015,True,False,0.85,0.015,"{""BCC_B2#1"": 0.9668546674408852, ""C15_LAVES#1"": 0.028203627664749053, ""FCC_L12#1"": 0.0007020229259899259, ""HCP_A3#2"": 0.0024891571720300166, ""HCP_A3#3"": 0.0017505247963455078}"
0.85,0.045,0.055,0.035,0.015,True,False,0.85,0.015,"{""BCC_B2#1"": 0.9672897354669502, ""C15_LAVES#1"": 0.027749991829243655, ""FCC_L12#1"": 0.0007025119784210256, ""HCP_A3#2"": 0.0025011302514359674, ""HCP_A3#3"": 0.001756630473949035}"
0.85,0.045,0.06,0.03,0.015,True,False,0.85,0.015,"{""BCC_B2#1"": 0.9677615027511078, ""C15_LAVES#1"": 0.02725952255834052, ""FCC_L12#1"": 0.0007030040777529571, ""HCP_A3#2"": 0.0025133564324986784, ""HCP_A3#3"": 0.0017626141802999234}"
0.85,0.045,0.065,0.025,0.015,True,False,0.85,0.015,"{""BCC_B2#1"": 0.9682732070995961, ""C15_LAVES#1"": 0.02672908289890814, ""FCC_L12#1"": 0.0007034989093333148, ""HCP_A3#2"": 0.0025258326513290766, ""HCP_A3#3"": 0.0017683784408330505}"
0.85,0.045,0.07,0.02,0.015,True,False,0.85,0.015,"{""BCC_B2#1"": 0.9688283752107301, ""C15_LAVES#1"": 0.026155281016165596, ""FCC_L12#1"": 0.0007039961872782863, ""HCP_A3#2"": 0.0025385552657619733, ""HCP_A3#3"": 0.0017737923200638632}"
0.85,0.045,0.075,0.015,0.015,True,False,0.85,0.015,"{""BCC_B2#1"": 0.9694308442009759, ""C15_LAVES#1"": 0.025534460019525317, ""FCC_L12#1"": 0.0007044956703655564, ""HCP_A3#2"": 0.00255151999393512, ""HCP_A3#3"": 0.0017786801151980502}"
0.85,0.045,0.08,0.01,0.015,True,False,0.85,0.015,"{""BCC_B2#1"": 0.9700847825042773, ""C15_LAVES#1"": 0.02486269223477859, ""FCC_L12#1"": 0.0007049971837418238, ""HCP_A3#2"": 0.0025647218489819865, ""HCP_A3#3"": 0.0017828062282204025}"
0.85,0.045,0.085,0.005,0.015,True,False,0.85,0.015,"{""BCC_B2#1"": 0.970794709042645, ""C15_LAVES#1"": 0.02413578031086832, ""FCC_L12#1"": 0.000705500648482203, ""HCP_A3#2"": 0.002578155070829079, ""HCP_A3#3"": 0.001785854927175387}"
0.85,0.045,0.09,0.0,0.015,True,False,0.85,0.015,"{""BCC_B2#1"": 0.9715655090808288, ""C15_LAVES#1"": 0.023349268467385734, ""FCC_L12#1"": 0.0007060061217387553, ""HCP_A3#2"": 0.0025918130564935096, ""HCP_A3#3"": 0.001787403273553268}"
0.85,0.05,0.0,0.085,0.015,True,False,0.85,0.015,"{""BCC_B2#1"": 0.9637095135981059, ""C15_LAVES#1"": 0.03156164724263768, ""FCC_L12#1"": 0.0006957816308993812, ""HCP_A3#2"": 0.002358178928226202, ""HCP_A3#3"": 0.0016748786001310714}"
0.85,0.05,0.005,0.08,0.015,True,False,0.85,0.015,"{""BCC_B2#1"": 0.9638973262256044, ""C15_LAVES#1"": 0.03135896062730095, ""FCC_L12#1"": 0.0006962306177565652, ""HCP_A3#2"": 0.0023674463634566997, ""HCP_A3#3"": 0.0016800361658812998}"
0.85,0.05,0.01,0.075,0.015,True,False,0.85,0.015,"{""BCC_B2#1"": 0.9641009227237456, ""C15_LAVES#1"": 0.031140087063256484, ""FCC_L12#1"": 0.0006966865652390246, ""HCP_A3#2"": 0.0016853268036686121, ""HCP_A3#3"": 0.0023769768440900212}"
0.85,0.05,0.015,0.07,0.015,True,False,0.85,0.015,"{""BCC_B2#1"": 0.9643216765837287, ""C15_LAVES#1"": 0.03090365892555374, ""FCC_L12#1"": 0.0006971491842795102, ""HCP_A3#2"": 0.0016907446953814652, ""HCP_A3#3"": 0.0023867706110565377}"
0.85,0.05,0.02,0.065,0.015,True,False,0.85,0.015,"{""BCC_B2#1"": 0.9645610842603317, ""C15_LAVES#1"": 0.030648188410268822, ""FCC_L12#1"": 0.0006976181755552451, ""HCP_A3#2"": 0.001696281455581733, ""HCP_A3#3"": 0.0023968276982626177}"
0.85,0.05,0.025,0.06,0.015,True,False,0.85,0.015,"{""BCC_B2#1"": 0.9648207769920144, ""C15_LAVES#1"": 0.030372056591097287, ""FCC_L12#1"": 0.0006980932300384245, ""HCP_A3#2"": 0.0017019252712739145, ""HCP_A3#3"": 0.002407147915575823}"
0.85,0.05,0.03,0.055,0.015,True,False,0.85,0.015,"{""BCC_B2#1"": 0.9651025336731985, ""C15_LAVES#1"": 0.030073501713512966, ""FCC_L12#1"": 0.0006985740298973227, ""HCP_A3#2"": 0.001707659754626128, ""HCP_A3#3"": 0.002417730828764802}"
0.85,0.05,0.035,0.05,0.015,True,False,0.85,0.015,"{""BCC_B2#1"": 0.9654082948197232, ""C15_LAVES#1"": 0.029750606781673218, ""FCC_L12#1"": 0.0006990602498852799, ""HCP_A3#2"": 0.001713462412680168, ""HCP_A3#3"": 0.002428575736037921}"
0.85,0.05,0.04,0.045,0.015,True,False,0.85,0.015,"{""BCC_B2#1"": 0.9657401776497057, ""C15_LAVES#1"": 0.029401286543992395, ""FCC_L12#1"": 0.0006995515594013647, ""HCP_A3#2"": 0.001719302606050856, ""HCP_A3#3"": 0.002439681640849829}"
0.85,0.05,0.045,0.04,0.015,True,False,0.85,0.015,"{""BCC_B2#1"": 0.9661004922724089, ""C15_LAVES#1"": 0.02902327405556856, ""FCC_L12#1"": 0.0007000476254698555, ""HCP_A3#2"": 0.0017251388259087, ""HCP_A3#3"": 0.002451047220643707}"
0.85,0.05,0.05,0.035,0.015,True,False,0.85,0.015,"{""BCC_B2#1"": 0.9664917589338117, ""C15_LAVES#1"": 0.028614107096352332, ""FCC_L12#1"": 0.0007005481169708462, ""HCP_A3#2"": 0.0017309150616248489, ""HCP_A3#3"": 0.00246267079124039}"
0.85,0.05,0.055,0.03,0.015,True,False,0.85,0.015,"{""BCC_B2#1"": 0.9669167262033613, ""C15_LAVES#1"": 0.02817111486382084, ""FCC_L12#1"": 0.0007010527105684786, ""HCP_A3#2"": 0.0017365559556260237, ""HCP_A3#3"": 0.00247455026662319}"
0.85,0.05,0.06,0.025,0.015,True,False,0.85,0.015,"{""BCC_B2#1"": 0.9673783898950307, ""C15_LAVES#1"": 0.027691405551073037, ""FCC_L12#1"": 0.0007015610989369157, ""HCP_A3#2"": 0.0017419603409979617, ""HCP_A3#3"": 0.0024866831139612184}"
0.85,0.05,0.065,0.02,0.015,True,False,0.85,0.015,"{""BCC_B2#1"": 0.967880012386226, ""C15_LAVES#1"": 0.027171855685047257, ""FCC_L12#1"": 0.0007020730020900493, ""HCP_A3#2"": 0.0017469926228627188, ""HCP_A3#3"": 0.002499066303773716}"
0.85,0.05,0.07,0.015,0.015,True,False,0.85,0.015,"{""BCC_B2#1"": 0.9684251418175183, ""C15_LAVES#1"": 0.026609102458782265, ""FCC_L12#1"": 0.0007025881828975271, ""HCP_A3#2"": 0.001751471285459326, ""HCP_A3#3"": 0.0025116962553427503}"
0.85,0.05,0.075,0.01,0.015,True,False,0.85,0.015,"{""BCC_B2#1"": 0.9690176304052024, ""C15_LAVES#1"": 0.025999540780493116, ""FCC_L12#1"": 0.0007031064682405684, ""HCP_A3#2"": 0.0017551535684268756, ""HCP_A3#3"": 0.0025245687776371812}"
0.85,0.05,0.08,0.005,0.015,True,False,0.85,0.015,"{""BCC_B2#1"": 0.9696616507527941, ""C15_LAVES#1"": 0.025339327424795846, ""FCC_L12#1"": 0.0007036277777589997, ""HCP_A3#2"": 0.0017577150383394108, ""HCP_A3#3"": 0.0025376790063115244}"
0.85,0.05,0.085,0.0,0.015,True,False,0.85,0.015,"{""BCC_B2#1"": 0.9703617085724244, ""C15_LAVES#1"": 0.024624395568566944, ""FCC_L12#1"": 0.0007041521628026609, ""HCP_A3#2"": 0.0017587223585793078, ""HCP_A3#3"": 0.002551021337626673}"
0.85,0.055,0.0,0.08,0.015,True,False,0.85,0.015,"{""BCC_B2#1"": 0.9634881610691648, ""C15_LAVES#1"": 0.03182119282963334, ""FCC_L12#1"": 0.0006943677942656166, ""HCP_A3#2"": 0.001660021975138642, ""HCP_A3#3"": 0.002336256331797808}"
0.85,0.055,0.005,0.075,0.015,True,False,0.85,0.015,"{""BCC_B2#1"": 0.9636686847322555, ""C15_LAVES#1"": 0.03162596504569527, ""FCC_L12#1"": 0.0006948250759543854, ""HCP_A3#2"": 0.0016650584029825155, ""HCP_A3#3"": 0.002345466743112168}"
0.85,0.055,0.01,0.07,0.015,True,False,0.85,0.015,"{""BCC_B2#1"": 0.9638648990779513, ""C15_LAVES#1"": 0.031414650463062535, ""FCC_L12#1"": 0.0006952898862401478, ""HCP_A3#2"": 0.0016702194719790998, ""HCP_A3#3"": 0.0023549411007670823}"
0.85,0.055,0.015,0.065,0.015,True,False,0.85,0.015,"{""BCC_B2#1"": 0.9640781900431827, ""C15_LAVES#1"": 0.031185872005973718, ""FCC_L12#1"": 0.0006957619384065018, ""HCP_A3#2"": 0.0016754965209282017, ""HCP_A3#3"": 0.0023646794915089583}"
0.85,0.055,0.02,0.06,0.015,True,False,0.85,0.015,"{""BCC_B2#1"": 0.9643100683512847, ""C15_LAVES#1"": 0.030938131564755916, ""FCC_L12#1"": 0.0006962409357897118, ""HCP_A3#2"": 0.0016808773531946767, ""HCP_A3#3"": 0.0023746817949750077}"
0.85,0.055,0.025,0.055,0.015,True,False,0.85,0.015,"{""BCC_B2#1"": 0.9645621815050431, ""C15_LAVES#1"": 0.030669799193897732, ""FCC_L12#1"": 0.0006967265726557574, ""HCP_A3#2"": 0.0016863450592381288, ""HCP_A3#3"": 0.002384947669165221}"
0.85,0.055,0.03,0.05,0.015,True,False,0.85,0.015,"{""BCC_B2#1"": 0.964836326784074, ""C15_LAVES#1"": 0.030379101698014076, ""FCC_L12#1"": 0.0006972185355459608, ""HCP_A3#2"": 0.001691876449565544, ""HCP_A3#3"": 0.002395476532800166}"
0.85,0.055,0.035,0.045,0.015,True,False,0.85,0.015,"{""BCC_B2#1"": 0.9651344652563905, ""C15_LAVES#1"": 0.03006411072474232, ""FCC_L12#1"": 0.00069771650527183, ""HCP_A3#2"": 0.001697439969400212, ""HCP_A3#3"": 0.0024062675441953955}"
0.85,0.055,0.04,0.04,0.015,True,False,0.85,0.015,"{""BCC_B2#1"": 0.9654587367835714, ""C15_LAVES#1"": 0.029722730556357716, ""FCC_L12#1"": 0.0006982201598000663, ""HCP_A3#2"": 0.0017029929239695306, ""HCP_A3#3"": 0.002417319576301162}"
0.85,0.055,0.045,0.035,0.015,True,False,0.85,0.015,"{""BCC_B2#1"": 0.9658114759541941, ""C15_LAVES#1"": 0.029352685892863006, ""FCC_L12#1"": 0.0006987291783505408, ""HCP_A3#2"": 0.0017084777870090145, ""HCP_A3#3"": 0.002428631187583165}"
0.85,0.055,0.05,0.03,0.015,True,False,0.85,0.015,"{""BCC_B2#1"": 0.9661952288156163, ""C15_LAVES#1"": 0.028951510058511817, ""FCC_L12#1"": 0.000699243247139461, ""HCP_A3#2"": 0.0017138172903095842, ""HCP_A3#3"": 0.0024402005884229545}"
0.85,0.055,0.055,0.025,0.015,True,False,0.85,0.015,"{""BCC_B2#1"": 0.9666127701828233, ""C15_LAVES#1"": 0.028516534254175354, ""FCC_L12#1"": 0.0006997620673462495, ""HCP_A3#2"": 0.001718907892865926, ""HCP_A3#3"": 0.0024520256027891554}"
0.8500000000000001,0.055,0.06,0.02,0.015,True,False,0.85,0.015,"{""BCC_B2#1"": 0.9670671211749243, ""C15_LAVES#1"": 0.028044878737613247, ""FCC_L12#1"": 0.0007002853660786928, ""HCP_A3#2"": 0.0017236110964081205, ""HCP_A3#3"": 0.0024641036249754555}"
0.85,0.055,0.065,0.015,0.015,True,False,0.85,0.015,"{""BCC_B2#1"": 0.9675615664519809, ""C15_LAVES#1"": 0.02753344716614894, ""FCC_L12#1"": 0.0007008129113730667, ""HCP_A3#2"": 0.0017277418991867113, ""HCP_A3#3"": 0.002476431571310386}"
0.85,0.055,0.07,0.01,0.015,True,False,0.85,0.015,"{""BCC_B2#1"": 0.9680996703790292, ""C15_LAVES#1"": 0.026978925813806332, ""FCC_L12#1"": 0.0007013445326166757, ""HCP_A3#2"": 0.0017310534476921275, ""HCP_A3#3"": 0.002489005826855321}"
0.85,0.055,0.075,0.005,0.015,True,False,0.85,0.015,"{""BCC_B2#1"": 0.9686852910067982, ""C15_LAVES#1"": 0.02637779001997588, ""FCC_L12#1"": 0.0007018801482501163, ""HCP_A3#2"": 0.001733216637674609, ""HCP_A3#3"": 0.002501822187301297}"
0.85,0.055,0.08,0.0,0.015,True,False,0.85,0.015,"{""BCC_B2#1"": 0.9693225902970254, ""C15_LAVES#1"": 0.02572632109727088, ""FCC_L12#1"": 0.0007024198032292899, ""HCP_A3#2"": 0.0017337930060129763, ""HCP_A3#3"": 0.0025148757964612353}"
0.85,0.06,0.0,0.075,0.015,True,False,0.85,0.015,"{""BCC_B2#1"": 0.963304438160751, ""C15_LAVES#1"": 0.03203783572492777, ""FCC_L12#1"": 0.000693113247813032, ""HCP_A3#2"": 0.0016472668451949282, ""HCP_A3#3"": 0.002317346021312945}"
0.85,0.06,0.005,0.07,0.015,True,False,0.85,0.015,"{""BCC_B2#1"": 0.9634790258913283, ""C15_LAVES#1"": 0.0318486695756335, ""FCC_L12#1"": 0.0006935783026316579, ""HCP_A3#2"": 0.001652195924917227, ""HCP_A3#3"": 0.002326530305489332}"
0.85,0.06,0.01,0.065,0.015,True,False,0.85,0.015,"{""BCC_B2#1"": 0.9636692859372564, ""C15_LAVES#1"": 0.0316434448446859, ""FCC_L12#1"": 0.000694051380731852, ""HCP_A3#2"": 0.001657238386641341, ""HCP_A3#3"": 0.0023359794506839894}"
0.85,0.06,0.015,0.06,0.015,True,False,0.85,0.015,"{""BCC_B2#1"": 0.9638766200552499, ""C15_LAVES#1"": 0.031420772587120976, ""FCC_L12#1"": 0.0006945321968399956, ""HCP_A3#2"": 0.0016623818119764504, ""HCP_A3#3"": 0.0023456933488128287}"
0.85,0.06,0.02,0.055,0.015,True,False,0.85,0.015,"{""BCC_B2#1"": 0.9641025565999845, ""C15_LAVES#1"": 0.031179142266174315, ""FCC_L12#1"": 0.0006950204565429383, ""HCP_A3#2"": 0.0016676089941030892, ""HCP_A3#3"": 0.0023556716831949465}"
0.85,0.06,0.025,0.05,0.015,True,False,0.85,0.015,"{""BCC_B2#1"": 0.9643487626350414, ""C15_LAVES#1"": 0.030916911236611094, ""FCC_L12#1"": 0.0006955158576000693, ""HCP_A3#2"": 0.0016728963543510063, ""HCP_A3#3"": 0.002365913916396547}"
0.85,0.06,0.03,0.045,0.015,True,False,0.85,0.015,"{""BCC_B2#1"": 0.9646170569742326, ""C15_LAVES#1"": 0.03063229381968783, ""FCC_L12#1"": 0.000696018091871799, ""HCP_A3#2"": 0.0016782118394160096, ""HCP_A3#3"": 0.002376419274791794}"
0.85,0.06,0.035,0.04,0.015,True,False,0.85,0.015,"{""BCC_B2#1"": 0.9649094241227645, ""C15_LAVES#1"": 0.030323350170123543, ""FCC_L12#1"": 0.0006965268480981379, ""HCP_A3#2"": 0.0016835121295131674, ""HCP_A3#3"": 0.0023871867295003875}"
0.85,0.06,0.04,0.035,0.015,True,False,0.85,0.015,"{""BCC_B2#1"": 0.9652280290428726, ""C15_LAVES#1"": 0.02998797523542756, ""FCC_L12#1"": 0.0006970418158384985, ""HCP_A3#2"": 0.0016887389325522292, ""HCP_A3#3"": 0.002398214973308941}"
0.85,0.06,0.045,0.03,0.015,True,False,0.85,0.015,"{""BCC_B2#1"": 0.9655752326046397, ""C15_LAVES#1"": 0.02962388824483763, ""FCC_L12#1"": 0.0006975626909877905, ""HCP_A3#2"": 0.0016938140663128151, ""HCP_A3#3"": 0.002409502393221887}"
0.85,0.06,0.05,0.025,0.015,True,False,0.85,0.015,"{""BCC_B2#1"": 0.965953607492616, ""C15_LAVES#1"": 0.029228623351827254, ""FCC_L12#1"": 0.0006980891834226414, ""HCP_A3#2"": 0.0016986329338098843, ""HCP_A3#3"": 0.0024210470383240453}"
0.8500000000000001,0.06,0.055,0.02,0.015,True,False,0.85,0.015,"{""BCC_B2#1"": 0.9663659542133127, ""C15_LAVES#1"": 0.02879952230762976, ""FCC_L12#1"": 0.000698621027516762, ""HCP_A3#2"": 0.0017030558689142704, ""HCP_A3#3"": 0.0024328465826264434}"
0.85,0.06,0.06,0.015,0.015,True,False,0.85,0.015,"{""BCC_B2#1"": 0.9668153166751529, ""C15_LAVES#1"": 0.028333730386002755, ""FCC_L12#1"": 0.0006991579965116969, ""HCP_A3#2"": 0.0017068966596730886, ""HCP_A3#3"": 0.002444898282659514}"
0.85,0.06,0.065,0.01,0.015,True,False,0.85,0.015,"{""BCC_B2#1"": 0.9673049965738382, ""C15_LAVES#1"": 0.027828197242307402, ""FCC_L12#1"": 0.0006996999220591859, ""HCP_A3#2"": 0.0017099073321722284, ""HCP_A3#3"": 0.002457198929622816}"
0.85,0.06,0.07,0.005,0.015,True,False,0.85,0.015,"{""BCC_B2#1"": 0.9678385654894348, ""C15_LAVES#1"": 0.027279685013654794, ""FCC_L12#1"": 0.0007002467206923635, ""HCP_A3#2"": 0.001711757980217155, ""HCP_A3#3"": 0.002469744796000806}"
0.85,0.06,0.075,0.0,0.015,True,False,0.85,0.015,"{""BCC_B2#1"": 0.9684198731562884, ""C15_LAVES#1"": 0.02668478680611501, ""FCC_L12#1"": 0.0007007984295665313, ""HCP_A3#2"": 0.0017120100313742594, ""HCP_A3#3"": 0.0024825315766556725}"
0.85,0.065,0.0,0.07,0.015,True,False,0.85,0.015,"{""BCC_B2#1"": 0.96315199608253, ""C15_LAVES#1"": 0.032218778916251016, ""FCC_L12#1"": 0.0006920005575202378, ""HCP_A3#2"": 0.001636253624949509, ""HCP_A3#3"": 0.002300970818749374}"
0.85,0.065,0.005,0.065,0.015,True,False,0.85,0.015,"{""BCC_B2#1"": 0.9633217813651399, ""C15_LAVES#1"": 0.03203451094540106, ""FCC_L12#1"": 0.0006924728400570031, ""HCP_A3#2"": 0.00231015266219065, ""HCP_A3#3"": 0.0016410821872111152}"
0.85,0.065,0.01,0.06,0.015,True,False,0.85,0.015,"{""BCC_B2#1"": 0.9635072859821621, ""C15_LAVES#1"": 0.031834150655325744, ""FCC_L12#1"": 0.0006929535819599239, ""HCP_A3#2"": 0.002319600312769268, ""HCP_A3#3"": 0.0016460094677829995}"
0.85,0.065,0.015,0.055,0.015,True,False,0.85,0.015,"{""BCC_B2#1"": 0.963709930442256, ""C15_LAVES#1"": 0.031616295430623664, ""FCC_L12#1"": 0.0006934424987997685, ""HCP_A3#2"": 0.002329313433792632, ""HCP_A3#3"": 0.0016510181945277851}"
0.85,0.065,0.02,0.05,0.015,True,False,0.85,0.015,"{""BCC_B2#1"": 0.963931263593271, ""C15_LAVES#1"": 0.0313794209192179, ""FCC_L12#1"": 0.0006939392983611996, ""HCP_A3#2"": 0.002339291477649262, ""HCP_A3#3"": 0.0016560847115003497}"
0.85,0.065,0.025,0.045,0.015,True,False,0.85,0.015,"{""BCC_B2#1"": 0.9641729747779256, ""C15_LAVES#1"": 0.03112187098017892, ""FCC_L12#1"": 0.0006944436825107836, ""HCP_A3#2"": 0.0023495336758141967, ""HCP_A3#3"": 0.0016611768835704916}"
0.85,0.065,0.03,0.04,0.015,True,False,0.85,0.015,"{""BCC_B2#1"": 0.9644369068134333, ""C15_LAVES#1"": 0.030841847491764825, ""FCC_L12#1"": 0.0006949553498639613, ""HCP_A3#2"": 0.0023600390253767376, ""HCP_A3#3"": 0.0016662513195613501}"
0.85,0.065,0.035,0.035,0.015,True,False,0.85,0.015,"{""BCC_B2#1"": 0.9647250697129595, ""C15_LAVES#1"": 0.030537400322333343, ""FCC_L12#1"": 0.0006954739995494583, ""HCP_A3#2"": 0.0023708062716800184, ""HCP_A3#3"": 0.001671249693477687}"
0.85,0.065,0.04,0.03,0.015,True,False,0.85,0.015,"{""BCC_B2#1"": 0.965039655004371, ""C15_LAVES#1"": 0.03020641790001763, ""FCC_L12#1"": 0.0006959993364672361, ""HCP_A3#2"": 0.002381833886681449, ""HCP_A3#3"": 0.001676093872462671}"
0.85,0.065,0.045,0.025,0.015,True,False,0.85,0.015,"{""BCC_B2#1"": 0.965383050413955, ""C15_LAVES#1"": 0.029846618998395302, ""FCC_L12#1"": 0.0006965310785667941, ""HCP_A3#2"": 0.0023931200426411444, ""HCP_A3#3"": 0.0016806794664419274}"
0.85,0.065,0.05,0.02,0.015,True,False,0.85,0.015,"{""BCC_B2#1"": 0.9657578545610775, ""C15_LAVES#1"": 0.02945554660063552, ""FCC_L12#1"": 0.0006970689668466129, ""HCP_A3#2"": 0.002404662580743209, ""HCP_A3#3"": 0.0016848672906969865}"
0.85,0.065,0.055,0.015,0.015,True,False,0.85,0.015,"{""BCC_B2#1"": 0.9661668911420436, ""C15_LAVES#1"": 0.029030565035463907, ""FCC_L12#1"": 0.0006976127790073845, ""HCP_A3#2"": 0.002416458974282965, ""HCP_A3#3"": 0.0016884720692022406}"
0.85,0.065,0.06,0.01,0.015,True,False,0.85,0.015,"{""BCC_B2#1"": 0.9666132218516311, ""C15_LAVES#1"": 0.028568862023665084, ""FCC_L12#1"": 0.0006981623480005488, ""HCP_A3#2"": 0.002428506286055433, ""HCP_A3#3"": 0.0016912474906483907}"
0.85,0.065,0.065,0.005,0.015,True,False,0.85,0.015,"{""BCC_B2#1"": 0.9671001569769617, ""C15_LAVES#1"": 0.028067457872712767, ""FCC_L12#1"": 0.0006987175871256037, ""HCP_A3#2"": 0.002440801119616179, ""HCP_A3#3"": 0.0016928664435837534}"
0.85,0.065,0.07,0.0,0.015,True,False,0.85,0.015,"{""BCC_B2#1"": 0.9676312621718216, ""C15_LAVES#1"": 0.027523224861149786, ""FCC_L12#1"": 0.0006992785238739407, ""HCP_A3#2"": 0.00245333956410961, ""HCP_A3#3"": 0.0016928948790451862}"
0.85,0.07,0.0,0.065,0.015,True,False,0.85,0.015,"{""BCC_B2#1"": 0.9630257561240757, ""C15_LAVES#1"": 0.03236979379855861, ""FCC_L12#1"": 0.0006910140220752336, ""HCP_A3#2"": 0.0022867441982171634, ""HCP_A3#3"": 0.0016266918570731748}"
0.85,0.07,0.005,0.06,0.015,True,False,0.85,0.015,"{""BCC_B2#1"": 0.9631917025880722, ""C15_LAVES#1"": 0.03218944100304722, ""FCC_L12#1"": 0.0006914930056322096, ""HCP_A3#2"": 0.0022959423338477607, ""HCP_A3#3"": 0.0016314210694007999}"
0.85,0.07,0.01,0.055,0.015,True,False,0.85,0.015,"{""BCC_B2#1"": 0.9633734731801724, ""C15_LAVES#1"": 0.031992908437634957, ""FCC_L12#1"": 0.0006919808381116188, ""HCP_A3#2"": 0.002305407277745203, ""HCP_A3#3"": 0.0016362302663357402}"
0.85,0.07,0.015,0.05,0.015,True,False,0.85,0.015,"{""BCC_B2#1"": 0.9635725096817425, ""C15_LAVES#1"": 0.0317787786342498, ""FCC_L12#1"": 0.0006924772355316664, ""HCP_A3#2"": 0.0023151384345262683, ""HCP_A3#3"": 0.001641096013949283}"
0.85,0.07,0.02,0.045,0.015,True,False,0.85,0.015,"{""BCC_B2#1"": 0.9637903838171598, ""C15_LAVES#1"": 0.031545512788300464, ""FCC_L12#1"": 0.000692981908086249, ""HCP_A3#2"": 0.002325134995098068, ""HCP_A3#3"": 0.001645986491355315}"
0.85,0.07,0.025,0.04,0.015,True,False,0.85,0.015,"{""BCC_B2#1"": 0.9640288093607557, ""C15_LAVES#1"": 0.03129144139013607, ""FCC_L12#1"": 0.0006934945627042768, ""HCP_A3#2"": 0.002335395928598726, ""HCP_A3#3"": 0.0016508587578051694}"
0.85,0.07,0.03,0.035,0.015,True,False,0.85,0.015,"{""BCC_B2#1"": 0.9642896549215297, ""C15_LAVES#1"": 0.0310147550631981, ""FCC_L12#1"": 0.0006940149066312417, ""HCP_A3#2"": 0.0023459199705301555, ""HCP_A3#3"": 0.0016556551381108073}"
0.85,0.07,0.035,0.03,0.015,True,False,0.85,0.015,"{""BCC_B2#1"": 0.9645749572588986, ""C15_LAVES#1"": 0.030713496038199496, ""FCC_L12#1"": 0.000694542652409669, ""HCP_A3#2"": 0.002356705606688971, ""HCP_A3#3"": 0.0016602984438030303}"
0.85,0.07,0.04,0.025,0.015,True,False,0.85,0.015,"{""BCC_B2#1"": 0.9648869348984209, ""C15_LAVES#1"": 0.030385550866975208, ""FCC_L12#1"": 0.000695077524756845, ""HCP_A3#2"": 0.0023677510524229973, ""HCP_A3#3"": 0.001664685657423964}"
0.85,0.07,0.045,0.02,0.015,True,False,0.85,0.015,"{""BCC_B2#1"": 0.9652280016995806, ""C15_LAVES#1"": 0.030028645214988766, ""FCC_L12#1"": 0.0006956192700009069, ""HCP_A3#2"": 0.0023790542267924787, ""HCP_A3#3"": 0.00166867958863742}"
0.85,0.07,0.05,0.015,0.015,True,False,0.85,0.015,"{""BCC_B2#1"": 0.9656007798669431, ""C15_LAVES#1"": 0.02964034188856938, ""FCC_L12#1"": 0.0006961676689525444, ""HCP_A3#2"": 0.002390612721144367, ""HCP_A3#3"": 0.001672097854390758}"
0.85,0.07,0.055,0.01,0.015,True,False,0.85,0.015,"{""BCC_B2#1"": 0.9660081116764642, ""C15_LAVES#1"": 0.02921804367852064, ""FCC_L12#1"": 0.0006967225543772479, ""HCP_A3#2"": 0.0024024237616161294, ""HCP_A3#3"": 0.0016746983290215848}"
0.85,0.07,0.06,0.005,0.015,True,False,0.85,0.015,"{""BCC_B2#1"": 0.9664530688895141, ""C15_LAVES#1"": 0.02875900317297488, ""FCC_L12#1"": 0.0006972838346161294, ""HCP_A3#2"": 0.0024144841650571218, ""HCP_A3#3"": 0.0016761599378376402}"
0.85,0.07,0.065,0.0,0.015,True,False,0.85,0.015,"{""BCC_B2#1"": 0.966938958421095, ""C15_LAVES#1"": 0.02826034245813907, ""FCC_L12#1"": 0.0006978515254085844, ""HCP_A3#2"": 0.002426790287786601, ""HCP_A3#3"": 0.0016760573075705917}"
0.85,0.075,0.0,0.06,0.015,True,False,0.85,0.015,"{""BCC_B2#1"": 0.9611416694405657, ""C15_LAVES#1"": 0.03518352242640631, ""FCC_L12#1"": 0.0006922922137800396, ""HCP_A3#2"": 0.0022790225382118665, ""ZRO2_MONO#1"": 0.0007034933810360358}"
0.85,0.075,0.005,0.055,0.015,True,False,0.85,0.015,"{""BCC_B2#1"": 0.9613003385549996, ""C15_LAVES#1"": 0.03501516909972505, ""FCC_L12#1"": 0.0006927880156223487, ""HCP_A3#2"": 0.002288492787321619, ""ZRO2_MONO#1"": 0.0007032115423313624}"
0.85,0.075,0.01,0.05,0.015,True,False,0.85,0.015,"{""BCC_B2#1"": 0.9632634946141172, ""C15_LAVES#1"": 0.03212465500420005, ""FCC_L12#1"": 0.0006911192544537852, ""HCP_A3#2"": 0.002293078096795024, ""HCP_A3#3"": 0.0016276530304340146}"
0.85,0.075,0.015,0.045,0.015,True,False,0.85,0.015,"{""BCC_B2#1"": 0.9634598582880658, ""C15_LAVES#1"": 0.031913315684944224, ""FCC_L12#1"": 0.0006916225744637126, ""HCP_A3#2"": 0.0023028426700415, ""HCP_A3#3"": 0.0016323607824846828}"
0.85,0.075,0.02,0.04,0.015,True,False,0.85,0.015,"{""BCC_B2#1"": 0.9636752640294721, ""C15_LAVES#1"": 0.031682676513526485, ""FCC_L12#1"": 0.0006921345254940121, ""HCP_A3#2"": 0.002312873147939135, ""HCP_A3#3"": 0.0016370517835683164}"
0.85,0.075,0.025,0.035,0.015,True,False,0.85,0.015,"{""BCC_B2#1"": 0.9639114516228802, ""C15_LAVES#1"": 0.03143105572216341, ""FCC_L12#1"": 0.0006926548208453504, ""HCP_A3#2"": 0.0023231682083990936, ""HCP_A3#3"": 0.001641669625711915}"
0.85,0.075,0.03,0.03,0.015,True,False,0.85,0.015,"{""BCC_B2#1"": 0.9641703165534073, ""C15_LAVES#1"": 0.031156635105954643, ""FCC_L12#1"": 0.0006931831787359295, ""HCP_A3#2"": 0.0023337262955398664, ""HCP_A3#3"": 0.0016461388663622702}"
0.85,0.075,0.035,0.025,0.015,True,False,0.85,0.015,"{""BCC_B2#1"": 0.9644539226892845, ""C15_LAVES#1"": 0.030857453478253125, ""FCC_L12#1"": 0.0006937193287649936, ""HCP_A3#2"": 0.002344545604361801, ""HCP_A3#3"": 0.0016503588993357322}"
0.8500000000000001,0.075,0.04,0.02,0.015,True,False,0.85,0.015,"{""BCC_B2#1"": 0.9647645148834268, ""C15_LAVES#1"": 0.030531402165501282, ""FCC_L12#1"": 0.0006942630207549856, ""HCP_A3#2"": 0.0023556240602666803, ""HCP_A3#3"": 0.0016541958700502317}"
0.85,0.075,0.045,0.015,0.015,True,False,0.85,0.015,"{""BCC_B2#1"": 0.9651045310036451, ""C15_LAVES#1"": 0.030176223651731428, ""FCC_L12#1"": 0.0006948140368001189, ""HCP_A3#2"": 0.0023669592928972547, ""HCP_A3#3"": 0.001657472014926121}"
0.85,0.075,0.05,0.01,0.015,True,False,0.85,0.015,"{""BCC_B2#1"": 0.9654766126926293, ""C15_LAVES#1"": 0.029789514887372547, ""FCC_L12#1"": 0.000695372207608441, ""HCP_A3#2"": 0.002378548603690446, ""HCP_A3#3"": 0.001659951608699573}"
0.85,0.075,0.055,0.005,0.015,True,False,0.85,0.015,"{""BCC_B2#1"": 0.9658836138756843, ""C15_LAVES#1"": 0.0293687373182508, ""FCC_L12#1"": 0.0006959374345799789, ""HCP_A3#2"": 0.002390388926505976, ""HCP_A3#3"": 0.0016613224449791972}"
0.85,0.075,0.06,0.0,0.015,True,False,0.85,0.015,"{""BCC_B2#1"": 0.9663286056502186, ""C15_LAVES#1"": 0.02891123641560302, ""FCC_L12#1"": 0.0006965097195303539, ""HCP_A3#2"": 0.002402476780538961, ""HCP_A3#3"": 0.0016611714341091387}"
0.85,0.08,0.0,0.055,0.015,True,False,0.85,0.015,"{""BCC_B2#1"": 0.9610673098046245, ""C15_LAVES#1"": 0.035270026835832656, ""FCC_L12#1"": 0.0006914715308166604, ""HCP_A3#2"": 0.0022676173633606124, ""ZRO2_MONO#1"": 0.0007035744653655119}"
0.85,0.08,0.005,0.05,0.015,True,False,0.85,0.015,"{""BCC_B2#1"": 0.9612238331722904, ""C15_LAVES#1"": 0.0351038294998119, ""FCC_L12#1"": 0.000691972792381857, ""HCP_A3#2"": 0.0022770858912415496, ""ZRO2_MONO#1"": 0.0007032786442742737}"
0.85,0.08,0.01,0.045,0.015,True,False,0.85,0.015,"{""BCC_B2#1"": 0.9613965381038834, ""C15_LAVES#1"": 0.03492122124570958, ""FCC_L12#1"": 0.0006924837627630261, ""HCP_A3#2"": 0.0022868627443331365, ""ZRO2_MONO#1"": 0.0007028941433107559}"
0.85,0.08,0.015,0.04,0.015,True,False,0.85,0.015,"{""BCC_B2#1"": 0.9628043068025983, ""C15_LAVES#1"": 0.03287785389706029, ""FCC_L12#1"": 0.0006915418994456518, ""HCP_A3#2"": 0.0022936423127471028, ""HCP_A3#3"": 0.0011098050978305659, ""ZRO2_MONO#1"": 0.00022284999031813125}"
0.85,0.08,0.02,0.035,0.015,True,False,0.85,0.015,"{""BCC_B2#1"": 0.963582150863236, ""C15_LAVES#1"": 0.03179516703536646, ""FCC_L12#1"": 0.0006913850380424135, ""HCP_A3#2"": 0.0023022370925270203, ""HCP_A3#3"": 0.0016290599708280588}"
0.85,0.08,0.025,0.03,0.015,True,False,0.85,0.015,"{""BCC_B2#1"": 0.9638170173735091, ""C15_LAVES#1"": 0.03154511225265029, ""FCC_L12#1"": 0.0006919124314372924, ""HCP_A3#2"": 0.0023125792511643315, ""HCP_A3#3"": 0.0016333786912388303}"
0.85,0.08,0.03,0.025,0.015,True,False,0.85,0.015,"{""BCC_B2#1"": 0.964074869099056, ""C15_LAVES#1"": 0.031272039390744626, ""FCC_L12#1"": 0.0006924482369971898, ""HCP_A3#2"": 0.0023231843373043024, ""HCP_A3#3"": 0.0016374589358980004}"
0.85,0.08,0.035,0.02,0.015,True,False,0.85,0.015,"{""BCC_B2#1"": 0.964357796438524, ""C15_LAVES#1"": 0.030973989796828662, ""FCC_L12#1"": 0.0006929922057316039, ""HCP_A3#2"": 0.0023340502250207883, ""HCP_A3#3"": 0.001641171333894566}"
0.85,0.08,0.04,0.015,0.015,True,False,0.85,0.015,"{""BCC_B2#1"": 0.9646680687036772, ""C15_LAVES#1"": 0.030648868448126733, ""FCC_L12#1"": 0.0006935441187941182, ""HCP_A3#2"": 0.002345174517345056, ""HCP_A3#3"": 0.0016443442120567678}"
0.85,0.08,0.045,0.01,0.015,True,False,0.85,0.015,"{""BCC_B2#1"": 0.9650081441075581, ""C15_LAVES#1"": 0.030294447447196934, ""FCC_L12#1"": 0.0006941038026591701, ""HCP_A3#2"": 0.002356554518848679, ""HCP_A3#3"": 0.001646750123737067}"
0.85,0.08,0.05,0.005,0.015,True,False,0.85,0.015,"{""BCC_B2#1"": 0.9653806775959801, ""C15_LAVES#1"": 0.029908375932769127, ""FCC_L12#1"": 0.0006946711496249518, ""HCP_A3#2"": 0.00236818720103616, ""HCP_A3#3"": 0.0016480881205894668}"
0.85,0.08,0.055,0.0,0.015,True,False,0.85,0.015,"{""BCC_B2#1"": 0.9657885252304573, ""C15_LAVES#1"": 0.029488199038342076, ""FCC_L12#1"": 0.000695246145401032, ""HCP_A3#2"": 0.0023800691596337774, ""HCP_A3#3"": 0.0016479604261658263}"
0.85,0.085,0.0,0.05,0.015,True,False,0.85,0.015,"{""BCC_B2#1"": 0.9610078697259958, ""C15_LAVES#1"": 0.03534009188192006, ""FCC_L12#1"": 0.000690744852423513, ""HCP_A3#2"": 0.0022576834503546597, ""ZRO2_MONO#1"": 0.0007036100893061279}"
0.85,0.085,0.005,0.045,0.015,True,False,0.85,0.015,"{""BCC_B2#1"": 0.961162918526064, ""C15_LAVES#1"": 0.03517536810222699, ""FCC_L12#1"": 0.0006912512084012623, ""HCP_A3#2"": 0.0022671708764486725, ""ZRO2_MONO#1"": 0.0007032912868592454}"
0.85,0.085,0.01,0.04,0.015,True,False,0.85,0.015,"{""BCC_B2#1"": 0.9613344210083445, ""C15_LAVES#1"": 0.03499397607493542, ""FCC_L12#1"": 0.0006917675299609963, ""HCP_A3#2"": 0.0022769635415724157, ""ZRO2_MONO#1"": 0.0007028718451866254}"
0.85,0.085,0.015,0.035,0.015,True,False,0.85,0.015,"{""BCC_B2#1"": 0.9615239622444205, ""C15_LAVES#1"": 0.03479436509279648, ""FCC_L12#1"": 0.0006922934873290614, ""HCP_A3#2"": 0.0022870661425562484, ""ZRO2_MONO#1"": 0.0007023130328981213}"
0.85,0.085,0.02,0.03,0.015,True,False,0.85,0.015,"{""BCC_B2#1"": 0.9620678551061277, ""C15_LAVES#1"": 0.03406800827790237, ""FCC_L12#1"": 0.0006924308332070075, ""HCP_A3#2"": 0.0022966158544591685, ""HCP_A3#3"": 0.0003054798926005673, ""ZRO2_MONO#1"": 0.0005696100357030482}"
0.85,0.085,0.025,0.025,0.015,True,False,0.85,0.015,"{""BCC_B2#1"": 0.963742350596775, ""C15_LAVES#1"": 0.03163720049523298, ""FCC_L12#1"": 0.0006912568486599615, ""HCP_A3#2"": 0.0016257861167591914, ""HCP_A3#3"": 0.002303405942572834}"
0.85,0.085,0.03,0.02,0.015,True,False,0.85,0.015,"{""BCC_B2#1"": 0.9640000416532551, ""C15_LAVES#1"": 0.031364687825530105, ""FCC_L12#1"": 0.0006917996289994568, ""HCP_A3#2"": 0.0016294016722340162, ""HCP_A3#3"": 0.002314069219981384}"
0.85,0.085,0.035,0.015,0.015,True,False,0.85,0.015,"{""BCC_B2#1"": 0.9642831846593412, ""C15_LAVES#1"": 0.031066967166269856, ""FCC_L12#1"": 0.0006923509331483483, ""HCP_A3#2"": 0.0016325043956882037, ""HCP_A3#3"": 0.002324992845552235}"
0.85,0.085,0.04,0.01,0.015,True,False,0.85,0.015,"{""BCC_B2#1"": 0.9645940701973974, ""C15_LAVES#1"": 0.0307419685041212, ""FCC_L12#1"": 0.0006929105809021828, ""HCP_A3#2"": 0.0016348766501904858, ""HCP_A3#3"": 0.0023361740673886492}"
0.85,0.085,0.045,0.005,0.015,True,False,0.85,0.015,"{""BCC_B2#1"": 0.964935171455722, ""C15_LAVES#1"": 0.030387509578863, ""FCC_L12#1"": 0.0006934784531476946, ""HCP_A3#2"": 0.0016362306835348112, ""HCP_A3#3"": 0.0023476098287325197}"
0.85,0.085,0.05,0.0,0.015,True,False,0.85,0.015,"{""BCC_B2#1"": 0.9653091483287346, ""C15_LAVES#1"": 0.03000131394826941, ""FCC_L12#1"": 0.0006940545173169075, ""HCP_A3#2"": 0.0016361864758663816, ""HCP_A3#3"": 0.0023592967298126746}"
0.85,0.09,0.0,0.045,0.015,True,False,0.85,0.015,"{""BCC_B2#1"": 0.9609613410089697, ""C15_LAVES#1"": 0.0353959344401396, ""FCC_L12#1"": 0.000690101971107616, ""HCP_A3#3"": 0.002249015817477312, ""ZRO2_MONO#1"": 0.0007036067623057887}"
0.85,0.09,0.005,0.04,0.015,True,False,0.85,0.015,"{""BCC_B2#1"": 0.9611155154531618, ""C15_LAVES#1"": 0.03523207581454064, ""FCC_L12#1"": 0.0006906131004782757, ""HCP_A3#3"": 0.002258538818277534, ""ZRO2_MONO#1"": 0.000703256813541706}"
0.85,0.09,0.01,0.035,0.015,True,False,0.85,0.015,"{""BCC_B2#1"": 0.9612864641205532, ""C15_LAVES#1"": 0.03505124589543345, ""FCC_L12#1"": 0.0006911344250215117, ""HCP_A3#3"": 0.0022683649646837115, ""ZRO2_MONO#1"": 0.0007027905943080237}"
0.85,0.09,0.015,0.03,0.015,True,False,0.85,0.015,"{""BCC_B2#1"": 0.9614758140300472, ""C15_LAVES#1"": 0.03485185971306492, ""FCC_L12#1"": 0.0006916655998621153, ""HCP_A3#3"": 0.002278498128948082, ""ZRO2_MONO#1"": 0.0007021625280774485}"
0.85,0.09,0.02,0.025,0.015,True,False,0.85,0.015,"{""BCC_B2#1"": 0.9616853499199863, ""C15_LAVES#1"": 0.034632189897242774, ""FCC_L12#1"": 0.0006922062570155047, ""HCP_A3#3"": 0.002288942809039028, ""ZRO2_MONO#1"": 0.0007013111167162217}"
0.8500000000000001,0.09,0.025,0.02,0.015,True,False,0.85,0.015,"{""BCC_B2#1"": 0.9619496836291281, ""C15_LAVES#1"": 0.03434085906988186, ""FCC_L12#1"": 0.0006927175442230502, ""HCP_A3#2"": 2.9862937091833794e-05, ""HCP_A3#3"": 0.0022996231609142023, ""ZRO2_MONO#1"": 0.0006872536587606255}"
0.85,0.09,0.03,0.015,0.015,True,False,0.85,0.015,"{""BCC_B2#1"": 0.9639431530867426, ""C15_LAVES#1"": 0.03143764919973885, ""FCC_L12#1"": 0.0006912282051130046, ""HCP_A3#2"": 0.0016217747870964953, ""HCP_A3#3"": 0.0023061947213091033}"
0.85,0.09,0.035,0.01,0.015,True,False,0.85,0.015,"{""BCC_B2#1"": 0.9642273011488982, ""C15_LAVES#1"": 0.031139580230677325, ""FCC_L12#1"": 0.0006917864574321949, ""HCP_A3#2"": 0.0016241462339551043, ""HCP_A3#3"": 0.002317185929037452}"
0.85,0.09,0.04,0.005,0.015,True,False,0.85,0.015,"{""BCC_B2#1"": 0.9645396187953265, ""C15_LAVES#1"": 0.030814037772293836, ""FCC_L12#1"": 0.0006923534589255918, ""HCP_A3#2"": 0.0016255561075910934, ""HCP_A3#3"": 0.002328433865863049}"
0.85,0.09,0.045,0.0,0.015,True,False,0.85,0.015,"{""BCC_B2#1"": 0.9648825869103681, ""C15_LAVES#1"": 0.03045890484136703, ""FCC_L12#1"": 0.0006929291565514745, ""HCP_A3#2"": 0.0016256440158327402, ""HCP_A3#3"": 0.002339935075880858}"
0.85,0.095,0.0,0.04,0.015,True,False,0.85,0.015,"{""BCC_B2#1"": 0.9609260817665731, ""C15_LAVES#1"": 0.0354393701143928, ""FCC_L12#1"": 0.0006895339276726189, ""HCP_A3#3"": 0.0022414461925636207, ""ZRO2_MONO#1"": 0.0007035679987979357}"
0.85,0.095,0.005,0.035,0.015,True,False,0.85,0.015,"{""BCC_B2#1"": 0.9610799253114066, ""C15_LAVES#1"": 0.03527582811950023, ""FCC_L12#1"": 0.0006900495536856917, ""HCP_A3#3"": 0.0022510186201306318, ""ZRO2_MONO#1"": 0.0007031783952770659}"
0.85,0.095,0.01,0.03,0.015,True,False,0.85,0.015,"{""BCC_B2#1"": 0.9612509094061534, ""C15_LAVES#1"": 0.03509496941134744, ""FCC_L12#1"": 0.0006905755803906918, ""HCP_A3#3"": 0.0022608928838454357, ""ZRO2_MONO#1"": 0.0007026527182629217}"
0.85,0.095,0.015,0.025,0.015,True,False,0.85,0.015,"{""BCC_B2#1"": 0.9614407047583545, ""C15_LAVES#1"": 0.03489517214056214, ""FCC_L12#1"": 0.0006911116441164835, ""HCP_A3#3"": 0.002271072092644117, ""ZRO2_MONO#1"": 0.0007019393643225747}"
0.85,0.095,0.02,0.02,0.015,True,False,0.85,0.015,"{""BCC_B2#1"": 0.9616511486060257, ""C15_LAVES#1"": 0.03467467025221108, ""FCC_L12#1"": 0.0006916573598929865, ""HCP_A3#3"": 0.002281559923669915, ""ZRO2_MONO#1"": 0.0007009638582003948}"
0.85,0.095,0.025,0.015,0.015,True,False,0.85,0.015,"{""BCC_B2#1"": 0.9618842605205884, ""C15_LAVES#1"": 0.0344315430477627, ""FCC_L12#1"": 0.000692212314557025, ""HCP_A3#3"": 0.002292360692647688, ""ZRO2_MONO#1"": 0.000699623424443888}"
0.85,0.095,0.03,0.01,0.015,True,False,0.85,0.015,"{""BCC_B2#1"": 0.9624850014330233, ""C15_LAVES#1"": 0.03364361694308899, ""FCC_L12#1"": 0.0006923759639122156, ""HCP_A3#2"": 0.0003141685421801516, ""HCP_A3#3"": 0.002302662561094335, ""ZRO2_MONO#1"": 0.0005621745567011434}"
0.85,0.095,0.035,0.005,0.015,True,False,0.85,0.015,"{""BCC_B2#1"": 0.9641878375347849, ""C15_LAVES#1"": 0.031194501086435195, ""FCC_L12#1"": 0.000691290859067894, ""HCP_A3#2"": 0.0016158973874831942, ""HCP_A3#3"": 0.002310473132228914}"
0.85,0.095,0.04,0.0,0.015,True,False,0.85,0.015,"{""BCC_B2#1"": 0.9645023048153502, ""C15_LAVES#1"": 0.030867878771380503, ""FCC_L12#1"": 0.0006918649317957807, ""HCP_A3#2"": 0.0016161549197229424, ""HCP_A3#3"": 0.0023217965617508053}"
0.85,0.1,0.0,0.035,0.015,True,False,0.85,0.015,"{""BCC_B2#1"": 0.96090074140429, ""C15_LAVES#1"": 0.035471895099408304, ""FCC_L12#1"": 0.0006890328578573959, ""HCP_A3#3"": 0.0022348349929408643, ""ZRO2_MONO#1"": 0.0007034956455032898}"
0.85,0.1,0.005,0.03,0.015,True,False,0.85,0.015,"{""BCC_B2#1"": 0.961054752038308, ""C15_LAVES#1"": 0.03530817049923274, ""FCC_L12#1"": 0.0006895527461051485, ""HCP_A3#3"": 0.0022444686342412397, ""ZRO2_MONO#1"": 0.0007030560821128819}"
0.85,0.1,0.01,0.025,0.015,True,False,0.85,0.015,"{""BCC_B2#1"": 0.9612263106703619, ""C15_LAVES#1"": 0.035126743987070476, ""FCC_L12#1"": 0.0006900832167553763, ""HCP_A3#3"": 0.002254403431960701, ""ZRO2_MONO#1"": 0.0007024586938514695}"
0.85,0.1,0.015,0.02,0.015,True,False,0.85,0.015,"{""BCC_B2#1"": 0.9614171381778559, ""C15_LAVES#1"": 0.034925954608899974, ""FCC_L12#1"": 0.0006906238870742379, ""HCP_A3#3"": 0.002264641781235081, ""ZRO2_MONO#1"": 0.0007016415449346015}"
0.85,0.1,0.02,0.015,0.015,True,False,0.85,0.015,"{""BCC_B2#1"": 0.9616291263094635, ""C15_LAVES#1"": 0.0347039956512955, ""FCC_L12#1"": 0.0006911743514689574, ""HCP_A3#3"": 0.0022751865874932552, ""ZRO2_MONO#1"": 0.000700517100278541}"
0.85,0.1,0.025,0.01,0.015,True,False,0.85,0.015,"{""BCC_B2#1"": 0.9618643565571185, ""C15_LAVES#1"": 0.034458904707039426, ""FCC_L12#1"": 0.0006917341751962378, ""HCP_A3#3"": 0.0022860413232874523, ""ZRO2_MONO#1"": 0.0006989632373585923}"
0.85,0.1,0.03,0.005,0.015,True,False,0.85,0.015,"{""BCC_B2#1"": 0.9621251220823751, ""C15_LAVES#1"": 0.034188556855609765, ""FCC_L12#1"": 0.0006923028875284387, ""HCP_A3#3"": 0.0022972100718051144, ""ZRO2_MONO#1"": 0.0006968081026814504}"
0.85,0.1,0.035,0.0,0.015,True,False,0.85,0.015,"{""BCC_B2#1"": 0.9637060099910967, ""C15_LAVES#1"": 0.03192793562851693, ""FCC_L12#1"": 0.0006913846638944161, ""HCP_A3#2"": 0.0011873189867428384, ""HCP_A3#3"": 0.0023057328051446163, ""ZRO2_MONO#1"": 0.0001816179246046057}"
0.85,0.105,0.0,0.03,0.015,True,False,0.85,0.015,"{""BCC_B2#1"": 0.960884203686872, ""C15_LAVES#1"": 0.035494750192951466, ""FCC_L12#1"": 0.0006885918542429005, ""HCP_A3#3"": 0.002229065383378238, ""ZRO2_MONO#1"": 0.000703388882555291}"
0.85,0.105,0.005,0.025,0.015,True,False,0.85,0.015,"{""BCC_B2#1"": 0.9610388404831214, ""C15_LAVES#1"": 0.03533038457325333, ""FCC_L12#1"": 0.0006891158077050052, ""HCP_A3#3"": 0.0022387704826871365, ""ZRO2_MONO#1"": 0.0007028886532330117}"
0.8500000000000001,0.105,0.01,0.02,0.015,True,False,0.85,0.015,"{""BCC_B2#1"": 0.9612114743923086, ""C15_LAVES#1"": 0.03514789433322344, ""FCC_L12#1"": 0.0006896505043994183, ""HCP_A3#3"": 0.00224877658599195, ""ZRO2_MONO#1"": 0.0007022041840766684}"
0.85,0.105,0.015,0.015,0.015,True,False,0.85,0.015,"{""BCC_B2#1"": 0.9614038784396711, ""C15_LAVES#1"": 0.03494557760667904, ""FCC_L12#1"": 0.0006901955392255309, ""HCP_A3#3"": 0.0022590853974201446, ""ZRO2_MONO#1"": 0.0007012630170038816}"
0.85,0.105,0.02,0.01,0.015,True,False,0.85,0.015,"{""BCC_B2#1"": 0.9616180040510635, ""C15_LAVES#1"": 0.03472158520981153, ""FCC_L12#1"": 0.000690750484423728, ""HCP_A3#3"": 0.002269699086494285, ""ZRO2_MONO#1"": 0.0006999611682071271}"
0.85,0.105,0.025,0.005,0.015,True,False,0.85,0.015,"{""BCC_B2#1"": 0.9618559972753737, ""C15_LAVES#1"": 0.0344739121573241, ""FCC_L12#1"": 0.0006913148801214143, ""HCP_A3#3"": 0.0022806203195959362, ""ZRO2_MONO#1"": 0.0006981553675844306}"
0.85,0.105,0.03,0.0,0.015,True,False,0.85,0.015,"{""BCC_B2#1"": 0.962120225998679, ""C15_LAVES#1"": 0.034200392325345066, ""FCC_L12#1"": 0.0006918882291403116, ""HCP_A3#3"": 0.0022918522862004887, ""ZRO2_MONO#1"": 0.0006956411606352253}"
0.85,0.11,0.0,0.025,0.015,True,False,0.85,0.015,"{""BCC_B2#1"": 0.960875539595842, ""C15_LAVES#1"": 0.03550897054479559, ""FCC_L12#1"": 0.0006882048413197243, ""HCP_A3#3"": 0.0022240387782634713, ""ZRO2_MONO#1"": 0.0007032462397789941}"
0.85,0.11,0.005,0.02,0.015,True,False,0.85,0.015,"{""BCC_B2#1"": 0.9610312292050426, ""C15_LAVES#1"": 0.035343539710141855, ""FCC_L12#1"": 0.0006887326960692144, ""HCP_A3#3"": 0.002233824411984283, ""ZRO2_MONO#1"": 0.0007026739767618492}"
0.85,0.11,0.01,0.015,0.015,True,True,0.85,0.015,{}
0.85,0.11,0.015,0.01,0.015,True,False,0.85,0.015,"{""BCC_B2#1"": 0.9613998961506593, ""C15_LAVES#1"": 0.034955185432236656, ""FCC_L12#1"": 0.0006898206275845088, ""HCP_A3#3"": 0.0022543006037856147, ""ZRO2_MONO#1"": 0.0007007971857338175}"
0.85,0.11,0.02,0.005,0.015,True,False,0.85,0.015,"{""BCC_B2#1"": 0.9616167162214653, ""C15_LAVES#1"": 0.03472862466586137, ""FCC_L12#1"": 0.0006903798216897204, ""HCP_A3#3"": 0.0022649936371498675, ""ZRO2_MONO#1"": 0.0006992856538337354}"
0.85,0.11,0.025,0.0,0.015,True,False,0.85,0.015,"{""BCC_B2#1"": 0.9618580822703328, ""C15_LAVES#1"": 0.03447779580539464, ""FCC_L12#1"": 0.0006909485308663395, ""HCP_A3#3"": 0.0022759923319062695, ""ZRO2_MONO#1"": 0.0006971810615000546}"
0.85,0.115,0.0,0.02,0.015,True,False,0.85,0.015,"{""BCC_B2#1"": 0.9608739715310769, ""C15_LAVES#1"": 0.03551542487199803, ""FCC_L12#1"": 0.00068786646690374, ""HCP_A3#2"": 0.0022196713909890067, ""ZRO2_MONO#1"": 0.0007030657390319515}"
0.85,0.115,0.005,0.015,0.015,True,False,0.85,0.015,"{""BCC_B2#1"": 0.961031114994153, ""C15_LAVES#1"": 0.03534853373175531, ""FCC_L12#1"": 0.0006883980888543111, ""HCP_A3#2"": 0.0022295457445874953, ""ZRO2_MONO#1"": 0.0007024074406495845}"
0.85,0.115,0.01,0.01,0.015,True,True,0.85,0.015,{}
0.85,0.115,0.015,0.005,0.015,True,False,0.85,0.015,"{""BCC_B2#1"": 0.9614043314259584, ""C15_LAVES#1"": 0.034955739917091624, ""FCC_L12#1"": 0.0006894938892191291, ""HCP_A3#2"": 0.002250200747711658, ""ZRO2_MONO#1"": 0.0007002340200192427}"
0.85,0.115,0.02,0.0,0.015,True,False,0.85,0.015,"{""BCC_B2#1"": 0.9616243740651914, ""C15_LAVES#1"": 0.034726111557896316, ""FCC_L12#1"": 0.0006900571314286951, ""HCP_A3#2"": 0.0022609824845130945, ""ZRO2_MONO#1"": 0.0006984747609703062}"
0.85,0.12,0.0,0.015,0.015,True,False,0.85,0.015,"{""BCC_B2#1"": 0.9608788463175814, ""C15_LAVES#1"": 0.03551484648654812, ""FCC_L12#1"": 0.0006875720085998201, ""HCP_A3#2"": 0.002215891552150301, ""ZRO2_MONO#1"": 0.0007028436351202879}"
0.85,0.12,0.005,0.01,0.015,True,False,0.85,0.015,"{""BCC_B2#1"": 0.9610378220132212, ""C15_LAVES#1"": 0.0353461249204246, ""FCC_L12#1"": 0.0006881072883314991, ""HCP_A3#2"": 0.002225862120578478, ""ZRO2_MONO#1"": 0.0007020836574440945}"
0.85,0.12,0.01,0.005,0.015,True,False,0.85,0.015,"{""BCC_B2#1"": 0.961216376512379, ""C15_LAVES#1"": 0.035157805578062085, ""FCC_L12#1"": 0.0006886536727539986, ""HCP_A3#2"": 0.0022361356964383477, ""ZRO2_MONO#1"": 0.0007010285403662511}"
0.85,0.12,0.015,0.0,0.015,True,False,0.85,0.015,"{""BCC_B2#1"": 0.961416462802446, ""C15_LAVES#1"": 0.0349480547915991, ""FCC_L12#1"": 0.0006892106775981741, ""HCP_A3#2"": 0.0022467119501082804, ""ZRO2_MONO#1"": 0.0006995597782486189}"
0.85,0.125,0.0,0.01,0.015,True,False,0.85,0.015,"{""BCC_B2#1"": 0.9608896127717633, ""C15_LAVES#1"": 0.03550785791690068, ""FCC_L12#1"": 0.0006873172921098239, ""HCP_A3#2"": 0.002212637597047318, ""ZRO2_MONO#1"": 0.0007025744221785548}"
0.85,0.125,0.005,0.005,0.015,True,False,0.85,0.015,"{""BCC_B2#1"": 0.9610507804980871, ""C15_LAVES#1"": 0.0353369575007883, ""FCC_L12#1"": 0.0006878561412489084, ""HCP_A3#2"": 0.0022227113405482047, ""ZRO2_MONO#1"": 0.0007016945193272742}"
0.85,0.125,0.01,0.0,0.015,True,False,0.85,0.015,"{""BCC_B2#1"": 0.9612321283606154, ""C15_LAVES#1"": 0.035145905669949795, ""FCC_L12#1"": 0.0006884061748382735, ""HCP_A3#2"": 0.0022330894239965737, ""ZRO2_MONO#1"": 0.000700470370599743}"
0.85,0.13,0.0,0.005,0.015,True,False,0.85,0.015,"{""BCC_B2#1"": 0.9609058025391338, ""C15_LAVES#1"": 0.03549499052465931, ""FCC_L12#1"": 0.0006870986199029795, ""HCP_A3#2"": 0.0022098561842337026, ""ZRO2_MONO#1"": 0.0007022521320700169}"
0.85,0.13,0.005,0.0,0.015,True,False,0.85,0.015,"{""BCC_B2#1"": 0.9610695050642578, ""C15_LAVES#1"": 0.035321582039618826, ""FCC_L12#1"": 0.0006876409665373942, ""HCP_A3#3"": 0.0022200396452142414, ""ZRO2_MONO#1"": 0.0007012322843719573}"
0.85,0.135,0.0,0.0,0.015,True,False,0.85,0.015,"{""BCC_B2#1"": 0.9609270154498991, ""C15_LAVES#1"": 0.03547670038122237, ""FCC_L12#1"": 0.000686912710439078, ""HCP_A3#2"": 0.0022075009497746455, ""ZRO2_MONO#1"": 0.0007018705086647219}"
0.8,0.0,0.0,0.185,0.015,True,False,0.8,0.015,"{""BCC_B2#1"": 0.969067162089951, ""C15_LAVES#1"": 0.02514889210854311, ""FCC_L12#1"": 0.0007206213504610636, ""HCP_A3#2"": 0.002109297421776034, ""HCP_A3#3"": 0.0029540270292686094}"
0.8,0.0,0.005,0.18,0.015,True,False,0.8,0.015,"{""BCC_B2#1"": 0.969456010453826, ""C15_LAVES#1"": 0.02472259617053314, ""FCC_L12#1"": 0.0007210699669632503, ""HCP_A3#2"": 0.002975731196325805, ""HCP_A3#3"": 0.002124592212351798}"
0.8,0.0,0.01,0.175,0.015,True,False,0.8,0.015,"{""BCC_B2#1"": 0.969869028089427, ""C15_LAVES#1"": 0.024270652505001423, ""FCC_L12#1"": 0.0007215171610712359, ""HCP_A3#2"": 0.0029983056685981713, ""HCP_A3#3"": 0.002140496575902197}"
0.8,0.0,0.015,0.17,0.015,True,False,0.8,0.015,"{""BCC_B2#1"": 0.9703078720572856, ""C15_LAVES#1"": 0.023791334103265647, ""FCC_L12#1"": 0.0007219622305623793, ""HCP_A3#2"": 0.0030217919759977217, ""HCP_A3#3"": 0.0021570396328886004}"
0.8,0.0,0.02,0.165,0.015,True,False,0.8,0.015,"{""BCC_B2#1"": 0.9707743223105026, ""C15_LAVES#1"": 0.023282785828065863, ""FCC_L12#1"": 0.0007224044422125256, ""HCP_A3#2"": 0.0030462347935307937, ""HCP_A3#3"": 0.00217425262568806}"
0.8,0.0,0.025,0.16,0.015,True,False,0.8,0.015,"{""BCC_B2#1"": 0.9712702914459483, ""C15_LAVES#1"": 0.02274301419557229, ""FCC_L12#1"": 0.0007228430304216971, ""HCP_A3#2"": 0.0021921691050673163, ""HCP_A3#3"": 0.0030716822229899902}"
0.8,0.0,0.03,0.155,0.015,True,False,0.8,0.015,"{""BCC_B2#1"": 0.9717978353298358, ""C15_LAVES#1"": 0.02216987623661182, ""FCC_L12#1"": 0.0007232771958486086, ""HCP_A3#2"": 0.003098186101742476, ""HCP_A3#3"": 0.0022108251359611677}"
0.8,0.0,0.035,0.15,0.015,True,False,0.8,0.015,"{""BCC_B2#1"": 0.9723591646893976, ""C15_LAVES#1"": 0.021561067341225704, ""FCC_L12#1"": 0.0007237061040791217, ""HCP_A3#2"": 0.0031258023406049353, ""HCP_A3#3"": 0.0022302595246926783}"
0.8,0.0,0.04,0.145,0.015,True,False,0.8,0.015,"{""BCC_B2#1"": 0.9729566577745474, ""C15_LAVES#1"": 0.02091410797833187, ""FCC_L12#1"": 0.0007241288843595268, ""HCP_A3#2"": 0.0022505140700006046, ""HCP_A3#3"": 0.003154591292760638}"
0.8,0.0,0.045,0.14,0.015,True,False,0.8,0.015,"{""BCC_B2#1"": 0.9735928742064864, ""C15_LAVES#1"": 0.020226329169431727, ""FCC_L12#1"": 0.0007245446284357833, ""HCP_A3#2"": 0.0031846181551540864, ""HCP_A3#3"": 0.00227163384049164}"
0.8,0.0,0.05,0.135,0.015,True,False,0.8,0.015,"{""BCC_B2#1"": 0.9742705701466654, ""C15_LAVES#1"": 0.019494856579220444, ""FCC_L12#1"": 0.0007249523895533705, ""HCP_A3#2"": 0.0032159534031392383, ""HCP_A3#3"": 0.002293667481421704}"
0.8,0.0,0.055,0.13,0.015,True,False,0.8,0.015,"{""BCC_B2#1"": 0.9749927149360119, ""C15_LAVES#1"": 0.01871659306995867, ""FCC_L12#1"": 0.0007253511816869081, ""HCP_A3#2"": 0.0032486732583335903, ""HCP_A3#3"": 0.002316667554009001}"
0.8,0.0,0.06,0.125,0.015,True,False,0.8,0.015,"{""BCC_B2#1"": 0.975762509375712, ""C15_LAVES#1"": 0.017888199546677884, ""FCC_L12#1"": 0.000725739979091518, ""HCP_A3#2"": 0.002340690910844682, ""HCP_A3#3"": 0.003282860187673909}"
0.8,0.0,0.065,0.12,0.015,True,False,0.8,0.015,"{""BCC_B2#1"": 0.9765834058427753, ""C15_LAVES#1"": 0.017006073900247207, ""FCC_L12#1"": 0.0007261177162932528, ""HCP_A3#2"": 0.002365799111380211, ""HCP_A3#3"": 0.0033186034293040127}"
0.8,0.0,0.07,0.115,0.015,True,False,0.8,0.015,"{""BCC_B2#1"": 0.9774591304592626, ""C15_LAVES#1"": 0.01606632783291862, ""FCC_L12#1"": 0.0007264832886702458, ""HCP_A3#2"": 0.002392058881999111, ""HCP_A3#3"": 0.0033559995371496283}"
0.8,0.0,0.075,0.11,0.015,True,False,0.8,0.015,"{""BCC_B2#1"": 0.9783937075636785, ""C15_LAVES#1"": 0.015064761325155692, ""FCC_L12#1"": 0.0007268355538205752, ""HCP_A3#2"": 0.002419542626740984, ""HCP_A3#3"": 0.003395152930604297}"
0.8,0.0,0.08,0.105,0.015,True,False,0.8,0.015,"{""BCC_B2#1"": 0.9793914867430479, ""C15_LAVES#1"": 0.0139968345075464, ""FCC_L12#1"": 0.0007271733339572006, ""HCP_A3#2"": 0.0024483289890579207, ""HCP_A3#3"": 0.0034361764263904954}"
0.8,0.0,0.085,0.1,0.015,True,False,0.8,0.015,"{""BCC_B2#1"": 0.9804571727759349, ""C15_LAVES#1"": 0.012857636591472665, ""FCC_L12#1"": 0.0007274954196728647, ""HCP_A3#2"": 0.003479191722679229, ""HCP_A3#3"": 0.0024785034902405382}"
0.8,0.0,0.09,0.095,0.015,True,False,0.8,0.015,"{""BCC_B2#1"": 0.9815958587301026, ""C15_LAVES#1"": 0.011641851689350842, ""FCC_L12#1"": 0.0007278005754342675, ""HCP_A3#2"": 0.0025101592256903107, ""HCP_A3#3"": 0.003524329779421961}"
0.8,0.0,0.095,0.09,0.015,True,False,0.8,0.015,"{""BCC_B2#1"": 0.9828130626291516, ""C15_LAVES#1"": 0.010343721132914548, ""FCC_L12#1"": 0.0007280875473539708, ""HCP_A3#2"": 0.0025433976638796906, ""HCP_A3#3"": 0.0035717310267004178}"
0.8,0.0,0.1,0.085,0.015,True,False,0.8,0.015,"{""BCC_B2#1"": 0.9841147679595584, ""C15_LAVES#1"": 0.008957002123481375, ""FCC_L12#1"": 0.0007283550738454772, ""HCP_A3#2"": 0.003621545289401527, ""HCP_A3#3"": 0.002578329553713099}"
0.8,0.0,0.105,0.08,0.015,True,False,0.8,0.015,"{""BCC_B2#1"": 0.9855074682943151, ""C15_LAVES#1"": 0.00747492254888366, ""FCC_L12#1"": 0.0007286018999460665, ""HCP_A3#2"": 0.0036739312731701923, ""HCP_A3#3"": 0.0026150759836849552}"
0.8,0.0,0.11,0.075,0.015,True,False,0.8,0.015,"{""BCC_B2#1"": 0.9869982161583323, ""C15_LAVES#1"": 0.005890132004044108, ""FCC_L12#1"": 0.0007288267962448893, ""HCP_A3#2"": 0.003729055387315253, ""HCP_A3#3"": 0.002653769654063565}"
0.8,0.0,0.115,0.07,0.015,True,False,0.8,0.015,"{""BCC_B2#1"": 0.9885946760062987, ""C15_LAVES#1"": 0.004194649358189468, ""FCC_L12#1"": 0.0007290285835210139, ""HCP_A3#2"": 0.003787089584892231, ""HCP_A3#3"": 0.0026945564670985615}"
0.8,0.0,0.12,0.065,0.015,True,False,0.8,0.015,"{""BCC_B2#1"": 0.9903051807436687, ""C15_LAVES#1"": 0.002379807709918747, ""FCC_L12#1"": 0.0007292061643422968, ""HCP_A3#2"": 0.003848207767214438, ""HCP_A3#3"": 0.00273759761485596}"
0.8,0.0,0.125,0.06,0.015,True,False,0.8,0.015,"{""BCC_B2#1"": 0.9921387905088555, ""C15_LAVES#1"": 0.00043619834094486956, ""FCC_L12#1"": 0.0007293585629543236, ""HCP_A3#2"": 0.00391258011359469, ""HCP_A3#3"": 0.002783072473650227}"
0.8,0.0,0.13,0.055,0.015,True,True,0.8,0.015,"{""BCC_B2#1"": 0.9926761558487999, ""FCC_L12#1"": 0.0007291329922959296, ""HCP_A3#2"": 0.003859420961889889, ""HCP_A3#3"": 0.0027352901970144838}"
0.8,0.0,0.135,0.05,0.015,True,True,0.8,0.015,"{""BCC_B2#1"": 0.9928285421078961, ""FCC_L12#1"": 0.0007287356231543306, ""HCP_A3#2"": 0.002665941538253546, ""HCP_A3#3"": 0.0037767807306961694}"
0.8,0.0,0.14,0.045,0.015,True,True,0.8,0.015,"{""BCC_B2#1"": 0.9929723631893599, ""FCC_L12#1"": 0.0007282625196989847, ""HCP_A3#2"": 0.003698070797366662, ""HCP_A3#3"": 0.0026013034935744726}"
0.8,0.0,0.145,0.04,0.015,True,True,0.8,0.015,"{""BCC_B2#1"": 0.9931078556664077, ""FCC_L12#1"": 0.0007277199619515314, ""HCP_A3#2"": 0.0036233830790818595, ""HCP_A3#3"": 0.002541041292559199}"
0.8,0.0,0.15,0.035,0.015,True,True,0.8,0.015,"{""BCC_B2#1"": 0.9932354012469047, ""FCC_L12#1"": 0.0007271144307080643, ""HCP_A3#2"": 0.0024847834957310265, ""HCP_A3#3"": 0.0035527008266562593}"
0.8,0.0,0.155,0.03,0.015,True,True,0.8,0.015,"{""BCC_B2#1"": 0.9933554958138676, ""FCC_L12#1"": 0.0007264524078792186, ""HCP_A3#2"": 0.0034859296213550495, ""HCP_A3#3"": 0.002432122156898192}"
0.8,0.0,0.16,0.025,0.015,True,True,0.8,0.015,"{""BCC_B2#1"": 0.9934687352493089, ""FCC_L12#1"": 0.0007257402689138222, ""HCP_A3#2"": 0.003422924406433423, ""HCP_A3#3"": 0.002382600075343692}"
0.8,0.0,0.165,0.02,0.015,True,True,0.8,0.015,"{""BCC_B2#1"": 0.993575823645641, ""FCC_L12#1"": 0.0007249842750525064, ""HCP_A3#2"": 0.00233568012612244, ""HCP_A3#3"": 0.003363511953184253}"
0.8,0.0,0.17,0.015,0.015,True,True,0.8,0.015,"{""BCC_B2#1"": 0.9936776118187315, ""FCC_L12#1"": 0.0007241906783429186, ""HCP_A3#2"": 0.002290688234942028, ""HCP_A3#3"": 0.003307509267983876}"
0.8,0.0,0.175,0.01,0.015,True,True,0.8,0.015,"{""BCC_B2#1"": 0.993775179019618, ""FCC_L12#1"": 0.0007233659662308652, ""HCP_A3#2"": 0.0032547390840064945, ""HCP_A3#3"": 0.002246715930144497}"
0.8,0.0,0.18,0.005,0.015,True,True,0.8,0.015,"{""BCC_B2#1"": 0.9938699791515279, ""FCC_L12#1"": 0.0007225172958220792, ""HCP_A3#2"": 0.0032050439652962287, ""HCP_A3#3"": 0.0022024595873538404}"
0.8,0.0,0.185,0.0,0.015,True,True,0.8,0.015,"{""BCC_B2#1"": 0.993964085656064, ""FCC_L12#1"": 0.0007216532019400805, ""HCP_A3#2"": 0.0021559603069082737, ""HCP_A3#3"": 0.0031583008350878797}"
0.8,0.005,0.0,0.18,0.015,True,False,0.8,0.015,"{""BCC_B2#1"": 0.9674211154620945, ""C15_LAVES#1"": 0.02708944342100329, ""FCC_L12#1"": 0.0007159454023797108, ""HCP_A3#2"": 0.0019839820322710513, ""HCP_A3#3"": 0.0027895136822515404}"
0.8,0.005,0.005,0.175,0.015,True,False,0.8,0.015,"{""BCC_B2#1"": 0.9677277754760599, ""C15_LAVES#1"": 0.02675586277077168, ""FCC_L12#1"": 0.0007163747194800907, ""HCP_A3#2"": 0.0019946252442656076, ""HCP_A3#3"": 0.002805361789422752}"
0.8,0.005,0.01,0.17,0.015,True,False,0.8,0.015,"{""BCC_B2#1"": 0.9680530213430343, ""C15_LAVES#1"": 0.02640290574689585, ""FCC_L12#1"": 0.0007168039152838473, ""HCP_A3#2"": 0.0020055777030337533, ""HCP_A3#3"": 0.0028216912917526423}"
0.8,0.005,0.015,0.165,0.015,True,False,0.8,0.015,"{""BCC_B2#1"": 0.9683980639161989, ""C15_LAVES#1"": 0.026029350351065274, ""FCC_L12#1"": 0.0007172324280732182, ""HCP_A3#2"": 0.0020168433559291884, ""HCP_A3#3"": 0.0028385099487335487}"
0.8,0.005,0.02,0.16,0.015,True,False,0.8,0.015,"{""BCC_B2#1"": 0.9687641947722907, ""C15_LAVES#1"": 0.025633894714130172, ""FCC_L12#1"": 0.0007176596793086801, ""HCP_A3#2"": 0.0020284257070875456, ""HCP_A3#3"": 0.002855825127183098}"
0.8,0.005,0.025,0.155,0.015,True,False,0.8,0.015,"{""BCC_B2#1"": 0.9691527914262198, ""C15_LAVES#1"": 0.02521515212086842, ""FCC_L12#1"": 0.0007180850737810421, ""HCP_A3#2"": 0.002040327710156027, ""HCP_A3#3"": 0.0028736436689747813}"
0.8,0.005,0.03,0.15,0.015,True,False,0.8,0.015,"{""BCC_B2#1"": 0.9695653228838383, ""C15_LAVES#1"": 0.024771645735785688, ""FCC_L12#1"": 0.0007185079999196045, ""HCP_A3#2"": 0.0028919717357065457, ""HCP_A3#3"": 0.002052551644749836}"
0.8,0.005,0.035,0.145,0.015,True,False,0.8,0.015,"{""BCC_B2#1"": 0.9700033555607653, ""C15_LAVES#1"": 0.024301803007245968, ""FCC_L12#1"": 0.0007189278302854755, ""HCP_A3#2"": 0.002910814627056047, ""HCP_A3#3"": 0.002065098974647061}"
0.8,0.005,0.04,0.14,0.015,True,False,0.8,0.015,"{""BCC_B2#1"": 0.9704685596008711, ""C15_LAVES#1"": 0.023803949721923946, ""FCC_L12#1"": 0.0007193439222817725, ""HCP_A3#2"": 0.0029301765693092747, ""HCP_A3#3"": 0.002077970185613799}"
0.8,0.005,0.045,0.135,0.015,True,False,0.8,0.015,"{""BCC_B2#1"": 0.9709627156352112, ""C15_LAVES#1"": 0.023276303674717277, ""FCC_L12#1"": 0.0007197556191162269, ""HCP_A3#2"": 0.0029500604702814436, ""HCP_A3#3"": 0.002091164600673932}"
0.8,0.005,0.05,0.13,0.015,True,False,0.8,0.015,"{""BCC_B2#1"": 0.9714877220317454, ""C15_LAVES#1"": 0.022716967909872442, ""FCC_L12#1"": 0.0007201622510554893, ""HCP_A3#2"": 0.0029704676367108586, ""HCP_A3#3"": 0.002104680170615816}"
0.8,0.005,0.055,0.125,0.015,True,False,0.8,0.015,"{""BCC_B2#1"": 0.9720456026984238, ""C15_LAVES#1"": 0.022123923476877985, ""FCC_L12#1"": 0.0007205631370143281, ""HCP_A3#2"": 0.0029913974500902682, ""HCP_A3#3"": 0.0021185132375935853}"
0.8,0.005,0.06,0.12,0.015,True,False,0.8,0.015,"{""BCC_B2#1"": 0.9726385155185839, ""C15_LAVES#1"": 0.02149502162786782, ""FCC_L12#1"": 0.0007209575865255516, ""HCP_A3#2"": 0.0030128469970705156, ""HCP_A3#3"": 0.002132658269952266}"
0.8,0.005,0.065,0.115,0.015,True,False,0.8,0.015,"{""BCC_B2#1"": 0.9732687615147614, ""C15_LAVES#1"": 0.020827975366174572, ""FCC_L12#1"": 0.0007213449021447187, ""HCP_A3#2"": 0.00303481065092095, ""HCP_A3#3"": 0.002147107565998589}"
0.8,0.005,0.07,0.11,0.015,True,False,0.8,0.015,"{""BCC_B2#1"": 0.9739387948747137, ""C15_LAVES#1"": 0.02012035021431425, ""FCC_L12#1"": 0.0007217243823267535, ""HCP_A3#2"": 0.003057279601096522, ""HCP_A3#3"": 0.002161850927548853}"
0.8,0.005,0.075,0.105,0.015,True,False,0.8,0.015,"{""BCC_B2#1"": 0.9746512339828991, ""C15_LAVES#1"": 0.019369554063158576, ""FCC_L12#1"": 0.0007220953248490852, ""HCP_A3#2"": 0.0030802413294275448, ""HCP_A3#3"": 0.0021768752996658186}"
0.8,0.005,0.08,0.1,0.015,True,False,0.8,0.015,"{""BCC_B2#1"": 0.9754088736706327, ""C15_LAVES#1"": 0.01857282588530831, ""FCC_L12#1"": 0.000722457030807141, ""HCP_A3#2"": 0.0031036790327762017, ""HCP_A3#3"": 0.002192164380475653}"
0.8,0.005,0.085,0.095,0.015,True,False,0.8,0.015,"{""BCC_B2#1"": 0.9762146989247016, ""C15_LAVES#1"": 0.017727223070171078, ""FCC_L12#1"": 0.0007228088092401991, ""HCP_A3#2"": 0.0031275709948179547, ""HCP_A3#3"": 0.0022076982010694763}"
0.8,0.005,0.09,0.09,0.015,True,False,0.8,0.015,"{""BCC_B2#1"": 0.9770719003656256, ""C15_LAVES#1"": 0.01682960705957543, ""FCC_L12#1"": 0.0007231499824177548, ""HCP_A3#2"": 0.003151889912778067, ""HCP_A3#3"": 0.002223452679602995}"
0.8,0.005,0.095,0.085,0.015,True,False,0.8,0.015,"{""BCC_B2#1"": 0.9779838918735738, ""C15_LAVES#1"": 0.01587662689059454, ""FCC_L12#1"": 0.0007234798918078395, ""HCP_A3#2"": 0.0031766021893922846, ""HCP_A3#3"": 0.002239399154631426}"
0.8,0.005,0.1,0.08,0.015,True,False,0.8,0.015,"{""BCC_B2#1"": 0.9789543308196602, ""C15_LAVES#1"": 0.01486470016540217, ""FCC_L12#1"": 0.0007237979047280108, ""HCP_A3#2"": 0.0032016672058234217, ""HCP_A3#3"": 0.0022555039043861986}"
0.8,0.005,0.105,0.075,0.015,True,False,0.8,0.015,"{""BCC_B2#1"": 0.9799871414466488, ""C15_LAVES#1"": 0.013789990874079582, ""FCC_L12#1"": 0.0007241034216534234, ""HCP_A3#2"": 0.003227036597814822, ""HCP_A3#3"": 0.002271727659803775}"
0.8,0.005,0.11,0.07,0.015,True,False,0.8,0.015,"{""BCC_B2#1"": 0.9810865420312074, ""C15_LAVES#1"": 0.012648383400720635, ""FCC_L12#1"": 0.0007243958841232269, ""HCP_A3#2"": 0.00325265356486611, ""HCP_A3#3"": 0.002288025119082787}"
0.8,0.005,0.115,0.065,0.015,True,False,0.8,0.015,"{""BCC_B2#1"": 0.982257076541591, ""C15_LAVES#1"": 0.011435451955701453, ""FCC_L12#1"": 0.0007246747831480004, ""HCP_A3#2"": 0.003278452250185736, ""HCP_A3#3"": 0.002304344469373675}"
0.8,0.005,0.12,0.06,0.015,True,False,0.8,0.015,"{""BCC_B2#1"": 0.9835036515673758, ""C15_LAVES#1"": 0.010146424612228424, ""FCC_L12#1"": 0.0007249396679789847, ""HCP_A3#2"": 0.003304357237027876, ""HCP_A3#3"": 0.0023206269153888065}"
0.8,0.005,0.125,0.055,0.015,True,False,0.8,0.015,"{""BCC_B2#1"": 0.9848315793245751, ""C15_LAVES#1"": 0.008776141103600787, ""FCC_L12#1"": 0.0007251901550598226, ""HCP_A3#2"": 0.0033302832136000373, ""HCP_A3#3"": 0.0023368062031646716}"
0.8,0.005,0.13,0.05,0.015,True,False,0.8,0.015,"{""BCC_B2#1"": 0.9862466275081117, ""C15_LAVES#1"": 0.007319003585209005, ""FCC_L12#1"": 0.0007254259369512848, ""HCP_A3#2"": 0.002352808107050984, ""HCP_A3#3"": 0.0033561348626769375}"
0.8,0.005,0.135,0.045,0.015,True,False,0.8,0.015,"{""BCC_B2#1"": 0.9877550766490077, ""C15_LAVES#1"": 0.0057689197127766476, ""FCC_L12#1"": 0.0007256467910116461, ""HCP_A3#2"": 0.002368549815500193, ""HCP_A3#3"": 0.003381807031703715}"
0.8,0.005,0.14,0.04,0.015,True,False,0.8,0.015,"{""BCC_B2#1"": 0.9893637854097302, ""C15_LAVES#1"": 0.004119237668242626, ""FCC_L12#1"": 0.0007258525876477671, ""HCP_A3#2"": 0.0023839391016319323, ""HCP_A3#3"": 0.0034071852327474035}"
0.8,0.005,0.145,0.035,0.015,True,False,0.8,0.015,"{""BCC_B2#1"": 0.9910802638962335, ""C15_LAVES#1"": 0.0023626732058890628, ""FCC_L12#1"": 0.0007260432980486514, ""HCP_A3#2"": 0.002398873091900069, ""HCP_A3#3"": 0.0034321465079284763}"
0.8,0.005,0.15,0.03,0.015,True,False,0.8,0.015,"{""BCC_B2#1"": 0.9929127545677294, ""C15_LAVES#1"": 0.000491229413210661, ""FCC_L12#1"": 0.0007262190015049838, ""HCP_A3#2"": 0.0024132363430976298, ""HCP_A3#3"": 0.0034565606744574023}"
0.8,0.005,0.155,0.025,0.015,True,True,0.8,0.015,"{""BCC_B2#1"": 0.993477647504169, ""FCC_L12#1"": 0.0007257216083311164, ""HCP_A3#2"": 0.0034163067379477724, ""HCP_A3#3"": 0.0023803241495522777}"
0.8,0.005,0.16,0.02,0.015,True,True,0.8,0.015,"{""BCC_B2#1"": 0.993583691652407, ""FCC_L12#1"": 0.0007249623295913295, ""HCP_A3#2"": 0.0023339117347485213, ""HCP_A3#3"": 0.003357434283253162}"
0.8,0.005,0.165,0.015,0.015,True,True,0.8,0.015,"{""BCC_B2#1"": 0.9936843519229558, ""FCC_L12#1"": 0.0007241651392041569, ""HCP_A3#2"": 0.00330189749584198, ""HCP_A3#3"": 0.0022895854419979866}"
0.8,0.005,0.17,0.01,0.015,True,True,0.8,0.015,"{""BCC_B2#1"": 0.9937805845542524, ""FCC_L12#1"": 0.0007233361928747449, ""HCP_A3#2"": 0.0032495195982558136, ""HCP_A3#3"": 0.002246559654617138}"
0.8,0.005,0.175,0.005,0.015,True,True,0.8,0.015,"{""BCC_B2#1"": 0.9938736506128074, ""FCC_L12#1"": 0.0007224821113181528, ""HCP_A3#2"": 0.0032001398115843738, ""HCP_A3#3"": 0.0022037274642900413}"
0.8,0.005,0.18,0.0,0.015,True,True,0.8,0.015,"{""BCC_B2#1"": 0.9939653176310659, ""FCC_L12#1"": 0.0007216105675334077, ""HCP_A3#2"": 0.0031536261563582524, ""HCP_A3#3"": 0.0021594456450425253}"
0.8,0.01,0.0,0.175,0.015,True,False,0.8,0.015,"{""BCC_B2#1"": 0.9661973822895209, ""C15_LAVES#1"": 0.028523304985188166, ""FCC_L12#1"": 0.0007116944317708966, ""HCP_A3#2"": 0.002671267422839764, ""HCP_A3#3"": 0.0018963508706801755}"
0.8,0.01,0.005,0.17,0.015,True,False,0.8,0.015,"{""BCC_B2#1"": 0.9664494626835197, ""C15_LAVES#1"": 0.028249800114652935, ""FCC_L12#1"": 0.0007121078380938301, ""HCP_A3#2"": 0.0026840290598952577, ""HCP_A3#3"": 0.0019046003038384728}"
0.8,0.01,0.01,0.165,0.015,True,False,0.8,0.015,"{""BCC_B2#1"": 0.966716990275208, ""C15_LAVES#1"": 0.027960304035389755, ""FCC_L12#1"": 0.000712522109546882, ""HCP_A3#2"": 0.0026971287430770713, ""HCP_A3#3"": 0.001913054836778222}"
0.8,0.01,0.015,0.16,0.015,True,False,0.8,0.015,"{""BCC_B2#1"": 0.9670009872209785, ""C15_LAVES#1"": 0.0276537948193671, ""FCC_L12#1"": 0.0007129367618923324, ""HCP_A3#2"": 0.002710567167052599, ""HCP_A3#3"": 0.0019217140307095895}"
0.8,0.01,0.02,0.155,0.015,True,False,0.8,0.015,"{""BCC_B2#1"": 0.967302545615849, ""C15_LAVES#1"": 0.027329181660821662, ""FCC_L12#1"": 0.0007133512987693037, ""HCP_A3#2"": 0.002724344449561073, ""HCP_A3#3"": 0.0019305769749989054}"
0.8,0.01,0.025,0.15,0.015,True,False,0.8,0.015,"{""BCC_B2#1"": 0.9676228323970609, ""C15_LAVES#1"": 0.026985300124415, ""FCC_L12#1"": 0.0007137652120058348, ""HCP_A3#2"": 0.00273846004341506, ""HCP_A3#3"": 0.0019396422231031626}"
0.8,0.01,0.03,0.145,0.015,True,False,0.8,0.015,"{""BCC_B2#1"": 0.9679630946411878, ""C15_LAVES#1"": 0.02662090701505452, ""FCC_L12#1"": 0.0007141779820533345, ""HCP_A3#2"": 0.00275291263909497, ""HCP_A3#3"": 0.0019489077226096455}"
0.8,0.01,0.035,0.14,0.015,True,False,0.8,0.015,"{""BCC_B2#1"": 0.9683246652974814, ""C15_LAVES#1"": 0.026234674827500602, ""FCC_L12#1"": 0.0007145890785603706, ""HCP_A3#2"": 0.0027677000573702658, ""HCP_A3#3"": 0.001958370739087191}"
0.8,0.01,0.04,0.135,0.015,True,False,0.8,0.015,"{""BCC_B2#1"": 0.9687089694073685, ""C15_LAVES#1"": 0.02582518572656894, ""FCC_L12#1"": 0.0007149979611027276, ""HCP_A3#2"": 0.0027828191314784928, ""HCP_A3#3"": 0.001968027773481464}"
0.8,0.01,0.045,0.13,0.015,True,False,0.8,0.015,"{""BCC_B2#1"": 0.9691175308684676, ""C15_LAVES#1"": 0.025390925000125037, ""FCC_L12#1"": 0.000715404080087613, ""HCP_A3#2"": 0.002798265578507114, ""HCP_A3#3"": 0.001977874472812576}"
0.8,0.01,0.05,0.125,0.015,True,False,0.8,0.015,"{""BCC_B2#1"": 0.9695519798118101, ""C15_LAVES#1"": 0.024930273916481973, ""FCC_L12#1"": 0.0007158068778494251, ""HCP_A3#2"": 0.002814033859798078, ""HCP_A3#3"": 0.00198790553406054}"
0.8,0.01,0.055,0.12,0.015,True,False,0.8,0.015,"{""BCC_B2#1"": 0.97001406066984, ""C15_LAVES#1"": 0.02444150190945849, ""FCC_L12#1"": 0.0007162057899627533, ""HCP_A3#2"": 0.0028301170304722207, ""HCP_A3#3"": 0.0019981146002666403}"
0.8,0.01,0.06,0.115,0.015,True,False,0.8,0.015,"{""BCC_B2#1"": 0.970505641036472, ""C15_LAVES#1"": 0.02392275798762256, ""FCC_L12#1"": 0.0007166002467701364, ""HCP_A3#2"": 0.0028465065783060024, ""HCP_A3#3"": 0.002008494150829579}"
0.8,0.01,0.065,0.11,0.015,True,False,0.8,0.015,"{""BCC_B2#1"": 0.9710287214163836, ""C15_LAVES#1"": 0.023372061273702588, ""FCC_L12#1"": 0.0007169896751771949, ""HCP_A3#2"": 0.0028631922528609055, ""HCP_A3#3"": 0.002019035381875625}"
0.8,0.01,0.07,0.105,0.015,True,False,0.8,0.015,"{""BCC_B2#1"": 0.9715854460039548, ""C15_LAVES#1"": 0.02278729052966109, ""FCC_L12#1"": 0.0007173735006963796, ""HCP_A3#2"": 0.0028801618858616514, ""HCP_A3#3"": 0.0020297280798259945}"
0.8,0.01,0.075,0.1,0.015,True,False,0.8,0.015,"{""BCC_B2#1"": 0.9721781146328913, ""C15_LAVES#1"": 0.022166172527834226, ""FCC_L12#1"": 0.0007177511497742413, ""HCP_A3#2"": 0.0028974012046282405, ""HCP_A3#3"": 0.00204056048487209}"
0.8,0.01,0.08,0.095,0.015,True,False,0.8,0.015,"{""BCC_B2#1"": 0.9728091960705776, ""C15_LAVES#1"": 0.02150626909283478, ""FCC_L12#1"": 0.0007181220524060123, ""HCP_A3#2"": 0.0029148936408443346, ""HCP_A3#3"": 0.0020515191433373024}"
0.8,0.01,0.085,0.09,0.015,True,False,0.8,0.015,"{""BCC_B2#1"": 0.9734813428534546, ""C15_LAVES#1"": 0.020804962617946683, ""FCC_L12#1"": 0.0007184856450452885, ""HCP_A3#2"": 0.0029326201376773677, ""HCP_A3#3"": 0.0020625887458761687}"
0.8,0.01,0.09,0.085,0.015,True,False,0.8,0.015,"{""BCC_B2#1"": 0.9741974078868887, ""C15_LAVES#1"": 0.020059439833548135, ""FCC_L12#1"": 0.0007188413738109801, ""HCP_A3#2"": 0.0029505589590121195, ""HCP_A3#3"": 0.0020737519467400154}"
0.8,0.01,0.095,0.08,0.015,True,False,0.8,0.015,"{""BCC_B2#1"": 0.9749604630605273, ""C15_LAVES#1"": 0.019266673579608894, ""FCC_L12#1"": 0.0007191886979886655, ""HCP_A3#2"": 0.0029686855053330315, ""HCP_A3#3"": 0.0020849891565420564}"
0.8,0.01,0.1,0.075,0.015,True,False,0.8,0.015,"{""BCC_B2#1"": 0.9757738201572919, ""C15_LAVES#1"": 0.018423402310538056, ""FCC_L12#1"": 0.0007195270938188907, ""HCP_A3#2"": 0.0029869721415757213, ""HCP_A3#3"": 0.0020962782967754298}"
0.8,0.01,0.105,0.07,0.015,True,False,0.8,0.015,"{""BCC_B2#1"": 0.9766410543589005, ""C15_LAVES#1"": 0.0175261070414028, ""FCC_L12#1"": 0.0007198560585618653, ""HCP_A3#2"": 0.0030053880429649327, ""HCP_A3#3"": 0.002107594498170026}"
0.8,0.01,0.11,0.065,0.015,True,False,0.8,0.015,"{""BCC_B2#1"": 0.9775660306707148, ""C15_LAVES#1"": 0.016570985433012667, ""FCC_L12#1"": 0.0007201751148282087, ""HCP_A3#2"": 0.0030238990654509607, ""HCP_A3#3"": 0.0021189097159934962}"
0.8,0.01,0.115,0.06,0.015,True,False,0.8,0.015,"{""BCC_B2#1"": 0.9785529336004082, ""C15_LAVES#1"": 0.015553922714236317, ""FCC_L12#1"": 0.0007204838151718834, ""HCP_A3#2"": 0.0030424676477399477, ""HCP_A3#3"": 0.0021301922224438467}"
0.8,0.01,0.12,0.055,0.015,True,False,0.8,0.015,"{""BCC_B2#1"": 0.9796063004241418, ""C15_LAVES#1"": 0.01447045915914822, ""FCC_L12#1"": 0.0007207817469580227, ""HCP_A3#2"": 0.003061052752019063, ""HCP_A3#3"": 0.002141405917733296}"
0.8,0.01,0.125,0.05,0.015,True,False,0.8,0.015,"{""BCC_B2#1"": 0.9807310583554363, ""C15_LAVES#1"": 0.013315753881690807, ""FCC_L12#1"": 0.0007210685375510166, ""HCP_A3#2"": 0.003079609850245992, ""HCP_A3#3"": 0.0021525093750759407}"
0.8,0.01,0.13,0.045,0.015,True,False,0.8,0.015,"{""BCC_B2#1"": 0.9819325658893873, ""C15_LAVES#1"": 0.01208454479098147, ""FCC_L12#1"": 0.0007213438599251053, ""HCP_A3#2"": 0.003098090962282949, ""HCP_A3#3"": 0.0021634544974235}"
0.8,0.01,0.135,0.04,0.015,True,False,0.8,0.015,"{""BCC_B2#1"": 0.9832166585208394, ""C15_LAVES#1"": 0.010771104678021538, ""FCC_L12#1"": 0.0007216074388920444, ""HCP_A3#2"": 0.003116444751182883, ""HCP_A3#3"": 0.0021741846110643168}"
0.8,0.01,0.14,0.035,0.015,True,False,0.8,0.015,"{""BCC_B2#1"": 0.984589698920993, ""C15_LAVES#1"": 0.00936919359417003, ""FCC_L12#1"": 0.0007218590582834936, ""HCP_A3#2"": 0.003134616679575831, ""HCP_A3#3"": 0.0021846317469777997}"
0.8,0.01,0.145,0.03,0.015,True,False,0.8,0.015,"{""BCC_B2#1"": 0.986058631492275, ""C15_LAVES#1"": 0.007872007952166962, ""FCC_L12#1"": 0.000722098569642012, ""HCP_A3#2"": 0.0031525492293688166, ""HCP_A3#3"": 0.0021947127565469663}"
0.8,0.01,0.15,0.025,0.015,True,False,0.8,0.015,"{""BCC_B2#1"": 0.9876310409999544, ""C15_LAVES#1"": 0.006272127145748332, ""FCC_L12#1"": 0.000722325903287261, ""HCP_A3#2"": 0.0031701821892538375, ""HCP_A3#3"": 0.0022043237617559983}"
0.8,0.01,0.155,0.02,0.015,True,False,0.8,0.015,"{""BCC_B2#1"": 0.9893152146704487, ""C15_LAVES#1"": 0.004561459004287394, ""FCC_L12#1"": 0.0007225410830793971, ""HCP_A3#2"": 0.0031874530073451135, ""HCP_A3#3"": 0.0022133322348395035}"
0.8,0.01,0.16,0.015,0.015,True,False,0.8,0.015,"{""BCC_B2#1"": 0.9911202067613063, ""C15_LAVES#1"": 0.0027311860644103118, ""FCC_L12#1"": 0.0007227442468456612, ""HCP_A3#2"": 0.0032042972128554317, ""HCP_A3#3"": 0.0022215657145824097}"
0.8,0.01,0.165,0.01,0.015,True,False,0.8,0.015,"{""BCC_B2#1"": 0.9930559041012649, ""C15_LAVES#1"": 0.0007717155482392891, ""FCC_L12#1"": 0.0007229356753364605, ""HCP_A3#2"": 0.0032206489113045145, ""HCP_A3#3"": 0.002228795763854652}"
0.8,0.01,0.17,0.005,0.015,True,True,0.8,0.015,"{""BCC_B2#1"": 0.993876030948083, ""FCC_L12#1"": 0.0007224660404471987, ""HCP_A3#2"": 0.0031963230926980776, ""HCP_A3#3"": 0.0022051799187718}"
0.8,0.01,0.175,0.0,0.015,True,True,0.8,0.015,"{""BCC_B2#1"": 0.9939657031316081, ""FCC_L12#1"": 0.0007215884074361676, ""HCP_A3#2"": 0.003149997333295144, ""HCP_A3#3"": 0.0021627111276603587}"
0.8,0.015,0.0,0.17,0.015,True,False,0.8,0.015,"{""BCC_B2#1"": 0.9652447845207667, ""C15_LAVES#1"": 0.029637212384126803, ""FCC_L12#1"": 0.0007078169476706309, ""HCP_A3#2"": 0.002580021283405495, ""HCP_A3#3"": 0.00183016486403059}"
0.8,0.015,0.005,0.165,0.015,True,False,0.8,0.015,"{""BCC_B2#1"": 0.9654573757420624, ""C15_LAVES#1"": 0.029406475919852782, ""FCC_L12#1"": 0.0007082194672083347, ""HCP_A3#2"": 0.0025909360064150294, ""HCP_A3#3"": 0.0018369928644619577}"
0.8,0.015,0.01,0.16,0.015,True,False,0.8,0.015,"{""BCC_B2#1"": 0.9656833766757004, ""C15_LAVES#1"": 0.029161890111224713, ""FCC_L12#1"": 0.0007086238976510799, ""HCP_A3#2"": 0.002602126582002939, ""HCP_A3#3"": 0.0018439827334207517}"
0.8,0.015,0.015,0.155,0.015,True,False,0.8,0.015,"{""BCC_B2#1"": 0.9659237077195059, ""C15_LAVES#1"": 0.02890253658840363, ""FCC_L12#1"": 0.000709029822083437, ""HCP_A3#2"": 0.0026135922978749904, ""HCP_A3#3"": 0.0018511335721319905}"
0.8,0.015,0.02,0.15,0.015,True,False,0.8,0.015,"{""BCC_B2#1"": 0.9661793553483617, ""C15_LAVES#1"": 0.028627431667612276, ""FCC_L12#1"": 0.0007094368144605285, ""HCP_A3#2"": 0.002625332008457388, ""HCP_A3#3"": 0.0018584441611081857}"
0.8,0.015,0.025,0.145,0.015,True,False,0.8,0.015,"{""BCC_B2#1"": 0.966451377153153, ""C15_LAVES#1"": 0.02833552139858572, ""FCC_L12#1"": 0.0007098444399025548, ""HCP_A3#2"": 0.0026373440844280798, ""HCP_A3#3"": 0.0018659129239306125}"
0.8,0.015,0.03,0.14,0.015,True,False,0.8,0.015,"{""BCC_B2#1"": 0.9667409073222125, ""C15_LAVES#1"": 0.028025676176710014, ""FCC_L12#1"": 0.000710252255072763, ""HCP_A3#2"": 0.002649626358034241, ""HCP_A3#3"": 0.001873537887970571}"
0.8,0.015,0.035,0.135,0.015,True,False,0.8,0.015,"{""BCC_B2#1"": 0.9670491626120445, ""C15_LAVES#1"": 0.027696684873565885, ""FCC_L12#1"": 0.000710659808647766, ""HCP_A3#2"": 0.0026621760640406214, ""HCP_A3#3"": 0.001881316641701248}"
0.8,0.015,0.04,0.13,0.015,True,False,0.8,0.015,"{""BCC_B2#1"": 0.9673774488605948, ""C15_LAVES#1"": 0.02734724843318054, ""FCC_L12#1"": 0.0007110666418883623, ""HCP_A3#2"": 0.0026749897761967263, ""HCP_A3#3"": 0.0018892462881395025}"
0.8,0.015,0.045,0.125,0.015,True,False,0.8,0.015,"{""BCC_B2#1"": 0.9677271681035081, ""C15_LAVES#1"": 0.02697597287419921, ""FCC_L12#1"": 0.0007114722893188897, ""HCP_A3#2"": 0.0026880633391810323, ""HCP_A3#3"": 0.0018973233937928577}"
0.8,0.015,0.05,0.12,0.015,True,False,0.8,0.015,"{""BCC_B2#1"": 0.9680998263619442, ""C15_LAVES#1"": 0.026581361630269577, ""FCC_L12#1"": 0.000711876279522844, ""HCP_A3#2"": 0.0027013917960162764, ""HCP_A3#3"": 0.0019055439322473108}"
0.8,0.015,0.055,0.115,0.015,True,False,0.8,0.015,"{""BCC_B2#1"": 0.968497042179729, ""C15_LAVES#1"": 0.026161807151963153, ""FCC_L12#1"": 0.0007122781360621212, ""HCP_A3#2"": 0.0027149693110621763, ""HCP_A3#3"": 0.0019139032211835558}"
0.8,0.015,0.06,0.11,0.015,True,False,0.8,0.015,"{""BCC_B2#1"": 0.9689205559978368, ""C15_LAVES#1"": 0.02571558168378361, ""FCC_L12#1"": 0.0007126773785265614, ""HCP_A3#2"": 0.0027287890887453554, ""HCP_A3#3"": 0.001922395851107962}"
0.8,0.015,0.065,0.105,0.015,True,False,0.8,0.015,"{""BCC_B2#1"": 0.9693722404655966, ""C15_LAVES#1"": 0.025240827118995196, ""FCC_L12#1"": 0.0007130735237198293, ""HCP_A3#2"": 0.002742843288323246, ""HCP_A3#3"": 0.0019310156033653853}"
0.8,0.015,0.07,0.1,0.015,True,False,0.8,0.015,"{""BCC_B2#1"": 0.9698541118004469, ""C15_LAVES#1"": 0.024735543823519727, ""FCC_L12#1"": 0.0007134660869869153, ""HCP_A3#2"": 0.00275712293507065, ""HCP_A3#3"": 0.0019397553539756663}"
0.8,0.015,0.075,0.095,0.015,True,False,0.8,0.015,"{""BCC_B2#1"": 0.9703683423215033, ""C15_LAVES#1"": 0.024197578308024346, ""FCC_L12#1"": 0.0007138545836879106, ""HCP_A3#2"": 0.0027716178284050413, ""HCP_A3#3"": 0.0019486069583793811}"
0.8,0.015,0.08,0.09,0.015,True,False,0.8,0.015,"{""BCC_B2#1"": 0.9709172742964974, ""C15_LAVES#1"": 0.02362460961493491, ""FCC_L12#1"": 0.0007142385308226586, ""HCP_A3#2"": 0.002786316447627148, ""HCP_A3#3"": 0.0019575611101178285}"
0.8,0.015,0.085,0.085,0.015,True,False,0.8,0.015,"{""BCC_B2#1"": 0.9715034352563838, ""C15_LAVES#1"": 0.023014134275187184, ""FCC_L12#1"": 0.000714617448811433, ""HCP_A3#2"": 0.0028012058560517674, ""HCP_A3#3"": 0.0019666071635657464}"
0.8,0.015,0.09,0.08,0.015,True,False,0.8,0.015,"{""BCC_B2#1"": 0.972129554946738, ""C15_LAVES#1"": 0.02236344967859581, ""FCC_L12#1"": 0.0007149908634390804, ""HCP_A3#2"": 0.0028162716044826705, ""HCP_A3#3"": 0.001975732906744614}"
0.8,0.015,0.095,0.075,0.015,True,False,0.8,0.015,"{""BCC_B2#1"": 0.9727985840992115, ""C15_LAVES#1"": 0.021669635693181328, ""FCC_L12#1"": 0.0007153583079745563, ""HCP_A3#2"": 0.0028314976351325027, ""HCP_A3#3"": 0.001984924264500148}"
0.8,0.015,0.1,0.07,0.015,True,False,0.8,0.015,"{""BCC_B2#1"": 0.9735137152188091, ""C15_LAVES#1"": 0.020929534364229504, ""FCC_L12#1"": 0.0007157193254862292, ""HCP_A3#2"": 0.002846866187204377, ""HCP_A3#3"": 0.0019941649042707027}"
0.8,0.015,0.105,0.065,0.015,True,False,0.8,0.015,"{""BCC_B2#1"": 0.9742784055921284, ""C15_LAVES#1"": 0.02013972752556807, ""FCC_L12#1"": 0.0007160734713873921, ""HCP_A3#2"": 0.0028623577055256685, ""HCP_A3#3"": 0.0020034357053905112}"
0.8,0.015,0.11,0.06,0.015,True,False,0.8,0.015,"{""BCC_B2#1"": 0.9750964027262818, ""C15_LAVES#1"": 0.019296512166611608, ""FCC_L12#1"": 0.0007164203162689859, ""HCP_A3#2"": 0.0028779507537573033, ""HCP_A3#3"": 0.002012714037080322}"
0.8,0.015,0.115,0.055,0.015,True,False,0.8,0.015,"{""BCC_B2#1"": 0.9759717724251741, ""C15_LAVES#1"": 0.018395873423655795, ""FCC_L12#1"": 0.0007167594491114352, ""HCP_A3#2"": 0.0028936219338638815, ""HCP_A3#3"": 0.002021972768195205}"
0.8,0.015,0.12,0.05,0.015,True,False,0.8,0.015,"{""BCC_B2#1"": 0.9769089296954266, ""C15_LAVES#1"": 0.017433455109352403, ""FCC_L12#1"": 0.0007170904810196858, ""HCP_A3#2"": 0.0029093458132621965, ""HCP_A3#3"": 0.0020311789009388698}"
0.8,0.015,0.125,0.045,0.015,True,False,0.8,0.015,"{""BCC_B2#1"": 0.9779126726467932, ""C15_LAVES#1"": 0.01640452776306453, ""FCC_L12#1"": 0.0007174130497052435, ""HCP_A3#2"": 0.002925094862821454, ""HCP_A3#3"": 0.002040291677615684}"
0.8,0.015,0.13,0.04,0.015,True,False,0.8,0.015,"{""BCC_B2#1"": 0.9789882194999702, ""C15_LAVES#1"": 0.015303954317641985, ""FCC_L12#1"": 0.0007177268250457678, ""HCP_A3#2"": 0.0029408394080721115, ""HCP_A3#3"": 0.002049259949269681}"
0.8,0.015,0.135,0.035,0.015,True,False,0.8,0.015,"{""BCC_B2#1"": 0.9801412487328207, ""C15_LAVES#1"": 0.014126153644973619, ""FCC_L12#1"": 0.0007180315162236397, ""HCP_A3#2"": 0.0029565475949225794, ""HCP_A3#3"": 0.0020580185110593784}"
0.8,0.015,0.14,0.03,0.015,True,False,0.8,0.015,"{""BCC_B2#1"": 0.9813779422805389, ""C15_LAVES#1"": 0.012865062471159785, ""FCC_L12#1"": 0.0007183268811685981, ""HCP_A3#2"": 0.0029721853752173576, ""HCP_A3#3"": 0.0020664829919151595}"
0.8,0.015,0.145,0.025,0.015,True,False,0.8,0.015,"{""BCC_B2#1"": 0.9827050315297875, ""C15_LAVES#1"": 0.011514096491625611, ""FCC_L12#1"": 0.0007186127393578685, ""HCP_A3#2"": 0.0029877165165498186, ""HCP_A3#3"": 0.002074542722679375}"
0.8,0.015,0.15,0.02,0.015,True,False,0.8,0.015,"{""BCC_B2#1"": 0.9841298456026416, ""C15_LAVES#1"": 0.0100661119855896, ""FCC_L12#1"": 0.000718888989483589, ""HCP_A3#2"": 0.0030031026428096203, ""HCP_A3#3"": 0.002082050779475964}"
0.8,0.015,0.155,0.015,0.015,True,False,0.8,0.015,"{""BCC_B2#1"": 0.9856603610856893, ""C15_LAVES#1"": 0.008513369883000452, ""FCC_L12#1"": 0.0007191556341340787, ""HCP_A3#2"": 0.003018303314312367, ""HCP_A3#3"": 0.002088810082864033}"
0.8,0.015,0.16,0.01,0.015,True,False,0.8,0.015,"{""BCC_B2#1"": 0.9873052518914617, ""C15_LAVES#1"": 0.006847505139968371, ""FCC_L12#1"": 0.0007194128145198963, ""HCP_A3#2"": 0.0030332761595261255, ""HCP_A3#3"": 0.002094553994523778}"
0.8,0.015,0.165,0.005,0.015,True,False,0.8,0.015,"{""BCC_B2#1"": 0.9890739373013098, ""C15_LAVES#1"": 0.005059505518942319, ""FCC_L12#1"": 0.0007196608594976511, ""HCP_A3#2"": 0.003047977074746063, ""HCP_A3#3"": 0.0020989192455041225}"
0.8,0.015,0.17,0.0,0.015,True,False,0.8,0.015,"{""BCC_B2#1"": 0.9909766253759154, ""C15_LAVES#1"": 0.0031397055656640404, ""FCC_L12#1"": 0.0007199003548212545, ""HCP_A3#2"": 0.002101408190084131, ""HCP_A3#3"": 0.0030623605135154564}"
0.8,0.02,0.0,0.165,0.015,True,False,0.8,0.015,"{""BCC_B2#1"": 0.9644849785937872, ""C15_LAVES#1"": 0.030526055810370944, ""FCC_L12#1"": 0.000704278272576159, ""HCP_A3#2"": 0.0025067269027957344, ""HCP_A3#3"": 0.0017779604204701625}"
0.8,0.02,0.005,0.16,0.015,True,False,0.8,0.015,"{""BCC_B2#1"": 0.9646676994166731, ""C15_LAVES#1"": 0.03032728135885985, ""FCC_L12#1"": 0.0007046747718215038, ""HCP_A3#2"": 0.002516466433526428, ""HCP_A3#3"": 0.0017838780191192455}"
0.8,0.02,0.01,0.155,0.015,True,False,0.8,0.015,"{""BCC_B2#1"": 0.9648624143265613, ""C15_LAVES#1"": 0.030116119090457343, ""FCC_L12#1"": 0.0007050743030532107, ""HCP_A3#2"": 0.0025264537224808413, ""HCP_A3#3"": 0.0017899385574472648}"
0.8,0.02,0.015,0.15,0.015,True,False,0.8,0.015,"{""BCC_B2#1"": 0.9650699819967438, ""C15_LAVES#1"": 0.029891711893862295, ""FCC_L12#1"": 0.000705476506882536, ""HCP_A3#2"": 0.00253668807896696, ""HCP_A3#3"": 0.0017961415235443082}"
0.8,0.02,0.02,0.145,0.015,True,False,0.8,0.015,"{""BCC_B2#1"": 0.9652913255064157, ""C15_LAVES#1"": 0.029653138779799918, ""FCC_L12#1"": 0.0007058810162491296, ""HCP_A3#2"": 0.0025471685045291613, ""HCP_A3#3"": 0.001802486193006087}"
0.8,0.02,0.025,0.14,0.015,True,False,0.8,0.015,"{""BCC_B2#1"": 0.9655274375509458, ""C15_LAVES#1"": 0.029399409728148355, ""FCC_L12#1"": 0.0007062874565759234, ""HCP_A3#2"": 0.002557893661170506, ""HCP_A3#3"": 0.001808971603159266}"
0.8,0.02,0.03,0.135,0.015,True,False,0.8,0.015,"{""BCC_B2#1"": 0.9657793861263401, ""C15_LAVES#1"": 0.029129460066765152, ""FCC_L12#1"": 0.0007066954459702295, ""HCP_A3#2"": 0.002568861836903684, ""HCP_A3#3"": 0.0018155965240207737}"
0.8,0.02,0.035,0.13,0.015,True,False,0.8,0.015,"{""BCC_B2#1"": 0.9660483207355527, ""C15_LAVES#1"": 0.028842144335298643, ""FCC_L12#1"": 0.0007071045954757776, ""HCP_A3#2"": 0.0025800709084559687, ""HCP_A3#3"": 0.0018223594252170436}"
0.8,0.02,0.04,0.125,0.015,True,False,0.8,0.015,"{""BCC_B2#1"": 0.9663354791701227, ""C15_LAVES#1"": 0.02853622958171353, ""FCC_L12#1"": 0.0007075145093796714, ""HCP_A3#2"": 0.0025915183009681255, ""HCP_A3#3"": 0.0018292584378162345}"
0.8,0.02,0.045,0.12,0.015,True,False,0.8,0.015,"{""BCC_B2#1"": 0.966642194926833, ""C15_LAVES#1"": 0.028210388033380336, ""FCC_L12#1"": 0.0007079247855782947, ""HCP_A3#2"": 0.002603200944557099, ""HCP_A3#3"": 0.0018362913096512776}"
0.8,0.02,0.05,0.115,0.015,True,False,0.8,0.015,"{""BCC_B2#1"": 0.9669699053259679, ""C15_LAVES#1"": 0.027863189078252013, ""FCC_L12#1"": 0.0007083350160062309, ""HCP_A3#2"": 0.0026151152275844707, ""HCP_A3#3"": 0.0018434553521893603}"
0.8,0.02,0.055,0.11,0.015,True,False,0.8,0.015,"{""BCC_B2#1"": 0.9673201604054629, ""C15_LAVES#1"": 0.027493090484584013, ""FCC_L12#1"": 0.0007087447871325315, ""HCP_A3#2"": 0.002627256946537221, ""HCP_A3#3"": 0.0018507473762838463}"
0.8,0.02,0.06,0.105,0.015,True,False,0.8,0.015,"{""BCC_B2#1"": 0.9676946326735104, ""C15_LAVES#1"": 0.02709842878041301, ""FCC_L12#1"": 0.0007091536805290782, ""HCP_A3#2"": 0.002639621252399766, ""HCP_A3#3"": 0.001858163613147648}"
0.8,0.02,0.065,0.1,0.015,True,False,0.8,0.015,"{""BCC_B2#1"": 0.9680951278111791, ""C15_LAVES#1"": 0.02667740870634151, ""FCC_L12#1"": 0.0007095612735165814, ""HCP_A3#2"": 0.002652202593453466, ""HCP_A3#3"": 0.0018656996155091026}"
0.8,0.02,0.07,0.095,0.015,True,False,0.8,0.015,"{""BCC_B2#1"": 0.9685235964262849, ""C15_LAVES#1"": 0.026228091647362933, ""FCC_L12#1"": 0.000709967139895292, ""HCP_A3#2"": 0.002664994654450825, ""HCP_A3#3"": 0.0018733501320062414}"
0.8,0.02,0.075,0.09,0.015,True,False,0.8,0.015,"{""BCC_B2#1"": 0.9689821469696287, ""C15_LAVES#1"": 0.025748382942212395, ""FCC_L12#1"": 0.0007103708507698888, ""HCP_A3#2"": 0.0026779902921477096, ""HCP_A3#3"": 0.0018811089452413906}"
0.8,0.02,0.08,0.085,0.015,True,False,0.8,0.015,"{""BCC_B2#1"": 0.9694730599350873, ""C15_LAVES#1"": 0.025236017961943035, ""FCC_L12#1"": 0.0007107719754820033, ""HCP_A3#2"": 0.0026911814672115507, ""HCP_A3#3"": 0.0018889686602763026}"
0.8,0.02,0.085,0.08,0.015,True,False,0.8,0.015,"{""BCC_B2#1"": 0.9699988034748788, ""C15_LAVES#1"": 0.02468854684454226, ""FCC_L12#1"": 0.0007111700826699383, ""HCP_A3#2"": 0.0027045591725967434, ""HCP_A3#3"": 0.0018969204253126476}"
0.8,0.02,0.09,0.075,0.015,True,False,0.8,0.015,"{""BCC_B2#1"": 0.9705620505706489, ""C15_LAVES#1"": 0.024103317770032676, ""FCC_L12#1"": 0.0007115647414845743, ""HCP_A3#2"": 0.002718113358494327, ""HCP_A3#3"": 0.0019049535593393858}"
0.8,0.02,0.095,0.07,0.015,True,False,0.8,0.015,"{""BCC_B2#1"": 0.9711656979085448, ""C15_LAVES#1"": 0.023477458662466564, ""FCC_L12#1"": 0.0007119555230042958, ""HCP_A3#2"": 0.0027318328540876977, ""HCP_A3#3"": 0.0019130550518969519}"
0.8,0.02,0.1,0.065,0.015,True,False,0.8,0.015,"{""BCC_B2#1"": 0.9718128866106587, ""C15_LAVES#1"": 0.022807857214748286, ""FCC_L12#1"": 0.0007123420019127827, ""HCP_A3#2"": 0.002745705285887527, ""HCP_A3#3"": 0.0019212088867926135}"
0.8,0.02,0.105,0.06,0.015,True,False,0.8,0.015,"{""BCC_B2#1"": 0.9725070249783716, ""C15_LAVES#1"": 0.022091139145056587, ""FCC_L12#1"": 0.000712723758533237, ""HCP_A3#2"": 0.0027597169948948654, ""HCP_A3#3"": 0.0019293951231437974}"
0.8,0.02,0.11,0.055,0.015,True,False,0.8,0.015,"{""BCC_B2#1"": 0.9732518133923264, ""C15_LAVES#1"": 0.02132364463332479, ""FCC_L12#1"": 0.0007131003813536855, ""HCP_A3#2"": 0.0027738529513356177, ""HCP_A3#3"": 0.0019375886416591796}"
0.8,0.02,0.115,0.05,0.015,True,False,0.8,0.015,"{""BCC_B2#1"": 0.9740512715001445, ""C15_LAVES#1"": 0.02050140293260951, ""FCC_L12#1"": 0.0007134714702439008, ""HCP_A3#2"": 0.0027880966682255134, ""HCP_A3#3"": 0.00194575742877654}"
0.8,0.02,0.12,0.045,0.015,True,False,0.8,0.015,"{""BCC_B2#1"": 0.9749097677928841, ""C15_LAVES#1"": 0.019620105228485767, ""FCC_L12#1"": 0.0007138366406467691, ""HCP_A3#2"": 0.0028024301155273, ""HCP_A3#3"": 0.001953860222456079}"
0.8,0.02,0.125,0.04,0.015,True,False,0.8,0.015,"{""BCC_B2#1"": 0.975832051619781, ""C15_LAVES#1"": 0.018675075938728563, ""FCC_L12#1"": 0.0007141955291514167, ""HCP_A3#2"": 0.0028168336363880667, ""HCP_A3#3"": 0.0019618432759513135}"
0.8,0.02,0.13,0.035,0.015,True,False,0.8,0.015,"{""BCC_B2#1"": 0.9768232876125192, ""C15_LAVES#1"": 0.017661242816052903, ""FCC_L12#1"": 0.0007145478010262811, ""HCP_A3#2"": 0.002831285867822, ""HCP_A3#3"": 0.001969635902579219}"
0.8,0.02,0.135,0.03,0.015,True,False,0.8,0.015,"{""BCC_B2#1"": 0.977889092372944, ""C15_LAVES#1"": 0.016573106461813293, ""FCC_L12#1"": 0.0007148931605292548, ""HCP_A3#2"": 0.0028457636690772904, ""HCP_A3#3"": 0.0019771443356359003}"
0.8,0.02,0.14,0.025,0.015,True,False,0.8,0.015,"{""BCC_B2#1"": 0.9790355731073143, ""C15_LAVES#1"": 0.015404710205690326, ""FCC_L12#1"": 0.0007152313651440397, ""HCP_A3#2"": 0.0028602420621260255, ""HCP_A3#3"": 0.0019842432597251053}"
0.8,0.02,0.145,0.02,0.015,True,False,0.8,0.015,"{""BCC_B2#1"": 0.9802693676463897, ""C15_LAVES#1"": 0.014149611793469246, ""FCC_L12#1"": 0.0007155622453516512, ""HCP_A3#2"": 0.0028746941902545176, ""HCP_A3#3"": 0.0019907641245347483}"
0.8,0.02,0.15,0.015,0.015,True,False,0.8,0.015,"{""BCC_B2#1"": 0.9815976849473964, ""C15_LAVES#1"": 0.012800859003126018, ""FCC_L12#1"": 0.000715885732180656, ""HCP_A3#2"": 0.002889091302830141, ""HCP_A3#3"": 0.001996479014466875}"
0.8,0.02,0.155,0.01,0.015,True,False,0.8,0.015,"{""BCC_B2#1"": 0.9830283446959548, ""C15_LAVES#1"": 0.011350972247976873, ""FCC_L12#1"": 0.0007162018956532267, ""HCP_A3#2"": 0.002903402776969276, ""HCP_A3#3"": 0.0020010783834457334}"
0.8,0.02,0.16,0.005,0.015,True,False,0.8,0.015,"{""BCC_B2#1"": 0.9845698139662259, ""C15_LAVES#1"": 0.009791938517538469, ""FCC_L12#1"": 0.0007165109984424845, ""HCP_A3#2"": 0.0029175961902625186, ""HCP_A3#3"": 0.0020041403275306157}"
0.8,0.02,0.165,0.0,0.015,True,False,0.8,0.015,"{""BCC_B2#1"": 0.9862312379930355, ""C15_LAVES#1"": 0.00811522277742455, ""FCC_L12#1"": 0.0007168135706899951, ""HCP_A3#2"": 0.002931637462903407, ""HCP_A3#3"": 0.002005088195946387}"
0.8,0.025,0.0,0.16,0.015,True,False,0.8,0.015,"{""BCC_B2#1"": 0.9638715606850181, ""C15_LAVES#1"": 0.03124512022534319, ""FCC_L12#1"": 0.0007010611965765901, ""HCP_A3#2"": 0.0024465014272022343, ""HCP_A3#3"": 0.0017357564658600293}"
0.8,0.025,0.005,0.155,0.015,True,False,0.8,0.015,"{""BCC_B2#1"": 0.9640310878167692, ""C15_LAVES#1"": 0.031070918192851363, ""FCC_L12#1"": 0.0007014558708917541, ""HCP_A3#2"": 0.0024554728170185698, ""HCP_A3#3"": 0.0017410653024690038}"
0.8,0.025,0.01,0.15,0.015,True,False,0.8,0.015,"{""BCC_B2#1"": 0.9642015883915325, ""C15_LAVES#1"": 0.030885368199690875, ""FCC_L12#1"": 0.0007018547140722598, ""HCP_A3#2"": 0.0024646797745140107, ""HCP_A3#3"": 0.0017465089201898986}"
0.8,0.025,0.015,0.145,0.015,True,False,0.8,0.015,"{""BCC_B2#1"": 0.9643838809452652, ""C15_LAVES#1"": 0.03068765247701889, ""FCC_L12#1"": 0.0007022574112462232, ""HCP_A3#2"": 0.002474121896855595, ""HCP_A3#3"": 0.0017520872696140906}"
0.8,0.025,0.02,0.14,0.015,True,False,0.8,0.015,"{""BCC_B2#1"": 0.9645788475475793, ""C15_LAVES#1"": 0.030476890120797424, ""FCC_L12#1"": 0.0007026636400658215, ""HCP_A3#2"": 0.002483798547279059, ""HCP_A3#3"": 0.0017578001442784797}"
0.8,0.025,0.025,0.135,0.015,True,False,0.8,0.015,"{""BCC_B2#1"": 0.9647874391658029, ""C15_LAVES#1"": 0.030252131775255348, ""FCC_L12#1"": 0.0007030730706920288, ""HCP_A3#2"": 0.0024937088323133978, ""HCP_A3#3"": 0.0017636471559364154}"
0.8,0.025,0.03,0.13,0.015,True,False,0.8,0.015,"{""BCC_B2#1"": 0.9650106815277809, ""C15_LAVES#1"": 0.030012353824490225, ""FCC_L12#1"": 0.0007034853657992875, ""HCP_A3#2"": 0.0025038515768323606, ""HCP_A3#3"": 0.0017696277050971664}"
0.8,0.025,0.035,0.125,0.015,True,False,0.8,0.015,"{""BCC_B2#1"": 0.9652496815317195, ""C15_LAVES#1"": 0.029756452045518668, ""FCC_L12#1"": 0.0007039001806037421, ""HCP_A3#2"": 0.0025142252967134382, ""HCP_A3#3"": 0.0017757409454448694}"
0.8,0.025,0.04,0.12,0.015,True,False,0.8,0.015,"{""BCC_B2#1"": 0.965505634256664, ""C15_LAVES#1"": 0.029483234671234364, ""FCC_L12#1"": 0.0007043171629182907, ""HCP_A3#2"": 0.0025248281689181765, ""HCP_A3#3"": 0.0017819857402650006}"
0.8,0.025,0.045,0.115,0.015,True,False,0.8,0.015,"{""BCC_B2#1"": 0.9657798306329515, ""C15_LAVES#1"": 0.029191414806689603, ""FCC_L12#1"": 0.0007047359532384529, ""HCP_A3#2"": 0.0025356579987725054, ""HCP_A3#3"": 0.0017883606083482825}"
0.8,0.025,0.05,0.11,0.015,True,False,0.8,0.015,"{""BCC_B2#1"": 0.9660736658380304, ""C15_LAVES#1"": 0.028879602136919966, ""FCC_L12#1"": 0.0007051561848638272, ""HCP_A3#2"": 0.0025467121842432127, ""HCP_A3#3"": 0.0017948636559423443}"
0.8,0.025,0.055,0.105,0.015,True,False,0.8,0.015,"{""BCC_B2#1"": 0.966388648489884, ""C15_LAVES#1"": 0.028546293858963075, ""FCC_L12#1"": 0.0007055774840612823, ""HCP_A3#2"": 0.0025579876769988717, ""HCP_A3#3"": 0.001801492490092675}"
0.8,0.025,0.06,0.1,0.015,True,False,0.8,0.015,"{""BCC_B2#1"": 0.966726410717324, ""C15_LAVES#1"": 0.028189864765330332, ""FCC_L12#1"": 0.0007059994702779331, ""HCP_A3#2"": 0.002569480940033456, ""HCP_A3#3"": 0.0018082441070344738}"
0.8,0.025,0.065,0.095,0.015,True,False,0.8,0.015,"{""BCC_B2#1"": 0.9670887191939673, ""C15_LAVES#1"": 0.027808556400949872, ""FCC_L12#1"": 0.0007064217564146641, ""HCP_A3#2"": 0.002581187901670792, ""HCP_A3#3"": 0.0018151147469974637}"
0.8,0.025,0.07,0.09,0.015,True,False,0.8,0.015,"{""BCC_B2#1"": 0.9674774872303907, ""C15_LAVES#1"": 0.0274004652110669, ""FCC_L12#1"": 0.0007068439491750914, ""HCP_A3#2"": 0.002593103905725878, ""HCP_A3#3"": 0.0018220997036413407}"
0.8,0.025,0.075,0.085,0.015,True,False,0.8,0.015,"{""BCC_B2#1"": 0.9678947880265183, ""C15_LAVES#1"": 0.026963529594302763, ""FCC_L12#1"": 0.0007072656495105182, ""HCP_A3#2"": 0.0026052236576375645, ""HCP_A3#3"": 0.0018291930720306861}"
0.8,0.025,0.08,0.08,0.015,True,False,0.8,0.015,"{""BCC_B2#1"": 0.9683428691929935, ""C15_LAVES#1"": 0.026495515774673618, ""FCC_L12#1"": 0.0007076864531904175, ""HCP_A3#2"": 0.0026175411659795896, ""HCP_A3#3"": 0.0018363874131629885}"
0.8,0.025,0.085,0.075,0.015,True,False,0.8,0.015,"{""BCC_B2#1"": 0.9688241686589784, ""C15_LAVES#1"": 0.025994002403644453, ""FCC_L12#1"": 0.0007081059515392975, ""HCP_A3#2"": 0.002630049680880061, ""HCP_A3#3"": 0.0018436733049576547}"
0.8,0.025,0.09,0.07,0.015,True,False,0.8,0.015,"{""BCC_B2#1"": 0.9693413320836907, ""C15_LAVES#1"": 0.025456363818001725, ""FCC_L12#1"": 0.0007085237323969598, ""HCP_A3#2"": 0.0026427416273529115, ""HCP_A3#3"": 0.0018510387385578776}"
0.8,0.025,0.095,0.065,0.015,True,False,0.8,0.015,"{""BCC_B2#1"": 0.9698972318932989, ""C15_LAVES#1"": 0.02487975188752995, ""FCC_L12#1"": 0.0007089393813865866, ""HCP_A3#2"": 0.002655608534197343, ""HCP_A3#3"": 0.001858468303587237}"
0.8,0.025,0.1,0.06,0.015,True,False,0.8,0.015,"{""BCC_B2#1"": 0.9704949880611432, ""C15_LAVES#1"": 0.024261076411196084, ""FCC_L12#1"": 0.0007093524836053111, ""HCP_A3#2"": 0.0026686409589016797, ""HCP_A3#3"": 0.0018659420851539542}"
0.8,0.025,0.105,0.055,0.015,True,False,0.8,0.015,"{""BCC_B2#1"": 0.971137990738142, ""C15_LAVES#1"": 0.02359698406045375, ""FCC_L12#1"": 0.0007097626259011568, ""HCP_A3#2"": 0.002681828408681728, ""HCP_A3#3"": 0.0018734341668212732}"
0.8,0.025,0.11,0.05,0.015,True,False,0.8,0.015,"{""BCC_B2#1"": 0.9718299248199762, ""C15_LAVES#1"": 0.022883835927319594, ""FCC_L12#1"": 0.000710169399966143, ""HCP_A3#2"": 0.0026951592581777924, ""HCP_A3#3"": 0.0018809105945601448}"
0.8,0.025,0.115,0.045,0.015,True,False,0.8,0.015,"{""BCC_B2#1"": 0.9725747965026362, ""C15_LAVES#1"": 0.022117683823190928, ""FCC_L12#1"": 0.0007105724065673207, ""HCP_A3#2"": 0.002708620664657703, ""HCP_A3#3"": 0.001888326602947793}"
0.8,0.025,0.12,0.04,0.015,True,False,0.8,0.015,"{""BCC_B2#1"": 0.9733769618223767, ""C15_LAVES#1"": 0.021294245603105805, ""FCC_L12#1"": 0.0007109712613650603, ""HCP_A3#2"": 0.002722198481961341, ""HCP_A3#3"": 0.001895622831190949}"
0.8,0.025,0.125,0.035,0.015,True,False,0.8,0.015,"{""BCC_B2#1"": 0.9742411570920512, ""C15_LAVES#1"": 0.020408879974401675, ""FCC_L12#1"": 0.0007113656029443388, ""HCP_A3#2"": 0.002735877175012396, ""HCP_A3#3"": 0.0019027201555902025}"
0.8,0.025,0.13,0.03,0.015,True,False,0.8,0.015,"{""BCC_B2#1"": 0.9751725310219681, ""C15_LAVES#1"": 0.019456561509844702, ""FCC_L12#1"": 0.0007117551039279034, ""HCP_A3#2"": 0.002749639737448418, ""HCP_A3#3"": 0.001909512626810814}"
0.8,0.025,0.135,0.025,0.015,True,False,0.8,0.015,"{""BCC_B2#1"": 0.976176678134892, ""C15_LAVES#1"": 0.018431856951622687, ""FCC_L12#1"": 0.0007121394863748372, ""HCP_A3#2"": 0.0027634676159392075, ""HCP_A3#3"": 0.001915857811171377}"
0.8,0.025,0.14,0.02,0.015,True,False,0.8,0.015,"{""BCC_B2#1"": 0.9772596728312882, ""C15_LAVES#1"": 0.017328904402942647, ""FCC_L12#1"": 0.0007125185431272006, ""HCP_A3#2"": 0.002777340646013312, ""HCP_A3#3"": 0.0019215635766283048}"
0.8,0.025,0.145,0.015,0.015,True,False,0.8,0.015,"{""BCC_B2#1"": 0.9784281031048961, ""C15_LAVES#1"": 0.01614139771057336, ""FCC_L12#1"": 0.0007128921673963414, ""HCP_A3#2"": 0.0027912370059284992, ""HCP_A3#3"": 0.001926370011205827}"
0.8,0.025,0.15,0.01,0.015,True,False,0.8,0.015,"{""BCC_B2#1"": 0.9796891024134988, ""C15_LAVES#1"": 0.014862579315010907, ""FCC_L12#1"": 0.0007132603937396899, ""HCP_A3#2"": 0.0028051331972422312, ""HCP_A3#3"": 0.0019299246805083408}"
0.8,0.025,0.155,0.005,0.015,True,False,0.8,0.015,"{""BCC_B2#1"": 0.981050377525724, ""C15_LAVES#1"": 0.013485246180007994, ""FCC_L12#1"": 0.0007136234547503302, ""HCP_A3#2"": 0.0028190040634239904, ""HCP_A3#3"": 0.0019317487760936278}"
0.8,0.025,0.16,0.0,0.015,True,False,0.8,0.015,"{""BCC_B2#1"": 0.9825202292256668, ""C15_LAVES#1"": 0.012001775237536393, ""FCC_L12#1"": 0.0007139818593688877, ""HCP_A3#2"": 0.0028328228611521943, ""HCP_A3#3"": 0.00193119081627564}"
0.8,0.03,0.0,0.155,0.015,True,False,0.8,0.015,"{""BCC_B2#1"": 0.9633735691558718, ""C15_LAVES#1"": 0.03183073740919576, ""FCC_L12#1"": 0.0006981561303614656, ""HCP_A3#2"": 0.002396381575250063, ""HCP_A3#3"": 0.0017011557293206785}"
0.8,0.03,0.005,0.15,0.015,True,False,0.8,0.015,"{""BCC_B2#1"": 0.9635147468511143, ""C15_LAVES#1"": 0.031675810066001946, ""FCC_L12#1"": 0.0006985521665622791, ""HCP_A3#2"": 0.0024048459237580606, ""HCP_A3#3"": 0.0017060449925634645}"
0.8,0.03,0.01,0.145,0.015,True,False,0.8,0.015,"{""BCC_B2#1"": 0.963666145553202, ""C15_LAVES#1"": 0.03151029415140163, ""FCC_L12#1"": 0.0006989534579421419, ""HCP_A3#2"": 0.0024135411798484577, ""HCP_A3#3"": 0.0017110656576057373}"
0.8,0.03,0.015,0.14,0.015,True,False,0.8,0.015,"{""BCC_B2#1"": 0.9638285566426653, ""C15_LAVES#1"": 0.031333398456226555, ""FCC_L12#1"": 0.0006993597209917049, ""HCP_A3#2"": 0.0024224671625872785, ""HCP_A3#3"": 0.001716218017529182}"
0.8,0.03,0.02,0.135,0.015,True,False,0.8,0.015,"{""BCC_B2#1"": 0.9640028344967184, ""C15_LAVES#1"": 0.031144269120013963, ""FCC_L12#1"": 0.000699770664201787, ""HCP_A3#2"": 0.0024316234935933623, ""HCP_A3#3"": 0.001721502225472531}"
0.8,0.03,0.025,0.13,0.015,True,False,0.8,0.015,"{""BCC_B2#1"": 0.9641899019950732, ""C15_LAVES#1"": 0.030941984172282163, ""FCC_L12#1"": 0.0007001859879131008, ""HCP_A3#2"": 0.002441009579407798, ""HCP_A3#3"": 0.0017269182653237576}"
0.8,0.03,0.03,0.125,0.015,True,False,0.8,0.015,"{""BCC_B2#1"": 0.9643907565478075, ""C15_LAVES#1"": 0.03072554756086044, ""FCC_L12#1"": 0.0007006053841700373, ""HCP_A3#2"": 0.0024506245919428786, ""HCP_A3#3"": 0.0017324659152189422}"
0.8,0.03,0.035,0.12,0.015,True,False,0.8,0.015,"{""BCC_B2#1"": 0.9646064766943954, ""C15_LAVES#1"": 0.030493882620659375, ""FCC_L12#1"": 0.0007010285365826644, ""HCP_A3#2"": 0.00246046744679054, ""HCP_A3#3"": 0.0017381447015720319}"
0.8,0.03,0.04,0.115,0.015,True,False,0.8,0.015,"{""BCC_B2#1"": 0.9648382293279917, ""C15_LAVES#1"": 0.030245824932072295, ""FCC_L12#1"": 0.0007014551202013088, ""HCP_A3#2"": 0.0024705367791607426, ""HCP_A3#3"": 0.0017439538405740202}"
0.8,0.03,0.045,0.11,0.015,True,False,0.8,0.015,"{""BCC_B2#1"": 0.9650872776043218, ""C15_LAVES#1"": 0.029980114514012723, ""FCC_L12#1"": 0.0007018848014095856, ""HCP_A3#2"": 0.0024808309172202007, ""HCP_A3#3"": 0.0017498921630358746}"
0.8,0.03,0.05,0.105,0.015,True,False,0.8,0.015,"{""BCC_B2#1"": 0.965354989600096, ""C15_LAVES#1"": 0.029695387292474434, ""FCC_L12#1"": 0.0007023172378435939, ""HCP_A3#2"": 0.002491347852581681, ""HCP_A3#3"": 0.001755958017004417}"
0.8,0.03,0.055,0.1,0.015,True,False,0.8,0.015,"{""BCC_B2#1"": 0.9656428477917615, ""C15_LAVES#1"": 0.02939016578156558, ""FCC_L12#1"": 0.0007027520783475127, ""HCP_A3#2"": 0.0025020852077061733, ""HCP_A3#3"": 0.0017621491406191695}"
0.8,0.03,0.06,0.095,0.015,True,False,0.8,0.015,"{""BCC_B2#1"": 0.9659524594309534, ""C15_LAVES#1"": 0.02906284891149183, ""FCC_L12#1"": 0.0007031889629796471, ""HCP_A3#2"": 0.0025130401995572984, ""HCP_A3#3"": 0.0017684624950174844}"
0.8,0.03,0.065,0.09,0.015,True,False,0.8,0.015,"{""BCC_B2#1"": 0.9662855679011603, ""C15_LAVES#1"": 0.028711700931733006, ""FCC_L12#1"": 0.0007036275230886241, ""HCP_A3#2"": 0.0025242096005519354, ""HCP_A3#3"": 0.0017748940434659326}"
0.8,0.03,0.07,0.085,0.015,True,False,0.8,0.015,"{""BCC_B2#1"": 0.9666440651429017, ""C15_LAVES#1"": 0.02833483932224643, ""FCC_L12#1"": 0.0007040673814832457, ""HCP_A3#2"": 0.0025355896953851245, ""HCP_A3#3"": 0.0017814384579836306}"
0.8,0.03,0.075,0.08,0.015,True,False,0.8,0.015,"{""BCC_B2#1"": 0.9670300052408612, ""C15_LAVES#1"": 0.027930221644931585, ""FCC_L12#1"": 0.0007045081527350967, ""HCP_A3#2"": 0.0025471762334317227, ""HCP_A3#3"": 0.0017880887280401795}"
0.8,0.03,0.08,0.075,0.015,True,False,0.8,0.015,"{""BCC_B2#1"": 0.9674456192713358, ""C15_LAVES#1"": 0.027495631271075367, ""FCC_L12#1"": 0.0007049494436614256, ""HCP_A3#2"": 0.0025589643771376453, ""HCP_A3#3"": 0.001794835636789772}"
0.8,0.03,0.085,0.07,0.015,True,False,0.8,0.015,"{""BCC_B2#1"": 0.9678933315086854, ""C15_LAVES#1"": 0.027028661933297646, ""FCC_L12#1"": 0.0007053908540571896, ""HCP_A3#2"": 0.0025709486460298563, ""HCP_A3#3"": 0.0018016670579301386}"
0.8,0.03,0.09,0.065,0.015,True,False,0.8,0.015,"{""BCC_B2#1"": 0.9683757770879687, ""C15_LAVES#1"": 0.026526701068591164, ""FCC_L12#1"": 0.000705831977770899, ""HCP_A3#2"": 0.0025831228562525565, ""HCP_A3#3"": 0.001808567009416736}"
0.8,0.03,0.095,0.06,0.015,True,False,0.8,0.015,"{""BCC_B2#1"": 0.9688958212140409, ""C15_LAVES#1"": 0.02598691194875817, ""FCC_L12#1"": 0.0007062724042553207, ""HCP_A3#2"": 0.0025954800556244875, ""HCP_A3#3"": 0.0018155143773210388}"
0.8,0.03,0.1,0.055,0.015,True,False,0.8,0.015,"{""BCC_B2#1"": 0.969456579993063, ""C15_LAVES#1"": 0.02540621463990482, ""FCC_L12#1"": 0.0007067117207742172, ""HCP_A3#2"": 0.002608012454363497, ""HCP_A3#3"": 0.0018224811918945186}"
0.8,0.03,0.105,0.05,0.015,True,False,0.8,0.015,"{""BCC_B2#1"": 0.9700614429373218, ""C15_LAVES#1"": 0.024781265899984747, ""FCC_L12#1"": 0.0007071495155153495, ""HCP_A3#2"": 0.0026207113517788946, ""HCP_A3#3"": 0.0018294302953989884}"
0.8,0.03,0.11,0.045,0.015,True,False,0.8,0.015,"{""BCC_B2#1"": 0.9707140971542055, ""C15_LAVES#1"": 0.024108438220896772, ""FCC_L12#1"": 0.0007075853819550342, ""HCP_A3#2"": 0.002633567059515026, ""HCP_A3#3"": 0.0018363121834273862}"
0.8,0.03,0.115,0.04,0.015,True,False,0.8,0.015,"{""BCC_B2#1"": 0.9714185531687898, ""C15_LAVES#1"": 0.02338379836126541, ""FCC_L12#1"": 0.0007080189249498809, ""HCP_A3#2"": 0.002646568822234089, ""HCP_A3#3"": 0.0018430607227608578}"
0.8,0.03,0.12,0.035,0.015,True,False,0.8,0.015,"{""BCC_B2#1"": 0.9721791722386608, ""C15_LAVES#1"": 0.022603085913195136, ""FCC_L12#1"": 0.0007084497692099477, ""HCP_A3#2"": 0.0026597047371141936, ""HCP_A3#3"": 0.0018495873418200252}"
0.8,0.03,0.125,0.03,0.015,True,False,0.8,0.015,"{""BCC_B2#1"": 0.9730006948880123, ""C15_LAVES#1"": 0.021761692722434663, ""FCC_L12#1"": 0.0007088775710518215, ""HCP_A3#2"": 0.002672961674125171, ""HCP_A3#3"": 0.0018557731443761155}"
0.8,0.03,0.13,0.025,0.015,True,False,0.8,0.015,"{""BCC_B2#1"": 0.9738882702004648, ""C15_LAVES#1"": 0.02085464436528199, ""FCC_L12#1"": 0.0007093020346636646, ""HCP_A3#2"": 0.0026863251998420104, ""HCP_A3#3"": 0.00186145819974726}"
0.8,0.03,0.135,0.02,0.015,True,False,0.8,0.015,"{""BCC_B2#1"": 0.9748474851456002, ""C15_LAVES#1"": 0.019876585416397134, ""FCC_L12#1"": 0.0007097229345687115, ""HCP_A3#2"": 0.002699779508606967, ""HCP_A3#3"": 0.0018664269948269442}"
0.8,0.03,0.14,0.015,0.015,True,False,0.8,0.015,"{""BCC_B2#1"": 0.9758843928454259, ""C15_LAVES#1"": 0.018821770971609232, ""FCC_L12#1"": 0.0007101401465922619, ""HCP_A3#2"": 0.00271330736615988, ""HCP_A3#3"": 0.0018703886702128982}"
0.8,0.03,0.145,0.01,0.015,True,False,0.8,0.015,"{""BCC_B2#1"": 0.9770055381758167, ""C15_LAVES#1"": 0.017684067889999076, ""FCC_L12#1"": 0.0007105536904771592, ""HCP_A3#2"": 0.002726890072571595, ""HCP_A3#3"": 0.0018729501711356262}"
0.8,0.03,0.15,0.005,0.015,True,False,0.8,0.015,"{""BCC_B2#1"": 0.9782179783941469, ""C15_LAVES#1"": 0.016456970584925127, ""FCC_L12#1"": 0.0007109637884322471, ""HCP_A3#2"": 0.0027405074534201587, ""HCP_A3#3"": 0.0018735797790753468}"
0.8,0.03,0.155,0.0,0.015,True,False,0.8,0.015,"{""BCC_B2#1"": 0.9795292955197291, ""C15_LAVES#1"": 0.01513363805260186, ""FCC_L12#1"": 0.00071137094543493, ""HCP_A3#2"": 0.0027541378907471963, ""HCP_A3#3"": 0.001871557591486992}"
0.8,0.035,0.0,0.15,0.015,True,False,0.8,0.015,"{""BCC_B2#1"": 0.9629681378432237, ""C15_LAVES#1"": 0.03230940775285477, ""FCC_L12#1"": 0.0006955525742361511, ""HCP_A3#2"": 0.0023543554889391884, ""HCP_A3#3"": 0.0016725463407461828}"
0.8,0.035,0.005,0.145,0.015,True,False,0.8,0.015,"{""BCC_B2#1"": 0.9630945624722063, ""C15_LAVES#1"": 0.03216986285165682, ""FCC_L12#1"": 0.0006959520340201799, ""HCP_A3#2"": 0.0023624844857554556, ""HCP_A3#3"": 0.0016771381563611431}"
0.8,0.035,0.01,0.14,0.015,True,False,0.8,0.015,"{""BCC_B2#1"": 0.9632306471856629, ""C15_LAVES#1"": 0.03202029194616327, ""FCC_L12#1"": 0.0006963577417056686, ""HCP_A3#2"": 0.0023708431797446437, ""HCP_A3#3"": 0.0016818599467233863}"
0.8,0.035,0.015,0.135,0.015,True,False,0.8,0.015,"{""BCC_B2#1"": 0.963377164892135, ""C15_LAVES#1"": 0.03185992198857759, ""FCC_L12#1"": 0.0006967694343793918, ""HCP_A3#2"": 0.002379431483605795, ""HCP_A3#3"": 0.001686712201302164}"
0.8,0.035,0.02,0.13,0.015,True,False,0.8,0.015,"{""BCC_B2#1"": 0.9635349511407798, ""C15_LAVES#1"": 0.031687917632310186, ""FCC_L12#1"": 0.0006971868403503326, ""HCP_A3#2"": 0.002388249127588982, ""HCP_A3#3"": 0.001691695258970823}"
0.8,0.035,0.025,0.125,0.015,True,False,0.8,0.015,"{""BCC_B2#1"": 0.9637049097673622, ""C15_LAVES#1"": 0.03150337563875242, ""FCC_L12#1"": 0.0006976096789199404, ""HCP_A3#2"": 0.002397295645700646, ""HCP_A3#3"": 0.0016968092692644485}"
0.8,0.035,0.03,0.12,0.015,True,False,0.8,0.015,"{""BCC_B2#1"": 0.9638880190863978, ""C15_LAVES#1"": 0.03130531875053284, ""FCC_L12#1"": 0.0006980376601465418, ""HCP_A3#2"": 0.0024065703601869755, ""HCP_A3#3"": 0.001702054142735899}"
0.8,0.035,0.035,0.115,0.015,True,False,0.8,0.015,"{""BCC_B2#1"": 0.9640853386793231, ""C15_LAVES#1"": 0.031092688985151655, ""FCC_L12#1"": 0.0006984704846093568, ""HCP_A3#2"": 0.0024160723640648273, ""HCP_A3#3"": 0.0017074294868513018}"
0.8,0.035,0.04,0.11,0.015,True,False,0.8,0.015,"{""BCC_B2#1"": 0.9642980168331238, ""C15_LAVES#1"": 0.03086434029977467, ""FCC_L12#1"": 0.0006989078431784975, ""HCP_A3#2"": 0.0024258005012748724, ""HCP_A3#3"": 0.001712934522648091}"
0.8,0.035,0.045,0.105,0.015,True,False,0.8,0.015,"{""BCC_B2#1"": 0.9645272986889248, ""C15_LAVES#1"": 0.030619030574121294, ""FCC_L12#1"": 0.0006993494168012075, ""HCP_A3#2"": 0.002435753344415714, ""HCP_A3#3"": 0.001718567975736758}"
0.8,0.035,0.05,0.1,0.015,True,False,0.8,0.015,"{""BCC_B2#1"": 0.9647745351659811, ""C15_LAVES#1"": 0.030355412854124773, ""FCC_L12#1"": 0.0006997948763136585, ""HCP_A3#2"": 0.0024459291705860734, ""HCP_A3#3"": 0.001724327932994298}"
0.8,0.035,0.055,0.095,0.015,True,False,0.8,0.015,"{""BCC_B2#1"": 0.9650411927277874, ""C15_LAVES#1"": 0.030072025803324052, ""FCC_L12#1"": 0.0007002438822972208, ""HCP_A3#2"": 0.0024563259332611746, ""HCP_A3#3"": 0.0017302116533298765}"
0.8,0.035,0.06,0.09,0.015,True,False,0.8,0.015,"{""BCC_B2#1"": 0.9653288640660747, ""C15_LAVES#1"": 0.029767283300827084, ""FCC_L12#1"": 0.0007006960850002464, ""HCP_A3#2"": 0.0024669412312685233, ""HCP_A3#3"": 0.001736215316829411}"
0.8,0.035,0.065,0.085,0.015,True,False,0.8,0.015,"{""BCC_B2#1"": 0.9656392797805262, ""C15_LAVES#1"": 0.029439463129684616, ""FCC_L12#1"": 0.0007011511243551432, ""HCP_A3#2"": 0.0024777722743050705, ""HCP_A3#3"": 0.0017423336911288432}"
0.8,0.035,0.07,0.08,0.015,True,False,0.8,0.015,"{""BCC_B2#1"": 0.9659743211357762, ""C15_LAVES#1"": 0.029086694702888022, ""FCC_L12#1"": 0.000701608630131464, ""HCP_A3#2"": 0.002488815844729147, ""HCP_A3#3"": 0.0017485596864753148}"
0.8,0.035,0.075,0.075,0.015,True,False,0.8,0.015,"{""BCC_B2#1"": 0.9663360339789964, ""C15_LAVES#1"": 0.028706945782379548, ""FCC_L12#1"": 0.0007020682222803417, ""HCP_A3#2"": 0.002500068255397732, ""HCP_A3#3"": 0.001754883760945769}"
0.8,0.035,0.08,0.07,0.015,True,False,0.8,0.015,"{""BCC_B2#1"": 0.9667266439005863, ""C15_LAVES#1"": 0.02829800816072468, ""FCC_L12#1"": 0.0007025295115458217, ""HCP_A3#2"": 0.0025115253033560995, ""HCP_A3#3"": 0.0017612931237867963}"
0.8,0.035,0.085,0.065,0.015,True,False,0.8,0.015,"{""BCC_B2#1"": 0.9671485727161049, ""C15_LAVES#1"": 0.027857482297651365, ""FCC_L12#1"": 0.0007029921004463032, ""HCP_A3#2"": 0.002523182219220652, ""HCP_A3#3"": 0.0017677706665771152}"
0.8,0.035,0.09,0.06,0.015,True,False,0.8,0.015,"{""BCC_B2#1"": 0.9676044563374145, ""C15_LAVES#1"": 0.027382760938410817, ""FCC_L12#1"": 0.0007034555847671045, ""HCP_A3#2"": 0.0025350336121880875, ""HCP_A3#3"": 0.0017742935272193204}"
0.8,0.035,0.095,0.055,0.015,True,False,0.8,0.015,"{""BCC_B2#1"": 0.968097164083338, ""C15_LAVES#1"": 0.02687101179185165, ""FCC_L12#1"": 0.0007039195557570211, ""HCP_A3#2"": 0.0025470734106800797, ""HCP_A3#3"": 0.0017808311583732053}"
0.8,0.035,0.1,0.05,0.015,True,False,0.8,0.015,"{""BCC_B2#1"": 0.9686298194508034, ""C15_LAVES#1"": 0.02631915942030223, ""FCC_L12#1"": 0.0007043836032922812, ""HCP_A3#2"": 0.0025592947988105482, ""HCP_A3#3"": 0.0017873427267913514}"
0.8,0.035,0.105,0.045,0.015,True,False,0.8,0.015,"{""BCC_B2#1"": 0.9692058223228212, ""C15_LAVES#1"": 0.025723866598803727, ""FCC_L12#1"": 0.0007048473203677587, ""HCP_A3#2"": 0.00257169014902819, ""HCP_A3#3"": 0.0017937736089792392}"
0.8,0.035,0.11,0.04,0.015,True,False,0.8,0.015,"{""BCC_B2#1"": 0.969828872522753, ""C15_LAVES#1"": 0.025081515550148273, ""FCC_L12#1"": 0.0007053103094065144, ""HCP_A3#2"": 0.002584250951579528, ""HCP_A3#3"": 0.0018000506661126603}"
0.8,0.035,0.115,0.035,0.015,True,False,0.8,0.015,"{""BCC_B2#1"": 0.9705029945274605, ""C15_LAVES#1"": 0.024388189669975226, ""FCC_L12#1"": 0.0007057721910573069, ""HCP_A3#2"": 0.0025969677417957693, ""HCP_A3#3"": 0.0018060758697110897}"
0.8,0.035,0.12,0.03,0.015,True,False,0.8,0.015,"{""BCC_B2#1"": 0.9712325630131486, ""C15_LAVES#1"": 0.02363965664465831, ""FCC_L12#1"": 0.0007062326163922645, ""HCP_A3#2"": 0.002609830026691709, ""HCP_A3#3"": 0.001811717699109168}"
0.8,0.035,0.125,0.025,0.015,True,False,0.8,0.015,"{""BCC_B2#1"": 0.972022328712205, ""C15_LAVES#1"": 0.02283135426231245, ""FCC_L12#1"": 0.000706691283746113, ""HCP_A3#2"": 0.00262282621298549, ""HCP_A3#3"": 0.001816799528751059}"
0.8,0.035,0.13,0.02,0.015,True,False,0.8,0.015,"{""BCC_B2#1"": 0.9728774437857899, ""C15_LAVES#1"": 0.021958380763250827, ""FCC_L12#1"": 0.0007071479618844138, ""HCP_A3#2"": 0.0026359435394842667, ""HCP_A3#3"": 0.0018210839495908244}"
0.8,0.035,0.135,0.015,0.015,True,False,0.8,0.015,"{""BCC_B2#1"": 0.9738034855377968, ""C15_LAVES#1"": 0.021015492322532296, ""FCC_L12#1"": 0.0007076025217919752, ""HCP_A3#2"": 0.002649168017822162, ""HCP_A3#3"": 0.0018242516000568137}"
0.8,0.035,0.14,0.01,0.015,True,False,0.8,0.015,"{""BCC_B2#1"": 0.9748064767728688, ""C15_LAVES#1"": 0.01999711127460103, ""FCC_L12#1"": 0.00070805498018893, ""HCP_A3#2"": 0.0026624843868691774, ""HCP_A3#3"": 0.0018258725854721023}"
0.8,0.035,0.145,0.005,0.015,True,False,0.8,0.015,"{""BCC_B2#1"": 0.9758929003836329, ""C15_LAVES#1"": 0.018897350072901692, ""FCC_L12#1"": 0.0007085055589845051, ""HCP_A3#2"": 0.002675876087813188, ""HCP_A3#3"": 0.001825367896667971}"
0.8,0.035,0.15,0.0,0.015,True,False,0.8,0.015,"{""BCC_B2#1"": 0.9770697047713313, ""C15_LAVES#1"": 0.017710057853862864, ""FCC_L12#1"": 0.0007089547663605148, ""HCP_A3#2"": 0.0026893252689097332, ""HCP_A3#3"": 0.0018219573395353505}"
0.8,0.04,0.0,0.145,0.015,True,False,0.8,0.015,"{""BCC_B2#1"": 0.9626372906162919, ""C15_LAVES#1"": 0.0327017990630486, ""FCC_L12#1"": 0.0006932351736511945, ""HCP_A3#2"": 0.0023189282084677683, ""HCP_A3#3"": 0.0016487469385405673}"
0.8,0.04,0.005,0.14,0.015,True,False,0.8,0.015,"{""BCC_B2#1"": 0.9627516747390161, ""C15_LAVES#1"": 0.0325747283126125, ""FCC_L12#1"": 0.0006936391094471713, ""HCP_A3#2"": 0.002326836303176659, ""HCP_A3#3"": 0.001653121535747601}"
0.8,0.04,0.01,0.135,0.015,True,False,0.8,0.015,"{""BCC_B2#1"": 0.962875301335395, ""C15_LAVES#1"": 0.03243804877929242, ""FCC_L12#1"": 0.0006940501782684049, ""HCP_A3#2"": 0.00233497438975005, ""HCP_A3#3"": 0.001657625317294135}"
0.8,0.04,0.015,0.13,0.015,True,False,0.8,0.015,"{""BCC_B2#1"": 0.9630089312565012, ""C15_LAVES#1"": 0.03229099941304257, ""FCC_L12#1"": 0.0006944681299166375, ""HCP_A3#2"": 0.002343342363315606, ""HCP_A3#3"": 0.001662258837223769}"
0.8,0.04,0.02,0.125,0.015,True,False,0.8,0.015,"{""BCC_B2#1"": 0.9631533877641736, ""C15_LAVES#1"": 0.03213275712696897, ""FCC_L12#1"": 0.0006948927046447335, ""HCP_A3#2"": 0.002351939939929311, ""HCP_A3#3"": 0.0016670224642830799}"
0.8,0.04,0.025,0.12,0.015,True,False,0.8,0.015,"{""BCC_B2#1"": 0.9633095623216437, ""C15_LAVES#1"": 0.03196243107139755, ""FCC_L12#1"": 0.0006953236329014215, ""HCP_A3#2"": 0.0023607666458801374, ""HCP_A3#3"": 0.0016719163281771112}"
0.8,0.04,0.03,0.115,0.015,True,False,0.8,0.015,"{""BCC_B2#1"": 0.9634784209563783, ""C15_LAVES#1"": 0.031779056352805694, ""FCC_L12#1"": 0.0006957606350632004, ""HCP_A3#2"": 0.0023698218062052053, ""HCP_A3#3"": 0.001676940249547657}"
0.8,0.04,0.035,0.11,0.015,True,False,0.8,0.015,"{""BCC_B2#1"": 0.9636610112443887, ""C15_LAVES#1"": 0.0315815871550065, ""FCC_L12#1"": 0.0006962034211585149, ""HCP_A3#2"": 0.0023791045311482187, ""HCP_A3#3"": 0.0016820936482980023}"
0.8,0.04,0.04,0.105,0.015,True,False,0.8,0.015,"{""BCC_B2#1"": 0.9638584699703142, ""C15_LAVES#1"": 0.03136888921584905, ""FCC_L12#1"": 0.0006966516905973205, ""HCP_A3#2"": 0.0023886137001634324, ""HCP_A3#3"": 0.001687375423075981}"
0.8,0.04,0.045,0.1,0.015,True,False,0.8,0.015,"{""BCC_B2#1"": 0.9640720315229562, ""C15_LAVES#1"": 0.031139731609048787, ""FCC_L12#1"": 0.0006971051319174419, ""HCP_A3#2"": 0.0023983479438142406, ""HCP_A3#3"": 0.001692783792263563}"
0.8,0.04,0.05,0.095,0.015,True,False,0.8,0.015,"{""BCC_B2#1"": 0.9643030370888253, ""C15_LAVES#1"": 0.030892777781997137, ""FCC_L12#1"": 0.0006975634225662476, ""HCP_A3#2"": 0.0024083056230694297, ""HCP_A3#3"": 0.0016983160835420058}"
0.8,0.04,0.055,0.09,0.015,True,False,0.8,0.015,"{""BCC_B2#1"": 0.964552944710245, ""C15_LAVES#1"": 0.03062657580058383, ""FCC_L12#1"": 0.0006980262287418922, ""HCP_A3#2"": 0.002418484805747543, ""HCP_A3#3"": 0.0017039684546817852}"
0.8,0.04,0.06,0.085,0.015,True,False,0.8,0.015,"{""BCC_B2#1"": 0.9648233402776356, ""C15_LAVES#1"": 0.03033954775495854, ""FCC_L12#1"": 0.0006984932053268542, ""HCP_A3#2"": 0.0024288832398113845, ""HCP_A3#3"": 0.0017097355222676909}"
0.8,0.04,0.065,0.08,0.015,True,False,0.8,0.015,"{""BCC_B2#1"": 0.9651159495274888, ""C15_LAVES#1"": 0.030029978286171717, ""FCC_L12#1"": 0.0006989639959578776, ""HCP_A3#2"": 0.0024394983232940066, ""HCP_A3#3"": 0.0017156098670877843}"
0.8,0.04,0.07,0.075,0.015,True,False,0.8,0.015,"{""BCC_B2#1"": 0.9654326511176424, ""C15_LAVES#1"": 0.029696002204313007, ""FCC_L12#1"": 0.0006994382332918324, ""HCP_A3#2"": 0.0024503270705692267, ""HCP_A3#3"": 0.0017215813741834314}"
0.8,0.04,0.075,0.07,0.015,True,False,0.8,0.015,"{""BCC_B2#1"": 0.9657754908487581, ""C15_LAVES#1"": 0.02933559118580411, ""FCC_L12#1"": 0.0006999155395480379, ""HCP_A3#2"": 0.0024613660747604413, ""HCP_A3#3"": 0.0017276363511291824}"
0.8,0.04,0.08,0.065,0.015,True,False,0.8,0.015,"{""BCC_B2#1"": 0.966146697094173, ""C15_LAVES#1"": 0.02894653956358347, ""FCC_L12#1"": 0.0007003955274360129, ""HCP_A3#2"": 0.0024726114660960463, ""HCP_A3#3"": 0.0017337563487113265}"
0.8,0.04,0.085,0.06,0.015,True,False,0.8,0.015,"{""BCC_B2#1"": 0.9665486974876908, ""C15_LAVES#1"": 0.028526449262538472, ""FCC_L12#1"": 0.00070087780161628, ""HCP_A3#2"": 0.0024840588660673237, ""HCP_A3#3"": 0.0017399165820870973}"
0.8,0.04,0.09,0.055,0.015,True,False,0.8,0.015,"{""BCC_B2#1"": 0.9669841368979916, ""C15_LAVES#1"": 0.028072713988340423, ""FCC_L12#1"": 0.0007013619608943847, ""HCP_A3#2"": 0.0024957033373405905, ""HCP_A3#3"": 0.0017460838154329534}"
0.8,0.04,0.095,0.05,0.015,True,False,0.8,0.015,"{""BCC_B2#1"": 0.9674558966857432, ""C15_LAVES#1"": 0.027582502857431225, ""FCC_L12#1"": 0.0007018476014193189, ""HCP_A3#2"": 0.0025075393294690202, ""HCP_A3#3"": 0.0017522135259370906}"
0.8,0.04,0.1,0.045,0.015,True,False,0.8,0.015,"{""BCC_B2#1"": 0.9679671151907279, ""C15_LAVES#1"": 0.02705274376777361, ""FCC_L12#1"": 0.0007023343212540577, ""HCP_A3#2"": 0.0025195606206327094, ""HCP_A3#3"": 0.0017582460996118099}"
0.8,0.04,0.105,0.04,0.015,True,False,0.8,0.015,"{""BCC_B2#1"": 0.9685212093250869, ""C15_LAVES#1"": 0.026480106966047724, ""FCC_L12#1"": 0.0007028217268163553, ""HCP_A3#2"": 0.002531760255814589, ""HCP_A3#3"": 0.0017641017262342528}"
0.8,0.04,0.11,0.035,0.015,True,False,0.8,0.015,"{""BCC_B2#1"": 0.9691218970467722, ""C15_LAVES#1"": 0.02586098948290816, ""FCC_L12#1"": 0.0007033094418645281, ""HCP_A3#2"": 0.002544130482134192, ""HCP_A3#3"": 0.001769673546321135}"
0.8,0.04,0.115,0.03,0.015,True,False,0.8,0.015,"{""BCC_B2#1"": 0.9697732203430567, ""C15_LAVES#1"": 0.025191501405137363, ""FCC_L12#1"": 0.0007037971199414196, ""HCP_A3#2"": 0.0025566626824324763, ""HCP_A3#3"": 0.0017748184494322196}"
0.8,0.04,0.12,0.025,0.015,True,False,0.8,0.015,"{""BCC_B2#1"": 0.9704795681523238, ""C15_LAVES#1"": 0.024467455360539524, ""FCC_L12#1"": 0.000704284461511909, ""HCP_A3#2"": 0.00256934730868078, ""HCP_A3#3"": 0.0017793447169440544}"
0.8,0.04,0.125,0.02,0.015,True,False,0.8,0.015,"{""BCC_B2#1"": 0.9712456983723661, ""C15_LAVES#1"": 0.02368436114679802, ""FCC_L12#1"": 0.0007047712374635781, ""HCP_A3#2"": 0.002582173817467391, ""HCP_A3#3"": 0.0017829954259047979}"
0.8,0.04,0.13,0.015,0.015,True,False,0.8,0.015,"{""BCC_B2#1"": 0.9720767577174817, ""C15_LAVES#1"": 0.022837428190876582, ""FCC_L12#1"": 0.0007052573212256993, ""HCP_A3#2"": 0.0025951306105883366, ""HCP_A3#3"": 0.0017854261598276547}"
0.8,0.04,0.135,0.01,0.015,True,False,0.8,0.015,"{""BCC_B2#1"": 0.9729782976566914, ""C15_LAVES#1"": 0.02192157955053654, ""FCC_L12#1"": 0.0007057427325501436, ""HCP_A3#2"": 0.0026082049848589277, ""HCP_A3#3"": 0.001786175075362601}"
0.8,0.04,0.14,0.005,0.015,True,False,0.8,0.015,"{""BCC_B2#1"": 0.9739562839407111, ""C15_LAVES#1"": 0.020931482557885146, ""FCC_L12#1"": 0.0007062276970597431, ""HCP_A3#2"": 0.002621383096535552, ""HCP_A3#3"": 0.0017846227078080323}"
0.8,0.04,0.145,0.0,0.015,True,False,0.8,0.015,"{""BCC_B2#1"": 0.9750170962366641, ""C15_LAVES#1"": 0.01986160308366287, ""FCC_L12#1"": 0.0007067127270931331, ""HCP_A3#2"": 0.0026346499472997818, ""HCP_A3#3"": 0.0017799380052803684}"
0.8,0.045,0.0,0.14,0.015,True,False,0.8,0.015,"{""BCC_B2#1"": 0.9623665624375977, ""C15_LAVES#1"": 0.03302448242564472, ""FCC_L12#1"": 0.0006911836436695936, ""HCP_A3#2"": 0.0022889263381321843, ""HCP_A3#3"": 0.0016288451549559813}"
0.8,0.045,0.005,0.135,0.015,True,False,0.8,0.015,"{""BCC_B2#1"": 0.9624709842219593, ""C15_LAVES#1"": 0.0329076761656487, ""FCC_L12#1"": 0.0006915923419585809, ""HCP_A3#2"": 0.0022966910274554516, ""HCP_A3#3"": 0.0016330562429781182}"
0.8,0.045,0.01,0.13,0.015,True,False,0.8,0.015,"{""BCC_B2#1"": 0.9625843427681775, ""C15_LAVES#1"": 0.032781565861297116, ""FCC_L12#1"": 0.0006920089580766095, ""HCP_A3#2"": 0.00230468663770526, ""HCP_A3#3"": 0.0016373957747432063}"
0.8,0.045,0.015,0.125,0.015,True,False,0.8,0.015,"{""BCC_B2#1"": 0.9627073919796031, ""C15_LAVES#1"": 0.032645397558221156, ""FCC_L12#1"": 0.0006924332487585251, ""HCP_A3#2"": 0.0023129129638963172, ""HCP_A3#3"": 0.0016418642495207496}"
0.8,0.045,0.02,0.12,0.015,True,False,0.8,0.015,"{""BCC_B2#1"": 0.9628409480418245, ""C15_LAVES#1"": 0.032498355457293085, ""FCC_L12#1"": 0.0006928649605384415, ""HCP_A3#2"": 0.0023213696190445138, ""HCP_A3#3"": 0.0016464619212992729}"
0.8,0.045,0.025,0.115,0.015,True,False,0.8,0.015,"{""BCC_B2#1"": 0.9629858953670672, ""C15_LAVES#1"": 0.032339556053262754, ""FCC_L12#1"": 0.0006933038295191051, ""HCP_A3#2"": 0.0023300560270978024, ""HCP_A3#3"": 0.0016511887230531226}"
0.8,0.045,0.03,0.11,0.015,True,False,0.8,0.015,"{""BCC_B2#1"": 0.9631431931358954, ""C15_LAVES#1"": 0.0321680417012298, ""FCC_L12#1"": 0.0006937495811192851, ""HCP_A3#2"": 0.0023389714145677226, ""HCP_A3#3"": 0.0016560441671879004}"
0.8,0.045,0.035,0.105,0.015,True,False,0.8,0.015,"{""BCC_B2#1"": 0.9633138824862355, ""C15_LAVES#1"": 0.031982773569212496, ""FCC_L12#1"": 0.0006942019298105801, ""HCP_A3#2"": 0.002348114800453788, ""HCP_A3#3"": 0.0016610272142878453}"
0.8,0.045,0.04,0.1,0.015,True,False,0.8,0.015,"{""BCC_B2#1"": 0.9634990944036739, ""C15_LAVES#1"": 0.03178262393364032, ""FCC_L12#1"": 0.0006946605788580456, ""HCP_A3#2"": 0.002357484984180749, ""HCP_A3#3"": 0.001666136099647029}"
0.8,0.045,0.045,0.095,0.015,True,False,0.8,0.015,"{""BCC_B2#1"": 0.9637000583702318, ""C15_LAVES#1"": 0.03156636777488042, ""FCC_L12#1"": 0.0006951252200840323, ""HCP_A3#2"": 0.0023670805312718947, ""HCP_A3#3"": 0.0016713681035320474}"
0.8,0.045,0.05,0.09,0.015,True,False,0.8,0.015,"{""BCC_B2#1"": 0.9639181118317395, ""C15_LAVES#1"": 0.031332673631686354, ""FCC_L12#1"": 0.0006955955336814383, ""HCP_A3#2"": 0.002376899756494288, ""HCP_A3#3"": 0.0016767192463980896}"
0.8,0.045,0.055,0.085,0.015,True,False,0.8,0.015,"{""BCC_B2#1"": 0.9641547105459689, ""C15_LAVES#1"": 0.031080093677774385, ""FCC_L12#1"": 0.0006960711881112197, ""HCP_A3#2"": 0.002386940704188384, ""HCP_A3#3"": 0.0016821838839572404}"
0.8,0.045,0.06,0.08,0.015,True,False,0.8,0.015,"{""BCC_B2#1"": 0.9644114398744282, ""C15_LAVES#1"": 0.030807052991380025, ""FCC_L12#1"": 0.0006965518401309369, ""HCP_A3#2"": 0.002397201125523182, ""HCP_A3#3"": 0.001687754168537916}"
0.8,0.045,0.065,0.075,0.015,True,False,0.8,0.015,"{""BCC_B2#1"": 0.9646900270795199, ""C15_LAVES#1"": 0.03051183800120872, ""FCC_L12#1"": 0.0006970371350168788, ""HCP_A3#2"": 0.0024076784523981345, ""HCP_A3#3"": 0.0016934193318562723}"
0.8,0.045,0.07,0.07,0.015,True,False,0.8,0.015,"{""BCC_B2#1"": 0.9649923546844562, ""C15_LAVES#1"": 0.0301925841115463, ""FCC_L12#1"": 0.0006975267070637067, ""HCP_A3#2"": 0.0024183697677583665, ""HCP_A3#3"": 0.0016991647291752863}"
0.8,0.045,0.075,0.065,0.015,True,False,0.8,0.015,"{""BCC_B2#1"": 0.9653204749447821, ""C15_LAVES#1"": 0.02984726253809135, ""FCC_L12#1"": 0.0006980201804743004, ""HCP_A3#2"": 0.0024292717720893783, ""HCP_A3#3"": 0.0017049705645630383}"
0.8,0.045,0.08,0.06,0.015,True,False,0.8,0.015,"{""BCC_B2#1"": 0.9656766254656665, ""C15_LAVES#1"": 0.02947366642777836, ""FCC_L12#1"": 0.0006985171707913928, ""HCP_A3#2"": 0.0024403807459149086, ""HCP_A3#3"": 0.0017108101898489134}"
0.8,0.045,0.085,0.055,0.015,True,False,0.8,0.015,"{""BCC_B2#1"": 0.9660632459758012, ""C15_LAVES#1"": 0.029069396395356252, ""FCC_L12#1"": 0.0006990172870749806, ""HCP_A3#2"": 0.002451692508166106, ""HCP_A3#3"": 0.0017166478336015905}"
0.8,0.045,0.09,0.05,0.015,True,False,0.8,0.015,"{""BCC_B2#1"": 0.9664829962334113, ""C15_LAVES#1"": 0.02863184569315967, ""FCC_L12#1"": 0.0006995201351002021, ""HCP_A3#2"": 0.002463202370399848, ""HCP_A3#3"": 0.0017224355679287644}"
0.8,0.045,0.095,0.045,0.015,True,False,0.8,0.015,"{""BCC_B2#1"": 0.9669387749880505, ""C15_LAVES#1"": 0.02815818534707422, ""FCC_L12#1"": 0.000700025321945681, ""HCP_A3#2"": 0.0024749050869314476, ""HCP_A3#3"": 0.0017281092559981762}"
0.8,0.045,0.1,0.04,0.015,True,False,0.8,0.015,"{""BCC_B2#1"": 0.9674337398472679, ""C15_LAVES#1"": 0.027645349752721475, ""FCC_L12#1"": 0.0007005324624707679, ""HCP_A3#2"": 0.0024867948011415204, ""HCP_A3#3"": 0.001733583136398452}"
0.8,0.045,0.105,0.035,0.015,True,False,0.8,0.015,"{""BCC_B2#1"": 0.9679713277915308, ""C15_LAVES#1"": 0.027090023447242033, ""FCC_L12#1"": 0.0007010411883528707, ""HCP_A3#2"": 0.002498864988423008, ""HCP_A3#3"": 0.0017387425844511304}"
0.8,0.045,0.11,0.03,0.015,True,False,0.8,0.015,"{""BCC_B2#1"": 0.9685552759328268, ""C15_LAVES#1"": 0.026488630074500828, ""FCC_L12#1"": 0.0007015511605887047, ""HCP_A3#2"": 0.0025111083965250617, ""HCP_A3#3"": 0.0017434344355587179}"
0.8,0.045,0.115,0.025,0.015,True,False,0.8,0.015,"{""BCC_B2#1"": 0.9691896419068071, ""C15_LAVES#1"": 0.025837324973500355, ""FCC_L12#1"": 0.0007020620866757681, ""HCP_A3#2"": 0.0025235169844465034, ""HCP_A3#3"": 0.001747454048570613}"
0.8,0.045,0.12,0.02,0.015,True,False,0.8,0.015,"{""BCC_B2#1"": 0.9698788230048809, ""C15_LAVES#1"": 0.02513199337892909, ""FCC_L12#1"": 0.0007025737441105101, ""HCP_A3#2"": 0.0025360818615267327, ""HCP_A3#3"": 0.0017505280105526596}"
0.8,0.045,0.125,0.015,0.015,True,False,0.8,0.015,"{""BCC_B2#1"": 0.9706275727635367, ""C15_LAVES#1"": 0.02436825698006592, ""FCC_L12#1"": 0.000703086012403723, ""HCP_A3#2"": 0.002548793228996577, ""HCP_A3#3"": 0.0017522910149969288}"
0.8,0.045,0.13,0.01,0.015,True,False,0.8,0.015,"{""BCC_B2#1"": 0.9714410131961737, ""C15_LAVES#1"": 0.02354149260790306, ""FCC_L12#1"": 0.0007035989165712921, ""HCP_A3#2"": 0.002561640327092151, ""HCP_A3#3"": 0.0017522549522598096}"
0.8,0.045,0.135,0.005,0.015,True,False,0.8,0.015,"{""BCC_B2#1"": 0.9723246401270799, ""C15_LAVES#1"": 0.02264686820307747, ""FCC_L12#1"": 0.0007041126860763217, ""HCP_A3#2"": 0.002574611391799755, ""HCP_A3#3"": 0.001749767591966512}"
0.8,0.045,0.14,0.0,0.015,True,False,0.8,0.015,"{""BCC_B2#1"": 0.9732843180992742, ""C15_LAVES#1"": 0.02167940308431815, ""FCC_L12#1"": 0.0007046278345606861, ""HCP_A3#2"": 0.0025876936265291236, ""HCP_A3#3"": 0.0017439573553179348}"
0.8,0.05,0.0,0.135,0.015,True,False,0.8,0.015,"{""BCC_B2#1"": 0.9603877282002768, ""C15_LAVES#1"": 0.03594639517649033, ""FCC_L12#1"": 0.0006916837980404296, ""HCP_A3#2"": 0.002270272454055145, ""ZRO2_MONO#1"": 0.0007039203711370824}"
0.8,0.05,0.005,0.13,0.015,True,False,0.8,0.015,"{""BCC_B2#1"": 0.9604806719237851, ""C15_LAVES#1"": 0.035845262713122675, ""FCC_L12#1"": 0.0006921069545106056, ""HCP_A3#2"": 0.002278147768704546, ""ZRO2_MONO#1"": 0.0007038106398770158}"
0.8,0.05,0.01,0.125,0.015,True,False,0.8,0.015,"{""BCC_B2#1"": 0.9605822553894056, ""C15_LAVES#1"": 0.035735234703689396, ""FCC_L12#1"": 0.0006925388701180894, ""HCP_A3#2"": 0.0022862837208404226, ""ZRO2_MONO#1"": 0.0007036873159465283}"
0.8,0.05,0.015,0.12,0.015,True,False,0.8,0.015,"{""BCC_B2#1"": 0.9612716725905126, ""C15_LAVES#1"": 0.03473863538403139, ""FCC_L12#1"": 0.0006922110792648786, ""HCP_A3#2"": 0.0022921495545790717, ""HCP_A3#3"": 0.0005314489941496126, ""ZRO2_MONO#1"": 0.0004738823974621714}"
0.8,0.05,0.02,0.115,0.015,True,False,0.8,0.015,"{""BCC_B2#1"": 0.9625840202023593, ""C15_LAVES#1"": 0.03280018215463126, ""FCC_L12#1"": 0.0006910782657933317, ""HCP_A3#2"": 0.0022954969172258384, ""HCP_A3#3"": 0.0016292224599897356}"
0.8,0.05,0.025,0.11,0.015,True,False,0.8,0.015,"{""BCC_B2#1"": 0.9627197477287511, ""C15_LAVES#1"": 0.03265081293388013, ""FCC_L12#1"": 0.000691524499209198, ""HCP_A3#2"": 0.002304097454189732, ""HCP_A3#3"": 0.001633817383969924}"
0.8,0.05,0.03,0.105,0.015,True,False,0.8,0.015,"{""BCC_B2#1"": 0.9628676001774643, ""C15_LAVES#1"": 0.032488955347156075, ""FCC_L12#1"": 0.0006919783242014277, ""HCP_A3#2"": 0.0023129275113384345, ""HCP_A3#3"": 0.0016385386398395827}"
0.8,0.05,0.035,0.1,0.015,True,False,0.8,0.015,"{""BCC_B2#1"": 0.963028616927965, ""C15_LAVES#1"": 0.0323135732474848, ""FCC_L12#1"": 0.0006924394558985894, ""HCP_A3#2"": 0.0023219859413377343, ""HCP_A3#3"": 0.0016433844273136863}"
0.8,0.05,0.04,0.095,0.015,True,False,0.8,0.015,"{""BCC_B2#1"": 0.9632039279694194, ""C15_LAVES#1"": 0.032123541116245956, ""FCC_L12#1"": 0.0006929075979941624, ""HCP_A3#2"": 0.00233127138463329, ""HCP_A3#3"": 0.0016483519317070296}"
0.8,0.05,0.045,0.09,0.015,True,False,0.8,0.015,"{""BCC_B2#1"": 0.9633947628065369, ""C15_LAVES#1"": 0.031917635494817166, ""FCC_L12#1"": 0.0006933824425785196, ""HCP_A3#2"": 0.002340782258767084, ""HCP_A3#3"": 0.0016534369973001638}"
0.8,0.05,0.05,0.085,0.015,True,False,0.8,0.015,"{""BCC_B2#1"": 0.9636024601990626, ""C15_LAVES#1"": 0.0316945256918166, ""FCC_L12#1"": 0.0006938636700406682, ""HCP_A3#2"": 0.0023505167451688953, ""HCP_A3#3"": 0.0016586336939112358}"
0.8,0.05,0.055,0.08,0.015,True,False,0.8,0.015,"{""BCC_B2#1"": 0.9638284787902415, ""C15_LAVES#1"": 0.031452763746261325, ""FCC_L12#1"": 0.0006943509490885527, ""HCP_A3#2"": 0.002360472773149192, ""HCP_A3#3"": 0.0016639337412593176}"
0.8,0.05,0.06,0.075,0.015,True,False,0.8,0.015,"{""BCC_B2#1"": 0.964074408677377, ""C15_LAVES#1"": 0.031190773640826223, ""FCC_L12#1"": 0.0006948439369528189, ""HCP_A3#2"": 0.0023706480008117326, ""HCP_A3#3"": 0.0016693257440321288}"
0.8,0.05,0.065,0.07,0.015,True,False,0.8,0.015,"{""BCC_B2#1"": 0.9643419839721113, ""C15_LAVES#1"": 0.030906839780540932, ""FCC_L12#1"": 0.0006953422798602662, ""HCP_A3#2"": 0.0023810397926170156, ""HCP_A3#3"": 0.0016747941748704116}"
0.8,0.05,0.07,0.065,0.015,True,False,0.8,0.015,"{""BCC_B2#1"": 0.9646330963881523, ""C15_LAVES#1"": 0.030599094782953713, ""FCC_L12#1"": 0.0006958456138918643, ""HCP_A3#2"": 0.0023916451933544123, ""HCP_A3#3"": 0.0016803180216479188}"
0.8,0.05,0.075,0.06,0.015,True,False,0.8,0.015,"{""BCC_B2#1"": 0.9649498098778648, ""C15_LAVES#1"": 0.03026550666984287, ""FCC_L12#1"": 0.0006963535663787939, ""HCP_A3#2"": 0.0024024608982884, ""HCP_A3#3"": 0.001685868987625006}"
0.8,0.05,0.08,0.055,0.015,True,False,0.8,0.015,"{""BCC_B2#1"": 0.9652943763140712, ""C15_LAVES#1"": 0.029903865612515554, ""FCC_L12#1"": 0.0006968657580415799, ""HCP_A3#2"": 0.0024134832193105182, ""HCP_A3#3"": 0.0016914090960608666}"
0.8,0.05,0.085,0.05,0.015,True,False,0.8,0.015,"{""BCC_B2#1"": 0.9656692521761069, ""C15_LAVES#1"": 0.029511770469235775, ""FCC_L12#1"": 0.0006973818061469517, ""HCP_A3#2"": 0.0024247080469670464, ""HCP_A3#3"": 0.0016968875015432447}"
0.8,0.05,0.09,0.045,0.015,True,False,0.8,0.015,"{""BCC_B2#1"": 0.9660771161451659, ""C15_LAVES#1"": 0.029086615472776224, ""FCC_L12#1"": 0.0006979013290501833, ""HCP_A3#2"": 0.0024361308083411842, ""HCP_A3#3"": 0.001702236244666527}"
0.8,0.05,0.095,0.04,0.015,True,False,0.8,0.015,"{""BCC_B2#1"": 0.9665208874372287, ""C15_LAVES#1"": 0.028625577590006612, ""FCC_L12#1"": 0.0006984239526158706, ""HCP_A3#2"": 0.002447746420888252, ""HCP_A3#3"": 0.001707364599260098}"
0.8,0.05,0.1,0.035,0.015,True,False,0.8,0.015,"{""BCC_B2#1"": 0.9670037445938883, ""C15_LAVES#1"": 0.028125605299457436, ""FCC_L12#1"": 0.0006989493191777593, ""HCP_A3#2"": 0.0024595492424686087, ""HCP_A3#3"": 0.0017121515450078885}"
0.8,0.05,0.105,0.03,0.015,True,False,0.8,0.015,"{""BCC_B2#1"": 0.9675291443014787, ""C15_LAVES#1"": 0.027583409837095806, ""FCC_L12#1"": 0.0006994770999231688, ""HCP_A3#2"": 0.0024715330180803425, ""HCP_A3#3"": 0.0017164357434218392}"
0.8,0.05,0.11,0.025,0.015,True,False,0.8,0.015,"{""BCC_B2#1"": 0.9681008396017985, ""C15_LAVES#1"": 0.026995460373227285, ""FCC_L12#1"": 0.0007000070118887523, ""HCP_A3#2"": 0.002483690824054672, ""HCP_A3#3"": 0.001720002189030847}"
0.8,0.05,0.115,0.02,0.015,True,False,0.8,0.015,"{""BCC_B2#1"": 0.9687228965735519, ""C15_LAVES#1"": 0.026357985141033012, ""FCC_L12#1"": 0.0007005388411579125, ""HCP_A3#2"": 0.002496015010869362, ""HCP_A3#3"": 0.0017225644333880876}"
0.8,0.05,0.12,0.015,0.015,True,False,0.8,0.015,"{""BCC_B2#1"": 0.969399708175135, ""C15_LAVES#1"": 0.025666981289789753, ""FCC_L12#1"": 0.0007010724743906014, ""HCP_A3#2"": 0.0025084971462007513, ""HCP_A3#3"": 0.0017237409144840211}"
0.8,0.05,0.125,0.01,0.015,True,False,0.8,0.015,"{""BCC_B2#1"": 0.9701360034099601, ""C15_LAVES#1"": 0.024918237249929837, ""FCC_L12#1"": 0.0007016079415403239, ""HCP_A3#2"": 0.0025211279604767716, ""HCP_A3#3"": 0.001723023438092872}"
0.8,0.05,0.13,0.005,0.015,True,False,0.8,0.015,"{""BCC_B2#1"": 0.9709368492549941, ""C15_LAVES#1"": 0.024107372763896812, ""FCC_L12#1"": 0.000702145473584329, ""HCP_A3#2"": 0.002533897297885632, ""HCP_A3#3"": 0.0017197352096389553}"
0.8,0.05,0.135,0.0,0.015,True,False,0.8,0.015,"{""BCC_B2#1"": 0.9718076418138325, ""C15_LAVES#1"": 0.023229903579382434, ""FCC_L12#1"": 0.0007026855803909023, ""HCP_A3#2"": 0.0025467940767733284, ""HCP_A3#3"": 0.0017129749496205251}"
0.8,0.055,0.0,0.13,0.015,True,False,0.8,0.015,"{""BCC_B2#1"": 0.9602259810935577, ""C15_LAVES#1"": 0.03613248856529697, ""FCC_L12#1"": 0.0006900004250481281, ""HCP_A3#2"": 0.002247348722400298, ""ZRO2_MONO#1"": 0.0007041811936968308}"
0.8,0.055,0.005,0.125,0.015,True,False,0.8,0.015,"{""BCC_B2#1"": 0.9603119613874984, ""C15_LAVES#1"": 0.036038418604022696, ""FCC_L12#1"": 0.0006904270689473461, ""HCP_A3#2"": 0.002255099243239702, ""ZRO2_MONO#1"": 0.0007040936962919501}"
0.8,0.055,0.01,0.12,0.015,True,False,0.8,0.015,"{""BCC_B2#1"": 0.9604064211548862, ""C15_LAVES#1"": 0.03593561687942776, ""FCC_L12#1"": 0.000690863116381069, ""HCP_A3#2"": 0.0022631040712035697, ""ZRO2_MONO#1"": 0.0007039947781013609}"
0.8,0.055,0.015,0.115,0.015,True,False,0.8,0.015,"{""BCC_B2#1"": 0.9605101177893518, ""C15_LAVES#1"": 0.035823325060611484, ""FCC_L12#1"": 0.0006913083383299094, ""HCP_A3#2"": 0.0022713661697211264, ""ZRO2_MONO#1"": 0.0007038826419857912}"
0.8,0.055,0.02,0.11,0.015,True,False,0.8,0.015,"{""BCC_B2#1"": 0.9606238730759387, ""C15_LAVES#1"": 0.035700720931107606, ""FCC_L12#1"": 0.0006917624950625869, ""HCP_A3#2"": 0.0022798888145915373, ""ZRO2_MONO#1"": 0.0007037546832999502}"
0.8,0.055,0.025,0.105,0.015,True,False,0.8,0.015,"{""BCC_B2#1"": 0.9607485781808613, ""C15_LAVES#1"": 0.035566911805797394, ""FCC_L12#1"": 0.0006922253346210931, ""HCP_A3#2"": 0.00228867565996901, ""ZRO2_MONO#1"": 0.0007036090187511362}"
0.8,0.055,0.03,0.1,0.015,True,False,0.8,0.015,"{""BCC_B2#1"": 0.9608852041445556, ""C15_LAVES#1"": 0.03542092724989474, ""FCC_L12#1"": 0.000692696594509631, ""HCP_A3#2"": 0.0022977308235849632, ""ZRO2_MONO#1"": 0.000703441187454597}"
0.8,0.055,0.035,0.095,0.015,True,False,0.8,0.015,"{""BCC_B2#1"": 0.9626365967358244, ""C15_LAVES#1"": 0.03282572798976604, ""FCC_L12#1"": 0.0006910927657696268, ""HCP_A3#2"": 0.0023004621985920353, ""HCP_A3#3"": 0.0014832209642066188, ""ZRO2_MONO#1"": 6.289934584126351e-05}"
0.8,0.055,0.04,0.09,0.015,True,False,0.8,0.015,"{""BCC_B2#1"": 0.9629605244457522, ""C15_LAVES#1"": 0.032405672096755045, ""FCC_L12#1"": 0.0006913665208857075, ""HCP_A3#2"": 0.002309082060210616, ""HCP_A3#3"": 0.0016333548763960506}"
0.8,0.055,0.045,0.085,0.015,True,False,0.8,0.015,"{""BCC_B2#1"": 0.9631432239721613, ""C15_LAVES#1"": 0.03220806938205273, ""FCC_L12#1"": 0.0006918504609354921, ""HCP_A3#2"": 0.00231854638477177, ""HCP_A3#3"": 0.0016383098000785643}"
0.8,0.055,0.05,0.08,0.015,True,False,0.8,0.015,"{""BCC_B2#1"": 0.9633426662499565, ""C15_LAVES#1"": 0.03199339280589916, ""FCC_L12#1"": 0.0006923414063673842, ""HCP_A3#2"": 0.0023282339754120726, ""HCP_A3#3"": 0.0016433655623648072}"
0.8,0.055,0.055,0.075,0.015,True,False,0.8,0.015,"{""BCC_B2#1"": 0.9635603172562012, ""C15_LAVES#1"": 0.031760190901041804, ""FCC_L12#1"": 0.0006928390246374159, ""HCP_A3#2"": 0.002338142581435963, ""HCP_A3#3"": 0.0016485102366834213}"
0.8,0.055,0.06,0.07,0.015,True,False,0.8,0.015,"{""BCC_B2#1"": 0.9637977763186735, ""C15_LAVES#1"": 0.031506883447157914, ""FCC_L12#1"": 0.0006933429726087566, ""HCP_A3#2"": 0.002348269699868694, ""HCP_A3#3"": 0.0016537275616910565}"
0.8,0.055,0.065,0.065,0.015,True,False,0.8,0.015,"{""BCC_B2#1"": 0.9640567888839245, ""C15_LAVES#1"": 0.0312317501327632, ""FCC_L12#1"": 0.0006938528973758852, ""HCP_A3#2"": 0.002358612556373822, ""HCP_A3#3"": 0.0016589955295623726}"
0.8,0.055,0.07,0.06,0.015,True,False,0.8,0.015,"{""BCC_B2#1"": 0.964339260250058, ""C15_LAVES#1"": 0.030932918717356726, ""FCC_L12#1"": 0.0006943684376175579, ""HCP_A3#2"": 0.0023691680825154602, ""HCP_A3#3"": 0.0016642845124523536}"
0.8,0.055,0.075,0.055,0.015,True,False,0.8,0.015,"{""BCC_B2#1"": 0.9646472702490132, ""C15_LAVES#1"": 0.030608352860297082, ""FCC_L12#1"": 0.0006948892256749543, ""HCP_A3#2"": 0.002379932889142292, ""HCP_A3#3"": 0.0016695547758724828}"
0.8,0.055,0.08,0.05,0.015,True,False,0.8,0.015,"{""BCC_B2#1"": 0.9649830888247518, ""C15_LAVES#1"": 0.0302558398707617, ""FCC_L12#1"": 0.0006954148906277008, ""HCP_A3#2"": 0.0023909032356954434, ""HCP_A3#3"": 0.0016747531781633612}"
0.8,0.055,0.085,0.045,0.015,True,False,0.8,0.015,"{""BCC_B2#1"": 0.9653491923984953, ""C15_LAVES#1"": 0.02987297875390579, ""FCC_L12#1"": 0.0006959450627296503, ""HCP_A3#2"": 0.002402074995322851, ""HCP_A3#3"": 0.0016798087895464808}"
0.8,0.055,0.09,0.04,0.015,True,False,0.8,0.015,"{""BCC_B2#1"": 0.9657482808342998, ""C15_LAVES#1"": 0.029457169093171663, ""FCC_L12#1"": 0.0006964793796872097, ""HCP_A3#2"": 0.0024134436157562168, ""HCP_A3#3"": 0.0016846270770850972}"
0.8,0.055,0.095,0.035,0.015,True,False,0.8,0.015,"{""BCC_B2#1"": 0.9661832947096105, ""C15_LAVES#1"": 0.029005601532629086, ""FCC_L12#1"": 0.000697017495424288, ""HCP_A3#2"": 0.002425004076027746, ""HCP_A3#3"": 0.0016890821863081934}"
0.8,0.055,0.1,0.03,0.015,True,False,0.8,0.015,"{""BCC_B2#1"": 0.9666574324451958, ""C15_LAVES#1"": 0.028515250926475454, ""FCC_L12#1"": 0.0006975590921940105, ""HCP_A3#2"": 0.002436750839279205, ""HCP_A3#3"": 0.001693006696855202}"
0.8,0.055,0.105,0.025,0.015,True,False,0.8,0.015,"{""BCC_B2#1"": 0.967174166642434, ""C15_LAVES#1"": 0.027982873632079155, ""FCC_L12#1"": 0.0006981038971854973, ""HCP_A3#2"": 0.0024486778021079953, ""HCP_A3#3"": 0.0016961780261932043}"
0.8,0.055,0.11,0.02,0.015,True,False,0.8,0.015,"{""BCC_B2#1"": 0.967737258693843, ""C15_LAVES#1"": 0.027405010974203642, ""FCC_L12#1"": 0.000698651705159368, ""HCP_A3#2"": 0.0024607782411841506, ""HCP_A3#3"": 0.0016983003856097482}"
0.8,0.055,0.115,0.015,0.015,True,False,0.8,0.015,"{""BCC_B2#1"": 0.9683507703483644, ""C15_LAVES#1"": 0.02677800164965097, ""FCC_L12#1"": 0.0006992024091605261, ""HCP_A3#2"": 0.0024730447582269515, ""HCP_A3#3"": 0.001698980834597027}"
0.8,0.055,0.12,0.01,0.015,True,False,0.8,0.015,"{""BCC_B2#1"": 0.9690190703903683, ""C15_LAVES#1"": 0.026098006838769103, ""FCC_L12#1"": 0.000699756042045194, ""HCP_A3#2"": 0.0024854692248545956, ""HCP_A3#3"": 0.001697697503962883}"
0.8,0.055,0.125,0.005,0.015,True,False,0.8,0.015,"{""BCC_B2#1"": 0.9697468338817795, ""C15_LAVES#1"": 0.02536105313143055, ""FCC_L12#1"": 0.0007003128324815577, ""HCP_A3#2"": 0.002498042729394247, ""HCP_A3#3"": 0.0016937574249139909}"
0.8,0.055,0.13,0.0,0.015,True,False,0.8,0.015,"{""BCC_B2#1"": 0.9705390304530882, ""C15_LAVES#1"": 0.02456310018167996, ""FCC_L12#1"": 0.0007008732803149584, ""HCP_A3#2"": 0.002510755528372502, ""HCP_A3#3"": 0.0016862405565444803}"
0.8,0.06,0.0,0.125,0.015,True,False,0.8,0.015,"{""BCC_B2#1"": 0.960092934622165, ""C15_LAVES#1"": 0.03628639281046475, ""FCC_L12#1"": 0.0006885210055327143, ""HCP_A3#2"": 0.002227794203120278, ""ZRO2_MONO#1"": 0.0007043573587169821}"
0.8,0.06,0.005,0.12,0.015,True,False,0.8,0.015,"{""BCC_B2#1"": 0.9601730168557561, ""C15_LAVES#1"": 0.03619827603484214, ""FCC_L12#1"": 0.0006889506666862483, ""HCP_A3#2"": 0.002235471311982772, ""ZRO2_MONO#1"": 0.0007042851307328159}"
0.8,0.06,0.01,0.115,0.015,True,False,0.8,0.015,"{""BCC_B2#1"": 0.9602614872560988, ""C15_LAVES#1"": 0.03610152129517881, ""FCC_L12#1"": 0.0006893903308334565, ""HCP_A3#2"": 0.0022433989431168747, ""ZRO2_MONO#1"": 0.0007042021747719563}"
0.8,0.06,0.015,0.11,0.015,True,False,0.8,0.015,"{""BCC_B2#1"": 0.9603591056720051, ""C15_LAVES#1"": 0.03599536807002208, ""FCC_L12#1"": 0.0006898397631861562, ""HCP_A3#2"": 0.002251579180626564, ""ZRO2_MONO#1"": 0.0007041073141601965}"
0.8,0.06,0.02,0.105,0.015,True,False,0.8,0.015,"{""BCC_B2#1"": 0.960466696232254, ""C15_LAVES#1"": 0.035878991795375355, ""FCC_L12#1"": 0.0006902987178318162, ""HCP_A3#2"": 0.00226001432597283, ""ZRO2_MONO#1"": 0.0007039989285659602}"
0.8,0.06,0.025,0.1,0.015,True,False,0.8,0.015,"{""BCC_B2#1"": 0.9605851554519607, ""C15_LAVES#1"": 0.03575149709588604, ""FCC_L12#1"": 0.0006907669383161913, ""HCP_A3#2"": 0.0022687069612899514, ""ZRO2_MONO#1"": 0.0007038735525477537}"
0.8,0.06,0.03,0.095,0.015,True,False,0.8,0.015,"{""BCC_B2#1"": 0.9607154582155861, ""C15_LAVES#1"": 0.035611910504023646, ""FCC_L12#1"": 0.0006912441561794887, ""HCP_A3#2"": 0.002277660013330306, ""ZRO2_MONO#1"": 0.0007037271108802518}"
0.8,0.06,0.035,0.09,0.015,True,False,0.8,0.015,"{""BCC_B2#1"": 0.9608586661801709, ""C15_LAVES#1"": 0.0354591720767314, ""FCC_L12#1"": 0.000691730090213303, ""HCP_A3#2"": 0.0022868768267104403, ""ZRO2_MONO#1"": 0.0007035548261739242}"
0.8,0.06,0.04,0.085,0.015,True,False,0.8,0.015,"{""BCC_B2#1"": 0.961015936752217, ""C15_LAVES#1"": 0.0352921266635492, ""FCC_L12#1"": 0.0006922244456047332, ""HCP_A3#2"": 0.00229636124625012, ""ZRO2_MONO#1"": 0.00070335089237892}"
0.8,0.06,0.045,0.08,0.015,True,False,0.8,0.015,"{""BCC_B2#1"": 0.9612518241672217, ""C15_LAVES#1"": 0.035013123235935355, ""FCC_L12#1"": 0.0006926460879598867, ""HCP_A3#2"": 0.002305874180226598, ""HCP_A3#3"": 5.879506736229273e-05, ""ZRO2_MONO#1"": 0.0006777372612938965}"
0.8,0.06,0.05,0.075,0.015,True,False,0.8,0.015,"{""BCC_B2#1"": 0.9631283050704234, ""C15_LAVES#1"": 0.03224098719429857, ""FCC_L12#1"": 0.000691004286486929, ""HCP_A3#2"": 0.0023093299507507803, ""HCP_A3#3"": 0.0016303734980404275}"
0.8,0.06,0.055,0.07,0.015,True,False,0.8,0.015,"{""BCC_B2#1"": 0.9633394173933678, ""C15_LAVES#1"": 0.03201449123129449, ""FCC_L12#1"": 0.0006915110199747421, ""HCP_A3#2"": 0.002319218774952782, ""HCP_A3#3"": 0.0016353615804102976}"
0.8,0.06,0.06,0.065,0.015,True,False,0.8,0.015,"{""BCC_B2#1"": 0.9635703339254019, ""C15_LAVES#1"": 0.03176792009308939, ""FCC_L12#1"": 0.0006920246340470716, ""HCP_A3#2"": 0.0023293251021132993, ""HCP_A3#3"": 0.001640396245348046}"
0.8,0.06,0.065,0.06,0.015,True,False,0.8,0.015,"{""BCC_B2#1"": 0.963822815212469, ""C15_LAVES#1"": 0.03149954713157312, ""FCC_L12#1"": 0.0006925447768668129, ""HCP_A3#2"": 0.0023396459651107517, ""HCP_A3#3"": 0.001645446913979996}"
0.8,0.06,0.07,0.055,0.015,True,False,0.8,0.015,"{""BCC_B2#1"": 0.9640987837039009, ""C15_LAVES#1"": 0.031207494468174824, ""FCC_L12#1"": 0.000693071090894159, ""HCP_A3#2"": 0.0023501781254382814, ""HCP_A3#3"": 0.0016504726115917272}"
0.8,0.06,0.075,0.05,0.015,True,False,0.8,0.015,"{""BCC_B2#1"": 0.9644003383229589, ""C15_LAVES#1"": 0.030889721812787454, ""FCC_L12#1"": 0.0006936032158418921, ""HCP_A3#2"": 0.0023609180493776734, ""HCP_A3#3"": 0.0016554185990343554}"
0.8,0.06,0.08,0.045,0.015,True,False,0.8,0.015,"{""BCC_B2#1"": 0.9647297697233669, ""C15_LAVES#1"": 0.03054401569064772, ""FCC_L12#1"": 0.0006941407929501554, ""HCP_A3#2"": 0.002371861879959543, ""HCP_A3#3"": 0.0016602119130758291}"
0.8,0.06,0.085,0.04,0.015,True,False,0.8,0.015,"{""BCC_B2#1"": 0.9650895760355561, ""C15_LAVES#1"": 0.03016797962596204, ""FCC_L12#1"": 0.0006946834710477412, ""HCP_A3#2"": 0.0023830054045364795, ""HCP_A3#3"": 0.0016647554628972283}"
0.8,0.06,0.09,0.035,0.015,True,False,0.8,0.015,"{""BCC_B2#1"": 0.9654824787983609, ""C15_LAVES#1"": 0.029759026052629936, ""FCC_L12#1"": 0.0006952309150166413, ""HCP_A3#2"": 0.0023943440179093967, ""HCP_A3#3"": 0.0016689202160833278}"
0.8,0.06,0.095,0.03,0.015,True,False,0.8,0.015,"{""BCC_B2#1"": 0.9659114386229788, ""C15_LAVES#1"": 0.029314371021616714, ""FCC_L12#1"": 0.0006957828174952232, ""HCP_A3#2"": 0.0024058726810267483, ""HCP_A3#3"": 0.0016725348568826777}"
0.8,0.06,0.1,0.025,0.015,True,False,0.8,0.015,"{""BCC_B2#1"": 0.9663796699324783, ""C15_LAVES#1"": 0.028831033176744084, ""FCC_L12#1"": 0.0006963389149201776, ""HCP_A3#2"": 0.0024175858754468703, ""HCP_A3#3"": 0.0016753721004106603}"
0.8,0.06,0.105,0.02,0.015,True,False,0.8,0.015,"{""BCC_B2#1"": 0.9660802087619063, ""C15_LAVES#1"": 0.029155295396906915, ""FCC_L12#1"": 0.0006974631033084823, ""HCP_A3#1"": 0.0012600239765599027, ""HCP_A3#2"": 0.00037547655326783787, ""HCP_A3#3"": 0.0024315322080507387}"
0.8,0.06,0.11,0.015,0.015,True,False,0.8,0.015,"{""BCC_B2#1"": 0.9659500585012244, ""C15_LAVES#1"": 0.02930321889274224, ""FCC_L12#1"": 0.0006985056598699105, ""HCP_A3#1"": 0.002445365508112952, ""HCP_A3#2"": 0.0006957394020791405, ""HCP_A3#3"": 0.0009071120359712008}"
0.8,0.06,0.115,0.01,0.015,True,False,0.8,0.015,"{""BCC_B2#1"": 0.9660446001215075, ""C15_LAVES#1"": 0.029217703753953717, ""FCC_L12#1"": 0.0006994304431391193, ""HCP_A3#1"": 0.0006423789362049423, ""HCP_A3#2"": 0.0009369482965106949, ""HCP_A3#3"": 0.002458938448683875}"
0.8,0.06,0.12,0.005,0.015,True,False,0.8,0.015,"{""BCC_B2#1"": 0.9663663729921685, ""C15_LAVES#1"": 0.028897556614454672, ""FCC_L12#1"": 0.0007002387591204252, ""HCP_A3#1"": 0.00046398743234985163, ""HCP_A3#2"": 0.0010996063752554497, ""HCP_A3#3"": 0.0024722378266508263}"
0.8,0.06,0.125,0.0,0.015,True,False,0.8,0.015,"{""BCC_B2#1"": 0.9669190142155099, ""C15_LAVES#1"": 0.028340944369245197, ""FCC_L12#1"": 0.0007009318464611727, ""HCP_A3#1"": 0.00037026157998489343, ""HCP_A3#2"": 0.001183599479154941, ""HCP_A3#3"": 0.002485248509643973}"
0.8,0.065,0.0,0.12,0.015,True,False,0.8,0.015,"{""BCC_B2#1"": 0.9599832794667255, ""C15_LAVES#1"": 0.03641400059570655, ""FCC_L12#1"": 0.0006872222550670476, ""HCP_A3#3"": 0.002211017598988047, ""ZRO2_MONO#1"": 0.0007044800835126734}"
0.8,0.065,0.005,0.115,0.015,True,False,0.8,0.015,"{""BCC_B2#1"": 0.9600583377494029, ""C15_LAVES#1"": 0.03633093313381947, ""FCC_L12#1"": 0.0006876543647328442, ""HCP_A3#3"": 0.002218657352287834, ""ZRO2_MONO#1"": 0.0007044173997570381}"
0.8,0.065,0.01,0.11,0.015,True,False,0.8,0.015,"{""BCC_B2#1"": 0.9601417491015102, ""C15_LAVES#1"": 0.036239262370824366, ""FCC_L12#1"": 0.0006880970483298672, ""HCP_A3#3"": 0.002226545453891197, ""ZRO2_MONO#1"": 0.0007043460254440915}"
0.8,0.065,0.015,0.105,0.015,True,False,0.8,0.015,"{""BCC_B2#1"": 0.9602342820508016, ""C15_LAVES#1"": 0.03613822209107724, ""FCC_L12#1"": 0.0006885500616800024, ""HCP_A3#3"": 0.0022346832702255896, ""ZRO2_MONO#1"": 0.0007042625262156307}"
0.8,0.065,0.02,0.1,0.015,True,False,0.8,0.015,"{""BCC_B2#1"": 0.9603367662147257, ""C15_LAVES#1"": 0.036026981876631094, ""FCC_L12#1"": 0.0006890131472521954, ""HCP_A3#3"": 0.0022430723095472234, ""ZRO2_MONO#1"": 0.0007041664518438528}"
0.8,0.065,0.025,0.095,0.015,True,False,0.8,0.015,"{""BCC_B2#1"": 0.960450106119424, ""C15_LAVES#1"": 0.03590464007978207, ""FCC_L12#1"": 0.0006894860385890146, ""HCP_A3#3"": 0.002251714292094718, ""ZRO2_MONO#1"": 0.000704053470110191}"
0.8,0.065,0.03,0.09,0.015,True,False,0.8,0.015,"{""BCC_B2#1"": 0.960575284310619, ""C15_LAVES#1"": 0.03577021615062002, ""FCC_L12#1"": 0.0006899684566066533, ""HCP_A3#3"": 0.002260611199873402, ""ZRO2_MONO#1"": 0.0007039198822807743}"
0.8,0.065,0.035,0.085,0.015,True,False,0.8,0.015,"{""BCC_B2#1"": 0.9607133717204476, ""C15_LAVES#1"": 0.03562264215227656, ""FCC_L12#1"": 0.0006904601100749211, ""HCP_A3#2"": 0.0022697653453828946, ""ZRO2_MONO#1"": 0.0007037606718178625}"
0.8,0.065,0.04,0.08,0.015,True,False,0.8,0.015,"{""BCC_B2#1"": 0.960865538655273, ""C15_LAVES#1"": 0.03546075347755942, ""FCC_L12#1"": 0.0006909606956833334, ""HCP_A3#2"": 0.002279179445478136, ""ZRO2_MONO#1"": 0.0007035677260061191}"
0.8,0.065,0.045,0.075,0.015,True,False,0.8,0.015,"{""BCC_B2#1"": 0.9610330620189385, ""C15_LAVES#1"": 0.035283278769386583, ""FCC_L12#1"": 0.0006914698945552286, ""HCP_A3#2"": 0.002288856691168894, ""ZRO2_MONO#1"": 0.0007033326259511308}"
0.8,0.065,0.05,0.07,0.015,True,False,0.8,0.015,"{""BCC_B2#1"": 0.9612173416433353, ""C15_LAVES#1"": 0.03508882894724732, ""FCC_L12#1"": 0.0006919873740610601, ""HCP_A3#2"": 0.0022988008424468867, ""ZRO2_MONO#1"": 0.0007030411929091371}"
0.8,0.065,0.055,0.065,0.015,True,False,0.8,0.015,"{""BCC_B2#1"": 0.9614199098596644, ""C15_LAVES#1"": 0.034875885446828396, ""FCC_L12#1"": 0.0006925127838103113, ""HCP_A3#2"": 0.002309016313716728, ""ZRO2_MONO#1"": 0.0007026755959801956}"
0.8,0.065,0.06,0.06,0.015,True,False,0.8,0.015,"{""BCC_B2#1"": 0.9633560453227932, ""C15_LAVES#1"": 0.03202538040390621, ""FCC_L12#1"": 0.00069090116707123, ""HCP_A3#2"": 0.0016032843841980713, ""HCP_A3#3"": 0.0023133259580271305, ""ZRO2_MONO#1"": 1.1062764004250611e-05}"
0.8,0.065,0.065,0.055,0.015,True,False,0.8,0.015,"{""BCC_B2#1"": 0.9636310253039325, ""C15_LAVES#1"": 0.03172033728271487, ""FCC_L12#1"": 0.0006913962683830455, ""HCP_A3#2"": 0.001633689589190471, ""HCP_A3#3"": 0.00232355155577922}"
0.8,0.065,0.07,0.05,0.015,True,False,0.8,0.015,"{""BCC_B2#1"": 0.9639022957990336, ""C15_LAVES#1"": 0.031433281886107195, ""FCC_L12#1"": 0.0006919320960205825, ""HCP_A3#2"": 0.0016384094381120384, ""HCP_A3#3"": 0.0023340807807261084}"
0.8,0.065,0.075,0.045,0.015,True,False,0.8,0.015,"{""BCC_B2#1"": 0.9641992942038833, ""C15_LAVES#1"": 0.031120445295792415, ""FCC_L12#1"": 0.0006924742481899867, ""HCP_A3#2"": 0.0016429703832339135, ""HCP_A3#3"": 0.00234481586890046}"
0.8,0.065,0.08,0.04,0.015,True,False,0.8,0.015,"{""BCC_B2#1"": 0.9633540540822646, ""C15_LAVES#1"": 0.032011213434614945, ""FCC_L12#1"": 0.000693820324692387, ""HCP_A3#1"": 0.0005382781562043006, ""HCP_A3#2"": 0.0010442271668538153, ""HCP_A3#3"": 0.0023584068353699472}"
0.8,0.065,0.085,0.035,0.015,True,False,0.8,0.015,"{""BCC_B2#1"": 0.9619345631405981, ""C15_LAVES#1"": 0.033507256805380595, ""FCC_L12#1"": 0.0006955891662469226, ""HCP_A3#1"": 0.0013546550339306504, ""HCP_A3#2"": 0.0001343028732952616, ""HCP_A3#3"": 0.0023736329805484585}"
0.8,0.065,0.09,0.03,0.015,True,False,0.8,0.015,"{""BCC_B2#1"": 0.9620527125664967, ""C15_LAVES#1"": 0.033383559257599026, ""FCC_L12#1"": 0.0006963261657513981, ""HCP_A3#2"": 0.0023853547477116974, ""HCP_A3#3"": 0.0014820472624412012}"
0.8,0.065,0.095,0.025,0.015,True,False,0.8,0.015,"{""BCC_B2#1"": 0.9624688048259192, ""C15_LAVES#1"": 0.0329476082997672, ""FCC_L12#1"": 0.0006968875481586424, ""HCP_A3#2"": 0.0023966432858457468, ""HCP_A3#3"": 0.0014900560403094643}"
0.8,0.065,0.1,0.02,0.015,True,False,0.8,0.015,"{""BCC_B2#1"": 0.9629260841065684, ""C15_LAVES#1"": 0.03247047679286072, ""FCC_L12#1"": 0.0006974531079854743, ""HCP_A3#2"": 0.002408144173354013, ""HCP_A3#3"": 0.0014978418192312043}"
0.8,0.065,0.105,0.015,0.015,True,False,0.8,0.015,"{""BCC_B2#1"": 0.9634287830029854, ""C15_LAVES#1"": 0.03194824955477703, ""FCC_L12#1"": 0.0006980223111393573, ""HCP_A3#2"": 0.0024198478304130965, ""HCP_A3#3"": 0.0015050973006853472}"
0.8,0.065,0.11,0.01,0.015,True,False,0.8,0.015,"{""BCC_B2#1"": 0.9639816468519141, ""C15_LAVES#1"": 0.031376614622741716, ""FCC_L12#1"": 0.0006985945749393269, ""HCP_A3#2"": 0.002431744601890991, ""HCP_A3#3"": 0.0015113993485137984}"
0.8,0.065,0.115,0.005,0.015,True,False,0.8,0.015,"{""BCC_B2#1"": 0.9645900125768764, ""C15_LAVES#1"": 0.030750826971474167, ""FCC_L12#1"": 0.0006991692639234205, ""HCP_A3#2"": 0.002443824288248002, ""HCP_A3#3"": 0.0015161668994780693}"
0.8,0.065,0.12,0.0,0.015,True,False,0.8,0.015,"{""BCC_B2#1"": 0.9652599054050619, ""C15_LAVES#1"": 0.030065670413209563, ""FCC_L12#1"": 0.0006997456848335421, ""HCP_A3#2"": 0.0024560756491688552, ""HCP_A3#3"": 0.0015186028477264034}"
0.8,0.07,0.0,0.115,0.015,True,False,0.8,0.015,"{""BCC_B2#1"": 0.9598928316627028, ""C15_LAVES#1"": 0.03651996271526377, ""FCC_L12#1"": 0.0006860828633162374, ""HCP_A3#2"": 0.0021965557092467436, ""ZRO2_MONO#1"": 0.000704567049470366}"
0.8,0.07,0.005,0.11,0.015,True,False,0.8,0.015,"{""BCC_B2#1"": 0.9599635933108042, ""C15_LAVES#1"": 0.036441193953517304, ""FCC_L12#1"": 0.0006865168336720462, ""HCP_A3#2"": 0.0022041845666633435, ""ZRO2_MONO#1"": 0.0007045113353429308}"
0.8,0.07,0.01,0.105,0.015,True,False,0.8,0.015,"{""BCC_B2#1"": 0.9600427248236988, ""C15_LAVES#1"": 0.03635380557074499, ""FCC_L12#1"": 0.0006869619375349119, ""HCP_A3#2"": 0.002212060693300055, ""ZRO2_MONO#1"": 0.0007044469747215185}"
0.8,0.07,0.015,0.1,0.015,True,False,0.8,0.015,"{""BCC_B2#1"": 0.9601310029282788, ""C15_LAVES#1"": 0.03625702265929998, ""FCC_L12#1"": 0.0006874179127567926, ""HCP_A3#2"": 0.0022201848228731577, ""ZRO2_MONO#1"": 0.0007043716767913035}"
0.8,0.07,0.02,0.095,0.015,True,False,0.8,0.015,"{""BCC_B2#1"": 0.9602292693835524, ""C15_LAVES#1"": 0.036150005711946744, ""FCC_L12#1"": 0.0006878844868235172, ""HCP_A3#2"": 0.0022285577875258904, ""ZRO2_MONO#1"": 0.0007042826301513919}"
0.8,0.07,0.025,0.09,0.015,True,False,0.8,0.015,"{""BCC_B2#1"": 0.9603384368098296, ""C15_LAVES#1"": 0.03603184358721767, ""FCC_L12#1"": 0.0006883613757944647, ""HCP_A3#2"": 0.002237180568243977, ""ZRO2_MONO#1"": 0.000704177658914327}"
0.8,0.07,0.03,0.085,0.015,True,False,0.8,0.015,"{""BCC_B2#1"": 0.9604595017559067, ""C15_LAVES#1"": 0.0359015451658974, ""FCC_L12#1"": 0.0006888482870638492, ""HCP_A3#2"": 0.0022460543606543275, ""ZRO2_MONO#1"": 0.0007040504304778126}"
0.8,0.07,0.035,0.08,0.015,True,False,0.8,0.015,"{""BCC_B2#1"": 0.960593547486252, ""C15_LAVES#1"": 0.0357580308058253, ""FCC_L12#1"": 0.0006893449144570609, ""HCP_A3#3"": 0.0022551806216898045, ""ZRO2_MONO#1"": 0.0007038961717754021}"
0.8,0.07,0.04,0.075,0.015,True,False,0.8,0.015,"{""BCC_B2#1"": 0.9607417586249276, ""C15_LAVES#1"": 0.03560012259670823, ""FCC_L12#1"": 0.0006898509403663922, ""HCP_A3#3"": 0.002264561142762889, ""ZRO2_MONO#1"": 0.0007037066952347786}"
0.8,0.07,0.045,0.07,0.015,True,False,0.8,0.015,"{""BCC_B2#1"": 0.960905432399644, ""C15_LAVES#1"": 0.03542653391602201, ""FCC_L12#1"": 0.0006903660345809813, ""HCP_A3#2"": 0.002274198117929217, ""ZRO2_MONO#1"": 0.0007034695318233925}"
0.8,0.07,0.05,0.065,0.015,True,False,0.8,0.015,"{""BCC_B2#1"": 0.9610859865884279, ""C15_LAVES#1"": 0.03523585817137063, ""FCC_L12#1"": 0.0006908898497361986, ""HCP_A3#2"": 0.0022840942067719433, ""ZRO2_MONO#1"": 0.0007031711836931214}"
0.8,0.07,0.055,0.06,0.015,True,False,0.8,0.015,"{""BCC_B2#1"": 0.9612849796061149, ""C15_LAVES#1"": 0.0350265566722234, ""FCC_L12#1"": 0.0006914220239337733, ""HCP_A3#2"": 0.0022942526263503567, ""ZRO2_MONO#1"": 0.0007027890713774034}"
0.8,0.07,0.06,0.055,0.015,True,False,0.8,0.015,"{""BCC_B2#1"": 0.9615041208062256, ""C15_LAVES#1"": 0.03479694585848638, ""FCC_L12#1"": 0.0006919621752391902, ""HCP_A3#2"": 0.002304677223560802, ""ZRO2_MONO#1"": 0.0007022939364881226}"
0.8,0.07,0.065,0.05,0.015,True,False,0.8,0.015,"{""BCC_B2#1"": 0.9617452886848783, ""C15_LAVES#1"": 0.034545184008609606, ""FCC_L12#1"": 0.0006925099001675408, ""HCP_A3#2"": 0.0023153725668401282, ""ZRO2_MONO#1"": 0.0007016448395043129}"
0.8,0.07,0.07,0.045,0.015,True,False,0.8,0.015,"{""BCC_B2#1"": 0.9607593149538863, ""C15_LAVES#1"": 0.03475765340259308, ""FCC_L12#1"": 0.0006929255243645206, ""HCP_A3#1"": 0.001371743778797996, ""HCP_A3#2"": 9.176599597527933e-05, ""HCP_A3#3"": 0.002326596344382649}"
0.8,0.07,0.075,0.04,0.015,True,False,0.8,0.015,"{""BCC_B2#1"": 0.9608641581985333, ""C15_LAVES#1"": 0.03464418298342757, ""FCC_L12#1"": 0.0006935932195033116, ""HCP_A3#2"": 0.0023373844687350244, ""HCP_A3#3"": 0.0014606811298009}"
0.8,0.07,0.08,0.035,0.015,True,False,0.8,0.015,"{""BCC_B2#1"": 0.9611757052517645, ""C15_LAVES#1"": 0.034313815219085206, ""FCC_L12#1"": 0.0006941468367029979, ""HCP_A3#2"": 0.002348011858422572, ""HCP_A3#3"": 0.001468320834024748}"
0.8,0.07,0.085,0.03,0.015,True,False,0.8,0.015,"{""BCC_B2#1"": 0.9615186646509137, ""C15_LAVES#1"": 0.03395156022486615, ""FCC_L12#1"": 0.0006947064028150986, ""HCP_A3#2"": 0.0023588698868221986, ""HCP_A3#3"": 0.0014761988345828845}"
0.8,0.07,0.09,0.025,0.015,True,False,0.8,0.015,"{""BCC_B2#1"": 0.961896176802153, ""C15_LAVES#1"": 0.033554420206949216, ""FCC_L12#1"": 0.0006952715052226209, ""HCP_A3#2"": 0.0023699475832754478, ""HCP_A3#3"": 0.001484183902399776}"
0.8,0.07,0.095,0.02,0.015,True,False,0.8,0.015,"{""BCC_B2#1"": 0.9623117488569957, ""C15_LAVES#1"": 0.03311908320968723, ""FCC_L12#1"": 0.000695841690017156, ""HCP_A3#2"": 0.002381235146614267, ""HCP_A3#3"": 0.001492091096685661}"
0.8,0.07,0.1,0.015,0.015,True,False,0.8,0.015,"{""BCC_B2#1"": 0.9627693032203981, ""C15_LAVES#1"": 0.032641893475673485, ""FCC_L12#1"": 0.000696416459141112, ""HCP_A3#2"": 0.0023927233443559797, ""HCP_A3#3"": 0.0014996635004311829}"
0.8,0.07,0.105,0.01,0.015,True,False,0.8,0.015,"{""BCC_B2#1"": 0.9632732360096267, ""C15_LAVES#1"": 0.03211881879076158, ""FCC_L12#1"": 0.0006969952671496556, ""HCP_A3#2"": 0.002404403027156402, ""HCP_A3#3"": 0.0015065469053057836}"
0.8,0.07,0.11,0.005,0.015,True,False,0.8,0.015,"{""BCC_B2#1"": 0.963828487804371, ""C15_LAVES#1"": 0.031545415130914335, ""FCC_L12#1"": 0.0006975775175908095, ""HCP_A3#2"": 0.0024162646906378117, ""HCP_A3#3"": 0.001512254856485741}"
0.8,0.07,0.115,0.0,0.015,True,False,0.8,0.015,"{""BCC_B2#1"": 0.964440629897873, ""C15_LAVES#1"": 0.03091678907201342, ""FCC_L12#1"": 0.0006981625588226654, ""HCP_A3#2"": 0.0024282980325504686, ""HCP_A3#3"": 0.0015161204387400566}"
0.8,0.075,0.0,0.11,0.015,True,False,0.8,0.015,"{""BCC_B2#1"": 0.9598182891082698, ""C15_LAVES#1"": 0.03660795727926246, ""FCC_L12#1"": 0.0006850837186688448, ""HCP_A3#2"": 0.0021840403298926496, ""ZRO2_MONO#1"": 0.0007046295639060836}"
0.8,0.075,0.005,0.105,0.015,True,False,0.8,0.015,"{""BCC_B2#1"": 0.9598853706289456, ""C15_LAVES#1"": 0.03653285303563316, ""FCC_L12#1"": 0.0006855189945943692, ""HCP_A3#2"": 0.002191678506995235, ""ZRO2_MONO#1"": 0.0007045788338313114}"
0.8,0.075,0.01,0.1,0.015,True,False,0.8,0.015,"{""BCC_B2#1"": 0.9599608829536836, ""C15_LAVES#1"": 0.03644906824545704, ""FCC_L12#1"": 0.0006859659621741227, ""HCP_A3#2"": 0.002199563654064057, ""ZRO2_MONO#1"": 0.0007045191846212082}"
0.8,0.075,0.015,0.095,0.015,True,False,0.8,0.015,"{""BCC_B2#1"": 0.960045614774649, ""C15_LAVES#1"": 0.036355816483449314, ""FCC_L12#1"": 0.0006864243351411794, ""HCP_A3#2"": 0.0022076959287833393, ""ZRO2_MONO#1"": 0.0007044484779770476}"
0.8,0.075,0.02,0.09,0.015,True,False,0.8,0.015,"{""BCC_B2#1"": 0.9601404203300156, ""C15_LAVES#1"": 0.03625224640119901, ""FCC_L12#1"": 0.0006868938180718254, ""HCP_A3#2"": 0.0022160755489722328, ""ZRO2_MONO#1"": 0.0007043639017412674}"
0.8,0.075,0.025,0.085,0.015,True,False,0.8,0.015,"{""BCC_B2#1"": 0.9602462272005938, ""C15_LAVES#1"": 0.03613743421165577, ""FCC_L12#1"": 0.0006873741064232792, ""HCP_A3#3"": 0.0022247028451632903, ""ZRO2_MONO#1"": 0.0007042616361637298}"
0.8,0.075,0.03,0.08,0.015,True,False,0.8,0.015,"{""BCC_B2#1"": 0.9603640449961093, ""C15_LAVES#1"": 0.036010375172196143, ""FCC_L12#1"": 0.0006878648861018213, ""HCP_A3#3"": 0.002233578314422903, ""ZRO2_MONO#1"": 0.0007041366311699897}"
0.8,0.075,0.035,0.075,0.015,True,False,0.8,0.015,"{""BCC_B2#1"": 0.960494974674646, ""C15_LAVES#1"": 0.03586997455241, ""FCC_L12#1"": 0.0006883658326445778, ""HCP_A3#2"": 0.0022427026765423973, ""ZRO2_MONO#1"": 0.0007039822637570825}"
0.8,0.075,0.04,0.07,0.015,True,False,0.8,0.015,"{""BCC_B2#1"": 0.9606402204975296, ""C15_LAVES#1"": 0.035715037530299185, ""FCC_L12#1"": 0.0006888766110399876, ""HCP_A3#3"": 0.0022520769353369563, ""ZRO2_MONO#1"": 0.0007037884257943692}"
0.8,0.075,0.045,0.065,0.015,True,False,0.8,0.015,"{""BCC_B2#1"": 0.9608011002314866, ""C15_LAVES#1"": 0.03554425845220263, ""FCC_L12#1"": 0.0006893968733298789, ""HCP_A3#2"": 0.002261702436733662, ""ZRO2_MONO#1"": 0.0007035420062474483}"
0.8,0.075,0.05,0.06,0.015,True,False,0.8,0.015,"{""BCC_B2#1"": 0.9609790578568324, ""C15_LAVES#1"": 0.035356209031211595, ""FCC_L12#1"": 0.0006899262566034977, ""HCP_A3#2"": 0.002271580931387256, ""ZRO2_MONO#1"": 0.0007032259239651876}"
0.8,0.075,0.055,0.055,0.015,True,False,0.8,0.015,"{""BCC_B2#1"": 0.9611756811189486, ""C15_LAVES#1"": 0.03514932614252636, ""FCC_L12#1"": 0.0006904643832353182, ""HCP_A3#2"": 0.0022817146487029375, ""ZRO2_MONO#1"": 0.000702813706586902}"
0.8,0.075,0.06,0.05,0.015,True,False,0.8,0.015,"{""BCC_B2#1"": 0.9613927128682378, ""C15_LAVES#1"": 0.034921898628877936, ""FCC_L12#1"": 0.0006910108551241965, ""HCP_A3#2"": 0.0022921063543884994, ""ZRO2_MONO#1"": 0.0007022712933715078}"
0.8,0.075,0.065,0.045,0.015,True,False,0.8,0.015,"{""BCC_B2#1"": 0.9612593174150339, ""C15_LAVES#1"": 0.03484917254679617, ""FCC_L12#1"": 0.0006915588287543546, ""HCP_A3#2"": 0.002302990080523338, ""HCP_A3#3"": 0.0003787678313922253, ""ZRO2_MONO#1"": 0.0005181932975001015}"
0.8,0.075,0.07,0.04,0.015,True,False,0.8,0.015,"{""BCC_B2#1"": 0.9604626140806249, ""C15_LAVES#1"": 0.03507616033360216, ""FCC_L12#1"": 0.0006920902122729131, ""HCP_A3#2"": 0.0023139484761376065, ""HCP_A3#3"": 0.0014551868973622245}"
0.8,0.075,0.075,0.035,0.015,True,False,0.8,0.015,"{""BCC_B2#1"": 0.960744540191911, ""C15_LAVES#1"": 0.034775845159882406, ""FCC_L12#1"": 0.0006926435969945098, ""HCP_A3#2"": 0.0023243861942516056, ""HCP_A3#3"": 0.0014625848569602994}"
0.8,0.075,0.08,0.03,0.015,True,False,0.8,0.015,"{""BCC_B2#1"": 0.9610555384378507, ""C15_LAVES#1"": 0.034445913132767327, ""FCC_L12#1"": 0.0006932036856409827, ""HCP_A3#2"": 0.002335054002069725, ""HCP_A3#3"": 0.0014702907416710485}"
0.8,0.075,0.085,0.025,0.015,True,False,0.8,0.015,"{""BCC_B2#1"": 0.9613985171106801, ""C15_LAVES#1"": 0.03408357518305699, ""FCC_L12#1"": 0.0006937701012791499, ""HCP_A3#2"": 0.0023459405840851166, ""HCP_A3#3"": 0.0014781970208986534}"
0.8,0.075,0.09,0.02,0.015,True,False,0.8,0.015,"{""BCC_B2#1"": 0.9617767262664012, ""C15_LAVES#1"": 0.03368574478852566, ""FCC_L12#1"": 0.0006943424265258304, ""HCP_A3#2"": 0.002357036047908057, ""HCP_A3#3"": 0.0014861504706394407}"
0.8,0.075,0.095,0.015,0.015,True,False,0.8,0.015,"{""BCC_B2#1"": 0.9621938016065655, ""C15_LAVES#1"": 0.03324900986047525, ""FCC_L12#1"": 0.0006949202007869467, ""HCP_A3#2"": 0.0023683312674092844, ""HCP_A3#3"": 0.0014939370647631249}"
0.8,0.075,0.1,0.01,0.015,True,False,0.8,0.015,"{""BCC_B2#1"": 0.9626538173082346, ""C15_LAVES#1"": 0.03276960142417182, ""FCC_L12#1"": 0.0006955029172803118, ""HCP_A3#2"": 0.0023798173804340642, ""HCP_A3#3"": 0.001501260969879499}"
0.8,0.075,0.105,0.005,0.015,True,False,0.8,0.015,"{""BCC_B2#1"": 0.9631613497075683, ""C15_LAVES#1"": 0.0322433593819597, ""FCC_L12#1"": 0.0006960900198094493, ""HCP_A3#2"": 0.002391485361101971, ""HCP_A3#3"": 0.0015077155295605393}"
0.8,0.075,0.11,0.0,0.015,True,False,0.8,0.015,"{""BCC_B2#1"": 0.9637215545066657, ""C15_LAVES#1"": 0.031665695714172826, ""FCC_L12#1"": 0.0006966808991911071, ""HCP_A3#2"": 0.002403325610490954, ""HCP_A3#3"": 0.0015127432694798594}"
0.8,0.08,0.0,0.105,0.015,True,False,0.8,0.015,"{""BCC_B2#1"": 0.9597570372004273, ""C15_LAVES#1"": 0.036680904023951154, ""FCC_L12#1"": 0.0006842079017247367, ""HCP_A3#2"": 0.002173175481644284, ""ZRO2_MONO#1"": 0.0007046753922523598}"
0.8,0.08,0.005,0.1,0.015,True,False,0.8,0.015,"{""BCC_B2#1"": 0.9598209698681941, ""C15_LAVES#1"": 0.036608919867160826, ""FCC_L12#1"": 0.0006846439909497409, ""HCP_A3#2"": 0.002180838978977074, ""ZRO2_MONO#1"": 0.0007046272947183227}"
0.8,0.08,0.01,0.095,0.015,True,False,0.8,0.015,"{""BCC_B2#1"": 0.959893432571357, ""C15_LAVES#1"": 0.03652815468796307, ""FCC_L12#1"": 0.0006850923353789913, ""HCP_A3#2"": 0.0021887497306255677, ""ZRO2_MONO#1"": 0.0007045706746752784}"
0.8,0.08,0.015,0.09,0.015,True,False,0.8,0.015,"{""BCC_B2#1"": 0.9599752298806713, ""C15_LAVES#1"": 0.036437807938372764, ""FCC_L12#1"": 0.0006855526182091466, ""HCP_A3#2"": 0.0021969073519728455, ""ZRO2_MONO#1"": 0.0007045022107739264}"
0.8,0.08,0.02,0.085,0.015,True,False,0.8,0.015,"{""BCC_B2#1"": 0.9600672315454789, ""C15_LAVES#1"": 0.03633701372317496, ""FCC_L12#1"": 0.0006860245147025506, ""HCP_A3#2"": 0.002205311487500525, ""ZRO2_MONO#1"": 0.000704418729142958}"
0.8,0.08,0.025,0.08,0.015,True,False,0.8,0.015,"{""BCC_B2#1"": 0.9601703807118562, ""C15_LAVES#1"": 0.036224832898439425, ""FCC_L12#1"": 0.0006865076922706038, ""HCP_A3#2"": 0.0022139618634695215, ""ZRO2_MONO#1"": 0.0007043168339640464}"
0.8,0.08,0.03,0.075,0.015,True,False,0.8,0.015,"{""BCC_B2#1"": 0.9602857059523132, ""C15_LAVES#1"": 0.03610024413567807, ""FCC_L12#1"": 0.0006870018119864949, ""HCP_A3#3"": 0.0022228583469994035, ""ZRO2_MONO#1"": 0.0007041897530228569}"
0.8,0.08,0.035,0.07,0.015,True,False,0.8,0.015,"{""BCC_B2#1"": 0.9604143285394167, ""C15_LAVES#1"": 0.03596213448950371, ""FCC_L12#1"": 0.0006875065259069119, ""HCP_A3#3"": 0.002232000994502411, ""ZRO2_MONO#1"": 0.0007040294506704633}"
0.8,0.08,0.04,0.065,0.015,True,False,0.8,0.015,"{""BCC_B2#1"": 0.9605574736794035, ""C15_LAVES#1"": 0.03580928897801534, ""FCC_L12#1"": 0.0006880214758853806, ""HCP_A3#3"": 0.00224139010685355, ""ZRO2_MONO#1"": 0.0007038257598424484}"
0.8,0.08,0.045,0.06,0.015,True,False,0.8,0.015,"{""BCC_B2#1"": 0.9607164854755967, ""C15_LAVES#1"": 0.0356403791827713, ""FCC_L12#1"": 0.0006885462936560287, ""HCP_A3#3"": 0.0022510262906835633, ""ZRO2_MONO#1"": 0.0007035627572926197}"
0.8,0.08,0.05,0.055,0.015,True,False,0.8,0.015,"{""BCC_B2#1"": 0.9608928393280805, ""C15_LAVES#1"": 0.03545395146418933, ""FCC_L12#1"": 0.0006890805981113838, ""HCP_A3#3"": 0.002260910513145487, ""ZRO2_MONO#1"": 0.0007032180964734924}"
0.8,0.08,0.055,0.05,0.015,True,False,0.8,0.015,"{""BCC_B2#1"": 0.9610881534910959, ""C15_LAVES#1"": 0.035248414081224824, ""FCC_L12#1"": 0.0006896239902727215, ""HCP_A3#3"": 0.0022710441504033745, ""ZRO2_MONO#1"": 0.0007027642870031412}"
0.8,0.08,0.06,0.045,0.015,True,False,0.8,0.015,"{""BCC_B2#1"": 0.9613042133047687, ""C15_LAVES#1"": 0.03502202410446198, ""FCC_L12#1"": 0.0006901760556958655, ""HCP_A3#3"": 0.0022814290610336844, ""ZRO2_MONO#1"": 0.0007021574740399212}"
0.8,0.08,0.065,0.04,0.015,True,False,0.8,0.015,"{""BCC_B2#1"": 0.9601145797397054, ""C15_LAVES#1"": 0.035452274963352674, ""FCC_L12#1"": 0.0006906978981736531, ""HCP_A3#2"": 0.0014497656821052436, ""HCP_A3#3"": 0.0022926817166629234}"
0.8,0.08,0.07,0.035,0.015,True,False,0.8,0.015,"{""BCC_B2#1"": 0.9603698659403785, ""C15_LAVES#1"": 0.035179049310394506, ""FCC_L12#1"": 0.0006912491205297826, ""HCP_A3#2"": 0.0014568938808237667, ""HCP_A3#3"": 0.0023029417478736625}"
0.8,0.08,0.075,0.03,0.015,True,False,0.8,0.015,"{""BCC_B2#1"": 0.9606521164969194, ""C15_LAVES#1"": 0.03487825271201477, ""FCC_L12#1"": 0.0006918077268516432, ""HCP_A3#2"": 0.001464389757366832, ""HCP_A3#3"": 0.0023134333068476516}"
0.8,0.08,0.08,0.025,0.015,True,False,0.8,0.015,"{""BCC_B2#1"": 0.9609640235409732, ""C15_LAVES#1"": 0.034547292268762415, ""FCC_L12#1"": 0.000692373376145651, ""HCP_A3#2"": 0.0014721664975986073, ""HCP_A3#3"": 0.002324144316519813}"
0.8,0.08,0.085,0.02,0.015,True,False,0.8,0.015,"{""BCC_B2#1"": 0.961308598467017, ""C15_LAVES#1"": 0.034183293165434246, ""FCC_L12#1"": 0.0006929456880597017, ""HCP_A3#2"": 0.0014800981928883071, ""HCP_A3#3"": 0.002335064486600572}"
0.8,0.08,0.09,0.015,0.015,True,False,0.8,0.015,"{""BCC_B2#1"": 0.9616892114922546, ""C15_LAVES#1"": 0.03378307229474561, ""FCC_L12#1"": 0.0006935242401796308, ""HCP_A3#2"": 0.001488007421549042, ""HCP_A3#3"": 0.0023461845512712707}"
0.8,0.08,0.095,0.01,0.015,True,False,0.8,0.015,"{""BCC_B2#1"": 0.9621096394147793, ""C15_LAVES#1"": 0.03334310843518652, ""FCC_L12#1"": 0.0006941085651556957, ""HCP_A3#2"": 0.0014956478652387788, ""HCP_A3#3"": 0.0023574957196398566}"
0.8,0.08,0.1,0.005,0.015,True,False,0.8,0.015,"{""BCC_B2#1"": 0.9625741230646464, ""C15_LAVES#1"": 0.03285950930178073, ""FCC_L12#1"": 0.0006946981477382962, ""HCP_A3#2"": 0.0015026802489294501, ""HCP_A3#3"": 0.002368989236905447}"
0.8,0.08,0.105,0.0,0.015,True,False,0.8,0.015,"{""BCC_B2#1"": 0.9630874366404422, ""C15_LAVES#1"": 0.03232797577053007, ""FCC_L12#1"": 0.0006952924216183341, ""HCP_A3#2"": 0.0015086391772648783, ""HCP_A3#3"": 0.002380655990144919}"
0.8,0.085,0.0,0.1,0.015,True,False,0.8,0.015,"{""BCC_B2#1"": 0.9597069973400041, ""C15_LAVES#1"": 0.03674113222517471, ""FCC_L12#1"": 0.0006834405543324316, ""HCP_A3#3"": 0.0021637209917846597, ""ZRO2_MONO#1"": 0.0007047088887042605}"
0.8,0.085,0.005,0.095,0.015,True,False,0.8,0.015,"{""BCC_B2#1"": 0.9597682438008256, ""C15_LAVES#1"": 0.03667179395497361, ""FCC_L12#1"": 0.0006838770423172217, ""HCP_A3#3"": 0.0021714228613261065, ""ZRO2_MONO#1"": 0.0007046623405574345}"
0.8,0.085,0.01,0.09,0.015,True,True,0.8,0.015,{}
0.8,0.085,0.015,0.085,0.015,True,False,0.8,0.015,"{""BCC_B2#1"": 0.9599175544376172, ""C15_LAVES#1"": 0.03650554906294105, ""FCC_L12#1"": 0.0006847881513261067, ""HCP_A3#3"": 0.0021875696866947058, ""ZRO2_MONO#1"": 0.0007045386614207085}"
0.8,0.085,0.02,0.08,0.015,True,False,0.8,0.015,"{""BCC_B2#1"": 0.9600073277968527, ""C15_LAVES#1"": 0.03640694246346155, ""FCC_L12#1"": 0.0006852620554417831, ""HCP_A3#3"": 0.0021960128221732537, ""ZRO2_MONO#1"": 0.0007044548620708223}"
0.8,0.085,0.025,0.075,0.015,True,False,0.8,0.015,"{""BCC_B2#1"": 0.9601084398686291, ""C15_LAVES#1"": 0.03629676156662757, ""FCC_L12#1"": 0.0006857477074462856, ""HCP_A3#3"": 0.0022047012965874606, ""ZRO2_MONO#1"": 0.0007043495607094723}"
0.8,0.085,0.03,0.07,0.015,True,False,0.8,0.015,"{""BCC_B2#1"": 0.9602219381943978, ""C15_LAVES#1"": 0.03617396586658221, ""FCC_L12#1"": 0.00068624473635583, ""HCP_A3#3"": 0.0022136343817680173, ""ZRO2_MONO#1"": 0.0007042168208961849}"
0.8,0.085,0.035,0.065,0.015,True,False,0.8,0.015,"{""BCC_B2#1"": 0.9603489674881129, ""C15_LAVES#1"": 0.036037421208261186, ""FCC_L12#1"": 0.000686752766002429, ""HCP_A3#3"": 0.002222811520647542, ""ZRO2_MONO#1"": 0.0007040470169757668}"
0.8,0.085,0.04,0.06,0.015,True,False,0.8,0.015,"{""BCC_B2#1"": 0.9604907795576303, ""C15_LAVES#1"": 0.03588588925599845, ""FCC_L12#1"": 0.0006872714124677669, ""HCP_A3#3"": 0.0022322323764557817, ""ZRO2_MONO#1"": 0.0007038273974476217}"
0.8,0.085,0.045,0.055,0.015,True,False,0.8,0.015,"{""BCC_B2#1"": 0.9606487486056968, ""C15_LAVES#1"": 0.035718015519918246, ""FCC_L12#1"": 0.0006878002835449408, ""HCP_A3#3"": 0.0022418968886232923, ""ZRO2_MONO#1"": 0.0007035387022165721}"
0.8,0.085,0.05,0.05,0.015,True,False,0.8,0.015,"{""BCC_B2#1"": 0.9608243808190597, ""C15_LAVES#1"": 0.03553231732684299, ""FCC_L12#1"": 0.000688338973250859, ""HCP_A3#3"": 0.0022518053140836254, ""ZRO2_MONO#1"": 0.00070315756676244}"
0.8,0.085,0.055,0.045,0.015,True,False,0.8,0.015,"{""BCC_B2#1"": 0.9610193362609099, ""C15_LAVES#1"": 0.03532717058956285, ""FCC_L12#1"": 0.0006888870629530821, ""HCP_A3#2"": 0.0022619582887879056, ""ZRO2_MONO#1"": 0.0007026477977864272}"
0.8,0.085,0.06,0.04,0.015,True,False,0.8,0.015,"{""BCC_B2#1"": 0.9612354430479163, ""C15_LAVES#1"": 0.03510079657701949, ""FCC_L12#1"": 0.0006894441156813875, ""HCP_A3#2"": 0.0022723568660466186, ""ZRO2_MONO#1"": 0.0007019593933360881}"
0.8,0.085,0.065,0.035,0.015,True,False,0.8,0.015,"{""BCC_B2#1"": 0.960043159492918, ""C15_LAVES#1"": 0.03553227648334447, ""FCC_L12#1"": 0.0006899539289152059, ""HCP_A3#2"": 0.002283318176198192, ""HCP_A3#3"": 0.0014512919186241595}"
0.8,0.085,0.07,0.03,0.015,True,False,0.8,0.015,"{""BCC_B2#1"": 0.9602994086415051, ""C15_LAVES#1"": 0.03525789556729667, ""FCC_L12#1"": 0.0006905093338783012, ""HCP_A3#2"": 0.002293644217370452, ""HCP_A3#3"": 0.0014585422399497098}"
0.8,0.085,0.075,0.025,0.015,True,False,0.8,0.015,"{""BCC_B2#1"": 0.9605832139203007, ""C15_LAVES#1"": 0.03495537911229822, ""FCC_L12#1"": 0.000691072427371625, ""HCP_A3#2"": 0.002304191971419192, ""HCP_A3#3"": 0.0014661425686105596}"
0.8,0.085,0.08,0.02,0.015,True,False,0.8,0.015,"{""BCC_B2#1"": 0.9608973645954759, ""C15_LAVES#1"": 0.0346220514501456, ""FCC_L12#1"": 0.0006916428658361264, ""HCP_A3#2"": 0.002314950393939369, ""HCP_A3#3"": 0.001473990694602896}"
0.8,0.085,0.085,0.015,0.015,True,False,0.8,0.015,"{""BCC_B2#1"": 0.9612449845595992, ""C15_LAVES#1"": 0.03425494480613795, ""FCC_L12#1"": 0.0006922202650454027, ""HCP_A3#2"": 0.002325909810318028, ""HCP_A3#3"": 0.0014819405588992014}"
0.8,0.085,0.09,0.01,0.015,True,False,0.8,0.015,"{""BCC_B2#1"": 0.9616295754087587, ""C15_LAVES#1"": 0.03385077117853785, ""FCC_L12#1"": 0.0006928041972637792, ""HCP_A3#2"": 0.0023370612768059303, ""HCP_A3#3"": 0.0014897879386337244}"
0.8,0.085,0.095,0.005,0.015,True,False,0.8,0.015,"{""BCC_B2#1"": 0.9620550683185684, ""C15_LAVES#1"": 0.03340589085172559, ""FCC_L12#1"": 0.0006933941883799693, ""HCP_A3#2"": 0.0023483961039410767, ""HCP_A3#3"": 0.001497250537384867}"
0.8,0.085,0.1,0.0,0.015,True,False,0.8,0.015,"{""BCC_B2#1"": 0.9625258864708746, ""C15_LAVES#1"": 0.03291627784697702, ""FCC_L12#1"": 0.0006939897150158962, ""HCP_A3#2"": 0.0023599054579154996, ""HCP_A3#3"": 0.0015039405092174577}"
0.8,0.09,0.0,0.095,0.015,True,False,0.8,0.015,"{""BCC_B2#1"": 0.9596665067078458, ""C15_LAVES#1"": 0.03679051123489214, ""FCC_L12#1"": 0.0006827686899153593, ""HCP_A3#2"": 0.002155480305595142, ""ZRO2_MONO#1"": 0.0007047330617515366}"
0.8,0.09,0.005,0.09,0.015,True,False,0.8,0.015,"{""BCC_B2#1"": 0.959725475558175, ""C15_LAVES#1"": 0.036723400156609465, ""FCC_L12#1"": 0.000683205247525418, ""HCP_A3#2"": 0.0021632314741668, ""ZRO2_MONO#1"": 0.0007046875635234451}"
0.8,0.09,0.01,0.085,0.015,True,False,0.8,0.015,"{""BCC_B2#1"": 0.9597932783263267, ""C15_LAVES#1"": 0.036647203563147324, ""FCC_L12#1"": 0.0006836552219288091, ""HCP_A3#2"": 0.0021712317674100643, ""ZRO2_MONO#1"": 0.0007046311211871899}"
0.8,0.09,0.015,0.08,0.015,True,False,0.8,0.015,"{""BCC_B2#1"": 0.9598707552250373, ""C15_LAVES#1"": 0.036561085574685265, ""FCC_L12#1"": 0.0006841182097995384, ""HCP_A3#2"": 0.002179479744755844, ""ZRO2_MONO#1"": 0.0007045612457222572}"
0.8,0.09,0.02,0.075,0.015,True,False,0.8,0.015,"{""BCC_B2#1"": 0.9599588139888249, ""C15_LAVES#1"": 0.03646414383659231, ""FCC_L12#1"": 0.0006845938068636094, ""HCP_A3#3"": 0.002187973960474093, ""ZRO2_MONO#1"": 0.0007044744072449856}"
0.8,0.09,0.025,0.07,0.015,True,False,0.8,0.015,"{""BCC_B2#1"": 0.96005844103654, ""C15_LAVES#1"": 0.03635540073562404, ""FCC_L12#1"": 0.000685081609209918, ""HCP_A3#3"": 0.0021967130225932314, ""ZRO2_MONO#1"": 0.0007043635960326404}"
0.8,0.09,0.03,0.065,0.015,True,False,0.8,0.015,"{""BCC_B2#1"": 0.9601707072589235, ""C15_LAVES#1"": 0.03623379374667627, ""FCC_L12#1"": 0.0006855812095604971, ""HCP_A3#3"": 0.0022056956362411654, ""ZRO2_MONO#1"": 0.000704222148598486}"
0.8,0.09,0.035,0.06,0.015,True,False,0.8,0.015,"{""BCC_B2#1"": 0.9602967841573727, ""C15_LAVES#1"": 0.03609816488838135, ""FCC_L12#1"": 0.0006860921993125153, ""HCP_A3#3"": 0.0022149206654731015, ""ZRO2_MONO#1"": 0.0007040380894601722}"
0.8,0.09,0.04,0.055,0.015,True,False,0.8,0.015,"{""BCC_B2#1"": 0.9604379528368565, ""C15_LAVES#1"": 0.03594724937436759, ""FCC_L12#1"": 0.0006866141643275679, ""HCP_A3#3"": 0.002224387175521203, ""ZRO2_MONO#1"": 0.0007037964489271288}"
0.8,0.09,0.045,0.05,0.015,True,False,0.8,0.015,"{""BCC_B2#1"": 0.960595619371941, ""C15_LAVES#1"": 0.03577966351428615, ""FCC_L12#1"": 0.0006871466836929409, ""HCP_A3#3"": 0.0022340944843033264, ""ZRO2_MONO#1"": 0.0007034759457762149}"
0.8,0.09,0.05,0.045,0.015,True,False,0.8,0.015,"{""BCC_B2#1"": 0.960771329302108, ""C15_LAVES#1"": 0.03559389212620964, ""FCC_L12#1"": 0.000687689326514186, ""HCP_A3#3"": 0.0022440422068429923, ""ZRO2_MONO#1"": 0.0007030470383250632}"
0.8,0.09,0.055,0.04,0.015,True,False,0.8,0.015,"{""BCC_B2#1"": 0.9609667858479145, ""C15_LAVES#1"": 0.035388275178064865, ""FCC_L12#1"": 0.0006882416494580649, ""HCP_A3#3"": 0.002254230299680057, ""ZRO2_MONO#1"": 0.0007024670248824783}"
0.8,0.09,0.06,0.035,0.015,True,False,0.8,0.015,"{""BCC_B2#1"": 0.959757565948771, ""C15_LAVES#1"": 0.03584264014122827, ""FCC_L12#1"": 0.000688749549792187, ""HCP_A3#2"": 0.0014458115704572643, ""HCP_A3#3"": 0.002265232789751148}"
0.8,0.09,0.065,0.03,0.015,True,False,0.8,0.015,"{""BCC_B2#1"": 0.9599901641495291, ""C15_LAVES#1"": 0.035592351266627166, ""FCC_L12#1"": 0.0006893002855493187, ""HCP_A3#2"": 0.0014527832417088162, ""HCP_A3#3"": 0.002275401056585793}"
0.8,0.09,0.07,0.025,0.015,True,False,0.8,0.015,"{""BCC_B2#1"": 0.9602484205371413, ""C15_LAVES#1"": 0.03531576122833575, ""FCC_L12#1"": 0.0006898592893897864, ""HCP_A3#2"": 0.0014601638536116592, ""HCP_A3#3"": 0.002285795091521289}"
0.8,0.09,0.075,0.02,0.015,True,False,0.8,0.015,"{""BCC_B2#1"": 0.9605349168195904, ""C15_LAVES#1"": 0.03501038226202483, ""FCC_L12#1"": 0.0006904262535396913, ""HCP_A3#2"": 0.0014678720209292111, ""HCP_A3#3"": 0.0022964026439157258}"
0.8,0.09,0.08,0.015,0.015,True,False,0.8,0.015,"{""BCC_B2#1"": 0.9608525477570828, ""C15_LAVES#1"": 0.03467344936592296, ""FCC_L12#1"": 0.000691000831304424, ""HCP_A3#2"": 0.001475788732532374, ""HCP_A3#3"": 0.0023072133131572664}"
0.8,0.09,0.085,0.01,0.015,True,False,0.8,0.015,"{""BCC_B2#1"": 0.9612045597535996, ""C15_LAVES#1"": 0.03430189417588633, ""FCC_L12#1"": 0.0006915826341586618, ""HCP_A3#2"": 0.0014837456803086977, ""HCP_A3#3"": 0.0023182177560465344}"
0.8,0.09,0.09,0.005,0.015,True,False,0.8,0.015,"{""BCC_B2#1"": 0.9615945976399695, ""C15_LAVES#1"": 0.03389231514599382, ""FCC_L12#1"": 0.0006921712288723601, ""HCP_A3#2"": 0.0014915088496577468, ""HCP_A3#3"": 0.002329407135506612}"
0.8,0.09,0.095,0.0,0.015,True,False,0.8,0.015,"{""BCC_B2#1"": 0.9620267609585132, ""C15_LAVES#1"": 0.033440944419670104, ""FCC_L12#1"": 0.000692766134698551, ""HCP_A3#2"": 0.0014987557935548545, ""HCP_A3#3"": 0.002340772693563257}"
0.8,0.095,0.0,0.09,0.015,True,False,0.8,0.015,"{""BCC_B2#1"": 0.959634226588693, ""C15_LAVES#1"": 0.03683055086499939, ""FCC_L12#1"": 0.0006821809877130201, ""HCP_A3#3"": 0.0021482912775836176, ""ZRO2_MONO#1"": 0.0007047502810108685}"
0.8,0.095,0.005,0.085,0.015,True,False,0.8,0.015,"{""BCC_B2#1"": 0.9596912852251744, ""C15_LAVES#1"": 0.036765292756813436, ""FCC_L12#1"": 0.0006826173741647874, ""HCP_A3#3"": 0.0021561011016291683, ""ZRO2_MONO#1"": 0.0007047035422181683}"
0.8,0.095,0.01,0.08,0.015,True,False,0.8,0.015,"{""BCC_B2#1"": 0.9597573738909873, ""C15_LAVES#1"": 0.036690751000637435, ""FCC_L12#1"": 0.0006830677745924608, ""HCP_A3#2"": 0.002164161490765944, ""ZRO2_MONO#1"": 0.0007046458430168972}"
0.8,0.095,0.015,0.075,0.015,True,False,0.8,0.015,"{""BCC_B2#1"": 0.9598333555774495, ""C15_LAVES#1"": 0.03660606858943977, ""FCC_L12#1"": 0.0006835317317008233, ""HCP_A3#2"": 0.002172470479006216, ""ZRO2_MONO#1"": 0.0007045736224033922}"
0.8,0.095,0.02,0.07,0.015,True,False,0.8,0.015,"{""BCC_B2#1"": 0.9599201628552438, ""C15_LAVES#1"": 0.036510321455249364, ""FCC_L12#1"": 0.0006840087928487893, ""HCP_A3#2"": 0.0021810260892991544, ""ZRO2_MONO#1"": 0.0007044808073587852}"
0.8,0.095,0.025,0.065,0.015,True,False,0.8,0.015,"{""BCC_B2#1"": 0.9600188032616328, ""C15_LAVES#1"": 0.03640250933955055, ""FCC_L12#1"": 0.0006844985068379034, ""HCP_A3#2"": 0.0021898263803903965, ""ZRO2_MONO#1"": 0.0007043625115879029}"
0.8,0.095,0.03,0.06,0.015,True,False,0.8,0.015,"{""BCC_B2#1"": 0.9601303766156853, ""C15_LAVES#1"": 0.03628154519077139, ""FCC_L12#1"": 0.0006850004271414254, ""HCP_A3#3"": 0.0021988695125468158, ""ZRO2_MONO#1"": 0.0007042082538547752}"
0.8,0.095,0.035,0.055,0.015,True,False,0.8,0.015,"{""BCC_B2#1"": 0.9602560822512333, ""C15_LAVES#1"": 0.03614624445500828, ""FCC_L12#1"": 0.0006855141071256184, ""HCP_A3#3"": 0.002208153788378056, ""ZRO2_MONO#1"": 0.0007040053982547564}"
0.8,0.095,0.04,0.05,0.015,True,False,0.8,0.015,"{""BCC_B2#1"": 0.9603972344866684, ""C15_LAVES#1"": 0.03599531308574519, ""FCC_L12#1"": 0.000686039099242786, ""HCP_A3#3"": 0.0022176777047675286, ""ZRO2_MONO#1"": 0.0007037356235761569}"
0.8,0.095,0.045,0.045,0.015,True,False,0.8,0.015,"{""BCC_B2#1"": 0.9605552752348415, ""C15_LAVES#1"": 0.035827335078471426, ""FCC_L12#1"": 0.0006865749508921209, ""HCP_A3#3"": 0.002227439993100808, ""ZRO2_MONO#1"": 0.0007033747426944001}"
0.8,0.095,0.05,0.04,0.015,True,False,0.8,0.015,"{""BCC_B2#1"": 0.960731793131326, ""C15_LAVES#1"": 0.03564075946234975, ""FCC_L12#1"": 0.0006871212031978876, ""HCP_A3#3"": 0.0022374396664646325, ""ZRO2_MONO#1"": 0.0007028865366616691}"
0.8,0.095,0.055,0.035,0.015,True,False,0.8,0.015,"{""BCC_B2#1"": 0.9609285381191564, ""C15_LAVES#1"": 0.03543388688378426, ""FCC_L12#1"": 0.0006876773848624232, ""HCP_A3#3"": 0.0022476760470468856, ""ZRO2_MONO#1"": 0.0007022215651500783}"
0.8,0.095,0.06,0.03,0.015,True,False,0.8,0.015,"{""BCC_B2#1"": 0.9597185049778798, ""C15_LAVES#1"": 0.03588770505786308, ""FCC_L12#1"": 0.0006881732199463608, ""HCP_A3#2"": 0.001447141274291976, ""HCP_A3#3"": 0.0022584754700186735}"
0.8,0.095,0.065,0.025,0.015,True,False,0.8,0.015,"{""BCC_B2#1"": 0.9599534093325499, ""C15_LAVES#1"": 0.03563487887920457, ""FCC_L12#1"": 0.0006887268247485103, ""HCP_A3#2"": 0.0014542623127122016, ""HCP_A3#3"": 0.002268722650784685}"
0.8,0.095,0.07,0.02,0.015,True,False,0.8,0.015,"{""BCC_B2#1"": 0.9602146452068612, ""C15_LAVES#1"": 0.035355099084918906, ""FCC_L12#1"": 0.0006892889420283259, ""HCP_A3#2"": 0.0014617789771862865, ""HCP_A3#3"": 0.002279187789005204}"
0.8,0.095,0.075,0.015,0.015,True,False,0.8,0.015,"{""BCC_B2#1"": 0.9605048934132028, ""C15_LAVES#1"": 0.03504579212371731, ""FCC_L12#1"": 0.000689859261285199, ""HCP_A3#2"": 0.0014695958490171196, ""HCP_A3#3"": 0.0022898593527777063}"
0.8,0.095,0.08,0.01,0.015,True,False,0.8,0.015,"{""BCC_B2#1"": 0.9608271631161855, ""C15_LAVES#1"": 0.03470409670152512, ""FCC_L12#1"": 0.0006904374322269876, ""HCP_A3#2"": 0.0014775754412470624, ""HCP_A3#3"": 0.0023007273088152275}"
0.8,0.095,0.085,0.005,0.015,True,False,0.8,0.015,"{""BCC_B2#1"": 0.9611848338053832, ""C15_LAVES#1"": 0.03432683591012998, ""FCC_L12#1"": 0.0006910230617645588, ""HCP_A3#2"": 0.0014855247830055163, ""HCP_A3#3"": 0.0023117824397167037}"
0.8,0.095,0.09,0.0,0.015,True,False,0.8,0.015,"{""BCC_B2#1"": 0.961581706018619, ""C15_LAVES#1"": 0.033910485730683844, ""FCC_L12#1"": 0.000691615711160071, ""HCP_A3#2"": 0.0014931766841249589, ""HCP_A3#3"": 0.00232301585541201}"
0.8,0.1,0.0,0.085,0.015,True,False,0.8,0.015,"{""BCC_B2#1"": 0.9596090735462233, ""C15_LAVES#1"": 0.03686247877399508, ""FCC_L12#1"": 0.0006816675929086997, ""HCP_A3#3"": 0.0021420191310462474, ""ZRO2_MONO#1"": 0.000704760955826504}"
0.8,0.1,0.005,0.08,0.015,True,False,0.8,0.015,"{""BCC_B2#1"": 0.959664551858704, ""C15_LAVES#1"": 0.036798735432589366, ""FCC_L12#1"": 0.0006821036501381856, ""HCP_A3#3"": 0.0021498957669829613, ""ZRO2_MONO#1"": 0.0007047132915854592}"
0.8,0.1,0.01,0.075,0.015,True,False,0.8,0.015,"{""BCC_B2#1"": 0.9597292858910474, ""C15_LAVES#1"": 0.03672548258441981, ""FCC_L12#1"": 0.0006825543290358521, ""HCP_A3#3"": 0.0021580246949176943, ""ZRO2_MONO#1"": 0.0007046525005794577}"
0.8,0.1,0.015,0.07,0.015,True,False,0.8,0.015,"{""BCC_B2#1"": 0.9598041617515259, ""C15_LAVES#1"": 0.03664183996496525, ""FCC_L12#1"": 0.0006830191094942888, ""HCP_A3#3"": 0.0021664034108614186, ""ZRO2_MONO#1"": 0.0007045757631530675}"
0.8,0.1,0.02,0.065,0.015,True,False,0.8,0.015,"{""BCC_B2#1"": 0.9598901372373618, ""C15_LAVES#1"": 0.03654685975743251, ""FCC_L12#1"": 0.0006834974828640992, ""HCP_A3#3"": 0.002175029399834696, ""ZRO2_MONO#1"": 0.0007044761225066421}"
0.8,0.1,0.025,0.06,0.015,True,False,0.8,0.015,"{""BCC_B2#1"": 0.9599882476059542, ""C15_LAVES#1"": 0.036439516563367004, ""FCC_L12#1"": 0.0006839889480114394, ""HCP_A3#3"": 0.0021839001824645954, ""ZRO2_MONO#1"": 0.0007043467002029527}"
0.8,0.1,0.03,0.055,0.015,True,False,0.8,0.015,"{""BCC_B2#1"": 0.9600996207352672, ""C15_LAVES#1"": 0.036318696553406096, ""FCC_L12#1"": 0.0006844930122666241, ""HCP_A3#3"": 0.0021930133752100286, ""ZRO2_MONO#1"": 0.0007041763238501934}"
0.8,0.1,0.035,0.05,0.015,True,False,0.8,0.015,"{""BCC_B2#1"": 0.9602254879894406, ""C15_LAVES#1"": 0.03618318598092908, ""FCC_L12#1"": 0.000685009187970586, ""HCP_A3#3"": 0.002202366735400462, ""ZRO2_MONO#1"": 0.0007039501062593494}"
0.8,0.1,0.04,0.045,0.015,True,False,0.8,0.015,"{""BCC_B2#1"": 0.9603671998291501, ""C15_LAVES#1"": 0.03603165870951688, ""FCC_L12#1"": 0.0006855369906490055, ""HCP_A3#3"": 0.0022119582092388957, ""ZRO2_MONO#1"": 0.0007036462614449304}"
0.8,0.1,0.045,0.04,0.015,True,False,0.8,0.015,"{""BCC_B2#1"": 0.96052623954928, ""C15_LAVES#1"": 0.03586266353050802, ""FCC_L12#1"": 0.0006860759345277429, ""HCP_A3#3"": 0.002221785969331468, ""ZRO2_MONO#1"": 0.0007032350163527747}"
0.8,0.1,0.05,0.035,0.015,True,False,0.8,0.015,"{""BCC_B2#1"": 0.9607042403830838, ""C15_LAVES#1"": 0.03567461059922969, ""FCC_L12#1"": 0.0006866255284755301, ""HCP_A3#3"": 0.0022318484491704086, ""ZRO2_MONO#1"": 0.0007026750400408796}"
0.8,0.1,0.055,0.03,0.015,True,False,0.8,0.015,"{""BCC_B2#1"": 0.9609030038441111, ""C15_LAVES#1"": 0.03546575795818334, ""FCC_L12#1"": 0.0006871852710613978, ""HCP_A3#3"": 0.002242144369140595, ""ZRO2_MONO#1"": 0.0007019085575035482}"
0.8,0.1,0.06,0.025,0.015,True,False,0.8,0.015,"{""BCC_B2#1"": 0.9596930895937688, ""C15_LAVES#1"": 0.03591798876201917, ""FCC_L12#1"": 0.0006876686260717431, ""HCP_A3#2"": 0.0014484658560950609, ""HCP_A3#3"": 0.0022527871620452097}"
0.8,0.1,0.065,0.02,0.015,True,False,0.8,0.015,"{""BCC_B2#1"": 0.9599311358410697, ""C15_LAVES#1"": 0.035661779527078004, ""FCC_L12#1"": 0.0006882247249911661, ""HCP_A3#2"": 0.0014557439797012047, ""HCP_A3#3"": 0.0022631159271599426}"
0.8,0.1,0.07,0.015,0.015,True,False,0.8,0.015,"{""BCC_B2#1"": 0.9601962655663552, ""C15_LAVES#1"": 0.03537788843880545, ""FCC_L12#1"": 0.0006887895531238888, ""HCP_A3#2"": 0.0014634005609042266, ""HCP_A3#3"": 0.0022736558808112667}"
0.8,0.1,0.075,0.01,0.015,True,False,0.8,0.015,"{""BCC_B2#1"": 0.9604912665744375, ""C15_LAVES#1"": 0.03506364986727747, ""FCC_L12#1"": 0.0006893627968074398, ""HCP_A3#2"": 0.0014713248322573294, ""HCP_A3#3"": 0.0022843959292201204}"
0.8,0.1,0.08,0.005,0.015,True,False,0.8,0.015,"{""BCC_B2#1"": 0.9608192718448089, ""C15_LAVES#1"": 0.03471609895264901, ""FCC_L12#1"": 0.0006899441018735522, ""HCP_A3#2"": 0.0014793588979175928, ""HCP_A3#3"": 0.0022953262027509626}"
0.8,0.1,0.085,0.0,0.015,True,False,0.8,0.015,"{""BCC_B2#1"": 0.9611838050675786, ""C15_LAVES#1"": 0.034331942014940886, ""FCC_L12#1"": 0.0006905330705907927, ""HCP_A3#2"": 0.0014872823918760443, ""HCP_A3#3"": 0.002306437455013559}"
0.8,0.105,0.0,0.08,0.015,True,False,0.8,0.015,"{""BCC_B2#1"": 0.95959016213731, ""C15_LAVES#1"": 0.036887299984179965, ""FCC_L12#1"": 0.0006812199284099955, ""HCP_A3#3"": 0.0021365510128280437, ""ZRO2_MONO#1"": 0.0007047669372722843}"
0.8,0.105,0.005,0.075,0.015,True,False,0.8,0.015,"{""BCC_B2#1"": 0.9596443636554658, ""C15_LAVES#1"": 0.03682476262642853, ""FCC_L12#1"": 0.0006816555791594383, ""HCP_A3#3"": 0.0021445016983313906, ""ZRO2_MONO#1"": 0.0007047164406148778}"
0.8,0.105,0.01,0.07,0.015,True,False,0.8,0.015,"{""BCC_B2#1"": 0.9597080710485182, ""C15_LAVES#1"": 0.036752463845055636, ""FCC_L12#1"": 0.0006821064638631626, ""HCP_A3#2"": 0.002152706656796052, ""ZRO2_MONO#1"": 0.0007046519857669249}"
0.8,0.105,0.015,0.065,0.015,True,False,0.8,0.015,"{""BCC_B2#1"": 0.9597821979877291, ""C15_LAVES#1"": 0.036669498103700744, ""FCC_L12#1"": 0.0006825719940456781, ""HCP_A3#2"": 0.0021611628379876384, ""ZRO2_MONO#1"": 0.0007045690765367309}"
0.8,0.105,0.02,0.06,0.015,True,False,0.8,0.015,"{""BCC_B2#1"": 0.9598677294409592, ""C15_LAVES#1"": 0.03657489160183121, ""FCC_L12#1"": 0.0006830515988244509, ""HCP_A3#2"": 0.002169867180361039, ""ZRO2_MONO#1"": 0.0007044601780238383}"
0.8,0.105,0.025,0.055,0.015,True,False,0.8,0.015,"{""BCC_B2#1"": 0.959965729825074, ""C15_LAVES#1"": 0.036467591712864754, ""FCC_L12#1"": 0.0006835447216041717, ""HCP_A3#2"": 0.0021788166623628873, ""ZRO2_MONO#1"": 0.0007043170780942545}"
0.8,0.105,0.03,0.05,0.015,True,False,0.8,0.015,"{""BCC_B2#1"": 0.9600773586502533, ""C15_LAVES#1"": 0.036346455480655564, ""FCC_L12#1"": 0.0006840508201552402, ""HCP_A3#2"": 0.0021880083613667247, ""ZRO2_MONO#1"": 0.0007041266875693416}"
0.8,0.105,0.035,0.045,0.015,True,False,0.8,0.015,"{""BCC_B2#1"": 0.9602038825266898, ""C15_LAVES#1"": 0.03621023745061869, ""FCC_L12#1"": 0.000684569362630599, ""HCP_A3#2"": 0.0021974394973568664, ""ZRO2_MONO#1"": 0.0007038711627040887}"
0.8,0.105,0.04,0.04,0.015,True,False,0.8,0.015,"{""BCC_B2#1"": 0.960346690015288, ""C15_LAVES#1"": 0.036057576844978845, ""FCC_L12#1"": 0.0006850998239611903, ""HCP_A3#2"": 0.0022071074748238927, ""ZRO2_MONO#1"": 0.0007035258409479041}"
0.8,0.105,0.045,0.035,0.015,True,False,0.8,0.015,"{""BCC_B2#1"": 0.960507309107973, ""C15_LAVES#1"": 0.03588698422403161, ""FCC_L12#1"": 0.000685641682438681, ""HCP_A3#2"": 0.002217009921465528, ""ZRO2_MONO#1"": 0.0007030550640911888}"
0.8,0.105,0.05,0.03,0.015,True,False,0.8,0.015,"{""BCC_B2#1"": 0.9606874229842249, ""C15_LAVES#1"": 0.035696827899793185, ""FCC_L12#1"": 0.000686194413366451, ""HCP_A3#2"": 0.0022271447122122158, ""ZRO2_MONO#1"": 0.0007024099904031243}"
0.8,0.105,0.055,0.025,0.015,True,False,0.8,0.015,"{""BCC_B2#1"": 0.9594632909803874, ""C15_LAVES#1"": 0.036169395418181885, ""FCC_L12#1"": 0.0006866789278781514, ""HCP_A3#2"": 0.0022378351963831026, ""HCP_A3#3"": 0.00144279947716939}"
0.8,0.105,0.06,0.02,0.015,True,False,0.8,0.015,"{""BCC_B2#1"": 0.9596799380832065, ""C15_LAVES#1"": 0.03593500635127006, ""FCC_L12#1"": 0.0006872280142966823, ""HCP_A3#2"": 0.002248031002514767, ""HCP_A3#3"": 0.001449796548712075}"
0.8,0.105,0.065,0.015,0.015,True,False,0.8,0.015,"{""BCC_B2#1"": 0.9599219174922745, ""C15_LAVES#1"": 0.035674613521493884, ""FCC_L12#1"": 0.0006877862997058593, ""HCP_A3#2"": 0.0022584446318948148, ""HCP_A3#3"": 0.0014572380546309033}"
0.8,0.105,0.07,0.01,0.015,True,False,0.8,0.015,"{""BCC_B2#1"": 0.960191809253651, ""C15_LAVES#1"": 0.035385737003724514, ""FCC_L12#1"": 0.0006883535047886506, ""HCP_A3#2"": 0.0022690634172447864, ""HCP_A3#3"": 0.0014650368205909258}"
0.8,0.105,0.075,0.005,0.015,True,False,0.8,0.015,"{""BCC_B2#1"": 0.9604925165067869, ""C15_LAVES#1"": 0.0350656124866966, ""FCC_L12#1"": 0.0006889293124975221, ""HCP_A3#2"": 0.00227987649296625, ""HCP_A3#3"": 0.0014730652010526844}"
0.8,0.105,0.08,0.0,0.015,True,False,0.8,0.015,"{""BCC_B2#1"": 0.9608273059361337, ""C15_LAVES#1"": 0.034711164002384096, ""FCC_L12#1"": 0.0006895133647079172, ""HCP_A3#2"": 0.002290873997770857, ""HCP_A3#3"": 0.0014811426990034137}"
0.8,0.11,0.0,0.075,0.015,True,False,0.8,0.015,"{""BCC_B2#1"": 0.959576766472992, ""C15_LAVES#1"": 0.036905842766820254, ""FCC_L12#1"": 0.0006808305299559894, ""HCP_A3#2"": 0.002131791768933512, ""ZRO2_MONO#1"": 0.0007047684612984721}"
0.8,0.11,0.005,0.07,0.015,True,False,0.8,0.015,"{""BCC_B2#1"": 0.9596299698369025, ""C15_LAVES#1"": 0.036844226846362876, ""FCC_L12#1"": 0.0006812657684224514, ""HCP_A3#2"": 0.0021398230150724987, ""ZRO2_MONO#1"": 0.0007047145332396261}"
0.8,0.11,0.01,0.065,0.015,True,False,0.8,0.015,"{""BCC_B2#1"": 0.9596929546740955, ""C15_LAVES#1"": 0.036772572907589174, ""FCC_L12#1"": 0.0006817168549510154, ""HCP_A3#2"": 0.002148110758456708, ""ZRO2_MONO#1"": 0.000704644804907714}"
0.8,0.11,0.015,0.06,0.015,True,False,0.8,0.015,"{""BCC_B2#1"": 0.9597666634362949, ""C15_LAVES#1"": 0.03668994804328766, ""FCC_L12#1"": 0.0006821831254086288, ""HCP_A3#2"": 0.002156651383179998, ""ZRO2_MONO#1"": 0.0007045540118287087}"
0.8,0.11,0.02,0.055,0.015,True,False,0.8,0.015,"{""BCC_B2#1"": 0.9598521104895724, ""C15_LAVES#1"": 0.03659535042678002, ""FCC_L12#1"": 0.000682663941322343, ""HCP_A3#2"": 0.002165441269592662, ""ZRO2_MONO#1"": 0.0007044338727328499}"
0.8,0.11,0.025,0.05,0.015,True,False,0.8,0.015,"{""BCC_B2#1"": 0.9599503927399873, ""C15_LAVES#1"": 0.03648769812994922, ""FCC_L12#1"": 0.0006831586869776366, ""HCP_A3#2"": 0.002174476849837646, ""ZRO2_MONO#1"": 0.0007042735932481632}"
0.8,0.11,0.03,0.045,0.015,True,False,0.8,0.015,"{""BCC_B2#1"": 0.9600627029688555, ""C15_LAVES#1"": 0.036365816743085096, ""FCC_L12#1"": 0.0006836667663701603, ""HCP_A3#2"": 0.0021837546583068465, ""ZRO2_MONO#1"": 0.0007040588633819389}"
0.8,0.11,0.035,0.04,0.015,True,False,0.8,0.015,"{""BCC_B2#1"": 0.9601903459226443, ""C15_LAVES#1"": 0.036228426723302884, ""FCC_L12#1"": 0.000684187600620661, ""HCP_A3#2"": 0.0021932713801689156, ""ZRO2_MONO#1"": 0.000703768373263055}"
0.8,0.11,0.04,0.035,0.015,True,False,0.8,0.015,"{""BCC_B2#1"": 0.9603347527862552, ""C15_LAVES#1"": 0.03607412997042013, ""FCC_L12#1"": 0.0006847206225308814, ""HCP_A3#2"": 0.0022030238866363487, ""ZRO2_MONO#1"": 0.0007033727341573284}"
0.8,0.11,0.045,0.03,0.015,True,False,0.8,0.015,"{""BCC_B2#1"": 0.9604974986197703, ""C15_LAVES#1"": 0.03590139620343685, ""FCC_L12#1"": 0.0006852652716002091, ""HCP_A3#2"": 0.0022130092666905817, ""ZRO2_MONO#1"": 0.0007028306385018461}"
0.8,0.11,0.05,0.025,0.015,True,False,0.8,0.015,"{""BCC_B2#1"": 0.960680320968742, ""C15_LAVES#1"": 0.03570854903565564, ""FCC_L12#1"": 0.0006858209879120952, ""HCP_A3#2"": 0.0022232248479426286, ""ZRO2_MONO#1"": 0.000702084159747249}"
0.8,0.11,0.055,0.02,0.015,True,False,0.8,0.015,"{""BCC_B2#1"": 0.9594573842011311, ""C15_LAVES#1"": 0.0361785541874987, ""FCC_L12#1"": 0.000686293764121272, ""HCP_A3#2"": 0.0022338040239407667, ""HCP_A3#3"": 0.0014439638233081553}"
0.8,0.11,0.06,0.015,0.015,True,False,0.8,0.015,"{""BCC_B2#1"": 0.9596779229578704, ""C15_LAVES#1"": 0.035939997281151534, ""FCC_L12#1"": 0.0006868446160626857, ""HCP_A3#2"": 0.002244094165282845, ""HCP_A3#3"": 0.0014511409796324442}"
0.8,0.11,0.065,0.01,0.015,True,False,0.8,0.015,"{""BCC_B2#1"": 0.9599245912615963, ""C15_LAVES#1"": 0.03567465660075847, ""FCC_L12#1"": 0.0006874048353149015, ""HCP_A3#2"": 0.002254596286993784, ""HCP_A3#3"": 0.0014587510153362823}"
0.8,0.11,0.07,0.005,0.015,True,False,0.8,0.015,"{""BCC_B2#1"": 0.9602000767465104, ""C15_LAVES#1"": 0.035379958244730454, ""FCC_L12#1"": 0.0006879741395167789, ""HCP_A3#2"": 0.002265298054420878, ""HCP_A3#3"": 0.0014666928148215483}"
0.8,0.11,0.075,0.0,0.015,True,False,0.8,0.015,"{""BCC_B2#1"": 0.9605074066605432, ""C15_LAVES#1"": 0.03505303234978928, ""FCC_L12#1"": 0.000688552208232577, ""HCP_A3#2"": 0.002276188668313097, ""HCP_A3#3"": 0.0014748201131218398}"
0.8,0.115,0.0,0.07,0.015,True,False,0.8,0.015,"{""BCC_B2#1"": 0.959568286449443, ""C15_LAVES#1"": 0.03691879412795328, ""FCC_L12#1"": 0.0006804928975110541, ""HCP_A3#2"": 0.002127660626451133, ""ZRO2_MONO#1"": 0.00070476589864147}"
0.8,0.115,0.005,0.065,0.015,True,False,0.8,0.015,"{""BCC_B2#1"": 0.9596207512745508, ""C15_LAVES#1"": 0.03685783542647876, ""FCC_L12#1"": 0.0006809277827993864, ""HCP_A3#2"": 0.0021357783739058486, ""ZRO2_MONO#1"": 0.0007047071422651377}"
0.8,0.115,0.01,0.06,0.015,True,False,0.8,0.015,"{""BCC_B2#1"": 0.9596832960419056, ""C15_LAVES#1"": 0.03678653835618149, ""FCC_L12#1"": 0.0006813791260706388, ""HCP_A3#2"": 0.002144155073644073, ""ZRO2_MONO#1"": 0.0007046314021982102}"
0.8,0.115,0.015,0.055,0.015,True,False,0.8,0.015,"{""BCC_B2#1"": 0.9597568963727554, ""C15_LAVES#1"": 0.036703940661154705, ""FCC_L12#1"": 0.0006818461831595642, ""HCP_A3#2"": 0.002152786528111829, ""ZRO2_MONO#1"": 0.00070453025481841}"
0.8,0.115,0.02,0.05,0.015,True,False,0.8,0.015,"{""BCC_B2#1"": 0.9598425966372167, ""C15_LAVES#1"": 0.03660901058952383, ""FCC_L12#1"": 0.0006823282422396894, ""HCP_A3#2"": 0.0021616685414435556, ""ZRO2_MONO#1"": 0.000704395989576112}"
0.8,0.115,0.025,0.045,0.015,True,False,0.8,0.015,"{""BCC_B2#1"": 0.9599415276306923, ""C15_LAVES#1"": 0.03650063477243072, ""FCC_L12#1"": 0.0006828246240730961, ""HCP_A3#2"": 0.002170796987487654, ""ZRO2_MONO#1"": 0.0007042159853161582}"
0.8,0.115,0.03,0.04,0.015,True,False,0.8,0.015,"{""BCC_B2#1"": 0.9600549208744266, ""C15_LAVES#1"": 0.036377605162429605, ""FCC_L12#1"": 0.0006833346779548125, ""HCP_A3#2"": 0.0021801678586910404, ""ZRO2_MONO#1"": 0.0007039714264976679}"
0.8,0.115,0.035,0.035,0.015,True,False,0.8,0.015,"{""BCC_B2#1"": 0.9601841195947753, ""C15_LAVES#1"": 0.03623860579414141, ""FCC_L12#1"": 0.0006838577738935114, ""HCP_A3#2"": 0.002189777298396003, ""ZRO2_MONO#1"": 0.0007036395387937095}"
0.8,0.115,0.04,0.03,0.015,True,False,0.8,0.015,"{""BCC_B2#1"": 0.9603306021452317, ""C15_LAVES#1"": 0.03608219872153743, ""FCC_L12#1"": 0.0006843933015360696, ""HCP_A3#2"": 0.0021996216486616627, ""ZRO2_MONO#1"": 0.000703184183033246}"
0.8,0.115,0.045,0.025,0.015,True,False,0.8,0.015,"{""BCC_B2#1"": 0.9604959937009441, ""C15_LAVES#1"": 0.03590681010004012, ""FCC_L12#1"": 0.000684940659454027, ""HCP_A3#2"": 0.002209697461513551, ""ZRO2_MONO#1"": 0.0007025580780481193}"
0.8,0.115,0.05,0.02,0.015,True,False,0.8,0.015,"{""BCC_B2#1"": 0.9606820909511722, ""C15_LAVES#1"": 0.03571071631752497, ""FCC_L12#1"": 0.0006854992515004105, ""HCP_A3#2"": 0.0022200015233911543, ""ZRO2_MONO#1"": 0.0007016919564114597}"
0.8,0.115,0.055,0.015,0.015,True,False,0.8,0.015,"{""BCC_B2#1"": 0.9594610288008603, ""C15_LAVES#1"": 0.03617737656787149, ""FCC_L12#1"": 0.0006859600743132918, ""HCP_A3#2"": 0.002230494910303529, ""HCP_A3#3"": 0.0014451396466512102}"
0.8,0.115,0.06,0.01,0.015,True,False,0.8,0.015,"{""BCC_B2#1"": 0.9596861189795654, ""C15_LAVES#1"": 0.03593398150658674, ""FCC_L12#1"": 0.0006865125076664394, ""HCP_A3#2"": 0.002240882664597883, ""HCP_A3#3"": 0.0014525043415834146}"
0.8,0.115,0.065,0.005,0.015,True,False,0.8,0.015,"{""BCC_B2#1"": 0.9599382037989068, ""C15_LAVES#1"": 0.03566295757010568, ""FCC_L12#1"": 0.0006870744522544728, ""HCP_A3#2"": 0.0022514771004227647, ""HCP_A3#3"": 0.001460287078310194}"
0.8,0.115,0.07,0.0,0.015,True,False,0.8,0.015,"{""BCC_B2#1"": 0.9602200862242365, ""C15_LAVES#1"": 0.03536163067292891, ""FCC_L12#1"": 0.0006876456227974018, ""HCP_A3#2"": 0.002262266039812334, ""HCP_A3#3"": 0.0014683714402247872}"
0.8,0.12,0.0,0.065,0.015,True,False,0.8,0.015,"{""BCC_B2#1"": 0.9595642230848427, ""C15_LAVES#1"": 0.03692672762798646, ""FCC_L12#1"": 0.0006802013666417525, ""HCP_A3#2"": 0.002124088581490506, ""ZRO2_MONO#1"": 0.0007047593390388936}"
0.8,0.12,0.005,0.06,0.015,True,False,0.8,0.015,"{""BCC_B2#1"": 0.9596161912036881, ""C15_LAVES#1"": 0.03686617882200992, ""FCC_L12#1"": 0.0006806360128730893, ""HCP_A3#2"": 0.0021322983145295087, ""ZRO2_MONO#1"": 0.000704695646899416}"
0.8,0.12,0.01,0.055,0.015,True,False,0.8,0.015,"{""BCC_B2#1"": 0.9596785633743733, ""C15_LAVES#1"": 0.03679496844644776, ""FCC_L12#1"": 0.0006810877202440192, ""HCP_A3#2"": 0.00214076968961422, ""ZRO2_MONO#1"": 0.0007046107693205325}"
0.8,0.12,0.015,0.05,0.015,True,False,0.8,0.015,"{""BCC_B2#1"": 0.959752345412889, ""C15_LAVES#1"": 0.036712102874786615, ""FCC_L12#1"": 0.0006815556558160796, ""HCP_A3#2"": 0.0021494978923550963, ""ZRO2_MONO#1"": 0.0007044981641531728}"
0.8,0.12,0.02,0.045,0.015,True,False,0.8,0.015,"{""BCC_B2#1"": 0.9598386174030524, ""C15_LAVES#1"": 0.03661651853898592, ""FCC_L12#1"": 0.0006820390328855678, ""HCP_A3#2"": 0.0021584781403219855, ""ZRO2_MONO#1"": 0.0007043468847538265}"
0.8,0.12,0.025,0.04,0.015,True,False,0.8,0.015,"{""BCC_B2#1"": 0.9599385463864364, ""C15_LAVES#1"": 0.03650706848261305, ""FCC_L12#1"": 0.0006825371055914723, ""HCP_A3#2"": 0.0021677057361173145, ""ZRO2_MONO#1"": 0.0007041422892416563}"
0.8,0.12,0.03,0.035,0.015,True,False,0.8,0.015,"{""BCC_B2#1"": 0.960053402028246, ""C15_LAVES#1"": 0.03638250905499124, ""FCC_L12#1"": 0.0006830491641035437, ""HCP_A3#2"": 0.0021771761154700223, ""ZRO2_MONO#1"": 0.0007038636371893}"
0.8,0.12,0.035,0.03,0.015,True,False,0.8,0.015,"{""BCC_B2#1"": 0.9601845727930719, ""C15_LAVES#1"": 0.036241485402009686, ""FCC_L12#1"": 0.0006835745280948024, ""HCP_A3#2"": 0.002186884882927092, ""ZRO2_MONO#1"": 0.0007034823938962183}"
0.8,0.12,0.04,0.025,0.015,True,False,0.8,0.015,"{""BCC_B2#1"": 0.9603335855843124, ""C15_LAVES#1"": 0.036082517418468005, ""FCC_L12#1"": 0.0006841125413509362, ""HCP_A3#2"": 0.002196827845105872, ""ZRO2_MONO#1"": 0.0007029566107626934}"
0.8,0.12,0.045,0.02,0.015,True,False,0.8,0.015,"{""BCC_B2#1"": 0.9605021200580788, ""C15_LAVES#1"": 0.03590398522207331, ""FCC_L12#1"": 0.0006846625607202257, ""HCP_A3#2"": 0.002207001017517936, ""ZRO2_MONO#1"": 0.000702231141609726}"
0.8,0.12,0.05,0.015,0.015,True,False,0.8,0.015,"{""BCC_B2#1"": 0.9598476285975404, ""C15_LAVES#1"": 0.036110557160775755, ""FCC_L12#1"": 0.0006851656820399286, ""HCP_A3#2"": 0.002217473118875149, ""HCP_A3#3"": 0.000853695772848185, ""ZRO2_MONO#1"": 0.00028547966792037466}"
0.8,0.12,0.055,0.01,0.015,True,False,0.8,0.015,"{""BCC_B2#1"": 0.9594734834008554, ""C15_LAVES#1"": 0.03616668427000429, ""FCC_L12#1"": 0.0006856726254834059, ""HCP_A3#2"": 0.0022278286082934875, ""HCP_A3#3"": 0.001446331095363551}"
0.8,0.12,0.06,0.005,0.015,True,False,0.8,0.015,"{""BCC_B2#1"": 0.959703763086332, ""C15_LAVES#1"": 0.035917802767790316, ""FCC_L12#1"": 0.0006862264902853731, ""HCP_A3#2"": 0.002238317506990372, ""HCP_A3#3"": 0.0014538901486023086}"
0.8,0.12,0.065,0.0,0.015,True,False,0.8,0.015,"{""BCC_B2#1"": 0.9599619701114243, ""C15_LAVES#1"": 0.03564038282557227, ""FCC_L12#1"": 0.0006867899864367377, ""HCP_A3#2"": 0.002249008182856658, ""HCP_A3#3"": 0.0014618488937098348}"
0.8,0.125,0.0,0.06,0.015,True,False,0.8,0.015,"{""BCC_B2#1"": 0.9595641590196032, ""C15_LAVES#1"": 0.03693012487905758, ""FCC_L12#1"": 0.0006799509964191136, ""HCP_A3#2"": 0.002121016325956665, ""ZRO2_MONO#1"": 0.0007047487789631472}"
0.8,0.125,0.005,0.055,0.015,True,False,0.8,0.015,"{""BCC_B2#1"": 0.9596158602183049, ""C15_LAVES#1"": 0.03686975307869429, ""FCC_L12#1"": 0.0006803855663884493, ""HCP_A3#2"": 0.002129323174574762, ""ZRO2_MONO#1"": 0.0007046779620375317}"
0.8,0.125,0.01,0.05,0.015,True,False,0.8,0.015,"{""BCC_B2#1"": 0.9596783098746452, ""C15_LAVES#1"": 0.03679837418104492, ""FCC_L12#1"": 0.0006808377855223072, ""HCP_A3#2"": 0.0021378945793687513, ""ZRO2_MONO#1"": 0.0007045835794189035}"
0.8,0.125,0.015,0.045,0.015,True,False,0.8,0.015,"{""BCC_B2#1"": 0.9597525502854664, ""C15_LAVES#1"": 0.03671496139973283, ""FCC_L12#1"": 0.0006813067306705939, ""HCP_A3#2"": 0.0021467250910012217, ""ZRO2_MONO#1"": 0.0007044564931288652}"
0.8,0.125,0.02,0.04,0.015,True,False,0.8,0.015,"{""BCC_B2#1"": 0.9598396965685084, ""C15_LAVES#1"": 0.03661841725311742, ""FCC_L12#1"": 0.0006817915349393264, ""HCP_A3#2"": 0.0021558093130646136, ""ZRO2_MONO#1"": 0.0007042853303698089}"
0.8,0.125,0.025,0.035,0.015,True,False,0.8,0.015,"{""BCC_B2#1"": 0.9599409553293309, ""C15_LAVES#1"": 0.036507559436842155, ""FCC_L12#1"": 0.0006822913842658762, ""HCP_A3#2"": 0.002165141964154286, ""ZRO2_MONO#1"": 0.0007040518854064887}"
0.8,0.125,0.03,0.03,0.015,True,False,0.8,0.015,"{""BCC_B2#1"": 0.9600576382814203, ""C15_LAVES#1"": 0.03638110631302064, ""FCC_L12#1"": 0.0006828055087321157, ""HCP_A3#2"": 0.002174717914375413, ""ZRO2_MONO#1"": 0.0007037319824516667}"
0.8,0.125,0.035,0.025,0.015,True,False,0.8,0.015,"{""BCC_B2#1"": 0.9601911798398279, ""C15_LAVES#1"": 0.036237662194825104, ""FCC_L12#1"": 0.0006833331750157825, ""HCP_A3#2"": 0.002184532217569005, ""ZRO2_MONO#1"": 0.000703292572761876}"
0.8,0.125,0.04,0.02,0.015,True,False,0.8,0.015,"{""BCC_B2#1"": 0.9603431591241983, ""C15_LAVES#1"": 0.036075702322764885, ""FCC_L12#1"": 0.0006838736801761227, ""HCP_A3#2"": 0.0021945801394711406, ""ZRO2_MONO#1"": 0.0007026847333892385}"
0.8,0.125,0.045,0.015,0.015,True,False,0.8,0.015,"{""BCC_B2#1"": 0.9605153153261238, ""C15_LAVES#1"": 0.03589355850276128, ""FCC_L12#1"": 0.0006844263393605117, ""HCP_A3#2"": 0.002204857157136789, ""ZRO2_MONO#1"": 0.0007018426746177051}"
0.8,0.125,0.05,0.01,0.015,True,False,0.8,0.015,"{""BCC_B2#1"": 0.9592842649606097, ""C15_LAVES#1"": 0.036375235734891494, ""FCC_L12#1"": 0.0006848816266226111, ""HCP_A3#2"": 0.0022153555354638356, ""HCP_A3#3"": 0.0014402621424124387}"
0.8,0.125,0.055,0.005,0.015,True,False,0.8,0.015,"{""BCC_B2#1"": 0.9594941328899055, ""C15_LAVES#1"": 0.03614716123224462, ""FCC_L12#1"": 0.0006854268154869423, ""HCP_A3#2"": 0.0022257380454266426, ""HCP_A3#3"": 0.00144754101693608}"
0.8,0.125,0.06,0.0,0.015,True,False,0.8,0.015,"{""BCC_B2#1"": 0.9597302232271167, ""C15_LAVES#1"": 0.03589216226077677, ""FCC_L12#1"": 0.0006859819878875953, ""HCP_A3#2"": 0.002236331786626181, ""HCP_A3#3"": 0.0014553007375928705}"
0.8,0.13,0.0,0.055,0.015,True,False,0.8,0.015,"{""BCC_B2#1"": 0.9595677431991226, ""C15_LAVES#1"": 0.03692939266880184, ""FCC_L12#1"": 0.0006797374723797641, ""HCP_A3#2"": 0.0021183925936380326, ""ZRO2_MONO#1"": 0.0007047340660577149}"
0.8,0.13,0.005,0.05,0.015,True,False,0.8,0.015,"{""BCC_B2#1"": 0.9596193940856271, ""C15_LAVES#1"": 0.036868977285379446, ""FCC_L12#1"": 0.0006801721669013153, ""HCP_A3#2"": 0.0021268014044585268, ""ZRO2_MONO#1"": 0.0007046550576334627}"
0.8,0.13,0.01,0.045,0.015,True,False,0.8,0.015,"{""BCC_B2#1"": 0.9596821606170568, ""C15_LAVES#1"": 0.036797187427820136, ""FCC_L12#1"": 0.000680625080671046, ""HCP_A3#2"": 0.0021354779191695606, ""ZRO2_MONO#1"": 0.0007045489552826177}"
0.8,0.13,0.015,0.04,0.015,True,False,0.8,0.015,"{""BCC_B2#1"": 0.9597571224286252, ""C15_LAVES#1"": 0.0367129612589223, ""FCC_L12#1"": 0.0006810951959055007, ""HCP_A3#2"": 0.002144416020379598, ""ZRO2_MONO#1"": 0.0007044050961672375}"
0.8,0.13,0.02,0.035,0.015,True,False,0.8,0.015,"{""BCC_B2#1"": 0.9598454331500303, ""C15_LAVES#1"": 0.03661516557240049, ""FCC_L12#1"": 0.0006815815639716857, ""HCP_A3#2"": 0.002153609677129321, ""ZRO2_MONO#1"": 0.0007042100364684062}"
0.8,0.13,0.025,0.03,0.015,True,False,0.8,0.015,"{""BCC_B2#1"": 0.9599483403727747, ""C15_LAVES#1"": 0.03650258070989371, ""FCC_L12#1"": 0.0006820833002389962, ""HCP_A3#2"": 0.0021630530040003745, ""ZRO2_MONO#1"": 0.0007039426130921783}"
0.8,0.13,0.03,0.025,0.015,True,False,0.8,0.015,"{""BCC_B2#1"": 0.960067200188123, ""C15_LAVES#1"": 0.0363738850975249, ""FCC_L12#1"": 0.0006825995734057534, ""HCP_A3#2"": 0.002172740291598777, ""ZRO2_MONO#1"": 0.0007035748493478623}"
0.8,0.13,0.035,0.02,0.015,True,False,0.8,0.015,"{""BCC_B2#1"": 0.9602034975544183, ""C15_LAVES#1"": 0.036227639913759095, ""FCC_L12#1"": 0.0006831295974187956, ""HCP_A3#2"": 0.002182666035799812, ""ZRO2_MONO#1"": 0.0007030668986041061}"
0.8,0.13,0.04,0.015,0.015,True,False,0.8,0.015,"{""BCC_B2#1"": 0.9603588659219875, ""C15_LAVES#1"": 0.03606227366458422, ""FCC_L12#1"": 0.0006836726212010533, ""HCP_A3#2"": 0.0021928249503390413, ""ZRO2_MONO#1"": 0.0007023628418880337}"
0.8,0.13,0.045,0.01,0.015,True,False,0.8,0.015,"{""BCC_B2#1"": 0.9605351084929694, ""C15_LAVES#1"": 0.035876067578609026, ""FCC_L12#1"": 0.0006842279179943721, ""HCP_A3#2"": 0.002203211966529371, ""ZRO2_MONO#1"": 0.0007013840438979143}"
0.8,0.13,0.05,0.005,0.015,True,False,0.8,0.015,"{""BCC_B2#1"": 0.9593071248342632, ""C15_LAVES#1"": 0.03635325779147797, ""FCC_L12#1"": 0.00068467226864806, ""HCP_A3#2"": 0.0022136704615952694, ""HCP_A3#3"": 0.0014412746440155746}"
0.8,0.13,0.055,0.0,0.015,True,False,0.8,0.015,"{""BCC_B2#1"": 0.9595224647617221, ""C15_LAVES#1"": 0.03611937926212274, ""FCC_L12#1"": 0.0006852185851272621, ""HCP_A3#2"": 0.002224166059488262, ""HCP_A3#3"": 0.0014487713315397236}"
0.8,0.135,0.0,0.05,0.015,True,False,0.8,0.015,"{""BCC_B2#1"": 0.9595746787735469, ""C15_LAVES#1"": 0.036924876461016304, ""FCC_L12#1"": 0.000679557022590989, ""HCP_A3#2"": 0.0021161728325344163, ""ZRO2_MONO#1"": 0.0007047149103113131}"
0.8,0.135,0.005,0.045,0.015,True,False,0.8,0.015,"{""BCC_B2#1"": 0.9596264860660617, ""C15_LAVES#1"": 0.0368642073989478, ""FCC_L12#1"": 0.0006799920734835445, ""HCP_A3#2"": 0.002124688236861988, ""ZRO2_MONO#1"": 0.0007046262246447561}"
0.8,0.135,0.01,0.04,0.015,True,False,0.8,0.015,"{""BCC_B2#1"": 0.9596897977528189, ""C15_LAVES#1"": 0.03679177510910614, ""FCC_L12#1"": 0.0006804458907305627, ""HCP_A3#2"": 0.0021334747299975206, ""ZRO2_MONO#1"": 0.0007045065173469045}"
0.8,0.135,0.015,0.035,0.015,True,False,0.8,0.015,"{""BCC_B2#1"": 0.959765733596422, ""C15_LAVES#1"": 0.0367064806603789, ""FCC_L12#1"": 0.0006809173595773333, ""HCP_A3#2"": 0.002142525494048699, ""ZRO2_MONO#1"": 0.0007043428895727685}"
0.8,0.135,0.02,0.03,0.015,True,False,0.8,0.015,"{""BCC_B2#1"": 0.959855487632786, ""C15_LAVES#1"": 0.03660715337738898, ""FCC_L12#1"": 0.0006814054477525563, ""HCP_A3#2"": 0.0021518338370501776, ""ZRO2_MONO#1"": 0.0007041197050222781}"
0.8,0.135,0.025,0.025,0.015,True,False,0.8,0.015,"{""BCC_B2#1"": 0.9599603511639082, ""C15_LAVES#1"": 0.03649253428715315, ""FCC_L12#1"": 0.0006819091992189298, ""HCP_A3#3"": 0.00216139325004802, ""ZRO2_MONO#1"": 0.0007038120996718757}"
0.8,0.135,0.03,0.02,0.015,True,False,0.8,0.015,"{""BCC_B2#1"": 0.9600817267052949, ""C15_LAVES#1"": 0.03636125994803547, ""FCC_L12#1"": 0.0006824277203154662, ""HCP_A3#3"": 0.002171197427262164, ""ZRO2_MONO#1"": 0.0007033881990918606}"
0.8,0.135,0.035,0.015,0.015,True,False,0.8,0.015,"{""BCC_B2#1"": 0.960221153118258, ""C15_LAVES#1"": 0.0362118463359476, ""FCC_L12#1"": 0.0006829601721554194, ""HCP_A3#3"": 0.0021812402945304795, ""ZRO2_MONO#1"": 0.0007028000791086869}"
0.8,0.135,0.04,0.01,0.015,True,False,0.8,0.015,"{""BCC_B2#1"": 0.9603803222720508, ""C15_LAVES#1"": 0.03604267310166815, ""FCC_L12#1"": 0.0006835057557026771, ""HCP_A3#3"": 0.002191516003468006, ""ZRO2_MONO#1"": 0.0007019828671104803}"
0.8,0.135,0.045,0.005,0.015,True,False,0.8,0.015,"{""BCC_B2#1"": 0.9605611033631039, ""C15_LAVES#1"": 0.03585196894566658, ""FCC_L12#1"": 0.0006840637006397658, ""HCP_A3#3"": 0.002202018923676145, ""ZRO2_MONO#1"": 0.0007008450669137891}"
0.8,0.135,0.05,0.0,0.015,True,False,0.8,0.015,"{""BCC_B2#1"": 0.9593367012556071, ""C15_LAVES#1"": 0.03632405024490434, ""FCC_L12#1"": 0.0006844969675706315, ""HCP_A3#2"": 0.00144230023767272, ""HCP_A3#3"": 0.002212451294245181}"
0.8,0.14,0.0,0.045,0.015,True,False,0.8,0.015,"{""BCC_B2#1"": 0.9595847131626519, ""C15_LAVES#1"": 0.03691687107722693, ""FCC_L12#1"": 0.0006794063448543772, ""HCP_A3#3"": 0.0021143181322697355, ""ZRO2_MONO#1"": 0.0007046912829970509}"
0.8,0.14,0.005,0.04,0.015,True,False,0.8,0.015,"{""BCC_B2#1"": 0.9596368750761082, ""C15_LAVES#1"": 0.036855747550477026, ""FCC_L12#1"": 0.000679842007531747, ""HCP_A3#3"": 0.002122944601505547, ""ZRO2_MONO#1"": 0.000704590764377401}"
0.8,0.14,0.01,0.035,0.015,True,False,0.8,0.015,"{""BCC_B2#1"": 0.9597009521922314, ""C15_LAVES#1"": 0.03678245065986318, ""FCC_L12#1"": 0.0006802969570310619, ""HCP_A3#3"": 0.0021318457896742494, ""ZRO2_MONO#1"": 0.0007044544012000713}"
0.8,0.14,0.015,0.03,0.015,True,False,0.8,0.015,"{""BCC_B2#1"": 0.95977810528184, ""C15_LAVES#1"": 0.036695842757287274, ""FCC_L12#1"": 0.0006807699789801128, ""HCP_A3#2"": 0.0021410141397711913, ""ZRO2_MONO#1"": 0.0007042678421213987}"
0.8,0.14,0.02,0.025,0.015,True,False,0.8,0.015,"{""BCC_B2#1"": 0.9598695729444336, ""C15_LAVES#1"": 0.036594713746130623, ""FCC_L12#1"": 0.0006812599577042443, ""HCP_A3#2"": 0.0021504422741600647, ""ZRO2_MONO#1"": 0.0007040110775715475}"
0.8,0.14,0.025,0.02,0.015,True,False,0.8,0.015,"{""BCC_B2#1"": 0.9599766903901227, ""C15_LAVES#1"": 0.03647776355988597, ""FCC_L12#1"": 0.0006817658638319062, ""HCP_A3#2"": 0.0021601230335115537, ""ZRO2_MONO#1"": 0.0007036571526479175}"
0.8,0.14,0.03,0.015,0.015,True,False,0.8,0.015,"{""BCC_B2#1"": 0.9601009112037362, ""C15_LAVES#1"": 0.0363435849672453, ""FCC_L12#1"": 0.0006822867426042275, ""HCP_A3#2"": 0.0021700495020455617, ""ZRO2_MONO#1"": 0.0007031675843684624}"
0.8,0.14,0.035,0.01,0.015,True,False,0.8,0.015,"{""BCC_B2#1"": 0.9602438302840965, ""C15_LAVES#1"": 0.03619064677188309, ""FCC_L12#1"": 0.0006828217017073065, ""HCP_A3#2"": 0.002180215018489072, ""ZRO2_MONO#1"": 0.0007024862238239133}"
0.8,0.14,0.04,0.005,0.015,True,False,0.8,0.015,"{""BCC_B2#1"": 0.960407201429568, ""C15_LAVES#1"": 0.03601727785432995, ""FCC_L12#1"": 0.000683369894204754, ""HCP_A3#2"": 0.002190613158292194, ""ZRO2_MONO#1"": 0.000701537663604979}"
0.8,0.14,0.045,0.0,0.015,True,False,0.8,0.015,"{""BCC_B2#1"": 0.9594556458509544, ""C15_LAVES#1"": 0.03637049351583046, ""FCC_L12#1"": 0.0006838363895149139, ""HCP_A3#2"": 0.0022011455553061763, ""HCP_A3#3"": 0.0011486611451757116, ""ZRO2_MONO#1"": 0.00014021754321838487}"
0.8,0.145,0.0,0.04,0.015,True,False,0.8,0.015,"{""BCC_B2#1"": 0.9595976316437802, ""C15_LAVES#1"": 0.036905629462038445, ""FCC_L12#1"": 0.0006792825450090655, ""HCP_A3#2"": 0.0021127943571228186, ""ZRO2_MONO#1"": 0.0007046619920494108}"
0.8,0.145,0.005,0.035,0.015,True,False,0.8,0.015,"{""BCC_B2#1"": 0.9596503380890895, ""C15_LAVES#1"": 0.03684385859816636, ""FCC_L12#1"": 0.0006797190908413798, ""HCP_A3#2"": 0.0021215362472652515, ""ZRO2_MONO#1"": 0.0007045479746372835}"
0.8,0.145,0.01,0.03,0.015,True,False,0.8,0.015,"{""BCC_B2#1"": 0.9597153922278863, ""C15_LAVES#1"": 0.03676948318425137, ""FCC_L12#1"": 0.0006801754137217552, ""HCP_A3#2"": 0.0021305567400734656, ""ZRO2_MONO#1"": 0.0007043924340672588}"
0.8,0.145,0.015,0.025,0.015,True,False,0.8,0.015,"{""BCC_B2#1"": 0.9597939986665319, ""C15_LAVES#1"": 0.0366813249534133, ""FCC_L12#1"": 0.0006806501989585248, ""HCP_A3#2"": 0.002139847501297649, ""ZRO2_MONO#1"": 0.0007041786797985043}"
0.8,0.145,0.02,0.02,0.015,True,False,0.8,0.015,"{""BCC_B2#1"": 0.9598874409148779, ""C15_LAVES#1"": 0.0365781326840509, ""FCC_L12#1"": 0.0006811422458527862, ""HCP_A3#2"": 0.0021494004328975747, ""ZRO2_MONO#1"": 0.0007038837223210343}"
0.8,0.145,0.025,0.015,0.015,True,False,0.8,0.015,"{""BCC_B2#1"": 0.9599971031193989, ""C15_LAVES#1"": 0.036458563393566235, ""FCC_L12#1"": 0.0006816504535816626, ""HCP_A3#2"": 0.00215920770636404, ""ZRO2_MONO#1"": 0.0007034753270888763}"
0.8,0.145,0.03,0.01,0.015,True,False,0.8,0.015,"{""BCC_B2#1"": 0.9601244923885768, ""C15_LAVES#1"": 0.03632116419460303, ""FCC_L12#1"": 0.0006821738064133517, ""HCP_A3#2"": 0.0021692617755005588, ""ZRO2_MONO#1"": 0.0007029078349061262}"
0.8,0.145,0.035,0.005,0.015,True,False,0.8,0.015,"{""BCC_B2#1"": 0.9602712602535749, ""C15_LAVES#1"": 0.03616435493111537, ""FCC_L12#1"": 0.0006827113573066759, ""HCP_A3#2"": 0.002179555369364528, ""ZRO2_MONO#1"": 0.0007021180886384046}"
0.8,0.145,0.04,0.0,0.015,True,False,0.8,0.015,"{""BCC_B2#1"": 0.9604392279298878, ""C15_LAVES#1"": 0.035986411872218856, ""FCC_L12#1"": 0.0006832622129593771, ""HCP_A3#2"": 0.0021900814745044466, ""ZRO2_MONO#1"": 0.0007010165104296623}"
0.8,0.15,0.0,0.035,0.015,True,False,0.8,0.015,"{""BCC_B2#1"": 0.9596132492571646, ""C15_LAVES#1"": 0.0368913694955759, ""FCC_L12#1"": 0.0006791830815044915, ""HCP_A3#2"": 0.002111571431603903, ""ZRO2_MONO#1"": 0.0007046267341511167}"
0.8,0.15,0.005,0.03,0.015,True,False,0.8,0.015,"{""BCC_B2#1"": 0.9596666840807229, ""C15_LAVES#1"": 0.03682876550870637, ""FCC_L12#1"": 0.0006796207926124249, ""HCP_A3#2"": 0.002120433027018394, ""ZRO2_MONO#1"": 0.0007044965909399251}"
0.8,0.15,0.01,0.025,0.015,True,False,0.8,0.015,"{""BCC_B2#1"": 0.9597329201567391, ""C15_LAVES#1"": 0.036753104773792566, ""FCC_L12#1"": 0.0006800787373550422, ""HCP_A3#2"": 0.002129577370947423, ""ZRO2_MONO#1"": 0.0007043189611657688}"
0.8,0.15,0.015,0.02,0.015,True,False,0.8,0.015,"{""BCC_B2#1"": 0.9598132091009649, ""C15_LAVES#1"": 0.036663166633964836, ""FCC_L12#1"": 0.0006805555010383482, ""HCP_A3#2"": 0.002138995311779818, ""ZRO2_MONO#1"": 0.0007040734522519941}"
0.8,0.15,0.02,0.015,0.015,True,False,0.8,0.015,"{""BCC_B2#1"": 0.9599088816317445, ""C15_LAVES#1"": 0.03655765699764492, ""FCC_L12#1"": 0.0006810497981891472, ""HCP_A3#2"": 0.0021486779979984117, ""ZRO2_MONO#1"": 0.0007037335744227148}"
0.8,0.15,0.025,0.01,0.015,True,False,0.8,0.015,"{""BCC_B2#1"": 0.9600213727061869, ""C15_LAVES#1"": 0.03643518822338692, ""FCC_L12#1"": 0.0006815604567152148, ""HCP_A3#2"": 0.0021586169043511464, ""ZRO2_MONO#1"": 0.0007032617093597839}"
0.8,0.15,0.03,0.005,0.015,True,False,0.8,0.015,"{""BCC_B2#1"": 0.9601522448237517, ""C15_LAVES#1"": 0.036294260108654115, ""FCC_L12#1"": 0.0006820864000502593, ""HCP_A3#2"": 0.002168803830750988, ""ZRO2_MONO#1"": 0.0007026048367929708}"
0.8,0.15,0.035,0.0,0.015,True,False,0.8,0.015,"{""BCC_B2#1"": 0.9603032119123476, ""C15_LAVES#1"": 0.03613324165808992, ""FCC_L12#1"": 0.0006826266287693666, ""HCP_A3#2"": 0.002179230882449795, ""ZRO2_MONO#1"": 0.0007016889183433699}"
0.8,0.155,0.0,0.03,0.015,True,False,0.8,0.015,"{""BCC_B2#1"": 0.959631407410411, ""C15_LAVES#1"": 0.03687427970172217, ""FCC_L12#1"": 0.0006791057199019579, ""HCP_A3#2"": 0.0021106227614067306, ""ZRO2_MONO#1"": 0.0007045844065581905}"
0.8,0.155,0.005,0.025,0.015,True,False,0.8,0.015,"{""BCC_B2#1"": 0.9596857472872257, ""C15_LAVES#1"": 0.036810663090484544, ""FCC_L12#1"": 0.0006795448824359584, ""HCP_A3#2"": 0.0021196083063546203, ""ZRO2_MONO#1"": 0.0007044364334991525}"
0.8,0.155,0.01,0.02,0.015,True,False,0.8,0.015,"{""BCC_B2#1"": 0.959753365369401, ""C15_LAVES#1"": 0.03673351659051634, ""FCC_L12#1"": 0.0006800047007292138, ""HCP_A3#2"": 0.002128881023741059, ""ZRO2_MONO#1"": 0.000704232315612592}"
0.8,0.155,0.015,0.015,0.015,True,False,0.8,0.015,"{""BCC_B2#1"": 0.9598355602956361, ""C15_LAVES#1"": 0.03664157533631563, ""FCC_L12#1"": 0.0006804836588214444, ""HCP_A3#2"": 0.0021384308946654587, ""ZRO2_MONO#1"": 0.000703949814561253}"
0.8,0.155,0.02,0.01,0.015,True,False,0.8,0.015,"{""BCC_B2#1"": 0.9599337129664766, ""C15_LAVES#1"": 0.036533500724900955, ""FCC_L12#1"": 0.00068098038774159, ""HCP_A3#2"": 0.002148248280349931, ""ZRO2_MONO#1"": 0.000703557640530634}"
0.8,0.155,0.025,0.005,0.015,True,False,0.8,0.015,"{""BCC_B2#1"": 0.960049311707073, ""C15_LAVES#1"": 0.036407858826559024, ""FCC_L12#1"": 0.0006814936451811168, ""HCP_A3#2"": 0.002158323930829533, ""ZRO2_MONO#1"": 0.0007030118903574108}"
0.8,0.155,0.03,0.0,0.015,True,False,0.8,0.015,"{""BCC_B2#1"": 0.9601839779273054, ""C15_LAVES#1"": 0.03626310036085207, ""FCC_L12#1"": 0.0006820222951772024, ""HCP_A3#2"": 0.002168648969790701, ""ZRO2_MONO#1"": 0.0007022504468745182}"
0.8,0.16,0.0,0.025,0.015,True,False,0.8,0.015,"{""BCC_B2#1"": 0.9596519679111695, ""C15_LAVES#1"": 0.03685452375939722, ""FCC_L12#1"": 0.0006790484913427042, ""HCP_A3#2"": 0.0021099247487408445, ""ZRO2_MONO#1"": 0.000704535089349946}"
0.8,0.16,0.005,0.02,0.015,True,False,0.8,0.015,"{""BCC_B2#1"": 0.959707386228937, ""C15_LAVES#1"": 0.036789720613779345, ""FCC_L12#1"": 0.0006794893930179051, ""HCP_A3#2"": 0.0021190384854518013, ""ZRO2_MONO#1"": 0.0007043652788139836}"
0.8,0.16,0.01,0.015,0.015,True,False,0.8,0.015,"{""BCC_B2#1"": 0.9597765803665476, ""C15_LAVES#1"": 0.03671089349363314, ""FCC_L12#1"": 0.0006799513342829557, ""HCP_A3#2"": 0.0021284441027470086, ""ZRO2_MONO#1"": 0.0007041307027894321}"
0.8,0.16,0.015,0.01,0.015,True,False,0.8,0.015,"{""BCC_B2#1"": 0.9598608998713478, ""C15_LAVES#1"": 0.03661673163675033, ""FCC_L12#1"": 0.0006804326999405678, ""HCP_A3#2"": 0.002138130670045213, ""ZRO2_MONO#1"": 0.0007038051219161646}"
0.8,0.16,0.02,0.005,0.015,True,False,0.8,0.015,"{""BCC_B2#1"": 0.9599617778843974, ""C15_LAVES#1"": 0.03650585022891543, ""FCC_L12#1"": 0.0006809320385363986, ""HCP_A3#2"": 0.0021480877231012923, ""ZRO2_MONO#1"": 0.0007033521250495846}"
0.8,0.16,0.025,0.0,0.015,True,False,0.8,0.015,"{""BCC_B2#1"": 0.960080758385446, ""C15_LAVES#1"": 0.03637676753008502, ""FCC_L12#1"": 0.0006814480387546513, ""HCP_A3#2"": 0.0021583052568067127, ""ZRO2_MONO#1"": 0.0007027207889076795}"
0.8,0.165,0.0,0.02,0.015,True,False,0.8,0.015,"{""BCC_B2#1"": 0.9596748128613628, ""C15_LAVES#1"": 0.03683224437440396, ""FCC_L12#1"": 0.0006790096602153547, ""HCP_A3#2"": 0.0021094564012134076, ""ZRO2_MONO#1"": 0.0007044767028045098}"
0.8,0.165,0.005,0.015,0.015,True,False,0.8,0.015,"{""BCC_B2#1"": 0.9597314771121106, ""C15_LAVES#1"": 0.03676608586229452, ""FCC_L12#1"": 0.0006794525842177768, ""HCP_A3#2"": 0.002118702591042426, ""ZRO2_MONO#1"": 0.0007042818503346597}"
0.8,0.165,0.01,0.01,0.015,True,False,0.8,0.015,"{""BCC_B2#1"": 0.9598024372465944, ""C15_LAVES#1"": 0.0366853883336822, ""FCC_L12#1"": 0.0006799168931010483, ""HCP_A3#2"": 0.0021282456706041143, ""ZRO2_MONO#1"": 0.0007040118560180344}"
0.8,0.165,0.015,0.005,0.015,True,False,0.8,0.015,"{""BCC_B2#1"": 0.9598890957331931, ""C15_LAVES#1"": 0.03658879342246883, ""FCC_L12#1"": 0.000680400873631876, ""HCP_A3#3"": 0.002138073746280177, ""ZRO2_MONO#1"": 0.0007036362244259483}"
0.8,0.165,0.02,0.0,0.015,True,False,0.8,0.015,"{""BCC_B2#1"": 0.9599929406928898, ""C15_LAVES#1"": 0.03647486860453422, ""FCC_L12#1"": 0.0006809029938016898, ""HCP_A3#3"": 0.002148175489712552, ""ZRO2_MONO#1"": 0.00070311221906179}"
0.8,0.17,0.0,0.015,0.015,True,False,0.8,0.015,"{""BCC_B2#1"": 0.9596998390884622, ""C15_LAVES#1"": 0.03680756622948349, ""FCC_L12#1"": 0.0006789876923701705, ""HCP_A3#3"": 0.002109198994029938, ""ZRO2_MONO#1"": 0.0007044079956545129}"
0.8,0.17,0.005,0.01,0.015,True,False,0.8,0.015,"{""BCC_B2#1"": 0.9597579126566006, ""C15_LAVES#1"": 0.03673988812490162, ""FCC_L12#1"": 0.0006794329150038276, ""HCP_A3#3"": 0.002118581945041685, ""ZRO2_MONO#1"": 0.0007041843584518827}"
0.8,0.17,0.01,0.005,0.015,True,False,0.8,0.015,"{""BCC_B2#1"": 0.9598308245308873, ""C15_LAVES#1"": 0.03665713498922621, ""FCC_L12#1"": 0.0006798998281701008, ""HCP_A3#3"": 0.002128267109849536, ""ZRO2_MONO#1"": 0.0007038735418669597}"
0.8,0.17,0.015,0.0,0.015,True,False,0.8,0.015,"{""BCC_B2#1"": 0.9599200331190367, ""C15_LAVES#1"": 0.036557899195669805, ""FCC_L12#1"": 0.0006803866229049984, ""HCP_A3#3"": 0.0021382415796988062, ""ZRO2_MONO#1"": 0.0007034394826897382}"
0.8,0.175,0.0,0.01,0.015,True,False,0.8,0.015,"{""BCC_B2#1"": 0.9597269559404115, ""C15_LAVES#1"": 0.03678059859472698, ""FCC_L12#1"": 0.0006789812296193114, ""HCP_A3#3"": 0.002109135793058717, ""ZRO2_MONO#1"": 0.0007043284421834286}"
0.8,0.175,0.005,0.005,0.015,True,False,0.8,0.015,"{""BCC_B2#1"": 0.9597865991891207, ""C15_LAVES#1"": 0.03671124088713097, ""FCC_L12#1"": 0.0006794290181690751, ""HCP_A3#3"": 0.0021186598838545566, ""ZRO2_MONO#1"": 0.0007040710217247493}"
0.8,0.175,0.01,0.0,0.015,True,False,0.8,0.015,"{""BCC_B2#1"": 0.9598616464259373, ""C15_LAVES#1"": 0.036626251117403835, ""FCC_L12#1"": 0.0006798987632092406, ""HCP_A3#3"": 0.0021284918445520313, ""ZRO2_MONO#1"": 0.0007037118488975647}"
0.8,0.18,0.0,0.005,0.015,True,False,0.8,0.015,"{""BCC_B2#1"": 0.9597560866804367, ""C15_LAVES#1"": 0.03675143736044651, ""FCC_L12#1"": 0.0006789890700183055, ""HCP_A3#3"": 0.0021092518289470203, ""ZRO2_MONO#1"": 0.0007042350601513158}"
0.8,0.18,0.005,0.0,0.015,True,True,0.8,0.015,{}
0.8,0.185,0.0,0.0,0.015,True,False,0.8,0.015,"{""BCC_B2#1"": 0.9597871625436442, ""C15_LAVES#1"": 0.03672016680473865, ""FCC_L12#1"": 0.0006790101460966684, ""HCP_A3#3"": 0.0021095336919109207, ""ZRO2_MONO#1"": 0.000704126813609962}"
